timestamp,open,high,low,close,volume
1609704000000,0.77027,0.77139,0.76896,0.77109,5762.17
1609718400000,0.77109,0.77209,0.76812,0.77165,20513.79
1609732800000,0.77165,0.77337,0.76894,0.77228,14633.63
1609747200000,0.77228,0.77403,0.77189,0.77224,20957.78
1609761600000,0.77223,0.77261,0.768,0.76842,29636.16
1609776000000,0.76841,0.76843,0.76419,0.76704,28748.57
1609790400000,0.76702,0.76729,0.76544,0.76692,10688.05
1609804800000,0.76692,0.77089,0.76605,0.76988,21118.76
1609819200000,0.76988,0.77238,0.76903,0.77024,21673.54
1609833600000,0.77026,0.77244,0.77025,0.77108,23059.76
1609848000000,0.77109,0.77309,0.76891,0.77267,38268.43
1609862400000,0.77271,0.77773,0.77217,0.77715,23118.92
1609876800000,0.7772,0.77748,0.77519,0.77618,8084.6
1609891200000,0.77621,0.7772,0.77327,0.77484,33312.1
1609905600000,0.77485,0.77989,0.77474,0.77979,23701.3
1609920000000,0.77978,0.78198,0.77826,0.78049,31911.62
1609934400000,0.78046,0.78131,0.77617,0.7771,46419.36
1609948800000,0.77713,0.78026,0.77627,0.77881,36587.56
1609963200000,0.7788,0.7817,0.77849,0.78152,22795.83
1609977600000,0.78152,0.7816,0.77889,0.77956,19297.2
1609992000000,0.77958,0.78007,0.77752,0.77878,16127.81
1610006400000,0.77878,0.77883,0.77328,0.77365,33199.66
1610020800000,0.77368,0.77542,0.77252,0.77479,38593.56
1610035200000,0.77481,0.77639,0.77372,0.7759,20122.74
1610049600000,0.7759,0.77729,0.77514,0.77682,9424.44
1610064000000,0.77683,0.77727,0.77395,0.77633,22892.89
1610078400000,0.77632,0.77886,0.77566,0.77655,19175.3
1610092800000,0.77654,0.77871,0.77525,0.77858,35515.06
1610107200000,0.77858,0.77985,0.77453,0.77816,48557.18
1610121600000,0.77816,0.77844,0.7728,0.7749,43121.51
1610136000000,0.7749,0.77666,0.77462,0.77591,7314.41
1610308800000,0.7755,0.776,0.77115,0.77202,7078.53
1610323200000,0.7721,0.77305,0.76931,0.77065,21038.42
1610337600000,0.77066,0.77111,0.76925,0.76983,18418.39
1610352000000,0.76982,0.77219,0.76979,0.77089,25790.97
1610366400000,0.77089,0.77127,0.76658,0.76922,43723.14
1610380800000,0.76922,0.77157,0.76856,0.7707,19571.68
1610395200000,0.77071,0.77105,0.76939,0.77068,8073.43
1610409600000,0.77067,0.77102,0.76891,0.76975,16974.34
1610424000000,0.76973,0.77319,0.76864,0.77259,15900.91
1610438400000,0.77259,0.77405,0.77121,0.77224,22035.34
1610452800000,0.77224,0.77298,0.76965,0.77251,31304.31
1610467200000,0.7725,0.77718,0.77161,0.77696,23554.82
1610481600000,0.77694,0.77771,0.77646,0.77752,8139.44
1610496000000,0.77752,0.7781,0.77603,0.7765,13732.7
1610510400000,0.77647,0.7779,0.77576,0.7762,11653
1610524800000,0.77618,0.77652,0.77349,0.77383,22689.73
1610539200000,0.77385,0.77546,0.77212,0.77391,34021.84
1610553600000,0.77392,0.77546,0.77261,0.77415,17461.54
1610568000000,0.77418,0.77474,0.77306,0.77461,6649.88
1610582400000,0.77462,0.77549,0.77281,0.77405,16882.21
1610596800000,0.77403,0.77644,0.77396,0.77549,13795.44
1610611200000,0.7755,0.77707,0.77509,0.77629,24918.36
1610625600000,0.77631,0.77743,0.77401,0.77696,32401.09
1610640000000,0.77696,0.78051,0.77672,0.77836,18020.8
1610654400000,0.77835,0.77927,0.77731,0.77752,7416.12
1610668800000,0.77751,0.77883,0.77624,0.77642,16154.99
1610683200000,0.77641,0.77752,0.77421,0.7746,18810.16
1610697600000,0.77461,0.77519,0.77287,0.77358,21102.54
1610712000000,0.77358,0.77382,0.76811,0.77023,41380.53
1610726400000,0.77022,0.77282,0.76949,0.77079,21789.8
1610740800000,0.77079,0.77118,0.76979,0.7698,4253.66
1610913600000,0.77076,0.77102,0.76826,0.76828,4851.16
1610928000000,0.7683,0.77039,0.76787,0.76939,18972.52
1610942400000,0.7694,0.76951,0.76761,0.7679,15164.05
1610956800000,0.7679,0.76844,0.76585,0.76729,26417.5
1610971200000,0.7673,0.76881,0.76666,0.76843,18970.86
1610985600000,0.76843,0.76881,0.76773,0.76806,8361.07
1611000000000,0.76804,0.76864,0.76716,0.76846,8477.63
1611014400000,0.76846,0.77186,0.76842,0.77121,17475.49
1611028800000,0.77122,0.7719,0.77027,0.77159,14384.13
1611043200000,0.7716,0.77248,0.76966,0.77123,22361.38
1611057600000,0.77124,0.77236,0.76977,0.77037,29183.58
1611072000000,0.77036,0.7708,0.76872,0.76942,14507.29
1611086400000,0.76943,0.77136,0.76889,0.77131,5591.34
1611100800000,0.77132,0.77248,0.77,0.77191,13856.23
1611115200000,0.77192,0.77408,0.77133,0.77387,13059.47
1611129600000,0.77387,0.77401,0.77238,0.7725,22398.83
1611144000000,0.77249,0.77604,0.77203,0.77444,31334.89
1611158400000,0.77445,0.77456,0.7732,0.77451,14843.83
1611172800000,0.77449,0.7763,0.77391,0.77544,5652.1
1611187200000,0.77544,0.77768,0.77483,0.77754,12954.07
1611201600000,0.77754,0.77766,0.77556,0.77578,13532.35
1611216000000,0.77578,0.77747,0.7751,0.77736,23774.34
1611230400000,0.77734,0.7782,0.77541,0.77639,36680.1
1611244800000,0.77641,0.77708,0.77411,0.77603,14855.56
1611259200000,0.77604,0.77693,0.77566,0.77593,7978.13
1611273600000,0.77594,0.77686,0.77403,0.77437,16064.41
1611288000000,0.77436,0.77484,0.77254,0.773,12563.82
1611302400000,0.77302,0.77408,0.77062,0.77092,26239.6
1611316800000,0.77089,0.77308,0.77016,0.77201,30594.87
1611331200000,0.77201,0.77272,0.77102,0.77172,20278.66
1611345600000,0.77172,0.77189,0.77093,0.77117,3549.19
1611518400000,0.77158,0.77206,0.77053,0.7713,4415.72
1611532800000,0.77135,0.77345,0.77094,0.77322,15126.9
1611547200000,0.77324,0.7747,0.7732,0.77382,15032.46
1611561600000,0.77381,0.77389,0.77177,0.77285,24974.25
1611576000000,0.77283,0.77331,0.77026,0.77046,32993.48
1611590400000,0.77045,0.77134,0.76824,0.77022,32684.28
1611604800000,0.77023,0.77197,0.77002,0.77143,5839.37
1611619200000,0.77143,0.7717,0.76966,0.77008,10206.28
1611633600000,0.77008,0.77022,0.76686,0.76713,12982.95
1611648000000,0.76712,0.7715,0.76712,0.7712,25894.3
1611662400000,0.7712,0.7754,0.77119,0.77461,31638.72
1611676800000,0.77459,0.77507,0.77318,0.77459,15483.44
1611691200000,0.77459,0.77536,0.77404,0.77529,5343.83
1611705600000,0.77529,0.77635,0.77324,0.7737,13173.51
1611720000000,0.7737,0.77451,0.77289,0.77396,9837.5
1611734400000,0.77396,0.77409,0.77033,0.77084,27504.63
1611748800000,0.77084,0.77127,0.76432,0.76866,56343.14
1611763200000,0.76866,0.77005,0.76612,0.76628,36110.53
1611777600000,0.76629,0.76687,0.7641,0.76478,25110.46
1611792000000,0.76478,0.76537,0.76224,0.76281,28555.63
1611806400000,0.76282,0.76374,0.76021,0.76156,21895.97
1611820800000,0.76158,0.76281,0.75915,0.76021,44083.98
1611835200000,0.76019,0.76761,0.75955,0.76685,56603.62
1611849600000,0.76685,0.76969,0.7666,0.76947,24884.63
1611864000000,0.76946,0.76975,0.7669,0.76703,10656.42
1611878400000,0.76703,0.7677,0.76428,0.76428,17548.62
1611892800000,0.76428,0.7663,0.76362,0.76525,21309.08
1611907200000,0.76527,0.76755,0.76349,0.7669,41991.02
1611921600000,0.7669,0.77036,0.76514,0.76726,59537.8
1611936000000,0.76725,0.76739,0.76309,0.76379,44796.62
1611950400000,0.76381,0.76529,0.76358,0.76405,12579.31
1612123200000,0.76198,0.76302,0.76056,0.76207,9299.38
1612137600000,0.76204,0.76535,0.76196,0.76496,23325.43
1612152000000,0.76496,0.76623,0.76457,0.765,18336.67
1612166400000,0.76498,0.76551,0.762,0.76334,37852.44
1612180800000,0.76333,0.76413,0.76119,0.76184,44008.69
1612195200000,0.76183,0.76455,0.76131,0.76409,22892.71
1612209600000,0.76408,0.76408,0.76172,0.76331,8959.13
1612224000000,0.7633,0.76611,0.76259,0.76328,22493.02
1612238400000,0.76331,0.7634,0.76031,0.76129,14810.27
1612252800000,0.76128,0.76376,0.7595,0.75956,29042.11
1612267200000,0.75955,0.7606,0.75634,0.75778,39899.65
1612281600000,0.7578,0.75917,0.75759,0.75906,18231.76
1612296000000,0.75905,0.76161,0.75889,0.76055,9175.17
1612310400000,0.76054,0.76196,0.76012,0.76109,16131.66
1612324800000,0.76109,0.7626,0.76069,0.76238,11365.43
1612339200000,0.76239,0.76257,0.76013,0.76182,21468.45
1612353600000,0.76182,0.76236,0.76066,0.76126,35455.89
1612368000000,0.76124,0.76256,0.76124,0.76222,15571.08
1612382400000,0.76223,0.76367,0.76156,0.76359,7608.5
1612396800000,0.76359,0.76474,0.76229,0.76258,16336.58
1612411200000,0.76262,0.76333,0.76193,0.76302,16411.6
1612425600000,0.76304,0.7637,0.76069,0.76072,23307.43
1612440000000,0.76073,0.76289,0.75878,0.75986,31602.94
1612454400000,0.75984,0.76019,0.7589,0.76004,11799.32
1612468800000,0.76006,0.76084,0.75925,0.75999,5726.05
1612483200000,0.75999,0.7607,0.75826,0.7592,13885.7
1612497600000,0.7592,0.76082,0.75891,0.76048,9946.82
1612512000000,0.76049,0.76262,0.76028,0.76069,20017.49
1612526400000,0.76068,0.76585,0.7601,0.76572,33782.01
1612540800000,0.76573,0.76703,0.7652,0.76675,14915.71
1612555200000,0.76675,0.7678,0.76648,0.76748,4040.9
1612728000000,0.76679,0.76813,0.76666,0.7678,5625.02
1612742400000,0.76783,0.76799,0.76666,0.76749,12127.06
1612756800000,0.7675,0.76808,0.76712,0.76753,7176.74
1612771200000,0.76752,0.76806,0.76508,0.76551,14359.24
1612785600000,0.76552,0.77145,0.76523,0.77097,22405.54
1612800000000,0.77097,0.77109,0.76933,0.77037,11642.87
1612814400000,0.77036,0.77081,0.76988,0.77079,5267.7
1612828800000,0.77079,0.77311,0.77038,0.77272,12543.12
1612843200000,0.77271,0.77297,0.77164,0.77186,8882.65
1612857600000,0.77186,0.77359,0.77059,0.77203,17342.54
1612872000000,0.77202,0.77278,0.77076,0.77248,27356.66
1612886400000,0.77249,0.774,0.77115,0.77378,14702.93
1612900800000,0.77378,0.77426,0.77317,0.77395,6186.62
1612915200000,0.77395,0.77418,0.77245,0.77395,12707.77
1612929600000,0.77395,0.7749,0.77356,0.77469,8202.28
1612944000000,0.77465,0.77527,0.77187,0.77328,21786.81
1612958400000,0.77328,0.77557,0.77213,0.77325,35319.22
1612972800000,0.77324,0.77377,0.77215,0.77279,23414.62
1612987200000,0.77279,0.77295,0.77169,0.77233,7161.05
1613001600000,0.77233,0.77326,0.77124,0.7732,7884.77
1613016000000,0.77322,0.77521,0.77321,0.77463,8014.74
1613030400000,0.77461,0.77494,0.77333,0.77445,13575.12
1613044800000,0.77443,0.77712,0.77436,0.776,22928.98
1613059200000,0.77601,0.77611,0.77438,0.77484,18180.21
1613073600000,0.77485,0.776,0.77447,0.77513,4495.94
1613088000000,0.77512,0.77553,0.7735,0.77392,6002.8
1613102400000,0.77391,0.77501,0.77363,0.77388,7418.33
1613116800000,0.7739,0.77434,0.77195,0.77253,14112.93
1613131200000,0.77254,0.77506,0.77177,0.77486,17854.7
1613145600000,0.77491,0.77642,0.77448,0.77551,8429.66
1613160000000,0.77552,0.77623,0.7752,0.77592,2338.42
1613332800000,0.77655,0.77674,0.77586,0.77624,3906.54
1613347200000,0.77626,0.77838,0.77592,0.77833,6673.51
1613361600000,0.77833,0.77873,0.77701,0.7777,7233.64
1613376000000,0.77771,0.77865,0.77728,0.77759,11902.07
1613390400000,0.77757,0.77834,0.77676,0.77831,11330.02
1613404800000,0.77831,0.77884,0.77782,0.77826,5523.26
1613419200000,0.77827,0.77884,0.7778,0.7785,3044.18
1613433600000,0.77849,0.78049,0.77829,0.78026,7982.88
1613448000000,0.78027,0.78039,0.7774,0.77774,9363.27
1613462400000,0.77774,0.78008,0.77754,0.7796,13063.16
1613476800000,0.77958,0.77988,0.77443,0.77737,28573.34
1613491200000,0.77738,0.77776,0.77469,0.7762,13289.38
1613505600000,0.77621,0.77636,0.77302,0.7735,7337.15
1613520000000,0.77351,0.77561,0.77331,0.77511,11102.55
1613534400000,0.77509,0.77578,0.77426,0.77441,12625.76
1613548800000,0.77441,0.77716,0.7737,0.77409,18461.63
1613563200000,0.77411,0.77512,0.7724,0.77341,31520.95
1613577600000,0.77341,0.77529,0.77242,0.77483,20643.67
1613592000000,0.77483,0.77582,0.77463,0.77576,4085.52
1613606400000,0.77574,0.77715,0.77472,0.77509,15023.56
1613620800000,0.77509,0.77602,0.77456,0.77584,10294.07
1613635200000,0.77584,0.77823,0.77541,0.77769,19599.35
1613649600000,0.77768,0.77893,0.77307,0.77401,35267.09
1613664000000,0.77402,0.77676,0.77377,0.77666,14718.59
1613678400000,0.77666,0.77728,0.77647,0.77678,5329.58
1613692800000,0.77678,0.77758,0.77572,0.77611,12890.84
1613707200000,0.77612,0.78015,0.7761,0.77976,11303.62
1613721600000,0.77979,0.78431,0.7797,0.78424,23094.53
1613736000000,0.78423,0.78664,0.78417,0.7862,28428.32
1613750400000,0.78619,0.78766,0.78572,0.78647,14200.18
1613764800000,0.78647,0.78709,0.78631,0.78658,3448.5
1613937600000,0.78698,0.78916,0.78654,0.7882,3687.54
1613952000000,0.78819,0.7908,0.78718,0.78775,16511.62
1613966400000,0.78775,0.78865,0.7856,0.78663,14014.72
1613980800000,0.78665,0.78912,0.78549,0.7886,21689.29
1613995200000,0.7886,0.79189,0.78782,0.7905,29366.75
1614009600000,0.79049,0.7929,0.78996,0.79237,12441.73
1614024000000,0.79238,0.79242,0.79111,0.79137,5741.12
1614038400000,0.79138,0.79344,0.79083,0.79141,13249.82
1614052800000,0.79143,0.79235,0.79085,0.79154,9740.24
1614067200000,0.79154,0.79179,0.78897,0.79042,26155.93
1614081600000,0.7904,0.7919,0.788,0.79085,28991.34
1614096000000,0.79082,0.7917,0.78979,0.79107,18847.49
1614110400000,0.79107,0.79177,0.79025,0.79067,5908.06
1614124800000,0.79067,0.79448,0.79043,0.79199,21198.12
1614139200000,0.79201,0.79246,0.79038,0.79161,15756.41
1614153600000,0.79163,0.79285,0.79093,0.79244,23155.69
1614168000000,0.79244,0.79324,0.78948,0.7918,33110.84
1614182400000,0.7918,0.79485,0.79169,0.79424,15204.08
1614196800000,0.79424,0.79778,0.79424,0.79752,8777.14
1614211200000,0.79751,0.79752,0.79522,0.79614,14900.65
1614225600000,0.79617,0.79886,0.79609,0.79878,13996.19
1614240000000,0.79876,0.80068,0.79773,0.79787,25812.4
1614254400000,0.79786,0.79901,0.7951,0.79573,35263.02
1614268800000,0.79574,0.79619,0.78732,0.79034,48576.47
1614283200000,0.79033,0.79061,0.78583,0.78622,20097.66
1614297600000,0.78622,0.78715,0.78229,0.78542,28968.16
1614312000000,0.78543,0.78578,0.78045,0.7824,25657.17
1614326400000,0.78241,0.78451,0.77303,0.77491,35695.55
1614340800000,0.77492,0.77978,0.7738,0.77445,66926.06
1614355200000,0.77446,0.77529,0.77058,0.77081,45862.68
1614369600000,0.77083,0.77146,0.76918,0.77034,11254.08
1614542400000,0.77107,0.77586,0.77067,0.77521,6193.05
1614556800000,0.77523,0.77722,0.77389,0.77538,19939.4
1614571200000,0.77536,0.77729,0.77386,0.77531,14976.97
1614585600000,0.77531,0.77569,0.77213,0.77284,24395.49
1614600000000,0.77282,0.77858,0.77238,0.77824,34844.08
1614614400000,0.77824,0.77864,0.77576,0.77738,21583.69
1614628800000,0.77739,0.77786,0.77645,0.7773,7108.06
1614643200000,0.77729,0.77745,0.77367,0.77628,22333.76
1614657600000,0.77628,0.77684,0.77388,0.77453,19572.95
1614672000000,0.77453,0.78056,0.77353,0.78022,31399.03
1614686400000,0.78022,0.78143,0.7783,0.78123,36940.1
1614700800000,0.78122,0.78339,0.78022,0.78281,25437.97
1614715200000,0.78283,0.78372,0.78122,0.78238,7238.16
1614729600000,0.7824,0.78377,0.7821,0.78246,14386.07
1614744000000,0.78249,0.78379,0.78104,0.78304,10964.49
1614758400000,0.78303,0.7836,0.78066,0.78114,24550.62
1614772800000,0.78115,0.78172,0.77701,0.77967,48537.95
1614787200000,0.7797,0.78116,0.77852,0.77923,28248.88
1614801600000,0.7792,0.77955,0.7752,0.77525,11203.93
1614816000000,0.77526,0.77915,0.77524,0.77824,15816.24
1614830400000,0.77826,0.78147,0.77732,0.78015,15030.86
1614844800000,0.78012,0.78093,0.77669,0.77782,26567.68
1614859200000,0.77782,0.78028,0.77737,0.77992,36937.62
1614873600000,0.77993,0.78113,0.77083,0.77273,64119.39
1614888000000,0.77273,0.77305,0.77041,0.77139,18765.03
1614902400000,0.77134,0.77177,0.76872,0.77148,22476.69
1614916800000,0.77151,0.77262,0.76939,0.7698,20302.74
1614931200000,0.7698,0.77014,0.7652,0.76681,30139.04
1614945600000,0.76679,0.77089,0.76213,0.76621,58980.1
1614960000000,0.76622,0.76912,0.76504,0.76881,42127.21
1614974400000,0.76882,0.76995,0.76754,0.76815,7251.53
1615147200000,0.7691,0.7722,0.769,0.77077,6288.05
1615161600000,0.77076,0.77134,0.76854,0.769,22032.83
1615176000000,0.769,0.77138,0.76691,0.76748,25811.69
1615190400000,0.76747,0.76808,0.76358,0.76581,29318.06
1615204800000,0.76581,0.7685,0.76423,0.76675,50188.73
1615219200000,0.76673,0.76794,0.7652,0.7662,28036.52
1615233600000,0.76618,0.7662,0.76362,0.76552,9888.78
1615248000000,0.76551,0.76622,0.76211,0.76608,27259.1
1615262400000,0.7661,0.76855,0.76433,0.76781,21780.33
1615276800000,0.76782,0.77189,0.76732,0.77083,25975.14
1615291200000,0.77084,0.7714,0.76902,0.76974,37360.57
1615305600000,0.76974,0.77176,0.76934,0.77167,16137.89
1615320000000,0.77164,0.77255,0.77051,0.77149,7170.02
1615334400000,0.77148,0.77148,0.76759,0.76798,17074.78
1615348800000,0.768,0.76953,0.76681,0.76938,14525.09
1615363200000,0.76938,0.77129,0.76812,0.76937,19034.42
1615377600000,0.76934,0.77452,0.76887,0.77117,44498.65
1615392000000,0.77118,0.77403,0.77044,0.77348,28408.54
1615406400000,0.7735,0.77422,0.77293,0.77298,6287.96
1615420800000,0.77298,0.77488,0.77228,0.77441,13822.4
1615435200000,0.77442,0.77768,0.77361,0.77739,13747.04
1615449600000,0.77738,0.77837,0.77643,0.77746,20692.51
1615464000000,0.77743,0.7783,0.77364,0.77648,35314.59
1615478400000,0.77647,0.77903,0.77623,0.77871,18005.37
1615492800000,0.7787,0.77934,0.7778,0.7785,8231.66
1615507200000,0.77851,0.78003,0.77703,0.77794,16782.98
1615521600000,0.77796,0.77858,0.77483,0.77528,18146.6
1615536000000,0.77528,0.77571,0.77299,0.77322,26010.28
1615550400000,0.77322,0.77601,0.77239,0.7749,37668.2
1615564800000,0.7749,0.7775,0.77457,0.77568,18235.49
1615579200000,0.77566,0.77644,0.77545,0.77576,5063.62
1615752000000,0.77497,0.77629,0.77466,0.77613,5394.71
1615766400000,0.77617,0.77752,0.77437,0.77485,18896.76
1615780800000,0.77484,0.77504,0.77204,0.77331,16441.28
1615795200000,0.77334,0.77588,0.77308,0.77338,21085.82
1615809600000,0.77336,0.77398,0.77054,0.77286,30218.32
1615824000000,0.77284,0.77563,0.77266,0.77558,13192.12
1615838400000,0.77558,0.77593,0.77429,0.77475,4423.28
1615852800000,0.77475,0.77554,0.77406,0.77517,12409.44
1615867200000,0.77515,0.77559,0.77205,0.77235,13663.92
1615881600000,0.77234,0.77464,0.77101,0.7744,19088.13
1615896000000,0.7744,0.77557,0.77331,0.77462,29086.44
1615910400000,0.77464,0.77571,0.77399,0.77473,16152.63
1615924800000,0.77472,0.77497,0.77393,0.77457,4895.4
1615939200000,0.77456,0.77459,0.77236,0.7734,12954.47
1615953600000,0.7734,0.77391,0.77261,0.77277,10070.15
1615968000000,0.77278,0.7737,0.77126,0.77132,15703.72
1615982400000,0.77131,0.77312,0.77048,0.77078,26444.07
1615996800000,0.77077,0.78099,0.76987,0.78029,43234.22
1616011200000,0.78026,0.78141,0.77936,0.7814,9845.49
1616025600000,0.78143,0.78356,0.78051,0.78215,22073.35
1616040000000,0.78214,0.78489,0.77954,0.78028,23075.89
1616054400000,0.7803,0.78219,0.77943,0.78025,29823.77
1616068800000,0.78028,0.78074,0.77604,0.77939,40848.51
1616083200000,0.7794,0.78033,0.77489,0.77533,24326.55
1616097600000,0.7753,0.77684,0.77507,0.7752,6255.11
1616112000000,0.77523,0.77552,0.77238,0.77437,16987.79
1616126400000,0.77437,0.77668,0.77381,0.77609,17602.4
1616140800000,0.7761,0.77719,0.77437,0.77555,22455.52
1616155200000,0.77554,0.77602,0.77172,0.77443,51983.73
1616169600000,0.77443,0.77561,0.77429,0.77449,14615.48
1616184000000,0.77448,0.77469,0.77366,0.77369,3127.76
1616356800000,0.77041,0.77296,0.77023,0.77221,6394.98
1616371200000,0.77223,0.77343,0.77044,0.77254,13974.1
1616385600000,0.77254,0.77319,0.77104,0.77189,16009.97
1616400000000,0.7719,0.77469,0.7711,0.77448,21205.1
1616414400000,0.77449,0.77546,0.77293,0.7749,24345.24
1616428800000,0.7749,0.77561,0.77436,0.77467,8720.35
1616443200000,0.77468,0.77478,0.77335,0.77443,5062.48
1616457600000,0.77442,0.77464,0.7708,0.77127,12407.93
1616472000000,0.77128,0.77152,0.76721,0.76888,12740.75
1616486400000,0.76888,0.7693,0.76552,0.76683,25630.44
1616500800000,0.7668,0.76863,0.76667,0.76815,26328.63
1616515200000,0.76816,0.76817,0.76237,0.76262,18678.71
1616529600000,0.76262,0.76339,0.75988,0.76062,7692.21
1616544000000,0.76063,0.76163,0.75935,0.76036,12861.66
1616558400000,0.76035,0.76065,0.75825,0.75932,15043.98
1616572800000,0.75933,0.76279,0.75883,0.76228,19582.71
1616587200000,0.76227,0.76274,0.76013,0.76216,23639.43
1616601600000,0.76217,0.7628,0.75855,0.75873,17870.38
1616616000000,0.75873,0.75916,0.75779,0.75903,5344.15
1616630400000,0.75906,0.76138,0.75861,0.76034,14287.65
1616644800000,0.76035,0.76078,0.7585,0.75874,11450.14
1616659200000,0.75872,0.76125,0.75828,0.75895,19284.18
1616673600000,0.75896,0.7604,0.75627,0.75693,35037.23
1616688000000,0.7569,0.75879,0.75689,0.7579,23864.81
1616702400000,0.75792,0.75945,0.75727,0.75921,5484.61
1616716800000,0.75923,0.76143,0.75873,0.76116,10729.04
1616731200000,0.76116,0.76266,0.76101,0.76209,11419.42
1616745600000,0.76208,0.76262,0.76071,0.76137,15241.57
1616760000000,0.76135,0.76373,0.7606,0.76265,22247.83
1616774400000,0.76265,0.76338,0.76146,0.76333,13110.92
1616788800000,0.76331,0.76439,0.76317,0.76371,1937.38
1616961600000,0.76315,0.76445,0.76299,0.76366,3989.15
1616976000000,0.76366,0.76447,0.76203,0.76358,11748.29
1616990400000,0.76357,0.76464,0.76147,0.76396,14221.47
1617004800000,0.76397,0.76541,0.76246,0.76525,14045.06
1617019200000,0.76524,0.76553,0.76244,0.76427,24626.19
1617033600000,0.76426,0.76448,0.76283,0.76343,12838.74
1617048000000,0.76343,0.7639,0.76299,0.76381,3434.28
1617062400000,0.76383,0.76635,0.76289,0.76561,10432.85
1617076800000,0.76561,0.76575,0.76245,0.76289,15409.07
1617091200000,0.76287,0.76391,0.76004,0.76066,15196.41
1617105600000,0.76062,0.7622,0.75951,0.76066,30452.05
1617120000000,0.76063,0.76076,0.75844,0.75935,9577.43
1617134400000,0.75936,0.76089,0.75909,0.76078,3607.16
1617148800000,0.76079,0.76181,0.75951,0.76043,11901.94
1617163200000,0.76043,0.76163,0.75878,0.76088,14654.69
1617177600000,0.76088,0.76222,0.76069,0.76126,14290.68
1617192000000,0.76125,0.76361,0.76019,0.76116,27950.14
1617206400000,0.76116,0.76202,0.75949,0.75952,11397.97
1617220800000,0.75952,0.75996,0.75891,0.75935,3394.07
1617235200000,0.75936,0.7595,0.75659,0.7571,13081.2
1617249600000,0.75709,0.75732,0.75315,0.75703,20500.27
1617264000000,0.75704,0.75744,0.75562,0.75707,15615.04
1617278400000,0.75706,0.76089,0.75686,0.76034,27095.96
1617292800000,0.76034,0.76186,0.7603,0.76175,9535.94
1617307200000,0.76173,0.76194,0.76132,0.76161,2988.25
1617321600000,0.76162,0.76369,0.76161,0.76302,4410.28
1617336000000,0.76301,0.76336,0.76131,0.76191,3742.74
1617350400000,0.7619,0.76217,0.76086,0.76151,3415.66
1617364800000,0.7615,0.76292,0.75982,0.76011,7441.38
1617379200000,0.76013,0.7604,0.75962,0.75985,7829
1617393600000,0.75982,0.76083,0.75925,0.75976,1385.23
1617566400000,0.76027,0.76205,0.76019,0.76189,6050.04
1617580800000,0.7619,0.76247,0.76135,0.76211,6120.57
1617595200000,0.76209,0.76212,0.7598,0.76142,6534.26
1617609600000,0.76142,0.76292,0.76129,0.76267,7880
1617624000000,0.76267,0.766,0.76252,0.76559,18247.94
1617638400000,0.7656,0.76569,0.76484,0.76509,4874
1617652800000,0.76509,0.76599,0.76456,0.7657,3373.85
1617667200000,0.76566,0.76604,0.76302,0.76327,9105.31
1617681600000,0.76329,0.76555,0.76228,0.76342,13884
1617696000000,0.7634,0.76341,0.76053,0.76252,14555.87
1617710400000,0.7625,0.76618,0.76225,0.76589,23054.44
1617724800000,0.76588,0.76669,0.76496,0.76644,9644.41
1617739200000,0.76645,0.76679,0.76557,0.76659,4103.35
1617753600000,0.76659,0.76765,0.76499,0.76523,13260.39
1617768000000,0.76521,0.7663,0.76312,0.76365,15548.6
1617782400000,0.76364,0.76377,0.76198,0.76295,15804.1
1617796800000,0.76293,0.76454,0.76117,0.76253,26246.06
1617811200000,0.76254,0.76275,0.76002,0.76084,10695.2
1617825600000,0.76085,0.76155,0.76063,0.76131,2929.24
1617840000000,0.76131,0.76237,0.76022,0.76188,10002.98
1617854400000,0.76186,0.76478,0.7618,0.76355,11320.67
1617868800000,0.76355,0.76474,0.76231,0.76468,13480.43
1617883200000,0.76467,0.76493,0.76315,0.76388,27419.33
1617897600000,0.76389,0.76599,0.7638,0.76507,8359.7
1617912000000,0.76507,0.7658,0.7645,0.76561,4108.54
1617926400000,0.76564,0.76606,0.76346,0.76396,11203.83
1617940800000,0.76395,0.76399,0.75876,0.76144,16762.36
1617955200000,0.76142,0.76407,0.76049,0.7634,16003.73
1617969600000,0.7634,0.76345,0.76097,0.76304,24544.95
1617984000000,0.76304,0.76311,0.76226,0.76261,6380.47
1617998400000,0.76261,0.7627,0.76167,0.76168,2028.57
1618171200000,0.76135,0.76274,0.76096,0.7621,3398.83
1618185600000,0.7621,0.76228,0.75945,0.76085,12294.21
1618200000000,0.76086,0.76183,0.75967,0.76128,13528.57
1618214400000,0.7613,0.7635,0.76104,0.76281,14414.02
1618228800000,0.76284,0.76351,0.76113,0.76187,18606.33
1618243200000,0.76189,0.76266,0.7611,0.76193,8361.98
1618257600000,0.76195,0.76302,0.76188,0.76265,3729.44
1618272000000,0.76265,0.7627,0.75989,0.75989,11886.85
1618286400000,0.75988,0.76134,0.75943,0.76078,13519.91
1618300800000,0.76078,0.76218,0.7598,0.76018,17848.55
1618315200000,0.76017,0.7632,0.75846,0.76277,31636.39
1618329600000,0.76278,0.76482,0.76277,0.76472,9725.74
1618344000000,0.76473,0.76527,0.76378,0.76467,4280.18
1618358400000,0.76468,0.76636,0.76342,0.76574,12790.29
1618372800000,0.76574,0.7686,0.76568,0.76768,13912.78
1618387200000,0.76766,0.76954,0.76752,0.76868,17447.85
1618401600000,0.76868,0.77321,0.76798,0.77299,24826.14
1618416000000,0.77298,0.77374,0.77184,0.77289,12513.8
1618430400000,0.77289,0.77292,0.77166,0.77244,4439.31
1618444800000,0.77243,0.77448,0.77077,0.7712,13322.46
1618459200000,0.77119,0.77539,0.77051,0.7752,14316.34
1618473600000,0.77519,0.77606,0.77384,0.7744,15076.95
1618488000000,0.7744,0.77601,0.77382,0.77445,28183.7
1618502400000,0.77448,0.77564,0.7738,0.77562,9473.79
1618516800000,0.77562,0.7757,0.77443,0.77507,3543.96
1618531200000,0.77507,0.77545,0.77237,0.77319,12751.47
1618545600000,0.77318,0.77465,0.77273,0.77439,14078.88
1618560000000,0.77437,0.77588,0.77342,0.77521,15193.86
1618574400000,0.77522,0.77554,0.77295,0.7733,19460.38
1618588800000,0.77329,0.77369,0.77304,0.77314,5593.48
1618603200000,0.77315,0.77361,0.77296,0.77327,1720.78
1618776000000,0.77269,0.77315,0.77127,0.77127,3260.38
1618790400000,0.77129,0.7733,0.77056,0.77289,11655.08
1618804800000,0.77289,0.77667,0.77285,0.77662,15044.56
1618819200000,0.77661,0.77841,0.77631,0.77752,18265.15
1618833600000,0.77754,0.77765,0.77546,0.77574,22101.07
1618848000000,0.77577,0.77644,0.77499,0.77565,9696.57
1618862400000,0.77562,0.77662,0.77503,0.77641,3803.75
1618876800000,0.77643,0.78005,0.77642,0.78004,11395.45
1618891200000,0.77999,0.78155,0.77892,0.78051,17576.42
1618905600000,0.78056,0.78061,0.77633,0.77788,18620.2
1618920000000,0.77788,0.7783,0.7729,0.77408,30393.8
1618934400000,0.77408,0.77461,0.77088,0.77206,11361.43
1618948800000,0.77207,0.77317,0.77169,0.77218,3848.43
1618963200000,0.7722,0.77358,0.77111,0.77162,13946.01
1618977600000,0.77161,0.77235,0.76991,0.77169,15679.01
1618992000000,0.7717,0.77298,0.77102,0.77237,16112.72
1619006400000,0.77236,0.7762,0.7706,0.77538,27996.67
1619020800000,0.77538,0.77566,0.7748,0.77542,7692.95
1619035200000,0.77542,0.77566,0.77471,0.77536,2935.43
1619049600000,0.77536,0.77642,0.77486,0.77533,11849.7
1619064000000,0.77534,0.77619,0.77379,0.77492,14861.97
1619078400000,0.77493,0.77535,0.77388,0.77435,14963.72
1619092800000,0.77434,0.77437,0.7709,0.77238,27953.17
1619107200000,0.77237,0.77338,0.76902,0.77062,23961.6
1619121600000,0.77059,0.77117,0.7691,0.77037,3921.22
1619136000000,0.77039,0.77286,0.76998,0.77286,10179.22
1619150400000,0.77287,0.77442,0.77253,0.77391,13797.91
1619164800000,0.77392,0.7741,0.77266,0.77384,13644.2
1619179200000,0.77385,0.77448,0.77247,0.77372,25507.76
1619193600000,0.77371,0.776,0.77333,0.77562,7390.89
1619208000000,0.77562,0.77571,0.77437,0.77438,1705.22
1619380800000,0.77382,0.77523,0.77382,0.7742,3064.17
1619395200000,0.77421,0.77804,0.77414,0.77737,12628.42
1619409600000,0.77735,0.77804,0.77647,0.77782,14268.59
1619424000000,0.77784,0.77972,0.77721,0.77812,15662.11
1619438400000,0.77812,0.78148,0.77807,0.78007,20449.36
1619452800000,0.78006,0.78065,0.77957,0.78023,7740.54
1619467200000,0.78022,0.78023,0.77941,0.77964,4358.09
1619481600000,0.77962,0.78034,0.77795,0.77836,10470.88
1619496000000,0.77837,0.77995,0.77814,0.77834,12625.79
1619510400000,0.77831,0.7787,0.77653,0.7786,14446.46
1619524800000,0.77859,0.7786,0.77636,0.77739,23147.92
1619539200000,0.77738,0.7775,0.77612,0.77656,8003.94
1619553600000,0.77657,0.77702,0.77617,0.77671,3255.4
1619568000000,0.7767,0.77671,0.77247,0.77408,11101.18
1619582400000,0.77408,0.77495,0.77313,0.77415,10654.91
1619596800000,0.77416,0.77525,0.77366,0.77458,11951.32
1619611200000,0.77458,0.77737,0.77405,0.77671,20068.88
1619625600000,0.77672,0.78007,0.77516,0.77923,22553.31
1619640000000,0.77924,0.78057,0.77821,0.78006,5142.17
1619654400000,0.78005,0.78175,0.77822,0.77851,9819.95
1619668800000,0.77851,0.77968,0.77814,0.77867,12835.12
1619683200000,0.77866,0.7802,0.77728,0.77972,14919.25
1619697600000,0.77973,0.78013,0.77518,0.77576,27581.33
1619712000000,0.77574,0.77767,0.77499,0.77735,9524.86
1619726400000,0.77731,0.77781,0.77602,0.77768,4056.12
1619740800000,0.77768,0.77838,0.77695,0.77798,9651.94
1619755200000,0.77802,0.77833,0.77643,0.77669,11297.68
1619769600000,0.7767,0.77729,0.77544,0.77576,15567.18
1619784000000,0.77575,0.7764,0.77036,0.77148,32350.88
1619798400000,0.77147,0.77189,0.76955,0.77044,10655.17
1619812800000,0.77044,0.77119,0.77043,0.77067,2136.04
1619985600000,0.77197,0.77214,0.77123,0.77197,2890.86
1620000000000,0.77199,0.77326,0.77128,0.77243,7780.27
1620014400000,0.77243,0.77311,0.77058,0.77228,11470.18
1620028800000,0.77229,0.77371,0.77174,0.77334,12686.81
1620043200000,0.77333,0.77647,0.77298,0.7757,23013.11
1620057600000,0.77569,0.77664,0.77493,0.77615,7122.99
1620072000000,0.77614,0.77637,0.77563,0.77578,2816.25
1620086400000,0.77581,0.77605,0.77347,0.77406,7548.32
1620100800000,0.77406,0.77546,0.77113,0.7721,14651.31
1620115200000,0.77211,0.77279,0.76964,0.77063,17672.69
1620129600000,0.77063,0.77221,0.76747,0.76877,35443.19
1620144000000,0.76877,0.77112,0.76858,0.7711,17693.85
1620158400000,0.7711,0.77174,0.77042,0.77128,4200
1620172800000,0.77128,0.77378,0.7711,0.77343,9590.44
1620187200000,0.7734,0.77351,0.77036,0.77177,14465.45
1620201600000,0.77178,0.77416,0.77123,0.7735,15176.03
1620216000000,0.7735,0.77545,0.77267,0.77481,25455.41
1620230400000,0.77485,0.77501,0.77385,0.7747,6046.82
1620244800000,0.7747,0.77535,0.77418,0.77506,2728.82
1620259200000,0.77505,0.77576,0.77006,0.77233,15298.27
1620273600000,0.77233,0.77554,0.7722,0.77391,18476.2
1620288000000,0.7739,0.77579,0.77375,0.77537,17123.03
1620302400000,0.77537,0.7775,0.77383,0.77662,28354.88
1620316800000,0.77663,0.77874,0.77644,0.77873,10098.35
1620331200000,0.77874,0.77879,0.77776,0.77867,3182.4
1620345600000,0.77864,0.77917,0.77726,0.77763,9981.65
1620360000000,0.77762,0.77793,0.77606,0.77673,9947.15
1620374400000,0.77671,0.77812,0.77659,0.77727,13141.2
1620388800000,0.77728,0.78621,0.77661,0.78602,46936.64
1620403200000,0.78602,0.78602,0.78376,0.78492,9870.34
1620417600000,0.78491,0.78492,0.78412,0.78412,1253.4
1620590400000,0.78574,0.78619,0.78447,0.78579,3560.54
1620604800000,0.78579,0.78621,0.78374,0.78444,12506.08
1620619200000,0.78441,0.78643,0.78403,0.78531,14477.56
1620633600000,0.78529,0.78894,0.78517,0.78814,15655.07
1620648000000,0.78813,0.78905,0.78611,0.78743,25778.01
1620662400000,0.78743,0.78749,0.78369,0.7839,11009.98
1620676800000,0.78391,0.78407,0.78264,0.78401,5082.09
1620691200000,0.78402,0.78446,0.78213,0.78323,17229.91
1620705600000,0.78322,0.78414,0.78209,0.78297,16976.45
1620720000000,0.78298,0.78526,0.78278,0.78462,15791.72
1620734400000,0.78462,0.78563,0.78197,0.78424,36256.74
1620748800000,0.78424,0.7848,0.78333,0.78399,13385.51
1620763200000,0.78402,0.78439,0.78361,0.78371,3772.81
1620777600000,0.78375,0.78419,0.77852,0.77864,16353.35
1620792000000,0.77864,0.78164,0.77858,0.78094,16081.69
1620806400000,0.78093,0.78113,0.77919,0.78052,15367.24
1620820800000,0.7805,0.78136,0.7732,0.77337,51342.34
1620835200000,0.77338,0.77462,0.77189,0.7724,22500.8
1620849600000,0.7724,0.7734,0.77212,0.7732,4437.94
1620864000000,0.7732,0.77458,0.77171,0.77218,15700.47
1620878400000,0.77219,0.77367,0.77025,0.77071,20017.92
1620892800000,0.77069,0.77171,0.76879,0.77016,22439.11
1620907200000,0.77019,0.77411,0.76975,0.77217,32229.65
1620921600000,0.77219,0.77372,0.77069,0.77313,22236.95
1620936000000,0.77311,0.77324,0.7722,0.77234,3788.93
1620950400000,0.77237,0.77331,0.77137,0.77215,12806.07
1620964800000,0.77213,0.77461,0.77209,0.77364,15602.17
1620979200000,0.77366,0.77523,0.77298,0.77496,15448.4
1620993600000,0.77496,0.77807,0.77462,0.77758,32951.83
1621008000000,0.77757,0.7787,0.77723,0.77791,9056.38
1621022400000,0.77789,0.77836,0.77756,0.77756,1400.72
1621195200000,0.77687,0.77833,0.77672,0.7778,2435.35
1621209600000,0.77778,0.77781,0.77502,0.7751,12009.97
1621224000000,0.77509,0.77666,0.77446,0.77518,14830
1621238400000,0.77518,0.77622,0.77389,0.77411,12987.96
1621252800000,0.77412,0.77697,0.773,0.77649,31311.08
1621267200000,0.77648,0.77731,0.77609,0.77702,10822.74
1621281600000,0.77704,0.7774,0.77547,0.7773,2848.94
1621296000000,0.7773,0.77967,0.77674,0.77955,10774.4
1621310400000,0.77956,0.78132,0.77833,0.78019,13137.84
1621324800000,0.7802,0.78055,0.77917,0.77993,12363.48
1621339200000,0.77994,0.78094,0.77802,0.77808,28778.5
1621353600000,0.77808,0.78051,0.77784,0.77971,10950.96
1621368000000,0.77971,0.77979,0.77859,0.77873,4317.45
1621382400000,0.77875,0.77972,0.77782,0.77902,13539.84
1621396800000,0.77902,0.77943,0.77601,0.77631,18102.98
1621411200000,0.77632,0.77643,0.77318,0.77402,18637.46
1621425600000,0.774,0.77626,0.77312,0.77524,42476.25
1621440000000,0.77525,0.77615,0.77104,0.77249,31006.65
1621454400000,0.77246,0.77298,0.77169,0.77195,7243.78
1621468800000,0.77196,0.77439,0.7716,0.77388,16478.47
1621483200000,0.77387,0.77625,0.77355,0.77597,14929.39
1621497600000,0.77595,0.77632,0.77339,0.77566,15917.86
1621512000000,0.77566,0.77811,0.77525,0.77778,24084.61
1621526400000,0.7778,0.77786,0.77621,0.7773,10446.32
1621540800000,0.7773,0.77757,0.77638,0.7769,3189.87
1621555200000,0.77689,0.77775,0.77527,0.77566,11497.79
1621569600000,0.77566,0.77607,0.77366,0.77438,13733.46
1621584000000,0.77438,0.77821,0.77403,0.77673,14305.7
1621598400000,0.77676,0.77823,0.7728,0.77301,26427.28
1621612800000,0.773,0.77376,0.77186,0.77329,9486.61
1621627200000,0.7733,0.77362,0.77245,0.77254,2159
1621800000000,0.77278,0.77315,0.77227,0.77248,2461.1
1621814400000,0.77245,0.77364,0.77132,0.7726,11017.12
1621828800000,0.77259,0.77438,0.77242,0.77393,10883.9
1621843200000,0.77394,0.77396,0.77056,0.77257,15535.72
1621857600000,0.77255,0.7755,0.77241,0.77397,16927.35
1621872000000,0.77397,0.77573,0.77381,0.77553,5296.84
1621886400000,0.77554,0.77562,0.77497,0.77503,2627.54
1621900800000,0.77502,0.77607,0.77457,0.77571,12131.25
1621915200000,0.77567,0.77759,0.77496,0.77645,14028.58
1621929600000,0.77642,0.77696,0.77545,0.77662,13323.54
1621944000000,0.77663,0.77717,0.77358,0.77404,25976.4
1621958400000,0.77404,0.77588,0.77326,0.77496,10172.41
1621972800000,0.77495,0.7754,0.77459,0.77497,3148.83
1621987200000,0.77495,0.77895,0.77482,0.77871,16524.62
1622001600000,0.77873,0.77955,0.77712,0.77784,14269.95
1622016000000,0.77784,0.77838,0.77701,0.77713,13137.64
1622030400000,0.7771,0.77738,0.77306,0.77426,24653.45
1622044800000,0.77427,0.77479,0.77371,0.77434,9061.48
1622059200000,0.77432,0.77443,0.77353,0.77392,3454.57
1622073600000,0.7739,0.77425,0.77226,0.77405,10608.61
1622088000000,0.77404,0.77535,0.77369,0.77516,12827.38
1622102400000,0.77519,0.77554,0.77367,0.77466,14004.23
1622116800000,0.77467,0.77571,0.77336,0.77355,30559.87
1622131200000,0.77356,0.77465,0.77273,0.77422,9034.04
1622145600000,0.7742,0.77447,0.77353,0.7742,2959.58
1622160000000,0.7742,0.77468,0.77363,0.7744,9177.44
1622174400000,0.77439,0.77467,0.77138,0.77258,12968.97
1622188800000,0.77259,0.77345,0.769,0.76961,14614.34
1622203200000,0.76961,0.77156,0.76769,0.77045,30446
1622217600000,0.77045,0.77152,0.77037,0.77071,8640.02
1622232000000,0.77071,0.77098,0.77049,0.77078,2568.39
1622404800000,0.77084,0.77147,0.77046,0.77075,1850.34
1622419200000,0.77077,0.77285,0.77001,0.77236,10428.03
1622433600000,0.77238,0.77368,0.77208,0.77331,10271.61
1622448000000,0.77332,0.77391,0.77299,0.77333,12166.77
1622462400000,0.77332,0.77409,0.77318,0.77395,8925.93
1622476800000,0.77395,0.77409,0.77279,0.7732,10363.9
1622491200000,0.7732,0.7746,0.77281,0.7743,5301.44
1622505600000,0.77434,0.7768,0.7738,0.77631,9406.59
1622520000000,0.7763,0.77674,0.77334,0.77629,14738
1622534400000,0.77633,0.77639,0.77304,0.77382,15495.46
1622548800000,0.77379,0.77689,0.77334,0.77638,26276.04
1622563200000,0.77638,0.7764,0.77527,0.77549,8031.5
1622577600000,0.77549,0.77557,0.7745,0.77553,3406.55
1622592000000,0.77554,0.77728,0.77543,0.77608,8928.7
1622606400000,0.7761,0.77612,0.77257,0.77328,13907.29
1622620800000,0.77328,0.77347,0.77148,0.77277,15886.18
1622635200000,0.77277,0.77555,0.77277,0.77507,18579.93
1622649600000,0.77508,0.77553,0.77445,0.77531,5660.22
1622664000000,0.77532,0.77539,0.77422,0.77436,2130.92
1622678400000,0.77438,0.77534,0.77368,0.77442,6347.63
1622692800000,0.77441,0.77458,0.77163,0.77185,10322.5
1622707200000,0.77183,0.77414,0.77166,0.77184,16283.38
1622721600000,0.77184,0.77195,0.76482,0.76511,39384.04
1622736000000,0.76511,0.76592,0.7645,0.7658,8223.41
1622750400000,0.76579,0.76659,0.76487,0.76614,2843.67
1622764800000,0.76616,0.76643,0.76507,0.76588,9604.47
1622779200000,0.76588,0.76706,0.76512,0.76646,9896.49
1622793600000,0.76646,0.76701,0.76571,0.76658,10518.26
1622808000000,0.76656,0.77437,0.76596,0.77412,34582.64
1622822400000,0.77411,0.77448,0.77372,0.77431,5127.02
1622836800000,0.7743,0.77447,0.77368,0.77383,932.4
1623009600000,0.77322,0.77444,0.77222,0.77408,1294.88
1623024000000,0.77408,0.77483,0.77303,0.77351,7659.83
1623038400000,0.77354,0.77473,0.77262,0.77473,9516.25
1623052800000,0.77473,0.77593,0.77392,0.7759,10205.57
1623067200000,0.7759,0.77653,0.77534,0.77638,15294.3
1623081600000,0.77639,0.77648,0.77575,0.77592,4146.02
1623096000000,0.7759,0.77597,0.77521,0.77559,2397.27
1623110400000,0.77557,0.77632,0.77441,0.77463,6903.5
1623124800000,0.77462,0.77538,0.77352,0.77436,8973.31
1623139200000,0.77434,0.77503,0.77345,0.77493,11146.92
1623153600000,0.77494,0.77556,0.77312,0.77398,21904.5
1623168000000,0.77397,0.77434,0.77348,0.77395,5060.01
1623182400000,0.77393,0.77399,0.77333,0.77365,1711.67
1623196800000,0.77364,0.77438,0.77327,0.77352,5405.87
1623211200000,0.77354,0.77522,0.77338,0.77456,6688.03
1623225600000,0.77456,0.77523,0.77415,0.77509,9019.35
1623240000000,0.77508,0.77618,0.77248,0.77298,21345.69
1623254400000,0.77297,0.77383,0.77238,0.77277,8000.84
1623268800000,0.77277,0.7732,0.77254,0.77289,1734.25
1623283200000,0.77288,0.77365,0.77216,0.7735,8082.87
1623297600000,0.77352,0.77424,0.77269,0.77307,13043.99
1623312000000,0.77308,0.77444,0.77275,0.77378,13261.82
1623326400000,0.77378,0.77631,0.77169,0.77511,42654.75
1623340800000,0.77511,0.77594,0.77447,0.77525,9631.08
1623355200000,0.77525,0.77557,0.77467,0.77469,2504.63
1623369600000,0.77472,0.77571,0.7745,0.77519,8750.83
1623384000000,0.77518,0.77753,0.77499,0.77667,11436.99
1623398400000,0.77667,0.7768,0.77314,0.77332,17098.79
1623412800000,0.77333,0.77359,0.76895,0.76947,27227.35
1623427200000,0.7695,0.77058,0.76879,0.77054,9176.08
1623441600000,0.77055,0.77066,0.7701,0.77019,847.85
1623614400000,0.77036,0.77095,0.77036,0.77072,1314.13
1623628800000,0.77073,0.77095,0.76934,0.77005,6165.56
1623643200000,0.77005,0.77137,0.76986,0.77131,12021.62
1623657600000,0.77131,0.77226,0.77018,0.77133,13467.84
1623672000000,0.77135,0.77255,0.77125,0.77161,20698.67
1623686400000,0.7716,0.77171,0.77047,0.77135,4919.14
1623700800000,0.77135,0.77157,0.77088,0.77113,3416.78
1623715200000,0.77114,0.77163,0.76949,0.77061,11250.82
1623729600000,0.77061,0.77156,0.77001,0.77034,12113.11
1623744000000,0.77037,0.7706,0.76847,0.76903,16800.73
1623758400000,0.76902,0.76984,0.76738,0.76752,25293.51
1623772800000,0.76754,0.76859,0.76737,0.76853,10504.93
1623787200000,0.76852,0.76892,0.76834,0.76852,3085.65
1623801600000,0.76855,0.76953,0.7684,0.76938,10260.59
1623816000000,0.76939,0.77029,0.76869,0.76996,14986.93
1623830400000,0.76997,0.77092,0.76981,0.77049,13982.97
1623844800000,0.77051,0.77152,0.77001,0.77106,18088.53
1623859200000,0.77106,0.77139,0.76083,0.76136,52465.86
1623873600000,0.76134,0.76205,0.76043,0.76144,9039.71
1623888000000,0.76143,0.76452,0.75973,0.76263,22176.65
1623902400000,0.76263,0.76351,0.76066,0.76141,20349.82
1623916800000,0.76139,0.76232,0.7563,0.75642,25779.5
1623931200000,0.75641,0.75919,0.75504,0.75542,44614.91
1623945600000,0.75545,0.75601,0.75392,0.75472,20795.13
1623960000000,0.7547,0.7559,0.75465,0.75564,4291.69
1623974400000,0.75563,0.75606,0.7548,0.75525,14213.84
1623988800000,0.75525,0.75525,0.75102,0.75392,24064.82
1624003200000,0.75395,0.75502,0.752,0.75275,23161.55
1624017600000,0.75275,0.75282,0.74784,0.74979,58944.22
1624032000000,0.74979,0.75107,0.74911,0.74918,16467.98
1624046400000,0.74917,0.74938,0.74761,0.74762,2214.31
1624219200000,0.74834,0.75051,0.74796,0.7501,4969.24
1624233600000,0.75008,0.75216,0.74806,0.74909,26117.1
1624248000000,0.74908,0.75071,0.74771,0.74977,26935.04
1624262400000,0.74977,0.75204,0.74923,0.75181,26499.43
1624276800000,0.75182,0.75367,0.75059,0.75271,36969.08
1624291200000,0.75273,0.75457,0.7527,0.75413,11692.93
1624305600000,0.75414,0.75448,0.7532,0.75342,4388.84
1624320000000,0.75342,0.75348,0.75111,0.75153,12434.6
1624334400000,0.75153,0.75216,0.75017,0.75033,18401.11
1624348800000,0.75033,0.75226,0.74936,0.7518,20299.72
1624363200000,0.75179,0.75304,0.75006,0.75269,26075.09
1624377600000,0.75267,0.7564,0.75258,0.75549,12815.3
1624392000000,0.7555,0.75598,0.75485,0.75537,4710.52
1624406400000,0.75537,0.75584,0.75374,0.75466,13004.86
1624420800000,0.75467,0.75568,0.75381,0.75527,18621.54
1624435200000,0.75526,0.75794,0.75514,0.75751,24913.82
1624449600000,0.75751,0.75986,0.7573,0.75877,26208.76
1624464000000,0.75876,0.75878,0.75662,0.75715,10274.56
1624478400000,0.75715,0.75792,0.75704,0.75727,4014.62
1624492800000,0.75729,0.75783,0.75666,0.75739,10686.6
1624507200000,0.75737,0.7586,0.75651,0.7572,15701.85
1624521600000,0.7572,0.7584,0.75684,0.75779,22843.44
1624536000000,0.75778,0.75911,0.75685,0.75722,33765.96
1624550400000,0.75724,0.75884,0.75722,0.75865,10387.94
1624564800000,0.75864,0.75883,0.75802,0.75813,4758.64
1624579200000,0.75813,0.75942,0.75792,0.75924,11286.19
1624593600000,0.75924,0.76025,0.75874,0.76002,12708.06
1624608000000,0.76002,0.76021,0.75862,0.75927,16487.98
1624622400000,0.75929,0.76162,0.75923,0.75943,37237.42
1624636800000,0.75943,0.75969,0.75818,0.75955,7982.74
1624651200000,0.75955,0.75983,0.75855,0.75895,1570.41
1624824000000,0.75738,0.7595,0.75735,0.75941,3302.75
1624838400000,0.7594,0.75944,0.75764,0.75861,11051.81
1624852800000,0.75859,0.76013,0.75846,0.75896,14028.96
1624867200000,0.75899,0.75913,0.75583,0.75597,17797.27
1624881600000,0.75597,0.75792,0.75541,0.75728,25547.2
1624896000000,0.75728,0.75733,0.75603,0.7565,7614.59
1624910400000,0.7565,0.75685,0.75636,0.75677,2219.66
1624924800000,0.75678,0.75702,0.75492,0.75547,11358.46
1624939200000,0.75548,0.75642,0.75449,0.75464,12868.23
1624953600000,0.75465,0.75478,0.75131,0.75158,18674.81
1624968000000,0.75158,0.75264,0.75071,0.75163,27667.14
1624982400000,0.75162,0.75179,0.75078,0.75114,6627.72
1624996800000,0.75113,0.75147,0.7508,0.75129,3340.53
1625011200000,0.75131,0.75239,0.75106,0.75229,9280.28
1625025600000,0.75229,0.75267,0.75136,0.75167,12423.76
1625040000000,0.75167,0.75173,0.74962,0.75052,17903.41
1625054400000,0.75051,0.75126,0.74914,0.74953,29403.84
1625068800000,0.74952,0.75041,0.74937,0.74978,10857.8
1625083200000,0.74981,0.7501,0.74937,0.7497,3741.34
1625097600000,0.7497,0.7497,0.74843,0.7491,9362.9
1625112000000,0.74911,0.75035,0.74757,0.7494,13641.04
1625126400000,0.74943,0.75019,0.74776,0.75016,20644.42
1625140800000,0.75017,0.75074,0.74617,0.7471,32957.52
1625155200000,0.7471,0.74755,0.74599,0.74663,8747.66
1625169600000,0.74661,0.74717,0.74625,0.7465,3717.25
1625184000000,0.7465,0.74687,0.74599,0.7463,9568.57
1625198400000,0.7463,0.74703,0.74499,0.74523,10998.48
1625212800000,0.74521,0.74673,0.74485,0.74636,17111.2
1625227200000,0.74636,0.75005,0.74441,0.7497,42871.17
1625241600000,0.74968,0.75326,0.74926,0.75279,8181.86
1625256000000,0.75281,0.75299,0.75218,0.75218,1824.47
1625428800000,0.75204,0.75287,0.75171,0.75176,4064.93
1625443200000,0.75176,0.75231,0.75085,0.75116,10086.39
1625457600000,0.75117,0.75311,0.75084,0.7529,13226.06
1625472000000,0.75291,0.75369,0.75258,0.75302,12509.81
1625486400000,0.75302,0.75326,0.75171,0.75317,13266.71
1625500800000,0.75318,0.75343,0.75275,0.7532,13506.07
1625515200000,0.75318,0.75472,0.7527,0.754,4740.78
1625529600000,0.75401,0.75687,0.75372,0.75673,12080.76
1625544000000,0.75674,0.75985,0.75434,0.75796,23734.74
1625558400000,0.75795,0.75848,0.75669,0.75737,21142.02
1625572800000,0.75737,0.758,0.74868,0.74974,44006.82
1625587200000,0.74975,0.75002,0.74803,0.74936,13057.17
1625601600000,0.74937,0.74972,0.74886,0.74942,3806.5
1625616000000,0.74943,0.74958,0.74824,0.74913,13576.88
1625630400000,0.74914,0.75123,0.74907,0.75089,13994.44
1625644800000,0.75089,0.75259,0.74986,0.75233,16006.74
1625659200000,0.75232,0.75335,0.74623,0.74838,34574.06
1625673600000,0.74839,0.75066,0.74777,0.74829,20037.35
1625688000000,0.74828,0.74884,0.74793,0.74829,3905.36
1625702400000,0.74828,0.74835,0.74544,0.74635,17089.91
1625716800000,0.74634,0.74676,0.74249,0.74391,28301.06
1625731200000,0.7439,0.74438,0.74175,0.74223,47867.61
1625745600000,0.74223,0.74505,0.7416,0.74365,58907.71
1625760000000,0.74365,0.7443,0.74199,0.74294,16897.98
1625774400000,0.74293,0.74371,0.74239,0.74325,5588.38
1625788800000,0.74327,0.74388,0.74093,0.74229,20089.21
1625803200000,0.74229,0.74437,0.74151,0.74391,25347.91
1625817600000,0.74392,0.74714,0.74361,0.74652,25075.26
1625832000000,0.74654,0.74875,0.74653,0.74781,32146.91
1625846400000,0.74781,0.74925,0.74781,0.74925,8361.12
1625860800000,0.74925,0.74937,0.74867,0.74904,2105.58
1626033600000,0.74779,0.74926,0.74776,0.74891,3924.14
1626048000000,0.7489,0.74896,0.74683,0.74708,15043.59
1626062400000,0.74708,0.74765,0.74607,0.74687,15379.47
1626076800000,0.74687,0.74755,0.74478,0.74524,20728.06
1626091200000,0.74524,0.74956,0.74524,0.74893,29344.12
1626105600000,0.74892,0.74901,0.74702,0.74808,8533.41
1626120000000,0.74807,0.74819,0.74754,0.74772,3730.18
1626134400000,0.74773,0.75026,0.74773,0.74943,11727.21
1626148800000,0.74947,0.74958,0.74842,0.74848,17318.67
1626163200000,0.74849,0.74873,0.74714,0.74788,13684.29
1626177600000,0.74787,0.74806,0.74258,0.74712,48148.24
1626192000000,0.74714,0.74738,0.74418,0.74438,14692.34
1626206400000,0.74436,0.74494,0.74389,0.74393,3818.21
1626220800000,0.7439,0.74664,0.74358,0.74586,17656.43
1626235200000,0.74587,0.74712,0.74502,0.74502,16545.06
1626249600000,0.74505,0.74608,0.74306,0.74606,21618.53
1626264000000,0.74607,0.74855,0.74598,0.74678,45047.56
1626278400000,0.74679,0.74855,0.74675,0.74789,15948.65
1626292800000,0.74789,0.74871,0.74777,0.74802,4497.82
1626307200000,0.74802,0.74824,0.74528,0.74616,18386.52
1626321600000,0.74615,0.74843,0.74574,0.74683,17272.33
1626336000000,0.74683,0.74802,0.74445,0.74474,22229.14
1626350400000,0.74477,0.74496,0.7433,0.74343,32801.89
1626364800000,0.74342,0.74361,0.74099,0.74213,14638.1
1626379200000,0.74211,0.74377,0.74183,0.74222,6657.57
1626393600000,0.74225,0.74381,0.74142,0.74371,11425.08
1626408000000,0.74371,0.74398,0.74219,0.74278,13412.46
1626422400000,0.74275,0.74423,0.74152,0.74163,16756.72
1626436800000,0.74166,0.74232,0.73978,0.74086,34965.12
1626451200000,0.74088,0.74158,0.73917,0.73953,12052.37
1626465600000,0.73952,0.74004,0.73921,0.7393,1379.95
1626638400000,0.73991,0.74082,0.73848,0.73877,4630.19
1626652800000,0.73878,0.73887,0.73722,0.73862,12334.98
1626667200000,0.73863,0.73888,0.73622,0.7367,16272.47
1626681600000,0.73671,0.73753,0.73386,0.73452,27340.3
1626696000000,0.73451,0.73682,0.73277,0.73432,53456.22
1626710400000,0.73432,0.73432,0.73213,0.73365,23899.81
1626724800000,0.73369,0.73468,0.73335,0.73367,5605.64
1626739200000,0.73366,0.73567,0.73214,0.73233,15001.07
1626753600000,0.73235,0.73335,0.73102,0.73147,20944.09
1626768000000,0.73146,0.73343,0.73132,0.73297,25204.3
1626782400000,0.73298,0.73325,0.72993,0.73243,38101.71
1626796800000,0.73244,0.7335,0.73216,0.73302,11407.3
1626811200000,0.73303,0.73386,0.73266,0.73381,3845.77
1626825600000,0.73381,0.734,0.73021,0.73127,12978.36
1626840000000,0.73128,0.7314,0.7289,0.73038,17663.88
1626854400000,0.73037,0.73214,0.72967,0.73142,20159.74
1626868800000,0.7314,0.73599,0.73113,0.73553,26665.35
1626883200000,0.73552,0.73622,0.73465,0.73596,7987.73
1626897600000,0.73596,0.73613,0.73411,0.73512,3414.22
1626912000000,0.73511,0.7359,0.73417,0.73568,8171.18
1626926400000,0.73568,0.73793,0.73539,0.73681,13403.39
1626940800000,0.7368,0.73872,0.73613,0.73831,19347.91
1626955200000,0.73833,0.73971,0.73549,0.7363,46190.75
1626969600000,0.73632,0.73886,0.7357,0.73832,10786.81
1626984000000,0.73833,0.7399,0.73607,0.73799,3778.91
1626998400000,0.738,0.73895,0.73752,0.73756,7825.72
1627012800000,0.73757,0.7378,0.73585,0.73679,15107.7
1627027200000,0.73678,0.7383,0.73624,0.7374,19459.33
1627041600000,0.7374,0.73878,0.73565,0.73626,25569.77
1627056000000,0.73626,0.73725,0.73624,0.73673,6086.83
1627070400000,0.7367,0.73703,0.73611,0.73624,1708.19
1627243200000,0.73624,0.73721,0.73552,0.73674,2063.39
1627257600000,0.73676,0.73694,0.73455,0.73483,12561.59
1627272000000,0.73485,0.73541,0.73372,0.7344,19888.88
1627286400000,0.73441,0.73625,0.73301,0.73619,20532.09
1627300800000,0.73619,0.73902,0.73496,0.73854,28058.69
1627315200000,0.73851,0.73854,0.73766,0.73842,7376.59
1627329600000,0.7384,0.73878,0.73772,0.73835,4763.96
1627344000000,0.73835,0.73883,0.73703,0.73809,11507.38
1627358400000,0.73811,0.73824,0.73396,0.73489,19187.92
1627372800000,0.73489,0.73654,0.73367,0.73648,18899.53
1627387200000,0.73652,0.73844,0.7345,0.7367,40093.44
1627401600000,0.73672,0.73673,0.73565,0.73645,13907.19
1627416000000,0.73643,0.73672,0.73565,0.73656,4570.48
1627430400000,0.73656,0.73756,0.73519,0.73589,15035.97
1627444800000,0.7359,0.73643,0.73433,0.73474,15763.42
1627459200000,0.73471,0.73556,0.73342,0.73426,17099.65
1627473600000,0.73427,0.73478,0.73228,0.73474,29303.61
1627488000000,0.73475,0.7381,0.73164,0.73725,42036.46
1627502400000,0.73722,0.73788,0.73648,0.73764,7632.04
1627516800000,0.73764,0.73816,0.73589,0.73759,15167.1
1627531200000,0.73759,0.7395,0.73748,0.73926,15402.45
1627545600000,0.73924,0.74131,0.73867,0.73911,16000.93
1627560000000,0.73912,0.74095,0.73766,0.73995,26900.24
1627574400000,0.73995,0.74021,0.73906,0.73978,7713.52
1627588800000,0.73978,0.7403,0.73913,0.73955,4593.64
1627603200000,0.73953,0.73984,0.73799,0.73874,15945.57
1627617600000,0.73875,0.73924,0.7375,0.73909,15368.42
1627632000000,0.73908,0.74041,0.73633,0.73661,18002.21
1627646400000,0.73663,0.73753,0.73437,0.73502,32727.1
1627660800000,0.73502,0.73507,0.73306,0.73372,11705.64
1627675200000,0.73371,0.73474,0.7336,0.73415,2916.01
1627848000000,0.73323,0.73457,0.73323,0.73411,2730.65
1627862400000,0.73414,0.73494,0.73286,0.73414,12149.63
1627876800000,0.73415,0.73574,0.73364,0.73508,12075.47
1627891200000,0.7351,0.73631,0.735,0.73629,13639.36
1627905600000,0.73628,0.73817,0.73605,0.73632,27231.11
1627920000000,0.73632,0.73681,0.73556,0.736,11243.93
1627934400000,0.73599,0.73678,0.73587,0.73598,3443.54
1627948800000,0.73599,0.73706,0.73569,0.73663,13096.91
1627963200000,0.73665,0.74079,0.73653,0.73966,21992.16
1627977600000,0.73966,0.73983,0.73831,0.73977,12162.79
1627992000000,0.73977,0.73979,0.73606,0.73842,33242.48
1628006400000,0.73843,0.73973,0.7383,0.7396,7719.62
1628020800000,0.73958,0.74009,0.73886,0.73961,4431.27
1628035200000,0.73959,0.74106,0.73878,0.74037,9479.31
1628049600000,0.74037,0.74237,0.73918,0.74231,9054.18
1628064000000,0.74228,0.74241,0.74079,0.74109,12899.83
1628078400000,0.7411,0.74263,0.73696,0.7379,32066.11
1628092800000,0.73788,0.7386,0.7375,0.73788,8150.43
1628107200000,0.73788,0.73823,0.73769,0.73818,2487.31
1628121600000,0.73818,0.73924,0.73762,0.73904,8581.21
1628136000000,0.73907,0.74054,0.73832,0.74048,11151.51
1628150400000,0.74048,0.74142,0.73935,0.74131,19058.86
1628164800000,0.74132,0.74155,0.73911,0.74081,22088.81
1628179200000,0.74082,0.74086,0.73999,0.74043,5313.91
1628193600000,0.74041,0.74061,0.73993,0.74024,2084.75
1628208000000,0.74024,0.74041,0.73792,0.73879,7192.66
1628222400000,0.73878,0.7397,0.73827,0.73925,9039.53
1628236800000,0.73926,0.73952,0.73857,0.73931,11471.4
1628251200000,0.73934,0.74008,0.7346,0.73553,35726.73
1628265600000,0.73552,0.73584,0.73501,0.73517,5673.3
1628280000000,0.73516,0.73544,0.73505,0.73518,949.67
1628452800000,0.7351,0.7357,0.73297,0.73346,6378.46
1628467200000,0.73347,0.7357,0.73277,0.73541,9153.71
1628481600000,0.73541,0.73594,0.73457,0.7346,10707.2
1628496000000,0.73461,0.73574,0.73355,0.73551,13930.2
1628510400000,0.7355,0.73634,0.73317,0.73391,21331.21
1628524800000,0.73392,0.73411,0.73287,0.73289,5367.31
1628539200000,0.73287,0.73317,0.73275,0.73294,2581.23
1628553600000,0.73294,0.73338,0.73155,0.7323,8971.52
1628568000000,0.7323,0.73433,0.73195,0.73346,11083.12
1628582400000,0.73347,0.73479,0.73271,0.73471,11869.09
1628596800000,0.73471,0.73556,0.73324,0.73451,19798.67
1628611200000,0.7345,0.73507,0.73412,0.73488,4602.2
1628625600000,0.73487,0.73492,0.73432,0.73432,1865.39
1628640000000,0.73434,0.73472,0.73343,0.73395,6203.47
1628654400000,0.73395,0.73434,0.73228,0.7329,9143.92
1628668800000,0.73289,0.73381,0.7324,0.7338,8860.63
1628683200000,0.7338,0.73863,0.73369,0.73727,32023.33
1628697600000,0.73725,0.73888,0.73706,0.73765,7840.47
1628712000000,0.73765,0.73765,0.73696,0.737,2192.1
1628726400000,0.737,0.73728,0.7362,0.73699,6410.11
1628740800000,0.73697,0.737,0.7354,0.73678,8972.04
1628755200000,0.73676,0.73693,0.73527,0.73547,8532.12
1628769600000,0.73547,0.73584,0.73345,0.73436,18628.67
1628784000000,0.73439,0.73486,0.73315,0.73371,5593.71
1628798400000,0.73369,0.73443,0.73343,0.73406,2326.48
1628812800000,0.73407,0.73472,0.73328,0.7343,5395.03
1628827200000,0.7343,0.73434,0.73339,0.73412,7393.31
1628841600000,0.73412,0.73473,0.73339,0.73461,7990.12
1628856000000,0.73461,0.73792,0.73461,0.73761,16115.53
1628870400000,0.73762,0.73809,0.73689,0.73751,4610.75
1628884800000,0.7375,0.7375,0.73676,0.73677,1609.69
1629057600000,0.73614,0.73725,0.73614,0.73648,2265.47
1629072000000,0.73649,0.73672,0.73369,0.73381,7599.06
1629086400000,0.7338,0.73444,0.73307,0.73341,9004.25
1629100800000,0.73338,0.73431,0.73255,0.73301,10546.85
1629115200000,0.73304,0.73418,0.73189,0.73378,20073.18
1629129600000,0.7338,0.73407,0.73314,0.73386,3673.63
1629144000000,0.73387,0.73407,0.73337,0.73386,2220.89
1629158400000,0.73386,0.73386,0.73024,0.73078,13270.08
1629172800000,0.73075,0.73134,0.72772,0.72883,14760.17
1629187200000,0.72883,0.72977,0.72828,0.72893,11923.05
1629201600000,0.72893,0.72936,0.72522,0.72529,25782.52
1629216000000,0.72528,0.72569,0.72421,0.72549,8786.29
1629230400000,0.72548,0.7258,0.7251,0.72548,3123.26
1629244800000,0.72546,0.7269,0.72375,0.7263,13282.1
1629259200000,0.72631,0.72687,0.72545,0.72569,8963.8
1629273600000,0.7257,0.72619,0.72413,0.72523,12258.04
1629288000000,0.72523,0.72558,0.72296,0.7234,19568.78
1629302400000,0.72342,0.72638,0.72282,0.72381,17772.96
1629316800000,0.72379,0.72424,0.72301,0.72304,3828
1629331200000,0.72304,0.72344,0.71972,0.7204,14582.53
1629345600000,0.72041,0.7205,0.71633,0.71706,20804.6
1629360000000,0.71706,0.71709,0.71435,0.71677,22929.97
1629374400000,0.71676,0.71805,0.71508,0.71685,35450.48
1629388800000,0.71687,0.71696,0.71419,0.71468,14672.23
1629403200000,0.71467,0.71507,0.71438,0.71458,4555.37
1629417600000,0.71457,0.71559,0.71257,0.71439,15535.74
1629432000000,0.71439,0.71463,0.71056,0.71132,21903.45
1629446400000,0.71133,0.71303,0.71068,0.71275,14916.14
1629460800000,0.71277,0.71487,0.71192,0.71324,24617.11
1629475200000,0.71325,0.71433,0.71308,0.71426,6096.72
1629489600000,0.71425,0.71429,0.71346,0.71347,1921.47
1629662400000,0.71213,0.71408,0.711,0.71378,3551.34
1629676800000,0.71379,0.71649,0.71379,0.71607,11937.94
1629691200000,0.71606,0.7165,0.71479,0.71602,13842.84
1629705600000,0.71603,0.71854,0.71595,0.71822,13689.27
1629720000000,0.71822,0.72083,0.71806,0.72064,21437.93
1629734400000,0.72065,0.72175,0.72065,0.72146,7683.35
1629748800000,0.72146,0.72156,0.72075,0.72081,2975.24
1629763200000,0.7208,0.72221,0.72003,0.72166,8395.73
1629777600000,0.72166,0.72378,0.72147,0.7231,12698.86
1629792000000,0.72309,0.72473,0.72206,0.72442,13416.58
1629806400000,0.72444,0.72706,0.72373,0.72532,23710.96
1629820800000,0.72531,0.72568,0.72496,0.7255,5188.45
1629835200000,0.72551,0.72588,0.7248,0.72481,2788.52
1629849600000,0.72483,0.72599,0.72382,0.7241,11775.92
1629864000000,0.72409,0.72531,0.72367,0.7249,10486.03
1629878400000,0.72494,0.72641,0.72457,0.72518,12270.78
1629892800000,0.72515,0.72667,0.72429,0.72645,21239.13
1629907200000,0.72646,0.728,0.7263,0.72763,7025.16
1629921600000,0.72762,0.72777,0.72704,0.72759,3548.76
1629936000000,0.72761,0.72792,0.72559,0.72603,9751.25
1629950400000,0.72603,0.72672,0.72496,0.72619,11497.59
1629964800000,0.7262,0.72655,0.72518,0.72627,10876.48
1629979200000,0.72628,0.72673,0.72406,0.72483,31676.71
1629993600000,0.72482,0.72503,0.72338,0.72385,8826.46
1630008000000,0.72383,0.72441,0.72349,0.72378,2615.68
1630022400000,0.72378,0.72429,0.72216,0.72384,9512.78
1630036800000,0.72385,0.72564,0.7235,0.7253,10066.54
1630051200000,0.7253,0.72589,0.72475,0.72514,10074.15
1630065600000,0.72514,0.73082,0.72344,0.73075,42349.78
1630080000000,0.73075,0.73164,0.73068,0.73142,7024.31
1630094400000,0.73143,0.7315,0.73085,0.73089,946.37
1630267200000,0.73029,0.73157,0.73029,0.7315,2255.84
1630281600000,0.73149,0.73181,0.7296,0.73016,10667.5
1630296000000,0.73018,0.73066,0.7284,0.73034,9511.18
1630310400000,0.73034,0.73063,0.72871,0.72973,9813.8
1630324800000,0.72973,0.73048,0.72874,0.72935,15379.19
1630339200000,0.72936,0.72989,0.72906,0.72947,4151.7
1630353600000,0.72948,0.72963,0.72889,0.72894,2038.31
1630368000000,0.72896,0.73093,0.72876,0.73067,13553.4
1630382400000,0.73067,0.73409,0.73033,0.73302,14590.72
1630396800000,0.733,0.73357,0.73226,0.73276,14896.39
1630411200000,0.73278,0.73285,0.73024,0.73068,30802.13
1630425600000,0.73067,0.73202,0.73054,0.73136,9030.73
1630440000000,0.73136,0.73194,0.73114,0.73173,3877.39
1630454400000,0.73174,0.73235,0.73075,0.73155,14433.7
1630468800000,0.73153,0.73489,0.73112,0.73458,13183.9
1630483200000,0.73458,0.73475,0.73324,0.73411,10634.44
1630497600000,0.73412,0.73728,0.73411,0.73675,24688.11
1630512000000,0.73674,0.73835,0.73648,0.73659,8504.19
1630526400000,0.73659,0.73691,0.73638,0.73654,2943.11
1630540800000,0.73654,0.73733,0.73554,0.73648,12935.86
1630555200000,0.73649,0.73883,0.73616,0.73863,13658.87
1630569600000,0.73863,0.73922,0.73814,0.73874,12036.59
1630584000000,0.73875,0.74091,0.73814,0.73995,21960.53
1630598400000,0.73995,0.74035,0.73969,0.74026,9752.92
1630612800000,0.74027,0.74045,0.73969,0.7397,2709
1630627200000,0.73971,0.74083,0.73949,0.74011,11275.27
1630641600000,0.74011,0.74293,0.74011,0.7429,11761.93
1630656000000,0.74289,0.7439,0.74281,0.74365,11686.15
1630670400000,0.74367,0.74775,0.74313,0.7441,43053.69
1630684800000,0.74411,0.74636,0.74401,0.74515,4910.71
1630699200000,0.74515,0.7453,0.7447,0.7447,1142.33
1630872000000,0.74531,0.74544,0.74424,0.74425,3170.66
1630886400000,0.74425,0.74433,0.74297,0.74354,11549.88
1630900800000,0.74353,0.74425,0.74267,0.74311,10697.63
1630915200000,0.74311,0.74398,0.74259,0.74389,11301.11
1630929600000,0.74391,0.74403,0.74288,0.74349,9321.03
1630944000000,0.74347,0.74401,0.74314,0.74354,38595.36
1630958400000,0.74356,0.74392,0.74324,0.74358,6745.51
1630972800000,0.74357,0.74562,0.74353,0.74391,10969.22
1630987200000,0.74394,0.7468,0.74098,0.74249,23579.57
1631001600000,0.74246,0.74246,0.73904,0.73932,21723.73
1631016000000,0.7393,0.7404,0.73743,0.73921,27926.64
1631030400000,0.73921,0.73968,0.73827,0.73847,9926.28
1631044800000,0.73847,0.73888,0.7384,0.73859,2958.36
1631059200000,0.73861,0.74036,0.73832,0.73878,9093.78
1631073600000,0.73881,0.73906,0.73627,0.73637,17850.91
1631088000000,0.73639,0.7383,0.73484,0.73766,21474.3
1631102400000,0.73768,0.7385,0.73446,0.73681,35368.82
1631116800000,0.73681,0.73815,0.73653,0.73676,11863.73
1631131200000,0.73676,0.73695,0.73601,0.73607,3921.31
1631145600000,0.73607,0.73657,0.73495,0.73551,13523.44
1631160000000,0.73553,0.73792,0.73465,0.73744,19662.71
1631174400000,0.73744,0.73836,0.73661,0.73824,21780.1
1631188800000,0.73825,0.73938,0.73686,0.73793,32583.9
1631203200000,0.73798,0.73874,0.73666,0.73683,13834.98
1631217600000,0.73684,0.73698,0.73641,0.73672,2352.06
1631232000000,0.73674,0.73864,0.73595,0.73834,12938.05
1631246400000,0.73835,0.73986,0.73744,0.73985,14894.44
1631260800000,0.73982,0.74093,0.73927,0.73985,15835.5
1631275200000,0.73984,0.74081,0.73603,0.73655,26925.08
1631289600000,0.73657,0.73742,0.73499,0.73506,8606.3
1631304000000,0.73508,0.73534,0.73477,0.73512,1722.46
1631476800000,0.73473,0.73678,0.73473,0.7365,2607.14
1631491200000,0.73648,0.73679,0.7354,0.7355,10634.1
1631505600000,0.73549,0.73624,0.73356,0.73581,16391.4
1631520000000,0.73583,0.73631,0.73453,0.73516,11340.04
1631534400000,0.73515,0.73753,0.7349,0.73695,30649.07
1631548800000,0.73695,0.73707,0.73536,0.73654,12089.1
1631563200000,0.73653,0.7372,0.7363,0.73652,2698.62
1631577600000,0.73652,0.73729,0.73475,0.7352,14574.33
1631592000000,0.73523,0.73544,0.73301,0.73495,18351.99
1631606400000,0.73496,0.73519,0.73239,0.73298,14957.84
1631620800000,0.73299,0.73687,0.73234,0.73335,40023.2
1631635200000,0.73336,0.73383,0.73129,0.73192,10532.64
1631649600000,0.73193,0.73223,0.73156,0.73163,3082.68
1631664000000,0.73164,0.73241,0.73007,0.73209,12776.1
1631678400000,0.73209,0.73301,0.73068,0.7321,16075.31
1631692800000,0.7321,0.73362,0.73143,0.73177,15671.92
1631707200000,0.73179,0.73387,0.73151,0.7323,31687.67
1631721600000,0.7323,0.73335,0.73197,0.73333,7468.05
1631736000000,0.73332,0.73436,0.733,0.73408,2797.81
1631750400000,0.73407,0.73468,0.73204,0.73238,11956.47
1631764800000,0.73241,0.73266,0.73083,0.73134,18025.39
1631779200000,0.73134,0.73221,0.73091,0.73196,14094.59
1631793600000,0.73195,0.73223,0.72736,0.72868,28998.52
1631808000000,0.72868,0.73013,0.72833,0.72939,8482.71
1631822400000,0.72939,0.72971,0.72897,0.72909,3373.93
1631836800000,0.72909,0.72982,0.72808,0.72947,10678.83
1631851200000,0.72947,0.7317,0.72947,0.73161,13940.7
1631865600000,0.73164,0.73212,0.72982,0.73089,18803.01
1631880000000,0.73091,0.73179,0.72655,0.72748,30603.53
1631894400000,0.72746,0.72816,0.7266,0.72718,11426
1631908800000,0.72718,0.72719,0.72612,0.72613,1938.61
1632081600000,0.72616,0.72668,0.72589,0.7263,2386.37
1632096000000,0.7263,0.72679,0.72263,0.72319,11316.18
1632110400000,0.7232,0.7243,0.72268,0.7237,19294.2
1632124800000,0.7237,0.72429,0.72212,0.72232,21813.84
1632139200000,0.72229,0.72625,0.72196,0.72459,53745.41
1632153600000,0.72462,0.72631,0.72339,0.72621,27703.12
1632168000000,0.72622,0.7264,0.72494,0.7259,6641.12
1632182400000,0.72591,0.72689,0.72487,0.72678,15818.26
1632196800000,0.72676,0.72772,0.72635,0.72697,20411.83
1632211200000,0.72695,0.72826,0.72575,0.72636,19525.12
1632225600000,0.72636,0.72642,0.72212,0.72397,33794.98
1632240000000,0.72398,0.7242,0.72269,0.72328,13787.64
1632254400000,0.72328,0.72348,0.72248,0.72279,3930.15
1632268800000,0.72278,0.72677,0.72233,0.72394,22512.82
1632283200000,0.72394,0.72552,0.72379,0.72417,15633.78
1632297600000,0.72416,0.72538,0.72374,0.72493,15204.93
1632312000000,0.72494,0.72649,0.72358,0.72617,21312.31
1632326400000,0.72619,0.7296,0.72314,0.72393,52630.08
1632340800000,0.72391,0.72442,0.72317,0.72318,4837.21
1632355200000,0.72319,0.72393,0.72224,0.72365,10675.13
1632369600000,0.72364,0.72629,0.72332,0.7262,17623.96
1632384000000,0.72619,0.72896,0.72571,0.72779,32817.57
1632398400000,0.72778,0.73124,0.72711,0.72958,27304.82
1632412800000,0.72957,0.7315,0.7292,0.73019,7514.26
1632427200000,0.7302,0.73027,0.72905,0.72962,3923.94
1632441600000,0.72962,0.73161,0.72887,0.72993,15134.17
1632456000000,0.7299,0.73013,0.72741,0.72793,16608.48
1632470400000,0.72792,0.72839,0.72469,0.72477,20167.57
1632484800000,0.72474,0.72605,0.72356,0.72562,28631.51
1632499200000,0.7256,0.72653,0.72505,0.72551,8252.51
1632513600000,0.72551,0.72626,0.72548,0.72577,2076.07
1632686400000,0.72525,0.72678,0.72505,0.72645,2866.45
1632700800000,0.72646,0.72899,0.72642,0.72777,15523.7
1632715200000,0.72775,0.72869,0.72621,0.72625,19991.48
1632729600000,0.72628,0.72716,0.72495,0.72522,23418.13
1632744000000,0.72523,0.72874,0.72491,0.72834,38571.33
1632758400000,0.72835,0.72934,0.72808,0.72892,7389.3
1632772800000,0.72891,0.72899,0.72794,0.72799,2995.68
1632787200000,0.72797,0.73061,0.72651,0.72974,11062.57
1632801600000,0.72973,0.73106,0.72629,0.72743,21241.73
1632816000000,0.72742,0.72743,0.72413,0.7254,27871.31
1632830400000,0.72541,0.7256,0.72291,0.72353,51837.85
1632844800000,0.72353,0.72428,0.7225,0.72392,22511.99
1632859200000,0.72391,0.72445,0.72377,0.72435,3842.72
1632873600000,0.72431,0.72502,0.72265,0.72489,18520.72
1632888000000,0.72489,0.72638,0.72357,0.72478,27356.4
1632902400000,0.72478,0.72563,0.72224,0.72302,18882.11
1632916800000,0.723,0.72363,0.71809,0.71883,33172.59
1632931200000,0.71887,0.71925,0.717,0.71736,13360.87
1632945600000,0.71734,0.71814,0.71713,0.71782,3536.74
1632960000000,0.7178,0.72067,0.71766,0.7203,14299.03
1632974400000,0.7203,0.72124,0.71884,0.72081,20451.14
1632988800000,0.72078,0.72141,0.71866,0.71941,18453.18
1633003200000,0.71942,0.7257,0.71926,0.7228,47529.98
1633017600000,0.7228,0.72367,0.72063,0.72261,25878.29
1633032000000,0.72261,0.7231,0.72225,0.72282,4336.53
1633046400000,0.72282,0.72402,0.72156,0.72176,20732.83
1633060800000,0.72177,0.72193,0.71916,0.72045,30491.79
1633075200000,0.72044,0.726,0.72025,0.72593,29151.92
1633089600000,0.72593,0.72739,0.72461,0.72697,50641.31
1633104000000,0.72697,0.7276,0.72629,0.72664,15903.6
1633118400000,0.72667,0.72687,0.72565,0.72598,2332.85
1633291200000,0.72568,0.72823,0.72563,0.72742,5916.39
1633305600000,0.72741,0.72823,0.72514,0.72614,17971.31
1633320000000,0.72613,0.7275,0.72512,0.72646,25281.84
1633334400000,0.72646,0.72887,0.72508,0.72884,26846.15
1633348800000,0.72885,0.73037,0.72719,0.72822,40963.72
1633363200000,0.72822,0.72912,0.72803,0.72883,18056.69
1633377600000,0.72883,0.7294,0.7285,0.72888,3452.27
1633392000000,0.72886,0.72932,0.72617,0.72668,20407.15
1633406400000,0.72668,0.72733,0.72484,0.7268,22437.47
1633420800000,0.7268,0.72817,0.72652,0.72787,18982.78
1633435200000,0.72787,0.7298,0.72669,0.72947,30275.26
1633449600000,0.72947,0.73006,0.72864,0.72874,9874.5
1633464000000,0.72873,0.72928,0.72831,0.72875,3673.71
1633478400000,0.72874,0.72915,0.72599,0.72656,20146.18
1633492800000,0.72658,0.72676,0.72314,0.72325,28213.2
1633507200000,0.72324,0.72454,0.72254,0.72435,28632.64
1633521600000,0.72435,0.72671,0.72408,0.72558,46751.93
1633536000000,0.72559,0.72759,0.72461,0.72743,20701.93
1633550400000,0.72742,0.72831,0.7268,0.72819,4130.45
1633564800000,0.72816,0.72896,0.72754,0.72841,11536.11
1633579200000,0.72841,0.73017,0.72701,0.72937,19761.59
1633593600000,0.72935,0.73119,0.7279,0.73041,19560.45
1633608000000,0.73041,0.73238,0.72764,0.73204,31011.37
1633622400000,0.73204,0.73212,0.73073,0.73123,10914.04
1633636800000,0.73121,0.73171,0.7309,0.73162,3749.51
1633651200000,0.73159,0.73233,0.73033,0.73055,16791.99
1633665600000,0.73054,0.73092,0.72877,0.7293,22761.36
1633680000000,0.72929,0.7305,0.72878,0.73034,16989.75
1633694400000,0.73036,0.73377,0.7298,0.73077,53855.99
1633708800000,0.73074,0.73146,0.72991,0.73101,8890.95
1633723200000,0.731,0.73103,0.73052,0.73052,1416.64
1633896000000,0.73047,0.7312,0.72917,0.72939,3907.28
1633910400000,0.7294,0.73306,0.72934,0.73174,18138.41
1633924800000,0.73173,0.73439,0.73151,0.73419,19219.83
1633939200000,0.73419,0.73491,0.73305,0.73428,20776.12
1633953600000,0.73427,0.73725,0.73381,0.73677,26710.23
1633968000000,0.73674,0.73675,0.73429,0.73429,12816.69
1633982400000,0.73432,0.73525,0.73368,0.73478,4273.33
1633996800000,0.73476,0.73497,0.73319,0.73366,14090.6
1634011200000,0.73367,0.73617,0.73365,0.73547,19833.61
1634025600000,0.73547,0.73836,0.73495,0.7383,20338.8
1634040000000,0.73832,0.73841,0.73464,0.73638,41690.48
1634054400000,0.73637,0.73659,0.73479,0.73529,13197.13
1634068800000,0.73527,0.73527,0.73318,0.73328,4854.56
1634083200000,0.73329,0.73443,0.73292,0.73362,12803.1
1634097600000,0.73363,0.7351,0.73328,0.73476,15504.26
1634112000000,0.73476,0.73615,0.73462,0.73544,19251.69
1634126400000,0.73546,0.7376,0.7323,0.73699,41175.28
1634140800000,0.73699,0.73815,0.73692,0.73793,15775.44
1634155200000,0.73792,0.7383,0.73745,0.73825,3288.15
1634169600000,0.73825,0.7394,0.73714,0.73879,12706.51
1634184000000,0.73882,0.74059,0.73829,0.74005,15990.99
1634198400000,0.74007,0.74191,0.74002,0.74113,22903.65
1634212800000,0.74113,0.74262,0.7407,0.74187,25977.15
1634227200000,0.74187,0.74211,0.74082,0.74146,8157.34
1634241600000,0.74149,0.74212,0.74126,0.74131,3048.93
1634256000000,0.74131,0.74243,0.74053,0.74155,10308.81
1634270400000,0.74154,0.74396,0.74141,0.7423,13919.81
1634284800000,0.7423,0.74297,0.74121,0.74181,17567.25
1634299200000,0.74181,0.74281,0.7403,0.74145,30596.65
1634313600000,0.74145,0.74219,0.74114,0.74201,8421.85
1634328000000,0.74204,0.74223,0.74165,0.74174,1495.2
1634500800000,0.74146,0.7437,0.74125,0.74237,6262.11
1634515200000,0.74238,0.74251,0.73994,0.74034,15351.68
1634529600000,0.74037,0.74069,0.73914,0.74052,16422.63
1634544000000,0.74056,0.74078,0.73807,0.73863,22795.8
1634558400000,0.73863,0.74167,0.73781,0.74167,27836.96
1634572800000,0.7417,0.74187,0.74115,0.74146,6794.34
1634587200000,0.74145,0.74151,0.74074,0.74148,3346.12
1634601600000,0.74149,0.74512,0.74144,0.74475,13174.13
1634616000000,0.74475,0.74758,0.74469,0.74624,20828.92
1634630400000,0.74626,0.74744,0.74621,0.74676,17388.51
1634644800000,0.74677,0.74829,0.7455,0.74805,28856.39
1634659200000,0.74808,0.74851,0.74715,0.74757,9618.85
1634673600000,0.74755,0.74765,0.74702,0.74744,3848.69
1634688000000,0.74743,0.74917,0.74647,0.74904,14868
1634702400000,0.74905,0.75041,0.74791,0.74876,17938.71
1634716800000,0.74874,0.74951,0.74803,0.74807,15277.99
1634731200000,0.74808,0.75156,0.74807,0.75117,26163.8
1634745600000,0.75117,0.75222,0.75055,0.75197,15932.16
1634760000000,0.75198,0.75213,0.75045,0.75146,5311.07
1634774400000,0.75145,0.7546,0.75145,0.75323,13327.13
1634788800000,0.75325,0.75332,0.74803,0.74911,24709.64
1634803200000,0.7491,0.74969,0.74771,0.7493,14278.88
1634817600000,0.74932,0.75046,0.74817,0.74907,30338.3
1634832000000,0.74907,0.74922,0.74581,0.74644,10241.88
1634846400000,0.74644,0.74712,0.7458,0.74628,4301.84
1634860800000,0.7463,0.74887,0.74533,0.74758,25157.88
1634875200000,0.74757,0.75013,0.747,0.74956,26287.71
1634889600000,0.74956,0.75118,0.74942,0.75027,16784.04
1634904000000,0.75027,0.75031,0.74534,0.74624,35282.92
1634918400000,0.74624,0.74712,0.74559,0.74692,14677.85
1634932800000,0.74694,0.74694,0.74629,0.74631,2087.94
1635105600000,0.74647,0.7471,0.7462,0.74682,3170.03
1635120000000,0.74679,0.74882,0.74641,0.74867,15377.71
1635134400000,0.74867,0.75004,0.74776,0.74997,15443.88
1635148800000,0.74998,0.75048,0.74775,0.74861,19953.88
1635163200000,0.7486,0.74975,0.74748,0.74935,32722.86
1635177600000,0.74936,0.74971,0.74883,0.74928,8056.23
1635192000000,0.74929,0.74946,0.74804,0.74912,3018.91
1635206400000,0.74912,0.75139,0.74912,0.75134,15814.77
1635220800000,0.75135,0.7517,0.74888,0.7494,19810.76
1635235200000,0.74938,0.75179,0.74912,0.75128,18614.87
1635249600000,0.7513,0.7525,0.7495,0.74967,29066.22
1635264000000,0.74967,0.75087,0.74904,0.7504,11690.66
1635278400000,0.75041,0.75128,0.74944,0.75119,3758.28
1635292800000,0.75119,0.75356,0.75089,0.75193,16905.49
1635307200000,0.75194,0.75314,0.75092,0.75127,17897.21
1635321600000,0.75126,0.75152,0.74868,0.75068,23828.49
1635336000000,0.75064,0.75295,0.75026,0.75142,39639.69
1635350400000,0.75143,0.75344,0.75132,0.75188,11899.54
1635364800000,0.75189,0.75195,0.74967,0.74995,4925.85
1635379200000,0.74996,0.75111,0.74793,0.75058,20507.24
1635393600000,0.7506,0.7523,0.7503,0.7518,26047.66
1635408000000,0.7518,0.75285,0.75056,0.75207,22575.76
1635422400000,0.75206,0.75538,0.75055,0.75458,50311.94
1635436800000,0.7546,0.7555,0.75353,0.75428,12441.01
1635451200000,0.75428,0.75466,0.75261,0.75305,5282.65
1635465600000,0.75305,0.75479,0.75234,0.75469,15849.97
1635480000000,0.7547,0.75548,0.75341,0.75459,18402.67
1635494400000,0.75459,0.75466,0.75286,0.7535,19998.11
1635508800000,0.75349,0.75389,0.74998,0.7508,46241.9
1635523200000,0.75081,0.75256,0.75029,0.75217,15463.49
1635537600000,0.75217,0.75258,0.75166,0.75191,2149.78
1635710400000,0.75059,0.75203,0.75059,0.75173,3158.34
1635724800000,0.75172,0.75242,0.75042,0.75053,10849.76
1635739200000,0.75052,0.75134,0.74857,0.74904,13326.96
1635753600000,0.74901,0.75173,0.74897,0.7515,16747.23
1635768000000,0.75151,0.75344,0.75123,0.75337,29111.35
1635782400000,0.75337,0.75357,0.75143,0.75195,12873.56
1635796800000,0.75194,0.7523,0.75105,0.75199,3889.13
1635811200000,0.752,0.75315,0.74847,0.7504,15232.19
1635825600000,0.75039,0.75049,0.74653,0.74728,23316.55
1635840000000,0.7473,0.74749,0.74545,0.7465,22409
1635854400000,0.74651,0.7468,0.74264,0.74281,29656.7
1635868800000,0.74282,0.74328,0.74198,0.74319,10015.51
1635883200000,0.74317,0.74356,0.74258,0.74354,3723.47
1635897600000,0.74353,0.74396,0.7425,0.74362,13840.34
1635912000000,0.74362,0.74479,0.74305,0.7446,10666.82
1635926400000,0.7446,0.74506,0.74373,0.74405,16795.11
1635940800000,0.74405,0.74424,0.74147,0.74295,33442.09
1635955200000,0.74294,0.7458,0.74119,0.74526,42851.93
1635969600000,0.74526,0.74691,0.74421,0.74684,4949.8
1635984000000,0.74683,0.74701,0.7451,0.74524,11148.57
1635998400000,0.74522,0.74561,0.74275,0.74383,11740.53
1636012800000,0.74382,0.74434,0.74095,0.74169,25747.66
1636027200000,0.74168,0.74184,0.73824,0.74019,42873.96
1636041600000,0.74018,0.74047,0.73911,0.74041,13464.24
1636056000000,0.7404,0.74081,0.73962,0.74078,4019.97
1636070400000,0.74077,0.74082,0.73782,0.73958,22101.18
1636084800000,0.73957,0.73994,0.73823,0.73889,13554.58
1636099200000,0.73887,0.73895,0.73657,0.73704,26155.43
1636113600000,0.73704,0.74104,0.73595,0.74061,43729.68
1636128000000,0.74061,0.74117,0.73921,0.74014,14023.56
1636142400000,0.74012,0.74021,0.73974,0.73979,1543.01
1636315200000,0.73911,0.74036,0.7391,0.73947,3025.64
1636329600000,0.73948,0.7401,0.7386,0.73973,6949.72
1636344000000,0.73971,0.74088,0.73951,0.74028,7156.93
1636358400000,0.7403,0.74122,0.73838,0.74061,16273.38
1636372800000,0.74059,0.7427,0.73991,0.74202,22920.75
1636387200000,0.74201,0.74307,0.74168,0.74245,13867.23
1636401600000,0.74243,0.7426,0.74133,0.7414,5965.93
1636416000000,0.74142,0.74164,0.73898,0.74001,12018.18
1636430400000,0.74002,0.7428,0.73992,0.74164,15219.2
1636444800000,0.74165,0.74312,0.74052,0.74069,20183.87
1636459200000,0.74071,0.7411,0.73698,0.73737,30968.24
1636473600000,0.73738,0.73789,0.73603,0.73782,18598.77
1636488000000,0.73779,0.73826,0.73702,0.73754,6242.49
1636502400000,0.73754,0.73788,0.73615,0.73656,11006.73
1636516800000,0.73655,0.73687,0.73522,0.7362,14564.54
1636531200000,0.73619,0.73781,0.73534,0.73557,18098.98
1636545600000,0.7356,0.73929,0.73402,0.73582,41471.32
1636560000000,0.7358,0.73708,0.73303,0.73312,27758.13
1636574400000,0.73312,0.73338,0.73225,0.73333,8671.39
1636588800000,0.73332,0.73406,0.72946,0.73051,22468.49
1636603200000,0.7305,0.73197,0.72972,0.73028,13592.39
1636617600000,0.73029,0.73047,0.72868,0.73005,23517.08
1636632000000,0.73004,0.73112,0.72948,0.73066,22470.44
1636646400000,0.73069,0.73084,0.7288,0.7292,11520.35
1636660800000,0.72916,0.72941,0.72859,0.729,5244.06
1636675200000,0.729,0.72962,0.72761,0.72823,10217.73
1636689600000,0.72824,0.7306,0.72821,0.73056,8936.15
1636704000000,0.73057,0.73076,0.72899,0.72956,18072.92
1636718400000,0.72957,0.7321,0.72936,0.73201,27394.71
1636732800000,0.73201,0.73339,0.73187,0.73295,12456.66
1636747200000,0.73295,0.73347,0.73278,0.73282,3101.7
1636920000000,0.73217,0.73359,0.73217,0.73316,2084.23
1636934400000,0.73313,0.73441,0.73228,0.7339,8263.73
1636948800000,0.73389,0.73541,0.73382,0.73534,7103.63
1636963200000,0.73535,0.73702,0.73471,0.73661,17634
1636977600000,0.73661,0.73686,0.73534,0.73593,24195.1
1636992000000,0.73594,0.73657,0.73488,0.73497,13784.68
1637006400000,0.73498,0.73502,0.73413,0.73447,6382.37
1637020800000,0.73447,0.73676,0.73433,0.73579,14451.51
1637035200000,0.73579,0.73596,0.73341,0.73408,13793.07
1637049600000,0.73407,0.73463,0.73306,0.73427,17505.53
1637064000000,0.73428,0.73455,0.73111,0.73162,28244.71
1637078400000,0.73163,0.73187,0.73,0.73001,13256.47
1637092800000,0.73,0.73043,0.72917,0.73006,9562.39
1637107200000,0.73006,0.73017,0.72619,0.72741,17688.54
1637121600000,0.72741,0.73044,0.72741,0.72936,17885.53
1637136000000,0.72936,0.72951,0.72708,0.72922,19303.16
1637150400000,0.72922,0.7298,0.7266,0.72756,23238.23
1637164800000,0.72754,0.72766,0.72596,0.72598,14688.42
1637179200000,0.72597,0.72683,0.72582,0.72676,4882.37
1637193600000,0.72676,0.72713,0.72512,0.72669,14526.01
1637208000000,0.72669,0.72926,0.72667,0.72893,10607.05
1637222400000,0.72892,0.729,0.72737,0.7286,17788.31
1637236800000,0.72863,0.72912,0.72491,0.72587,22707.5
1637251200000,0.7259,0.72825,0.72556,0.72752,11485.35
1637265600000,0.72752,0.728,0.72731,0.72759,5213.95
1637280000000,0.72759,0.72804,0.72669,0.72723,9559.15
1637294400000,0.72723,0.72909,0.72695,0.72821,9281.38
1637308800000,0.72821,0.72854,0.72312,0.72376,35969.7
1637323200000,0.72376,0.72649,0.72264,0.72535,33289.64
1637337600000,0.72537,0.72592,0.7233,0.72343,20569.84
1637352000000,0.72343,0.72367,0.7229,0.72298,6266.16
1637524800000,0.72344,0.72352,0.72281,0.72306,2593.94
1637539200000,0.72305,0.72435,0.7227,0.72423,11567.26
1637553600000,0.72425,0.72559,0.72425,0.72488,12489.1
1637568000000,0.72486,0.72624,0.72433,0.72562,25091.96
1637582400000,0.72561,0.72729,0.72379,0.72467,31113.37
1637596800000,0.72466,0.72509,0.72245,0.72254,14698.46
1637611200000,0.72253,0.7229,0.72202,0.72268,5599.96
1637625600000,0.72268,0.72359,0.72161,0.7226,8827.02
1637640000000,0.72262,0.72319,0.72113,0.72266,15606.07
1637654400000,0.72263,0.72316,0.72107,0.72173,30187.98
1637668800000,0.72173,0.72296,0.72078,0.72183,31593.33
1637683200000,0.72182,0.72258,0.72064,0.72221,17184.6
1637697600000,0.72224,0.72295,0.72198,0.72212,6303.45
1637712000000,0.72213,0.7227,0.7204,0.72055,15703.28
1637726400000,0.72054,0.72223,0.71987,0.72169,15159.59
1637740800000,0.72169,0.72271,0.72077,0.72124,24982.83
1637755200000,0.72125,0.72159,0.71854,0.71909,37417.95
1637769600000,0.71909,0.72011,0.71835,0.71916,13762.46
1637784000000,0.71915,0.72016,0.71909,0.72011,4415.23
1637798400000,0.72009,0.72088,0.71994,0.72031,10186.34
1637812800000,0.72031,0.72081,0.71964,0.72026,6184.41
1637827200000,0.72026,0.72037,0.71798,0.71885,13868.84
1637841600000,0.71884,0.71924,0.71796,0.71879,18624.25
1637856000000,0.71882,0.71912,0.71816,0.71852,20693.97
1637870400000,0.71853,0.71919,0.71725,0.71727,13645.61
1637884800000,0.71727,0.71772,0.71332,0.71415,25646.87
1637899200000,0.71414,0.71446,0.71195,0.71221,25348.22
1637913600000,0.7122,0.7148,0.71119,0.71388,46228.95
1637928000000,0.71389,0.71559,0.71233,0.71258,36967.46
1637942400000,0.71261,0.71351,0.71116,0.71172,24332.84
1637956800000,0.71176,0.7133,0.71106,0.7113,1618.45
1638129600000,0.71353,0.71446,0.71142,0.71421,5448.97
1638144000000,0.71418,0.71463,0.71309,0.71454,14912.88
1638158400000,0.71452,0.71484,0.71314,0.71473,14658.35
1638172800000,0.71472,0.71591,0.71353,0.71495,22892.95
1638187200000,0.71494,0.71506,0.71142,0.71154,27525.51
1638201600000,0.71156,0.71334,0.71132,0.71283,15551.95
1638216000000,0.71283,0.71504,0.71283,0.71449,6483.27
1638230400000,0.7145,0.71546,0.71402,0.71455,10288.33
1638244800000,0.71457,0.71459,0.70918,0.71189,46935.31
1638259200000,0.7119,0.71351,0.71086,0.71306,36078.97
1638273600000,0.71305,0.71702,0.70888,0.70923,40567.6
1638288000000,0.70921,0.71241,0.70624,0.71209,47457.86
1638302400000,0.71208,0.7132,0.71184,0.71242,12757.08
1638316800000,0.71245,0.71612,0.71208,0.71574,17463.59
1638331200000,0.71576,0.71727,0.71464,0.71511,17105.56
1638345600000,0.7151,0.71615,0.714,0.71526,26582.37
1638360000000,0.71527,0.71723,0.71362,0.71445,29556.07
1638374400000,0.71447,0.7149,0.71091,0.71097,27039.36
1638388800000,0.71099,0.71116,0.70943,0.71068,10630.45
1638403200000,0.71068,0.71192,0.70941,0.71133,15690.31
1638417600000,0.71135,0.7115,0.70942,0.71037,16002.8
1638432000000,0.71037,0.71128,0.70961,0.71051,30915.54
1638446400000,0.71051,0.71138,0.70841,0.70956,42062.18
1638460800000,0.70956,0.71047,0.7085,0.70882,26039.53
1638475200000,0.70882,0.70965,0.70835,0.7087,10590.35
1638489600000,0.70867,0.7087,0.70623,0.70694,13174.69
1638504000000,0.70693,0.70823,0.70604,0.7065,12630.38
1638518400000,0.7065,0.70677,0.70477,0.70599,22771.39
1638532800000,0.706,0.70897,0.70129,0.70151,49950.95
1638547200000,0.70149,0.70258,0.69968,0.69971,31681.12
1638561600000,0.69971,0.70045,0.69926,0.69951,7524.8
1638734400000,0.69978,0.70199,0.69978,0.70167,3177.21
1638748800000,0.70168,0.7026,0.7006,0.70199,12649.05
1638763200000,0.70198,0.70249,0.70095,0.7014,12036.34
1638777600000,0.70142,0.70403,0.70139,0.70363,19624.31
1638792000000,0.70364,0.70541,0.70311,0.70466,25351.63
1638806400000,0.70468,0.70512,0.70402,0.70415,16512.25
1638820800000,0.70414,0.70541,0.70391,0.70483,5252.64
1638835200000,0.70482,0.70703,0.70391,0.70647,14280.12
1638849600000,0.70648,0.70927,0.70648,0.70915,11918.25
1638864000000,0.70915,0.71053,0.70817,0.71009,21850.89
1638878400000,0.71009,0.71182,0.70877,0.71154,24522.7
1638892800000,0.71154,0.71223,0.71021,0.71152,12517.94
1638907200000,0.71152,0.71239,0.71081,0.71217,6396.83
1638921600000,0.7122,0.71423,0.7117,0.71358,14337.14
1638936000000,0.71359,0.71393,0.71166,0.71282,12739.48
1638950400000,0.71279,0.714,0.71172,0.71353,34485.07
1638964800000,0.71354,0.71648,0.71263,0.71595,31959.61
1638979200000,0.71593,0.71833,0.71568,0.7178,11450.45
1638993600000,0.71778,0.71789,0.71629,0.71682,6149.22
1639008000000,0.71681,0.71705,0.71575,0.71652,7957.53
1639022400000,0.71651,0.71864,0.71641,0.71676,9667.54
1639036800000,0.71674,0.7172,0.71356,0.71403,18571.14
1639051200000,0.71401,0.71564,0.71353,0.71424,19867.66
1639065600000,0.71428,0.7154,0.71409,0.71437,12722.01
1639080000000,0.71438,0.71501,0.71391,0.71458,5906.56
1639094400000,0.71458,0.71613,0.71316,0.71564,12664.93
1639108800000,0.71564,0.71566,0.71412,0.71498,12576.96
1639123200000,0.71495,0.71577,0.71442,0.71543,14234.97
1639137600000,0.71542,0.71819,0.71455,0.71676,29393.43
1639152000000,0.71676,0.71817,0.71586,0.71681,9340.67
1639166400000,0.7168,0.71726,0.71661,0.71671,2296.47
1639339200000,0.71584,0.71718,0.71574,0.7165,3368.97
1639353600000,0.71649,0.71723,0.71605,0.71714,8006.44
1639368000000,0.71715,0.71757,0.71454,0.715,7794.57
1639382400000,0.71501,0.71523,0.71261,0.71376,15466.23
1639396800000,0.71376,0.71442,0.71101,0.71137,25410.12
1639411200000,0.71137,0.71381,0.71102,0.7138,10179.98
1639425600000,0.71378,0.71383,0.71252,0.71306,6935.3
1639440000000,0.71306,0.71323,0.70895,0.70974,9351.56
1639454400000,0.70974,0.7126,0.70966,0.71203,8559.55
1639468800000,0.71203,0.71349,0.71148,0.71341,17421.95
1639483200000,0.71342,0.71351,0.71067,0.71161,25177.73
1639497600000,0.7116,0.71216,0.71011,0.7105,10031.74
1639512000000,0.71051,0.71085,0.70967,0.71033,5692.26
1639526400000,0.71035,0.7112,0.7102,0.71077,8003.72
1639540800000,0.7108,0.71259,0.71071,0.71193,7834.71
1639555200000,0.71193,0.71353,0.71193,0.71292,13820.69
1639569600000,0.71292,0.71509,0.71092,0.71224,24633.41
1639584000000,0.71226,0.71501,0.70915,0.71424,38100.33
1639598400000,0.71428,0.71771,0.71383,0.71659,18465.83
1639612800000,0.7166,0.71809,0.7145,0.71559,20295.01
1639627200000,0.71561,0.71768,0.71499,0.71732,16096.2
1639641600000,0.71732,0.7209,0.71705,0.72073,20907.15
1639656000000,0.72071,0.72233,0.71842,0.71899,37464.5
1639670400000,0.719,0.71947,0.71678,0.71711,13641.25
1639684800000,0.71712,0.71843,0.71674,0.71749,10093.38
1639699200000,0.71748,0.71814,0.71593,0.71606,11826.02
1639713600000,0.71606,0.71755,0.71522,0.71585,14582.99
1639728000000,0.71584,0.71746,0.71483,0.71576,24215.43
1639742400000,0.71579,0.71653,0.71358,0.71513,27211.34
1639756800000,0.71512,0.71579,0.71333,0.71347,17255.87
1639771200000,0.71344,0.71384,0.71217,0.71217,6168.87
1639944000000,0.71271,0.71323,0.71086,0.71159,3451.04
1639958400000,0.7116,0.71262,0.7111,0.71142,15805.68
1639972800000,0.71142,0.71178,0.70817,0.7092,18051.08
1639987200000,0.70924,0.71139,0.70833,0.71102,27235.1
1640001600000,0.71102,0.71272,0.71017,0.71083,35618.8
1640016000000,0.71083,0.7122,0.71058,0.71098,20000.02
1640030400000,0.71098,0.71129,0.71028,0.71088,8085.83
1640044800000,0.71088,0.71196,0.70981,0.71116,11063.19
1640059200000,0.71117,0.7124,0.71079,0.71113,10661.94
1640073600000,0.71113,0.71371,0.71086,0.71326,16307.4
1640088000000,0.71328,0.71405,0.71258,0.71321,16150.82
1640102400000,0.71323,0.71557,0.71307,0.71535,9457.86
1640116800000,0.71534,0.71557,0.71401,0.71471,3905.58
1640131200000,0.7147,0.71543,0.71297,0.71307,9177.3
1640145600000,0.71307,0.71402,0.71202,0.71397,7116.32
1640160000000,0.71396,0.71659,0.71367,0.71623,14623.88
1640174400000,0.71622,0.72083,0.71622,0.72023,20014.79
1640188800000,0.72025,0.72198,0.7201,0.72145,8635.03
1640203200000,0.72145,0.72197,0.71853,0.72115,5579.36
1640217600000,0.72113,0.72191,0.71956,0.72045,7849.25
1640232000000,0.72043,0.72291,0.72041,0.72247,5924.06
1640246400000,0.72248,0.72445,0.72246,0.72393,12639.88
1640260800000,0.72394,0.72436,0.72201,0.72427,20694.73
1640275200000,0.72426,0.72513,0.72307,0.72481,7711.81
1640289600000,0.72481,0.72493,0.72309,0.72315,6742
1640304000000,0.72316,0.72398,0.72257,0.72263,10877.57
1640318400000,0.72264,0.72365,0.72261,0.72345,3293.63
1640332800000,0.72344,0.72434,0.72328,0.72348,14098.69
1640347200000,0.72348,0.72356,0.72208,0.72227,23472.05
1640361600000,0.72225,0.72315,0.72158,0.72251,11074.01
1640376000000,0.72251,0.72341,0.72129,0.72159,369.01
1640548800000,0.72255,0.72373,0.72181,0.72291,1517.58
1640563200000,0.72291,0.72413,0.72253,0.72383,5350.44
1640577600000,0.72383,0.7239,0.72205,0.72274,6890.21
1640592000000,0.72275,0.72306,0.72051,0.72152,9324.23
1640606400000,0.72151,0.72428,0.72093,0.72371,12615.96
1640620800000,0.72372,0.72414,0.7231,0.72403,5070.83
1640635200000,0.724,0.72443,0.72267,0.7235,3618.45
1640649600000,0.72353,0.72402,0.72284,0.72345,4831.39
1640664000000,0.72348,0.72463,0.72348,0.7236,5574.39
1640678400000,0.7236,0.72524,0.72349,0.72518,7920.44
1640692800000,0.72516,0.72634,0.72183,0.72286,11563.41
1640707200000,0.72286,0.72349,0.72195,0.72292,7210.23
1640721600000,0.72296,0.7234,0.72185,0.72317,4197.87
1640736000000,0.72317,0.72355,0.72126,0.7231,7218.18
1640750400000,0.72312,0.72333,0.72176,0.72314,5936.96
1640764800000,0.72313,0.72363,0.72152,0.72257,10808.91
1640779200000,0.72256,0.7272,0.72205,0.72588,19982.78
1640793600000,0.72592,0.72639,0.7237,0.72516,10348.05
1640808000000,0.72518,0.72581,0.7241,0.72578,3724.11
1640822400000,0.72577,0.72666,0.72495,0.7257,7212.85
1640836800000,0.72569,0.7259,0.72432,0.7255,7308.71
1640851200000,0.72554,0.72665,0.72486,0.72641,12961.61
1640865600000,0.72642,0.72753,0.72511,0.7254,14636.66
1640880000000,0.72542,0.72619,0.72443,0.72555,6458.81
1640894400000,0.72553,0.72586,0.7243,0.72489,3880.11
1640908800000,0.72488,0.72559,0.72475,0.72519,5204.96
1640923200000,0.72518,0.72602,0.72512,0.72591,5126.68
1640937600000,0.72591,0.7273,0.72489,0.72501,8999.11
1640952000000,0.725,0.72743,0.72438,0.72692,20360.94
1640966400000,0.72695,0.7277,0.72565,0.72701,9966.82
1640980800000,0.727,0.7273,0.72585,0.72641,2276.52
1641153600000,0.72538,0.72749,0.72538,0.72671,1199.83
1641168000000,0.72669,0.72766,0.72389,0.72482,7607.89
1641182400000,0.7248,0.72569,0.72446,0.72561,5539.15
1641196800000,0.72561,0.7263,0.72442,0.72477,12198.54
1641211200000,0.72475,0.72478,0.71847,0.71863,16397.05
1641225600000,0.71863,0.72005,0.71838,0.71903,7557.23
1641240000000,0.71906,0.71967,0.71837,0.7195,4304.31
1641254400000,0.71954,0.72067,0.71911,0.7202,7577.36
1641268800000,0.72023,0.72156,0.72011,0.72073,9255.2
1641283200000,0.72075,0.72165,0.71954,0.71979,13501.07
1641297600000,0.71978,0.72483,0.71846,0.72457,21505.12
1641312000000,0.72457,0.72475,0.72306,0.72417,10378.6
1641326400000,0.72416,0.72437,0.72308,0.72382,6086.54
1641340800000,0.72381,0.72442,0.72258,0.72345,9711.21
1641355200000,0.72346,0.72378,0.72227,0.7234,9461.93
1641369600000,0.7234,0.72592,0.72323,0.72569,13116.48
1641384000000,0.72571,0.72719,0.72484,0.72696,21912.71
1641398400000,0.72698,0.72702,0.72204,0.72228,22766.41
1641412800000,0.72227,0.72247,0.72138,0.72201,8165.1
1641427200000,0.72201,0.72205,0.71882,0.71909,11668.14
1641441600000,0.7191,0.71912,0.71546,0.71559,13973.93
1641456000000,0.71559,0.71772,0.71455,0.71678,23797.57
1641470400000,0.71678,0.71807,0.71488,0.71578,27521.6
1641484800000,0.71579,0.71727,0.71555,0.71639,13026.99
1641499200000,0.71642,0.7167,0.71575,0.71619,6501.91
1641513600000,0.71617,0.7177,0.71614,0.71657,8984.18
1641528000000,0.71659,0.71659,0.71492,0.71538,8538.69
1641542400000,0.71538,0.716,0.71422,0.71551,15909.06
1641556800000,0.7155,0.71738,0.71293,0.71637,31923.3
1641571200000,0.71639,0.71873,0.71626,0.71843,8886.15
1641585600000,0.71844,0.71853,0.71776,0.71776,2317.78
1641758400000,0.71724,0.71841,0.71703,0.71778,2757.65
1641772800000,0.71777,0.71968,0.71762,0.71896,10830.21
1641787200000,0.71895,0.72005,0.71873,0.7196,10114.81
1641801600000,0.71961,0.72021,0.71762,0.71903,23917.15
1641816000000,0.71904,0.71927,0.71483,0.71607,31866.81
1641830400000,0.71607,0.71735,0.71558,0.71698,16819.14
1641844800000,0.71697,0.71808,0.71659,0.71794,5485.01
1641859200000,0.71797,0.71957,0.71732,0.71892,12361.59
1641873600000,0.71891,0.71929,0.71671,0.71887,11532.84
1641888000000,0.71888,0.71928,0.71733,0.71779,20154.41
1641902400000,0.71781,0.71834,0.71544,0.71792,27558.89
1641916800000,0.71794,0.72129,0.71793,0.72078,11994.66
1641931200000,0.72077,0.72141,0.72061,0.72093,4171.32
1641945600000,0.72092,0.72188,0.72041,0.72186,10741
1641960000000,0.72184,0.72227,0.72008,0.72043,9545.23
1641974400000,0.72044,0.72131,0.71998,0.72096,19591.75
1641988800000,0.72098,0.72808,0.72074,0.72685,32380.96
1642003200000,0.72688,0.72917,0.72655,0.72914,12833.7
1642017600000,0.72913,0.72922,0.72806,0.72813,5677.66
1642032000000,0.72813,0.72888,0.72731,0.72876,9884.95
1642046400000,0.72877,0.73031,0.72798,0.73006,10184.49
1642060800000,0.73006,0.73138,0.72985,0.72997,15688.87
1642075200000,0.72999,0.73125,0.72871,0.72982,25855.21
1642089600000,0.72983,0.73045,0.7282,0.72902,15366.28
1642104000000,0.729,0.729,0.72733,0.72805,6542.14
1642118400000,0.72805,0.72805,0.72646,0.72742,13966.86
1642132800000,0.72744,0.72922,0.72743,0.72809,11322.29
1642147200000,0.72813,0.72931,0.72609,0.72613,14617.74
1642161600000,0.72612,0.72632,0.72292,0.72319,37013.56
1642176000000,0.72323,0.7233,0.71977,0.72077,15779.23
1642190400000,0.72073,0.7217,0.72056,0.72094,3678.05
1642363200000,0.72147,0.72234,0.7207,0.72153,2628.92
1642377600000,0.72153,0.7216,0.7195,0.72106,11361.32
1642392000000,0.72107,0.7217,0.71997,0.72167,9624.92
1642406400000,0.72165,0.7229,0.721,0.72197,15071.47
1642420800000,0.72198,0.72236,0.72044,0.72107,15821.72
1642435200000,0.72108,0.72147,0.72069,0.72101,5727.77
1642449600000,0.72101,0.72132,0.72044,0.72108,2082.35
1642464000000,0.72108,0.72274,0.71801,0.71856,15226.95
1642478400000,0.71857,0.72043,0.71787,0.72017,19915.73
1642492800000,0.72017,0.7204,0.71814,0.71856,23723.42
1642507200000,0.71859,0.71947,0.71748,0.71878,32487.3
1642521600000,0.71878,0.71898,0.71696,0.71853,14413.62
1642536000000,0.71854,0.71889,0.71755,0.71865,6595.37
1642550400000,0.71869,0.71937,0.71765,0.71843,13497.85
1642564800000,0.71844,0.71953,0.71785,0.71797,12778.98
1642579200000,0.71797,0.72152,0.71781,0.7211,17246.37
1642593600000,0.7211,0.72376,0.72063,0.72206,26414.61
1642608000000,0.72209,0.72321,0.72178,0.72244,15312.84
1642622400000,0.72244,0.72271,0.72077,0.72155,7705.55
1642636800000,0.72155,0.72565,0.72151,0.72349,15541.85
1642651200000,0.72349,0.72396,0.72203,0.72333,11761.89
1642665600000,0.72334,0.72426,0.72275,0.72403,19646.88
1642680000000,0.72406,0.7276,0.72342,0.7272,24676.68
1642694400000,0.7272,0.72747,0.72389,0.72416,12756.74
1642708800000,0.72418,0.72436,0.72041,0.72158,10992.26
1642723200000,0.72159,0.72182,0.71811,0.71912,23113.05
1642737600000,0.71911,0.71988,0.71847,0.71972,16372.36
1642752000000,0.7197,0.72052,0.7183,0.71936,20653.94
1642766400000,0.71938,0.72143,0.71839,0.7199,37095.15
1642780800000,0.71993,0.72067,0.71739,0.7176,24945.83
1642795200000,0.71759,0.71803,0.71711,0.71721,7889.48
1642968000000,0.71708,0.71872,0.71708,0.71868,4300.53
1642982400000,0.71869,0.7187,0.71753,0.71798,15936.91
1642996800000,0.71799,0.71829,0.71529,0.71619,17733.83
1643011200000,0.71619,0.71704,0.71254,0.71317,34504.99
1643025600000,0.71317,0.71354,0.70901,0.71083,50293.29
1643040000000,0.71084,0.71313,0.70946,0.71277,39614.62
1643054400000,0.71276,0.71536,0.71271,0.71533,14777.58
1643068800000,0.71535,0.7176,0.7135,0.71434,30255.05
1643083200000,0.71434,0.71466,0.71289,0.71418,22068.46
1643097600000,0.71422,0.7154,0.7123,0.71276,35737.3
1643112000000,0.71276,0.71548,0.71209,0.71398,48675.24
1643126400000,0.71396,0.7169,0.71319,0.7169,24263.22
1643140800000,0.71688,0.71692,0.71432,0.7158,15207.28
1643155200000,0.71578,0.71652,0.71495,0.71577,16618.03
1643169600000,0.71577,0.71626,0.71517,0.71536,13026.38
1643184000000,0.71537,0.71768,0.71526,0.71747,26039.74
1643198400000,0.71744,0.71756,0.71518,0.71595,35199.89
1643212800000,0.71594,0.71809,0.71133,0.71253,51110.7
1643227200000,0.71251,0.71252,0.70951,0.71208,29686.98
1643241600000,0.71207,0.71209,0.70723,0.70801,30783.81
1643256000000,0.708,0.70849,0.70626,0.70683,29286.8
1643270400000,0.70683,0.7099,0.70649,0.70747,36136.56
1643284800000,0.70748,0.70887,0.7042,0.70495,48283.26
1643299200000,0.70493,0.70597,0.70234,0.70247,32098.43
1643313600000,0.70248,0.70401,0.70233,0.70345,14126.45
1643328000000,0.70349,0.70454,0.70275,0.70382,18389.93
1643342400000,0.70383,0.70415,0.70146,0.70173,22240.55
1643356800000,0.70172,0.70184,0.69671,0.69792,41428.26
1643371200000,0.69793,0.70076,0.69669,0.6996,65099.16
1643385600000,0.6996,0.7007,0.69743,0.69816,56128.72
1643400000000,0.69817,0.69971,0.69811,0.69917,15178.6
1643572800000,0.69893,0.6997,0.69866,0.69959,4262.6
1643587200000,0.69959,0.70164,0.69915,0.70071,14633.97
1643601600000,0.70071,0.70434,0.70057,0.70432,12445.41
1643616000000,0.70432,0.70575,0.70355,0.7047,25161.28
1643630400000,0.70471,0.70762,0.7037,0.70495,36218.86
1643644800000,0.70495,0.70735,0.70376,0.70734,21210.61
1643659200000,0.70733,0.70743,0.70632,0.70675,10171.94
1643673600000,0.70674,0.70729,0.70329,0.70372,18219.11
1643688000000,0.70371,0.70832,0.7037,0.70825,15720.98
1643702400000,0.70825,0.71031,0.70775,0.70981,28363.09
1643716800000,0.70981,0.71133,0.70762,0.71103,45133.03
1643731200000,0.71102,0.71174,0.71032,0.71157,19795.94
1643745600000,0.71153,0.7139,0.71146,0.71332,8863.18
1643760000000,0.71331,0.71459,0.71262,0.71281,13621.41
1643774400000,0.71282,0.71404,0.71282,0.71372,10074.44
1643788800000,0.71371,0.71538,0.71221,0.71479,24573.08
1643803200000,0.71481,0.71587,0.71192,0.71231,34600.99
1643817600000,0.71233,0.71451,0.71177,0.71445,16137.6
1643832000000,0.71444,0.7148,0.71189,0.71201,11383.64
1643846400000,0.71201,0.71297,0.71148,0.71277,14382.6
1643860800000,0.71279,0.71301,0.71171,0.71298,15258.75
1643875200000,0.71297,0.71306,0.71093,0.71137,25342.11
1643889600000,0.7114,0.71678,0.71107,0.71483,66023.23
1643904000000,0.71484,0.71549,0.71277,0.71325,23706.04
1643918400000,0.71325,0.71464,0.71247,0.71417,8737.9
1643932800000,0.71418,0.71478,0.71297,0.71441,13277.43
1643947200000,0.71442,0.7151,0.71137,0.71148,15733.92
1643961600000,0.71147,0.71147,0.70836,0.70891,33136.92
1643976000000,0.70895,0.70958,0.70512,0.70581,53926.56
1643990400000,0.70582,0.70802,0.70544,0.70748,19165.14
1644004800000,0.7075,0.70821,0.7071,0.70724,6866.2
1644177600000,0.70764,0.70854,0.70746,0.70791,3512.43
1644192000000,0.70794,0.70841,0.70648,0.70757,15534.6
1644206400000,0.70754,0.71052,0.70746,0.71036,12229.83
1644220800000,0.71036,0.71055,0.70876,0.70972,30336.73
1644235200000,0.70973,0.7122,0.70973,0.71165,36365.15
1644249600000,0.71167,0.71299,0.7105,0.71283,18270.29
1644264000000,0.71282,0.71297,0.71192,0.71265,7238.75
1644278400000,0.71267,0.71379,0.71244,0.71329,11948.05
1644292800000,0.7133,0.71365,0.71062,0.71162,16521.81
1644307200000,0.71163,0.71373,0.71156,0.71222,30777.44
1644321600000,0.71221,0.71372,0.71122,0.71264,28295.67
1644336000000,0.71268,0.71433,0.71242,0.71348,11860.84
1644350400000,0.71349,0.7147,0.71338,0.71446,6840
1644364800000,0.71446,0.71645,0.71413,0.71605,11433.48
1644379200000,0.71605,0.71673,0.71448,0.71542,11864.75
1644393600000,0.7154,0.71792,0.71513,0.71778,21693.9
1644408000000,0.71778,0.71941,0.71731,0.71815,22812.5
1644422400000,0.71814,0.71894,0.71775,0.71851,11728.84
1644436800000,0.71848,0.7185,0.71756,0.71765,6165.11
1644451200000,0.71767,0.71801,0.71602,0.71683,11294.43
1644465600000,0.7168,0.71858,0.71678,0.71858,8939.82
1644480000000,0.71858,0.72012,0.71823,0.71974,18348.04
1644494400000,0.71976,0.72421,0.71467,0.72365,54317.54
1644508800000,0.72364,0.72483,0.71679,0.71691,43613.75
1644523200000,0.71688,0.71827,0.71526,0.71609,16961.3
1644537600000,0.7161,0.71612,0.71326,0.71396,19698.1
1644552000000,0.71394,0.71402,0.71081,0.71236,20699.81
1644566400000,0.71236,0.7139,0.71181,0.71372,31521.29
1644580800000,0.71371,0.71848,0.71358,0.71761,43836.71
1644595200000,0.71764,0.71819,0.7121,0.71244,63421.23
1644609600000,0.71247,0.71423,0.71243,0.71318,21312.58
1644782400000,0.7126,0.71499,0.71254,0.71439,6316.59
1644796800000,0.71436,0.71461,0.71162,0.71171,19798.33
1644811200000,0.71169,0.71319,0.71103,0.7122,17171.83
1644825600000,0.7122,0.71224,0.70857,0.70965,44053.74
1644840000000,0.70966,0.71338,0.7092,0.71187,63539.48
1644854400000,0.71187,0.71419,0.71087,0.71202,50890.96
1644868800000,0.71201,0.71321,0.71168,0.71314,16797.94
1644883200000,0.71313,0.71401,0.71214,0.71257,16984.03
1644897600000,0.71259,0.71319,0.71012,0.71125,21065.29
1644912000000,0.71126,0.71561,0.71114,0.71368,40781.85
1644926400000,0.71369,0.71508,0.71139,0.71397,37233.42
1644940800000,0.714,0.71524,0.71358,0.71517,14658.2
1644955200000,0.71518,0.71547,0.71411,0.71477,10320.06
1644969600000,0.71475,0.71614,0.7143,0.71518,12831.51
1644984000000,0.71517,0.71749,0.71478,0.71741,10626.28
1644998400000,0.71742,0.71839,0.71649,0.71769,32956.74
1645012800000,0.7177,0.71802,0.71567,0.71696,39419.66
1645027200000,0.71698,0.72038,0.71651,0.72024,29773.72
1645041600000,0.72022,0.72075,0.71918,0.7192,11720.06
1645056000000,0.71919,0.7215,0.71561,0.71568,23804.51
1645070400000,0.7157,0.72053,0.7149,0.72053,43442.91
1645084800000,0.72053,0.72138,0.71804,0.72038,41287.51
1645099200000,0.72038,0.72171,0.71873,0.71985,50421.41
1645113600000,0.71985,0.7204,0.71915,0.71926,18590.23
1645128000000,0.71929,0.71933,0.71822,0.71866,10177.7
1645142400000,0.71865,0.72041,0.71763,0.72031,23063.03
1645156800000,0.72031,0.72162,0.71972,0.72146,15648.99
1645171200000,0.72146,0.72275,0.71979,0.72048,28979.39
1645185600000,0.72049,0.72183,0.71756,0.71769,47336.32
1645200000000,0.71767,0.71905,0.71643,0.71844,31225.08
1645214400000,0.71846,0.71872,0.71711,0.71711,10525.68
1645387200000,0.71694,0.7178,0.71664,0.71712,4140.94
1645401600000,0.71715,0.72098,0.71669,0.72064,27276.51
1645416000000,0.72061,0.72223,0.72031,0.72151,18760.99
1645430400000,0.72151,0.72209,0.71918,0.71976,35736.72
1645444800000,0.71973,0.72196,0.71915,0.72142,50305
1645459200000,0.72141,0.72162,0.71854,0.7194,18455.19
1645473600000,0.71936,0.71963,0.71715,0.71834,8300.52
1645488000000,0.71836,0.72008,0.71802,0.71881,26861.78
1645502400000,0.7188,0.72117,0.7188,0.71943,28563.12
1645516800000,0.71943,0.7233,0.71916,0.72219,45055.08
1645531200000,0.7222,0.72284,0.72051,0.72236,43085.9
1645545600000,0.72235,0.72331,0.72027,0.722,33387.95
1645560000000,0.72203,0.72283,0.72129,0.72261,12580.38
1645574400000,0.7226,0.72404,0.72182,0.72263,24169.07
1645588800000,0.72264,0.72437,0.7222,0.72434,16382.4
1645603200000,0.72434,0.72671,0.72414,0.72573,30984.56
1645617600000,0.72574,0.72835,0.72407,0.7243,36171.91
1645632000000,0.72432,0.72534,0.72283,0.72349,22839.82
1645646400000,0.72347,0.72369,0.7221,0.72271,10387.23
1645660800000,0.7227,0.72287,0.71756,0.71847,60851.52
1645675200000,0.71845,0.72051,0.71677,0.71774,64152.88
1645689600000,0.71774,0.71911,0.71606,0.71721,76575.77
1645704000000,0.71722,0.71762,0.70942,0.70952,66387.74
1645718400000,0.70946,0.7171,0.70945,0.71569,56724.93
1645732800000,0.71569,0.71777,0.71565,0.71596,20631.95
1645747200000,0.71597,0.71847,0.71392,0.71847,42046.2
1645761600000,0.71844,0.72109,0.7182,0.72067,33967.8
1645776000000,0.72067,0.72077,0.71835,0.72004,56269.1
1645790400000,0.72005,0.72373,0.71976,0.72239,65282.49
1645804800000,0.72241,0.72347,0.72065,0.7232,23444.91
1645819200000,0.72316,0.72355,0.72242,0.72333,9483.91
1645992000000,0.71584,0.71898,0.71568,0.7185,12659.26
1646006400000,0.71848,0.71935,0.7167,0.71746,54671.74
1646020800000,0.71745,0.72054,0.71745,0.72026,31866.81
1646035200000,0.72029,0.72214,0.7188,0.72145,50745.19
1646049600000,0.72145,0.7257,0.72133,0.72565,45870.89
1646064000000,0.72564,0.72644,0.72436,0.7263,31242.33
1646078400000,0.72629,0.72671,0.72551,0.72582,13329.68
1646092800000,0.72583,0.72672,0.72462,0.72514,16919.93
1646107200000,0.72515,0.72893,0.72505,0.72838,18344.23
1646121600000,0.72838,0.72859,0.72613,0.72727,45231.7
1646136000000,0.72727,0.72794,0.72542,0.72598,53890.51
1646150400000,0.72599,0.7262,0.72376,0.72463,36916.24
1646164800000,0.72466,0.72628,0.72414,0.72605,13656.4
1646179200000,0.72605,0.72821,0.72569,0.72705,16452.89
1646193600000,0.72706,0.72741,0.72436,0.72522,27113.4
1646208000000,0.72524,0.72673,0.72429,0.72646,50068.23
1646222400000,0.72644,0.72808,0.72471,0.72516,59427.28
1646236800000,0.72518,0.73062,0.72465,0.7296,37503.44
1646251200000,0.72963,0.73047,0.7289,0.72925,12788.89
1646265600000,0.72925,0.72968,0.72757,0.72895,16838.86
1646280000000,0.72894,0.73227,0.72891,0.73168,16710.97
1646294400000,0.7317,0.73172,0.72924,0.72996,31668.4
1646308800000,0.72996,0.73472,0.72988,0.73189,48749
1646323200000,0.73191,0.73321,0.73013,0.73257,35429.78
1646337600000,0.73255,0.73372,0.7318,0.73354,14244.14
1646352000000,0.73352,0.73384,0.73,0.73355,50339.5
1646366400000,0.73355,0.73622,0.73347,0.7354,22265.02
1646380800000,0.7354,0.73745,0.73491,0.73625,37418.98
1646395200000,0.73626,0.73652,0.73138,0.73482,49043.79
1646409600000,0.73485,0.73801,0.73391,0.73704,28436.01
1646424000000,0.73706,0.73762,0.73636,0.737,11278.87
1646596800000,0.73732,0.73945,0.73541,0.73935,8658.86
1646611200000,0.73934,0.74408,0.7386,0.74114,41519.09
1646625600000,0.74115,0.74296,0.74076,0.7409,28519.47
1646640000000,0.74095,0.74194,0.73915,0.74082,54334.63
1646654400000,0.74083,0.7414,0.73262,0.7328,79930.56
1646668800000,0.73284,0.73389,0.73112,0.73248,39511.96
1646683200000,0.7325,0.73298,0.73094,0.73286,12240.01
1646697600000,0.73288,0.73476,0.73162,0.73267,28057.09
1646712000000,0.73269,0.73281,0.7271,0.72754,43131.72
1646726400000,0.72755,0.73005,0.72666,0.72961,43956.79
1646740800000,0.7296,0.73044,0.72608,0.72654,59312.16
1646755200000,0.72656,0.72865,0.72448,0.72754,56761.21
1646769600000,0.72754,0.72791,0.7262,0.72669,15785.05
1646784000000,0.72671,0.72831,0.72662,0.72716,24070.35
1646798400000,0.72715,0.72995,0.72707,0.72949,25213.26
1646812800000,0.72951,0.73338,0.72889,0.73246,38715.16
1646827200000,0.73245,0.73369,0.73164,0.73186,45398.3
1646841600000,0.73187,0.73289,0.73123,0.73184,24051.24
1646856000000,0.73183,0.73306,0.73095,0.73162,10643.05
1646870400000,0.73163,0.73231,0.7287,0.73225,18664.36
1646884800000,0.73225,0.73446,0.73081,0.73445,17627.06
1646899200000,0.73448,0.73456,0.73265,0.73305,51853.99
1646913600000,0.73305,0.73622,0.73278,0.73601,58405.41
1646928000000,0.73599,0.73671,0.73485,0.73644,18345.36
1646942400000,0.73647,0.73666,0.73522,0.73649,8004.62
1646956800000,0.73653,0.73661,0.7334,0.73443,18413.38
1646971200000,0.73443,0.73563,0.73278,0.73453,20189.49
1646985600000,0.73454,0.73461,0.73056,0.73257,44259.25
1647000000000,0.73257,0.73313,0.73129,0.73198,45225.51
1647014400000,0.732,0.73203,0.72943,0.72956,28201.09
1647028800000,0.72956,0.72959,0.72818,0.72901,6972.2
1647201600000,0.72878,0.72983,0.72805,0.7296,4882.71
1647216000000,0.72961,0.72966,0.72504,0.72522,23169.48
1647230400000,0.72521,0.726,0.72336,0.72441,19432.75
1647244800000,0.72442,0.72597,0.72286,0.72304,33640.63
1647259200000,0.72306,0.72553,0.72267,0.72293,34153.65
1647273600000,0.72292,0.72395,0.71898,0.71957,23069.91
1647288000000,0.71957,0.72059,0.71858,0.71979,6742.35
1647302400000,0.71979,0.72055,0.71647,0.71868,24195.54
1647316800000,0.7187,0.71951,0.71692,0.71922,25405.82
1647331200000,0.71923,0.72099,0.71814,0.72052,32036.36
1647345600000,0.72054,0.72269,0.71925,0.71949,32105.93
1647360000000,0.71949,0.71996,0.71747,0.71986,20191.11
1647374400000,0.71985,0.72009,0.7188,0.71894,5928.55
1647388800000,0.71894,0.72102,0.71801,0.71991,17505.13
1647403200000,0.71989,0.72329,0.7197,0.72185,18372.42
1647417600000,0.72186,0.72534,0.72161,0.72504,29131.12
1647432000000,0.72505,0.72745,0.72435,0.72502,39091.1
1647446400000,0.72503,0.72965,0.72055,0.72965,55830.57
1647460800000,0.72964,0.72964,0.72819,0.72879,8869.52
1647475200000,0.72879,0.73202,0.72829,0.73112,36395.69
1647489600000,0.73113,0.73238,0.73017,0.73235,22903.6
1647504000000,0.73234,0.73456,0.73193,0.73377,35704.91
1647518400000,0.73377,0.73893,0.7331,0.73874,38864.85
1647532800000,0.73873,0.73927,0.73712,0.73784,17040.07
1647547200000,0.73785,0.73837,0.73705,0.73807,7264.15
1647561600000,0.73808,0.73933,0.73704,0.73761,18437.95
1647576000000,0.73762,0.74085,0.73758,0.73988,18723.95
1647590400000,0.73989,0.74008,0.7371,0.73786,22981.36
1647604800000,0.73786,0.74123,0.73602,0.74019,34698.31
1647619200000,0.7402,0.74174,0.73972,0.74108,15123.68
1647633600000,0.74107,0.74147,0.74081,0.74128,1958.82
1647806400000,0.74034,0.74137,0.73995,0.74092,4376.09
1647820800000,0.74093,0.74243,0.73958,0.73994,16403.97
1647835200000,0.73993,0.74073,0.7385,0.73955,16599.87
1647849600000,0.73955,0.74045,0.73733,0.73854,21415.24
1647864000000,0.73855,0.742,0.73855,0.74157,31054.52
1647878400000,0.74157,0.74203,0.73815,0.73982,31146.39
1647892800000,0.7398,0.74019,0.73895,0.73952,4049.28
1647907200000,0.73951,0.7402,0.73751,0.73992,18748.79
1647921600000,0.73991,0.74084,0.73785,0.73874,18686.21
1647936000000,0.73874,0.74309,0.73855,0.74278,26591.59
1647950400000,0.74279,0.74478,0.74279,0.74363,29229.33
1647964800000,0.74363,0.74677,0.74302,0.7467,15471.01
1647979200000,0.74669,0.74765,0.746,0.74616,6445.58
1647993600000,0.74615,0.74764,0.74497,0.74566,19235.73
1648008000000,0.74567,0.7465,0.74502,0.74595,15881.06
1648022400000,0.74596,0.74813,0.74527,0.74766,21357.14
1648036800000,0.74765,0.74983,0.74526,0.7497,31038.36
1648051200000,0.74971,0.75067,0.74889,0.74986,14541.06
1648065600000,0.74988,0.75051,0.74819,0.74984,6164.93
1648080000000,0.74985,0.75014,0.74774,0.74788,18425.18
1648094400000,0.74788,0.74876,0.74661,0.7477,17153.24
1648108800000,0.74769,0.74996,0.74659,0.74936,26085.82
1648123200000,0.74937,0.75272,0.748,0.7506,35898.9
1648137600000,0.7506,0.75185,0.74942,0.75139,18476.72
1648152000000,0.75139,0.75179,0.75078,0.75096,5285.77
1648166400000,0.75098,0.75246,0.75008,0.75199,25635.74
1648180800000,0.75198,0.75363,0.74997,0.7509,16212.22
1648195200000,0.75088,0.75178,0.74945,0.75127,19245.48
1648209600000,0.75126,0.75288,0.74972,0.74992,40143.94
1648224000000,0.74992,0.75247,0.74982,0.75242,25831.27
1648238400000,0.75243,0.7527,0.75122,0.75123,2295.29
1648411200000,0.74998,0.7521,0.74954,0.75169,4530.02
1648425600000,0.75166,0.75249,0.74986,0.75247,22735.85
1648440000000,0.75245,0.75323,0.75093,0.75267,23438.89
1648454400000,0.75267,0.75395,0.75082,0.75101,34270.34
1648468800000,0.75101,0.75218,0.74662,0.74835,39943.15
1648483200000,0.74835,0.75006,0.74794,0.74937,16389.08
1648497600000,0.74937,0.75068,0.74865,0.74963,6378.41
1648512000000,0.74963,0.74999,0.74731,0.74819,25242.41
1648526400000,0.74822,0.75184,0.74802,0.75001,21081.67
1648540800000,0.75001,0.75117,0.74794,0.7504,33603.36
1648555200000,0.75039,0.75109,0.74555,0.75049,55067.8
1648569600000,0.75051,0.7516,0.74838,0.75128,19612.51
1648584000000,0.75127,0.7524,0.75032,0.75139,5603.9
1648598400000,0.75139,0.75174,0.75041,0.7517,27188.25
1648612800000,0.75176,0.7535,0.75054,0.75132,25674.55
1648627200000,0.75136,0.75302,0.7502,0.75174,24354.51
1648641600000,0.75174,0.75359,0.75044,0.75067,33098.39
1648656000000,0.75066,0.75176,0.75019,0.7509,14982.01
1648670400000,0.75091,0.75172,0.74935,0.75009,5838.41
1648684800000,0.75009,0.75252,0.74826,0.74854,22833.67
1648699200000,0.74852,0.74893,0.74705,0.74838,19730.27
1648713600000,0.74834,0.74952,0.74701,0.74825,22884.39
1648728000000,0.74825,0.75135,0.74801,0.7497,41638.9
1648742400000,0.74971,0.75002,0.74806,0.74823,17255.67
1648756800000,0.74824,0.74993,0.74769,0.74911,6701.62
1648771200000,0.74911,0.74928,0.74732,0.74863,15557.25
1648785600000,0.74862,0.75,0.74721,0.74935,20413.63
1648800000000,0.74934,0.75195,0.74905,0.75189,22499.74
1648814400000,0.7519,0.75241,0.74807,0.74932,35430.28
1648828800000,0.74931,0.75039,0.74807,0.75034,15229.49
1648843200000,0.75034,0.75034,0.74908,0.74973,2309.43
1649016000000,0.74873,0.74948,0.74737,0.7485,2781
1649030400000,0.74851,0.75153,0.74825,0.75138,15443.68
1649044800000,0.75137,0.75209,0.7504,0.75207,18324.71
1649059200000,0.75207,0.75222,0.7505,0.75066,21132.27
1649073600000,0.75067,0.75559,0.75067,0.7548,26709.24
1649088000000,0.75478,0.75516,0.7537,0.7543,11134.63
1649102400000,0.75429,0.75477,0.75405,0.75427,5514.98
1649116800000,0.75426,0.75472,0.75355,0.75383,9754.82
1649131200000,0.75382,0.76388,0.75358,0.76301,30867.98
1649145600000,0.76299,0.76389,0.76158,0.76341,22294.12
1649160000000,0.7634,0.76607,0.75909,0.75946,36164.65
1649174400000,0.75945,0.76009,0.75717,0.75777,20122.89
1649188800000,0.75779,0.75883,0.75718,0.75848,6345.53
1649203200000,0.75846,0.75927,0.75612,0.75724,19286.89
1649217600000,0.75723,0.75925,0.75666,0.75779,23938.34
1649232000000,0.75779,0.75874,0.75613,0.75708,21911.04
1649246400000,0.75708,0.75773,0.75334,0.75415,29325.11
1649260800000,0.75416,0.75565,0.74855,0.75088,38201.4
1649275200000,0.75088,0.75185,0.75029,0.75041,7221.7
1649289600000,0.7504,0.7513,0.74796,0.74797,20393.9
1649304000000,0.74797,0.74932,0.74737,0.74853,24576.86
1649318400000,0.74854,0.74878,0.74745,0.74841,21177.83
1649332800000,0.74842,0.74923,0.74663,0.74705,34888.12
1649347200000,0.74703,0.7485,0.74664,0.74772,16950.55
1649361600000,0.7477,0.7483,0.74758,0.74775,4813.25
1649376000000,0.74774,0.74864,0.74725,0.74765,20152.76
1649390400000,0.74767,0.74922,0.74568,0.74606,22028.19
1649404800000,0.74605,0.74697,0.74563,0.74598,14689.05
1649419200000,0.74599,0.74672,0.74259,0.74587,32116.36
1649433600000,0.74586,0.74629,0.74529,0.74571,14419.56
1649448000000,0.74574,0.74619,0.74565,0.74577,1869.19
1649620800000,0.74548,0.74652,0.74447,0.7445,3726.82
1649635200000,0.74449,0.74505,0.74175,0.74358,21327.2
1649649600000,0.7436,0.74508,0.74209,0.74366,24140.07
1649664000000,0.74369,0.74601,0.74311,0.74441,20901.33
1649678400000,0.74443,0.74451,0.7419,0.74196,31782.7
1649692800000,0.74195,0.74312,0.74133,0.7417,14443.91
1649707200000,0.74168,0.74232,0.74114,0.74141,5733.14
1649721600000,0.74141,0.74266,0.73992,0.74233,18424.26
1649736000000,0.74231,0.74392,0.74224,0.74343,24906.93
1649750400000,0.74341,0.74443,0.74245,0.7444,15002.5
1649764800000,0.74442,0.74929,0.74321,0.74817,48648.97
1649779200000,0.74822,0.74877,0.74507,0.74557,24084.95
1649793600000,0.74556,0.74598,0.74464,0.74532,4284.03
1649808000000,0.74532,0.74742,0.74422,0.74645,25774.49
1649822400000,0.74644,0.74646,0.74255,0.74418,26605.32
1649836800000,0.74417,0.7442,0.74124,0.74151,21196.84
1649851200000,0.74151,0.74295,0.73913,0.74279,42064.02
1649865600000,0.74281,0.74503,0.74259,0.74456,20051.52
1649880000000,0.74457,0.74548,0.74433,0.74495,6015.93
1649894400000,0.74498,0.74679,0.74443,0.74584,22114.51
1649908800000,0.74582,0.74662,0.74419,0.74443,20975.7
1649923200000,0.74444,0.74526,0.74352,0.74383,25400.83
1649937600000,0.74384,0.74477,0.73969,0.74034,49262.47
1649952000000,0.74032,0.74236,0.74025,0.74144,14572.54
1649966400000,0.74143,0.74188,0.74037,0.74072,4606.03
1649980800000,0.74071,0.74089,0.73984,0.74001,5688.44
1649995200000,0.74002,0.74052,0.73993,0.74024,15700.51
1650009600000,0.74021,0.74125,0.73997,0.74036,21998.21
1650024000000,0.74038,0.74077,0.73909,0.73927,12200.46
1650038400000,0.7393,0.73941,0.73899,0.73922,5059.5
1650052800000,0.73922,0.73949,0.73892,0.73898,1199.11
1650225600000,0.73899,0.7403,0.73831,0.73958,4608.91
1650240000000,0.73959,0.73967,0.7357,0.73573,19947.04
1650254400000,0.73572,0.7367,0.73505,0.73669,14954.88
1650268800000,0.73668,0.73705,0.7361,0.73672,14806.39
1650283200000,0.73671,0.7378,0.735,0.73521,22502.09
1650297600000,0.73521,0.73573,0.73423,0.73478,12318.08
1650312000000,0.73478,0.73603,0.73427,0.73564,5635.76
1650326400000,0.73561,0.73685,0.73446,0.73654,19376.81
1650340800000,0.73657,0.73881,0.7364,0.73852,23674.05
1650355200000,0.73853,0.73996,0.73503,0.73637,21812.59
1650369600000,0.73638,0.73877,0.73543,0.7371,35613.34
1650384000000,0.73711,0.73805,0.73657,0.73803,14154.51
1650398400000,0.73803,0.7394,0.73717,0.73928,7470.47
1650412800000,0.73929,0.74146,0.73724,0.74122,26779.44
1650427200000,0.74121,0.74303,0.7409,0.74153,24200.9
1650441600000,0.74153,0.74462,0.74095,0.74306,22481.99
1650456000000,0.74307,0.74571,0.74148,0.74509,27212.81
1650470400000,0.74508,0.74558,0.74375,0.74491,14745.73
1650484800000,0.74491,0.74539,0.74416,0.74435,8852.53
1650499200000,0.74435,0.74461,0.74204,0.74265,20548.39
1650513600000,0.74265,0.74577,0.74241,0.74563,26673.22
1650528000000,0.74564,0.7457,0.74255,0.74258,17705.94
1650542400000,0.74258,0.74385,0.73725,0.73757,26985.05
1650556800000,0.73757,0.73792,0.73645,0.73738,26920.32
1650571200000,0.73737,0.7377,0.73589,0.73597,10594.84
1650585600000,0.736,0.73687,0.73312,0.73457,24875.87
1650600000000,0.73453,0.73487,0.73064,0.73137,30611.02
1650614400000,0.73137,0.73157,0.72966,0.73049,26372.75
1650628800000,0.73049,0.73075,0.72484,0.72555,40060.06
1650643200000,0.72555,0.72594,0.72342,0.7239,22467.99
1650657600000,0.72389,0.72457,0.72352,0.72352,3396.66
1650830400000,0.72498,0.72501,0.72315,0.72316,6578.51
1650844800000,0.72317,0.7233,0.71747,0.71848,32767.2
1650859200000,0.71848,0.71873,0.71496,0.71802,42968.75
1650873600000,0.71795,0.72023,0.71434,0.71811,43637.05
1650888000000,0.71809,0.71848,0.71346,0.71471,57338.63
1650902400000,0.71472,0.71788,0.71458,0.71746,36890.7
1650916800000,0.71747,0.71856,0.71725,0.71761,9624.31
1650931200000,0.71761,0.7228,0.71687,0.72157,33470.08
1650945600000,0.72158,0.72282,0.71783,0.71836,34949.8
1650960000000,0.71836,0.72167,0.71835,0.7201,29817.72
1650974400000,0.72009,0.72021,0.71407,0.71425,39449.87
1650988800000,0.71426,0.71609,0.71334,0.71369,21508.96
1651003200000,0.71371,0.71444,0.7118,0.7141,16695.67
1651017600000,0.71412,0.71718,0.7127,0.71626,31921.74
1651032000000,0.71626,0.71901,0.71357,0.71608,32874.99
1651046400000,0.71608,0.71648,0.7136,0.71361,31331.8
1651060800000,0.71361,0.7144,0.71009,0.71234,49428.37
1651075200000,0.71233,0.71489,0.71149,0.71212,27900.12
1651089600000,0.71214,0.71275,0.71178,0.71211,7285.25
1651104000000,0.71211,0.71251,0.70925,0.70931,31267.3
1651118400000,0.70933,0.71616,0.70746,0.71523,47385.59
1651132800000,0.71526,0.71536,0.70812,0.70819,36338.85
1651147200000,0.70818,0.71051,0.70544,0.70768,60073
1651161600000,0.70767,0.71106,0.70692,0.71022,21211.69
1651176000000,0.71021,0.71089,0.70795,0.71087,8727.15
1651190400000,0.71092,0.71379,0.71089,0.71276,27486.25
1651204800000,0.71276,0.71648,0.71246,0.71597,33352.73
1651219200000,0.71597,0.71794,0.7144,0.71644,27836.18
1651233600000,0.71645,0.71715,0.70923,0.71013,51942.47
1651248000000,0.71012,0.71037,0.70618,0.7064,23985.4
1651262400000,0.70641,0.7066,0.70571,0.70581,2523.8
1651435200000,0.70682,0.70752,0.70595,0.70624,9714.42
1651449600000,0.70625,0.70815,0.70323,0.70509,24681.75
1651464000000,0.70507,0.70617,0.70332,0.70461,20725.57
1651478400000,0.70461,0.7076,0.70453,0.70653,25014.96
1651492800000,0.70653,0.70695,0.70336,0.70575,39804.54
1651507200000,0.70573,0.70656,0.70294,0.70521,23338.66
1651521600000,0.7052,0.70543,0.70464,0.70503,4502.51
1651536000000,0.70503,0.70995,0.70503,0.70908,28307.61
1651550400000,0.70907,0.71472,0.70838,0.71116,47994.47
1651564800000,0.71118,0.71176,0.70794,0.71157,26448.08
1651579200000,0.71156,0.71264,0.70938,0.70995,35923.21
1651593600000,0.70993,0.71042,0.70788,0.70955,21157.49
1651608000000,0.70957,0.71053,0.70926,0.71004,5056.79
1651622400000,0.71003,0.71183,0.70882,0.71109,17903.71
1651636800000,0.7111,0.71221,0.70982,0.71077,24664.41
1651651200000,0.7108,0.71362,0.71057,0.71344,18098.62
1651665600000,0.71344,0.71503,0.71148,0.71446,30775.25
1651680000000,0.71447,0.72641,0.71245,0.72566,83927.22
1651694400000,0.72565,0.72648,0.72384,0.72509,11986.29
1651708800000,0.72509,0.72657,0.72359,0.72434,28544.61
1651723200000,0.72434,0.7249,0.72112,0.72259,37327.09
1651737600000,0.72256,0.72259,0.71885,0.71916,36295.22
1651752000000,0.71915,0.72067,0.70907,0.70908,65464.64
1651766400000,0.70905,0.7114,0.70768,0.71134,52393.08
1651780800000,0.71132,0.71242,0.70938,0.71187,12987.75
1651795200000,0.71189,0.71321,0.70814,0.71115,35500
1651809600000,0.71116,0.71157,0.70632,0.70738,35204.02
1651824000000,0.70738,0.71138,0.70649,0.70908,45942.99
1651838400000,0.70906,0.71347,0.70579,0.70901,91640.09
1651852800000,0.70899,0.71064,0.70624,0.70823,53512.71
1651867200000,0.70823,0.70824,0.7068,0.7071,3440.08
1652040000000,0.70624,0.70704,0.70419,0.70441,11871.53
1652054400000,0.70441,0.70458,0.70032,0.7012,42232.14
1652068800000,0.7012,0.70188,0.69956,0.7009,39175.07
1652083200000,0.7009,0.70134,0.69839,0.70031,41307.25
1652097600000,0.70029,0.70276,0.69675,0.69886,60320.2
1652112000000,0.69885,0.70189,0.69446,0.6952,41055.07
1652126400000,0.69523,0.69625,0.69429,0.69531,10541.2
1652140800000,0.6953,0.69719,0.69102,0.69692,61266.87
1652155200000,0.69692,0.69857,0.69402,0.69431,50675
1652169600000,0.6943,0.69763,0.69413,0.69556,37319.36
1652184000000,0.69554,0.69811,0.69165,0.69246,74256.42
1652198400000,0.69244,0.6958,0.69133,0.69395,55099.85
1652212800000,0.69392,0.6941,0.6932,0.69321,6934.09
1652227200000,0.6932,0.69609,0.69286,0.69599,25695.52
1652241600000,0.69599,0.69819,0.69514,0.69782,27252.36
1652256000000,0.69784,0.70204,0.6974,0.70141,30038.52
1652270400000,0.70141,0.70532,0.69272,0.6993,95524.74
1652284800000,0.69929,0.69943,0.69293,0.69323,62324.26
1652299200000,0.69324,0.69417,0.69256,0.69258,10700.07
1652313600000,0.69258,0.69526,0.69041,0.69224,46832.87
1652328000000,0.69224,0.6925,0.68728,0.68915,56541.41
1652342400000,0.68914,0.68927,0.68512,0.68555,44979.55
1652356800000,0.68554,0.68924,0.68419,0.68497,74468.88
1652371200000,0.68498,0.68788,0.68284,0.68569,63750.56
1652385600000,0.68568,0.68732,0.68516,0.68679,7142.31
1652400000000,0.68679,0.68917,0.68625,0.68818,36519.59
1652414400000,0.68816,0.69042,0.68759,0.68979,39334.25
1652428800000,0.68978,0.69033,0.68666,0.68923,30090.08
1652443200000,0.68926,0.69223,0.68733,0.69185,43314.13
1652457600000,0.69185,0.69312,0.69013,0.69284,22948.1
1652472000000,0.69283,0.69405,0.6926,0.69356,2707.04
1652644800000,0.69174,0.69527,0.69174,0.69469,5823.21
1652659200000,0.69467,0.69594,0.68718,0.68802,41343.91
1652673600000,0.68803,0.69131,0.68777,0.68981,29443.43
1652688000000,0.68981,0.6929,0.6897,0.69213,27633.53
1652702400000,0.69215,0.69499,0.69167,0.69432,48740.04
1652716800000,0.69432,0.6982,0.69331,0.69711,24967.6
1652731200000,0.69712,0.69765,0.69639,0.69723,7090.31
1652745600000,0.69722,0.70111,0.69713,0.69951,29623.65
1652760000000,0.69953,0.7019,0.69937,0.70099,27853.3
1652774400000,0.70101,0.704,0.70097,0.70303,32801.67
1652788800000,0.70304,0.70354,0.69956,0.70117,37990.07
1652803200000,0.70121,0.70326,0.69893,0.70205,44099.05
1652817600000,0.70206,0.70362,0.70178,0.70296,5456.19
1652832000000,0.70293,0.70461,0.69954,0.70018,31031.29
1652846400000,0.70017,0.70369,0.69952,0.70091,30970.17
1652860800000,0.70093,0.70286,0.69964,0.70139,19162.38
1652875200000,0.7014,0.70271,0.69809,0.6996,37875.14
1652889600000,0.69961,0.70038,0.69579,0.69606,30730.45
1652904000000,0.69608,0.69762,0.69491,0.69575,12083.85
1652918400000,0.69576,0.70161,0.69531,0.70113,40095.61
1652932800000,0.70113,0.70231,0.69578,0.69918,38769.14
1652947200000,0.69923,0.70133,0.69757,0.69992,42262.74
1652961600000,0.69994,0.7069,0.69945,0.70559,67832.48
1652976000000,0.70562,0.70722,0.70476,0.70555,46673.23
1652990400000,0.70554,0.70554,0.70403,0.70411,7602.31
1653004800000,0.70411,0.70478,0.70074,0.70074,30682.07
1653019200000,0.70072,0.70701,0.70016,0.70597,34799.49
1653033600000,0.70598,0.7073,0.7047,0.70583,26080.45
1653048000000,0.70583,0.70658,0.70202,0.70308,47366.97
1653062400000,0.70307,0.70459,0.70037,0.70385,39506.17
1653076800000,0.70385,0.70476,0.70348,0.70381,3080.19
1653249600000,0.70465,0.70688,0.7039,0.70609,7743.7
1653264000000,0.70608,0.70978,0.70581,0.70885,26262.41
1653278400000,0.70888,0.71255,0.70842,0.71019,33695.98
1653292800000,0.71019,0.71265,0.70885,0.71125,34643.36
1653307200000,0.71126,0.7123,0.70946,0.70989,44102.11
1653321600000,0.70989,0.71138,0.70866,0.71034,22377.3
1653336000000,0.71035,0.71099,0.70838,0.70858,9159.14
1653350400000,0.70858,0.70884,0.70651,0.70872,21600.9
1653364800000,0.70879,0.7102,0.70711,0.71018,33281.41
1653379200000,0.71015,0.71048,0.70614,0.70737,27258.63
1653393600000,0.70737,0.70953,0.70565,0.70795,46606.18
1653408000000,0.70795,0.71126,0.70777,0.71071,36253.08
1653422400000,0.71071,0.71186,0.71001,0.71008,8257.31
1653436800000,0.71006,0.71183,0.70814,0.7114,29680.88
1653451200000,0.71137,0.71184,0.70901,0.70935,29290.5
1653465600000,0.70935,0.70959,0.70465,0.70511,29372.15
1653480000000,0.7051,0.7085,0.70351,0.70647,42090.11
1653494400000,0.70647,0.70985,0.70524,0.70886,44908.48
1653508800000,0.70887,0.70999,0.70816,0.70889,8399
1653523200000,0.70888,0.71092,0.70744,0.70915,26405.5
1653537600000,0.70916,0.70982,0.70567,0.70979,27084.92
1653552000000,0.7098,0.71031,0.70768,0.70868,25302.86
1653566400000,0.70871,0.70987,0.70712,0.70766,36996.38
1653580800000,0.70766,0.7094,0.70766,0.70935,19674.84
1653595200000,0.70935,0.71021,0.70925,0.70976,5821.85
1653609600000,0.70977,0.71438,0.70888,0.71385,33192.35
1653624000000,0.71383,0.71438,0.71233,0.71344,25614.52
1653638400000,0.7134,0.71485,0.71327,0.71424,27212.15
1653652800000,0.71424,0.71665,0.71377,0.71529,32735
1653667200000,0.7153,0.71587,0.71398,0.71586,10466.34
1653681600000,0.71585,0.71607,0.71554,0.7157,1779.59
1653854400000,0.71575,0.71651,0.71446,0.71578,5405.42
1653868800000,0.71579,0.71883,0.71565,0.71761,21183.73
1653883200000,0.7176,0.71926,0.71681,0.71728,28038.74
1653897600000,0.71731,0.7193,0.71714,0.71852,20541.75
1653912000000,0.71852,0.71979,0.71729,0.71966,23125.93
1653926400000,0.71966,0.71994,0.7193,0.71966,7415.5
1653940800000,0.71965,0.71982,0.71871,0.71936,6789.4
1653955200000,0.71937,0.7203,0.71616,0.71869,31934.28
1653969600000,0.71866,0.71968,0.71738,0.71814,25057.33
1653984000000,0.71809,0.7198,0.71737,0.7178,25482.51
1653998400000,0.71781,0.71877,0.71492,0.71848,47136.32
1654012800000,0.71849,0.71932,0.71701,0.71752,24573.77
1654027200000,0.71751,0.71841,0.71713,0.7182,6052.33
1654041600000,0.71822,0.71947,0.71714,0.71794,20782.69
1654056000000,0.71801,0.71886,0.71576,0.71838,28876.77
1654070400000,0.71837,0.71972,0.71745,0.71953,21077.56
1654084800000,0.71955,0.72298,0.71552,0.71619,45635.05
1654099200000,0.71617,0.71936,0.71599,0.71756,31956.8
1654113600000,0.71754,0.7181,0.71685,0.71707,6450.93
1654128000000,0.71707,0.71772,0.71579,0.71651,22688.57
1654142400000,0.71651,0.71868,0.71403,0.71829,21990.93
1654156800000,0.71829,0.72107,0.71805,0.72082,14780.1
1654171200000,0.7208,0.72577,0.72074,0.72513,46981.48
1654185600000,0.72514,0.72691,0.72491,0.7266,16589.1
1654200000000,0.7266,0.72701,0.72613,0.72645,5965.41
1654214400000,0.72645,0.72826,0.72527,0.72577,19954.57
1654228800000,0.72578,0.72613,0.72472,0.72554,20076.97
1654243200000,0.72552,0.72654,0.72398,0.72407,19006.5
1654257600000,0.72405,0.72528,0.72055,0.72075,50100.65
1654272000000,0.72074,0.72198,0.72011,0.72095,18252.78
1654286400000,0.72097,0.72098,0.72034,0.72034,2163.58
1654459200000,0.72115,0.72158,0.71999,0.72002,5231.9
1654473600000,0.72003,0.72127,0.71867,0.71913,15782.73
1654488000000,0.71914,0.72195,0.71884,0.72175,18573.58
1654502400000,0.72176,0.72312,0.72125,0.72244,17715.94
1654516800000,0.72244,0.72313,0.71901,0.72058,31253.71
1654531200000,0.72056,0.72101,0.71863,0.71956,18960.02
1654545600000,0.71953,0.71956,0.71801,0.71859,5783.93
1654560000000,0.71858,0.7186,0.71589,0.7175,23972.92
1654574400000,0.71747,0.72461,0.71655,0.71834,47182.26
1654588800000,0.71834,0.72016,0.71649,0.71674,26252.6
1654603200000,0.71675,0.72209,0.71566,0.721,39841.88
1654617600000,0.72102,0.72402,0.72058,0.72353,13845.98
1654632000000,0.72353,0.72354,0.7219,0.72207,6935.12
1654646400000,0.72205,0.72337,0.71954,0.72004,23222.79
1654660800000,0.72004,0.72079,0.7193,0.71937,26613.2
1654675200000,0.71936,0.72068,0.7175,0.72008,27184.41
1654689600000,0.72008,0.72261,0.71864,0.72188,41809.91
1654704000000,0.72187,0.72217,0.71865,0.71934,17581.57
1654718400000,0.71938,0.71971,0.71841,0.71858,5393.44
1654732800000,0.71859,0.71902,0.71605,0.71797,22750.62
1654747200000,0.71795,0.71857,0.71656,0.71669,25159.45
1654761600000,0.71669,0.71938,0.71633,0.71751,34894.22
1654776000000,0.71753,0.71774,0.71137,0.71196,56187.36
1654790400000,0.71196,0.71282,0.70955,0.70955,19406.37
1654804800000,0.70952,0.71023,0.7093,0.70971,5255.03
1654819200000,0.7097,0.71065,0.70844,0.7101,21316.57
1654833600000,0.7101,0.71375,0.70983,0.71246,31205.63
1654848000000,0.71246,0.71341,0.71121,0.71149,31378.48
1654862400000,0.71149,0.71321,0.70369,0.70523,72903.38
1654876800000,0.70524,0.7063,0.70402,0.70514,32354.48
1654891200000,0.70515,0.70525,0.70385,0.7044,3173.64
1655064000000,0.70352,0.70446,0.70148,0.70192,8432.7
1655078400000,0.70192,0.70257,0.70002,0.70254,28680.08
1655092800000,0.70256,0.70337,0.6998,0.6998,36800.48
1655107200000,0.6998,0.70055,0.69562,0.69606,38452.97
1655121600000,0.69606,0.69913,0.69233,0.69432,55587.77
1655136000000,0.69433,0.69616,0.69107,0.69207,54710.88
1655150400000,0.69207,0.69414,0.69174,0.69401,10673.9
1655164800000,0.694,0.69605,0.69281,0.69557,40705.92
1655179200000,0.69557,0.69699,0.69443,0.69506,38108.68
1655193600000,0.69507,0.69511,0.68822,0.68824,45982.45
1655208000000,0.68824,0.69165,0.68755,0.68877,70080.25
1655222400000,0.68877,0.68907,0.685,0.68644,38714.95
1655236800000,0.68645,0.68891,0.68622,0.68868,10537.66
1655251200000,0.6887,0.69176,0.68852,0.69081,30467.55
1655265600000,0.6908,0.69157,0.68918,0.69068,47919.72
1655280000000,0.69066,0.69523,0.69048,0.69438,44170.32
1655294400000,0.69444,0.69589,0.69234,0.69455,56486.47
1655308800000,0.69454,0.70238,0.69153,0.70046,73595.79
1655323200000,0.70048,0.70176,0.69922,0.70172,11896.67
1655337600000,0.70171,0.70351,0.70006,0.70144,31856.43
1655352000000,0.70144,0.70201,0.69501,0.69693,42462.85
1655366400000,0.69694,0.69893,0.69498,0.69499,54717.15
1655380800000,0.69502,0.69977,0.6943,0.69973,54058.86
1655395200000,0.69974,0.70685,0.69898,0.70553,57709.87
1655409600000,0.70554,0.70554,0.70389,0.70395,14672
1655424000000,0.70395,0.70423,0.70133,0.70153,48404.26
1655438400000,0.70153,0.70277,0.69715,0.6992,33307.69
1655452800000,0.69919,0.70025,0.69783,0.69792,37851.59
1655467200000,0.69792,0.69928,0.6897,0.69213,60711.55
1655481600000,0.69215,0.69428,0.69163,0.69315,33046.89
1655496000000,0.69317,0.69392,0.69298,0.69322,2811.4
1655668800000,0.6915,0.69566,0.6915,0.69504,8119.73
1655683200000,0.69501,0.69602,0.69262,0.69545,37322.65
1655697600000,0.69545,0.6987,0.69512,0.69795,37089.04
1655712000000,0.69797,0.69954,0.69774,0.69869,33458.74
1655726400000,0.6987,0.69898,0.69608,0.69795,29484.62
1655740800000,0.69795,0.69803,0.69415,0.69508,5861.44
1655755200000,0.69507,0.69732,0.69431,0.69676,8181.92
1655769600000,0.69674,0.69818,0.69479,0.69771,36661.17
1655784000000,0.69772,0.69867,0.69497,0.69782,32918.88
1655798400000,0.69779,0.69829,0.69342,0.69459,31313.1
1655812800000,0.6946,0.69933,0.69436,0.69724,40144.74
1655827200000,0.69723,0.69825,0.69637,0.69678,22676.38
1655841600000,0.69678,0.69736,0.69575,0.6959,7453.23
1655856000000,0.69592,0.6961,0.69153,0.69244,28875.17
1655870400000,0.69244,0.6932,0.68856,0.68958,36042.86
1655884800000,0.68958,0.69119,0.68809,0.6892,34165.54
1655899200000,0.68922,0.69475,0.68918,0.69313,55602.77
1655913600000,0.69314,0.69486,0.6923,0.69297,22550.85
1655928000000,0.69299,0.69321,0.69016,0.69045,6804.82
1655942400000,0.69046,0.692,0.68825,0.68915,37055.69
1655956800000,0.68917,0.69034,0.68687,0.68778,38695.65
1655971200000,0.68779,0.68976,0.68725,0.68947,28904.25
1655985600000,0.68949,0.69258,0.68903,0.6891,58469.42
1656000000000,0.6891,0.6907,0.68745,0.69024,30819.4
1656014400000,0.69024,0.6908,0.68782,0.69021,7342.31
1656028800000,0.6902,0.69113,0.68895,0.6903,29149.74
1656043200000,0.69029,0.69188,0.68998,0.6901,34415.09
1656057600000,0.69012,0.69187,0.68881,0.68989,24885.66
1656072000000,0.68987,0.69573,0.68963,0.69454,54094.47
1656086400000,0.69455,0.695,0.69318,0.695,16158.35
1656100800000,0.69501,0.69502,0.69379,0.69402,2378.45
1656273600000,0.69415,0.69584,0.69365,0.69438,7265.72
1656288000000,0.69433,0.69477,0.69066,0.69189,41344.69
1656302400000,0.69188,0.6945,0.6914,0.69383,44289.18
1656316800000,0.69383,0.69428,0.69188,0.69239,30759.09
1656331200000,0.6924,0.69482,0.69081,0.69397,44102.49
1656345600000,0.69399,0.69413,0.69161,0.69183,27815.03
1656360000000,0.69184,0.69258,0.69159,0.69204,6693.38
1656374400000,0.69203,0.69376,0.69151,0.6929,39954.22
1656388800000,0.6929,0.69641,0.69229,0.6946,50069.7
1656403200000,0.69459,0.69617,0.69346,0.69411,34586.03
1656417600000,0.6941,0.69476,0.69113,0.69154,52507.4
1656432000000,0.69154,0.69259,0.69049,0.69079,27939.27
1656446400000,0.69077,0.69111,0.69022,0.69027,9179
1656460800000,0.69028,0.69195,0.68963,0.69059,38703.8
1656475200000,0.6906,0.6915,0.68776,0.68855,44766.38
1656489600000,0.68853,0.68966,0.68613,0.68965,34636.02
1656504000000,0.68963,0.68992,0.68611,0.68863,66273.03
1656518400000,0.68863,0.68889,0.687,0.68753,27987.88
1656532800000,0.68753,0.68847,0.68735,0.68776,8291.38
1656547200000,0.68774,0.69032,0.68529,0.68904,41099.83
1656561600000,0.68904,0.68964,0.68722,0.68804,37053.14
1656576000000,0.68804,0.68952,0.68667,0.68801,32499.21
1656590400000,0.68802,0.6915,0.68659,0.69055,54843.19
1656604800000,0.69055,0.69188,0.6892,0.69035,36077.06
1656619200000,0.69034,0.6905,0.68904,0.68973,9329.74
1656633600000,0.68971,0.69027,0.68236,0.68314,43076.03
1656648000000,0.68315,0.68368,0.67961,0.67982,47578.31
1656662400000,0.67982,0.68179,0.67774,0.67826,39981.44
1656676800000,0.67826,0.68002,0.67634,0.67883,60620.92
1656691200000,0.67883,0.68281,0.67835,0.68177,29815.32
1656705600000,0.68178,0.6819,0.68105,0.68105,1576.06
1656878400000,0.68038,0.68248,0.68038,0.68127,9321.79
1656892800000,0.68126,0.68278,0.67931,0.68039,37162.26
1656907200000,0.68042,0.68621,0.68029,0.68609,27204.59
1656921600000,0.68609,0.68882,0.68475,0.68779,26875.62
1656936000000,0.68778,0.68788,0.68438,0.68617,27634.57
1656950400000,0.68616,0.68707,0.68592,0.68619,7316.73
1656964800000,0.6862,0.68789,0.6834,0.68707,12481.89
1656979200000,0.68706,0.68943,0.68658,0.68751,40370.53
1656993600000,0.68749,0.68853,0.68053,0.68163,44342.82
1657008000000,0.68163,0.68178,0.67777,0.67833,49324.78
1657022400000,0.67832,0.67892,0.67639,0.67719,57617.81
1657036800000,0.67723,0.67967,0.67612,0.67964,28975.69
1657051200000,0.67964,0.68031,0.67877,0.67933,7942.33
1657065600000,0.67932,0.68186,0.67875,0.68046,41807.58
1657080000000,0.68048,0.68199,0.67772,0.68098,46059.71
1657094400000,0.68097,0.68205,0.67881,0.68022,38485.09
1657108800000,0.68023,0.68256,0.67656,0.67733,71815.08
1657123200000,0.67733,0.67978,0.67614,0.67859,40136.5
1657137600000,0.67858,0.67881,0.67728,0.67814,7458.71
1657152000000,0.67813,0.682,0.67639,0.68144,44259.59
1657166400000,0.68145,0.6833,0.68031,0.68168,31375.29
1657180800000,0.68168,0.68479,0.68048,0.68397,39786.58
1657195200000,0.68399,0.68418,0.6814,0.68258,40546.48
1657209600000,0.68259,0.6848,0.68256,0.68414,16983.53
1657224000000,0.68414,0.685,0.68355,0.6847,7891.56
1657238400000,0.68472,0.68606,0.68215,0.68277,38785.04
1657252800000,0.68279,0.68315,0.68016,0.68181,34959.31
1657267200000,0.68179,0.68371,0.68089,0.68316,33828.63
1657281600000,0.68316,0.68738,0.67911,0.68582,68336.07
1657296000000,0.68583,0.68587,0.68306,0.68496,19652.73
1657310400000,0.68495,0.68556,0.68489,0.68538,1498.41
1657483200000,0.68404,0.6854,0.68356,0.68444,8048.95
1657497600000,0.6845,0.68453,0.6815,0.6824,37321.25
1657512000000,0.68239,0.68293,0.68006,0.68034,31241.03
1657526400000,0.68032,0.68128,0.67674,0.67683,33117.39
1657540800000,0.67684,0.67755,0.67141,0.67488,58877.42
1657555200000,0.67489,0.6753,0.67259,0.67352,28319.23
1657569600000,0.67353,0.67431,0.67298,0.67398,8979.72
1657584000000,0.67399,0.67452,0.67149,0.67318,49917.7
1657598400000,0.67314,0.67346,0.67104,0.67214,45231.1
1657612800000,0.67215,0.67441,0.67125,0.67339,39360.6
1657627200000,0.6734,0.67784,0.67315,0.67706,58868.45
1657641600000,0.67707,0.6776,0.67517,0.676,16192.04
1657656000000,0.676,0.67619,0.6739,0.67453,9258.13
1657670400000,0.67452,0.67783,0.67414,0.67705,45140.63
1657684800000,0.67706,0.67756,0.67522,0.67723,47274.97
1657699200000,0.67723,0.67962,0.67698,0.67936,36348.08
1657713600000,0.67937,0.68029,0.67251,0.67823,101622.72
1657728000000,0.67824,0.67934,0.6755,0.67605,35791.76
1657742400000,0.67606,0.67621,0.67302,0.67319,12544.14
1657756800000,0.67319,0.6785,0.67297,0.67781,49530.42
1657771200000,0.67784,0.67874,0.67464,0.67685,53453.81
1657785600000,0.67684,0.67714,0.67093,0.67186,52732.95
1657800000000,0.67186,0.67522,0.6681,0.67412,94489.05
1657814400000,0.67413,0.67594,0.67145,0.67454,78993.71
1657828800000,0.67454,0.67561,0.67423,0.67557,11625.17
1657843200000,0.67555,0.67643,0.67362,0.67413,50780.32
1657857600000,0.67411,0.67478,0.67186,0.67277,45562.97
1657872000000,0.6728,0.67615,0.67188,0.67516,43944.99
1657886400000,0.67518,0.68058,0.6743,0.67915,83801.14
1657900800000,0.67916,0.67973,0.67831,0.6794,20306.97
1657915200000,0.67939,0.67948,0.67878,0.67887,1274.59
1658088000000,0.67847,0.68135,0.67838,0.68128,9907.83
1658102400000,0.68127,0.68182,0.67964,0.68086,39525.66
1658116800000,0.68086,0.68352,0.67926,0.68302,42547.16
1658131200000,0.68301,0.68427,0.68251,0.68275,35798.9
1658145600000,0.68275,0.6854,0.68144,0.68374,44039.25
1658160000000,0.68373,0.6843,0.68071,0.68122,23404.95
1658174400000,0.68123,0.68135,0.68024,0.68091,8708.11
1658188800000,0.68092,0.68419,0.68019,0.68374,40820.43
1658203200000,0.68372,0.68791,0.68346,0.68789,47419.29
1658217600000,0.6879,0.69024,0.68772,0.68972,45870.78
1658232000000,0.68972,0.69089,0.68831,0.69024,56006.92
1658246400000,0.69024,0.6912,0.68902,0.68972,19977.97
1658260800000,0.68971,0.69069,0.68933,0.68948,9363.62
1658275200000,0.68948,0.69199,0.68922,0.69148,29501.69
1658289600000,0.69147,0.69262,0.68983,0.69061,36639.46
1658304000000,0.69062,0.69297,0.68925,0.69004,40315.91
1658318400000,0.69,0.69139,0.68828,0.68957,50719.54
1658332800000,0.68959,0.68998,0.68726,0.68852,32199.19
1658347200000,0.68854,0.68914,0.6879,0.68835,11338.59
1658361600000,0.68833,0.68981,0.68804,0.68899,32801.09
1658376000000,0.68902,0.6916,0.68714,0.68742,37552.6
1658390400000,0.68742,0.688,0.68585,0.68692,36436.08
1658404800000,0.6869,0.69082,0.68659,0.68968,85206.94
1658419200000,0.68967,0.69201,0.6889,0.69201,25923.99
1658433600000,0.69198,0.69378,0.69159,0.69216,11030.05
1658448000000,0.69214,0.69288,0.69044,0.69119,31759.05
1658462400000,0.69119,0.69242,0.68927,0.69068,35143
1658476800000,0.69069,0.69438,0.69053,0.69395,44929.04
1658491200000,0.69395,0.69769,0.69364,0.6946,70798.97
1658505600000,0.69459,0.69484,0.6909,0.69188,39258.26
1658520000000,0.69187,0.69248,0.69164,0.69227,2303.07
1658692800000,0.69217,0.69264,0.69027,0.69031,8416.6
1658707200000,0.69032,0.69129,0.68782,0.69062,36450.3
1658721600000,0.6906,0.69253,0.68975,0.69201,33819.22
1658736000000,0.69202,0.69593,0.69176,0.69525,39301.62
1658750400000,0.69524,0.69647,0.69395,0.69528,55539.73
1658764800000,0.69529,0.69626,0.69486,0.69606,16497.32
1658779200000,0.69608,0.6961,0.69481,0.69497,6707.3
1658793600000,0.69501,0.69826,0.69494,0.69599,31883.13
1658808000000,0.69601,0.69709,0.69545,0.69638,26908.31
1658822400000,0.6964,0.69672,0.69216,0.693,31891.17
1658836800000,0.69298,0.69596,0.69246,0.69382,47761.49
1658851200000,0.69383,0.69458,0.69278,0.69325,18035.64
1658865600000,0.69325,0.69517,0.69314,0.69447,11156.33
1658880000000,0.69447,0.69574,0.69121,0.69215,31871.05
1658894400000,0.69215,0.69438,0.69186,0.69361,25648.15
1658908800000,0.6936,0.6955,0.6933,0.69466,26796.27
1658923200000,0.69467,0.69484,0.69163,0.69189,36765.55
1658937600000,0.69189,0.70117,0.69114,0.6994,57802.61
1658952000000,0.69939,0.7002,0.69873,0.69933,9861.95
1658966400000,0.6993,0.69982,0.69794,0.69946,33680.29
1658980800000,0.69948,0.70134,0.69832,0.69982,31298.8
1658995200000,0.69984,0.70048,0.69638,0.69693,46993.95
1659009600000,0.69691,0.69946,0.69544,0.69719,73129.2
1659024000000,0.69719,0.69827,0.69579,0.69802,17006.2
1659038400000,0.69803,0.70002,0.69801,0.6997,10536.33
1659052800000,0.69973,0.70117,0.69923,0.70069,32901.27
1659067200000,0.70069,0.70312,0.70011,0.7024,40303.94
1659081600000,0.70239,0.70242,0.69682,0.69712,37252.86
1659096000000,0.69713,0.69841,0.69105,0.69834,75056.39
1659110400000,0.69835,0.69977,0.69682,0.69863,20893.4
1659124800000,0.69865,0.69961,0.69848,0.69881,3180.83
1659297600000,0.69697,0.69866,0.69671,0.697,11336.73
1659312000000,0.697,0.69993,0.69676,0.69824,37859.01953125
1659326400000,0.69823,0.70171,0.69797,0.70161,31516.84033203125
1659340800000,0.70161,0.70466,0.70138,0.70385,34858.1796875
1659355200000,0.70385,0.7046,0.70073,0.7033,75493.4990234375
1659369600000,0.70331,0.70367,0.70117,0.70251,26459.14013671875
1659384000000,0.70251,0.70313,0.70075,0.70234,12416.360290527344
1659398400000,0.70235,0.70316,0.70063,0.70157,64495.6103515625
1659412800000,0.70156,0.70201,0.69245,0.69265,72258.6416015625
1659427200000,0.69265,0.69421,0.69153,0.69346,47963.099609375
1659441600000,0.69349,0.69658,0.69123,0.6951,96266.30078125
1659456000000,0.6951,0.69619,0.69209,0.69219,42541.259765625
1659470400000,0.69218,0.69252,0.68878,0.68897,19171.21990966797
1659484800000,0.68903,0.69354,0.68857,0.69324,48046.708984375
1659499200000,0.69322,0.69397,0.692,0.6929,41976.1904296875
1659513600000,0.6929,0.69459,0.69202,0.69408,36782.689453125
1659528000000,0.69408,0.6946,0.69031,0.69286,78858.1904296875
1659542400000,0.69286,0.6955,0.69254,0.69484,31714.38037109375
1659556800000,0.69484,0.6952,0.69368,0.6937,16161.4599609375
1659571200000,0.6937,0.69625,0.69344,0.69538,37629.94921875
1659585600000,0.69539,0.6975,0.69529,0.69668,48074.49072265625
1659600000000,0.69669,0.69893,0.6959,0.6965,36208.27978515625
1659614400000,0.69648,0.69721,0.6945,0.69644,69228.30078125
1659628800000,0.69643,0.69823,0.69621,0.69741,24700.35009765625
1659643200000,0.69741,0.69751,0.69547,0.69591,14589.96044921875
1659657600000,0.69593,0.69705,0.69528,0.69627,38001.47998046875
1659672000000,0.69627,0.69742,0.69594,0.69646,33442.38916015625
1659686400000,0.69646,0.69649,0.69393,0.69496,26476.42041015625
1659700800000,0.69502,0.69558,0.68689,0.68989,95482.7890625
1659715200000,0.68989,0.69187,0.68966,0.69121,29916.859375
1659729600000,0.69121,0.69155,0.69098,0.69111,2746.889892578125
1659744000000,0.69111,0.69111,0.69111,0.69111,0.0
1659758400000,0.69111,0.69111,0.69111,0.69111,0.0
1659772800000,0.69111,0.69111,0.69111,0.69111,0.0
1659787200000,0.69111,0.69111,0.69111,0.69111,0.0
1659801600000,0.69111,0.69111,0.69111,0.69111,0.0
1659816000000,0.69111,0.69111,0.69111,0.69111,0.0
1659830400000,0.69111,0.69111,0.69111,0.69111,0.0
1659844800000,0.69111,0.69111,0.69111,0.69111,0.0
1659859200000,0.69111,0.69111,0.69111,0.69111,0.0
1659873600000,0.69111,0.69111,0.69111,0.69111,0.0
1659888000000,0.69111,0.69111,0.69111,0.69111,0.0
1659902400000,0.69111,0.69111,0.68913,0.69024,10502.260314941406
1659916800000,0.69024,0.69311,0.68974,0.69275,33779.14990234375
1659931200000,0.69275,0.69704,0.69248,0.69689,30982.169921875
1659945600000,0.69688,0.69768,0.69532,0.69763,23952.82958984375
1659960000000,0.69766,0.70087,0.69764,0.69901,44712.5390625
1659974400000,0.69899,0.69927,0.69754,0.69821,28045.490234375
1659988800000,0.6982,0.69924,0.6976,0.6988,8702.440063476562
1660003200000,0.6988,0.69931,0.69695,0.69884,24728.43017578125
1660017600000,0.69884,0.69885,0.69643,0.69781,26388.7197265625
1660032000000,0.6978,0.69942,0.69648,0.69665,26243.56982421875
1660046400000,0.69666,0.69861,0.69643,0.69714,45462.19140625
1660060800000,0.69713,0.69743,0.6953,0.6959,13193.72998046875
1660075200000,0.6959,0.69666,0.6953,0.69537,11111.359741210938
1660089600000,0.69536,0.69646,0.69461,0.69588,23274.340087890625
1660104000000,0.69588,0.69713,0.69474,0.69645,23054.69970703125
1660118400000,0.69647,0.69841,0.69602,0.69833,22527.35009765625
1660132800000,0.69833,0.71012,0.69712,0.7097,106263.76171875
1660147200000,0.70969,0.71085,0.70776,0.70801,29339.09033203125
1660161600000,0.70801,0.70866,0.70721,0.70812,13328.569946289062
1660176000000,0.7081,0.70873,0.70625,0.70709,26715.090087890625
1660190400000,0.70709,0.71002,0.70641,0.70986,33099.919921875
1660204800000,0.70987,0.71157,0.70888,0.71077,36775.04052734375
1660219200000,0.71077,0.71363,0.7104,0.71168,76115.390625
1660233600000,0.71168,0.71204,0.70961,0.70991,24263.23974609375
1660248000000,0.70989,0.71083,0.70972,0.71008,10118.910125732422
1660262400000,0.7101,0.71157,0.70887,0.71145,29526.06005859375
1660276800000,0.71145,0.71275,0.71115,0.71261,29306.32958984375
1660291200000,0.71262,0.71265,0.70842,0.70854,26373.84033203125
1660305600000,0.70852,0.71142,0.70847,0.71041,63189.400390625
1660320000000,0.7104,0.71278,0.71035,0.71238,14139.06982421875
1660334400000,0.71239,0.71254,0.71159,0.71201,2683.300048828125
1660348800000,0.71201,0.71201,0.71201,0.71201,0.0
1660363200000,0.71201,0.71201,0.71201,0.71201,0.0
1660377600000,0.71201,0.71201,0.71201,0.71201,0.0
1660392000000,0.71201,0.71201,0.71201,0.71201,0.0
1660406400000,0.71201,0.71201,0.71201,0.71201,0.0
1660420800000,0.71201,0.71201,0.71201,0.71201,0.0
1660435200000,0.71201,0.71201,0.71201,0.71201,0.0
1660449600000,0.71201,0.71201,0.71201,0.71201,0.0
1660464000000,0.71201,0.71201,0.71201,0.71201,0.0
1660478400000,0.71201,0.71201,0.71201,0.71201,0.0
1660492800000,0.71201,0.71201,0.71201,0.71201,0.0
1660507200000,0.71201,0.71242,0.71055,0.71148,8177.0098876953125
1660521600000,0.7115,0.71246,0.70938,0.71046,31829.7001953125
1660536000000,0.71047,0.71061,0.7061,0.70619,29942.01025390625
1660550400000,0.70619,0.70671,0.70219,0.70272,35215.64013671875
1660564800000,0.70272,0.70452,0.70105,0.7044,52441.14990234375
1660579200000,0.7044,0.70441,0.70178,0.70231,12852.489990234375
1660593600000,0.70229,0.70239,0.70148,0.70183,9631.569946289062
1660608000000,0.70183,0.7038,0.7,0.70219,33390.46044921875
1660622400000,0.7022,0.70395,0.69905,0.7014,32800.730224609375
1660636800000,0.70142,0.70202,0.69926,0.69983,37861.44970703125
1660651200000,0.69982,0.70237,0.69944,0.70096,53355.7001953125
1660665600000,0.70097,0.70312,0.70017,0.70236,14726.179931640625
1660680000000,0.70234,0.7026,0.70149,0.70189,9817.889831542969
1660694400000,0.70188,0.70258,0.69873,0.70005,48096.6708984375
1660708800000,0.70005,0.70241,0.69725,0.69768,40736.8701171875
1660723200000,0.69767,0.69805,0.69289,0.69371,32354.970703125
1660737600000,0.69372,0.69428,0.69104,0.69124,62606.58984375
1660752000000,0.69124,0.6961,0.69123,0.69354,44680.9111328125
1660766400000,0.69353,0.69383,0.69267,0.69305,9819.830139160156
1660780800000,0.69305,0.695,0.69174,0.69199,33002.1201171875
1660795200000,0.69198,0.69428,0.68984,0.6921,39640.990234375
1660809600000,0.6921,0.69693,0.69208,0.69608,38546.2900390625
1660824000000,0.69609,0.69694,0.69274,0.69281,69028.7216796875
1660838400000,0.69281,0.69289,0.69057,0.69199,32171.38916015625
1660852800000,0.69199,0.69215,0.6907,0.69106,10544.10986328125
1660867200000,0.6911,0.69186,0.68874,0.69138,33770.8603515625
1660881600000,0.6914,0.69191,0.69018,0.69098,34673.4296875
1660896000000,0.69097,0.69146,0.68765,0.68896,37037.06005859375
1660910400000,0.68894,0.69075,0.68585,0.68681,50732.189453125
1660924800000,0.68683,0.68813,0.68653,0.68751,20102.56005859375
1660939200000,0.68752,0.68786,0.68675,0.68712,3215.050048828125
1660953600000,0.68712,0.68712,0.68712,0.68712,0.0
1660968000000,0.68712,0.68712,0.68712,0.68712,0.0
1660982400000,0.68712,0.68712,0.68712,0.68712,0.0
1660996800000,0.68712,0.68712,0.68712,0.68712,0.0
1661011200000,0.68712,0.68712,0.68712,0.68712,0.0
1661025600000,0.68712,0.68712,0.68712,0.68712,0.0
1661040000000,0.68712,0.68712,0.68712,0.68712,0.0
1661054400000,0.68712,0.68712,0.68712,0.68712,0.0
1661068800000,0.68712,0.68712,0.68712,0.68712,0.0
1661083200000,0.68712,0.68712,0.68712,0.68712,0.0
1661097600000,0.68712,0.68712,0.68712,0.68712,0.0
1661112000000,0.68712,0.68775,0.68607,0.68763,10811.579879760742
1661126400000,0.68764,0.69057,0.68734,0.68998,36782.93994140625
1661140800000,0.68996,0.69039,0.68865,0.68877,37583.669921875
1661155200000,0.68877,0.69283,0.68802,0.69088,39438.7998046875
1661169600000,0.69088,0.69121,0.68617,0.68697,52231.4404296875
1661184000000,0.68698,0.68867,0.6865,0.68776,17132.4697265625
1661198400000,0.68776,0.68845,0.68713,0.68775,14415.300170898438
1661212800000,0.68775,0.6899,0.68726,0.68976,35590.6494140625
1661227200000,0.68978,0.68983,0.68555,0.68811,47559.78076171875
1661241600000,0.68811,0.68942,0.68662,0.68754,34980.7998046875
1661256000000,0.68754,0.69628,0.68646,0.69413,85793.2890625
1661270400000,0.69413,0.69441,0.69171,0.69289,23030.25048828125
1661284800000,0.69288,0.69312,0.69115,0.69205,15906.380126953125
1661299200000,0.69205,0.69243,0.68941,0.69011,33560.18017578125
1661313600000,0.69012,0.69224,0.68974,0.6922,30555.11962890625
1661328000000,0.6922,0.69283,0.68895,0.6897,32830.39013671875
1661342400000,0.68969,0.69188,0.68784,0.69114,69913.400390625
1661356800000,0.69115,0.6917,0.68983,0.69101,20490.590087890625
1661371200000,0.69101,0.69147,0.69028,0.69049,11111.520263671875
1661385600000,0.69049,0.69471,0.69017,0.69462,36204.94970703125
1661400000000,0.69461,0.69824,0.69425,0.69785,45158.509765625
1661414400000,0.69783,0.69907,0.69677,0.69719,36703.56884765625
1661428800000,0.69718,0.69822,0.69499,0.69599,57406.990234375
1661443200000,0.696,0.69799,0.69554,0.69788,25747.0302734375
1661457600000,0.69788,0.69813,0.69611,0.69613,11358.439880371094
1661472000000,0.69614,0.69701,0.69523,0.69661,26519.3896484375
1661486400000,0.6966,0.69661,0.69506,0.6961,32607.17919921875
1661500800000,0.69609,0.69851,0.69542,0.69765,29265.05078125
1661515200000,0.69765,0.70084,0.69128,0.69194,119014.2421875
1661529600000,0.69194,0.69208,0.68877,0.68912,40696.2705078125
1661544000000,0.68912,0.68925,0.68882,0.68892,4672.080078125
1661558400000,0.68892,0.68892,0.68892,0.68892,0.0
1661572800000,0.68892,0.68892,0.68892,0.68892,0.0
1661587200000,0.68892,0.68892,0.68892,0.68892,0.0
1661601600000,0.68892,0.68892,0.68892,0.68892,0.0
1661616000000,0.68892,0.68892,0.68892,0.68892,0.0
1661630400000,0.68892,0.68892,0.68892,0.68892,0.0
1661644800000,0.68892,0.68892,0.68892,0.68892,0.0
1661659200000,0.68892,0.68892,0.68892,0.68892,0.0
1661673600000,0.68892,0.68892,0.68892,0.68892,0.0
1661688000000,0.68892,0.68892,0.68892,0.68892,0.0
1661702400000,0.68892,0.68892,0.68892,0.68892,0.0
1661716800000,0.68892,0.68892,0.68596,0.6864,14030.780090332031
1661731200000,0.68641,0.68731,0.68477,0.68577,45100.41943359375
1661745600000,0.68577,0.68646,0.68403,0.68551,56553.97998046875
1661760000000,0.68551,0.68772,0.68451,0.68753,64210.171875
1661774400000,0.68751,0.69255,0.68702,0.69059,64912.7197265625
1661788800000,0.69061,0.69159,0.68964,0.69013,27500.08984375
1661803200000,0.69013,0.69092,0.68939,0.69067,11727.419799804688
1661817600000,0.69069,0.69164,0.68726,0.68859,37427.8603515625
1661832000000,0.68859,0.69295,0.68824,0.6925,43683.65966796875
1661846400000,0.69249,0.69556,0.69243,0.69322,40667.11083984375
1661860800000,0.69323,0.69342,0.6858,0.68754,91208.3896484375
1661875200000,0.68754,0.68802,0.6845,0.68556,54780.75
1661889600000,0.68558,0.68591,0.68487,0.68536,13095.68017578125
1661904000000,0.68536,0.68799,0.68506,0.68787,44855.380859375
1661918400000,0.68788,0.69036,0.68771,0.68787,58064.640625
1661932800000,0.68787,0.6885,0.68437,0.68559,49752.2607421875
1661947200000,0.6856,0.68723,0.68407,0.68625,97197.720703125
1661961600000,0.68626,0.68644,0.68402,0.68415,43580.041015625
1661976000000,0.68416,0.68455,0.68254,0.68273,21947.870239257812
1661990400000,0.68272,0.68297,0.67963,0.68027,57653.84
1662004800000,0.68028,0.68387,0.67914,0.68336,64229.67
1662019200000,0.68338,0.68452,0.68086,0.68323,47997.59
1662033600000,0.68323,0.68352,0.67706,0.67772,91938.28
1662048000000,0.67772,0.6796,0.67729,0.67848,43116.12
1662062400000,0.67847,0.67959,0.67823,0.67944,10874.69
1662076800000,0.67943,0.68002,0.67822,0.67896,49146.41
1662091200000,0.67898,0.68014,0.67788,0.67942,40521.62
1662105600000,0.67945,0.68132,0.67927,0.68108,32968.54
1662120000000,0.68104,0.68543,0.68019,0.68435,96645.46
1662134400000,0.68435,0.68446,0.67944,0.68068,47467.42
1662148800000,0.68068,0.68165,0.68062,0.68165,3267.01
1662321600000,0.67773,0.67977,0.67757,0.67885,12339.66
1662336000000,0.67885,0.68014,0.67727,0.67936,42087.22
1662350400000,0.67937,0.67977,0.67722,0.67745,42005.8
1662364800000,0.67745,0.68019,0.67727,0.67908,37041.63
1662379200000,0.67909,0.68024,0.67843,0.68019,32034.38
1662393600000,0.68018,0.68032,0.67962,0.67993,3591.13
1662408000000,0.67995,0.68146,0.67929,0.68104,7983.21
1662422400000,0.68104,0.68317,0.67963,0.67985,37291.58
1662436800000,0.67985,0.68135,0.67771,0.67903,60393.36
1662451200000,0.67902,0.67902,0.67604,0.67728,44542.72
1662465600000,0.67728,0.67768,0.67303,0.67486,90763.36
1662480000000,0.67483,0.67503,0.67273,0.67324,36570.46
1662494400000,0.67322,0.67367,0.67245,0.67272,11547.51
1662508800000,0.67276,0.6732,0.66986,0.67054,52300.83
1662523200000,0.67054,0.67328,0.67003,0.67306,45848.83
1662537600000,0.67308,0.67367,0.67009,0.67014,51896.92
1662552000000,0.67016,0.67332,0.66985,0.67281,70395.45
1662566400000,0.67281,0.67677,0.67231,0.67673,32288.93
1662580800000,0.67671,0.67732,0.67501,0.67517,12159.34
1662595200000,0.67519,0.67554,0.67124,0.67195,44840.91
1662609600000,0.67196,0.67643,0.67187,0.67323,46370.92
1662624000000,0.67324,0.67586,0.67207,0.67537,46685.86
1662638400000,0.67537,0.67573,0.67167,0.67372,117438.06
1662652800000,0.67372,0.6761,0.672,0.6749,42970.1
1662667200000,0.6749,0.67654,0.67455,0.6764,8310.44
1662681600000,0.67638,0.68255,0.67616,0.68229,43278.35
1662696000000,0.68228,0.68645,0.68189,0.68604,54104.75
1662710400000,0.68603,0.68768,0.68272,0.68289,51305.97
1662724800000,0.6829,0.68548,0.68225,0.6845,78838.25
1662739200000,0.68449,0.6848,0.68347,0.6844,23518.93
1662753600000,0.6844,0.68462,0.68383,0.68385,3028.57
1662926400000,0.68273,0.685,0.68208,0.68449,11396.49
1662940800000,0.6845,0.68516,0.68236,0.68345,29918.54
1662955200000,0.68343,0.68874,0.68254,0.6878,41658.04
1662969600000,0.6878,0.68865,0.68585,0.68775,43670.61
1662984000000,0.68775,0.68894,0.68683,0.6885,56553.69
1662998400000,0.6885,0.68991,0.68735,0.68825,27337.13
1663012800000,0.68823,0.68957,0.68822,0.68922,8381.19
1663027200000,0.68923,0.68986,0.68624,0.68686,36613.6
1663041600000,0.68686,0.68894,0.68641,0.68879,32758.25
1663056000000,0.68882,0.69155,0.68859,0.69094,35284.63
1663070400000,0.6909,0.691,0.67604,0.6762,104877.2
1663084800000,0.67619,0.67702,0.6726,0.67317,29582.64
1663099200000,0.67316,0.67428,0.67246,0.674,18138.61
1663113600000,0.674,0.67475,0.67249,0.67286,40353.11
1663128000000,0.67287,0.67416,0.67044,0.67261,56987.96
1663142400000,0.6726,0.67428,0.67064,0.67092,53236.82
1663156800000,0.67091,0.67597,0.67071,0.67502,81783.5
1663171200000,0.67506,0.67597,0.67326,0.67436,31783.91
1663185600000,0.67436,0.67617,0.67316,0.6752,12206.18
1663200000000,0.67524,0.67694,0.67394,0.67582,29683.71
1663214400000,0.6758,0.67621,0.67438,0.676,36799.5
1663228800000,0.676,0.67604,0.67178,0.67296,44216.45
1663243200000,0.67295,0.67492,0.67045,0.67066,82324.99
1663257600000,0.67064,0.67284,0.66954,0.67017,34229.34
1663272000000,0.67015,0.67033,0.66843,0.6686,9253.12
1663286400000,0.6686,0.67213,0.66856,0.67117,29448.74
1663300800000,0.67117,0.67236,0.66694,0.66754,40350.12
1663315200000,0.66754,0.66966,0.66696,0.66905,50671.57
1663329600000,0.66905,0.67117,0.66706,0.67011,85785.54
1663344000000,0.6701,0.67209,0.66863,0.67189,32865.98
1663358400000,0.67189,0.67231,0.6715,0.67195,3798.09
1663531200000,0.67136,0.67334,0.67099,0.67244,10786.93
1663545600000,0.67244,0.67314,0.66981,0.67054,35487.35
1663560000000,0.67056,0.67108,0.6681,0.66831,31976.98
1663574400000,0.66831,0.66909,0.66719,0.66767,38621.65
1663588800000,0.66767,0.6707,0.66715,0.66927,58317.12
1663603200000,0.66927,0.67265,0.66912,0.67259,25011.56
1663617600000,0.67258,0.67349,0.67221,0.67318,8825.66
1663632000000,0.67318,0.6747,0.67122,0.67303,40328.75
1663646400000,0.67301,0.67322,0.67064,0.67176,36768.06
1663660800000,0.67174,0.67185,0.66926,0.67047,40622.38
1663675200000,0.6705,0.6707,0.66837,0.67024,65941.23
1663689600000,0.67025,0.67042,0.66759,0.6692,28811.24
1663704000000,0.66919,0.66962,0.66842,0.66942,8566.8
1663718400000,0.66941,0.67027,0.66722,0.66767,29760.44
1663732800000,0.66767,0.66831,0.6654,0.66695,58126.84
1663747200000,0.66696,0.66777,0.66632,0.66713,37131.7
1663761600000,0.66714,0.66767,0.66527,0.66599,58805.41
1663776000000,0.66599,0.67044,0.66208,0.66361,97939.99
1663790400000,0.66359,0.66377,0.66068,0.66116,13877.94
1663804800000,0.6612,0.66128,0.65822,0.65894,51093.39
1663819200000,0.65894,0.66102,0.65736,0.66089,52567.46
1663833600000,0.66089,0.66697,0.66068,0.665,98812.19
1663848000000,0.66502,0.66703,0.66136,0.66349,103542.12
1663862400000,0.66349,0.66514,0.66336,0.66431,46158.17
1663876800000,0.66431,0.66456,0.66385,0.66436,9373.48
1663891200000,0.66432,0.66552,0.66153,0.66175,31365.91
1663905600000,0.66176,0.66319,0.65991,0.66007,47278.05
1663920000000,0.66009,0.66056,0.65584,0.65774,87495.83
1663934400000,0.65773,0.65903,0.65355,0.65418,99603.12
1663948800000,0.65418,0.65461,0.65108,0.6532,55960.9
1663963200000,0.65319,0.65358,0.65257,0.65358,3947.24
1664136000000,0.65141,0.65374,0.65092,0.65301,19206.56
1664150400000,0.65302,0.65363,0.64861,0.65014,83539.49
1664164800000,0.65014,0.65322,0.6483,0.65033,89728.68
1664179200000,0.65032,0.65249,0.64858,0.64891,78808.75
1664193600000,0.64891,0.65232,0.64564,0.64641,117266.85
1664208000000,0.64641,0.64717,0.64371,0.6459,54990.58
1664222400000,0.64593,0.64732,0.64504,0.64708,18063.24
1664236800000,0.64709,0.64942,0.64696,0.64801,69379.57
1664251200000,0.64801,0.65126,0.64755,0.64914,65057.68
1664265600000,0.64912,0.64994,0.64737,0.64881,65137.21
1664280000000,0.64881,0.64937,0.64403,0.64433,106439.48
1664294400000,0.64434,0.64454,0.64134,0.64289,53605.29
1664308800000,0.64289,0.64386,0.64227,0.64339,13323.97
1664323200000,0.64335,0.64441,0.63881,0.63987,73302.92
1664337600000,0.63988,0.64022,0.63626,0.63919,74268.31
1664352000000,0.63919,0.64431,0.6364,0.6403,122129.9
1664366400000,0.6403,0.65113,0.64027,0.65102,131346.37
1664380800000,0.65103,0.65303,0.65016,0.65165,45949.32
1664395200000,0.65165,0.65242,0.65018,0.65023,19757.58
1664409600000,0.65024,0.65076,0.64702,0.64863,59262.9
1664424000000,0.64864,0.6493,0.6435,0.64471,73545.7
1664438400000,0.64471,0.65025,0.64401,0.64863,97215.98
1664452800000,0.64864,0.64959,0.64477,0.64883,117681.65
1664467200000,0.64881,0.65014,0.64636,0.64954,40297.35
1664481600000,0.64954,0.6518,0.64672,0.65078,19981.92
1664496000000,0.65077,0.65122,0.64808,0.64838,77956.67
1664510400000,0.64837,0.65092,0.64756,0.65015,72931.4
1664524800000,0.65015,0.65234,0.64596,0.64639,78572.14
1664539200000,0.64637,0.64882,0.64238,0.64353,124042.19
1664553600000,0.64351,0.64357,0.63908,0.63957,41553.09
1664568000000,0.6396,0.64023,0.63907,0.64023,4964.19
1664582400000,0.64023,0.64023,0.64023,0.64023,0.0
1664596800000,0.64023,0.64023,0.64023,0.64023,0.0
1664611200000,0.64023,0.64023,0.64023,0.64023,0.0
1664625600000,0.64023,0.64023,0.64023,0.64023,0.0
1664640000000,0.64023,0.64023,0.64023,0.64023,0.0
1664654400000,0.64023,0.64023,0.64023,0.64023,0.0
1664668800000,0.64023,0.64023,0.64023,0.64023,0.0
1664683200000,0.64023,0.64023,0.64023,0.64023,0.0
1664697600000,0.64023,0.64023,0.64023,0.64023,0.0
1664712000000,0.64023,0.64023,0.64023,0.64023,0.0
1664726400000,0.64023,0.64023,0.64023,0.64023,0.0
1664740800000,0.64023,0.64278,0.63975,0.64192,17846.719970703125
1664755200000,0.64192,0.64487,0.64109,0.64294,44555.1494140625
1664769600000,0.64295,0.64595,0.64191,0.64475,73143.791015625
1664784000000,0.64476,0.64578,0.64354,0.64578,58564.060546875
1664798400000,0.64577,0.65166,0.64512,0.64995,89892.158203125
1664812800000,0.64994,0.65214,0.64965,0.65142,35879.74951171875
1664827200000,0.65142,0.65173,0.65001,0.65025,17679.770263671875
1664841600000,0.65026,0.65119,0.64497,0.64896,50255.470703125
1664856000000,0.64896,0.6547,0.64538,0.65238,73799.94140625
1664870400000,0.65238,0.65244,0.64546,0.64578,66365.140625
1664884800000,0.64582,0.65165,0.64507,0.6491,76211.9189453125
1664899200000,0.64911,0.651,0.64604,0.65024,33926.150390625
1664913600000,0.65024,0.65135,0.64967,0.65127,14198.990417480469
1664928000000,0.65127,0.65256,0.6472,0.64961,80533.9697265625
1664942400000,0.64961,0.65217,0.64775,0.64841,55651.62890625
1664956800000,0.64842,0.64889,0.64324,0.64393,57643.0498046875
1664971200000,0.64395,0.64654,0.6416,0.64644,91644.580078125
1664985600000,0.64643,0.65128,0.64574,0.64991,37117.7607421875
1665000000000,0.64994,0.65125,0.64692,0.65117,14278.339935302734
1665014400000,0.65116,0.65404,0.65022,0.65257,66399.8505859375
1665028800000,0.65259,0.65363,0.64991,0.65026,71575.9013671875
1665043200000,0.65026,0.65075,0.64526,0.64621,81065.7578125
1665057600000,0.6462,0.64816,0.64096,0.64103,120918.189453125
1665072000000,0.64102,0.64236,0.63887,0.64092,55349.849609375
1665086400000,0.64092,0.64178,0.63929,0.64137,16665.559814453125
1665100800000,0.64136,0.64319,0.64043,0.64169,47841.94140625
1665115200000,0.64171,0.64212,0.63844,0.64039,54169.62939453125
1665129600000,0.6404,0.64281,0.64021,0.64108,41700.669921875
1665144000000,0.64106,0.64201,0.63697,0.63922,110919.369140625
1665158400000,0.63921,0.63987,0.63537,0.63625,39691.53076171875
1665172800000,0.63625,0.63687,0.63572,0.63604,3921.449951171875
1665187200000,0.63604,0.63604,0.63604,0.63604,0.0
1665201600000,0.63604,0.63604,0.63604,0.63604,0.0
1665216000000,0.63604,0.63604,0.63604,0.63604,0.0
1665230400000,0.63604,0.63604,0.63604,0.63604,0.0
1665244800000,0.63604,0.63604,0.63604,0.63604,0.0
1665259200000,0.63604,0.63604,0.63604,0.63604,0.0
1665273600000,0.63604,0.63604,0.63604,0.63604,0.0
1665288000000,0.63604,0.63604,0.63604,0.63604,0.0
1665302400000,0.63604,0.63604,0.63604,0.63604,0.0
1665316800000,0.63604,0.63604,0.63604,0.63604,0.0
1665331200000,0.63604,0.63604,0.63604,0.63604,0.0
1665345600000,0.63604,0.63656,0.63415,0.63601,20763.48964691162
1665360000000,0.63601,0.63796,0.63423,0.63473,68933.8701171875
1665374400000,0.6347,0.63539,0.63031,0.63089,54428.400390625
1665388800000,0.63089,0.63236,0.62873,0.63139,61696.6298828125
1665403200000,0.63138,0.63285,0.62742,0.6292,95656.470703125
1665417600000,0.62921,0.63078,0.62762,0.62976,51196.0302734375
1665432000000,0.62977,0.63002,0.62911,0.62953,11489.3896484375
1665446400000,0.62953,0.63049,0.62593,0.62623,56941.6494140625
1665460800000,0.62622,0.62801,0.62468,0.62633,63556.609375
1665475200000,0.62634,0.62964,0.62488,0.62949,74500.671875
1665489600000,0.6295,0.63294,0.62619,0.63278,102759.259765625
1665504000000,0.63278,0.63453,0.62574,0.62746,69404.0478515625
1665518400000,0.62746,0.62775,0.62613,0.62641,12811.130249023438
1665532800000,0.62641,0.62717,0.62396,0.6254,55778.2197265625
1665547200000,0.62539,0.62882,0.62538,0.62559,95478.431640625
1665561600000,0.62558,0.62741,0.62517,0.62546,62385.46875
1665576000000,0.62545,0.62787,0.6235,0.62716,103870.7890625
1665590400000,0.62716,0.62983,0.62624,0.6274,52573.7001953125
1665604800000,0.62741,0.62793,0.62698,0.62751,9606.22998046875
1665619200000,0.62747,0.62901,0.62668,0.62722,32551.85009765625
1665633600000,0.62723,0.62821,0.62644,0.62775,32935.550048828125
1665648000000,0.62775,0.62987,0.62701,0.62886,54174.98046875
1665662400000,0.62883,0.6294,0.61695,0.6282,164781.44140625
1665676800000,0.62821,0.63159,0.62685,0.62935,87882.6396484375
1665691200000,0.62935,0.63026,0.62904,0.62943,10141.22021484375
1665705600000,0.62943,0.63428,0.62887,0.63316,56890.4306640625
1665720000000,0.63319,0.63465,0.63064,0.63233,62816.0888671875
1665734400000,0.63232,0.63237,0.62724,0.62759,71040.1689453125
1665748800000,0.6276,0.63205,0.62142,0.62186,132029.1328125
1665763200000,0.62188,0.62316,0.61934,0.62054,70052.189453125
1665777600000,0.62054,0.62072,0.61974,0.61989,3713.429931640625
1665792000000,0.61989,0.61989,0.61989,0.61989,0.0
1665806400000,0.61989,0.61989,0.61989,0.61989,0.0
1665820800000,0.61989,0.61989,0.61989,0.61989,0.0
1665835200000,0.61989,0.61989,0.61989,0.61989,0.0
1665849600000,0.61989,0.61989,0.61989,0.61989,0.0
1665864000000,0.61989,0.61989,0.61989,0.61989,0.0
1665878400000,0.61989,0.61989,0.61989,0.61989,0.0
1665892800000,0.61989,0.61989,0.61989,0.61989,0.0
1665907200000,0.61989,0.61989,0.61989,0.61989,0.0
1665921600000,0.61989,0.61989,0.61989,0.61989,0.0
1665936000000,0.61989,0.61989,0.61989,0.61989,0.0
1665950400000,0.61989,0.62232,0.61989,0.62212,12731.139633178711
1665964800000,0.62212,0.62359,0.62091,0.62324,37914.169921875
1665979200000,0.62324,0.62513,0.62226,0.6246,61932.04052734375
1665993600000,0.62459,0.62634,0.6226,0.62462,64332.5908203125
1666008000000,0.62462,0.63111,0.62398,0.63072,72004.728515625
1666022400000,0.63073,0.63115,0.6281,0.62834,25987.760009765625
1666036800000,0.62836,0.63014,0.6276,0.62967,13221.309814453125
1666051200000,0.62966,0.63133,0.62766,0.63073,57070.4501953125
1666065600000,0.63073,0.63299,0.62865,0.63098,76057.650390625
1666080000000,0.63098,0.63186,0.62752,0.63159,52558.619140625
1666094400000,0.63161,0.63393,0.62653,0.62797,78198.400390625
1666108800000,0.62796,0.63075,0.62742,0.63067,48250.439453125
1666123200000,0.63066,0.63245,0.63017,0.63142,14821.68994140625
1666137600000,0.63141,0.63236,0.63072,0.63202,40089.71044921875
1666152000000,0.63202,0.63231,0.62884,0.63042,42933.17919921875
1666166400000,0.6304,0.63162,0.62739,0.62837,48193.2197265625
1666180800000,0.62836,0.63025,0.62673,0.62697,74356.029296875
1666195200000,0.62698,0.62726,0.62507,0.62696,39823.23974609375
1666209600000,0.62697,0.62726,0.62574,0.62627,12586.989868164062
1666224000000,0.62627,0.62727,0.62278,0.62338,44680.009765625
1666238400000,0.62335,0.62764,0.62324,0.62709,78236.23046875
1666252800000,0.62709,0.63182,0.62611,0.63117,46693.91015625
1666267200000,0.63115,0.63555,0.62903,0.63345,93180.6591796875
1666281600000,0.63345,0.63353,0.62663,0.62792,48292.390625
1666296000000,0.62794,0.62826,0.62683,0.62736,12831.52001953125
1666310400000,0.62738,0.62817,0.62607,0.62654,43517.92041015625
1666324800000,0.62652,0.62802,0.62533,0.62701,49302.5703125
1666339200000,0.627,0.62733,0.62345,0.62352,49395.80078125
1666353600000,0.62352,0.63689,0.62096,0.63654,166561.548828125
1666368000000,0.63653,0.63923,0.63344,0.63893,70268.0908203125
1666382400000,0.63892,0.63909,0.63758,0.63853,4250.08984375
1666396800000,0.63853,0.63853,0.63853,0.63853,0.0
1666411200000,0.63853,0.63853,0.63853,0.63853,0.0
1666425600000,0.63853,0.63853,0.63853,0.63853,0.0
1666440000000,0.63853,0.63853,0.63853,0.63853,0.0
1666454400000,0.63853,0.63853,0.63853,0.63853,0.0
1666468800000,0.63853,0.63853,0.63853,0.63853,0.0
1666483200000,0.63853,0.63853,0.63853,0.63853,0.0
1666497600000,0.63853,0.63853,0.63853,0.63853,0.0
1666512000000,0.63853,0.63853,0.63853,0.63853,0.0
1666526400000,0.63853,0.63853,0.63853,0.63853,0.0
1666540800000,0.63853,0.63853,0.63853,0.63853,0.0
1666555200000,0.63853,0.64104,0.63545,0.63679,50176.47863769531
1666569600000,0.63679,0.63761,0.6323,0.63293,96373.8095703125
1666584000000,0.63294,0.63466,0.63027,0.63073,70167.2099609375
1666598400000,0.63075,0.63258,0.62718,0.63063,71536.599609375
1666612800000,0.63062,0.63257,0.62774,0.63087,118802.408203125
1666627200000,0.63087,0.63142,0.62924,0.63117,39726.71044921875
1666641600000,0.63116,0.63333,0.62964,0.63269,19643.050537109375
1666656000000,0.63271,0.63407,0.63119,0.63332,104217.0
1666670400000,0.63332,0.63361,0.6316,0.63265,60277.12890625
1666684800000,0.63272,0.63358,0.6303,0.63204,58115.7705078125
1666699200000,0.63203,0.64116,0.63144,0.6393,113744.951171875
1666713600000,0.6393,0.63987,0.63736,0.63976,44736.099609375
1666728000000,0.63975,0.63977,0.63674,0.63834,20538.26983642578
1666742400000,0.63836,0.64081,0.63716,0.64071,73368.41015625
1666756800000,0.64069,0.64731,0.6396,0.64703,73171.779296875
1666771200000,0.64702,0.64966,0.64637,0.64767,77482.73046875
1666785600000,0.64767,0.65104,0.64511,0.64978,124074.6484375
1666800000000,0.64979,0.65083,0.64763,0.64895,51962.669921875
1666814400000,0.64896,0.64982,0.64819,0.64951,18825.419372558594
1666828800000,0.64951,0.65013,0.64745,0.6495,73480.6982421875
1666843200000,0.64949,0.65214,0.64686,0.64711,70262.322265625
1666857600000,0.64711,0.64859,0.64395,0.64428,60153.2705078125
1666872000000,0.64427,0.65042,0.6425,0.64756,167255.396484375
1666886400000,0.64757,0.64886,0.64558,0.64613,49758.85009765625
1666900800000,0.64615,0.64634,0.64471,0.64497,25702.398895263672
1666915200000,0.64498,0.64759,0.64417,0.64725,81652.9296875
1666929600000,0.64725,0.64792,0.64149,0.64179,84184.251953125
1666944000000,0.64183,0.64309,0.64013,0.64183,69147.8896484375
1666958400000,0.64183,0.64321,0.63884,0.63944,114774.79296875
1666972800000,0.63944,0.64162,0.63908,0.64148,22293.199951171875
1666987200000,0.64147,0.64147,0.64072,0.64116,3151.139892578125
1667001600000,0.64116,0.64116,0.64116,0.64116,0.0
1667016000000,0.64116,0.64116,0.64116,0.64116,0.0
1667030400000,0.64116,0.64116,0.64116,0.64116,0.0
1667044800000,0.64116,0.64116,0.64116,0.64116,0.0
1667059200000,0.64116,0.64116,0.64116,0.64116,0.0
1667073600000,0.64116,0.64116,0.64116,0.64116,0.0
1667088000000,0.64116,0.64116,0.64116,0.64116,0.0
1667102400000,0.64116,0.64116,0.64116,0.64116,0.0
1667116800000,0.64116,0.64116,0.64116,0.64116,0.0
1667131200000,0.64116,0.64116,0.64116,0.64116,0.0
1667145600000,0.64116,0.64116,0.64116,0.64116,0.0
1667160000000,0.64116,0.64116,0.63864,0.64,23227.24008178711
1667174400000,0.64,0.64249,0.63998,0.64228,55528.83984375
1667188800000,0.64227,0.64273,0.64057,0.64103,41368.01953125
1667203200000,0.64102,0.64113,0.63834,0.63888,48000.75
1667217600000,0.63887,0.64004,0.63675,0.63928,83327.37890625
1667232000000,0.63928,0.64004,0.63851,0.63964,51983.630859375
1667246400000,0.63963,0.64113,0.63825,0.64087,16812.719940185547
1667260800000,0.64088,0.64462,0.63949,0.64277,64706.38
1667275200000,0.64277,0.64446,0.64044,0.64236,64312.86
1667289600000,0.64236,0.64563,0.64226,0.64449,60028.61
1667304000000,0.64452,0.64634,0.63803,0.63905,122622.52
1667318400000,0.63904,0.64206,0.63764,0.63964,57420.99
1667332800000,0.63965,0.63981,0.63863,0.63956,20367.13
1667347200000,0.63956,0.64271,0.63838,0.64188,70720.01
1667361600000,0.6419,0.64267,0.64018,0.64159,50032.16
1667376000000,0.6416,0.64296,0.64136,0.64206,49001.73
1667390400000,0.64214,0.64279,0.63977,0.64103,76614.73
1667404800000,0.64104,0.64916,0.63473,0.63588,104817.02
1667419200000,0.63588,0.63621,0.63309,0.63372,21105.31
1667433600000,0.63372,0.63676,0.63242,0.63661,64357.11
1667448000000,0.63661,0.63713,0.63085,0.63227,51469.76
1667462400000,0.63228,0.6327,0.62793,0.62883,80313.85
1667476800000,0.62879,0.63236,0.62716,0.62929,132009.53
1667491200000,0.62929,0.63041,0.62832,0.62948,50143.84
1667505600000,0.62949,0.62952,0.62826,0.62873,10987.68
1667520000000,0.62872,0.63331,0.62842,0.6331,51555.19
1667534400000,0.6331,0.63621,0.63278,0.63365,68200.01
1667548800000,0.63365,0.63919,0.63359,0.63785,61446.43
1667563200000,0.63786,0.64762,0.63433,0.64339,159780.97
1667577600000,0.64339,0.64822,0.64248,0.64769,79921.94
1667592000000,0.64768,0.64792,0.64635,0.64729,4808.9
1667764800000,0.6414,0.64461,0.64072,0.64383,13587.08
1667779200000,0.64383,0.64485,0.6407,0.64292,58709.66
1667793600000,0.64291,0.64433,0.64062,0.64095,40699.11
1667808000000,0.64096,0.64762,0.64059,0.64612,72279.95
1667822400000,0.64609,0.64899,0.64499,0.64722,102642.98
1667836800000,0.64722,0.64823,0.64556,0.64756,49852.47
1667851200000,0.64756,0.6483,0.64571,0.64735,18718.67
1667865600000,0.64735,0.64898,0.64636,0.64706,44531.68
1667880000000,0.64707,0.64734,0.64436,0.64527,47271.92
1667894400000,0.64534,0.64854,0.64506,0.64773,54783.62
1667908800000,0.64774,0.65352,0.64621,0.65316,87031.24
1667923200000,0.65317,0.65506,0.64773,0.64969,60630.41
1667937600000,0.64967,0.65163,0.64875,0.65079,24994.47
1667952000000,0.65079,0.65176,0.64842,0.65018,54786.63
1667966400000,0.65018,0.65048,0.64836,0.64981,49381.44
1667980800000,0.6498,0.65216,0.64571,0.64699,85367.23
1667995200000,0.64702,0.64967,0.64303,0.64379,118325.89
1668009600000,0.64376,0.64579,0.64137,0.64227,64635.13
1668024000000,0.64226,0.64322,0.64206,0.64298,22016.72
1668038400000,0.64298,0.64406,0.64111,0.64165,41942.45
1668052800000,0.64165,0.64257,0.63905,0.64003,51674.45
1668067200000,0.64002,0.64185,0.6386,0.63921,65267.73
1668081600000,0.63925,0.65969,0.63901,0.65956,150761.81
1668096000000,0.65955,0.65967,0.65526,0.65914,74651.82
1668110400000,0.65913,0.6631,0.65845,0.66055,30865.06
1668124800000,0.66057,0.66149,0.65772,0.66097,67339.27
1668139200000,0.66097,0.6661,0.65998,0.6654,81929.71
1668153600000,0.6654,0.66785,0.66326,0.66689,88073.71
1668168000000,0.66689,0.66989,0.66508,0.66981,111549.55
1668182400000,0.66982,0.67162,0.66818,0.67142,74890.14
1668196800000,0.67142,0.67142,0.67013,0.67052,17916.22
1668369600000,0.66994,0.67031,0.66677,0.66943,15158.97
1668384000000,0.66942,0.67092,0.66756,0.66918,77517.61
1668398400000,0.66917,0.66954,0.66628,0.6695,46959.9
1668412800000,0.66949,0.67103,0.66631,0.66747,86197.78
1668427200000,0.66747,0.67156,0.6666,0.67086,102100.04
1668441600000,0.67088,0.6721,0.66909,0.67191,55324.12
1668456000000,0.67191,0.67231,0.66897,0.66916,18188.92
1668470400000,0.66917,0.67099,0.6685,0.67012,47742.71
1668484800000,0.67013,0.6763,0.66927,0.67608,50555.91
1668499200000,0.67608,0.67685,0.67383,0.67472,94650.72
1668513600000,0.67473,0.67969,0.67042,0.67735,153706.32
1668528000000,0.67739,0.67888,0.67336,0.67713,128993.87
1668542400000,0.67716,0.67774,0.67439,0.67687,35761.23
1668556800000,0.67689,0.67707,0.6731,0.67435,78678.44
1668571200000,0.67436,0.67849,0.67295,0.67781,85792.55
1668585600000,0.67781,0.67921,0.67553,0.67692,61860.8
1668600000000,0.67692,0.67769,0.67405,0.67523,102568.37
1668614400000,0.67522,0.67568,0.67192,0.67392,56546.37
1668628800000,0.67391,0.67458,0.6724,0.67381,22326.44
1668643200000,0.67383,0.67478,0.66965,0.67094,42897.6
1668657600000,0.67094,0.6742,0.67022,0.67384,37718.15
1668672000000,0.67388,0.67505,0.66631,0.6679,68886.1
1668686400000,0.66789,0.66844,0.66334,0.66502,124576.78
1668700800000,0.66503,0.66956,0.66429,0.66841,52924.13
1668715200000,0.66841,0.66937,0.66716,0.66867,19310.17
1668729600000,0.66867,0.67243,0.66836,0.67141,49331.05
1668744000000,0.67139,0.67172,0.66942,0.67122,48373.09
1668758400000,0.67123,0.67267,0.66923,0.67092,84624.4
1668772800000,0.67091,0.67298,0.66609,0.66917,87668.02
1668787200000,0.66914,0.66933,0.66628,0.66748,40267.99
1668801600000,0.66746,0.66772,0.66678,0.66684,14615.09
1668974400000,0.66585,0.66829,0.66585,0.66825,5898
1668988800000,0.66825,0.6683,0.66362,0.66562,51557.73
1669003200000,0.66561,0.66578,0.66324,0.66352,60804.92
1669017600000,0.66355,0.66452,0.66043,0.66174,67828
1669032000000,0.66176,0.66269,0.65879,0.65905,76230.95
1669046400000,0.65905,0.66053,0.6584,0.65975,50034.09
1669060800000,0.65976,0.66077,0.65947,0.66068,16603.47
1669075200000,0.66067,0.66243,0.66045,0.66136,41878.59
1669089600000,0.66137,0.66239,0.66037,0.66177,40858.59
1669104000000,0.66178,0.66509,0.66108,0.66407,71987.71
1669118400000,0.66406,0.66464,0.66189,0.66354,72913.85
1669132800000,0.66354,0.66478,0.66237,0.66422,34476.68
1669147200000,0.66422,0.66503,0.66357,0.66483,13183.66
1669161600000,0.66484,0.6659,0.6635,0.6638,41156.14
1669176000000,0.6638,0.66707,0.66334,0.66628,35531.16
1669190400000,0.66629,0.66648,0.66367,0.66454,49519.55
1669204800000,0.66455,0.67222,0.66402,0.6722,94454.97
1669219200000,0.67222,0.67366,0.6701,0.67327,74148.52
1669233600000,0.67328,0.67459,0.6717,0.67455,22064.13
1669248000000,0.67454,0.67676,0.67341,0.67656,36098.77
1669262400000,0.67656,0.67669,0.67449,0.67453,38198.33
1669276800000,0.67455,0.6754,0.67307,0.67509,49970.85
1669291200000,0.67508,0.67777,0.67417,0.67692,49535.22
1669305600000,0.67694,0.67694,0.67597,0.67662,12321.35
1669320000000,0.67659,0.67675,0.67573,0.67646,7964.34
1669334400000,0.67647,0.67696,0.67507,0.67694,36857.74
1669348800000,0.67693,0.67804,0.67536,0.67541,30671.72
1669363200000,0.67539,0.67591,0.67291,0.67367,42137.15
1669377600000,0.67368,0.67495,0.67201,0.67476,50122.14
1669392000000,0.67477,0.67525,0.67412,0.67447,42907.63
1669406400000,0.67444,0.67499,0.67389,0.67466,3552.5
1669579200000,0.67163,0.67278,0.67096,0.67104,8917.2
1669593600000,0.67106,0.67219,0.66647,0.66844,50046.01
1669608000000,0.66847,0.66955,0.66711,0.66814,45145.67
1669622400000,0.66814,0.67241,0.6675,0.6711,62958.3
1669636800000,0.67111,0.67125,0.66753,0.66899,80908.66
1669651200000,0.66898,0.66959,0.66446,0.66458,48501.69
1669665600000,0.66458,0.66559,0.66412,0.66509,14934.59
1669680000000,0.66509,0.6706,0.66396,0.67027,45619.12
1669694400000,0.67029,0.67242,0.66894,0.67129,58896.73
1669708800000,0.67129,0.67483,0.67107,0.67462,59235.33
1669723200000,0.67462,0.67464,0.66978,0.67092,75018.07
1669737600000,0.67092,0.67119,0.66805,0.66861,45603.57
1669752000000,0.66861,0.66904,0.6671,0.66826,16909.24
1669766400000,0.6683,0.66997,0.66696,0.6695,42030.12
1669780800000,0.66952,0.67233,0.66917,0.67178,36099.97
1669795200000,0.67175,0.67396,0.66995,0.67359,52149.86
1669809600000,0.67361,0.67407,0.66759,0.66973,98747.58
1669824000000,0.66975,0.67895,0.66886,0.67884,97797.52
1669838400000,0.67887,0.68018,0.678,0.67986,30966.15
1669852800000,0.67987,0.68158,0.6793,0.68048,67294.16
1669867200000,0.68047,0.6839,0.68,0.68049,49174.82
1669881600000,0.68052,0.68194,0.67913,0.67986,62355.89
1669896000000,0.67988,0.68437,0.67894,0.68095,111983.22
1669910400000,0.68095,0.68182,0.67822,0.6818,75716.41
1669924800000,0.6818,0.6818,0.67979,0.68098,24411.04
1669939200000,0.68097,0.68163,0.67936,0.68143,44831.31
1669953600000,0.68143,0.68299,0.68083,0.68193,40858.06
1669968000000,0.68193,0.68355,0.68083,0.6819,65791.54
1669982400000,0.6819,0.68231,0.67421,0.67727,127362.28
1669996800000,0.67726,0.68108,0.67687,0.68087,55710.89
1670011200000,0.68087,0.68135,0.67914,0.67914,13644.69
1670184000000,0.67835,0.68123,0.67716,0.68118,8883.93
1670198400000,0.68118,0.68504,0.68095,0.68471,51809.9
1670212800000,0.68472,0.68485,0.68035,0.68052,39906.02
1670227200000,0.68052,0.68169,0.67913,0.68048,57351.8
1670241600000,0.68048,0.68185,0.67319,0.6747,91329.27
1670256000000,0.6747,0.67504,0.66887,0.66958,52978.61
1670270400000,0.66956,0.67063,0.66863,0.6706,17167.52
1670284800000,0.67062,0.67344,0.6701,0.67223,50820.26
1670299200000,0.67222,0.67371,0.67089,0.67281,52765.41
1670313600000,0.6728,0.67337,0.67081,0.67277,61581.88
1670328000000,0.67276,0.67437,0.66872,0.67001,77089.94
1670342400000,0.67,0.67202,0.66802,0.66859,40592.81
1670356800000,0.66859,0.66988,0.66826,0.66975,14048.82
1670371200000,0.66975,0.67157,0.66854,0.66939,45024.48
1670385600000,0.66938,0.67105,0.66775,0.66945,54214.35
1670400000000,0.66946,0.66946,0.66686,0.66704,63484.13
1670414400000,0.66701,0.67341,0.66682,0.67257,105687.19
1670428800000,0.67259,0.67415,0.67034,0.67304,54112.53
1670443200000,0.67304,0.67324,0.67152,0.67247,19587.52
1670457600000,0.67246,0.6727,0.66978,0.67161,48818.5
1670472000000,0.67162,0.67378,0.6708,0.67293,43291.9
1670486400000,0.67293,0.67318,0.67122,0.67286,42631.89
1670500800000,0.67286,0.67803,0.67251,0.67626,75461.47
1670515200000,0.67625,0.6775,0.67528,0.67707,49493.17
1670529600000,0.67705,0.67762,0.6764,0.67745,15989.08
1670544000000,0.67743,0.67995,0.67624,0.67922,60323.57
1670558400000,0.67923,0.67969,0.67685,0.67719,46196.81
1670572800000,0.67712,0.67886,0.67525,0.67866,42736.79
1670587200000,0.67867,0.67968,0.67419,0.67938,97962.81
1670601600000,0.67938,0.6813,0.67886,0.68025,36898.71
1670616000000,0.68025,0.6804,0.67904,0.6793,12650.55
1670788800000,0.67827,0.67974,0.6778,0.6778,6147.79
1670803200000,0.67782,0.6779,0.67562,0.67733,48650.93
1670817600000,0.67732,0.67819,0.67629,0.67804,40506.37
1670832000000,0.67805,0.67949,0.67637,0.67679,49897.58
1670846400000,0.67679,0.67721,0.67393,0.67415,60439.39
1670860800000,0.67415,0.67437,0.67282,0.67408,29580.02
1670875200000,0.67408,0.67546,0.674,0.67513,7114
1670889600000,0.67512,0.67742,0.67394,0.67429,24498.67
1670904000000,0.67428,0.67797,0.67396,0.67761,31454.4
1670918400000,0.67763,0.67849,0.67509,0.67682,41193.01
1670932800000,0.67679,0.68927,0.67474,0.68765,109006.26
1670947200000,0.68768,0.68853,0.68495,0.68574,59347.75
1670961600000,0.68573,0.68604,0.68403,0.6841,15549.74
1670976000000,0.6841,0.68453,0.68208,0.68289,24783.27
1670990400000,0.68288,0.68556,0.68252,0.68508,23053.23
1671004800000,0.68508,0.68805,0.68439,0.68621,54160.16
1671019200000,0.68622,0.68707,0.68501,0.68648,56030.83
1671033600000,0.68648,0.68791,0.68095,0.68488,76441.75
1671048000000,0.68488,0.68809,0.68442,0.68567,44945.68
1671062400000,0.68566,0.68693,0.68323,0.68369,25239.76
1671076800000,0.68372,0.68396,0.68111,0.68122,26370.52
1671091200000,0.68122,0.68175,0.67535,0.67643,51981.48
1671105600000,0.67643,0.67768,0.67068,0.67224,92303.7
1671120000000,0.6722,0.67258,0.66761,0.67025,48208.9
1671134400000,0.67025,0.67076,0.66939,0.67049,13068.25
1671148800000,0.6705,0.67355,0.66989,0.67167,28968
1671163200000,0.67169,0.67189,0.6692,0.66931,26560.97
1671177600000,0.66932,0.67021,0.66787,0.66975,43452.3
1671192000000,0.66976,0.67094,0.66748,0.66788,66274
1671206400000,0.66792,0.67012,0.66776,0.66928,35365.59
1671220800000,0.66929,0.66985,0.66817,0.66851,10265.3
1671393600000,0.67037,0.67092,0.66824,0.66867,4003.32
1671408000000,0.66868,0.67235,0.66839,0.67117,25237.06
1671422400000,0.67117,0.67196,0.66949,0.67142,26406.76
1671436800000,0.67141,0.67321,0.67027,0.67039,42905.08
1671451200000,0.67041,0.67267,0.66948,0.66994,52871.63
1671465600000,0.66994,0.67234,0.66939,0.66949,26202.68
1671480000000,0.66951,0.67051,0.66939,0.67049,9073.85
1671494400000,0.67048,0.67437,0.66635,0.66686,58154.43
1671508800000,0.66686,0.66745,0.66286,0.66543,60296.57
1671523200000,0.66544,0.6697,0.66543,0.66797,64997.76
1671537600000,0.66797,0.66847,0.66329,0.6665,68654.04
1671552000000,0.6665,0.6679,0.665,0.66774,40180.53
1671566400000,0.66774,0.66957,0.66626,0.66873,11844.11
1671580800000,0.66873,0.66969,0.6656,0.66637,31110.99
1671595200000,0.66639,0.66853,0.66589,0.66805,25132.42
1671609600000,0.66804,0.66849,0.66666,0.6682,43762.11
1671624000000,0.66821,0.67277,0.6681,0.67136,62520.04
1671638400000,0.67137,0.67153,0.66882,0.67029,30577.88
1671652800000,0.67029,0.67146,0.66957,0.67122,10186.99
1671667200000,0.67122,0.67568,0.67076,0.67563,26726.34
1671681600000,0.67564,0.6767,0.67492,0.67619,26661.36
1671696000000,0.67619,0.67625,0.6729,0.67324,34825.81
1671710400000,0.67325,0.67344,0.66719,0.66794,54699.16
1671724800000,0.66793,0.66843,0.66497,0.66577,31457.38
1671739200000,0.66575,0.66778,0.66574,0.66756,11992.33
1671753600000,0.66756,0.66936,0.66598,0.66884,31563.09
1671768000000,0.66886,0.67035,0.6674,0.66986,24666.66
1671782400000,0.66986,0.67105,0.66845,0.66932,31312.89
1671796800000,0.66932,0.6708,0.66721,0.67001,71435.94
1671811200000,0.66998,0.67244,0.66942,0.67105,27851.47
1671825600000,0.67106,0.67216,0.67089,0.6713,7038.76
1671998400000,0.66918,0.67136,0.66876,0.67057,513.5
1672012800000,0.67056,0.67116,0.66785,0.67033,2032.36
1672027200000,0.67033,0.67272,0.66995,0.6722,2105.97
1672041600000,0.67193,0.67264,0.67073,0.67139,660.08
1672056000000,0.67139,0.67276,0.67095,0.67208,1111.16
1672070400000,0.67239,0.67282,0.67043,0.672,2710.9
1672084800000,0.672,0.67562,0.6719,0.67434,7252.5
1672099200000,0.67433,0.67547,0.67315,0.67334,28726.13
1672113600000,0.67334,0.67754,0.67327,0.6761,25380.63
1672128000000,0.67611,0.67681,0.6737,0.67384,27407.21
1672142400000,0.67383,0.67606,0.67247,0.67418,43789.62
1672156800000,0.67419,0.67463,0.67251,0.67328,27278.91
1672171200000,0.67331,0.67351,0.67229,0.67284,9846.78
1672185600000,0.67281,0.67499,0.67185,0.67374,22859.98
1672200000000,0.67374,0.67665,0.67366,0.67662,23751.44
1672214400000,0.67663,0.67901,0.67548,0.67861,37528.61
1672228800000,0.6786,0.68006,0.67534,0.67544,47541.91
1672243200000,0.67544,0.67652,0.67383,0.67439,26722.86
1672257600000,0.6744,0.67465,0.67323,0.67463,9974.95
1672272000000,0.67464,0.67542,0.67363,0.67453,21681.43
1672286400000,0.67459,0.67558,0.67214,0.67268,16649.99
1672300800000,0.6727,0.67331,0.67117,0.6714,25425.31
1672315200000,0.67141,0.6768,0.671,0.67629,44187.89
1672329600000,0.6763,0.67871,0.67577,0.67857,23136.6
1672344000000,0.67856,0.67856,0.67627,0.67652,10750.22
1672358400000,0.67653,0.67834,0.67533,0.67713,20862.63
1672372800000,0.67712,0.67848,0.67654,0.67814,21573.3
1672387200000,0.67817,0.68075,0.6779,0.67974,32774.79
1672401600000,0.67975,0.68087,0.67574,0.67824,55634.19
1672416000000,0.67825,0.68203,0.67809,0.68086,43048.55
1672430400000,0.68082,0.68192,0.68048,0.68126,15263.6
1672603200000,0.67896,0.68182,0.67896,0.68131,186.18
1672617600000,0.68124,0.68147,0.67999,0.68005,3773.67
1672632000000,0.68004,0.68056,0.6793,0.67977,876.61
1672646400000,0.67977,0.68102,0.67924,0.68043,15463.93
1672660800000,0.6804,0.68167,0.67976,0.68164,7090.51
1672675200000,0.68164,0.68181,0.68053,0.68067,13274.48
1672689600000,0.68068,0.68089,0.67847,0.68074,8348.48
1672704000000,0.68074,0.6834,0.67721,0.68306,36790.64
1672718400000,0.68307,0.68338,0.67826,0.67865,32260.98
1672732800000,0.67866,0.67872,0.66874,0.66976,61793.96
1672747200000,0.66976,0.67669,0.66916,0.67427,64396.52
1672761600000,0.67427,0.67441,0.67194,0.67354,38496.27
1672776000000,0.67354,0.67385,0.67161,0.6725,11573.46
1672790400000,0.67248,0.67826,0.67226,0.67821,27938.86
1672804800000,0.67822,0.68488,0.67718,0.68413,39808.74
1672819200000,0.68412,0.68854,0.68369,0.68714,60738.99
1672833600000,0.68713,0.68858,0.6834,0.68532,82549.08
1672848000000,0.6853,0.68633,0.68185,0.68389,54390.55
1672862400000,0.68387,0.6842,0.68282,0.68282,13582.15
1672876800000,0.68282,0.68445,0.68005,0.68016,32791.01
1672891200000,0.68017,0.68338,0.68,0.68088,25542.08
1672905600000,0.68087,0.68396,0.68,0.68333,45189.82
1672920000000,0.68332,0.68411,0.67345,0.67379,85603.83
1672934400000,0.6738,0.67719,0.67373,0.67571,47072.8
1672948800000,0.67571,0.67626,0.67473,0.6752,15003.24
1672963200000,0.6752,0.67875,0.67508,0.67727,24352.03
1672977600000,0.67728,0.67777,0.67395,0.6749,29366.7
1672992000000,0.67491,0.67588,0.67234,0.67286,44300.11
1673006400000,0.67287,0.68448,0.67217,0.684,114677.72
1673020800000,0.68399,0.68834,0.68328,0.68801,47899.29
1673035200000,0.68799,0.68863,0.68736,0.68742,9007.31
1673208000000,0.68773,0.68966,0.68732,0.68955,7345.26
1673222400000,0.68955,0.69257,0.68844,0.69137,32137.32
1673236800000,0.69139,0.69463,0.69106,0.69154,30502.44
1673251200000,0.69155,0.69412,0.69053,0.6913,53619.42
1673265600000,0.69129,0.69494,0.69052,0.69415,59254.63
1673280000000,0.69417,0.69487,0.69195,0.69342,35221.56
1673294400000,0.69343,0.69343,0.69059,0.69088,12255.01
1673308800000,0.6909,0.69272,0.68912,0.69022,29274.21
1673323200000,0.69027,0.69188,0.68847,0.68962,29346.84
1673337600000,0.68965,0.69104,0.68818,0.68838,47426.2
1673352000000,0.68838,0.69086,0.68591,0.68809,72984.1
1673366400000,0.68808,0.68943,0.68748,0.6894,34067.78
1673380800000,0.6894,0.68969,0.68861,0.68927,6526.86
1673395200000,0.68929,0.69136,0.68849,0.69012,21534.16
1673409600000,0.69011,0.6925,0.69009,0.69051,24007.5
1673424000000,0.69051,0.69195,0.68918,0.68925,39444.66
1673438400000,0.68923,0.69092,0.68724,0.68997,51386.27
1673452800000,0.68998,0.69122,0.68838,0.69111,22321.83
1673467200000,0.69112,0.69143,0.68875,0.69087,9720.59
1673481600000,0.69085,0.69203,0.69066,0.69123,21707.76
1673496000000,0.69124,0.6924,0.68894,0.69001,18374.75
1673510400000,0.69002,0.69151,0.68867,0.69015,32168.71
1673524800000,0.69015,0.69833,0.68707,0.69325,118131.53
1673539200000,0.69325,0.69842,0.69254,0.69712,52885.98
1673553600000,0.69711,0.69711,0.69595,0.69665,14351.91
1673568000000,0.69664,0.69822,0.69449,0.69534,31069.96
1673582400000,0.69534,0.6977,0.69441,0.69707,25554.19
1673596800000,0.69709,0.69936,0.69445,0.69483,45496.49
1673611200000,0.69484,0.6964,0.69148,0.69592,72492.93
1673625600000,0.69592,0.69773,0.69404,0.69769,30247.4
1673640000000,0.69773,0.69812,0.69675,0.69676,6002.92
1673812800000,0.69681,0.69772,0.69663,0.69715,4311.93
1673827200000,0.69714,0.70187,0.69695,0.70089,28278.06
1673841600000,0.70088,0.70111,0.69648,0.6977,24637.94
1673856000000,0.6977,0.69772,0.69403,0.69678,37537.26
1673870400000,0.69676,0.69739,0.69532,0.69576,31692.93
1673884800000,0.69576,0.69625,0.69487,0.69542,9566.59
1673899200000,0.69542,0.69666,0.69481,0.69654,6612.94
1673913600000,0.69658,0.69776,0.69495,0.69685,28476.42
1673928000000,0.69684,0.69773,0.6947,0.69622,24047.67
1673942400000,0.6962,0.69724,0.69292,0.69507,40654.4
1673956800000,0.69506,0.69923,0.69398,0.69902,73572.85
1673971200000,0.69903,0.69969,0.69745,0.69891,31028.49
1673985600000,0.69889,0.69929,0.69696,0.69872,10161.96
1674000000000,0.69873,0.7002,0.69726,0.69848,37498.81
1674014400000,0.69847,0.70317,0.69755,0.70183,41585.02
1674028800000,0.70183,0.70358,0.70031,0.70179,53860.1
1674043200000,0.70178,0.70631,0.70061,0.70118,83172.84
1674057600000,0.70117,0.70156,0.69381,0.69435,40073.2
1674072000000,0.69434,0.69456,0.69351,0.69433,9683.32
1674086400000,0.69432,0.69475,0.68926,0.69057,27077.92
1674100800000,0.69055,0.69083,0.68778,0.68887,26366.33
1674115200000,0.68887,0.69012,0.68745,0.68821,36003.53
1674129600000,0.6882,0.69184,0.68713,0.68898,65426.18
1674144000000,0.68902,0.69219,0.68826,0.69173,33180.11
1674158400000,0.69173,0.69216,0.69057,0.69113,9712.61
1674172800000,0.69115,0.69324,0.69057,0.69217,16439.14
1674187200000,0.69217,0.69383,0.69112,0.69378,20301.82
1674201600000,0.69377,0.69473,0.69178,0.69183,39569.79
1674216000000,0.69182,0.69659,0.69099,0.69501,53633.18
1674230400000,0.69502,0.69729,0.6946,0.69693,22921.25
1674244800000,0.69695,0.69732,0.6966,0.69672,6286.79
1674417600000,0.69615,0.6984,0.69591,0.69831,3729.46
1674432000000,0.6983,0.69939,0.6972,0.6983,18268.22
1674446400000,0.69833,0.69866,0.69715,0.69809,22377.64
1674460800000,0.69808,0.70137,0.69784,0.69893,41164.42
1674475200000,0.69896,0.70351,0.69615,0.70312,56160.22
1674489600000,0.70314,0.70394,0.70098,0.70203,30269.26
1674504000000,0.70204,0.7032,0.70196,0.70283,11755.83
1674518400000,0.70284,0.70446,0.70239,0.70346,13294.48
1674532800000,0.70346,0.70486,0.70256,0.70355,17969.88
1674547200000,0.70355,0.70395,0.70096,0.70227,36626.47
1674561600000,0.70227,0.70573,0.6993,0.7049,60318.22
1674576000000,0.70492,0.70546,0.70351,0.70491,24385.45
1674590400000,0.70489,0.70528,0.70265,0.70499,9916.05
1674604800000,0.70504,0.71052,0.70377,0.71,25516.66
1674619200000,0.71,0.71221,0.70932,0.70985,21863.46
1674633600000,0.70986,0.71071,0.70771,0.7084,32735.91
1674648000000,0.70839,0.70981,0.70615,0.70765,54612.6
1674662400000,0.70766,0.71065,0.70654,0.71021,26633.9
1674676800000,0.71023,0.71102,0.70973,0.7107,10407.1
1674691200000,0.71069,0.71224,0.70917,0.71102,17432.3
1674705600000,0.71101,0.7128,0.70988,0.71181,19306.7
1674720000000,0.71181,0.71276,0.70951,0.71166,34304.45
1674734400000,0.71167,0.71421,0.70798,0.70843,72910.46
1674748800000,0.70841,0.71129,0.70788,0.7112,27962.71
1674763200000,0.71121,0.71198,0.71026,0.71132,7839.04
1674777600000,0.71133,0.71291,0.71082,0.71082,18658.73
1674792000000,0.71081,0.71154,0.70954,0.71034,16064.8
1674806400000,0.71034,0.71183,0.70938,0.71064,30239.53
1674820800000,0.71065,0.71262,0.70817,0.70917,60281.42
1674835200000,0.70917,0.71117,0.70904,0.71103,26681.97
1674849600000,0.71103,0.71113,0.7106,0.71064,4073.42
1675022400000,0.70944,0.71088,0.70944,0.71074,4363.43
1675036800000,0.71075,0.71198,0.70829,0.70848,22733.14
1675051200000,0.70849,0.70985,0.70742,0.70817,29101.56
1675065600000,0.70818,0.7095,0.70681,0.70741,37726.58
1675080000000,0.70742,0.70872,0.70645,0.70803,49437.76
1675094400000,0.70805,0.70818,0.70506,0.70568,25745.22
1675108800000,0.70567,0.70641,0.70514,0.70575,8909.7
1675123200000,0.70574,0.70641,0.70334,0.7034,27529.74
1675137600000,0.70339,0.7043,0.70204,0.70349,21134.41
1675152000000,0.70349,0.70367,0.69832,0.69969,36978.03
1675166400000,0.6997,0.70539,0.69925,0.70442,72134.6
1675180800000,0.70441,0.7061,0.70383,0.7053,28184.31
1675195200000,0.70533,0.70587,0.7047,0.70507,11783.16
1675209600000,0.70507,0.70552,0.70359,0.70548,15536.43
1675224000000,0.70548,0.70756,0.70528,0.7074,17707.09
1675238400000,0.70742,0.70829,0.70678,0.70782,30257.47
1675252800000,0.70782,0.70923,0.7062,0.70751,55295.32
1675267200000,0.70749,0.71327,0.70408,0.71224,63562.83
1675281600000,0.71224,0.71573,0.7106,0.71469,39234.49
1675296000000,0.71467,0.71564,0.71341,0.71422,24287.87
1675310400000,0.71422,0.715,0.71357,0.71391,19955.27
1675324800000,0.71392,0.71561,0.71152,0.71263,35735.88
1675339200000,0.71269,0.7144,0.70696,0.71013,93232.72
1675353600000,0.71014,0.71055,0.70682,0.70721,38967.95
1675368000000,0.70723,0.70868,0.70677,0.70722,23265.72
1675382400000,0.70719,0.70723,0.70475,0.70605,21986.61
1675396800000,0.70604,0.70719,0.70536,0.70619,20872.24
1675411200000,0.70619,0.7067,0.70443,0.70562,33616.99
1675425600000,0.70563,0.70585,0.69297,0.69751,96848.38
1675440000000,0.69751,0.69817,0.69232,0.69256,47291.29
1675454400000,0.69256,0.69265,0.69184,0.69191,7813.7
1675627200000,0.68924,0.69294,0.68916,0.69182,8106.22
1675641600000,0.69179,0.69306,0.69065,0.6925,23073.18
1675656000000,0.6925,0.69481,0.69239,0.69239,23517.56
1675670400000,0.6924,0.69323,0.68892,0.69005,37889.88
1675684800000,0.69005,0.69151,0.68549,0.686,53269.38
1675699200000,0.686,0.68932,0.68586,0.68802,28467.02
1675713600000,0.688,0.68885,0.6874,0.68883,11894.52
1675728000000,0.68884,0.69505,0.6888,0.69356,27151.43
1675742400000,0.69355,0.6943,0.6925,0.69267,22998.94
1675756800000,0.69268,0.69488,0.69099,0.6924,45803.07
1675771200000,0.69241,0.69301,0.68852,0.69143,50266.75
1675785600000,0.69148,0.69879,0.69028,0.69409,87762.18
1675800000000,0.69409,0.69659,0.69313,0.6964,13248.55
1675814400000,0.6964,0.69702,0.6949,0.69657,21900.86
1675828800000,0.69656,0.69867,0.69577,0.69857,19805.65
1675843200000,0.69859,0.69959,0.69681,0.69695,36690.23
1675857600000,0.69694,0.69822,0.69305,0.69394,53607.04
1675872000000,0.69395,0.69425,0.69221,0.69243,33668.88
1675886400000,0.69243,0.69305,0.69184,0.69276,8348.17
1675900800000,0.69276,0.69588,0.69207,0.69569,16103.48
1675915200000,0.69567,0.6968,0.69491,0.69644,20790.35
1675929600000,0.69644,0.69827,0.69638,0.69764,30376.09
1675944000000,0.69768,0.70108,0.69633,0.69705,47994.32
1675958400000,0.69707,0.69721,0.69366,0.69388,33785.07
1675972800000,0.69388,0.69421,0.69272,0.6938,10324.05
1675987200000,0.6938,0.6948,0.6911,0.69142,24994.5
1676001600000,0.69143,0.69428,0.69107,0.69415,29405.84
1676016000000,0.69415,0.69597,0.69184,0.69233,54396.53
1676030400000,0.69233,0.69486,0.69166,0.69222,65663.54
1676044800000,0.69222,0.69303,0.69085,0.69131,26104.62
1676059200000,0.69131,0.69211,0.69124,0.69143,4031.69
1676232000000,0.69135,0.6919,0.69099,0.69125,3642.32
1676246400000,0.69125,0.69153,0.68898,0.69056,23491.37
1676260800000,0.69056,0.69307,0.69041,0.69288,20743.97
1676275200000,0.69289,0.69361,0.69124,0.69311,32607.52
1676289600000,0.6931,0.6964,0.69282,0.69606,48144.04
1676304000000,0.69606,0.69731,0.69548,0.69627,23072.09
1676318400000,0.69627,0.69696,0.69599,0.69679,8244.32
1676332800000,0.6968,0.6971,0.69487,0.69611,22673.25
1676347200000,0.69612,0.69754,0.69585,0.69618,22750.07
1676361600000,0.6962,0.69743,0.69561,0.69657,32938.74
1676376000000,0.69657,0.70294,0.69209,0.69672,126508.56
1676390400000,0.69672,0.69919,0.69538,0.69888,56692
1676404800000,0.69887,0.69941,0.69805,0.69865,11149.24
1676419200000,0.69864,0.69867,0.69348,0.69365,22557.88
1676433600000,0.69366,0.694,0.68926,0.69034,23896.91
1676448000000,0.69034,0.69168,0.68883,0.6889,34865.49
1676462400000,0.6889,0.69024,0.68644,0.68778,74001.42
1676476800000,0.68779,0.69055,0.68772,0.69007,27053.85
1676491200000,0.69008,0.6908,0.68963,0.69059,9722.8
1676505600000,0.69061,0.69175,0.68673,0.69109,35084.75
1676520000000,0.6911,0.69255,0.69025,0.69224,20801.09
1676534400000,0.69223,0.69357,0.69092,0.69134,34108.23
1676548800000,0.69134,0.69161,0.68398,0.68766,68982.06
1676563200000,0.68767,0.69047,0.68719,0.68967,35854.53
1676577600000,0.68969,0.68978,0.68614,0.68614,17023.64
1676592000000,0.68612,0.68731,0.68455,0.68481,20491.04
1676606400000,0.68481,0.68506,0.68307,0.68413,21378.78
1676620800000,0.68413,0.68416,0.68112,0.68155,37643.38
1676635200000,0.68157,0.68742,0.68143,0.68528,71413.96
1676649600000,0.68532,0.68819,0.68499,0.6879,30507.9
1676664000000,0.68789,0.68839,0.68758,0.68761,6771.93
1676836800000,0.68645,0.68755,0.68634,0.68686,3740.49
1676851200000,0.68684,0.68926,0.6862,0.6887,21320.14
1676865600000,0.68869,0.6909,0.68855,0.69083,26206.67
1676880000000,0.69083,0.69147,0.68936,0.69076,29120.68
1676894400000,0.69077,0.69203,0.68966,0.69151,28569.19
1676908800000,0.69151,0.69172,0.69109,0.6912,6648.16
1676923200000,0.69119,0.69144,0.69009,0.69081,4609
1676937600000,0.69082,0.69194,0.68934,0.68972,22356.88
1676952000000,0.68972,0.6901,0.6873,0.68799,20107.37
1676966400000,0.68799,0.68989,0.68679,0.68835,54770.44
1676980800000,0.68835,0.6899,0.68541,0.6892,63399.02
1676995200000,0.6892,0.68927,0.68471,0.68532,31633.7
1677009600000,0.68534,0.68638,0.68494,0.68625,8166.18
1677024000000,0.68625,0.68645,0.683,0.68374,27639.1
1677038400000,0.68375,0.68413,0.68222,0.68276,18996.04
1677052800000,0.68277,0.68304,0.68106,0.68192,35614.98
1677067200000,0.68194,0.68472,0.6808,0.68172,51269.57
1677081600000,0.68172,0.68316,0.67941,0.67946,45116.25
1677096000000,0.67945,0.68132,0.67944,0.68111,11742.76
1677110400000,0.68111,0.68412,0.68095,0.68326,16467.15
1677124800000,0.68324,0.68348,0.68184,0.68291,16075.97
1677139200000,0.68292,0.68328,0.68133,0.68297,31112.78
1677153600000,0.68298,0.68361,0.68021,0.6807,65423.43
1677168000000,0.68068,0.68122,0.67808,0.68049,33273.48
1677182400000,0.68049,0.68151,0.68026,0.68082,7766.66
1677196800000,0.68082,0.68236,0.68038,0.68149,25860.43
1677211200000,0.68148,0.68175,0.67923,0.67936,18481.53
1677225600000,0.67935,0.67939,0.67613,0.67657,29970.31
1677240000000,0.67658,0.67658,0.67179,0.67211,78711.36
1677254400000,0.67214,0.67384,0.67188,0.67258,30149.28
1677268800000,0.67258,0.67325,0.67219,0.67219,5312.64
1677441600000,0.6728,0.67377,0.67226,0.6733,5398.48
1677456000000,0.67329,0.67412,0.67073,0.67108,18950.54
1677470400000,0.67107,0.67177,0.66975,0.67146,22620.8
1677484800000,0.67145,0.67267,0.67074,0.67158,33821.74
1677499200000,0.67157,0.67432,0.6701,0.6729,48407.25
1677513600000,0.67291,0.67442,0.6718,0.67348,23213.99
1677528000000,0.67347,0.67409,0.67325,0.67398,6638.76
1677542400000,0.67398,0.67498,0.67348,0.67351,19316.99
1677556800000,0.67353,0.67375,0.67112,0.67117,18819.99
1677571200000,0.67117,0.67341,0.67032,0.67297,32699.04
1677585600000,0.67297,0.675,0.67213,0.67431,51487.07
1677600000000,0.67432,0.67571,0.67334,0.67344,25315.38
1677614400000,0.67344,0.67344,0.67191,0.67298,9270.82
1677628800000,0.67298,0.6749,0.66945,0.67479,28136.21
1677643200000,0.67479,0.6768,0.67434,0.67671,24529.73
1677657600000,0.67672,0.67773,0.67516,0.67729,42289.47
1677672000000,0.67729,0.67832,0.67244,0.67631,64560.77
1677686400000,0.67632,0.6771,0.67448,0.67509,31248.61
1677700800000,0.6751,0.6761,0.67496,0.67587,8374.75
1677715200000,0.67588,0.67656,0.67274,0.67457,26670.74
1677729600000,0.67457,0.6748,0.67269,0.673,19616.22
1677744000000,0.67301,0.67476,0.67206,0.67333,40622.81
1677758400000,0.67333,0.67413,0.6706,0.67273,57776.67
1677772800000,0.67274,0.67339,0.67078,0.67262,27322.07
1677787200000,0.67262,0.67378,0.67191,0.67314,10150.72
1677801600000,0.67313,0.6752,0.67281,0.67397,22417.95
1677816000000,0.67396,0.67609,0.67395,0.67496,17768.27
1677830400000,0.67496,0.6766,0.67495,0.67567,33341.04
1677844800000,0.67567,0.67647,0.67315,0.67422,50421.64
1677859200000,0.67423,0.67721,0.67386,0.67694,23888.99
1677873600000,0.67695,0.67743,0.67664,0.67674,4410.43
1678046400000,0.67448,0.6761,0.67436,0.67532,5296.04
1678060800000,0.67533,0.67692,0.67409,0.67662,21590.34
1678075200000,0.67661,0.67672,0.67468,0.67547,17249.91
1678089600000,0.67546,0.67565,0.67158,0.67198,28162.59
1678104000000,0.67196,0.67425,0.67181,0.67321,39089.14
1678118400000,0.67321,0.67425,0.67195,0.67206,20655.38
1678132800000,0.67207,0.67321,0.67207,0.67306,5313.27
1678147200000,0.67307,0.67476,0.66918,0.67144,23334.76
1678161600000,0.67147,0.67196,0.6698,0.67059,20791.2
1678176000000,0.6706,0.67092,0.66612,0.66624,35095.66
1678190400000,0.66626,0.667,0.66019,0.66058,67444.94
1678204800000,0.66059,0.66172,0.65806,0.65846,60864.13
1678219200000,0.65848,0.65952,0.65793,0.65884,9991.4
1678233600000,0.65884,0.65953,0.65674,0.65725,20393.85
1678248000000,0.65725,0.66017,0.65725,0.65969,21139.51
1678262400000,0.65969,0.66084,0.65923,0.65975,26235.48
1678276800000,0.65974,0.66287,0.65904,0.66071,58288.21
1678291200000,0.66073,0.6616,0.65815,0.65882,26316.51
1678305600000,0.65882,0.65948,0.65849,0.65937,6772.79
1678320000000,0.65935,0.65948,0.65755,0.65919,14334.11
1678334400000,0.6592,0.66178,0.65883,0.66112,14438.85
1678348800000,0.66114,0.66217,0.66054,0.66174,25137.86
1678363200000,0.66175,0.66358,0.66071,0.6615,47097.09
1678377600000,0.6615,0.66197,0.65864,0.65868,26781.38
1678392000000,0.65868,0.65918,0.65762,0.65884,16694.27
1678406400000,0.65884,0.65903,0.65633,0.65787,30188.53
1678420800000,0.65786,0.66012,0.6577,0.6597,24995.8
1678435200000,0.65975,0.66022,0.65743,0.65895,36929.61
1678449600000,0.65895,0.66399,0.6582,0.66295,104873.66
1678464000000,0.66294,0.66307,0.65736,0.65838,58209.53
1678478400000,0.6584,0.65884,0.6575,0.65781,14834.01
1678651200000,0.66118,0.66467,0.65952,0.66326,27419.84
1678665600000,0.66325,0.66719,0.6601,0.66621,57626.59
1678680000000,0.66622,0.66783,0.66542,0.66736,34908.75
1678694400000,0.66736,0.66783,0.66121,0.66366,91885.7
1678708800000,0.66366,0.67163,0.66264,0.66842,147218.74
1678723200000,0.66841,0.66867,0.66598,0.66666,51471.96
1678737600000,0.66666,0.66692,0.6654,0.66545,9494.39
1678752000000,0.66548,0.66584,0.66312,0.66429,33479.93
1678766400000,0.66429,0.66699,0.66363,0.66694,40031.09
1678780800000,0.66693,0.66716,0.66426,0.66653,53329.68
1678795200000,0.66653,0.66954,0.6634,0.66614,97870.97
1678809600000,0.66614,0.66925,0.66566,0.66844,45138.41
1678824000000,0.66844,0.6692,0.66677,0.66867,12866.73
1678838400000,0.66868,0.67111,0.66745,0.66961,26448.16
1678852800000,0.66959,0.66988,0.66692,0.66764,24235.83
1678867200000,0.66763,0.6679,0.66334,0.66399,65464.1
1678881600000,0.66399,0.66622,0.66001,0.66098,102305.96
1678896000000,0.66096,0.66274,0.65894,0.6619,66533.57
1678910400000,0.66188,0.66229,0.66073,0.66169,11894.09
1678924800000,0.66168,0.66423,0.66129,0.66287,44634.06
1678939200000,0.66286,0.66601,0.66252,0.66583,30334.55
1678953600000,0.66583,0.66617,0.66354,0.66481,44824.97
1678968000000,0.66483,0.66677,0.66296,0.66509,103030.88
1678982400000,0.66509,0.66593,0.66382,0.66563,38581.28
1678996800000,0.66564,0.66655,0.66436,0.66628,9597.59
1679011200000,0.66626,0.67094,0.66536,0.67053,25705.73
1679025600000,0.67056,0.67242,0.67018,0.67112,24239.07
1679040000000,0.67114,0.67162,0.66873,0.66936,33714.31
1679054400000,0.66935,0.67038,0.6673,0.66819,57208.44
1679068800000,0.6682,0.67138,0.66806,0.66956,32566.29
1679083200000,0.66955,0.66994,0.66941,0.66949,2332.1
1679256000000,0.6712,0.67185,0.66909,0.67122,11521
1679270400000,0.67122,0.67296,0.66892,0.66924,28583.21
1679284800000,0.66924,0.66943,0.66681,0.66892,31716.22
1679299200000,0.66893,0.66985,0.66653,0.66948,40603.36
1679313600000,0.66946,0.67259,0.669,0.67098,37524.28
1679328000000,0.67098,0.67258,0.67013,0.67179,19254.25
1679342400000,0.6718,0.6721,0.67069,0.67161,5240.58
1679356800000,0.67161,0.67258,0.66895,0.66952,18355.18
1679371200000,0.66952,0.66968,0.66759,0.66869,15790.45
1679385600000,0.66868,0.66927,0.66709,0.66821,27088.37
1679400000000,0.66821,0.66883,0.66491,0.66508,34259.11
1679414400000,0.66507,0.66706,0.66498,0.66689,16503.15
1679428800000,0.66689,0.66784,0.66611,0.66778,5520.6
1679443200000,0.66778,0.66928,0.66608,0.66906,16818.4
1679457600000,0.66904,0.67023,0.66874,0.66933,16241.58
1679472000000,0.66931,0.66992,0.66831,0.66859,19647.74
1679486400000,0.66859,0.66888,0.6669,0.66846,21853.29
1679500800000,0.66846,0.67585,0.66701,0.66868,67972.66
1679515200000,0.66867,0.6699,0.66746,0.66967,9801.88
1679529600000,0.66968,0.67345,0.66945,0.67295,21865.53
1679544000000,0.67294,0.67551,0.67256,0.6736,20492.32
1679558400000,0.6736,0.67391,0.67138,0.67205,23497.63
1679572800000,0.67207,0.6725,0.66908,0.67181,34311.29
1679587200000,0.6718,0.67242,0.66691,0.66843,34755.53
1679601600000,0.66843,0.6688,0.66767,0.66805,7259.53
1679616000000,0.66808,0.66838,0.66589,0.66821,20705.25
1679630400000,0.6682,0.66939,0.66772,0.66878,16588.24
1679644800000,0.66877,0.66881,0.66246,0.66358,34811.28
1679659200000,0.66358,0.66496,0.66265,0.66415,46719.61
1679673600000,0.66415,0.66524,0.66369,0.66477,18194.68
1679688000000,0.66475,0.66494,0.66409,0.66422,1670.23
1679860800000,0.66506,0.6658,0.66357,0.66542,5696.19
1679875200000,0.66541,0.66615,0.66368,0.66569,17114.5
1679889600000,0.66571,0.66653,0.66343,0.66399,19690.37
1679904000000,0.66395,0.66529,0.66355,0.66491,21973.1
1679918400000,0.6649,0.66561,0.66333,0.66413,29411.98
1679932800000,0.66414,0.66499,0.66383,0.66487,12756.47
1679947200000,0.66488,0.66606,0.66438,0.66586,7146.68
1679961600000,0.66585,0.66944,0.66539,0.6691,16918.64
1679976000000,0.6691,0.66939,0.66799,0.66808,16322.48
1679990400000,0.66807,0.66832,0.66682,0.668,14096.84
1680004800000,0.66799,0.67097,0.66729,0.6707,28761.56
1680019200000,0.67072,0.67098,0.6696,0.67054,9999.87
1680033600000,0.67055,0.67091,0.66997,0.67055,4726.34
1680048000000,0.6706,0.67127,0.66867,0.66969,14007.85
1680062400000,0.66969,0.67034,0.66701,0.66721,15668.32
1680076800000,0.66723,0.66838,0.66609,0.66759,18258.06
1680091200000,0.66759,0.67034,0.66644,0.66784,31601.17
1680105600000,0.66783,0.66843,0.66746,0.66795,12056.46
1680120000000,0.66796,0.66867,0.66777,0.66811,4656.71
1680134400000,0.66812,0.66829,0.66611,0.6679,14251.56
1680148800000,0.6679,0.67148,0.66771,0.67119,19856.45
1680163200000,0.67118,0.67179,0.66925,0.66969,15659.81
1680177600000,0.66968,0.67099,0.66871,0.66997,30090.7
1680192000000,0.66998,0.67119,0.66964,0.67107,10871.12
1680206400000,0.67107,0.67182,0.67043,0.67147,5516.2
1680220800000,0.67146,0.67375,0.67134,0.67186,16369.49
1680235200000,0.67186,0.67209,0.66736,0.66792,17219.97
1680249600000,0.66792,0.66986,0.66698,0.66853,18466.9
1680264000000,0.66855,0.67181,0.66765,0.67029,35221.01
1680278400000,0.6703,0.6703,0.66779,0.66846,10825.02
1680292800000,0.66846,0.6686,0.66793,0.66829,2023.8
1680465600000,0.66829,0.6686,0.66551,0.6658,8274.43
1680480000000,0.66581,0.6682,0.66506,0.66624,24562.33
1680494400000,0.66626,0.66964,0.66573,0.66952,17945.95
1680508800000,0.66951,0.67622,0.6691,0.6762,21929.84
1680523200000,0.67619,0.67871,0.67547,0.67821,43960.99
1680537600000,0.67822,0.67895,0.67731,0.67887,15553.81
1680552000000,0.67888,0.67928,0.6766,0.67858,5055.02
1680566400000,0.67859,0.67928,0.67728,0.67791,14636.24
1680580800000,0.6779,0.6788,0.67415,0.67552,23792.38
1680595200000,0.67551,0.67592,0.67344,0.6749,19774.24
1680609600000,0.67489,0.6759,0.67203,0.67419,42082.35
1680624000000,0.67416,0.67502,0.67331,0.67502,13146.59
1680638400000,0.675,0.67598,0.67474,0.67594,4536.25
1680652800000,0.67594,0.67795,0.67496,0.67539,17526.64
1680667200000,0.67541,0.67543,0.6708,0.67103,21049
1680681600000,0.67105,0.67117,0.66764,0.66967,22212.46
1680696000000,0.6697,0.67292,0.6697,0.67269,44088.93
1680710400000,0.67268,0.6728,0.67033,0.67195,11915.77
1680724800000,0.67194,0.6725,0.67134,0.67158,3822.33
1680739200000,0.67157,0.67194,0.66947,0.66995,12527.3
1680753600000,0.66994,0.67089,0.66868,0.67075,15657.05
1680768000000,0.67074,0.67081,0.66857,0.66938,14216.91
1680782400000,0.66939,0.67016,0.66526,0.66726,29806.3
1680796800000,0.66726,0.66826,0.66715,0.66715,8948.24
1680811200000,0.66717,0.66746,0.66666,0.66739,3419.92
1680825600000,0.66738,0.6683,0.66714,0.66806,4277.09
1680840000000,0.66808,0.66907,0.66784,0.66809,4451.84
1680854400000,0.66808,0.66855,0.66737,0.66757,4291.45
1680868800000,0.66756,0.66775,0.66403,0.66645,16071.94
1680883200000,0.66645,0.66723,0.66505,0.66609,9722.5
1680897600000,0.66599,0.66698,0.6651,0.66643,2587.73
1681070400000,0.66491,0.66739,0.66491,0.66725,3390.72
1681084800000,0.66726,0.66741,0.66563,0.66616,7988.39
1681099200000,0.66616,0.66735,0.66521,0.667,10705.89
1681113600000,0.66701,0.66797,0.66555,0.66578,10478.99
1681128000000,0.66576,0.66589,0.66188,0.66244,22684.43
1681142400000,0.66242,0.66423,0.66225,0.66422,7399.76
1681156800000,0.66422,0.66497,0.66181,0.66477,4554.64
1681171200000,0.66476,0.66732,0.66428,0.66677,16007.49
1681185600000,0.66677,0.66794,0.6662,0.66644,18854.85
1681200000000,0.66644,0.6673,0.66501,0.66535,18218.51
1681214400000,0.66535,0.66694,0.66459,0.66474,23681.84
1681228800000,0.66476,0.66567,0.66448,0.66524,7573.66
1681243200000,0.66525,0.66545,0.66468,0.66526,3457.44
1681257600000,0.66526,0.6665,0.66502,0.66645,11359.68
1681272000000,0.66644,0.66764,0.66503,0.66615,13529.87
1681286400000,0.66614,0.66779,0.66536,0.66728,14343.42
1681300800000,0.66729,0.67228,0.66649,0.66863,51110.74
1681315200000,0.66863,0.67042,0.66854,0.6692,16631.37
1681329600000,0.66919,0.6699,0.66842,0.6696,3824.01
1681344000000,0.6696,0.67204,0.66849,0.67091,17100.82
1681358400000,0.67089,0.67281,0.6695,0.67232,15552.74
1681372800000,0.67232,0.67426,0.67207,0.67356,18397.03
1681387200000,0.67357,0.67791,0.67322,0.67773,39617.05
1681401600000,0.67772,0.67963,0.6774,0.67856,12593.49
1681416000000,0.67856,0.67887,0.67781,0.67832,4165.75
1681430400000,0.67833,0.67934,0.67783,0.67844,13831.4
1681444800000,0.67845,0.67874,0.67668,0.67767,15632.35
1681459200000,0.67769,0.67802,0.67624,0.67733,14823.82
1681473600000,0.67735,0.68057,0.66952,0.67008,53410.42
1681488000000,0.67008,0.67074,0.66947,0.67069,13752.13
1681502400000,0.67068,0.671,0.6704,0.6704,1231.7
1681675200000,0.67017,0.67079,0.66972,0.67051,2548.53
1681689600000,0.67048,0.67128,0.669,0.67074,11827.84
1681704000000,0.67073,0.67188,0.6703,0.6704,14500.41
1681718400000,0.67039,0.67112,0.66915,0.67084,17815.95
1681732800000,0.67083,0.67151,0.66805,0.66912,36350.91
1681747200000,0.66913,0.67049,0.66887,0.67045,9795.62
1681761600000,0.67044,0.67057,0.66936,0.66982,3205.64
1681776000000,0.66983,0.67245,0.6697,0.67133,14668.21
1681790400000,0.67132,0.67369,0.67115,0.67295,18363.22
1681804800000,0.67295,0.67442,0.67284,0.67375,21301.66
1681819200000,0.67375,0.6747,0.67175,0.67175,30306.69
1681833600000,0.67176,0.67299,0.67163,0.67278,11056.39
1681848000000,0.67277,0.67374,0.67115,0.67351,3724.6
1681862400000,0.67351,0.6741,0.67152,0.67303,11683
1681876800000,0.67302,0.67332,0.67071,0.67162,21158.02
1681891200000,0.67161,0.67162,0.66896,0.67048,23815.33
1681905600000,0.67048,0.67349,0.67014,0.67159,25448.96
1681920000000,0.67159,0.67237,0.67127,0.67145,7775.04
1681934400000,0.67145,0.67153,0.66998,0.67047,6598.61
1681948800000,0.67047,0.67096,0.66965,0.6704,11051.39
1681963200000,0.67043,0.67263,0.67001,0.67099,12276.91
1681977600000,0.67098,0.67371,0.66985,0.672,15267.07
1681992000000,0.672,0.6771,0.67111,0.67521,29611.33
1682006400000,0.67523,0.6755,0.67325,0.67364,8089.72
1682020800000,0.67364,0.67451,0.67359,0.67425,3143.18
1682035200000,0.67424,0.67427,0.67147,0.67174,9136.81
1682049600000,0.67175,0.67188,0.66773,0.66866,13660.23
1682064000000,0.66867,0.66981,0.66829,0.66968,13215.38
1682078400000,0.66969,0.67083,0.66785,0.66889,28654.56
1682092800000,0.66891,0.67006,0.66824,0.6692,8850.95
1682107200000,0.6692,0.66949,0.66887,0.66887,956.61
1682280000000,0.6689,0.66972,0.66887,0.66906,2286.81
1682294400000,0.66906,0.6695,0.66771,0.66792,11836.97
1682308800000,0.66791,0.6685,0.66651,0.66835,13107.36
1682323200000,0.66837,0.66944,0.66773,0.66815,14089.25
1682337600000,0.66816,0.66974,0.66735,0.66791,17735.82
1682352000000,0.66791,0.66947,0.66779,0.66939,5374.46
1682366400000,0.66938,0.67046,0.66896,0.6703,2852.08
1682380800000,0.67029,0.6705,0.66768,0.66786,9500.41
1682395200000,0.66786,0.66873,0.66565,0.66587,14762.93
1682409600000,0.66587,0.66701,0.66506,0.66522,12693.86
1682424000000,0.66522,0.66594,0.6625,0.6625,20529.01
1682438400000,0.6625,0.66266,0.66139,0.66209,8377.82
1682452800000,0.66209,0.66378,0.66203,0.66356,5132.13
1682467200000,0.66356,0.66388,0.66054,0.66059,16689.95
1682481600000,0.66059,0.66178,0.66022,0.66099,14074.96
1682496000000,0.66101,0.66144,0.65947,0.66018,19710.89
1682510400000,0.6602,0.66189,0.65981,0.66148,28275.4
1682524800000,0.66147,0.66151,0.6591,0.6596,9464.73
1682539200000,0.65961,0.6611,0.65941,0.66076,4898.68
1682553600000,0.66076,0.66128,0.65996,0.66065,11880.45
1682568000000,0.66066,0.6635,0.66062,0.66193,16543.96
1682582400000,0.66193,0.66235,0.66059,0.6618,12408.44
1682596800000,0.6618,0.66302,0.65949,0.6612,34203.09
1682611200000,0.66121,0.66324,0.66107,0.66283,6824.11
1682625600000,0.66282,0.66313,0.66151,0.66296,4721.19
1682640000000,0.66298,0.66418,0.66255,0.66283,13069.11
1682654400000,0.66282,0.66301,0.65835,0.65948,19859.47
1682668800000,0.65948,0.6597,0.65782,0.65859,14372.6
1682683200000,0.65858,0.66164,0.65728,0.66162,35426.34
1682697600000,0.66161,0.66175,0.66088,0.66166,8944.81
1682712000000,0.66166,0.66186,0.66112,0.66112,1648
1682884800000,0.66118,0.66165,0.66069,0.66095,3566.82
1682899200000,0.66096,0.66358,0.66091,0.66345,9422.12
1682913600000,0.66345,0.66443,0.66317,0.66381,10589.75
1682928000000,0.6638,0.66422,0.66326,0.6635,9405.45
1682942400000,0.66348,0.66677,0.66304,0.66346,25681.45
1682956800000,0.66345,0.66378,0.66241,0.66279,7295.43
1682971200000,0.6628,0.6631,0.66191,0.66223,4363.07
1682985600000,0.66222,0.66411,0.66201,0.66289,10237.64
1683000000000,0.66289,0.67167,0.66251,0.6701,25988.77
1683014400000,0.6701,0.6704,0.66827,0.67007,16397.81
1683028800000,0.67005,0.67006,0.66572,0.66684,31575.72
1683043200000,0.66685,0.66726,0.66605,0.66661,8855.24
1683057600000,0.66662,0.66728,0.66558,0.66702,4125.82
1683072000000,0.66701,0.66759,0.6655,0.66681,9202.65
1683086400000,0.6668,0.66705,0.66564,0.66609,10436.49
1683100800000,0.66609,0.66715,0.66535,0.66635,12274.07
1683115200000,0.66637,0.66765,0.66488,0.66737,25335.5
1683129600000,0.66735,0.67028,0.66622,0.6669,35858.49
1683144000000,0.66687,0.66758,0.664,0.66412,12182.87
1683158400000,0.66415,0.66935,0.664,0.66865,16927.02
1683172800000,0.66864,0.6699,0.6665,0.66727,18375.35
1683187200000,0.66727,0.66821,0.66581,0.66785,15778.43
1683201600000,0.66784,0.66805,0.66539,0.66753,42432.44
1683216000000,0.66751,0.67059,0.66751,0.66903,13884.37
1683230400000,0.66904,0.67026,0.66897,0.66957,4006.71
1683244800000,0.66957,0.67359,0.66944,0.67349,11773.48
1683259200000,0.6735,0.67437,0.67301,0.6731,14099.98
1683273600000,0.6731,0.67335,0.67207,0.67224,10397.23
1683288000000,0.67227,0.67482,0.66875,0.67456,40116.69
1683302400000,0.67457,0.67566,0.67442,0.67488,8109.15
1683316800000,0.67489,0.67532,0.67456,0.67456,2225.29
1683489600000,0.67433,0.67549,0.67433,0.67464,4074.8
1683504000000,0.67466,0.67698,0.67396,0.67689,11100.43
1683518400000,0.67688,0.67891,0.67685,0.67818,9105.28
1683532800000,0.67818,0.67962,0.67795,0.67877,10687.11
1683547200000,0.67877,0.68032,0.67858,0.67903,15976.54
1683561600000,0.67906,0.67931,0.6776,0.678,5631.96
1683576000000,0.67802,0.67825,0.67749,0.67801,3711.23
1683590400000,0.67799,0.67844,0.67696,0.67839,10604.47
1683604800000,0.67842,0.67864,0.6757,0.67579,12125.13
1683619200000,0.67581,0.67674,0.6755,0.67568,9581.93
1683633600000,0.67568,0.67643,0.67461,0.675,15327.14
1683648000000,0.67497,0.6766,0.67468,0.67603,5749.44
1683662400000,0.67604,0.67666,0.6756,0.67661,3820.2
1683676800000,0.67662,0.67701,0.67611,0.67681,9985.66
1683691200000,0.67682,0.67736,0.67566,0.67582,10571.54
1683705600000,0.6758,0.67581,0.67477,0.67509,10249.07
1683720000000,0.67508,0.68176,0.67438,0.67612,39865.03
1683734400000,0.6761,0.67796,0.67454,0.67757,10558.95
1683748800000,0.67756,0.6783,0.67714,0.67805,3071.07
1683763200000,0.67805,0.67958,0.67665,0.67714,13190.44
1683777600000,0.67717,0.67795,0.67288,0.67348,15590.5
1683792000000,0.67348,0.67421,0.67216,0.67327,17772.97
1683806400000,0.67326,0.67529,0.66884,0.66922,31025.01
1683820800000,0.66923,0.67013,0.66887,0.67011,8259.83
1683835200000,0.6701,0.67035,0.66979,0.6699,3467.19
1683849600000,0.66989,0.67059,0.66849,0.66909,12288.28
1683864000000,0.66908,0.67041,0.66846,0.66852,13772.4
1683878400000,0.66852,0.66957,0.66798,0.66821,10637.4
1683892800000,0.6682,0.6689,0.66412,0.6648,18941.66
1683907200000,0.66479,0.66498,0.66357,0.66463,7131.95
1683921600000,0.66461,0.66464,0.66367,0.66392,1793.51
1684094400000,0.66447,0.66472,0.6641,0.66464,3982.66
1684108800000,0.66464,0.6665,0.66416,0.6661,11717.75
1684123200000,0.6661,0.66929,0.66584,0.66907,12501.82
1684137600000,0.66905,0.66929,0.6677,0.66892,10754.99
1684152000000,0.66893,0.6698,0.66753,0.66969,14412.39
1684166400000,0.66973,0.67084,0.66958,0.67014,6472.45
1684180800000,0.67013,0.67035,0.66861,0.67015,3572.22
1684195200000,0.67015,0.67092,0.66796,0.66943,11349.1
1684209600000,0.66942,0.66943,0.66646,0.66877,12561.81
1684224000000,0.66878,0.66961,0.66696,0.6672,11281.54
1684238400000,0.66721,0.66921,0.66509,0.66609,24873.69
1684252800000,0.66611,0.66629,0.66519,0.6653,6041.32
1684267200000,0.66529,0.66582,0.66497,0.66573,2677.2
1684281600000,0.66573,0.66703,0.6644,0.66593,12886.63
1684296000000,0.66593,0.66599,0.66286,0.66292,12121
1684310400000,0.66292,0.6664,0.66289,0.66565,12547.34
1684324800000,0.66566,0.66694,0.66394,0.66499,21869.52
1684339200000,0.66498,0.66728,0.66498,0.66622,7323.39
1684353600000,0.66622,0.66647,0.66542,0.66553,3552.13
1684368000000,0.66556,0.66672,0.66292,0.66494,15404.78
1684382400000,0.66495,0.66565,0.66325,0.66355,11649.8
1684396800000,0.66358,0.66456,0.66293,0.66386,11439.12
1684411200000,0.66388,0.66441,0.66045,0.66169,21678.84
1684425600000,0.66167,0.66244,0.66065,0.66242,7984.51
1684440000000,0.66242,0.66297,0.66049,0.66266,5067.19
1684454400000,0.66267,0.66409,0.66163,0.66368,14611
1684468800000,0.66368,0.66534,0.66294,0.66495,13305.24
1684483200000,0.66497,0.66633,0.66422,0.6658,14914.59
1684497600000,0.66581,0.66748,0.66472,0.66595,28921.95
1684512000000,0.66593,0.66703,0.66442,0.66502,9230.71
1684526400000,0.66503,0.66517,0.66451,0.66455,2565.37
1684699200000,0.66434,0.66584,0.66419,0.66583,4418
1684713600000,0.66584,0.66672,0.66427,0.66495,16193.31
1684728000000,0.66494,0.66542,0.66268,0.66333,14384.54
1684742400000,0.66333,0.66514,0.66273,0.6641,14247.02
1684756800000,0.6641,0.66516,0.66345,0.66428,19176.8
1684771200000,0.66428,0.66552,0.66409,0.66481,7672.6
1684785600000,0.6648,0.66525,0.66432,0.66481,3231.27
1684800000000,0.66481,0.66616,0.66404,0.66551,12505.21
1684814400000,0.66548,0.66596,0.66256,0.66278,14403.72
1684828800000,0.66275,0.66345,0.6613,0.66156,13737.11
1684843200000,0.66155,0.66299,0.66099,0.66209,25643.17
1684857600000,0.66209,0.66209,0.66069,0.66075,8507.14
1684872000000,0.66079,0.66133,0.66067,0.66131,2914.72
1684886400000,0.66131,0.66148,0.65852,0.66012,16066.81
1684900800000,0.6601,0.66036,0.65665,0.65699,15990.77
1684915200000,0.657,0.65836,0.65603,0.65764,15511.5
1684929600000,0.65765,0.65847,0.6531,0.65393,24353.88
1684944000000,0.65395,0.65452,0.65294,0.65384,13567.6
1684958400000,0.65384,0.65466,0.65376,0.65427,6658.91
1684972800000,0.65426,0.65439,0.65226,0.65275,14506.84
1684987200000,0.65277,0.65421,0.65218,0.6531,12775.87
1685001600000,0.65309,0.65349,0.65193,0.65277,12131.09
1685016000000,0.65278,0.6535,0.65005,0.65037,30284.46
1685030400000,0.65039,0.65164,0.6498,0.65036,9793.62
1685044800000,0.65037,0.65063,0.64966,0.64978,4110.71
1685059200000,0.64981,0.65149,0.649,0.65112,10600.48
1685073600000,0.6511,0.6528,0.65092,0.65183,11989.92
1685088000000,0.65183,0.65438,0.65169,0.65409,11763.26
1685102400000,0.6541,0.65425,0.64975,0.65092,30327.53
1685116800000,0.65092,0.65203,0.65089,0.65185,7214.78
1685131200000,0.65183,0.65195,0.65132,0.65142,2279.41
1685304000000,0.65213,0.65281,0.65156,0.65244,3138.87
1685318400000,0.65242,0.65439,0.65229,0.65285,8818.6
1685332800000,0.65286,0.65537,0.65277,0.65334,8561.57
1685347200000,0.65333,0.65462,0.65282,0.65388,6631.02
1685361600000,0.65388,0.65422,0.65343,0.65406,4290.42
1685376000000,0.65403,0.65405,0.65377,0.65383,1096.75
1685390400000,0.65386,0.65427,0.65275,0.65275,2924.97
1685404800000,0.65274,0.65591,0.65101,0.65128,14491.05
1685419200000,0.65127,0.65313,0.65025,0.65309,17043.12
1685433600000,0.65308,0.65523,0.65307,0.6552,17810.46
1685448000000,0.65522,0.65543,0.65081,0.65115,21553.84
1685462400000,0.65116,0.65181,0.65028,0.65177,7323.29
1685476800000,0.65177,0.65217,0.65045,0.65171,3720.87
1685491200000,0.65169,0.65384,0.64894,0.64937,15871.88
1685505600000,0.64937,0.64982,0.64748,0.64758,17160.1
1685520000000,0.64759,0.64855,0.64743,0.64764,12777.98
1685534400000,0.64765,0.6494,0.6463,0.64719,27369.85
1685548800000,0.6472,0.65051,0.64579,0.65028,14756.09
1685563200000,0.65027,0.65093,0.64894,0.65057,5141.02
1685577600000,0.65057,0.65153,0.64839,0.6514,13922.19
1685592000000,0.65141,0.65193,0.64859,0.6491,12597.5
1685606400000,0.6491,0.65261,0.64878,0.65242,12378.51
1685620800000,0.65242,0.65779,0.65081,0.65758,31945.93
1685635200000,0.65758,0.65813,0.6567,0.65741,8537.46
1685649600000,0.6574,0.6579,0.65627,0.65773,3966.97
1685664000000,0.65774,0.66159,0.65735,0.66143,12189.88
1685678400000,0.66145,0.66174,0.66044,0.66101,13378
1685692800000,0.66099,0.66334,0.66095,0.66182,13690.99
1685707200000,0.66183,0.6638,0.6602,0.66145,35430.72
1685721600000,0.66145,0.66158,0.66012,0.66089,8053.37
1685736000000,0.66089,0.66097,0.66025,0.66038,1768.47
1685908800000,0.65951,0.66052,0.65947,0.65968,4249.21
1685923200000,0.65968,0.66076,0.65872,0.66064,12046.94
1685937600000,0.66062,0.66095,0.65878,0.65927,11710.66
1685952000000,0.65929,0.66001,0.65788,0.65848,9466.11
1685966400000,0.6585,0.6637,0.6583,0.66244,24486.41
1685980800000,0.66245,0.66277,0.66142,0.66152,8411.2
1685995200000,0.66153,0.66196,0.66121,0.66122,5099.2
1686009600000,0.66125,0.66235,0.66092,0.66171,8731.63
1686024000000,0.66171,0.66848,0.66157,0.66633,24558.38
1686038400000,0.66634,0.66667,0.66481,0.66618,12673.07
1686052800000,0.66617,0.66768,0.66416,0.66728,20063.91
1686067200000,0.66728,0.66779,0.66666,0.66715,7155.22
1686081600000,0.66717,0.66798,0.66488,0.66798,4193.81
1686096000000,0.66798,0.66894,0.66647,0.6675,13249.29
1686110400000,0.66749,0.66825,0.66613,0.66731,11057.39
1686124800000,0.6673,0.67053,0.66709,0.66968,11704.62
1686139200000,0.66966,0.67169,0.66569,0.66592,24218.63
1686153600000,0.66592,0.66625,0.66411,0.66509,10899.7
1686168000000,0.66508,0.66602,0.66494,0.6658,4190.89
1686182400000,0.66581,0.66722,0.66568,0.6662,10693.41
1686196800000,0.6662,0.66836,0.66545,0.66807,11354.05
1686211200000,0.66807,0.66899,0.66766,0.66846,10460.48
1686225600000,0.66847,0.67176,0.66817,0.67059,23979.42
1686240000000,0.67058,0.67176,0.6704,0.67138,7627.47
1686254400000,0.67137,0.67166,0.6709,0.67118,4963.67
1686268800000,0.6712,0.67142,0.66966,0.6698,11299.88
1686283200000,0.66979,0.67238,0.66923,0.67227,11205.29
1686297600000,0.67229,0.67295,0.67051,0.67268,11141.28
1686312000000,0.67267,0.67503,0.67252,0.67393,19525.13
1686326400000,0.67392,0.67438,0.67358,0.6739,7095.51
1686340800000,0.67389,0.67431,0.67374,0.67374,1304.26
1686513600000,0.67254,0.67457,0.67254,0.67442,2201.29
1686528000000,0.67443,0.67479,0.6731,0.67416,8268.32
1686542400000,0.67412,0.6765,0.6738,0.67614,8773.01
1686556800000,0.67615,0.67731,0.67569,0.67579,10511.34
1686571200000,0.67581,0.67649,0.67404,0.67463,14728.63
1686585600000,0.67463,0.67547,0.67424,0.67533,6839.09
1686600000000,0.67533,0.67557,0.67433,0.67519,4615.85
1686614400000,0.67518,0.67665,0.67376,0.67643,12585.96
1686628800000,0.67643,0.67866,0.67581,0.67749,16360.53
1686643200000,0.67748,0.67815,0.67673,0.67778,12484.13
1686657600000,0.67783,0.68066,0.67589,0.67741,35348.98
1686672000000,0.67739,0.67871,0.67555,0.67664,10417.39
1686686400000,0.67664,0.677,0.67542,0.67697,3313.31
1686700800000,0.67698,0.67824,0.67627,0.67751,9800.85
1686715200000,0.67749,0.67853,0.67628,0.67833,11091.25
1686729600000,0.67833,0.67944,0.67811,0.67903,8764.56
1686744000000,0.67903,0.68352,0.67859,0.68303,17732.92
1686758400000,0.68303,0.6835,0.67553,0.67902,35886.99
1686772800000,0.67904,0.68013,0.67895,0.67961,5382.35
1686787200000,0.67959,0.68023,0.67649,0.67994,16687.72
1686801600000,0.67996,0.68275,0.67914,0.68178,17377.08
1686816000000,0.68177,0.682,0.67949,0.6795,12128.35
1686830400000,0.67949,0.687,0.6787,0.6869,31714.1
1686844800000,0.68689,0.68923,0.68685,0.68866,9450.25
1686859200000,0.68868,0.68871,0.6876,0.6879,4976.28
1686873600000,0.6879,0.68864,0.68664,0.68705,13799.69
1686888000000,0.68705,0.68993,0.68681,0.68756,15692.42
1686902400000,0.68753,0.68865,0.68672,0.6874,16580.01
1686916800000,0.68741,0.6888,0.68545,0.68636,32412.4
1686931200000,0.68635,0.68791,0.68614,0.68699,11347.32
1686945600000,0.68697,0.68764,0.68693,0.68715,1881.65
1687118400000,0.68769,0.6882,0.68699,0.68716,3819.71
1687132800000,0.68715,0.68725,0.68333,0.6837,13885.46
1687147200000,0.6837,0.68775,0.68345,0.68672,14648.28
1687161600000,0.6867,0.68712,0.68412,0.68442,13184.92
1687176000000,0.68444,0.68516,0.68396,0.68472,10701.68
1687190400000,0.68469,0.68497,0.68423,0.68478,2318.95
1687204800000,0.68476,0.68546,0.68418,0.68491,4772.94
1687219200000,0.6849,0.68535,0.67976,0.68078,17811.17
1687233600000,0.68074,0.68115,0.67877,0.68047,16618.13
1687248000000,0.68046,0.6807,0.6783,0.67843,14525.95
1687262400000,0.67842,0.67868,0.67526,0.67684,27078.21
1687276800000,0.67685,0.679,0.67666,0.67866,10897.81
1687291200000,0.67865,0.67931,0.67797,0.67894,4768.03
1687305600000,0.67893,0.67993,0.67765,0.67908,15944.02
1687320000000,0.6791,0.67979,0.67598,0.67637,18690.35
1687334400000,0.67638,0.67738,0.67566,0.67605,14902.53
1687348800000,0.67601,0.67831,0.67404,0.678,34773.88
1687363200000,0.67798,0.68042,0.67785,0.6797,12192.26
1687377600000,0.6797,0.68022,0.67861,0.67983,4966.1
1687392000000,0.67983,0.68056,0.67872,0.67891,11101.34
1687406400000,0.67889,0.67918,0.67564,0.67869,17812.11
1687420800000,0.67868,0.67976,0.67793,0.67852,16361.36
1687435200000,0.67851,0.67915,0.67482,0.67521,30626.92
1687449600000,0.67522,0.67613,0.67442,0.67571,9435.91
1687464000000,0.67571,0.67652,0.67515,0.67588,4522.11
1687478400000,0.67587,0.67672,0.67032,0.67073,19562.27
1687492800000,0.67071,0.67095,0.66864,0.66929,18672.78
1687507200000,0.66927,0.66994,0.66798,0.66833,15469.72
1687521600000,0.66835,0.66871,0.66623,0.66856,27348.61
1687536000000,0.66857,0.66858,0.66745,0.66798,8964.64
1687550400000,0.66798,0.66807,0.66736,0.66743,2359.8
1687723200000,0.66774,0.66825,0.66725,0.66805,4299.25
1687737600000,0.66804,0.66935,0.66696,0.66883,16045.75
1687752000000,0.66885,0.66886,0.66679,0.66779,14185.6
1687766400000,0.66779,0.66822,0.66687,0.66819,13078.86
1687780800000,0.6682,0.66845,0.66671,0.66798,16817.49
1687795200000,0.66798,0.66828,0.6674,0.66769,6590.44
1687809600000,0.6677,0.66785,0.66541,0.66735,6123.03
1687824000000,0.66735,0.67197,0.66695,0.67157,18340.39
1687838400000,0.67156,0.67203,0.67005,0.67089,15189.43
1687852800000,0.67088,0.67088,0.66809,0.66876,13300.13
1687867200000,0.66876,0.67142,0.66782,0.66816,29081.17
1687881600000,0.66814,0.66909,0.66779,0.66889,7445.62
1687896000000,0.66888,0.6689,0.66776,0.66817,3368.09
1687910400000,0.66816,0.66888,0.66175,0.66448,20971.78
1687924800000,0.66449,0.66514,0.66329,0.6641,14492.28
1687939200000,0.66411,0.66438,0.66224,0.66227,13360.08
1687953600000,0.6623,0.66245,0.65965,0.66191,26436.04
1687968000000,0.66191,0.66221,0.65988,0.66004,9113.62
1687982400000,0.66005,0.66045,0.6596,0.65984,3327.87
1687996800000,0.65983,0.66268,0.65948,0.66086,15891.08
1688011200000,0.66085,0.6624,0.66038,0.66239,13566.5
1688025600000,0.6624,0.66402,0.66123,0.66348,11673.86
1688040000000,0.66346,0.66382,0.65986,0.66321,35348.67
1688054400000,0.66319,0.66324,0.66138,0.66183,9357.61
1688068800000,0.66183,0.6621,0.66118,0.66165,3319.84
1688083200000,0.66167,0.66334,0.66029,0.66269,15810.01
1688097600000,0.66269,0.66373,0.66167,0.66209,14645.09
1688112000000,0.66211,0.66255,0.66136,0.6619,12215.99
1688126400000,0.66191,0.66647,0.66188,0.66615,33447.69
1688140800000,0.66615,0.66711,0.66575,0.66596,9103.73
1688155200000,0.66597,0.66645,0.66547,0.66594,3047.27
1688328000000,0.66599,0.66636,0.66567,0.66577,1832.94
1688342400000,0.66578,0.6667,0.66366,0.66629,13547.34
1688356800000,0.6663,0.66747,0.66391,0.66413,15186.9
1688371200000,0.66411,0.66594,0.66397,0.66498,13277.1
1688385600000,0.66497,0.66914,0.66456,0.66766,22907.74
1688400000000,0.66765,0.66794,0.66696,0.66706,4472.07
1688414400000,0.66706,0.66768,0.66607,0.66735,2526.54
1688428800000,0.66736,0.66834,0.66686,0.66755,10326.13
1688443200000,0.66756,0.6688,0.6641,0.66794,18124.61
1688457600000,0.66798,0.66921,0.66725,0.66879,9255.54
1688472000000,0.66878,0.6705,0.66855,0.67033,9255.26
1688486400000,0.67033,0.67036,0.66915,0.66933,2760.84
1688500800000,0.66934,0.66958,0.6685,0.6693,3307.82
1688515200000,0.6693,0.66981,0.66787,0.66841,11645.21
1688529600000,0.6684,0.66892,0.66729,0.66813,11730.36
1688544000000,0.66812,0.66826,0.66576,0.66627,15565.55
1688558400000,0.66626,0.66845,0.66573,0.6662,21437.37
1688572800000,0.66618,0.66701,0.66532,0.66552,10222.79
1688587200000,0.66553,0.6657,0.66514,0.66544,2317.15
1688601600000,0.66545,0.66716,0.66498,0.66508,12118.21
1688616000000,0.66509,0.66866,0.6633,0.66705,19732.68
1688630400000,0.66705,0.66876,0.66597,0.66857,14720.3
1688644800000,0.66859,0.66863,0.65988,0.66174,41462.46
1688659200000,0.66174,0.66272,0.66174,0.66252,7270.98
1688673600000,0.6625,0.66308,0.66134,0.66281,2780.83
1688688000000,0.66282,0.6636,0.66198,0.66312,12906.16
1688702400000,0.66313,0.66427,0.66247,0.66313,14315.46
1688716800000,0.66312,0.66495,0.66258,0.66349,13991.39
1688731200000,0.6635,0.6686,0.66191,0.66839,44530.87
1688745600000,0.66841,0.67002,0.66832,0.66843,9828.2
1688760000000,0.66844,0.66923,0.66844,0.66868,1755.86
1688932800000,0.66819,0.66954,0.6674,0.66875,4472.51
1688947200000,0.66874,0.66952,0.66623,0.66651,16886.79
1688961600000,0.66651,0.66718,0.66404,0.66494,13135.99
1688976000000,0.66495,0.6654,0.66323,0.66432,11108.8
1688990400000,0.66431,0.66692,0.66231,0.66668,23255.42
1689004800000,0.66669,0.66799,0.66629,0.66767,8374.18
1689019200000,0.66768,0.66781,0.66583,0.66761,4109.02
1689033600000,0.66762,0.66916,0.66736,0.66871,16119.24
1689048000000,0.66869,0.66947,0.6671,0.66724,21811.17
1689062400000,0.66724,0.66822,0.66596,0.66637,13908.43
1689076800000,0.66638,0.66666,0.66503,0.66622,20318.17
1689091200000,0.66622,0.66852,0.6662,0.66848,8288.81
1689105600000,0.66847,0.66948,0.66757,0.66927,4197.31
1689120000000,0.66925,0.67414,0.6691,0.67182,23888.28
1689134400000,0.67183,0.67264,0.66822,0.66879,15836.69
1689148800000,0.66878,0.66947,0.66832,0.66876,11254.76
1689163200000,0.66877,0.67948,0.66842,0.67815,52157.17
1689177600000,0.67813,0.67957,0.67785,0.67894,13372.22
1689192000000,0.67893,0.67927,0.67735,0.67919,3799.38
1689206400000,0.67921,0.68169,0.67848,0.68144,16906.93
1689220800000,0.68142,0.68421,0.68043,0.68416,20255.58
1689235200000,0.68418,0.68604,0.68348,0.68569,14519.47
1689249600000,0.68572,0.68944,0.68407,0.6871,33627.84
1689264000000,0.6871,0.68923,0.68693,0.68873,8366.19
1689278400000,0.68872,0.68921,0.68742,0.68878,4103.59
1689292800000,0.6888,0.68946,0.68751,0.68927,16751.82
1689307200000,0.68926,0.68944,0.68614,0.68749,15280.97
1689321600000,0.6875,0.68793,0.68647,0.6866,12635.56
1689336000000,0.68658,0.68697,0.68401,0.68416,37159.27
1689350400000,0.68417,0.68504,0.68301,0.68331,11589.67
1689364800000,0.68329,0.68381,0.683,0.68348,2540.03
1689537600000,0.68412,0.68416,0.68264,0.68368,2836.23
1689552000000,0.68367,0.68378,0.6806,0.68081,15476.91
1689566400000,0.68079,0.682,0.68036,0.68167,12921.82
1689580800000,0.68169,0.68236,0.68066,0.68144,11823.38
1689595200000,0.68144,0.6822,0.6787,0.68198,23583.38
1689609600000,0.68199,0.68282,0.6819,0.68224,5476.46
1689624000000,0.68222,0.68225,0.68092,0.68096,5876.03
1689638400000,0.68095,0.68368,0.68069,0.6827,20487.71
1689652800000,0.68269,0.68348,0.68059,0.68062,17962.69
1689667200000,0.68064,0.6822,0.67968,0.68042,16372.07
1689681600000,0.68043,0.68293,0.67885,0.68153,45680.42
1689696000000,0.68154,0.68167,0.68015,0.68114,9843.13
1689710400000,0.68114,0.68197,0.68001,0.68128,7090.8
1689724800000,0.68127,0.68191,0.67821,0.67858,21098.76
1689739200000,0.67858,0.67986,0.67682,0.67836,24195.43
1689753600000,0.67838,0.67882,0.67548,0.67635,18528.64
1689768000000,0.67635,0.67877,0.67496,0.67622,34209.94
1689782400000,0.67624,0.67775,0.67593,0.67736,15516.24
1689796800000,0.67741,0.67744,0.67533,0.67707,4790.66
1689811200000,0.67707,0.68396,0.677,0.68311,31038.08
1689825600000,0.68311,0.68356,0.68059,0.68222,25947.54
1689840000000,0.68223,0.68464,0.68221,0.68262,16920.16
1689854400000,0.68262,0.68263,0.67707,0.6777,36754.52
1689868800000,0.67772,0.67872,0.67699,0.6779,13005.65
1689883200000,0.67789,0.67813,0.67709,0.67779,4729.64
1689897600000,0.67779,0.67832,0.67586,0.67738,19258.76
1689912000000,0.67735,0.67874,0.67559,0.67567,22427
1689926400000,0.67567,0.67569,0.67335,0.67335,16171.78
1689940800000,0.67335,0.67426,0.67219,0.67356,24869.34
1689955200000,0.67356,0.67377,0.67262,0.67289,7336.43
1689969600000,0.67288,0.67316,0.6726,0.6726,1885.82
1690142400000,0.67273,0.67331,0.67221,0.67248,3727.92
1690156800000,0.67249,0.67405,0.67145,0.67327,18009.73
1690171200000,0.67326,0.67407,0.67248,0.67336,16910.44
1690185600000,0.67336,0.67557,0.67294,0.67425,19156.77
1690200000000,0.67425,0.67516,0.67222,0.67492,31086.8
1690214400000,0.6749,0.67538,0.6736,0.67375,11202.82
1690228800000,0.67376,0.67408,0.67234,0.67313,5666.55
1690243200000,0.67316,0.67715,0.6725,0.67645,22647.79
1690257600000,0.67642,0.67756,0.67561,0.67655,19002.41
1690272000000,0.67656,0.67785,0.6756,0.67646,16127.77
1690286400000,0.67646,0.67904,0.67525,0.67877,22804.27
1690300800000,0.67877,0.67923,0.67803,0.67884,10140.65
1690315200000,0.67885,0.67945,0.67687,0.67869,6990.44
1690329600000,0.6787,0.67908,0.67285,0.67622,23701.37
1690344000000,0.67622,0.67757,0.67584,0.67658,16710.05
1690358400000,0.67658,0.67698,0.67451,0.67451,12869.64
1690372800000,0.67451,0.67637,0.67306,0.67543,23383.42
1690387200000,0.67542,0.67831,0.67353,0.67651,40778.59
1690401600000,0.67651,0.67655,0.67496,0.67606,7316.03
1690416000000,0.67604,0.6819,0.67587,0.68086,22286.08
1690430400000,0.68088,0.68207,0.67855,0.68138,22461.71
1690444800000,0.68139,0.68185,0.67871,0.67987,19455.82
1690459200000,0.67988,0.67988,0.67211,0.67395,45643.15
1690473600000,0.67396,0.67488,0.66978,0.67019,25145.64
1690488000000,0.67019,0.67131,0.67,0.67116,7344.03
1690502400000,0.67114,0.67121,0.6655,0.66653,35857.71
1690516800000,0.66653,0.66702,0.66242,0.66274,37002.84
1690531200000,0.66275,0.66763,0.66221,0.667,18824.42
1690545600000,0.66697,0.66852,0.66496,0.66683,39511.41
1690560000000,0.66684,0.66754,0.6645,0.66523,10342.05
1690574400000,0.66523,0.66538,0.66452,0.66466,2397.25
1690747200000,0.66511,0.66647,0.6643,0.66591,6250.47
1690761600000,0.66591,0.66812,0.66573,0.66756,24322.97
1690776000000,0.66758,0.67,0.66705,0.66899,19312.98
1690790400000,0.66899,0.67116,0.66844,0.67082,15014.09
1690804800000,0.67083,0.6739,0.67028,0.67288,27839.78
1690819200000,0.67288,0.67313,0.67135,0.67164,8297.4
1690833600000,0.67163,0.67196,0.67091,0.67156,4659.42
1690848000000,0.67155,0.67231,0.6689,0.66926,16924.85986328125
1690862400000,0.66924,0.67075,0.66398,0.6644,21852.47998046875
1690876800000,0.6644,0.66444,0.66249,0.66282,13971.660400390625
1690891200000,0.66283,0.66321,0.66048,0.66097,31098.8505859375
1690905600000,0.66098,0.66156,0.66017,0.66123,8753.559936523438
1690920000000,0.66123,0.6623,0.66099,0.6617,8983.829956054688
1690934400000,0.66171,0.66295,0.65859,0.65923,20933.259765625
1690948800000,0.65922,0.65932,0.65648,0.65806,16437.380126953125
1690963200000,0.65806,0.65917,0.65718,0.65759,14585.72021484375
1690977600000,0.65757,0.6583,0.65263,0.65408,33968.13037109375
1690992000000,0.65407,0.65534,0.65366,0.65423,8837.039794921875
1691006400000,0.65421,0.6545,0.65293,0.6541,5595.409973144531
1691020800000,0.65409,0.65552,0.65273,0.65361,17096.199951171875
1691035200000,0.6536,0.6542,0.6521,0.65281,22157.740234375
1691049600000,0.65279,0.65391,0.65137,0.65283,21326.159912109375
1691064000000,0.65281,0.65586,0.65229,0.65519,36044.76025390625
1691078400000,0.65517,0.65682,0.65413,0.65452,8090.0001220703125
1691092800000,0.65452,0.65615,0.65389,0.656,6959.1500244140625
1691107200000,0.65599,0.65871,0.65535,0.65701,20925.170166015625
1691121600000,0.65703,0.65789,0.65572,0.65617,16300.530029296875
1691136000000,0.65614,0.65646,0.65457,0.65465,13051.099853515625
1691150400000,0.65465,0.66091,0.65449,0.66033,54407.4208984375
1691164800000,0.66034,0.66087,0.65619,0.65648,16826.459716796875
1691179200000,0.65648,0.657,0.65627,0.65663,2920.27001953125
1691193600000,0.65663,0.65663,0.65663,0.65663,0.0
1691208000000,0.65663,0.65663,0.65663,0.65663,0.0
1691222400000,0.65663,0.65663,0.65663,0.65663,0.0
1691236800000,0.65663,0.65663,0.65663,0.65663,0.0
1691251200000,0.65663,0.65663,0.65663,0.65663,0.0
1691265600000,0.65663,0.65663,0.65663,0.65663,0.0
1691280000000,0.65663,0.65663,0.65663,0.65663,0.0
1691294400000,0.65663,0.65663,0.65663,0.65663,0.0
1691308800000,0.65663,0.65663,0.65663,0.65663,0.0
1691323200000,0.65663,0.65663,0.65663,0.65663,0.0
1691337600000,0.65663,0.65663,0.65663,0.65663,0.0
1691352000000,0.65663,0.65746,0.65661,0.65731,4576.330047607422
1691366400000,0.6573,0.65924,0.65693,0.65809,19073.98974609375
1691380800000,0.65809,0.65809,0.65637,0.65785,14679.60009765625
1691395200000,0.65786,0.65786,0.65548,0.65722,12420.079833984375
1691409600000,0.65721,0.6586,0.65559,0.65628,20470.83984375
1691424000000,0.65627,0.65765,0.65578,0.65734,8553.919677734375
1691438400000,0.65732,0.65748,0.65672,0.65718,4753.890075683594
1691452800000,0.6572,0.65758,0.65358,0.65453,22021.199462890625
1691467200000,0.65451,0.65503,0.65208,0.65237,17730.219970703125
1691481600000,0.65239,0.6527,0.64989,0.65022,16010.41015625
1691496000000,0.65022,0.65204,0.64961,0.65128,25843.250244140625
1691510400000,0.65128,0.65434,0.65126,0.6542,11229.06005859375
1691524800000,0.6542,0.65443,0.65305,0.65326,7480.8599853515625
1691539200000,0.65327,0.65633,0.65278,0.65532,19449.48974609375
1691553600000,0.65533,0.65709,0.6549,0.65659,16279.479736328125
1691568000000,0.6566,0.65686,0.65362,0.65381,15806.860107421875
1691582400000,0.65379,0.65493,0.65196,0.65237,26478.57958984375
1691596800000,0.65236,0.65411,0.65227,0.6531,12128.64013671875
1691611200000,0.6531,0.6537,0.65226,0.65347,5241.860046386719
1691625600000,0.65347,0.65451,0.65259,0.65384,13362.739990234375
1691640000000,0.65385,0.65626,0.6537,0.65507,14634.5498046875
1691654400000,0.65507,0.65687,0.65491,0.65682,12196.260009765625
1691668800000,0.65682,0.66164,0.65505,0.65559,57274.99072265625
1691683200000,0.6556,0.65584,0.65199,0.6522,21973.5205078125
1691697600000,0.65221,0.65233,0.65113,0.65113,5473.4200439453125
1691712000000,0.65114,0.65332,0.65091,0.65242,16093.750244140625
1691726400000,0.65243,0.65323,0.65162,0.65227,15957.079833984375
1691740800000,0.65225,0.65313,0.65109,0.6528,15360.400390625
1691755200000,0.65278,0.6531,0.64868,0.64916,42991.97998046875
1691769600000,0.64918,0.65005,0.64855,0.6495,9840.980102539062
1691784000000,0.64949,0.64956,0.64918,0.64919,1786.739990234375
1691798400000,0.64919,0.64919,0.64919,0.64919,0.0
1691812800000,0.64919,0.64919,0.64919,0.64919,0.0
1691827200000,0.64919,0.64919,0.64919,0.64919,0.0
1691841600000,0.64919,0.64919,0.64919,0.64919,0.0
1691856000000,0.64919,0.64919,0.64919,0.64919,0.0
1691870400000,0.64919,0.64919,0.64919,0.64919,0.0
1691884800000,0.64919,0.64919,0.64919,0.64919,0.0
1691899200000,0.64919,0.64919,0.64919,0.64919,0.0
1691913600000,0.64919,0.64919,0.64919,0.64919,0.0
1691928000000,0.64919,0.64919,0.64919,0.64919,0.0
1691942400000,0.64919,0.64919,0.64919,0.64919,0.0
1691956800000,0.64919,0.64984,0.64911,0.64944,4203.710021972656
1691971200000,0.64943,0.64964,0.64563,0.64664,20135.369873046875
1691985600000,0.64665,0.64968,0.64644,0.64958,17729.8603515625
1692000000000,0.64956,0.65025,0.64855,0.64941,18622.030029296875
1692014400000,0.64941,0.64968,0.64534,0.64948,39128.8798828125
1692028800000,0.64948,0.65021,0.6478,0.64854,11231.22021484375
1692043200000,0.64855,0.64895,0.64767,0.64875,5540.260070800781
1692057600000,0.64875,0.6511,0.64622,0.65067,23060.659912109375
1692072000000,0.65068,0.65212,0.64669,0.64672,21054.179931640625
1692086400000,0.64673,0.64802,0.64618,0.64685,19559.36962890625
1692100800000,0.64686,0.64933,0.64554,0.64827,55165.90966796875
1692115200000,0.64827,0.64849,0.6451,0.64567,10845.02001953125
1692129600000,0.64567,0.6459,0.64509,0.64569,7654.7598876953125
1692144000000,0.64571,0.64597,0.64276,0.64485,24835.299560546875
1692158400000,0.64483,0.64782,0.64439,0.64749,18289.919921875
1692172800000,0.64749,0.64802,0.64527,0.64567,16956.429931640625
1692187200000,0.64565,0.64683,0.64353,0.64386,33754.5009765625
1692201600000,0.64386,0.6444,0.64153,0.64209,19051.35009765625
1692216000000,0.64207,0.64254,0.64128,0.64131,7562.309997558594
1692230400000,0.64131,0.64148,0.6364,0.63818,28160.37060546875
1692244800000,0.63817,0.64083,0.63779,0.6395,17789.7099609375
1692259200000,0.63948,0.64363,0.63921,0.64335,21944.9697265625
1692273600000,0.64336,0.645,0.64112,0.64144,38989.4599609375
1692288000000,0.64145,0.6425,0.63948,0.64021,13247.809814453125
1692302400000,0.64022,0.64081,0.63983,0.64056,7123.7398681640625
1692316800000,0.64056,0.64285,0.64023,0.64048,21328.52978515625
1692331200000,0.6405,0.64156,0.6392,0.63992,21412.239990234375
1692345600000,0.63992,0.64094,0.63839,0.63877,23794.01025390625
1692360000000,0.6388,0.64148,0.63786,0.64121,35481.529296875
1692374400000,0.6412,0.64174,0.64013,0.64038,9896.789794921875
1692388800000,0.64036,0.64057,0.63983,0.63997,2753.550048828125
1692403200000,0.63997,0.63997,0.63997,0.63997,0.0
1692417600000,0.63997,0.63997,0.63997,0.63997,0.0
1692432000000,0.63997,0.63997,0.63997,0.63997,0.0
1692446400000,0.63997,0.63997,0.63997,0.63997,0.0
1692460800000,0.63997,0.63997,0.63997,0.63997,0.0
1692475200000,0.63997,0.63997,0.63997,0.63997,0.0
1692489600000,0.63997,0.63997,0.63997,0.63997,0.0
1692504000000,0.63997,0.63997,0.63997,0.63997,0.0
1692518400000,0.63997,0.63997,0.63997,0.63997,0.0
1692532800000,0.63997,0.63997,0.63997,0.63997,0.0
1692547200000,0.63997,0.63997,0.63997,0.63997,0.0
1692561600000,0.63997,0.64139,0.63997,0.64137,4982.280029296875
1692576000000,0.64137,0.64179,0.63939,0.64005,16725.23974609375
1692590400000,0.64004,0.64111,0.63944,0.64002,16656.240112304688
1692604800000,0.64,0.64209,0.63925,0.64176,22006.560546875
1692619200000,0.64174,0.6421,0.63867,0.63918,28991.3994140625
1692633600000,0.63917,0.64198,0.63917,0.64161,11030.8701171875
1692648000000,0.64159,0.64178,0.64083,0.64127,5466.079895019531
1692662400000,0.64126,0.64284,0.64029,0.64217,17238.329833984375
1692676800000,0.64216,0.64471,0.64129,0.64433,19065.830078125
1692691200000,0.64434,0.64575,0.64334,0.6449,15433.35986328125
1692705600000,0.64492,0.64532,0.64083,0.64234,32843.0009765625
1692720000000,0.64234,0.64268,0.64155,0.64212,10647.93017578125
1692734400000,0.64211,0.64266,0.64186,0.64239,4056.9600830078125
1692748800000,0.64238,0.64514,0.642,0.64375,15728.77001953125
1692763200000,0.64375,0.64429,0.64156,0.64284,16456.41015625
1692777600000,0.64283,0.64344,0.64111,0.64184,15772.89990234375
1692792000000,0.64182,0.64717,0.64105,0.64678,35781.56982421875
1692806400000,0.64678,0.6479,0.64648,0.64718,9703.839965820312
1692820800000,0.64718,0.64826,0.64687,0.64802,7165.219970703125
1692835200000,0.64803,0.64878,0.64671,0.64799,14339.630126953125
1692849600000,0.64798,0.64875,0.64564,0.64566,15367.579956054688
1692864000000,0.64562,0.6467,0.64368,0.64383,14365.219970703125
1692878400000,0.64384,0.64476,0.64215,0.64245,33853.69873046875
1692892800000,0.64242,0.64307,0.64136,0.64151,11589.030029296875
1692907200000,0.64151,0.64209,0.6411,0.64123,5537.059997558594
1692921600000,0.64124,0.64194,0.64053,0.64081,11478.409912109375
1692936000000,0.64082,0.64244,0.64018,0.64169,15030.370239257812
1692950400000,0.64168,0.64309,0.64141,0.64254,15339.129638671875
1692964800000,0.64253,0.64408,0.63795,0.6399,50866.95947265625
1692979200000,0.63988,0.64258,0.63988,0.64121,17135.610107421875
1692993600000,0.64119,0.64119,0.6401,0.64011,2406.5
1693008000000,0.64011,0.64011,0.64011,0.64011,0.0
1693022400000,0.64011,0.64011,0.64011,0.64011,0.0
1693036800000,0.64011,0.64011,0.64011,0.64011,0.0
1693051200000,0.64011,0.64011,0.64011,0.64011,0.0
1693065600000,0.64011,0.64011,0.64011,0.64011,0.0
1693080000000,0.64011,0.64011,0.64011,0.64011,0.0
1693094400000,0.64011,0.64011,0.64011,0.64011,0.0
1693108800000,0.64011,0.64011,0.64011,0.64011,0.0
1693123200000,0.64011,0.64011,0.64011,0.64011,0.0
1693137600000,0.64011,0.64011,0.64011,0.64011,0.0
1693152000000,0.64011,0.64011,0.64011,0.64011,0.0
1693166400000,0.64011,0.64164,0.64011,0.64156,4443.389892578125
1693180800000,0.64155,0.64392,0.64148,0.64295,19534.060302734375
1693195200000,0.64294,0.64349,0.64055,0.64066,14555.9697265625
1693209600000,0.64066,0.6415,0.64013,0.64134,11849.860107421875
1693224000000,0.64135,0.64277,0.64135,0.64246,23939.7900390625
1693238400000,0.64245,0.64302,0.64186,0.64277,12480.400146484375
1693252800000,0.64276,0.64331,0.64169,0.64275,6140.919921875
1693267200000,0.64275,0.64536,0.64222,0.64481,13765.02001953125
1693281600000,0.64481,0.64537,0.64355,0.64355,16640.799926757812
1693296000000,0.64355,0.64542,0.64157,0.64169,18508.75048828125
1693310400000,0.64165,0.64681,0.64008,0.64581,48937.3291015625
1693324800000,0.64583,0.64863,0.64531,0.64832,13365.369873046875
1693339200000,0.64832,0.64838,0.64635,0.64755,4982.110046386719
1693353600000,0.64756,0.64811,0.64489,0.64715,17497.56005859375
1693368000000,0.64716,0.6481,0.64559,0.64649,18823.61962890625
1693382400000,0.64647,0.64746,0.64536,0.64673,15337.119873046875
1693396800000,0.64674,0.65218,0.64658,0.64937,43812.39990234375
1693411200000,0.64935,0.64937,0.6469,0.64773,10834.6298828125
1693425600000,0.64774,0.64807,0.64684,0.64786,5802.4100341796875
1693440000000,0.64785,0.65074,0.64775,0.64843,18581.150146484375
1693454400000,0.64843,0.6488,0.64765,0.64825,15064.490234375
1693468800000,0.64821,0.64825,0.64626,0.64737,17603.360107421875
1693483200000,0.64735,0.64944,0.64606,0.6466,48755.7099609375
1693497600000,0.6466,0.64849,0.6464,0.64785,11020.330078125
1693512000000,0.64786,0.64885,0.64707,0.64859,4684.349914550781
1693526400000,0.64859,0.64995,0.64666,0.64674,17495.07
1693540800000,0.64675,0.64772,0.64456,0.64769,14249.8
1693555200000,0.64771,0.64831,0.64675,0.64794,15145.51
1693569600000,0.64795,0.65215,0.64451,0.64451,61082.82
1693584000000,0.64452,0.64553,0.6438,0.64472,9458.9
1693598400000,0.64476,0.6451,0.64429,0.64479,1519.76
1693771200000,0.64357,0.64531,0.64357,0.64513,3232.01
1693785600000,0.64515,0.64744,0.64496,0.64648,18099.67
1693800000000,0.64649,0.64801,0.64614,0.64639,15154.35
1693814400000,0.64641,0.64707,0.64579,0.64653,8188.4
1693828800000,0.64654,0.6466,0.64516,0.6459,11494.8
1693843200000,0.6459,0.64606,0.64578,0.64594,2245.68
1693857600000,0.64594,0.64642,0.64549,0.64569,3925.85
1693872000000,0.6457,0.64593,0.64209,0.64257,16588.28
1693886400000,0.64256,0.64301,0.63698,0.63764,26276.95
1693900800000,0.63764,0.63822,0.63573,0.63646,14222.25
1693915200000,0.63647,0.63871,0.6357,0.63812,45419.83
1693929600000,0.63811,0.63853,0.63775,0.63781,15718.22
1693944000000,0.63782,0.63806,0.63733,0.63741,5276.46
1693958400000,0.6374,0.63805,0.63567,0.63781,16907.49
1693972800000,0.6378,0.64042,0.63776,0.63821,23130.16
1693987200000,0.6382,0.64005,0.63781,0.63891,17556.41
1694001600000,0.63891,0.64019,0.63629,0.6381,49442.69
1694016000000,0.63811,0.63848,0.6374,0.63792,11811.63
1694030400000,0.63793,0.63839,0.63648,0.63809,5034.14
1694044800000,0.63807,0.63847,0.63648,0.63705,13427.88
1694059200000,0.63704,0.63926,0.63617,0.63868,17669.94
1694073600000,0.63867,0.63906,0.63792,0.63803,19144.51
1694088000000,0.63803,0.63946,0.6366,0.63783,34369.5
1694102400000,0.63783,0.63843,0.63741,0.6375,9002.52
1694116800000,0.63749,0.638,0.63694,0.63775,3758.19
1694131200000,0.63778,0.63954,0.63668,0.63846,14349.91
1694145600000,0.63843,0.64144,0.63812,0.63945,14615.49
1694160000000,0.63949,0.63983,0.63875,0.63936,14015.41
1694174400000,0.63937,0.64071,0.63819,0.63844,24465.35
1694188800000,0.63844,0.63871,0.63699,0.63748,7125.65
1694203200000,0.63749,0.63779,0.63726,0.63746,2088.58
1694376000000,0.63823,0.64016,0.63753,0.63963,7671.91
1694390400000,0.63964,0.64215,0.63877,0.64168,20830.62
1694404800000,0.64169,0.64434,0.64152,0.64339,25543.25
1694419200000,0.64338,0.64378,0.64228,0.64303,15341.11
1694433600000,0.64304,0.6449,0.64273,0.64319,23467.15
1694448000000,0.6432,0.64413,0.64254,0.64317,7846.58
1694462400000,0.64317,0.64366,0.64253,0.6429,4249.94
1694476800000,0.6429,0.64391,0.64153,0.64352,17748
1694491200000,0.64352,0.64374,0.64208,0.6428,17396.33
1694505600000,0.64278,0.64395,0.64135,0.64225,13591.56
1694520000000,0.64223,0.6425,0.6408,0.64213,24410.35
1694534400000,0.64212,0.64271,0.64171,0.64217,10238.43
1694548800000,0.64214,0.64308,0.64124,0.64277,6708.76
1694563200000,0.64276,0.64326,0.63989,0.64048,14049.53
1694577600000,0.64048,0.64135,0.63988,0.64117,16540.52
1694592000000,0.64117,0.64162,0.64019,0.64086,17601.5
1694606400000,0.64085,0.64314,0.63797,0.64236,50162.29
1694620800000,0.64238,0.64336,0.64119,0.64192,10609.8
1694635200000,0.64192,0.64228,0.64156,0.64203,5622.41
1694649600000,0.64203,0.6454,0.64194,0.64369,18826.14
1694664000000,0.64367,0.64475,0.64283,0.64302,13079.49
1694678400000,0.64301,0.64467,0.6425,0.64434,16655.89
1694692800000,0.64433,0.64591,0.64184,0.6441,64169.09
1694707200000,0.6441,0.6449,0.64296,0.64357,10137.06
1694721600000,0.64357,0.64414,0.64253,0.643,8614.4
1694736000000,0.643,0.64672,0.64292,0.64654,17013.33
1694750400000,0.64654,0.64731,0.64542,0.64606,14300.24
1694764800000,0.64605,0.64612,0.64466,0.64568,12761.51
1694779200000,0.64568,0.64606,0.64313,0.64401,29317.04
1694793600000,0.64403,0.64456,0.64292,0.64304,7817.61
1694808000000,0.64302,0.64316,0.64242,0.64268,1879.81
1694980800000,0.64331,0.64403,0.64264,0.64393,2447.71
1694995200000,0.64391,0.64457,0.64268,0.64392,13949.02
1695009600000,0.64391,0.64484,0.64369,0.64376,13156.05
1695024000000,0.64375,0.64412,0.643,0.64348,12680.74
1695038400000,0.64348,0.64448,0.64162,0.64405,25655.6
1695052800000,0.64407,0.64438,0.64323,0.64362,9894.92
1695067200000,0.64365,0.64397,0.64257,0.6439,5885.14
1695081600000,0.64392,0.64474,0.64285,0.64351,9392.93
1695096000000,0.64354,0.64532,0.64274,0.64519,12616.39
1695110400000,0.64519,0.64647,0.64464,0.64647,17405.16
1695124800000,0.64644,0.64734,0.64542,0.64568,32853.36
1695139200000,0.64569,0.64598,0.64519,0.64546,8757.21
1695153600000,0.64547,0.64639,0.64496,0.64636,4928.74
1695168000000,0.64636,0.64652,0.64476,0.64487,13231.64
1695182400000,0.64484,0.64634,0.64479,0.64601,19050.53
1695196800000,0.64602,0.64875,0.64559,0.64857,19488.99
1695211200000,0.64858,0.65045,0.6482,0.64979,24860.29
1695225600000,0.64976,0.65108,0.64447,0.64461,44496.62
1695240000000,0.64459,0.64521,0.6435,0.64355,8431.43
1695254400000,0.64353,0.64401,0.64036,0.64117,16382.94
1695268800000,0.64117,0.64223,0.64017,0.64126,14182.42
1695283200000,0.64126,0.64151,0.63993,0.63999,20529.83
1695297600000,0.63998,0.64274,0.63851,0.64204,38254.75
1695312000000,0.64206,0.64318,0.64133,0.64133,11710.68
1695326400000,0.64133,0.64185,0.64054,0.64089,5924.53
1695340800000,0.64089,0.6425,0.64033,0.64229,16202.58
1695355200000,0.64228,0.64338,0.64171,0.64321,20623.28
1695369600000,0.64323,0.64541,0.64291,0.6451,19799.59
1695384000000,0.64511,0.64648,0.6447,0.64505,33822.06
1695398400000,0.64504,0.64535,0.6436,0.64404,10696.52
1695412800000,0.64406,0.64416,0.64374,0.6438,1481.75
1695585600000,0.64393,0.6444,0.64357,0.64403,4333.88
1695600000000,0.64404,0.64461,0.64217,0.64242,9992.98
1695614400000,0.64241,0.64288,0.6415,0.64214,9571.91
1695628800000,0.64215,0.64354,0.64125,0.64224,13385.83
1695643200000,0.64222,0.64295,0.64037,0.64184,29531.83
1695657600000,0.64186,0.64264,0.64162,0.64237,9440.52
1695672000000,0.64236,0.64253,0.64192,0.64215,4943.37
1695686400000,0.64215,0.64301,0.64154,0.6418,14805.44
1695700800000,0.6418,0.64197,0.63869,0.64035,17697.04
1695715200000,0.64037,0.64154,0.63985,0.64059,19983.63
1695729600000,0.6406,0.6421,0.64001,0.64029,37326.39
1695744000000,0.64032,0.64098,0.63909,0.63951,13041.34
1695758400000,0.63948,0.63977,0.63915,0.63929,3922.24
1695772800000,0.6393,0.64086,0.63801,0.63813,15093.57
1695787200000,0.63811,0.63853,0.63702,0.63788,11809.25
1695801600000,0.63789,0.63852,0.63611,0.63669,11651.54
1695816000000,0.63671,0.63869,0.63654,0.63663,32540.21
1695830400000,0.63663,0.63663,0.63309,0.63528,23602.07
1695844800000,0.63529,0.63537,0.63443,0.63481,7174.04
1695859200000,0.63481,0.63769,0.63468,0.63723,15338.68
1695873600000,0.63723,0.638,0.63627,0.63681,18193.2
1695888000000,0.63684,0.6395,0.63632,0.63916,20768.01
1695902400000,0.63916,0.64249,0.63825,0.6424,55077.02
1695916800000,0.6424,0.64318,0.64154,0.6424,23102.87
1695931200000,0.64238,0.64307,0.64063,0.64261,5982.57
1695945600000,0.64261,0.64606,0.64207,0.64569,14514.28
1695960000000,0.64567,0.64851,0.64539,0.64797,14877.15
1695974400000,0.64798,0.65005,0.64755,0.64812,21656.35
1695988800000,0.64813,0.64996,0.64452,0.64484,54426.26
1696003200000,0.64482,0.64524,0.64218,0.64283,16768.74
1696017600000,0.64283,0.64355,0.64276,0.64285,2269.45
1696190400000,0.64211,0.64426,0.6421,0.64367,6318.49
1696204800000,0.64365,0.64446,0.64098,0.64115,10300.01
1696219200000,0.64114,0.64257,0.63938,0.641,14497.68
1696233600000,0.64099,0.64146,0.63922,0.6394,13220.31
1696248000000,0.6394,0.63989,0.63674,0.6374,44852.19
1696262400000,0.63738,0.63755,0.63622,0.63638,14759.15
1696276800000,0.63635,0.63667,0.63569,0.63614,6767.56
1696291200000,0.63614,0.63634,0.63359,0.63445,14200.92
1696305600000,0.63447,0.63454,0.6305,0.63175,19743.43
1696320000000,0.63182,0.63314,0.62946,0.63028,24555.45
1696334400000,0.6303,0.6317,0.62861,0.62912,65127.4
1696348800000,0.62913,0.63068,0.62851,0.63027,22879.41
1696363200000,0.63026,0.63096,0.62967,0.6308,5815.78
1696377600000,0.63081,0.63144,0.62859,0.62971,20603.17
1696392000000,0.62971,0.63258,0.6297,0.63205,22806.98
1696406400000,0.63204,0.63334,0.63147,0.6319,22419.94
1696420800000,0.63189,0.6342,0.63057,0.63356,62254.7
1696435200000,0.63356,0.63387,0.6317,0.63286,19432.35
1696449600000,0.63284,0.63315,0.632,0.63281,5692.5
1696464000000,0.6328,0.63773,0.63238,0.63725,17899.2
1696478400000,0.63726,0.63767,0.63384,0.63403,15234.43
1696492800000,0.634,0.63507,0.63306,0.63487,18449.11
1696507200000,0.63486,0.63559,0.63267,0.6346,42965.15
1696521600000,0.6346,0.63733,0.63445,0.63715,20052.34
1696536000000,0.63715,0.6374,0.63637,0.6369,5214.94
1696550400000,0.63693,0.63814,0.63638,0.63737,12431.95
1696564800000,0.63738,0.63738,0.63544,0.63664,11432.01
1696579200000,0.63668,0.63702,0.6353,0.6358,14098.24
1696593600000,0.63581,0.63947,0.63122,0.63919,76640.08
1696608000000,0.63918,0.63998,0.63763,0.63869,17787.38
1696622400000,0.63867,0.63879,0.63818,0.63829,2734.53
1696795200000,0.63625,0.63693,0.63441,0.63685,9656.49
1696809600000,0.63688,0.63806,0.63502,0.63515,12443.25
1696824000000,0.63515,0.63627,0.63424,0.63545,19409.78
1696838400000,0.63545,0.63675,0.63531,0.6364,14372.38
1696852800000,0.63637,0.63858,0.63556,0.63785,27812.98
1696867200000,0.63783,0.64145,0.63739,0.64126,11875.78
1696881600000,0.64126,0.64228,0.64071,0.64208,6198.53
1696896000000,0.64207,0.64327,0.64095,0.64146,18236.42
1696910400000,0.6415,0.6415,0.63907,0.63977,20989.75
1696924800000,0.63979,0.64259,0.63898,0.63942,28122.68
1696939200000,0.63943,0.64306,0.63909,0.64292,34725.96
1696953600000,0.64293,0.64314,0.64122,0.64284,17946.91
1696968000000,0.64283,0.64353,0.6423,0.64316,4694.93
1696982400000,0.64315,0.64449,0.64188,0.6422,12520.56
1696996800000,0.64222,0.6434,0.64092,0.64172,15500.41
1697011200000,0.64174,0.64257,0.64111,0.64131,20648.12
1697025600000,0.64129,0.64271,0.63997,0.64059,42175.73
1697040000000,0.6406,0.64117,0.63876,0.64099,16226.41
1697054400000,0.64099,0.64197,0.64081,0.64173,4825.46
1697068800000,0.64173,0.64265,0.64112,0.64203,10025.86
1697083200000,0.64203,0.64306,0.64056,0.64094,13109.23
1697097600000,0.64094,0.64162,0.64004,0.64057,13889.37
1697112000000,0.64058,0.64081,0.63281,0.63329,43690.89
1697126400000,0.6333,0.63376,0.63067,0.63137,19502.48
1697140800000,0.63136,0.63178,0.63079,0.63155,8199.5
1697155200000,0.63157,0.63339,0.63152,0.63268,13664.89
1697169600000,0.63267,0.63272,0.631,0.63257,15196.7
1697184000000,0.63255,0.63311,0.63049,0.63165,21739.85
1697198400000,0.63164,0.63286,0.62859,0.62885,41335.78
1697212800000,0.62886,0.63013,0.62884,0.62984,15626.64
1697227200000,0.62983,0.62983,0.62938,0.62941,1779.49
1697400000000,0.63016,0.6311,0.62979,0.6311,7115.91
1697414400000,0.63111,0.63264,0.63023,0.63216,10468.9
1697428800000,0.63217,0.6332,0.63177,0.6326,14334.06
1697443200000,0.63259,0.63314,0.63165,0.63276,14541.25
1697457600000,0.63278,0.63396,0.63113,0.63375,28726.7
1697472000000,0.63376,0.63446,0.63356,0.63433,10780.21
1697486400000,0.63433,0.63433,0.63342,0.63371,7605.97
1697500800000,0.63372,0.63667,0.63362,0.63534,14317.03
1697515200000,0.63534,0.63626,0.63477,0.63576,15292.6
1697529600000,0.63574,0.63654,0.63423,0.63613,16980.82
1697544000000,0.63612,0.63767,0.6336,0.63756,45567.81
1697558400000,0.63756,0.63794,0.63532,0.63642,20000.78
1697572800000,0.63641,0.63666,0.636,0.63624,5513.85
1697587200000,0.63625,0.63812,0.63506,0.63747,16977.29
1697601600000,0.63749,0.63929,0.63738,0.63815,18465.53
1697616000000,0.63816,0.6384,0.63645,0.63677,15934.68
1697630400000,0.63678,0.63706,0.63337,0.63342,30437.19
1697644800000,0.63343,0.63543,0.63275,0.63358,19343.37
1697659200000,0.63358,0.63385,0.63285,0.63326,6299.53
1697673600000,0.6333,0.63366,0.62955,0.62992,23106.67
1697688000000,0.62992,0.63107,0.62966,0.62982,22120.99
1697702400000,0.6298,0.63159,0.62969,0.63113,22908.16
1697716800000,0.63112,0.63294,0.63091,0.63238,47483.25
1697731200000,0.63238,0.63561,0.63127,0.63329,63603.25
1697745600000,0.6333,0.63331,0.63189,0.63239,8609.8
1697760000000,0.6324,0.63242,0.63047,0.63191,14270.55
1697774400000,0.6319,0.63196,0.63008,0.63011,17593.95
1697788800000,0.63012,0.63166,0.6297,0.63127,13469.34
1697803200000,0.63124,0.63252,0.6299,0.63177,33078.32
1697817600000,0.63179,0.63245,0.63089,0.63113,13757.98
1697832000000,0.63111,0.63137,0.63091,0.63092,2042.94
1698004800000,0.63152,0.63215,0.63092,0.63196,5488
1698019200000,0.63197,0.63215,0.6307,0.6311,9310.21
1698033600000,0.63108,0.6319,0.63015,0.63042,10669.24
1698048000000,0.63041,0.63136,0.62885,0.63099,19436.6
1698062400000,0.631,0.63376,0.6302,0.63352,39109
1698076800000,0.63353,0.63483,0.63294,0.63319,11718.26
1698091200000,0.63319,0.6337,0.63284,0.63359,6684.19
1698105600000,0.63361,0.63615,0.63349,0.63564,13581.66
1698120000000,0.63562,0.63786,0.63513,0.63644,21688.92
1698134400000,0.6365,0.63716,0.63528,0.63633,16623.47
1698148800000,0.63635,0.63652,0.63435,0.63479,40273.15
1698163200000,0.63479,0.63589,0.63439,0.63574,12107.99
1698177600000,0.63576,0.63615,0.63465,0.63596,9688.45
1698192000000,0.63597,0.63992,0.63572,0.63805,18371.54
1698206400000,0.63805,0.63869,0.63553,0.63566,13383.16
1698220800000,0.63563,0.63615,0.63276,0.63373,18270.48
1698235200000,0.63376,0.63463,0.63197,0.63324,40924.24
1698249600000,0.63324,0.63325,0.63049,0.63103,16613.37
1698264000000,0.63103,0.63112,0.62843,0.62933,10714.32
1698278400000,0.62934,0.62982,0.62698,0.62768,21333.38
1698292800000,0.62767,0.63085,0.62735,0.63064,17535.79
1698307200000,0.63064,0.63162,0.62981,0.62991,25204.32
1698321600000,0.62992,0.63288,0.62923,0.6311,57179.55
1698336000000,0.63107,0.63302,0.63013,0.6317,26583.8
1698350400000,0.63169,0.63346,0.63154,0.6333,7511.45
1698364800000,0.63328,0.63424,0.63242,0.63384,12128.73
1698379200000,0.63384,0.63505,0.63306,0.63422,12208.73
1698393600000,0.63423,0.63566,0.63359,0.63389,12783.41
1698408000000,0.6339,0.63675,0.63376,0.63508,43581.3
1698422400000,0.63508,0.63527,0.63309,0.63357,15654.23
1698436800000,0.63355,0.6336,0.63306,0.63329,1808.34
1698609600000,0.63364,0.63436,0.63321,0.6338,6362.87
1698624000000,0.63381,0.63595,0.63365,0.63542,15122.53
1698638400000,0.63542,0.63641,0.63484,0.63554,11830.21
1698652800000,0.63553,0.6378,0.63514,0.63745,18319.31
1698667200000,0.63744,0.63835,0.63611,0.63722,29237.43
1698681600000,0.63722,0.63782,0.63645,0.63756,12865.68
1698696000000,0.63754,0.63767,0.63645,0.63675,7381.57
1698710400000,0.63673,0.63732,0.6344,0.63482,15152.42
1698724800000,0.63482,0.63644,0.63409,0.63584,17962.56
1698739200000,0.63584,0.63737,0.63517,0.63636,18660.2
1698753600000,0.63634,0.63679,0.6314,0.63304,41512.15
1698768000000,0.63302,0.63448,0.63225,0.63426,18958.58
1698782400000,0.63426,0.63432,0.6327,0.63364,8856.2
1698796800000,0.63363,0.63433,0.63179,0.63353,12408.74
1698811200000,0.63352,0.63447,0.63279,0.63352,11956.35
1698825600000,0.63353,0.63472,0.63313,0.63416,11365.82
1698840000000,0.63415,0.63935,0.63408,0.63618,51842.25
1698854400000,0.63619,0.6399,0.63536,0.63911,48174.54
1698868800000,0.6391,0.6422,0.63828,0.6422,9751.33
1698883200000,0.64221,0.64387,0.64206,0.64318,13861.9
1698897600000,0.64317,0.64318,0.64196,0.64267,9776.3
1698912000000,0.64268,0.64454,0.64165,0.64367,18386.57
1698926400000,0.64367,0.64555,0.64131,0.64207,46203.64
1698940800000,0.64207,0.64318,0.64124,0.64307,12216.21
1698955200000,0.64306,0.64345,0.64262,0.64275,6456.69
1698969600000,0.64276,0.64384,0.64193,0.64291,13115.36
1698984000000,0.64292,0.64478,0.64281,0.64419,7805.09
1698998400000,0.64422,0.64461,0.64331,0.64435,12190.27
1699012800000,0.64432,0.65123,0.6441,0.65031,78989.13
1699027200000,0.65032,0.65179,0.64975,0.65088,14293.68
1699041600000,0.65088,0.65136,0.65083,0.65105,2160.92
1699214400000,0.65033,0.65164,0.65033,0.65149,4601.77
1699228800000,0.6515,0.65196,0.65085,0.65117,14605.61
1699243200000,0.65116,0.65188,0.65038,0.65051,14343.71
1699257600000,0.65052,0.65226,0.6503,0.65084,13042.36
1699272000000,0.65085,0.65094,0.64926,0.65018,21914.25
1699286400000,0.65018,0.65056,0.6487,0.64907,14477.24
1699300800000,0.64903,0.64939,0.64844,0.64884,9185.93
1699315200000,0.64884,0.6501,0.64544,0.64594,15138.53
1699329600000,0.64595,0.64633,0.64197,0.64231,24465.92
1699344000000,0.64232,0.64374,0.64087,0.64175,19374.33
1699358400000,0.64175,0.64245,0.64036,0.64218,26390.68
1699372800000,0.64219,0.64374,0.64113,0.64314,13526.98
1699387200000,0.64312,0.64367,0.64276,0.64298,7528.6
1699401600000,0.64298,0.6449,0.64218,0.64364,14385.79
1699416000000,0.64362,0.64435,0.6426,0.64401,10041.19
1699430400000,0.64402,0.64435,0.64196,0.64327,20131.38
1699444800000,0.64327,0.6435,0.64065,0.64148,25132.73
1699459200000,0.64148,0.64216,0.63985,0.63994,17730.33
1699473600000,0.63995,0.64068,0.63958,0.64067,9040.67
1699488000000,0.64071,0.64169,0.6402,0.64072,9298.36
1699502400000,0.64071,0.64207,0.64071,0.64143,15011.82
1699516800000,0.64145,0.64154,0.63913,0.63977,23040.7
1699531200000,0.63977,0.64279,0.6395,0.64242,27848.21
1699545600000,0.64243,0.64251,0.63629,0.63683,34966.03
1699560000000,0.63682,0.63767,0.6357,0.63611,12775.7
1699574400000,0.6361,0.63653,0.63514,0.63547,10161.84
1699588800000,0.63545,0.63665,0.63536,0.63616,10806.69
1699603200000,0.63617,0.63645,0.63483,0.63507,20230.29
1699617600000,0.63506,0.63648,0.63381,0.63488,44970.94
1699632000000,0.63488,0.63624,0.63462,0.6355,22825.38
1699646400000,0.6355,0.63617,0.63544,0.63579,2951.03
1699819200000,0.6349,0.63682,0.6349,0.63637,6138.7
1699833600000,0.63637,0.63661,0.63518,0.63599,9197.95
1699848000000,0.636,0.6376,0.6358,0.63723,7444.91
1699862400000,0.63721,0.63847,0.63642,0.63743,15957.47
1699876800000,0.63743,0.63775,0.63616,0.63773,21622.58
1699891200000,0.63773,0.63909,0.63756,0.63802,13470.87
1699905600000,0.63801,0.63806,0.63662,0.6379,6592.84
1699920000000,0.63793,0.63835,0.63666,0.63716,8614.7
1699934400000,0.63715,0.6376,0.63629,0.63703,7438.39
1699948800000,0.63705,0.63799,0.636,0.63683,13278.41
1699963200000,0.63683,0.64861,0.63664,0.64793,63457.59
1699977600000,0.64793,0.65084,0.64772,0.6508,19734.49
1699992000000,0.6508,0.65119,0.64975,0.64978,12002.79
1700006400000,0.64978,0.65047,0.6483,0.65027,14627.64
1700020800000,0.65028,0.65103,0.64924,0.65079,13145.79
1700035200000,0.65087,0.65314,0.6501,0.65288,19549.06
1700049600000,0.65288,0.65418,0.64846,0.65257,39508.15
1700064000000,0.65258,0.65313,0.65048,0.65096,19327.92
1700078400000,0.65097,0.65127,0.65023,0.6511,9391.3
1700092800000,0.65111,0.65165,0.64607,0.64666,18922.8
1700107200000,0.64665,0.64838,0.64642,0.64799,11515.87
1700121600000,0.64798,0.65035,0.64746,0.64904,16507.48
1700136000000,0.64903,0.65084,0.64737,0.64837,43925.59
1700150400000,0.64837,0.64881,0.64602,0.64712,18268.94
1700164800000,0.6471,0.64727,0.64622,0.64686,8928.57
1700179200000,0.64688,0.6472,0.64571,0.64657,9675.51
1700193600000,0.64655,0.64736,0.64521,0.64691,10131.64
1700208000000,0.64693,0.65121,0.6463,0.64995,27080.06
1700222400000,0.64998,0.65085,0.64868,0.65018,34293.01
1700236800000,0.65018,0.65131,0.64883,0.65098,17943.47
1700251200000,0.65095,0.65153,0.65065,0.65128,3818.01
1700424000000,0.65013,0.65182,0.65013,0.65102,4878.67
1700438400000,0.651,0.65498,0.65003,0.65486,18228.32
1700452800000,0.65487,0.65626,0.65439,0.65521,16952.73
1700467200000,0.65522,0.65627,0.65458,0.65529,18924.59
1700481600000,0.65528,0.65583,0.65342,0.65454,27914.17
1700496000000,0.65455,0.65632,0.65444,0.65618,12941.11
1700510400000,0.65619,0.65645,0.6551,0.65597,7452.93
1700524800000,0.65595,0.65848,0.65567,0.65835,16712.43
1700539200000,0.65835,0.65864,0.6561,0.65721,17354.51
1700553600000,0.6572,0.65824,0.65567,0.65679,23336.28
1700568000000,0.65679,0.65892,0.65591,0.65616,36517.46
1700582400000,0.65618,0.657,0.6544,0.65572,26513.15
1700596800000,0.65572,0.65589,0.65495,0.65571,10198.14
1700611200000,0.65571,0.65692,0.65487,0.65534,12874.89
1700625600000,0.65531,0.65563,0.65271,0.6538,12863.81
1700640000000,0.65381,0.65681,0.65277,0.65632,21691.6
1700654400000,0.65632,0.65688,0.65209,0.65328,43162.55
1700668800000,0.65328,0.65452,0.65291,0.65398,19803.71
1700683200000,0.654,0.65435,0.65371,0.6542,7678.6
1700697600000,0.6542,0.65588,0.65417,0.65556,10177.55
1700712000000,0.65556,0.65743,0.65503,0.65711,9794.82
1700726400000,0.65712,0.65743,0.65565,0.65656,15487.21
1700740800000,0.65657,0.65666,0.65502,0.65612,14620.41
1700755200000,0.65611,0.65629,0.65571,0.65597,4224.47
1700769600000,0.65593,0.65612,0.65526,0.65594,7711.79
1700784000000,0.65593,0.65692,0.65493,0.65572,9979.94
1700798400000,0.65572,0.65687,0.65551,0.65599,9266.98
1700812800000,0.656,0.65719,0.65573,0.65708,16230.51
1700827200000,0.65708,0.65904,0.65606,0.65859,24409.95
1700841600000,0.65859,0.65906,0.65814,0.65892,6658.13
1700856000000,0.65889,0.65891,0.65801,0.6581,5495.82
1701028800000,0.65753,0.65857,0.65753,0.65804,3637.96
1701043200000,0.65805,0.65946,0.65693,0.6572,12433.62
1701057600000,0.65722,0.65947,0.65663,0.65851,11611.35
1701072000000,0.65852,0.66075,0.65839,0.66028,19513.89
1701086400000,0.66029,0.66137,0.65863,0.65988,27163.35
1701100800000,0.65989,0.66116,0.65881,0.66075,12569.51
1701115200000,0.66072,0.66132,0.66015,0.66132,8803.24
1701129600000,0.66132,0.66313,0.66067,0.66185,13458.4
1701144000000,0.66187,0.6624,0.66054,0.66075,13301.12
1701158400000,0.66076,0.66212,0.65958,0.66136,13642.75
1701172800000,0.66134,0.66495,0.6606,0.66413,43317.15
1701187200000,0.66413,0.66654,0.66314,0.66517,27817.25
1701201600000,0.66517,0.66571,0.66378,0.66555,9320.12
1701216000000,0.66555,0.66761,0.66365,0.66487,21798.94
1701230400000,0.66486,0.66532,0.66255,0.66276,20935.08
1701244800000,0.66275,0.66403,0.6613,0.66213,18362.93
1701259200000,0.66213,0.66356,0.66054,0.66206,43770.03
1701273600000,0.66205,0.66336,0.66053,0.66222,15110.88
1701288000000,0.66222,0.66226,0.6611,0.66168,10041.29
1701302400000,0.66169,0.66394,0.66152,0.66364,16090.07
1701316800000,0.66363,0.66499,0.66234,0.66349,12083.4
1701331200000,0.6635,0.66391,0.6595,0.65987,21818.36
1701345600000,0.65987,0.66342,0.65704,0.66302,73292.82
1701360000000,0.66301,0.66325,0.65996,0.66081,39703.15
1701374400000,0.66082,0.66096,0.65996,0.66062,11283.84
1701388800000,0.66064,0.66292,0.66001,0.66036,14913.05
1701403200000,0.66036,0.66135,0.65989,0.66027,11204.44
1701417600000,0.66028,0.66348,0.66028,0.66173,17022.82
1701432000000,0.66175,0.66432,0.66067,0.66386,41329.31
1701446400000,0.66386,0.66742,0.66294,0.66705,34229.08
1701460800000,0.66702,0.66752,0.66689,0.66712,5297.36
1701633600000,0.66636,0.66901,0.66634,0.66818,6889.68
1701648000000,0.66818,0.66879,0.66559,0.66563,21206.36
1701662400000,0.66563,0.66632,0.66374,0.66392,14152.64
1701676800000,0.66392,0.66562,0.66342,0.66514,18372.14
1701691200000,0.66512,0.66539,0.66088,0.66153,44523.65
1701705600000,0.66153,0.66247,0.66044,0.66166,18901.54
1701720000000,0.66167,0.66212,0.66104,0.66166,7876.93
1701734400000,0.66166,0.66214,0.65709,0.65756,18676.19
1701748800000,0.65753,0.6585,0.65687,0.65714,16250.1
1701763200000,0.65713,0.65832,0.65562,0.65611,19569.2
1701777600000,0.65611,0.65791,0.65472,0.65624,48381.36
1701792000000,0.65623,0.65665,0.65436,0.65506,26095.45
1701806400000,0.65506,0.65565,0.65478,0.65542,7351.22
1701820800000,0.65544,0.65951,0.65544,0.65938,15832.05
1701835200000,0.65938,0.6597,0.65755,0.65917,13469.59
1701849600000,0.65916,0.65921,0.6564,0.65733,31006.78
1701864000000,0.65733,0.65908,0.65705,0.65794,45185.8
1701878400000,0.65793,0.65843,0.65524,0.65534,17867.36
1701892800000,0.65535,0.65535,0.65464,0.65507,8160.16
1701907200000,0.65508,0.65581,0.6525,0.65276,14136.53
1701921600000,0.65276,0.65642,0.65257,0.65597,15592.62
1701936000000,0.65599,0.65722,0.65547,0.65651,27126.02
1701950400000,0.6565,0.65916,0.6555,0.65901,52041.55
1701964800000,0.659,0.66198,0.65899,0.66033,31851.94
1701979200000,0.66034,0.66063,0.65917,0.65935,7904.84
1701993600000,0.65936,0.66127,0.6593,0.66104,18598.02
1702008000000,0.66103,0.66191,0.66031,0.66091,18033.42
1702022400000,0.66091,0.66136,0.66011,0.6605,24132.13
1702036800000,0.66052,0.66089,0.65574,0.65859,82486.73
1702051200000,0.65861,0.65864,0.65582,0.65795,34492.99
1702065600000,0.65793,0.65812,0.65729,0.65746,6114.49
1702238400000,0.65665,0.65827,0.65665,0.65791,5789.43
1702252800000,0.6579,0.65823,0.65546,0.65601,14516.6
1702267200000,0.65599,0.65669,0.65509,0.65543,13178.24
1702281600000,0.65546,0.65657,0.65513,0.65641,30427.29
1702296000000,0.65642,0.65685,0.65495,0.65633,32392.79
1702310400000,0.65632,0.65714,0.65548,0.65655,12008.65
1702324800000,0.65656,0.65697,0.65597,0.6564,6026.76
1702339200000,0.65641,0.65903,0.65629,0.65882,14543.2
1702353600000,0.65883,0.65995,0.65875,0.65932,9775.01
1702368000000,0.65931,0.65951,0.65815,0.65888,18368.75
1702382400000,0.65889,0.66119,0.65392,0.65593,62907.42
1702396800000,0.65593,0.65656,0.6548,0.65551,14643.58
1702411200000,0.65551,0.65653,0.65431,0.6564,7032.14
1702425600000,0.65641,0.65671,0.65482,0.65523,9109.33
1702440000000,0.65521,0.65596,0.65409,0.6552,12404.4
1702454400000,0.65518,0.65577,0.65485,0.65561,21085.57
1702468800000,0.65561,0.65846,0.65521,0.65828,33246.33
1702483200000,0.65827,0.66723,0.65657,0.66645,49968.07
1702497600000,0.66647,0.66728,0.66513,0.66648,30660.14
1702512000000,0.66648,0.67281,0.66615,0.67138,30517.88
1702526400000,0.67139,0.67257,0.67025,0.67092,20213.13
1702540800000,0.67093,0.67192,0.66892,0.6712,29274.33
1702555200000,0.67119,0.67207,0.66815,0.66989,64060.78
1702569600000,0.6699,0.67192,0.6689,0.66972,22701.22
1702584000000,0.66973,0.67025,0.66913,0.67011,11959.8
1702598400000,0.67012,0.67187,0.66944,0.67169,15013.21
1702612800000,0.67167,0.67239,0.66937,0.67099,13787.21
1702627200000,0.67098,0.67255,0.67068,0.67166,24158.14
1702641600000,0.67166,0.67227,0.66626,0.67199,47049.02
1702656000000,0.672,0.6728,0.66924,0.67059,24053.19
1702670400000,0.67057,0.67167,0.6699,0.67001,5701.2
1702843200000,0.66956,0.67032,0.66926,0.66983,4572.04
1702857600000,0.66983,0.67191,0.66925,0.67162,14478.03
1702872000000,0.6716,0.67271,0.67064,0.67208,12493.13
1702886400000,0.6721,0.67349,0.67133,0.67242,27560.88
1702900800000,0.67243,0.67329,0.66899,0.66931,47144.4
1702915200000,0.66933,0.67047,0.66911,0.67011,12789.93
1702929600000,0.67011,0.67065,0.66974,0.67034,8475.26
1702944000000,0.67036,0.6727,0.67024,0.67179,19056.19
1702958400000,0.6718,0.67263,0.6706,0.67118,19289.06
1702972800000,0.6712,0.67346,0.67114,0.67323,16576.24
1702987200000,0.67324,0.6774,0.67308,0.67624,34935.98
1703001600000,0.67626,0.6768,0.67567,0.67595,20361.7
1703016000000,0.67597,0.67642,0.67559,0.6758,6580.56
1703030400000,0.67581,0.67724,0.67478,0.67688,16149.77
1703044800000,0.67688,0.67764,0.67617,0.6767,14815.19
1703059200000,0.67669,0.67766,0.67594,0.67706,17922.99
1703073600000,0.67707,0.67787,0.67568,0.6771,36649.01
1703088000000,0.6771,0.6774,0.67409,0.67464,20635.44
1703102400000,0.67464,0.67464,0.67231,0.67396,20919.74
1703116800000,0.67395,0.675,0.67355,0.67492,11498.26
1703131200000,0.67493,0.67529,0.67397,0.67446,11790.55
1703145600000,0.67447,0.67575,0.67381,0.6756,17455.74
1703160000000,0.67561,0.67907,0.67549,0.67851,66123.47
1703174400000,0.67852,0.68002,0.67724,0.67985,43910.56
1703188800000,0.67984,0.68032,0.6793,0.67958,17126.5
1703203200000,0.67957,0.67987,0.67746,0.67759,16668.75
1703217600000,0.67759,0.67841,0.67727,0.67822,12836.22
1703232000000,0.67823,0.68098,0.67805,0.68093,27909.65
1703246400000,0.68094,0.68245,0.67888,0.68039,65015.13
1703260800000,0.6804,0.68096,0.67907,0.68024,57883.8
1703275200000,0.68025,0.68044,0.67951,0.67957,8220.71
1703448000000,0.67816,0.67903,0.67786,0.67838,65.7
1703462400000,0.67866,0.6799,0.67684,0.67779,653.38
1703476800000,0.67784,0.68075,0.67723,0.67966,817.55
1703534400000,0.68019,0.68088,0.6783,0.68031,2354.42
1703548800000,0.68031,0.6815,0.6799,0.68147,9397.35
1703563200000,0.68148,0.68171,0.68038,0.68044,5708.81
1703577600000,0.68045,0.6808,0.67969,0.68065,19596.75
1703592000000,0.68064,0.68193,0.68045,0.68064,36251.97
1703606400000,0.68063,0.68235,0.68055,0.68232,16424.02
1703620800000,0.68229,0.68287,0.68158,0.68236,11253.74
1703635200000,0.68237,0.68354,0.68174,0.68323,9913.39
1703649600000,0.68322,0.68402,0.68255,0.68285,10877.85
1703664000000,0.68287,0.68413,0.68238,0.68397,14109.66
1703678400000,0.68399,0.68499,0.68317,0.68497,25261
1703692800000,0.68496,0.68511,0.68362,0.68413,18493.12
1703707200000,0.68412,0.68538,0.68375,0.68522,9033.25
1703721600000,0.68524,0.68706,0.68488,0.68589,12046.27
1703736000000,0.68588,0.68588,0.68368,0.68514,18453.35
1703750400000,0.68514,0.68531,0.68235,0.68368,27858.13
1703764800000,0.68369,0.68644,0.68242,0.68603,42370.69
1703779200000,0.68601,0.68604,0.68277,0.68333,26089.62
1703793600000,0.68333,0.68378,0.68222,0.68251,10890.52
1703808000000,0.6825,0.6846,0.68248,0.68374,17380.22
1703822400000,0.68376,0.68453,0.68318,0.68326,16869.75
1703836800000,0.68326,0.68352,0.67947,0.67996,21421.73
1703851200000,0.67995,0.68295,0.67806,0.68228,37975.24
1703865600000,0.68228,0.68382,0.68076,0.68138,31648.14
1703880000000,0.68136,0.68188,0.68071,0.68078,9938.72
1704139200000,0.68043,0.68154,0.68043,0.68089,3310.1
1704153600000,0.68091,0.68222,0.68016,0.68141,15319.71
1704168000000,0.6814,0.68386,0.68129,0.68189,14497.81
1704182400000,0.68189,0.68334,0.67952,0.67997,26172.5
1704196800000,0.67998,0.68003,0.67606,0.67674,40037.16
1704211200000,0.67676,0.67796,0.67601,0.67606,16298.42
1704225600000,0.67605,0.67663,0.67564,0.67659,8564.05
1704240000000,0.67661,0.67704,0.67503,0.67656,17782.72
1704254400000,0.67655,0.67702,0.67545,0.67568,21286.62
1704268800000,0.67569,0.67601,0.67275,0.67287,21535.19
1704283200000,0.67289,0.67388,0.67015,0.67115,59385.56
1704297600000,0.67114,0.67372,0.67063,0.67292,29579.78
1704312000000,0.67292,0.67344,0.67163,0.67342,11598.61
1704326400000,0.67342,0.67462,0.67204,0.67385,12039.03
1704340800000,0.67383,0.67594,0.67354,0.67537,12627.28
1704355200000,0.67537,0.67556,0.67264,0.67282,23858.84
1704369600000,0.67281,0.6732,0.66966,0.67098,48512.46
1704384000000,0.67098,0.67164,0.66961,0.67029,29534.04
1704398400000,0.6703,0.6708,0.66999,0.67056,9085.63
1704412800000,0.67055,0.67182,0.66982,0.6702,11203.29
1704427200000,0.6702,0.67088,0.66886,0.66979,13574.96
1704441600000,0.66978,0.67024,0.66755,0.66801,22135.52
1704456000000,0.66802,0.67475,0.664,0.67344,76554.26
1704470400000,0.67344,0.67361,0.67045,0.67136,29471
1704484800000,0.67137,0.67174,0.67104,0.67129,6048.02
1704657600000,0.67148,0.67162,0.67097,0.67154,2800.28
1704672000000,0.67153,0.67342,0.66998,0.6702,12997.45
1704686400000,0.67019,0.67145,0.66936,0.6703,11395.99
1704700800000,0.67029,0.67032,0.6681,0.66831,31324.84
1704715200000,0.66832,0.67123,0.66771,0.67085,32895.45
1704729600000,0.67087,0.67225,0.67048,0.67219,18086.15
1704744000000,0.67218,0.67222,0.67139,0.67161,10931.64
1704758400000,0.67156,0.67342,0.67151,0.67247,15929.12
1704772800000,0.67245,0.67245,0.66995,0.67064,12935.77
1704787200000,0.67066,0.6713,0.66874,0.66908,20055.02
1704801600000,0.6691,0.67014,0.6681,0.66827,39566.52
1704816000000,0.66826,0.66923,0.66766,0.66839,19691.59
1704830400000,0.66839,0.66884,0.66791,0.6684,8351.68
1704844800000,0.6684,0.6708,0.66824,0.67009,13665.09
1704859200000,0.67008,0.67057,0.66902,0.67001,11809.2
1704873600000,0.67004,0.67125,0.66947,0.67048,14871.59
1704888000000,0.67048,0.67115,0.66859,0.66956,29384.18
1704902400000,0.6696,0.6701,0.66856,0.67,11649.55
1704916800000,0.67001,0.67033,0.66893,0.67016,9770.66
1704931200000,0.67017,0.67248,0.67,0.67224,15208.63
1704945600000,0.67227,0.67252,0.67128,0.67151,12528.07
1704960000000,0.67151,0.67204,0.67039,0.671,15699.93
1704974400000,0.67102,0.67258,0.66485,0.66601,68554.01
1704988800000,0.666,0.6688,0.66466,0.66863,30683.29
1705003200000,0.66866,0.66988,0.66749,0.66987,11714.44
1705017600000,0.66989,0.67136,0.66925,0.67077,14127.62
1705032000000,0.67074,0.67076,0.66915,0.66966,11149.94
1705046400000,0.66964,0.67108,0.66781,0.66862,23464.82
1705060800000,0.66863,0.67283,0.66774,0.66995,47459.45
1705075200000,0.66996,0.67076,0.66817,0.6687,19512.09
1705089600000,0.6687,0.66881,0.66822,0.66856,5149.08
1705262400000,0.66819,0.66911,0.66808,0.66886,5006.31
1705276800000,0.66886,0.6704,0.66802,0.6695,13699.2
1705291200000,0.66948,0.66948,0.66666,0.66695,9028.51
1705305600000,0.66696,0.66742,0.66515,0.66627,15634.7
1705320000000,0.66625,0.66641,0.66496,0.66601,25629.03
1705334400000,0.66599,0.66624,0.66557,0.6658,3952.89
1705348800000,0.66582,0.66604,0.66491,0.66499,4366.42
1705363200000,0.665,0.66502,0.66107,0.66123,19122.28
1705377600000,0.66124,0.66246,0.66092,0.66168,12228.86
1705392000000,0.66169,0.66327,0.6595,0.66039,26998.21
1705406400000,0.66039,0.66174,0.65899,0.66015,41083.54
1705420800000,0.66016,0.66088,0.65757,0.65845,36911.93
1705435200000,0.65845,0.65891,0.65794,0.65884,9088.68
1705449600000,0.65884,0.65942,0.65669,0.65694,14780.84
1705464000000,0.65693,0.65733,0.65472,0.65532,19740.34
1705478400000,0.65531,0.65641,0.65345,0.65563,21858.91
1705492800000,0.65563,0.65652,0.65245,0.65291,45009.51
1705507200000,0.65291,0.65464,0.65289,0.6542,17745.19
1705521600000,0.6542,0.65553,0.65397,0.65514,7958.29
1705536000000,0.65514,0.65663,0.65246,0.65607,18240.75
1705550400000,0.65605,0.65671,0.6548,0.65578,12965.07
1705564800000,0.6558,0.65701,0.65483,0.65685,19177.06
1705579200000,0.65684,0.65742,0.65432,0.65559,49209.81
1705593600000,0.65559,0.65676,0.6552,0.6559,18332.47
1705608000000,0.65593,0.65821,0.65593,0.65811,10693.36
1705622400000,0.65813,0.65887,0.65748,0.65834,13750.29
1705636800000,0.65833,0.65846,0.65647,0.65795,13533.39
1705651200000,0.65796,0.66012,0.65739,0.65986,16915.91
1705665600000,0.65987,0.66006,0.65703,0.65836,30821.52
1705680000000,0.65837,0.6596,0.65755,0.65957,17571.72
1705694400000,0.65958,0.65986,0.65934,0.65935,3653.5
1705867200000,0.65885,0.66,0.65883,0.65946,4543.17
1705881600000,0.65947,0.66132,0.65907,0.65953,19139.65
1705896000000,0.65952,0.65981,0.65818,0.6591,18009.21
1705910400000,0.6591,0.65943,0.65805,0.65897,28556.16
1705924800000,0.65895,0.65975,0.65814,0.65894,24190.96
1705939200000,0.65892,0.659,0.65671,0.65717,18955.68
1705953600000,0.65718,0.65729,0.65646,0.657,10786.21
1705968000000,0.657,0.66008,0.65695,0.65951,25220.58
1705982400000,0.65951,0.6612,0.65923,0.65983,18329.85
1705996800000,0.65985,0.65998,0.65753,0.65774,16604.81
1706011200000,0.65773,0.65994,0.65614,0.65641,28014.33
1706025600000,0.6564,0.65735,0.65512,0.65707,16264.16
1706040000000,0.65708,0.65864,0.65688,0.65857,11352.58
1706054400000,0.65856,0.65858,0.65655,0.65691,16391.96
1706068800000,0.65691,0.65895,0.65654,0.65844,10920.13
1706083200000,0.65845,0.66089,0.65845,0.65978,34214.76
1706097600000,0.6598,0.66206,0.65909,0.66031,68667.44
1706112000000,0.66032,0.66083,0.65755,0.65801,28534.55
1706126400000,0.65801,0.65829,0.65702,0.65752,11472.95
1706140800000,0.65751,0.65791,0.65656,0.65762,15407.57
1706155200000,0.65762,0.65846,0.6571,0.65824,10267.71
1706169600000,0.65821,0.65917,0.65706,0.65911,20326.21
1706184000000,0.65913,0.66092,0.65741,0.6581,73349.88
1706198400000,0.6581,0.65865,0.657,0.6581,24293.29
1706212800000,0.6581,0.65859,0.65779,0.65816,13563.67
1706227200000,0.65814,0.65936,0.65758,0.65919,10122.12
1706241600000,0.65919,0.65964,0.65764,0.65819,10667.33
1706256000000,0.65823,0.66014,0.6578,0.65973,27506.24
1706270400000,0.65974,0.66092,0.65862,0.659,39097.48
1706284800000,0.659,0.65915,0.6576,0.65813,24647.96
1706299200000,0.65812,0.65831,0.65718,0.65718,4120.06
1706472000000,0.6571,0.65824,0.65691,0.65766,4948.16
1706486400000,0.65764,0.65946,0.65728,0.65905,14571.77
1706500800000,0.65906,0.66037,0.65865,0.65983,10158
1706515200000,0.65985,0.66054,0.65931,0.65989,25588.35
1706529600000,0.65988,0.66045,0.65809,0.65917,19402.55
1706544000000,0.65917,0.66002,0.65879,0.65976,13643.63
1706558400000,0.65979,0.66156,0.65929,0.6613,13373.3
1706572800000,0.6613,0.66242,0.66081,0.6609,14935.64
1706587200000,0.66089,0.66181,0.66057,0.66134,12727.05
1706601600000,0.66133,0.6615,0.65938,0.65941,18040.4
1706616000000,0.65937,0.66029,0.65746,0.65793,38748.74
1706630400000,0.65794,0.66054,0.65764,0.66042,21676.88
1706644800000,0.66042,0.66055,0.65936,0.65945,9333.26
1706659200000,0.65945,0.65991,0.65587,0.65688,17174.51
1706673600000,0.65686,0.65747,0.65604,0.65729,10359.42
1706688000000,0.6573,0.65904,0.6573,0.65791,23151.59
1706702400000,0.6579,0.66222,0.65769,0.66114,73658.21
1706716800000,0.66112,0.66181,0.65733,0.65958,53778.56
1706731200000,0.65956,0.65966,0.6551,0.65624,31333.22
1706745600000,0.65623,0.65784,0.65591,0.65658,21031.48
1706760000000,0.65662,0.65671,0.65202,0.65325,16935.36
1706774400000,0.65324,0.65334,0.65076,0.65178,25304.37
1706788800000,0.65179,0.65458,0.65119,0.65437,46507.84
1706803200000,0.65438,0.65742,0.65438,0.65716,57164.87
1706817600000,0.65716,0.65766,0.65683,0.65738,12118.13
1706832000000,0.65737,0.6599,0.65737,0.65942,11670.88
1706846400000,0.65943,0.65998,0.65861,0.65897,13583.22
1706860800000,0.65897,0.66081,0.65886,0.66052,25869.73
1706875200000,0.66052,0.66099,0.65064,0.65188,73595.42
1706889600000,0.65189,0.65192,0.65018,0.65162,32151.16
1706904000000,0.65161,0.65183,0.65099,0.65099,5925.27
1707076800000,0.651,0.65144,0.64872,0.65043,6206.24
1707091200000,0.65042,0.65093,0.64855,0.65052,17299.54
1707105600000,0.65051,0.65198,0.65003,0.65127,10741.86
1707120000000,0.65127,0.65149,0.64959,0.65015,15016.89
1707134400000,0.65015,0.65016,0.64682,0.64721,55424.55
1707148800000,0.64721,0.64901,0.64705,0.64811,29568.51
1707163200000,0.64812,0.64839,0.64771,0.64796,5869.99
1707177600000,0.64798,0.6508,0.64792,0.64998,13976.95
1707192000000,0.64997,0.65207,0.64976,0.65074,17114.25
1707206400000,0.65073,0.65086,0.64867,0.64953,16761.26
1707220800000,0.64954,0.65137,0.64876,0.65122,26837.95
1707235200000,0.65122,0.65247,0.6507,0.65174,22769.73
1707249600000,0.65175,0.65285,0.65174,0.65275,9607.59
1707264000000,0.65274,0.65398,0.65251,0.65287,14351.47
1707278400000,0.65288,0.65372,0.65243,0.65288,13921.59
1707292800000,0.65288,0.65326,0.65165,0.65263,24209.56
1707307200000,0.65265,0.65338,0.65192,0.65283,33130.8
1707321600000,0.65285,0.65292,0.6515,0.6518,33592.44
1707336000000,0.65179,0.65271,0.65147,0.65197,9117.32
1707350400000,0.65196,0.65316,0.65192,0.65245,10152.92
1707364800000,0.65245,0.65281,0.65148,0.65211,11559.14
1707379200000,0.65212,0.65215,0.64932,0.64966,17303.51
1707393600000,0.64967,0.64991,0.648,0.64858,34048.33
1707408000000,0.64859,0.64971,0.64811,0.64879,21550.53
1707422400000,0.64879,0.64985,0.64879,0.64983,5663.85
1707436800000,0.64984,0.64994,0.64868,0.64923,9181.74
1707451200000,0.64926,0.65074,0.649,0.65047,8181.37
1707465600000,0.65046,0.65123,0.64988,0.65106,28796.62
1707480000000,0.65105,0.65338,0.65073,0.65196,45359.75
1707494400000,0.65196,0.65242,0.65127,0.65202,14901.94
1707508800000,0.65202,0.65265,0.65189,0.65213,5921.08
1707681600000,0.65134,0.65258,0.651,0.65242,4851.59
1707696000000,0.6524,0.65295,0.65148,0.6519,5330.69
1707710400000,0.6519,0.65308,0.65154,0.65257,5505.36
1707724800000,0.65255,0.65256,0.65118,0.65223,13746.13
1707739200000,0.65224,0.65301,0.65175,0.65298,16522.08
1707753600000,0.65297,0.65426,0.6525,0.65272,12461.99
1707768000000,0.65272,0.65317,0.65217,0.65284,7875.37
1707782400000,0.65285,0.65304,0.65165,0.65179,7826.52
1707796800000,0.65178,0.65231,0.65133,0.65194,9015.33
1707811200000,0.65195,0.65248,0.65091,0.65206,13338.4
1707825600000,0.65207,0.65405,0.64525,0.64596,41090.66
1707840000000,0.64597,0.64641,0.64422,0.64435,27856.05
1707854400000,0.64433,0.64565,0.6443,0.64528,12007.5
1707868800000,0.64525,0.64632,0.64459,0.64602,9051.21
1707883200000,0.646,0.64804,0.64595,0.64757,21586.73
1707897600000,0.64757,0.64797,0.64674,0.64764,22489.79
1707912000000,0.64765,0.64874,0.6472,0.64858,28795.46
1707926400000,0.64857,0.64951,0.64828,0.64899,21387.33
1707940800000,0.649,0.64988,0.64846,0.64983,9869.17
1707955200000,0.64983,0.6501,0.64771,0.64844,10592.04
1707969600000,0.64847,0.64997,0.64825,0.64928,8432.11
1707984000000,0.64927,0.65038,0.6492,0.64997,18380.38
1707998400000,0.64995,0.6529,0.6498,0.65163,40838.7
1708012800000,0.65163,0.65234,0.6504,0.65221,17909.18
1708027200000,0.65222,0.65281,0.65184,0.65248,12570.64
1708041600000,0.65248,0.65254,0.65066,0.65135,15416.65
1708056000000,0.65136,0.65288,0.65105,0.65227,10627.83
1708070400000,0.65229,0.65259,0.65163,0.65252,11350.36
1708084800000,0.65249,0.65294,0.6496,0.65256,45265.04
1708099200000,0.65258,0.65442,0.65252,0.65329,29113.68
1708113600000,0.65327,0.6535,0.65278,0.65279,5332.07
1708286400000,0.65245,0.65375,0.65245,0.65364,3541.31
1708300800000,0.65365,0.65515,0.65356,0.6537,14367.57
1708315200000,0.65369,0.6547,0.65356,0.65425,10884.99
1708329600000,0.65425,0.65449,0.65357,0.6536,11836.37
1708344000000,0.6536,0.654,0.65338,0.65357,15375.7
1708358400000,0.65357,0.65389,0.65328,0.6538,3391.47
1708372800000,0.6538,0.65413,0.65283,0.65303,7120.5
1708387200000,0.65303,0.6536,0.6521,0.65265,12970.64
1708401600000,0.65263,0.65366,0.65261,0.65337,11183.34
1708416000000,0.65335,0.65606,0.65307,0.65556,16339.56
1708430400000,0.65558,0.65786,0.65539,0.65679,25512.44
1708444800000,0.6568,0.65688,0.65485,0.65497,15117.77
1708459200000,0.65497,0.65547,0.65458,0.65527,7393.52
1708473600000,0.65527,0.65716,0.65473,0.65695,12667.68
1708488000000,0.65695,0.65729,0.65565,0.65625,12399.88
1708502400000,0.65626,0.65662,0.65491,0.65518,20285.9
1708516800000,0.65517,0.65593,0.65425,0.65427,29539.35
1708531200000,0.65427,0.6552,0.65328,0.65458,44917.95
1708545600000,0.65457,0.65542,0.65406,0.65534,21408.46
1708560000000,0.65536,0.65606,0.65419,0.65489,11168.31
1708574400000,0.65488,0.65902,0.65474,0.65887,17305.94
1708588800000,0.65889,0.65946,0.65775,0.65801,27928.41
1708603200000,0.658,0.65807,0.65421,0.65448,25128.97
1708617600000,0.6545,0.65555,0.654,0.65543,13814.64
1708632000000,0.65543,0.65617,0.65517,0.65581,5625.01
1708646400000,0.65582,0.65736,0.65493,0.65689,8608.55
1708660800000,0.65688,0.65757,0.6565,0.65744,7744.84
1708675200000,0.65742,0.65794,0.65507,0.65659,10780.38
1708689600000,0.65662,0.65801,0.65568,0.65596,21395.64
1708704000000,0.65597,0.65678,0.65537,0.65646,14706.6
1708718400000,0.65647,0.6565,0.65579,0.65619,5659.68
1708891200000,0.65643,0.65664,0.65525,0.65631,2510.65
1708905600000,0.65628,0.6565,0.65488,0.65515,7933.34
1708920000000,0.65514,0.65583,0.65497,0.65514,7143.82
1708934400000,0.65514,0.6554,0.65412,0.65503,8710.72
1708948800000,0.65506,0.65581,0.65328,0.65388,16345.42
1708963200000,0.65388,0.65392,0.65304,0.65355,11835.07
1708977600000,0.65355,0.65421,0.65338,0.65388,5806.04
1708992000000,0.65387,0.65391,0.65245,0.65381,7532.67
1709006400000,0.65383,0.65549,0.65381,0.65518,8217.99
1709020800000,0.65521,0.65574,0.65438,0.65488,9926.54
1709035200000,0.65489,0.65569,0.6531,0.65452,18456.82
1709049600000,0.65452,0.65514,0.65383,0.65425,16116.26
1709064000000,0.65425,0.6547,0.6538,0.65432,5724.06
1709078400000,0.65432,0.65492,0.65198,0.65215,12340.99
1709092800000,0.65215,0.65227,0.65059,0.6508,8346.55
1709107200000,0.65081,0.65087,0.64899,0.65001,12609.3
1709121600000,0.65002,0.65033,0.64907,0.64933,26286.45
1709136000000,0.64933,0.64994,0.64883,0.64925,9948.45
1709150400000,0.64928,0.64977,0.64897,0.6494,7196.49
1709164800000,0.64942,0.65189,0.64902,0.65156,10847.68
1709179200000,0.65154,0.65215,0.65067,0.65129,13615.75
1709193600000,0.65128,0.65138,0.64936,0.64982,21258.85
1709208000000,0.6498,0.65306,0.64866,0.65106,38184.02
1709222400000,0.65107,0.65125,0.64907,0.64936,15851.48
1709236800000,0.64936,0.65001,0.64914,0.64997,8270.32
1709251200000,0.64998,0.65138,0.64968,0.65133,8383.83
1709265600000,0.65131,0.65139,0.65017,0.6502,6050.72
1709280000000,0.65021,0.65092,0.64897,0.65074,26808.84
1709294400000,0.65074,0.65326,0.6489,0.65317,40020.51
1709308800000,0.6532,0.65336,0.65235,0.65304,22206.99
1709323200000,0.65302,0.65304,0.65225,0.65251,4493.94
1709496000000,0.65211,0.65291,0.652,0.65268,4027.45
1709510400000,0.65269,0.6535,0.65186,0.65221,9386.24
1709524800000,0.65221,0.65262,0.65156,0.65252,7383.23
1709539200000,0.65252,0.65271,0.65148,0.6522,8640.5
1709553600000,0.65221,0.65241,0.65086,0.65183,19608.81
1709568000000,0.65184,0.65229,0.65076,0.65096,10348.52
1709582400000,0.65095,0.65119,0.65036,0.65065,12223.91
1709596800000,0.65064,0.6511,0.64972,0.65021,7688.17
1709611200000,0.65023,0.65035,0.6477,0.64837,9436.41
1709625600000,0.64841,0.64963,0.64784,0.64923,8550.19
1709640000000,0.64921,0.65203,0.64874,0.65202,33832.29
1709654400000,0.65202,0.65205,0.65004,0.65031,21047.4
1709668800000,0.65031,0.65068,0.64996,0.65031,7037.06
1709683200000,0.65028,0.65144,0.64922,0.65139,8440.38
1709697600000,0.65141,0.65248,0.65119,0.65178,8440.96
1709712000000,0.65178,0.65262,0.6512,0.65256,12361.52
1709726400000,0.65257,0.65688,0.65193,0.65652,30634.92
1709740800000,0.6565,0.65812,0.65609,0.65657,22367.07
1709755200000,0.65655,0.65667,0.65603,0.6566,9352.51
1709769600000,0.65659,0.65835,0.65636,0.65814,11240.14
1709784000000,0.65815,0.65895,0.65733,0.65886,9869.25
1709798400000,0.65887,0.6608,0.65823,0.66037,14966.84
1709812800000,0.66037,0.66175,0.66008,0.66162,27647.09
1709827200000,0.66161,0.66241,0.66121,0.66214,12506.44
1709841600000,0.66212,0.66212,0.66138,0.66206,6794.17
1709856000000,0.66207,0.66292,0.66127,0.66267,10339.82
1709870400000,0.66269,0.66364,0.66239,0.66357,8957.4
1709884800000,0.66357,0.66479,0.66301,0.66459,14783.68
1709899200000,0.66458,0.66671,0.66199,0.66405,42254.66
1709913600000,0.66406,0.66409,0.66154,0.66246,31674.84
1709928000000,0.66245,0.6627,0.66171,0.66218,4626.34
1710100800000,0.66208,0.66261,0.66174,0.66241,5093.9
1710115200000,0.66241,0.66264,0.66076,0.66112,11446.83
1710129600000,0.66112,0.66185,0.66054,0.66171,8804.56
1710144000000,0.66171,0.66204,0.66073,0.6615,11423.27
1710158400000,0.66149,0.66155,0.65963,0.66071,48478.43
1710172800000,0.6607,0.66121,0.66032,0.66101,24230.55
1710187200000,0.66103,0.6615,0.66064,0.6614,7657.39
1710201600000,0.6614,0.66208,0.66088,0.66159,11304.04
1710216000000,0.66158,0.66199,0.66082,0.66183,12059.63
1710230400000,0.66181,0.66201,0.66104,0.66141,21620.84
1710244800000,0.66141,0.66383,0.65839,0.65993,63624.84
1710259200000,0.65993,0.66051,0.65911,0.66045,17220.78
1710273600000,0.66045,0.66085,0.66007,0.6607,5704.6
1710288000000,0.66069,0.6616,0.65998,0.6613,8945.5
1710302400000,0.66128,0.66177,0.66067,0.66138,12433.57
1710316800000,0.6614,0.66161,0.66029,0.66123,14813.44
1710331200000,0.66122,0.6624,0.6606,0.66216,25474.54
1710345600000,0.66215,0.66347,0.66192,0.66202,20922.67
1710360000000,0.66204,0.6628,0.66173,0.66271,6348.26
1710374400000,0.66269,0.66314,0.66103,0.66124,9974.8
1710388800000,0.66127,0.66202,0.66091,0.66189,11817.96
1710403200000,0.66191,0.6628,0.66161,0.66235,20151.76
1710417600000,0.66236,0.66292,0.65699,0.65835,47837.28
1710432000000,0.65833,0.65898,0.65732,0.65826,20857.09
1710446400000,0.65827,0.65839,0.657,0.6578,6791.45
1710460800000,0.65782,0.65792,0.65569,0.65641,13969.51
1710475200000,0.6564,0.65725,0.65577,0.65578,12220.15
1710489600000,0.65577,0.65723,0.65517,0.6568,22600.48
1710504000000,0.65681,0.65739,0.6558,0.65672,43647.77
1710518400000,0.65672,0.65686,0.6555,0.65601,12772.86
1710532800000,0.65601,0.65618,0.65565,0.65569,1558.22
1710705600000,0.65571,0.65625,0.65556,0.65571,4378.52
1710720000000,0.6557,0.65688,0.65535,0.65622,10073.88
1710734400000,0.65622,0.65698,0.65601,0.65677,8673.69
1710748800000,0.65676,0.65736,0.65644,0.65712,11407.3
1710763200000,0.65712,0.65734,0.65577,0.65604,18345.48
1710777600000,0.65605,0.65605,0.65503,0.6556,11890.99
1710792000000,0.65562,0.65594,0.6551,0.65564,6467.44
1710806400000,0.65568,0.65635,0.65315,0.65409,21601.15
1710820800000,0.65411,0.65431,0.65129,0.65182,24059.54
1710835200000,0.65182,0.65192,0.65036,0.65183,20577.54
1710849600000,0.65185,0.65331,0.65126,0.65275,22071.85
1710864000000,0.65277,0.65359,0.65255,0.65315,12631.6
1710878400000,0.65317,0.65343,0.65244,0.65248,8549.47
1710892800000,0.65248,0.65408,0.65192,0.65363,10969.55
1710907200000,0.6536,0.6536,0.65247,0.65292,8453.07
1710921600000,0.65289,0.65289,0.65111,0.65183,11763.12
1710936000000,0.65184,0.65309,0.65145,0.65279,19445.94
1710950400000,0.6528,0.6586,0.65269,0.6585,61775.52
1710964800000,0.65848,0.65987,0.65757,0.65985,11849.3
1710979200000,0.65983,0.66277,0.65893,0.6623,16439.51
1710993600000,0.66229,0.66342,0.66206,0.66234,11121.48
1711008000000,0.66234,0.66234,0.65969,0.65985,31088.79
1711022400000,0.65988,0.66051,0.65606,0.65683,64555.8
1711036800000,0.65685,0.65731,0.65662,0.65686,19278.37
1711051200000,0.65684,0.6572,0.65639,0.6571,7629.85
1711065600000,0.65709,0.65763,0.65261,0.65261,16433
1711080000000,0.65264,0.6532,0.65099,0.65153,21001.24
1711094400000,0.6515,0.65229,0.65098,0.65124,21702.99
1711108800000,0.65125,0.65305,0.65122,0.65192,37377.35
1711123200000,0.65192,0.65207,0.65101,0.6512,18017.95
1711137600000,0.6512,0.65149,0.65112,0.65128,2216.5
1711310400000,0.65136,0.65192,0.65103,0.65149,4310.14
1711324800000,0.6515,0.65435,0.65097,0.65268,19468.47
1711339200000,0.65267,0.65296,0.65162,0.65214,11118.34
1711353600000,0.65214,0.65343,0.65203,0.65316,18539.37
1711368000000,0.65316,0.65465,0.65304,0.65364,23376.71
1711382400000,0.65362,0.65399,0.65351,0.65372,8741.32
1711396800000,0.65372,0.65408,0.65315,0.65374,5762.47
1711411200000,0.65376,0.65543,0.6531,0.6534,12403.12
1711425600000,0.65341,0.65465,0.65331,0.6539,11044.85
1711440000000,0.6539,0.65587,0.6535,0.65525,15371.38
1711454400000,0.65526,0.65531,0.65322,0.65356,21961.19
1711468800000,0.65357,0.65399,0.65299,0.65303,14778.05
1711483200000,0.65305,0.65384,0.653,0.65379,5102.94
1711497600000,0.65379,0.65379,0.65108,0.65208,15504.17
1711512000000,0.65206,0.6532,0.65206,0.65268,13530.46
1711526400000,0.65269,0.65314,0.65152,0.65219,26490.12
1711540800000,0.65218,0.65318,0.65129,0.65237,25707.87
1711555200000,0.65238,0.65329,0.65199,0.65329,12106.7
1711569600000,0.65328,0.65345,0.65179,0.6523,7415.21
1711584000000,0.65229,0.65406,0.65148,0.65314,14879
1711598400000,0.65313,0.65345,0.65037,0.65051,11922.41
1711612800000,0.65054,0.65061,0.64849,0.64886,14991.62
1711627200000,0.64884,0.65253,0.64876,0.65231,29868.84
1711641600000,0.65231,0.65277,0.65138,0.6516,21976.68
1711656000000,0.6516,0.65178,0.65107,0.65144,6385.9
1711670400000,0.65139,0.65244,0.65092,0.6511,5135.26
1711684800000,0.65111,0.65137,0.65049,0.65092,3480.82
1711699200000,0.6509,0.65148,0.65078,0.65131,1953.25
1711713600000,0.65131,0.65324,0.6507,0.65218,5703.69
1711728000000,0.65219,0.65222,0.65129,0.65156,4275.63
1711742400000,0.65156,0.65168,0.65036,0.65076,768.14
1711915200000,0.65119,0.6536,0.65119,0.6533,6394.58
1711929600000,0.65332,0.65384,0.65173,0.65257,10030.86
1711944000000,0.65259,0.65275,0.65144,0.65246,9387.94
1711958400000,0.65245,0.65274,0.65146,0.65149,5620.32
1711972800000,0.65149,0.65188,0.64802,0.64826,29469.41
1711987200000,0.64825,0.64874,0.64807,0.64871,5466.11
1712001600000,0.64872,0.64911,0.64823,0.64873,6939.34
1712016000000,0.64872,0.64983,0.64846,0.64873,13471.09
1712030400000,0.64872,0.64991,0.64846,0.64976,22314.4
1712044800000,0.64975,0.65107,0.64967,0.65056,14661.86
1712059200000,0.65059,0.65234,0.64951,0.65123,33749.05
1712073600000,0.65122,0.65155,0.65063,0.65153,8897.64
1712088000000,0.65153,0.65214,0.65121,0.65127,5471.2
1712102400000,0.65126,0.65196,0.65035,0.65191,13537.74
1712116800000,0.65191,0.6525,0.65078,0.65088,16608.78
1712131200000,0.65089,0.6518,0.65029,0.65172,12569.47
1712145600000,0.65172,0.65605,0.65103,0.65565,51845.68
1712160000000,0.65568,0.65693,0.65496,0.65615,16603.74
1712174400000,0.65616,0.65704,0.65589,0.65678,6085.56
1712188800000,0.65678,0.65822,0.65651,0.65806,9283.06
1712203200000,0.65807,0.65984,0.65803,0.65922,14470.06
1712217600000,0.65923,0.66127,0.65906,0.66018,12944.63
1712232000000,0.66019,0.66185,0.65971,0.66139,21289.06
1712246400000,0.66138,0.66174,0.65789,0.65798,29826.39
1712260800000,0.65799,0.65918,0.65799,0.65872,7326.72
1712275200000,0.65872,0.6592,0.65615,0.65703,16739.15
1712289600000,0.65704,0.65832,0.65677,0.65816,18592.96
1712304000000,0.65816,0.65884,0.65768,0.65837,12318.92
1712318400000,0.65837,0.65914,0.65488,0.65825,54288.66
1712332800000,0.65827,0.65862,0.6577,0.65798,20936.62
1712347200000,0.65797,0.65814,0.65773,0.65773,2017.92
1712520000000,0.65743,0.65753,0.65675,0.65693,5608.29
1712534400000,0.65693,0.65886,0.65589,0.65749,22046.64
1712548800000,0.65749,0.65873,0.65733,0.65847,16509.7
1712563200000,0.65846,0.65905,0.6577,0.65863,19915.54
1712577600000,0.65862,0.66095,0.65832,0.66008,36224.11
1712592000000,0.66006,0.66076,0.65959,0.66032,13082.46
1712606400000,0.66032,0.66074,0.65995,0.66046,4721.69
1712620800000,0.66045,0.66121,0.65983,0.66011,13061.8
1712635200000,0.66012,0.66112,0.65982,0.66046,19189.02
1712649600000,0.66047,0.66252,0.66022,0.66189,16468.47
1712664000000,0.6619,0.6644,0.66152,0.66201,36006.93
1712678400000,0.66199,0.66266,0.66157,0.66264,13489.75
1712692800000,0.66264,0.66297,0.66178,0.66278,4818
1712707200000,0.66278,0.66309,0.66169,0.66221,15998.88
1712721600000,0.66221,0.66279,0.6619,0.66255,30142.75
1712736000000,0.66256,0.66271,0.66182,0.66193,15108.75
1712750400000,0.66192,0.66233,0.65052,0.65071,80952.11
1712764800000,0.65073,0.65221,0.64982,0.65124,38688.54
1712779200000,0.65125,0.65146,0.65051,0.65069,5569.77
1712793600000,0.65068,0.65214,0.65015,0.65168,14046.39
1712808000000,0.65167,0.65276,0.65138,0.65276,13629.77
1712822400000,0.65278,0.65297,0.65179,0.65212,14373.12
1712836800000,0.65213,0.65525,0.65085,0.65233,49231.38
1712851200000,0.65233,0.65453,0.65183,0.65408,16144.64
1712865600000,0.65406,0.65419,0.65335,0.654,4243.52
1712880000000,0.65402,0.65428,0.65258,0.6528,12348.1
1712894400000,0.65277,0.65308,0.65083,0.65187,15767.52
1712908800000,0.65188,0.65225,0.64893,0.64931,20195.11
1712923200000,0.64931,0.64947,0.64636,0.64761,38616.37
1712937600000,0.6476,0.64771,0.64555,0.64586,24807
1712952000000,0.64586,0.6464,0.64582,0.64602,2088.71
1713124800000,0.64639,0.64783,0.64605,0.6474,5228.7
1713139200000,0.64742,0.64882,0.64588,0.6484,17507.16
1713153600000,0.64843,0.64928,0.64756,0.64837,21593.81
1713168000000,0.64836,0.64887,0.64786,0.64821,18439.23
1713182400000,0.6482,0.64868,0.64532,0.64675,36991.44
1713196800000,0.64675,0.64705,0.64373,0.6443,21367.22
1713211200000,0.64429,0.64445,0.64375,0.64413,4764.15
1713225600000,0.64411,0.64431,0.64077,0.64178,19825.61
1713240000000,0.64178,0.64283,0.64112,0.64171,20049.19
1713254400000,0.64171,0.64261,0.6409,0.64254,19401.2
1713268800000,0.64253,0.64254,0.63967,0.64081,44050.23
1713283200000,0.64081,0.64193,0.63886,0.64061,35713
1713297600000,0.64057,0.64138,0.63986,0.6412,8590.28
1713312000000,0.64119,0.64234,0.6409,0.64154,17547.94
1713326400000,0.64154,0.64281,0.64024,0.64165,17138.77
1713340800000,0.64165,0.64315,0.64156,0.64262,14795.81
1713355200000,0.64263,0.64369,0.6415,0.64168,29932.25
1713369600000,0.64169,0.64457,0.64083,0.64352,26268.53
1713384000000,0.64351,0.64414,0.64244,0.64382,6149.02
1713398400000,0.64382,0.64562,0.64312,0.6454,19173.97
1713412800000,0.64538,0.64552,0.64406,0.64505,15883.89
1713427200000,0.64502,0.64521,0.64396,0.64466,12493.56
1713441600000,0.64465,0.64475,0.64249,0.64354,45556.02
1713456000000,0.64355,0.64377,0.6416,0.64214,17429.11
1713470400000,0.64212,0.64251,0.6416,0.6423,4345.38
1713484800000,0.64229,0.6424,0.63618,0.639,42207.56
1713499200000,0.63901,0.64246,0.63898,0.64225,31704.83
1713513600000,0.64225,0.64237,0.64052,0.64105,23628.16
1713528000000,0.64105,0.64326,0.64064,0.64215,33426.17
1713542400000,0.64216,0.64256,0.64075,0.64179,18117.53
1713556800000,0.64177,0.64186,0.64154,0.64158,2111.68
1713729600000,0.64092,0.64263,0.64092,0.64247,3994.36
1713744000000,0.64249,0.64551,0.6423,0.64369,15017.53
1713758400000,0.64368,0.6439,0.64257,0.64292,15139.38
1713772800000,0.6429,0.6442,0.64262,0.64373,13835.18
1713787200000,0.64372,0.64436,0.64241,0.64386,22873.11
1713801600000,0.64388,0.64535,0.64386,0.64486,10933.51
1713816000000,0.64486,0.64516,0.6445,0.64514,3214.48
1713830400000,0.64513,0.64651,0.64494,0.64579,12962.48
1713844800000,0.64584,0.64628,0.64445,0.64484,14062.89
1713859200000,0.64481,0.64567,0.64406,0.64543,15854.44
1713873600000,0.64545,0.64898,0.64503,0.64773,31039.34
1713888000000,0.64773,0.64896,0.64766,0.64856,14512.59
1713902400000,0.64856,0.64897,0.6472,0.64877,4264.78
1713916800000,0.64877,0.65293,0.64859,0.6517,14229.11
1713931200000,0.65169,0.65203,0.6501,0.65049,14877.51
1713945600000,0.65049,0.65078,0.64972,0.65048,10288.71
1713960000000,0.65048,0.65093,0.64828,0.64847,30345.97
1713974400000,0.64847,0.65033,0.64845,0.65002,16214.29
1713988800000,0.65001,0.65004,0.64877,0.64972,6295.89
1714003200000,0.64974,0.651,0.64912,0.65027,9253.97
1714017600000,0.65027,0.65249,0.65014,0.65225,10936.09
1714032000000,0.65226,0.65328,0.6522,0.65301,12132.06
1714046400000,0.653,0.65385,0.64848,0.65048,41251.05
1714060800000,0.65048,0.65215,0.65005,0.65164,11705.66
1714075200000,0.65163,0.65256,0.65149,0.65214,3869.78
1714089600000,0.65215,0.65317,0.65178,0.65225,10839.5
1714104000000,0.65228,0.65504,0.65209,0.65421,14989.52
1714118400000,0.65421,0.65537,0.65307,0.6535,19304.7
1714132800000,0.6535,0.65534,0.65168,0.65265,36920.01
1714147200000,0.65264,0.65398,0.65249,0.65335,6645.57
1714161600000,0.65334,0.65349,0.65291,0.65319,1776.06
1714334400000,0.65235,0.65417,0.6523,0.65413,2770.43
1714348800000,0.65415,0.65677,0.6536,0.65646,14729.15
1714363200000,0.65647,0.65863,0.65491,0.6563,33788.82
1714377600000,0.65629,0.65698,0.65515,0.65648,15479.32
1714392000000,0.65648,0.65693,0.65457,0.6561,20212.11
1714406400000,0.65608,0.65734,0.65587,0.65678,14433.44
1714420800000,0.65678,0.65689,0.65593,0.656,4136.52
1714435200000,0.65599,0.65644,0.65298,0.65334,13709.59
1714449600000,0.65336,0.65356,0.65136,0.65279,13984.98
1714464000000,0.65279,0.65361,0.65236,0.65271,10441.77
1714478400000,0.65272,0.65299,0.64857,0.64884,44844.68
1714492800000,0.64885,0.64919,0.64768,0.64771,10364.02
1714507200000,0.6477,0.64792,0.64673,0.64743,6035.22
1714521600000,0.64747,0.64757,0.64652,0.64674,7415.43
1714536000000,0.64674,0.64809,0.64648,0.64761,9632.45
1714550400000,0.64766,0.64827,0.64742,0.64811,7133.54
1714564800000,0.64812,0.64972,0.64812,0.64932,25022.08
1714579200000,0.64932,0.65398,0.64818,0.65007,54924.14
1714593600000,0.65007,0.65326,0.64996,0.65295,12204.07
1714608000000,0.65293,0.65383,0.65152,0.65292,15620.66
1714622400000,0.65292,0.65485,0.65279,0.6539,24093.71
1714636800000,0.65392,0.65448,0.65195,0.65288,22310.94
1714651200000,0.65289,0.65475,0.65165,0.65459,40469.3
1714665600000,0.65459,0.65727,0.65419,0.65649,21127.72
1714680000000,0.65647,0.6574,0.65596,0.65695,5702.62
1714694400000,0.65693,0.6585,0.65641,0.65748,12896.06
1714708800000,0.65747,0.65832,0.65676,0.65743,13672.32
1714723200000,0.65743,0.65854,0.6573,0.65799,13089.63
1714737600000,0.65799,0.66485,0.65783,0.66136,72636.1
1714752000000,0.66136,0.66172,0.66052,0.66117,13351.2
1714766400000,0.66117,0.66129,0.6608,0.66081,1579.57
1714939200000,0.66145,0.6618,0.66043,0.66081,3676.87
1714953600000,0.66081,0.66238,0.66048,0.66148,12039.47
1714968000000,0.66147,0.66257,0.66095,0.66216,10310.12
1714982400000,0.66215,0.66299,0.6617,0.66298,8927.48
1714996800000,0.66298,0.66381,0.66195,0.66219,17059.87
1715011200000,0.66218,0.6629,0.66192,0.66214,7942.85
1715025600000,0.66214,0.66257,0.66162,0.66228,4724.58
1715040000000,0.6623,0.66432,0.66181,0.66288,15797.6
1715054400000,0.66289,0.66297,0.65861,0.66005,22253.75
1715068800000,0.66004,0.66096,0.6592,0.66043,15299.41
1715083200000,0.66044,0.66235,0.66029,0.66066,20921.96
1715097600000,0.66066,0.6611,0.65878,0.65983,12915.05
1715112000000,0.65982,0.65989,0.65872,0.65881,4072.16
1715126400000,0.65879,0.65937,0.65687,0.65726,13096.4
1715140800000,0.65726,0.65814,0.65688,0.65697,14290.62
1715155200000,0.65697,0.65732,0.65617,0.65635,10963.38
1715169600000,0.65634,0.65851,0.65575,0.65825,20655.12
1715184000000,0.65824,0.65834,0.65745,0.65777,6754.53
1715198400000,0.65778,0.65813,0.65738,0.65772,3907.29
1715212800000,0.65771,0.65861,0.6569,0.6583,12198.27
1715227200000,0.6583,0.65852,0.65649,0.65743,13369.52
1715241600000,0.65744,0.65854,0.65716,0.65823,13824.8
1715256000000,0.65823,0.66122,0.65822,0.66041,26905.87
1715270400000,0.66042,0.66204,0.6604,0.66192,8383.11
1715284800000,0.66192,0.66225,0.66133,0.66164,3423.44
1715299200000,0.66166,0.66184,0.65988,0.66058,11403.47
1715313600000,0.6606,0.66166,0.6606,0.66106,13003.42
1715328000000,0.66107,0.66159,0.66045,0.66045,11456.85
1715342400000,0.66044,0.66219,0.65956,0.66053,28953.79
1715356800000,0.66055,0.66091,0.66019,0.66055,9901.84
1715371200000,0.66054,0.6606,0.66008,0.66008,683.18
1715544000000,0.6599,0.66064,0.65989,0.65997,2871.35
1715558400000,0.65993,0.6604,0.65853,0.65985,12266.3
1715572800000,0.65987,0.66047,0.65931,0.66025,9311.6
1715587200000,0.66026,0.6619,0.6601,0.66164,9391.73
1715601600000,0.66162,0.66283,0.66047,0.6609,16643.21
1715616000000,0.66091,0.66124,0.66012,0.66067,5338.65
1715630400000,0.66068,0.66116,0.66035,0.66106,3057.84
1715644800000,0.66105,0.66111,0.6598,0.66009,13159.19
1715659200000,0.66012,0.66084,0.65975,0.66081,13008.66
1715673600000,0.66083,0.66135,0.66006,0.66095,10560.23
1715688000000,0.66094,0.66273,0.65786,0.66217,34941.84
1715702400000,0.66214,0.66271,0.66161,0.66259,7401.53
1715716800000,0.66259,0.66268,0.66198,0.66233,2782.17
1715731200000,0.66235,0.66507,0.66211,0.66469,10929.76
1715745600000,0.66468,0.66479,0.66384,0.66423,9710.01
1715760000000,0.66423,0.66479,0.66357,0.66417,8314.85
1715774400000,0.66417,0.66868,0.66279,0.66723,51159.98
1715788800000,0.66723,0.66946,0.66675,0.66919,13549.14
1715803200000,0.6692,0.67013,0.66891,0.66995,4496.94
1715817600000,0.66996,0.67137,0.66764,0.66918,16939.11
1715832000000,0.66918,0.66919,0.66738,0.66855,12517.07
1715846400000,0.66856,0.66894,0.66682,0.66686,10676
1715860800000,0.66688,0.66821,0.66537,0.66817,27030.38
1715875200000,0.66819,0.66827,0.66738,0.66776,9881.92
1715889600000,0.66775,0.6683,0.66719,0.66817,3699.04
1715904000000,0.66817,0.6683,0.66581,0.66629,10782.51
1715918400000,0.66628,0.66765,0.66605,0.66634,12195.8
1715932800000,0.66636,0.66656,0.66484,0.66578,8514.45
1715947200000,0.66576,0.66921,0.66558,0.66831,25413.83
1715961600000,0.66829,0.67006,0.66828,0.66957,7092.81
1715976000000,0.66957,0.66959,0.66922,0.66922,1858.81
1716148800000,0.66904,0.67031,0.66894,0.6699,2940.4
1716163200000,0.66991,0.67073,0.66928,0.67012,13023.75
1716177600000,0.67013,0.67089,0.66905,0.66944,12271.47
1716192000000,0.66944,0.66962,0.66822,0.66823,7891.13
1716206400000,0.66826,0.6683,0.66615,0.66741,30123.72
1716220800000,0.66742,0.66792,0.66665,0.66679,6870.87
1716235200000,0.6668,0.66715,0.66645,0.66712,2381.16
1716249600000,0.66714,0.66749,0.66461,0.66558,10569.37
1716264000000,0.66558,0.66691,0.66522,0.66629,7004.7
1716278400000,0.6663,0.66787,0.66588,0.66777,6740.47
1716292800000,0.66776,0.66784,0.66569,0.66648,22785.09
1716307200000,0.66649,0.66678,0.66597,0.66668,14888.72
1716321600000,0.66667,0.66706,0.66599,0.66657,1655.18
1716336000000,0.66659,0.66848,0.66637,0.66667,7241.88
1716350400000,0.66663,0.6674,0.66528,0.66605,5354.39
1716364800000,0.66608,0.66665,0.66438,0.66474,14459.78
1716379200000,0.66475,0.6656,0.66323,0.6634,26355.9
1716393600000,0.66341,0.66425,0.66074,0.66164,17066.08
1716408000000,0.66164,0.66244,0.66098,0.66179,5971.35
1716422400000,0.66181,0.66308,0.66143,0.66304,14436.9
1716436800000,0.66307,0.66328,0.66172,0.66191,13311.24
1716451200000,0.66191,0.66432,0.66183,0.66409,12019.32
1716465600000,0.66408,0.66527,0.66115,0.66275,38056.25
1716480000000,0.66279,0.66318,0.65972,0.6603,21863.6
1716494400000,0.66032,0.66066,0.65998,0.66002,3694.1
1716508800000,0.66,0.66045,0.65917,0.65954,11766.81
1716523200000,0.65955,0.66062,0.65939,0.66054,11189.46
1716537600000,0.66053,0.66199,0.66028,0.66142,9932.84
1716552000000,0.66139,0.66342,0.66067,0.66264,27610.2
1716566400000,0.66264,0.66361,0.66237,0.66292,9691.92
1716580800000,0.66293,0.66296,0.6627,0.66272,1584.07
1716753600000,0.66219,0.66342,0.66218,0.66222,2645.55
1716768000000,0.66223,0.66375,0.66222,0.66342,8332.77
1716782400000,0.66342,0.66424,0.6631,0.66364,9296.09
1716796800000,0.66366,0.66488,0.66328,0.6645,7468.98
1716811200000,0.66451,0.66595,0.66411,0.66571,15584.81
1716825600000,0.6657,0.66581,0.66538,0.66573,7735.87
1716840000000,0.66572,0.66577,0.66495,0.66554,2958.52
1716854400000,0.66554,0.66737,0.66538,0.6672,12232.33
1716868800000,0.6672,0.66727,0.66554,0.66622,12236.73
1716883200000,0.66624,0.66701,0.66548,0.66677,9513.96
1716897600000,0.66675,0.66794,0.66513,0.66645,30335.43
1716912000000,0.66643,0.66654,0.66421,0.66507,13145.94
1716926400000,0.66506,0.66515,0.66412,0.66473,3672.33
1716940800000,0.66474,0.66653,0.66381,0.66516,14631.47
1716955200000,0.66518,0.66614,0.66416,0.66547,15264
1716969600000,0.66548,0.66568,0.66263,0.66298,15990.66
1716984000000,0.66297,0.66369,0.6614,0.66174,37192.89
1716998400000,0.66174,0.66226,0.66115,0.66146,14800.56
1717012800000,0.66147,0.66148,0.66056,0.66131,3833.13
1717027200000,0.66132,0.66201,0.65997,0.66086,21061.89
1717041600000,0.66086,0.66112,0.65904,0.6608,16797.24
1717056000000,0.6608,0.66265,0.66033,0.66209,19315.15
1717070400000,0.66209,0.66472,0.6616,0.66404,40829.64
1717084800000,0.66404,0.66454,0.66262,0.66329,10412.07
1717099200000,0.66325,0.66402,0.66248,0.66292,4819.73
1717113600000,0.66293,0.66395,0.66263,0.66357,19717.59
1717128000000,0.66357,0.66415,0.66279,0.66313,19082.73
1717142400000,0.66313,0.66571,0.66306,0.66506,17143.38
1717156800000,0.66505,0.66724,0.66362,0.66391,43220.78
1717171200000,0.66391,0.66538,0.66327,0.66526,16367.79
1717185600000,0.66527,0.66545,0.66508,0.66513,1942.08
1717358400000,0.6646,0.66563,0.6646,0.66552,4992.6
1717372800000,0.66552,0.66644,0.66442,0.66465,14352.06
1717387200000,0.66461,0.66493,0.66329,0.66329,16599.8
1717401600000,0.66329,0.66581,0.66321,0.66567,18848.73
1717416000000,0.66568,0.66947,0.6654,0.66817,36015.02
1717430400000,0.66816,0.66837,0.66632,0.66797,32286.62
1717444800000,0.66799,0.6694,0.66722,0.66892,4304.05
1717459200000,0.66894,0.66984,0.6675,0.66802,14744.99
1717473600000,0.66801,0.66835,0.66578,0.66621,18768.56
1717488000000,0.66622,0.66625,0.66305,0.66402,26550.31
1717502400000,0.66401,0.66526,0.66341,0.66408,43699.93
1717516800000,0.66409,0.66536,0.66385,0.66487,18365.19
1717531200000,0.66486,0.66497,0.6636,0.66451,4198.55
1717545600000,0.66453,0.6664,0.66416,0.66586,12213.67
1717560000000,0.66583,0.66611,0.66516,0.66572,12110.74
1717574400000,0.66573,0.66622,0.66392,0.66461,13278.42
1717588800000,0.66462,0.66542,0.66256,0.66414,44416.76
1717603200000,0.66415,0.66531,0.66356,0.66513,13466.91
1717617600000,0.66512,0.66561,0.66455,0.6655,3375.32
1717632000000,0.6655,0.6683,0.6655,0.66646,13542.25
1717646400000,0.66645,0.66651,0.66489,0.6649,11418.9
1717660800000,0.66488,0.66509,0.66369,0.66376,9365.08
1717675200000,0.66374,0.66627,0.6633,0.66608,31118.67
1717689600000,0.66607,0.66726,0.66551,0.66656,9547.02
1717704000000,0.66657,0.66699,0.66614,0.66692,5080.72
1717718400000,0.66692,0.66748,0.66622,0.66703,13184.52
1717732800000,0.66702,0.66808,0.66685,0.66727,12183.67
1717747200000,0.66726,0.66727,0.66572,0.66666,12150.8
1717761600000,0.66667,0.66696,0.65799,0.65871,47309.74
1717776000000,0.65873,0.65925,0.65799,0.65802,13615.23
1717790400000,0.65803,0.65819,0.65785,0.65788,1879.48
1717963200000,0.65785,0.65829,0.65753,0.65815,3137.67
1717977600000,0.65816,0.659,0.65756,0.65873,8726.91
1717992000000,0.65873,0.6595,0.65861,0.6594,10445.64
1718006400000,0.65939,0.65974,0.65831,0.65925,13945.11
1718020800000,0.65925,0.66099,0.65852,0.66095,18422
1718035200000,0.66097,0.66107,0.66011,0.66083,11988.18
1718049600000,0.66082,0.66118,0.6605,0.6607,3311.3
1718064000000,0.66071,0.66071,0.65908,0.65966,13445.98
1718078400000,0.65966,0.66083,0.65945,0.66037,10009.92
1718092800000,0.66036,0.6605,0.65882,0.65933,14375.34
1718107200000,0.65934,0.66094,0.6589,0.65964,25942.77
1718121600000,0.65964,0.66132,0.65934,0.66071,11868.81
1718136000000,0.66072,0.66091,0.66033,0.66072,3066.69
1718150400000,0.66073,0.66174,0.65968,0.66163,12003.87
1718164800000,0.66163,0.66217,0.66073,0.66162,11641.47
1718179200000,0.66162,0.66175,0.66096,0.66124,10971.69
1718193600000,0.66125,0.67001,0.66046,0.66991,41024.8
1718208000000,0.6699,0.6704,0.66551,0.66588,47913.91
1718222400000,0.66589,0.66667,0.66555,0.66628,4644.34
1718236800000,0.66631,0.66669,0.66461,0.66551,15496.96
1718251200000,0.66552,0.66558,0.6639,0.66506,9831.24
1718265600000,0.66506,0.66555,0.664,0.66412,11045.43
1718280000000,0.66411,0.66749,0.66318,0.66397,32837.57
1718294400000,0.66395,0.664,0.66256,0.66358,13548.51
1718308800000,0.66359,0.66372,0.66251,0.66306,3541.7
1718323200000,0.66307,0.66412,0.66203,0.66299,14681.14
1718337600000,0.66299,0.6633,0.66092,0.66178,17341.16
1718352000000,0.66177,0.66216,0.66028,0.66155,23541.42
1718366400000,0.66158,0.66174,0.6591,0.66146,29710.44
1718380800000,0.66146,0.66195,0.66045,0.66149,10304.17
1718395200000,0.6615,0.66163,0.6613,0.66135,1784.25
1718568000000,0.65979,0.66174,0.65979,0.6612,2451.75
1718582400000,0.6612,0.66176,0.65986,0.66035,9942.53
1718596800000,0.66036,0.6608,0.65905,0.66024,12897.84
1718611200000,0.66024,0.66085,0.65916,0.65924,10933.56
1718625600000,0.65924,0.65999,0.65849,0.65966,20233.68
1718640000000,0.65967,0.66161,0.65966,0.6614,8341.27
1718654400000,0.66141,0.66189,0.66016,0.66173,3244.16
1718668800000,0.66172,0.66207,0.6605,0.66073,9704.76
1718683200000,0.66073,0.6632,0.65995,0.66142,16084.67
1718697600000,0.6614,0.66213,0.66073,0.66107,13483.56
1718712000000,0.66109,0.66564,0.66087,0.66503,31521.17
1718726400000,0.66505,0.66573,0.66483,0.66555,10736.37
1718740800000,0.66557,0.66617,0.66523,0.66608,3626.29
1718755200000,0.66606,0.66689,0.66592,0.66605,8384.51
1718769600000,0.66604,0.66747,0.66591,0.66718,8593
1718784000000,0.66719,0.66752,0.66675,0.66696,6871.86
1718798400000,0.66695,0.6677,0.66646,0.66733,8500.82
1718812800000,0.66735,0.66745,0.66684,0.66713,1551.45
1718827200000,0.66713,0.6675,0.66656,0.66734,3648.24
1718841600000,0.66734,0.66759,0.66665,0.6674,9087.67
1718856000000,0.66742,0.66789,0.66609,0.66699,11597.92
1718870400000,0.66698,0.66773,0.66636,0.66659,11794.68
1718884800000,0.66661,0.66762,0.66543,0.66552,23535.18
1718899200000,0.66551,0.66647,0.66471,0.66579,14033.57
1718913600000,0.66579,0.66621,0.66482,0.66602,3035.41
1718928000000,0.66601,0.66667,0.66538,0.66661,9255.72
1718942400000,0.6666,0.66691,0.66464,0.66505,10702.59
1718956800000,0.66503,0.66649,0.66452,0.66647,12633.52
1718971200000,0.66648,0.66693,0.66312,0.66387,31634.68
1718985600000,0.6639,0.66453,0.66346,0.6642,12368.26
1719000000000,0.66419,0.66434,0.66396,0.66398,2462.97
1719172800000,0.66349,0.66414,0.66331,0.66342,2730.83
1719187200000,0.66343,0.66403,0.66257,0.66334,12886.36
1719201600000,0.66333,0.66527,0.66326,0.66527,10197.51
1719216000000,0.66527,0.66562,0.66422,0.66426,14974.45
1719230400000,0.66426,0.66673,0.66374,0.66542,17113.74
1719244800000,0.66542,0.66614,0.66481,0.66568,7409.1
1719259200000,0.66568,0.66586,0.66446,0.66535,4288.71
1719273600000,0.66537,0.66645,0.66508,0.66603,9614.28
1719288000000,0.66604,0.66723,0.66563,0.66664,8519.19
1719302400000,0.66664,0.66698,0.66434,0.6648,9260.52
1719316800000,0.6648,0.66544,0.66352,0.66406,25203.03
1719331200000,0.66407,0.665,0.66347,0.6648,7412.43
1719345600000,0.66481,0.6649,0.66361,0.6644,2917.71
1719360000000,0.66439,0.66785,0.66356,0.66718,17271.35
1719374400000,0.66718,0.66882,0.66711,0.66799,12135.05
1719388800000,0.66798,0.66842,0.66516,0.66575,10248.54
1719403200000,0.66579,0.66629,0.66399,0.66475,23078.87
1719417600000,0.66474,0.6657,0.66449,0.66511,10064.73
1719432000000,0.66509,0.66509,0.66403,0.66449,4944.14
1719446400000,0.66449,0.66627,0.66396,0.66609,10655.34
1719460800000,0.6661,0.66721,0.66587,0.66626,11337.98
1719475200000,0.66622,0.66698,0.66507,0.66511,11253.76
1719489600000,0.66511,0.66684,0.66428,0.66468,28875.69
1719504000000,0.66468,0.6652,0.66424,0.66461,9961.59
1719518400000,0.66462,0.66506,0.66418,0.66495,2862.09
1719532800000,0.66497,0.66511,0.66195,0.66262,16108.54
1719547200000,0.66259,0.66363,0.66201,0.66335,10622.9
1719561600000,0.66334,0.66605,0.6631,0.66534,11576.37
1719576000000,0.66533,0.66841,0.66522,0.66739,37937.65
1719590400000,0.66738,0.66822,0.66629,0.66711,15545.43
1719604800000,0.66709,0.66711,0.66672,0.66676,2757
1719777600000,0.66792,0.66804,0.66722,0.66733,4029.76
1719792000000,0.66735,0.66743,0.66643,0.66671,10430.17
1719806400000,0.66671,0.66782,0.66636,0.66754,10644.23
1719820800000,0.66754,0.66863,0.66707,0.66737,10536.69
1719835200000,0.66734,0.6688,0.66435,0.66521,40685.14
1719849600000,0.66521,0.6659,0.66478,0.66552,21947.88
1719864000000,0.66552,0.66599,0.66491,0.66538,4657.66
1719878400000,0.66537,0.66573,0.66336,0.66419,15147.75
1719892800000,0.6642,0.66494,0.66378,0.66485,15242.65
1719907200000,0.66486,0.66539,0.66442,0.66505,10346.67
1719921600000,0.66506,0.66702,0.66497,0.66575,30522.07
1719936000000,0.66573,0.66702,0.66546,0.66701,6182.86
1719950400000,0.667,0.66703,0.66632,0.66681,3080.78
1719964800000,0.66683,0.66788,0.66647,0.66767,9946.97
1719979200000,0.66767,0.66837,0.66683,0.66805,9022.6
1719993600000,0.66804,0.6681,0.66689,0.66723,10265.15
1720008000000,0.66722,0.67331,0.66697,0.67177,34006.66
1720022400000,0.67175,0.6719,0.66997,0.67039,9047.58
1720036800000,0.67038,0.67122,0.67011,0.67115,3058.64
1720051200000,0.67114,0.67211,0.67098,0.6712,8703.3
1720065600000,0.6712,0.67194,0.67105,0.67192,7120.96
1720080000000,0.67194,0.67309,0.67165,0.67284,6880.92
1720094400000,0.67287,0.67313,0.67237,0.67269,7969.53
1720108800000,0.67269,0.67287,0.67251,0.67272,838.65
1720123200000,0.67273,0.67276,0.67239,0.67243,1744.95
1720137600000,0.67242,0.67385,0.67239,0.67365,21749.1
1720152000000,0.67366,0.67377,0.67267,0.67327,13512.81
1720166400000,0.67327,0.67373,0.67296,0.67322,7848.37
1720180800000,0.67319,0.67522,0.67093,0.67418,42582.09
1720195200000,0.6742,0.67524,0.67377,0.67517,11646.33
1720209600000,0.67516,0.6752,0.67471,0.67471,1445.07
1720382400000,0.67355,0.67488,0.67346,0.67458,6627.12
1720396800000,0.67456,0.67607,0.67378,0.67544,15780.51
1720411200000,0.67544,0.67546,0.6739,0.67443,11438.04
1720425600000,0.67443,0.67458,0.67347,0.67396,9075.15
1720440000000,0.67394,0.67509,0.67365,0.67372,18480.67
1720454400000,0.67371,0.67438,0.67315,0.6735,8014.36
1720468800000,0.67349,0.67427,0.67321,0.67423,2681.67
1720483200000,0.67426,0.67472,0.67275,0.67355,11338.5
1720497600000,0.67356,0.67473,0.67353,0.67417,9749.85
1720512000000,0.67418,0.67433,0.67306,0.67327,8428.47
1720526400000,0.67326,0.67453,0.67235,0.67356,23004.9
1720540800000,0.67355,0.67434,0.67334,0.6741,9763.49
1720555200000,0.67408,0.67429,0.67362,0.67412,3265.1
1720569600000,0.67413,0.67445,0.67314,0.67445,16827.22
1720584000000,0.67444,0.67502,0.67367,0.6739,11514.73
1720598400000,0.67389,0.6743,0.67329,0.67411,12033.48
1720612800000,0.6741,0.67518,0.67395,0.67455,15964.28
1720627200000,0.67456,0.67487,0.67381,0.67468,8263.53
1720641600000,0.67467,0.67516,0.6742,0.67511,3067.96
1720656000000,0.67513,0.67632,0.67468,0.67606,10947.96
1720670400000,0.67608,0.67625,0.67525,0.67567,8864.58
1720684800000,0.67567,0.67614,0.67503,0.67549,8998.62
1720699200000,0.67549,0.67983,0.67504,0.67735,67603.67
1720713600000,0.67736,0.67736,0.67544,0.67547,24673.09
1720728000000,0.67547,0.67722,0.67542,0.67694,8982.7
1720742400000,0.67692,0.67714,0.67536,0.67667,15598.56
1720756800000,0.67667,0.67726,0.67592,0.67696,12778.38
1720771200000,0.67697,0.67781,0.6769,0.67719,9060.15
1720785600000,0.67722,0.67933,0.67617,0.67864,42965.93
1720800000000,0.67864,0.67905,0.67827,0.67848,10139.77
1720814400000,0.67849,0.6785,0.67821,0.67823,1798.74
1720987200000,0.6769,0.67783,0.67626,0.67703,5749.21
1721001600000,0.67702,0.67779,0.67621,0.6776,10202.22
1721016000000,0.67761,0.67788,0.67659,0.67783,9400.03
1721030400000,0.67784,0.67883,0.67753,0.6777,10436.73
1721044800000,0.67771,0.67822,0.67702,0.67766,21672.54
1721059200000,0.67765,0.67816,0.67521,0.67603,18945.03
1721073600000,0.67603,0.67639,0.6757,0.6762,3186.18
1721088000000,0.6762,0.67625,0.67414,0.67475,10861.38
1721102400000,0.67476,0.67499,0.67333,0.67434,12498.78
1721116800000,0.67434,0.67477,0.67322,0.67431,11613.54
1721131200000,0.6743,0.67446,0.67143,0.67241,29258.46
1721145600000,0.67243,0.6736,0.67215,0.6735,14007.16
1721160000000,0.6735,0.67358,0.67276,0.67314,8021.94
1721174400000,0.67312,0.6741,0.67249,0.67374,10784.16
1721188800000,0.67373,0.6741,0.67286,0.67346,18131.26
1721203200000,0.67345,0.67544,0.67339,0.67406,34271.22
1721217600000,0.67404,0.67436,0.67239,0.67267,46118.54
1721232000000,0.67268,0.67298,0.67205,0.6726,15171.93
1721246400000,0.67258,0.67313,0.67223,0.67301,6952.98
1721260800000,0.67302,0.67402,0.67144,0.67364,16738.17
1721275200000,0.67364,0.67431,0.67321,0.67377,15682.01
1721289600000,0.67377,0.67411,0.67296,0.67305,10234.32
1721304000000,0.67304,0.67403,0.67236,0.67245,26886.58
1721318400000,0.67242,0.67271,0.66972,0.67029,16136.56
1721332800000,0.67029,0.67082,0.67002,0.67033,3604.75
1721347200000,0.67033,0.6706,0.66943,0.67003,15146.44
1721361600000,0.67003,0.6707,0.66895,0.66948,10558.28
1721376000000,0.66948,0.66966,0.66871,0.66949,9746.98
1721390400000,0.6695,0.66955,0.66834,0.66924,27700.02
1721404800000,0.66924,0.66936,0.66797,0.66824,14104.27
1721419200000,0.66826,0.66848,0.66813,0.66834,1124.73
1721592000000,0.6688,0.67018,0.66833,0.66954,4500
1721606400000,0.66952,0.66954,0.66622,0.66705,14467.19
1721620800000,0.66706,0.6672,0.66606,0.66633,15092.49
1721635200000,0.66633,0.6668,0.66528,0.66537,8886.75
1721649600000,0.66537,0.66538,0.6631,0.66373,28223.96
1721664000000,0.66372,0.66435,0.6635,0.66418,10440.37
1721678400000,0.66416,0.66443,0.66379,0.66381,4527.83
1721692800000,0.66382,0.66455,0.66319,0.66376,12617.23
1721707200000,0.66375,0.66379,0.66217,0.66231,10428.89
1721721600000,0.66233,0.66286,0.66206,0.66213,11043.87
1721736000000,0.66213,0.66254,0.66112,0.66178,18936.07
1721750400000,0.66178,0.662,0.66106,0.66135,9591.15
1721764800000,0.66133,0.66165,0.66105,0.66115,4324.5
1721779200000,0.66116,0.66128,0.65909,0.65941,11889.23
1721793600000,0.65939,0.66046,0.65835,0.65983,18402.37
1721808000000,0.65983,0.66065,0.65896,0.66051,12544.08
1721822400000,0.66053,0.66098,0.65947,0.65983,25250.44
1721836800000,0.65985,0.66007,0.65771,0.6579,14047.81
1721851200000,0.65788,0.6582,0.65721,0.65732,5912.09
1721865600000,0.65729,0.65737,0.65488,0.65519,22891.23
1721880000000,0.65519,0.65519,0.6525,0.65333,19329.44
1721894400000,0.65335,0.65416,0.65184,0.65193,17681.26
1721908800000,0.65193,0.65575,0.65125,0.65502,35027.01
1721923200000,0.65501,0.65601,0.65396,0.65399,20856.37
1721937600000,0.65398,0.65413,0.65331,0.65396,6835.53
1721952000000,0.65395,0.65546,0.65394,0.65509,19124.19
1721966400000,0.65509,0.65589,0.65506,0.65584,10771.98
1721980800000,0.65585,0.6566,0.65531,0.65603,9451.62
1721995200000,0.65603,0.65681,0.655,0.65563,30483.72
1722009600000,0.65563,0.65643,0.65503,0.6552,14374.48
1722024000000,0.65521,0.65535,0.65444,0.65462,2023.8
1722196800000,0.65474,0.65601,0.65463,0.65525,3757.05
1722211200000,0.65524,0.6568,0.65505,0.65641,9967.2
1722225600000,0.65641,0.65643,0.6541,0.65432,8710.56
1722240000000,0.65433,0.65564,0.65404,0.65423,7005.7
1722254400000,0.65423,0.65465,0.65237,0.65381,23977.47
1722268800000,0.65379,0.65506,0.65351,0.65495,14362.26
1722283200000,0.65494,0.65573,0.65409,0.65506,4978.14
1722297600000,0.65507,0.65537,0.6533,0.65534,10904.04
1722312000000,0.65531,0.6562,0.6549,0.65509,8246.97
1722326400000,0.65507,0.65568,0.65362,0.65364,7440.27
1722340800000,0.65362,0.65409,0.65286,0.65343,28497.47
1722355200000,0.65343,0.65435,0.65315,0.6539,12231.24
1722369600000,0.65392,0.6544,0.65292,0.65399,7340.61
1722384000000,0.65397,0.65421,0.64817,0.64976,26215.73
1722398400000,0.64974,0.65086,0.64792,0.65039,26426.35
1722412800000,0.6504,0.65117,0.64863,0.65056,12990.35
1722427200000,0.65056,0.65389,0.65055,0.65329,25800.83
1722441600000,0.65329,0.65555,0.65158,0.65384,29429.38
1722456000000,0.65383,0.65488,0.65365,0.6548,6398.96
1722470400000,0.6548,0.65504,0.65235,0.65269,16430.97
1722484800000,0.6527,0.65351,0.65203,0.65232,15837.61
1722499200000,0.65233,0.65366,0.65134,0.65342,12617.11
1722513600000,0.65343,0.65595,0.65135,0.6519,36215.65
1722528000000,0.6519,0.65246,0.64884,0.65047,24839.48
1722542400000,0.65046,0.65051,0.64919,0.64931,9074.07
1722556800000,0.64931,0.65114,0.64863,0.65067,15659.58
1722571200000,0.65068,0.65258,0.65061,0.65113,16402.86
1722585600000,0.65114,0.65176,0.65023,0.6514,12938.82
1722600000000,0.6514,0.65472,0.65008,0.65246,54445.51
1722614400000,0.65246,0.65247,0.65079,0.65201,26667.75
1722628800000,0.65199,0.65203,0.65066,0.65093,2709.53
1722801600000,0.65098,0.65173,0.64941,0.64973,10060.86
1722816000000,0.64973,0.65116,0.64819,0.6501,38123.66
1722830400000,0.6501,0.65028,0.63481,0.64487,72017.74
1722844800000,0.64489,0.64601,0.64365,0.64428,42002.2
1722859200000,0.64427,0.65111,0.64351,0.64871,84951.75
1722873600000,0.6487,0.65017,0.64784,0.64943,40482.84
1722888000000,0.64942,0.65221,0.649,0.65148,15659.05
1722902400000,0.65151,0.65399,0.65071,0.65088,36057.47
1722916800000,0.65087,0.65276,0.64908,0.64981,39798.06
1722931200000,0.64982,0.65069,0.64719,0.64769,29048.19
1722945600000,0.6477,0.65201,0.64747,0.65183,49313.31
1722960000000,0.65183,0.65412,0.65174,0.65239,27488.37
1722974400000,0.65239,0.65252,0.65092,0.65139,13588.01
1722988800000,0.65139,0.65636,0.65109,0.65615,32721.76
1723003200000,0.65617,0.65645,0.65347,0.6548,26169.07
1723017600000,0.65482,0.65742,0.6544,0.65645,19840.5
1723032000000,0.65647,0.65672,0.65456,0.6551,29184.13
1723046400000,0.65511,0.65522,0.65132,0.65192,30197.98
1723060800000,0.65192,0.65213,0.65069,0.65179,12000.91
1723075200000,0.6518,0.65654,0.65096,0.65598,22662.31
1723089600000,0.65599,0.65651,0.65426,0.6546,21498.78
1723104000000,0.65462,0.65601,0.65453,0.655,16387.97
1723118400000,0.65503,0.65795,0.6545,0.65784,38269.36
1723132800000,0.65784,0.65924,0.65714,0.65875,17131.13
1723147200000,0.65875,0.65942,0.65868,0.65905,6571.47
1723161600000,0.65902,0.66034,0.658,0.6601,15232.57
1723176000000,0.66009,0.66049,0.65822,0.65925,16689.48
1723190400000,0.65925,0.65956,0.65697,0.65759,12279.62
1723204800000,0.6576,0.65865,0.65662,0.65747,28552.87
1723219200000,0.65747,0.65795,0.6568,0.65752,10399.35
1723233600000,0.65751,0.65761,0.65703,0.65712,2634.63
1723406400000,0.65664,0.65752,0.65646,0.65683,3706.87
1723420800000,0.65682,0.65873,0.65674,0.6583,10314.62
1723435200000,0.65832,0.66002,0.65771,0.65997,10906.14
1723449600000,0.65998,0.66023,0.65922,0.65967,7696.71
1723464000000,0.65968,0.66046,0.65859,0.6594,19575.98
1723478400000,0.65941,0.65941,0.65814,0.65859,9740.91
1723492800000,0.65859,0.65877,0.65808,0.65846,3693.8
1723507200000,0.65847,0.65976,0.65786,0.65921,11975.04
1723521600000,0.65923,0.66081,0.65856,0.66069,11145.84
1723536000000,0.66069,0.66086,0.65913,0.65931,10087.87
1723550400000,0.6593,0.6618,0.65901,0.66105,25117.8
1723564800000,0.66105,0.66374,0.66092,0.66357,15069.04
1723579200000,0.66358,0.66388,0.66205,0.66371,6037.05
1723593600000,0.66374,0.66425,0.66179,0.66234,22572.35
1723608000000,0.66231,0.6642,0.66224,0.66328,12915.22
1723622400000,0.66328,0.6638,0.66231,0.66255,10686.9
1723636800000,0.66255,0.66422,0.66086,0.66145,31724.82
1723651200000,0.66144,0.66145,0.65951,0.65974,14702.79
1723665600000,0.65971,0.66004,0.65897,0.65971,5017.25
1723680000000,0.65972,0.66229,0.65626,0.66186,19714.83
1723694400000,0.66185,0.66268,0.66165,0.66235,9682.59
1723708800000,0.66236,0.66331,0.66151,0.66304,5835.78
1723723200000,0.66305,0.66341,0.65955,0.66284,29986.64
1723737600000,0.66284,0.66333,0.66086,0.66107,6379.96
1723752000000,0.66105,0.66129,0.66071,0.66117,3864.04
1723766400000,0.66117,0.66275,0.66097,0.66229,10567.29
1723780800000,0.66228,0.66366,0.66215,0.6632,8233.89
1723795200000,0.6632,0.66405,0.66255,0.66323,10054.53
1723809600000,0.66323,0.66483,0.66226,0.66482,19229.5
1723824000000,0.66483,0.6671,0.66469,0.66689,8361.47
1723838400000,0.66688,0.66701,0.66651,0.66672,1384.68
1724011200000,0.66626,0.6676,0.66568,0.66722,3092.71
1724025600000,0.66723,0.66944,0.66715,0.66896,11605.48
1724040000000,0.66896,0.66925,0.66768,0.66889,12419.83
1724054400000,0.66889,0.66986,0.6683,0.66981,9803.68
1724068800000,0.66982,0.67222,0.66924,0.67138,18699.73
1724083200000,0.6714,0.67333,0.67137,0.67314,9936.81
1724097600000,0.67315,0.67379,0.6724,0.67334,4707.23
1724112000000,0.67335,0.67358,0.67127,0.67174,12860.22
1724126400000,0.67173,0.6732,0.6713,0.67258,9359.86
1724140800000,0.67258,0.6734,0.67244,0.67333,8700.84
1724155200000,0.67335,0.67471,0.67311,0.67393,18687.06
1724169600000,0.67395,0.67485,0.67331,0.67462,7621.94
1724184000000,0.67464,0.67488,0.67411,0.67458,4886.4
1724198400000,0.67459,0.6752,0.67389,0.67445,9252.84
1724212800000,0.67444,0.67491,0.67313,0.67344,10117.6
1724227200000,0.67342,0.67426,0.67337,0.67382,6823.42
1724241600000,0.67382,0.67561,0.67304,0.67492,26688.18
1724256000000,0.6749,0.67607,0.67369,0.67419,10164.26
1724270400000,0.6742,0.6752,0.67374,0.67489,3454.26
1724284800000,0.6749,0.67511,0.67269,0.67321,12050.49
1724299200000,0.67321,0.67497,0.67288,0.67481,8394.05
1724313600000,0.6748,0.67523,0.67248,0.67302,10352.94
1724328000000,0.67303,0.67348,0.66988,0.67069,23066.51
1724342400000,0.67068,0.67143,0.66967,0.67038,11010.27
1724356800000,0.67038,0.67087,0.66988,0.67064,4007.67
1724371200000,0.67065,0.67189,0.67044,0.67169,8734.77
1724385600000,0.6717,0.67282,0.67165,0.67226,8915.13
1724400000000,0.67225,0.6734,0.67196,0.67312,6918.84
1724414400000,0.67311,0.67911,0.67226,0.67759,33638.68
1724428800000,0.6776,0.67976,0.67692,0.67953,14104.23
1724443200000,0.6795,0.6798,0.67942,0.67957,1475.91
1724616000000,0.67868,0.67967,0.67848,0.67869,4360.11
1724630400000,0.6787,0.67961,0.67764,0.67786,11489.97
1724644800000,0.67788,0.67814,0.677,0.67738,9469.79
1724659200000,0.67739,0.67804,0.67662,0.67686,9357.27
1724673600000,0.67684,0.67869,0.67664,0.6771,23345.75
1724688000000,0.67707,0.67851,0.67699,0.67727,8484.37
1724702400000,0.67729,0.6775,0.6767,0.67724,3709.41
1724716800000,0.67726,0.67844,0.67612,0.67834,10510.87
1724731200000,0.67836,0.67908,0.67717,0.6772,13585.36
1724745600000,0.6772,0.67869,0.67717,0.67816,11866.06
1724760000000,0.67815,0.67836,0.67693,0.67776,21944.02
1724774400000,0.67778,0.67951,0.67756,0.67924,7938.34
1724788800000,0.67924,0.67939,0.67865,0.67868,4700.07
1724803200000,0.67868,0.68125,0.67829,0.68001,15322.8
1724817600000,0.68004,0.68013,0.67814,0.67946,11957.16
1724832000000,0.67947,0.67988,0.67764,0.67783,11581.35
1724846400000,0.67784,0.67951,0.67698,0.67804,22273.35
1724860800000,0.67803,0.67815,0.67639,0.67793,11461.53
1724875200000,0.67793,0.67865,0.67788,0.67826,5317.03
1724889600000,0.67828,0.68031,0.67826,0.67965,13246.71
1724904000000,0.67966,0.68123,0.67966,0.68118,11530.32
1724918400000,0.68117,0.68235,0.6797,0.6817,18095.51
1724932800000,0.6817,0.68212,0.67842,0.68045,25460.07
1724947200000,0.68047,0.68102,0.67926,0.67969,13245.46
1724961600000,0.67969,0.6799,0.67922,0.67953,4023.63
1724976000000,0.67954,0.68084,0.6789,0.68053,9768.86
1724990400000,0.68054,0.68102,0.67982,0.68078,8830.96
1725004800000,0.68079,0.68162,0.67952,0.67978,8043.21
1725019200000,0.67978,0.68029,0.6758,0.67645,30902.17
1725033600000,0.67644,0.67688,0.6751,0.67668,14157.49
1725048000000,0.67668,0.67703,0.67636,0.67638,2056.47
1725220800000,0.67624,0.67724,0.67618,0.67676,2897.94
1725235200000,0.67675,0.6778,0.67569,0.67639,10515.62
1725249600000,0.67638,0.67825,0.67564,0.67781,8908.93
1725264000000,0.67781,0.67853,0.67729,0.67759,7722.8
1725278400000,0.67758,0.67944,0.67738,0.67886,8574.16
1725292800000,0.67885,0.67943,0.67861,0.67936,1187.07
1725307200000,0.67936,0.67936,0.67838,0.67867,3107.91
1725321600000,0.67868,0.67919,0.67423,0.67443,15955.02
1725336000000,0.67442,0.67529,0.67297,0.67481,16170.33
1725350400000,0.6748,0.67514,0.67288,0.67305,10775.22
1725364800000,0.67307,0.67468,0.67117,0.67196,32626.77
1725379200000,0.67196,0.67245,0.67074,0.67122,15158.04
1725393600000,0.67122,0.67151,0.67064,0.67128,6666.89
1725408000000,0.67128,0.67149,0.66852,0.66992,20093.84
1725422400000,0.66994,0.67153,0.66962,0.67073,12107.46
1725436800000,0.67074,0.67203,0.6702,0.67175,9718.32
1725451200000,0.67175,0.6749,0.67093,0.67214,26118
1725465600000,0.67215,0.6727,0.67109,0.67206,12436.85
1725480000000,0.67204,0.67255,0.67112,0.67155,4666.86
1725494400000,0.67154,0.67316,0.67132,0.67227,11737.63
1725508800000,0.67224,0.67269,0.67133,0.67184,9555.04
1725523200000,0.67184,0.67327,0.67175,0.67239,11898.22
1725537600000,0.6724,0.674,0.67186,0.67255,28938.31
1725552000000,0.67255,0.67394,0.67254,0.6735,10778.15
1725566400000,0.67351,0.67412,0.67348,0.67403,4000.2
1725580800000,0.67401,0.67432,0.67275,0.67289,8910.27
1725595200000,0.67289,0.67374,0.67185,0.67345,12040.46
1725609600000,0.67346,0.67409,0.67299,0.67346,10114.57
1725624000000,0.67348,0.67669,0.66723,0.66752,63333.73
1725638400000,0.66751,0.66789,0.66594,0.66741,23487.5
1725652800000,0.66742,0.66744,0.66667,0.66689,3751.08
1725825600000,0.66644,0.66739,0.66634,0.66693,3270.72
1725840000000,0.66692,0.66885,0.66668,0.66808,14090.06
1725854400000,0.66806,0.66839,0.66605,0.66689,11197.29
1725868800000,0.66688,0.66691,0.66475,0.66576,8820.45
1725883200000,0.66577,0.66672,0.66479,0.66615,16648.79
1725897600000,0.66615,0.66725,0.66563,0.66583,7678.23
1725912000000,0.66581,0.66656,0.66563,0.6657,3331.46
1725926400000,0.66571,0.66612,0.66437,0.66581,11175.66
1725940800000,0.66582,0.66728,0.66565,0.66584,10011.76
1725955200000,0.66584,0.66762,0.66527,0.66631,10046.91
1725969600000,0.6663,0.66703,0.66407,0.66507,20845.1
1725984000000,0.66509,0.66615,0.66445,0.66581,13918.66
1725998400000,0.66581,0.66581,0.6644,0.66525,3968.13
1726012800000,0.66527,0.66595,0.66443,0.66511,12001.67
1726027200000,0.66512,0.66687,0.66461,0.66622,12630.05
1726041600000,0.6662,0.66736,0.66574,0.66701,11350.26
1726056000000,0.667,0.66705,0.66217,0.66493,41268.7
1726070400000,0.66495,0.66745,0.66471,0.66729,15371.51
1726084800000,0.66728,0.66789,0.66707,0.66739,4347.61
1726099200000,0.66739,0.66875,0.66707,0.66873,9798.33
1726113600000,0.66872,0.66941,0.66688,0.66693,10273.36
1726128000000,0.66693,0.66856,0.66561,0.66761,12623.17
1726142400000,0.66762,0.66983,0.66715,0.66949,25956.4
1726156800000,0.66948,0.67244,0.66943,0.6723,16005.15
1726171200000,0.67228,0.6728,0.67162,0.67256,4580.53
1726185600000,0.67255,0.67322,0.67202,0.6727,12711.35
1726200000000,0.67271,0.67282,0.67131,0.67198,11483.81
1726214400000,0.67199,0.67269,0.66919,0.66966,13960.09
1726228800000,0.66965,0.67229,0.66953,0.67111,21412.32
1726243200000,0.67111,0.67113,0.66996,0.67036,10996.41
1726257600000,0.67034,0.67053,0.67022,0.67022,3649.51
1726430400000,0.66957,0.67136,0.66955,0.67132,3548.4
1726444800000,0.67132,0.67269,0.67054,0.67267,6614.79
1726459200000,0.67265,0.67295,0.67198,0.67271,9989.13
1726473600000,0.67274,0.67475,0.6726,0.67473,11736.17
1726488000000,0.67474,0.67483,0.67313,0.67383,17565.4
1726502400000,0.67384,0.67516,0.67342,0.67512,7342.33
1726516800000,0.67513,0.67533,0.67473,0.67512,3232.45
1726531200000,0.67513,0.67535,0.67419,0.67466,8319.08
1726545600000,0.67465,0.6765,0.67411,0.67642,7810.73
1726560000000,0.6764,0.67684,0.67536,0.67631,8774.45
1726574400000,0.67631,0.67669,0.67451,0.6753,22560.63
1726588800000,0.67528,0.67604,0.67437,0.67552,13158.97
1726603200000,0.67553,0.6762,0.67516,0.676,2695.79
1726617600000,0.676,0.67731,0.67597,0.6762,7159.38
1726632000000,0.6762,0.67775,0.67488,0.67775,8734.64
1726646400000,0.67773,0.67892,0.67736,0.67857,7451.76
1726660800000,0.67861,0.67881,0.67559,0.67576,14711.52
1726675200000,0.67574,0.68198,0.6742,0.67481,65372.9
1726689600000,0.67481,0.6772,0.67467,0.67654,7142.05
1726704000000,0.67658,0.67937,0.67373,0.67927,22951.4
1726718400000,0.67929,0.68299,0.67866,0.68174,17313.55
1726732800000,0.68173,0.68389,0.68167,0.68196,14801.55
1726747200000,0.68196,0.68239,0.67859,0.68135,31323.33
1726761600000,0.68138,0.68235,0.68101,0.6817,12737.67
1726776000000,0.6817,0.68173,0.68004,0.68088,4779.7
1726790400000,0.68089,0.68271,0.68,0.68211,11143.38
1726804800000,0.6821,0.68284,0.68078,0.68131,12689.84
1726819200000,0.6813,0.68156,0.6802,0.68097,8867.84
1726833600000,0.68097,0.68227,0.67826,0.6805,29576.63
1726848000000,0.6805,0.68192,0.68027,0.68074,13315.75
1726862400000,0.68075,0.68083,0.68041,0.68057,1851.06
1727035200000,0.67956,0.68106,0.67956,0.68095,2630.73
1727049600000,0.68096,0.68311,0.68069,0.68249,8315.7
1727064000000,0.68248,0.68359,0.67999,0.68061,11839.16
1727078400000,0.68062,0.68339,0.68008,0.68324,10704.2
1727092800000,0.68323,0.68532,0.68238,0.68469,22544.32
1727107200000,0.68469,0.68492,0.68346,0.68432,9115.4
1727121600000,0.6843,0.6843,0.68288,0.68328,4561.08
1727136000000,0.68329,0.68547,0.68252,0.68467,11444.76
1727150400000,0.68466,0.68688,0.68135,0.68238,21034.42
1727164800000,0.68237,0.68509,0.68226,0.68508,11072.01
1727179200000,0.6851,0.68779,0.68509,0.68718,23582.02
1727193600000,0.68719,0.68915,0.68716,0.68912,10005.37
1727208000000,0.68915,0.69067,0.68872,0.69054,4914.41
1727222400000,0.69053,0.69077,0.68805,0.68891,15102.84
1727236800000,0.68894,0.68959,0.68724,0.68799,11663.75
1727251200000,0.68799,0.68857,0.68706,0.68768,8465.64
1727265600000,0.68769,0.6883,0.68343,0.68362,21157.66
1727280000000,0.68362,0.6837,0.68177,0.68188,13705.68
1727294400000,0.68189,0.68256,0.68176,0.68186,5041.76
1727308800000,0.68187,0.68464,0.68187,0.68456,10937.91
1727323200000,0.68455,0.68675,0.68407,0.68587,11516.41
1727337600000,0.68586,0.68871,0.68569,0.68799,11608.29
1727352000000,0.68799,0.69044,0.68621,0.68993,36647.85
1727366400000,0.68991,0.69021,0.68844,0.68948,13197.86
1727380800000,0.6895,0.68995,0.6876,0.68921,4222.96
1727395200000,0.68921,0.68941,0.68716,0.68792,11987.04
1727409600000,0.68792,0.6887,0.68675,0.68813,19749.85
1727424000000,0.68812,0.68973,0.68791,0.68938,10556.04
1727438400000,0.68937,0.69368,0.6893,0.69105,27574.23
1727452800000,0.69105,0.69136,0.68986,0.69053,12365.3
1727467200000,0.69053,0.69053,0.69,0.69009,1508.13
1727640000000,0.69022,0.692,0.68947,0.69182,3725.57
1727654400000,0.69185,0.69364,0.69136,0.69288,14493.63
1727668800000,0.69289,0.69412,0.69243,0.69298,11677.28
1727683200000,0.69297,0.69328,0.69143,0.69226,12003.63
1727697600000,0.69228,0.6941,0.69182,0.69311,21875.93
1727712000000,0.69314,0.69418,0.68982,0.69139,20636.34
1727726400000,0.69141,0.69197,0.69079,0.69148,3778.8
1727740800000,0.69147,0.69341,0.69074,0.69142,10784.02
1727755200000,0.69141,0.6933,0.69013,0.69069,12970.61
1727769600000,0.6907,0.69147,0.68941,0.69072,14132.98
1727784000000,0.69074,0.69137,0.68707,0.68852,41520.38
1727798400000,0.68851,0.68984,0.68561,0.68859,20904.24
1727812800000,0.68859,0.68873,0.68777,0.6879,4315.09
1727827200000,0.68791,0.69153,0.68782,0.69057,14024.46
1727841600000,0.69059,0.69084,0.6875,0.68956,17943.35
1727856000000,0.68956,0.69042,0.68891,0.68978,12763.72
1727870400000,0.68981,0.69022,0.68777,0.68943,23986.78
1727884800000,0.68944,0.68981,0.68786,0.68868,10996.05
1727899200000,0.68867,0.68881,0.68814,0.68837,4132.32
1727913600000,0.68837,0.68858,0.68601,0.68641,13930.45
1727928000000,0.68637,0.68759,0.68547,0.68635,13589.61
1727942400000,0.68637,0.68638,0.68402,0.68512,12680.02
1727956800000,0.68511,0.68527,0.68296,0.68418,36470.95
1727971200000,0.6842,0.68545,0.68397,0.68438,10986.86
1727985600000,0.68439,0.68504,0.68326,0.68498,4403.92
1728000000000,0.68498,0.68517,0.68419,0.68469,12621.01
1728014400000,0.68469,0.68497,0.68374,0.68435,9949.15
1728028800000,0.68436,0.68451,0.68354,0.68406,8077.33
1728043200000,0.68406,0.6843,0.67867,0.6796,39052.02
1728057600000,0.67961,0.68034,0.67851,0.68,10285.35
1728072000000,0.68,0.68,0.67922,0.67922,982.8
1728244800000,0.67869,0.68075,0.67865,0.67974,5089.93
1728259200000,0.67972,0.68083,0.67942,0.68069,16998.09
1728273600000,0.68069,0.68099,0.67889,0.67931,9665.65
1728288000000,0.67934,0.67967,0.67771,0.67931,13121.88
1728302400000,0.67933,0.67982,0.67579,0.6759,23680.35
1728316800000,0.67589,0.67664,0.67429,0.67548,16085.03
1728331200000,0.6755,0.67599,0.67496,0.67551,7137.27
1728345600000,0.6755,0.67691,0.67146,0.67323,33652.63
1728360000000,0.67324,0.6742,0.67183,0.67357,20151.54
1728374400000,0.67359,0.6742,0.67204,0.67406,12309.41
1728388800000,0.67408,0.67444,0.67213,0.67367,22853.9
1728403200000,0.67369,0.67497,0.67283,0.67483,15604.59
1728417600000,0.67485,0.67485,0.6738,0.67389,5051.05
1728432000000,0.67388,0.67478,0.67252,0.67292,29726.2
1728446400000,0.67293,0.67616,0.67225,0.67306,29079.39
1728460800000,0.67306,0.67396,0.67242,0.67279,10739.79
1728475200000,0.67276,0.67311,0.67074,0.67237,18636.18
1728489600000,0.67237,0.67238,0.67107,0.67135,9555.87
1728504000000,0.67134,0.67202,0.67109,0.6716,4331.11
1728518400000,0.6715,0.67335,0.6713,0.67322,18175.02
1728532800000,0.67323,0.67419,0.67249,0.6728,14496.12
1728547200000,0.67281,0.67291,0.67125,0.67163,7762.14
1728561600000,0.6716,0.67393,0.66993,0.67318,39851.19
1728576000000,0.67317,0.67375,0.67112,0.67371,14749.26
1728590400000,0.6737,0.67434,0.67334,0.67403,3769.35
1728604800000,0.67405,0.67491,0.67361,0.67473,10441.85
1728619200000,0.67476,0.67489,0.67256,0.67423,8162.16
1728633600000,0.67424,0.67445,0.67244,0.67299,9105.99
1728648000000,0.67302,0.67583,0.67268,0.67547,21278.71
1728662400000,0.67547,0.67588,0.6753,0.67532,4375.38
1728676800000,0.67531,0.67555,0.67481,0.67485,1322.01
1728849600000,0.67354,0.67449,0.67229,0.67301,5680.49
1728864000000,0.67301,0.67446,0.67217,0.67386,20938.54
1728878400000,0.6739,0.67433,0.67291,0.67309,9538.83
1728892800000,0.67308,0.67343,0.67135,0.67161,7716.33
1728907200000,0.6716,0.6737,0.67018,0.67226,18543.98
1728921600000,0.67227,0.67247,0.67119,0.67221,7610.31
1728936000000,0.67221,0.67272,0.67111,0.67245,2923.03
1728950400000,0.67248,0.67324,0.67156,0.6717,12401.48
1728964800000,0.67169,0.6717,0.67016,0.67073,13701.45
1728979200000,0.67073,0.67174,0.67033,0.67147,11139.06
1728993600000,0.67146,0.67257,0.67017,0.67073,21743.1
1729008000000,0.67072,0.67113,0.6699,0.67001,10353.39
1729022400000,0.67,0.67052,0.6673,0.6677,6406.69
1729036800000,0.6677,0.67005,0.66676,0.66923,17220.66
1729051200000,0.66923,0.66988,0.66831,0.66906,13096.42
1729065600000,0.66908,0.6693,0.66799,0.6685,10586.06
1729080000000,0.66851,0.66897,0.6658,0.66614,17077.6
1729094400000,0.66616,0.66674,0.66596,0.66651,6292.53
1729108800000,0.66648,0.66673,0.6657,0.66641,3391.83
1729123200000,0.6664,0.67099,0.66632,0.66861,20067.32
1729137600000,0.66864,0.66948,0.66717,0.66773,12098.82
1729152000000,0.6677,0.67011,0.66751,0.66958,8281.83
1729166400000,0.66958,0.6709,0.66794,0.67009,32048.19
1729180800000,0.67011,0.67023,0.66922,0.66947,9619.55
1729195200000,0.66946,0.67013,0.66918,0.66989,3532.08
1729209600000,0.6699,0.67179,0.66937,0.67044,14612.76
1729224000000,0.67044,0.67176,0.66977,0.67133,12754.15
1729238400000,0.67134,0.67167,0.67063,0.67114,9165.24
1729252800000,0.67115,0.6719,0.6698,0.66986,14953.86
1729267200000,0.66985,0.67101,0.66976,0.67026,7146.43
1729281600000,0.67025,0.67063,0.67018,0.6705,1624.02
1729454400000,0.6703,0.67151,0.66999,0.67134,2949.61
1729468800000,0.67136,0.6723,0.67048,0.67161,13631.01
1729483200000,0.67162,0.67174,0.66817,0.66884,11515.23
1729497600000,0.66885,0.66927,0.66795,0.66874,8191.64
1729512000000,0.66872,0.66987,0.6655,0.66583,15097.72
1729526400000,0.66582,0.66625,0.66525,0.66576,6490.2
1729540800000,0.66573,0.66592,0.66516,0.66537,3237.87
1729555200000,0.66535,0.66851,0.66504,0.66839,16464.67
1729569600000,0.66838,0.66921,0.66793,0.66813,11805.06
1729584000000,0.66811,0.66873,0.66774,0.66841,8099.56
1729598400000,0.66836,0.66947,0.66767,0.6678,15865.01
1729612800000,0.6678,0.66901,0.66755,0.66808,7902.78
1729627200000,0.66808,0.66853,0.66772,0.66812,4048.96
1729641600000,0.66812,0.6691,0.66622,0.66799,17705.64
1729656000000,0.66798,0.66807,0.66614,0.66621,11750.74
1729670400000,0.66619,0.66636,0.66349,0.66365,9416.28
1729684800000,0.66363,0.66425,0.66275,0.66307,23035.95
1729699200000,0.66305,0.66337,0.66135,0.66333,24276.38
1729713600000,0.66333,0.66368,0.66281,0.66341,5927.67
1729728000000,0.66342,0.66503,0.6629,0.66452,13856.4
1729742400000,0.66449,0.66598,0.6641,0.66563,13592.97
1729756800000,0.66562,0.66611,0.66509,0.66536,9009.76
1729771200000,0.66538,0.66576,0.66227,0.66283,22323.13
1729785600000,0.66282,0.66438,0.66206,0.66405,12529.46
1729800000000,0.66407,0.66418,0.66296,0.66341,5064.23
1729814400000,0.66342,0.66383,0.66212,0.66224,13550.55
1729828800000,0.66226,0.66301,0.66169,0.66283,10975.19
1729843200000,0.6628,0.66367,0.66245,0.66344,7743.23
1729857600000,0.66345,0.66463,0.66199,0.66203,16303.82
1729872000000,0.66202,0.66202,0.66007,0.66028,15068.29
1729886400000,0.66029,0.6605,0.6601,0.6601,2469.12
1730059200000,0.66117,0.66145,0.66007,0.66025,5260.77
1730073600000,0.66024,0.66078,0.65809,0.65823,12515.55
1730088000000,0.65821,0.66022,0.65792,0.6598,9015.78
1730102400000,0.6598,0.66099,0.65947,0.66066,8833.86
1730116800000,0.66066,0.66092,0.65852,0.6586,14932.5
1730131200000,0.65859,0.65912,0.65797,0.65828,8027.98
1730145600000,0.65827,0.65843,0.65778,0.65827,3939.75
1730160000000,0.65828,0.65844,0.65612,0.65631,15455.39
1730174400000,0.65629,0.65707,0.656,0.65644,8637.57
1730188800000,0.65646,0.65806,0.65584,0.65621,12682.77
1730203200000,0.65621,0.65725,0.65447,0.6556,24507.79
1730217600000,0.6556,0.65615,0.6549,0.65555,10505.35
1730232000000,0.65555,0.65612,0.65551,0.65579,3798.84
1730246400000,0.65577,0.65703,0.65364,0.65401,17411.32
1730260800000,0.65401,0.6561,0.65373,0.65593,12738.46
1730275200000,0.65591,0.65849,0.65591,0.65758,13737.72
1730289600000,0.65757,0.65958,0.65635,0.65816,27103.89
1730304000000,0.65815,0.65842,0.65744,0.65755,10072.43
1730318400000,0.65753,0.65774,0.65682,0.65722,5608.95
1730332800000,0.65722,0.65764,0.65636,0.65708,14103.22
1730347200000,0.65707,0.65786,0.65668,0.65756,9763.08
1730361600000,0.65759,0.65771,0.65609,0.6571,10028.62
1730376000000,0.65711,0.65764,0.65393,0.65491,29004.27
1730390400000,0.65489,0.65802,0.65486,0.65795,16526.07
1730404800000,0.65795,0.65839,0.65762,0.65763,6594.81
1730419200000,0.65761,0.65831,0.65683,0.65772,13790.98
1730433600000,0.65771,0.65796,0.65571,0.65591,12207.57
1730448000000,0.6559,0.65693,0.65556,0.65666,8202.45
1730462400000,0.65666,0.65909,0.65599,0.6582,30422.1
1730476800000,0.6582,0.65832,0.65535,0.65558,12931.5
1730491200000,0.65561,0.65597,0.65548,0.6558,1708.77
1730664000000,0.66094,0.66125,0.65841,0.65904,7422.69
1730678400000,0.65904,0.66186,0.65846,0.66137,23681.95
1730692800000,0.66138,0.6614,0.65851,0.65851,12968.77
1730707200000,0.65853,0.66045,0.65836,0.6604,11499.36
1730721600000,0.66037,0.66106,0.65892,0.65992,26095.01
1730736000000,0.65993,0.6601,0.65792,0.65867,26584
1730750400000,0.65868,0.6589,0.65771,0.65833,10500.7
1730764800000,0.65834,0.65977,0.65784,0.65846,23050.44
1730779200000,0.65846,0.66127,0.65836,0.66096,21582.11
1730793600000,0.66095,0.66259,0.66081,0.66234,12775.62
1730808000000,0.66236,0.66376,0.66209,0.66334,25491.59
1730822400000,0.66333,0.6641,0.66285,0.66345,13368.69
1730836800000,0.66344,0.66445,0.66248,0.66399,10367.2
1730851200000,0.664,0.66414,0.65119,0.65172,92771.97
1730865600000,0.65172,0.65638,0.65151,0.65482,67661.63
1730880000000,0.65482,0.65959,0.65465,0.65561,44486.28
1730894400000,0.65559,0.65798,0.65471,0.65737,53952.92
1730908800000,0.65738,0.65929,0.65625,0.65824,32829.84
1730923200000,0.65823,0.65858,0.65635,0.65664,11392.74
1730937600000,0.65663,0.66225,0.65636,0.66204,32273.49
1730952000000,0.66204,0.66371,0.66161,0.66225,27224.29
1730966400000,0.66224,0.66373,0.66206,0.66305,24887.96
1730980800000,0.66303,0.66874,0.6629,0.66853,60024.25
1730995200000,0.66852,0.66865,0.66524,0.66673,44870.03
1731009600000,0.66673,0.66847,0.66662,0.66745,21579.84
1731024000000,0.66744,0.66752,0.6645,0.66475,32102.45
1731038400000,0.66474,0.66568,0.66447,0.66516,22516.85
1731052800000,0.66515,0.66536,0.6622,0.66329,34115.81
1731067200000,0.66329,0.66334,0.65966,0.65996,41497.43
1731081600000,0.65996,0.65997,0.65578,0.65788,34718.05
1731096000000,0.65785,0.65859,0.65739,0.65811,7935.49
1731268800000,0.6579,0.65862,0.65749,0.65836,4719.41
1731283200000,0.65835,0.65979,0.65819,0.65932,27571.27
1731297600000,0.65932,0.65968,0.65743,0.65824,25169.34
1731312000000,0.65823,0.65894,0.65739,0.65849,29373.9
1731326400000,0.65853,0.65868,0.6565,0.65691,35478.28
1731340800000,0.65693,0.65753,0.65621,0.65679,21543.98
1731355200000,0.65681,0.65784,0.65679,0.65784,8572.57
1731369600000,0.65782,0.65815,0.65499,0.65514,31530.51
1731384000000,0.65515,0.65581,0.65447,0.65503,26565.15
1731398400000,0.65501,0.6554,0.65339,0.65427,24065.76
1731412800000,0.65426,0.65566,0.65337,0.65414,43292.74
1731427200000,0.65414,0.65443,0.65136,0.65309,29183.02
1731441600000,0.65309,0.65393,0.65262,0.65291,12202.26
1731456000000,0.6529,0.65391,0.65155,0.65329,29211.92
1731470400000,0.65331,0.65368,0.652,0.65216,21539.54
1731484800000,0.65215,0.65352,0.65175,0.65276,22729.53
1731499200000,0.65276,0.65455,0.64799,0.64988,66567.79
1731513600000,0.6499,0.65,0.64818,0.6484,35041.12
1731528000000,0.6484,0.64966,0.64801,0.64931,11890.84
1731542400000,0.64933,0.64954,0.64655,0.64694,31372.4
1731556800000,0.64693,0.64794,0.64591,0.64732,26521.55
1731571200000,0.64733,0.64779,0.64525,0.64673,32098.34
1731585600000,0.64672,0.64866,0.64543,0.64802,62915.71
1731600000000,0.64801,0.64879,0.64672,0.64697,28637.65
1731614400000,0.64697,0.64703,0.64401,0.64548,29090.62
1731628800000,0.64549,0.64672,0.64449,0.64625,28148.32
1731643200000,0.64625,0.64699,0.64541,0.6464,20986.5
1731657600000,0.6464,0.64785,0.64559,0.64742,24970.56
1731672000000,0.64742,0.64809,0.64424,0.64596,57437.59
1731686400000,0.64596,0.64676,0.64541,0.64552,49969.32
1731700800000,0.64555,0.64633,0.64498,0.64572,12280.86
1731873600000,0.64598,0.64644,0.64565,0.64644,4811.67
1731888000000,0.64645,0.64785,0.64605,0.64647,29301.27
1731902400000,0.64647,0.64738,0.64534,0.64562,21025.55
1731916800000,0.64564,0.64633,0.64475,0.64517,26184.67
1731931200000,0.64518,0.64866,0.64479,0.64834,32615.91
1731945600000,0.64833,0.65108,0.64828,0.65043,26774.9
1731960000000,0.65042,0.65087,0.65008,0.65052,10745.85
1731974400000,0.65053,0.65212,0.64956,0.65207,23868.73
1731988800000,0.65208,0.65235,0.65023,0.65101,22386.65
1732003200000,0.65101,0.65173,0.64818,0.64928,46424.94
1732017600000,0.64929,0.65205,0.64923,0.65201,53403.56
1732032000000,0.65202,0.65317,0.65139,0.653,26993.58
1732046400000,0.65298,0.6541,0.6524,0.65409,13025
1732060800000,0.6541,0.65439,0.65224,0.65254,24985.57
1732075200000,0.65254,0.65315,0.6519,0.65201,22434.78
1732089600000,0.652,0.65222,0.64969,0.65016,25926.91
1732104000000,0.65017,0.65112,0.64847,0.64901,33443.55
1732118400000,0.64903,0.65022,0.6484,0.64955,26326.62
1732132800000,0.64954,0.65118,0.64935,0.65112,11052.72
1732147200000,0.65113,0.65228,0.6506,0.65225,24502.52
1732161600000,0.65224,0.65233,0.65087,0.65123,26589.28
1732176000000,0.65125,0.65244,0.65058,0.65177,27731.55
1732190400000,0.65177,0.65319,0.65131,0.65148,39806.63
1732204800000,0.65148,0.652,0.64967,0.65155,41120.67
1732219200000,0.65153,0.65168,0.65075,0.6509,9528.68
1732233600000,0.6509,0.65211,0.65085,0.65115,26377.02
1732248000000,0.65115,0.6513,0.64866,0.65039,29183.41
1732262400000,0.65043,0.65183,0.64707,0.65023,51472.13
1732276800000,0.65025,0.6508,0.64907,0.64935,51834.54
1732291200000,0.64937,0.65053,0.64813,0.6497,28393.76
1732305600000,0.64969,0.65024,0.64939,0.64968,10374.14
1732478400000,0.65373,0.65482,0.65227,0.65389,9395.82
1732492800000,0.65388,0.65494,0.65215,0.65231,27028.55
1732507200000,0.65231,0.65285,0.65047,0.6506,22464.31
1732521600000,0.65063,0.65181,0.64978,0.65045,25634.39
1732536000000,0.65045,0.6527,0.64966,0.65012,40792.01
1732550400000,0.65013,0.65045,0.64867,0.65029,27734.79
1732564800000,0.65029,0.65065,0.64546,0.64629,18528.45
1732579200000,0.64629,0.64919,0.64334,0.6491,51723.24
1732593600000,0.64908,0.65018,0.64746,0.6475,24787.81
1732608000000,0.64749,0.64956,0.64737,0.64918,23520.81
1732622400000,0.64918,0.65072,0.64598,0.64656,41227.1
1732636800000,0.64657,0.6468,0.64473,0.64591,26938.7
1732651200000,0.64591,0.64777,0.64575,0.64738,12197.2
1732665600000,0.6474,0.64845,0.64587,0.648,32501.77
1732680000000,0.64799,0.64913,0.64709,0.64855,19726.82
1732694400000,0.64856,0.65003,0.64726,0.64793,27582.62
1732708800000,0.64792,0.64993,0.64735,0.64925,39159.08
1732723200000,0.64923,0.64993,0.64837,0.64958,26945.05
1732737600000,0.64958,0.65029,0.64853,0.64962,8313
1732752000000,0.64962,0.65089,0.64856,0.64877,18776.96
1732766400000,0.64877,0.6492,0.64803,0.64823,17147.25
1732780800000,0.64822,0.6505,0.64768,0.64974,24756.41
1732795200000,0.64977,0.65034,0.64899,0.64992,17614.34
1732809600000,0.64992,0.65037,0.64971,0.65021,4753.02
1732824000000,0.6502,0.65073,0.6479,0.65066,4286.93
1732838400000,0.65066,0.65206,0.65016,0.65205,29375.55
1732852800000,0.65205,0.65276,0.65101,0.65163,22743.44
1732867200000,0.65164,0.65168,0.64993,0.65072,26942.03
1732881600000,0.65073,0.65172,0.64954,0.65135,40620.88
1732896000000,0.65138,0.65261,0.65072,0.65255,41332.21
1732910400000,0.65255,0.65257,0.65068,0.65068,9055.5
1733083200000,0.651,0.65136,0.64973,0.65013,6182.64
1733097600000,0.65011,0.65065,0.64903,0.64974,30897.91
1733112000000,0.64973,0.65104,0.649,0.64962,32482.86
1733126400000,0.64961,0.65028,0.6488,0.64904,25524.3
1733140800000,0.64902,0.64945,0.64445,0.64466,35169.54
1733155200000,0.64466,0.64719,0.64425,0.64709,23605.99
1733169600000,0.64709,0.64835,0.64688,0.64743,13642.02
1733184000000,0.64741,0.64808,0.64548,0.64684,23655.76
1733198400000,0.64684,0.64862,0.64655,0.64838,21066.5
1733212800000,0.64838,0.65042,0.6483,0.64899,26105.76
1733227200000,0.649,0.64905,0.64604,0.64771,39708.52
1733241600000,0.64772,0.64935,0.64695,0.64795,26672.9
1733256000000,0.64795,0.64867,0.64779,0.64848,9223.19
1733270400000,0.64846,0.64879,0.64075,0.64143,32777.6
1733284800000,0.64144,0.64507,0.64101,0.64389,28414.95
1733299200000,0.64389,0.64397,0.64083,0.64127,26911.66
1733313600000,0.64127,0.64374,0.63988,0.64333,49828.1
1733328000000,0.64333,0.64429,0.64278,0.64352,34926.23
1733342400000,0.64354,0.6441,0.64252,0.64311,11162.16
1733356800000,0.64313,0.64364,0.6421,0.64345,19050.33
1733371200000,0.64345,0.64483,0.64305,0.64467,15443.37
1733385600000,0.64469,0.64525,0.64343,0.64385,18946.1
1733400000000,0.64385,0.64525,0.64228,0.64348,40450.5
1733414400000,0.64347,0.64543,0.64261,0.64523,24105.3
1733428800000,0.64523,0.64552,0.64439,0.64503,8668.59
1733443200000,0.64504,0.64508,0.64191,0.64353,21898.44
1733457600000,0.64351,0.64359,0.64219,0.64294,15874.09
1733472000000,0.64295,0.64316,0.64136,0.64156,15792.58
1733486400000,0.64157,0.64444,0.63833,0.63893,57387.4
1733500800000,0.63892,0.63921,0.63723,0.63846,22600.22
1733515200000,0.63846,0.63919,0.6384,0.63868,4309.5
1733688000000,0.63881,0.64015,0.63877,0.63991,4085.31
1733702400000,0.6399,0.64029,0.63837,0.63838,19498.75
1733716800000,0.63838,0.64231,0.63798,0.6423,20596.43
1733731200000,0.64231,0.64496,0.64194,0.64414,23240.52
1733745600000,0.64413,0.64708,0.64387,0.64663,32944.21
1733760000000,0.64662,0.6471,0.64401,0.64436,21427.79
1733774400000,0.64436,0.64449,0.64315,0.64369,8890.51
1733788800000,0.64372,0.64376,0.63792,0.63925,29242.03
1733803200000,0.63927,0.64043,0.63815,0.63824,28896.66
1733817600000,0.63824,0.64021,0.63805,0.63979,21101.14
1733832000000,0.6398,0.64005,0.63666,0.63689,32937.55
1733846400000,0.63689,0.63836,0.63648,0.63809,19999.88
1733860800000,0.63811,0.63831,0.6372,0.63751,9020.54
1733875200000,0.6375,0.63888,0.63684,0.63823,20017.06
1733889600000,0.63823,0.63832,0.63401,0.63495,25744.28
1733904000000,0.63493,0.63636,0.63363,0.63512,21684.21
1733918400000,0.63513,0.63764,0.63502,0.63646,46492.76
1733932800000,0.63648,0.63773,0.6362,0.63701,26446.68
1733947200000,0.63701,0.63835,0.63592,0.6383,11157.92
1733961600000,0.6382,0.64173,0.63758,0.64162,25597.78
1733976000000,0.64161,0.6429,0.6411,0.64147,22690.67
1733990400000,0.64148,0.64184,0.63959,0.64025,22883.72
1734004800000,0.64025,0.64038,0.63677,0.63803,46395.39
1734019200000,0.63802,0.63919,0.63626,0.63632,26104.23
1734033600000,0.63633,0.63719,0.6359,0.63706,8309.25
1734048000000,0.63707,0.63713,0.63539,0.63614,17320.81
1734062400000,0.63616,0.63701,0.63543,0.63685,19453.54
1734076800000,0.63684,0.63757,0.63573,0.63703,24972.38
1734091200000,0.63703,0.63833,0.63513,0.63589,32768.99
1734105600000,0.63589,0.63616,0.63527,0.63565,23824.38
1734120000000,0.63565,0.63614,0.63531,0.6357,5642.79
1734292800000,0.63502,0.63678,0.63502,0.63665,3582.82
1734307200000,0.63664,0.63736,0.63614,0.63736,18976.14
1734321600000,0.63735,0.63823,0.63655,0.63694,14976.17
1734336000000,0.63696,0.63757,0.63495,0.63529,16715.15
1734350400000,0.63531,0.63699,0.63448,0.63698,23729.11
1734364800000,0.63699,0.63766,0.63635,0.63681,18813.19
1734379200000,0.63678,0.63764,0.63627,0.6376,6980.33
1734393600000,0.63761,0.63775,0.63594,0.63612,15698.26
1734408000000,0.63612,0.63652,0.63434,0.635,13958.85
1734422400000,0.63499,0.63504,0.63363,0.63428,13180.64
1734436800000,0.63428,0.63545,0.63356,0.63412,28656.48
1734451200000,0.63412,0.63431,0.6332,0.63349,17536.75
1734465600000,0.63347,0.63389,0.63311,0.63388,5954.58
1734480000000,0.63388,0.63388,0.63166,0.63171,15780.28
1734494400000,0.63171,0.6323,0.63094,0.63144,16223.71
1734508800000,0.63143,0.6316,0.63047,0.63141,15482.04
1734523200000,0.63139,0.63267,0.6305,0.63054,24238.86
1734537600000,0.63054,0.63072,0.62389,0.62405,40510.94
1734552000000,0.62406,0.6244,0.61995,0.62045,39834.28
1734566400000,0.62043,0.62337,0.61985,0.62286,28199.21
1734580800000,0.62288,0.62392,0.62142,0.62362,25945.69
1734595200000,0.6236,0.62511,0.62321,0.6249,25962.51
1734609600000,0.62489,0.62648,0.62456,0.6253,38436.31
1734624000000,0.62528,0.62623,0.62393,0.6242,30596.8
1734638400000,0.62421,0.62451,0.6228,0.62304,11624.79
1734652800000,0.62305,0.62346,0.62145,0.62208,23005.74
1734667200000,0.62209,0.62461,0.62195,0.62457,23545.48
1734681600000,0.62458,0.62488,0.62244,0.62259,23946.65
1734696000000,0.6226,0.62559,0.62257,0.6246,43132.94
1734710400000,0.62459,0.62739,0.62435,0.62665,43511.84
1734724800000,0.62664,0.62681,0.62475,0.62476,14648.66
1734897600000,0.62558,0.62575,0.62448,0.62541,3728.45
1734912000000,0.62541,0.62593,0.62435,0.62499,13512.46
1734926400000,0.62501,0.62636,0.62463,0.62489,11598.38
1734940800000,0.62489,0.62646,0.6241,0.62438,15303.27
1734955200000,0.62439,0.62446,0.62185,0.62304,33246.86
1734969600000,0.62304,0.62505,0.62249,0.62478,26005.08
1734984000000,0.62477,0.62518,0.62376,0.62428,11226.11
1734998400000,0.62427,0.62455,0.62242,0.6237,12780.64
1735012800000,0.6237,0.62481,0.6233,0.62402,8868.48
1735027200000,0.62401,0.62444,0.62303,0.62317,9760.03
1735041600000,0.62319,0.62409,0.62262,0.62277,30122.38
1735056000000,0.62276,0.62396,0.62256,0.62354,12871.5
1735070400000,0.62366,0.62441,0.62191,0.62257,1261.99
1735084800000,0.62258,0.62319,0.62257,0.62259,137.37
1735099200000,0.62284,0.62307,0.6225,0.62305,206.61
1735156800000,0.62214,0.62462,0.62214,0.62428,2739.12
1735171200000,0.62428,0.62537,0.62378,0.62487,8719.12
1735185600000,0.62484,0.62484,0.62298,0.62365,7680.21
1735200000000,0.62366,0.6237,0.62224,0.6234,6360.99
1735214400000,0.62339,0.62339,0.62153,0.62159,32699.01
1735228800000,0.6216,0.62289,0.62153,0.62209,34538.91
1735243200000,0.6221,0.62268,0.62135,0.62225,11317.95
1735257600000,0.62225,0.62245,0.6212,0.62162,16335.48
1735272000000,0.62162,0.6222,0.62045,0.62212,15450.42
1735286400000,0.62211,0.62256,0.62049,0.62178,13356.15
1735300800000,0.62177,0.62254,0.62005,0.62123,25713.41
1735315200000,0.62125,0.62195,0.61999,0.6218,19148.52
1735329600000,0.62182,0.62183,0.62111,0.62146,6483.57
1735502400000,0.62126,0.62339,0.62105,0.62243,3550.5
1735516800000,0.62245,0.62422,0.62197,0.62418,9427.18
1735531200000,0.62417,0.62464,0.62347,0.62375,12131.24
1735545600000,0.62374,0.62426,0.62202,0.62405,12323.62
1735560000000,0.62404,0.62422,0.62015,0.62162,38590.33
1735574400000,0.62161,0.62327,0.62123,0.62241,20253.34
1735588800000,0.62231,0.62287,0.62057,0.62146,9575.36
1735603200000,0.62178,0.62311,0.621,0.62125,12205.58
1735617600000,0.6216,0.62247,0.62072,0.62208,8874.27
1735632000000,0.6221,0.62211,0.62082,0.62104,15925.08
1735646400000,0.62103,0.62111,0.61897,0.619,29180.43
1735660800000,0.61851,0.6194,0.61785,0.61892,23540.55
1735675200000,0.61884,0.61937,0.61869,0.61871,18997.81
1735689600000,0.61867,0.61867,0.61867,0.61867,0.0
1735704000000,0.61867,0.61867,0.61867,0.61867,0.0
1735718400000,0.61867,0.61867,0.61867,0.61867,0.0
1735732800000,0.61867,0.61867,0.61867,0.61867,0.0
1735747200000,0.61867,0.61867,0.61867,0.61867,0.0
1735761600000,0.61867,0.61939,0.61796,0.6193,4018.7698974609375
1735776000000,0.6193,0.62223,0.61878,0.6215,23724.929931640625
1735790400000,0.6215,0.6219,0.62033,0.62042,15405.789794921875
1735804800000,0.62043,0.62198,0.62005,0.62151,23075.3798828125
1735819200000,0.6215,0.62205,0.62033,0.62088,35016.68017578125
1735833600000,0.62091,0.62126,0.61917,0.61932,38923.35986328125
1735848000000,0.6193,0.62078,0.61919,0.62006,7755.929931640625
1735862400000,0.62007,0.6217,0.62004,0.62116,12906.420166015625
1735876800000,0.62116,0.62207,0.62017,0.62112,15186.150146484375
1735891200000,0.62112,0.62248,0.62039,0.62214,17732.449951171875
1735905600000,0.62212,0.62229,0.61975,0.62046,30238.7392578125
1735920000000,0.62045,0.62203,0.62018,0.62159,17909.99951171875
1735934400000,0.62159,0.62207,0.62125,0.62148,4218.6300048828125
1735948800000,0.62148,0.62148,0.62148,0.62148,0.0
1735963200000,0.62148,0.62148,0.62148,0.62148,0.0
1735977600000,0.62148,0.62148,0.62148,0.62148,0.0
1735992000000,0.62148,0.62148,0.62148,0.62148,0.0
1736006400000,0.62148,0.62148,0.62148,0.62148,0.0
1736020800000,0.62148,0.62148,0.62148,0.62148,0.0
1736035200000,0.62148,0.62148,0.62148,0.62148,0.0
1736049600000,0.62148,0.62148,0.62148,0.62148,0.0
1736064000000,0.62148,0.62148,0.62148,0.62148,0.0
1736078400000,0.62148,0.62148,0.62148,0.62148,0.0
1736092800000,0.62148,0.62148,0.62148,0.62148,0.0
1736107200000,0.62148,0.62243,0.6204,0.62203,3426.909912109375
1736121600000,0.62205,0.62394,0.62183,0.62225,19929.300048828125
1736136000000,0.62223,0.62358,0.62189,0.62303,12016.590087890625
1736150400000,0.62303,0.62876,0.62287,0.6285,30490.300537109375
1736164800000,0.62851,0.63018,0.62418,0.62457,64761.6484375
1736179200000,0.62457,0.62523,0.62341,0.62411,19288.42041015625
1736193600000,0.62412,0.62467,0.62354,0.62376,6366.8299560546875
1736208000000,0.62379,0.62615,0.62371,0.62603,13771.7001953125
1736222400000,0.62605,0.62748,0.62563,0.62747,15180.139892578125
1736236800000,0.62751,0.62878,0.6272,0.62762,20526.83984375
1736251200000,0.62762,0.62841,0.6239,0.62471,45984.78955078125
1736265600000,0.62471,0.62515,0.62336,0.6239,42713.8505859375
1736280000000,0.6239,0.62396,0.62268,0.62336,13443.020141601562
1736294400000,0.62336,0.62416,0.62114,0.62317,16087.2998046875
1736308800000,0.62316,0.62356,0.62223,0.62262,13472.830078125
1736323200000,0.62261,0.62315,0.61893,0.62001,23431.730224609375
1736337600000,0.62002,0.62134,0.61871,0.62081,64454.4384765625
1736352000000,0.62082,0.62189,0.62003,0.62097,27180.31982421875
1736366400000,0.62098,0.62183,0.62036,0.62105,8306.700073242188
1736380800000,0.62105,0.62125,0.61974,0.61987,13082.43994140625
1736395200000,0.61986,0.62018,0.61796,0.61812,16518.36962890625
1736409600000,0.61812,0.62027,0.61715,0.61995,19145.22998046875
1736424000000,0.61994,0.62039,0.6191,0.61916,23203.2001953125
1736438400000,0.61915,0.61987,0.6189,0.61967,9242.110107421875
1736452800000,0.6197,0.61992,0.61882,0.61893,4658.7999267578125
1736467200000,0.61893,0.62055,0.61877,0.61957,12569.58984375
1736481600000,0.61957,0.61991,0.61861,0.61927,12128.580078125
1736496000000,0.61927,0.61959,0.61807,0.61878,15858.900146484375
1736510400000,0.61876,0.6191,0.61389,0.61553,69226.07958984375
1736524800000,0.61552,0.6156,0.61403,0.61472,30739.0
1736539200000,0.61472,0.61474,0.61415,0.61426,4775.72998046875
1736553600000,0.61426,0.61426,0.61426,0.61426,0.0
1736568000000,0.61426,0.61426,0.61426,0.61426,0.0
1736582400000,0.61426,0.61426,0.61426,0.61426,0.0
1736596800000,0.61426,0.61426,0.61426,0.61426,0.0
1736611200000,0.61426,0.61426,0.61426,0.61426,0.0
1736625600000,0.61426,0.61426,0.61426,0.61426,0.0
1736640000000,0.61426,0.61426,0.61426,0.61426,0.0
1736654400000,0.61426,0.61426,0.61426,0.61426,0.0
1736668800000,0.61426,0.61426,0.61426,0.61426,0.0
1736683200000,0.61426,0.61426,0.61426,0.61426,0.0
1736697600000,0.61426,0.61426,0.61426,0.61426,0.0
1736712000000,0.61426,0.61583,0.61414,0.61531,3342.9400634765625
1736726400000,0.61531,0.61624,0.61408,0.6142,16548.920166015625
1736740800000,0.61421,0.61485,0.61306,0.61454,14263.550048828125
1736755200000,0.61453,0.61565,0.61361,0.61449,22940.52001953125
1736769600000,0.61449,0.6158,0.61394,0.61493,30665.85009765625
1736784000000,0.61495,0.61617,0.6145,0.61544,19112.009765625
1736798400000,0.61543,0.62025,0.61538,0.61904,12271.859741210938
1736812800000,0.61906,0.61923,0.61788,0.61861,19124.759765625
1736827200000,0.61859,0.61969,0.61808,0.61965,17170.870361328125
1736841600000,0.61966,0.62069,0.61799,0.61799,19475.250244140625
1736856000000,0.618,0.6197,0.61656,0.61953,38830.83984375
1736870400000,0.61951,0.61984,0.61768,0.6186,21741.290283203125
1736884800000,0.61861,0.61955,0.61836,0.61905,7123.419921875
1736899200000,0.61903,0.61942,0.61808,0.61935,11164.97998046875
1736913600000,0.61933,0.6205,0.61854,0.62026,12535.699829101562
1736928000000,0.62028,0.62113,0.61948,0.62023,15540.3701171875
1736942400000,0.62023,0.62461,0.61938,0.62257,41696.45947265625
1736956800000,0.62256,0.62285,0.62084,0.62278,24512.9296875
1736971200000,0.62277,0.62359,0.62139,0.62349,8137.810119628906
1736985600000,0.62349,0.62456,0.62081,0.62101,21717.89013671875
1737000000000,0.62103,0.6219,0.61949,0.6217,16311.599853515625
1737014400000,0.62171,0.62195,0.62087,0.62121,14718.009521484375
1737028800000,0.62121,0.62241,0.61916,0.62193,44651.138671875
1737043200000,0.62193,0.62285,0.62102,0.62118,31117.24951171875
1737057600000,0.62117,0.62133,0.62055,0.62093,6480.97998046875
1737072000000,0.62093,0.6219,0.62062,0.62126,11800.5498046875
1737086400000,0.62128,0.62129,0.61948,0.62074,12912.360107421875
1737100800000,0.62075,0.62135,0.61952,0.61973,15800.719970703125
1737115200000,0.61973,0.62268,0.61637,0.6218,41044.99951171875
1737129600000,0.62181,0.62194,0.61949,0.61985,18030.749755859375
1737144000000,0.61986,0.62,0.61894,0.61896,5859.719970703125
1737158400000,0.61896,0.61896,0.61896,0.61896,0.0
1737172800000,0.61896,0.61896,0.61896,0.61896,0.0
1737187200000,0.61896,0.61896,0.61896,0.61896,0.0
1737201600000,0.61896,0.61896,0.61896,0.61896,0.0
1737216000000,0.61896,0.61896,0.61896,0.61896,0.0
1737230400000,0.61896,0.61896,0.61896,0.61896,0.0
1737244800000,0.61896,0.61896,0.61896,0.61896,0.0
1737259200000,0.61896,0.61896,0.61896,0.61896,0.0
1737273600000,0.61896,0.61896,0.61896,0.61896,0.0
1737288000000,0.61896,0.61896,0.61896,0.61896,0.0
1737302400000,0.61896,0.61896,0.61896,0.61896,0.0
1737316800000,0.61896,0.61997,0.61893,0.6197,2892.39990234375
1737331200000,0.6197,0.6217,0.61964,0.62169,15419.739990234375
1737345600000,0.62169,0.62222,0.62017,0.62214,11999.780029296875
1737360000000,0.62213,0.62219,0.61965,0.62041,14472.009765625
1737374400000,0.62042,0.62862,0.61992,0.6257,51948.299560546875
1737388800000,0.6257,0.62773,0.62313,0.62733,15929.729858398438
1737403200000,0.62732,0.62841,0.62643,0.62798,12650.25
1737417600000,0.62799,0.62885,0.62077,0.62481,48492.2197265625
1737432000000,0.62481,0.62552,0.6229,0.62356,14718.320068359375
1737446400000,0.62355,0.62387,0.62139,0.62187,23206.33056640625
1737460800000,0.62186,0.62614,0.62151,0.6258,41767.0205078125
1737475200000,0.6258,0.62751,0.62562,0.62649,25727.899658203125
1737489600000,0.62646,0.62756,0.62544,0.62614,14095.980102539062
1737504000000,0.62614,0.62768,0.62606,0.6264,14764.580078125
1737518400000,0.62639,0.62686,0.62524,0.62581,14194.2197265625
1737532800000,0.62581,0.62951,0.62581,0.62828,24161.99951171875
1737547200000,0.62828,0.62906,0.62658,0.62717,33257.3095703125
1737561600000,0.62717,0.62813,0.62636,0.62777,17480.129638671875
1737576000000,0.62778,0.62803,0.62653,0.62724,7673.7501220703125
1737590400000,0.62723,0.62815,0.62671,0.6273,15609.0400390625
1737604800000,0.6273,0.62762,0.62607,0.62668,12095.589721679688
1737619200000,0.62668,0.62716,0.62549,0.62644,17553.280029296875
1737633600000,0.62645,0.62784,0.62592,0.6272,28798.240234375
1737648000000,0.62721,0.62993,0.62546,0.62881,31575.650390625
1737662400000,0.62879,0.62923,0.62815,0.62823,6608.2100830078125
1737676800000,0.62823,0.63206,0.62781,0.63186,23685.95068359375
1737691200000,0.63184,0.63299,0.63115,0.63138,22308.96044921875
1737705600000,0.63138,0.63303,0.63117,0.63135,26083.60009765625
1737720000000,0.63134,0.6324,0.63013,0.6323,35500.599609375
1737734400000,0.6323,0.63261,0.63111,0.63137,23054.83984375
1737748800000,0.63137,0.63154,0.63095,0.63097,6156.340087890625
1737763200000,0.63097,0.63097,0.63097,0.63097,0.0
1737777600000,0.63097,0.63097,0.63097,0.63097,0.0
1737792000000,0.63097,0.63097,0.63097,0.63097,0.0
1737806400000,0.63097,0.63097,0.63097,0.63097,0.0
1737820800000,0.63097,0.63097,0.63097,0.63097,0.0
1737835200000,0.63097,0.63097,0.63097,0.63097,0.0
1737849600000,0.63097,0.63097,0.63097,0.63097,0.0
1737864000000,0.63097,0.63097,0.63097,0.63097,0.0
1737878400000,0.63097,0.63097,0.63097,0.63097,0.0
1737892800000,0.63097,0.63097,0.63097,0.63097,0.0
1737907200000,0.63097,0.63097,0.63097,0.63097,0.0
1737921600000,0.63097,0.63097,0.62905,0.6293,3678.0300903320312
1737936000000,0.62932,0.63016,0.62823,0.62955,19196.4599609375
1737950400000,0.62958,0.62971,0.62778,0.62779,15653.540283203125
1737964800000,0.62778,0.63025,0.62766,0.62991,38629.14990234375
1737979200000,0.62992,0.63074,0.6275,0.62842,48228.3994140625
1737993600000,0.62842,0.62844,0.62744,0.62837,25128.81005859375
1738008000000,0.62838,0.62954,0.62563,0.62591,17390.749267578125
1738022400000,0.62591,0.62737,0.62512,0.62512,21173.719970703125
1738036800000,0.62513,0.62578,0.62455,0.62514,12026.820068359375
1738051200000,0.62515,0.62569,0.62428,0.62467,17810.070556640625
1738065600000,0.62466,0.62544,0.62363,0.62436,26645.64990234375
1738080000000,0.62435,0.62554,0.62416,0.62538,18618.869873046875
1738094400000,0.6254,0.62558,0.62444,0.62509,6001.389953613281
1738108800000,0.6251,0.62553,0.62261,0.62335,12374.35009765625
1738123200000,0.62334,0.62492,0.62331,0.62361,10389.820190429688
1738137600000,0.62364,0.62404,0.62225,0.62258,17031.06982421875
1738152000000,0.62259,0.62285,0.62097,0.62265,28749.1796875
1738166400000,0.62267,0.62378,0.62131,0.6231,43116.48974609375
1738180800000,0.62309,0.62402,0.62152,0.62388,24972.480834960938
1738195200000,0.62388,0.62429,0.62302,0.62313,7634.419921875
1738209600000,0.62312,0.62329,0.62147,0.62223,9198.300048828125
1738224000000,0.62224,0.62343,0.62217,0.62262,18849.4599609375
1738238400000,0.62262,0.62389,0.6221,0.62328,36935.19921875
1738252800000,0.62327,0.62387,0.6224,0.62372,15890.7900390625
1738267200000,0.62372,0.62396,0.61984,0.62137,22209.970336914062
1738281600000,0.62135,0.6224,0.62034,0.62195,13028.139892578125
1738296000000,0.62196,0.6235,0.62168,0.6234,12022.379638671875
1738310400000,0.62339,0.62366,0.62095,0.62121,20749.250244140625
1738324800000,0.62121,0.6239,0.62101,0.62371,31814.169921875
1738339200000,0.62371,0.62621,0.62071,0.62143,48747.14990234375
1738353600000,0.62144,0.62215,0.62055,0.62058,20204.0703125
1738368000000,0.62058,0.62058,0.62058,0.62058,0.0
1738382400000,0.62058,0.62058,0.62058,0.62058,0.0
1738396800000,0.62058,0.62058,0.62058,0.62058,0.0
1738411200000,0.62058,0.62058,0.62058,0.62058,0.0
1738425600000,0.62058,0.62058,0.62058,0.62058,0.0
1738440000000,0.62058,0.62058,0.62058,0.62058,0.0
1738526400000,0.61611,0.61656,0.61369,0.61411,13545.21
1738540800000,0.61411,0.61527,0.60873,0.60976,39582.45
1738555200000,0.60975,0.61427,0.6097,0.61345,25246.23
1738569600000,0.61347,0.61492,0.61328,0.61476,23926.53
1738584000000,0.61476,0.6196,0.61397,0.61945,61469.49
1738598400000,0.61944,0.61973,0.61651,0.61821,42762.28
1738612800000,0.61822,0.62367,0.61813,0.6217,21565.57
1738627200000,0.62169,0.62214,0.61987,0.6202,14029.07
1738641600000,0.6202,0.62077,0.61702,0.62062,22146.17
1738656000000,0.62065,0.62153,0.61975,0.6206,20685.42
1738670400000,0.62061,0.62531,0.62041,0.6248,28344.22
1738684800000,0.6248,0.62609,0.6243,0.62593,19322.4
1738699200000,0.62596,0.62615,0.62485,0.62529,7846.48
1738713600000,0.62491,0.62599,0.62397,0.62499,15530.65
1738728000000,0.62501,0.62727,0.62454,0.62694,12150.27
1738742400000,0.62692,0.62897,0.6268,0.62813,19735.87
1738756800000,0.62814,0.62957,0.62743,0.62935,28501.67
1738771200000,0.62933,0.62964,0.62839,0.62852,13133.96
1738785600000,0.6285,0.62874,0.62802,0.62833,6169.42
1738800000000,0.62833,0.62876,0.6261,0.62637,12586.58
1738814400000,0.62637,0.62717,0.62609,0.62624,8818.73
1738828800000,0.62624,0.62678,0.62547,0.62646,15143.16
1738843200000,0.62645,0.62806,0.6257,0.62791,23137.03
1738857600000,0.62792,0.62874,0.62747,0.62799,12874.17
1738872000000,0.62799,0.62854,0.6258,0.62808,4696.15
1738886400000,0.62807,0.62952,0.62801,0.62867,9751.7
1738900800000,0.62868,0.62894,0.62778,0.62864,8367.11
1738915200000,0.62861,0.62973,0.62806,0.62817,10121.58
1738929600000,0.62818,0.63004,0.62577,0.62748,41347.01
1738944000000,0.62747,0.62784,0.62525,0.62723,42570.37
1738958400000,0.62724,0.62739,0.62655,0.62696,6290.31
1739131200000,0.62326,0.62605,0.62326,0.62574,5991.23
1739145600000,0.62573,0.62684,0.6252,0.62676,13479.99
1739160000000,0.62676,0.62794,0.62675,0.62725,10049.48
1739174400000,0.62725,0.62836,0.62666,0.62732,14958.62
1739188800000,0.62731,0.62869,0.62678,0.62838,16041.88
1739203200000,0.62837,0.62855,0.62729,0.62791,11964.82
1739217600000,0.6279,0.62829,0.62638,0.62695,10083.26
1739232000000,0.62697,0.62745,0.62599,0.62686,9462.04
1739246400000,0.62687,0.62831,0.62687,0.62792,12387.88
1739260800000,0.62793,0.62866,0.62688,0.62735,15131.92
1739275200000,0.62736,0.62892,0.62704,0.62875,19899.94
1739289600000,0.62874,0.63015,0.62859,0.62928,12947.79
1739304000000,0.62931,0.62989,0.62884,0.62961,6197.9
1739318400000,0.62963,0.63089,0.62878,0.62988,11376
1739332800000,0.62989,0.63002,0.62864,0.62877,10543.83
1739347200000,0.62879,0.62913,0.62719,0.62782,14437.8
1739361600000,0.62783,0.62798,0.62347,0.62742,34801.66
1739376000000,0.62743,0.63055,0.62604,0.62855,25026.31
1739390400000,0.62857,0.62888,0.6275,0.62812,6190.62
1739404800000,0.62815,0.62905,0.62735,0.62891,12899.47
1739419200000,0.62889,0.62987,0.62803,0.62832,14927.15
1739433600000,0.62833,0.62835,0.62578,0.62628,15474.81
1739448000000,0.62628,0.62975,0.62544,0.62971,32010.17
1739462400000,0.62971,0.63084,0.62694,0.63018,29343.05
1739476800000,0.63018,0.63224,0.63005,0.6316,9111.59
1739491200000,0.63159,0.63273,0.631,0.63223,13800.17
1739505600000,0.63223,0.63312,0.63153,0.63279,13608.64
1739520000000,0.6328,0.63449,0.63277,0.6339,18103.63
1739534400000,0.63392,0.63672,0.63342,0.63619,28323.14
1739548800000,0.63618,0.63646,0.63529,0.63581,10745.84
1739563200000,0.63579,0.63579,0.63475,0.63475,3881.67
1739736000000,0.63444,0.63562,0.63444,0.6356,3678.46
1739750400000,0.63559,0.63718,0.63531,0.63647,13898.29
1739764800000,0.63645,0.63734,0.63604,0.63619,12371.97
1739779200000,0.63619,0.63673,0.63567,0.63655,12701.01
1739793600000,0.63656,0.63689,0.63603,0.63647,7494.89
1739808000000,0.63646,0.63686,0.63539,0.63586,4682.99
1739822400000,0.63585,0.6361,0.63484,0.63549,3587.15
1739836800000,0.63548,0.63673,0.63338,0.63497,16013.74
1739851200000,0.63496,0.63644,0.63399,0.63545,12654.1
1739865600000,0.63545,0.63622,0.63533,0.6357,9377.9
1739880000000,0.6357,0.63589,0.63408,0.63515,15810.73
1739894400000,0.63515,0.63538,0.63435,0.63485,8292.12
1739908800000,0.63485,0.63554,0.63448,0.63518,5060.42
1739923200000,0.63517,0.63657,0.63416,0.63617,13890.24
1739937600000,0.63617,0.63696,0.63572,0.63628,9775.06
1739952000000,0.63627,0.63645,0.63442,0.63476,10014.53
1739966400000,0.63475,0.63654,0.63441,0.63488,17822.57
1739980800000,0.63491,0.63517,0.63362,0.63478,12287.28
1739995200000,0.63479,0.63491,0.63376,0.6343,5293.51
1740009600000,0.63403,0.63609,0.63273,0.63585,19506.11
1740024000000,0.63584,0.63706,0.63571,0.63646,13041.03
1740038400000,0.63646,0.63807,0.63642,0.63701,13208.1
1740052800000,0.637,0.63952,0.6369,0.63943,27207.86
1740067200000,0.63942,0.64035,0.63904,0.64024,13602.54
1740081600000,0.64024,0.6408,0.63915,0.6402,5807.42
1740096000000,0.6402,0.64075,0.63909,0.64007,14496.88
1740110400000,0.6401,0.64024,0.63844,0.63896,13669.19
1740124800000,0.63897,0.63926,0.63809,0.6387,15210.24
1740139200000,0.6387,0.63917,0.63698,0.63742,22818.55
1740153600000,0.6374,0.63769,0.63513,0.63535,18914.05
1740168000000,0.63533,0.6358,0.63529,0.63534,5138.84
1740340800000,0.63603,0.63737,0.63582,0.63684,4892.42
1740355200000,0.63685,0.63916,0.63608,0.6383,22055.17
1740369600000,0.6383,0.63838,0.6366,0.63709,12646.76
1740384000000,0.63709,0.63734,0.636,0.63662,17339.72
1740398400000,0.6366,0.63714,0.63437,0.63537,24292.03
1740412800000,0.63535,0.63648,0.63512,0.63565,15078.48
1740427200000,0.63566,0.6358,0.6336,0.63382,8859.25
1740441600000,0.63381,0.6356,0.6337,0.63515,13800.71
1740456000000,0.63515,0.63559,0.63365,0.63368,11826.76
1740470400000,0.63369,0.6345,0.63254,0.63444,17344.89
1740484800000,0.63444,0.63513,0.63251,0.63329,29574.16
1740499200000,0.63328,0.63454,0.63216,0.63417,23258.82
1740513600000,0.63419,0.63531,0.6334,0.63509,9187.69
1740528000000,0.63508,0.63522,0.63232,0.63262,15183.84
1740542400000,0.6326,0.63389,0.63196,0.63266,13059.05
1740556800000,0.63264,0.63342,0.63114,0.63134,17467.6
1740571200000,0.63132,0.63193,0.62991,0.63156,25442.56
1740585600000,0.63158,0.63348,0.63017,0.63079,30899.3
1740600000000,0.63079,0.63141,0.62953,0.63086,8814.31
1740614400000,0.63089,0.63096,0.62906,0.62924,15968.47
1740628800000,0.62926,0.63033,0.6285,0.62971,13262.61
1740643200000,0.62971,0.63041,0.62946,0.62989,15416.62
1740657600000,0.62987,0.63034,0.62495,0.62551,41780.51
1740672000000,0.62551,0.62574,0.62398,0.62423,20717.94
1740686400000,0.62424,0.62432,0.623,0.62316,8599.35
1740700800000,0.62311,0.62374,0.62096,0.62111,18653.15
1740715200000,0.62114,0.6217,0.62083,0.62126,15994.77
1740729600000,0.62124,0.62199,0.62108,0.6213,15198
1740744000000,0.62179,0.62216,0.62057,0.62181,26654.23
1740758400000,0.6218,0.62184,0.61922,0.61974,30863.64
1740772800000,0.61975,0.62087,0.61962,0.62025,7673.91
1740945600000,0.62135,0.62234,0.62077,0.62195,4533.5
1740960000000,0.62194,0.62302,0.62101,0.62174,16173.06
1740974400000,0.62174,0.62228,0.62082,0.62168,13198.97
1740988800000,0.62168,0.62265,0.62102,0.62221,18137.48
1741003200000,0.62219,0.62541,0.62219,0.62404,30010.89
1741017600000,0.62402,0.62505,0.622,0.62217,25596.25
1741032000000,0.62217,0.62267,0.62034,0.62152,20986.14
1741046400000,0.62153,0.62191,0.61969,0.61993,25745.85
1741060800000,0.61993,0.62128,0.61867,0.62055,24527.26
1741075200000,0.62055,0.62372,0.61977,0.62361,29279.88
1741089600000,0.62363,0.62438,0.6196,0.62061,46577.76
1741104000000,0.62061,0.62464,0.61982,0.62455,46503.12
1741118400000,0.62456,0.62792,0.62456,0.62675,23073.06
1741132800000,0.62674,0.62675,0.62335,0.62501,25289.47
1741147200000,0.62501,0.62791,0.62465,0.62722,20841.15
1741161600000,0.6272,0.62904,0.62673,0.62789,27220.73
1741176000000,0.6279,0.63206,0.62696,0.63052,52554.74
1741190400000,0.63051,0.6341,0.63006,0.63386,43038.32
1741204800000,0.63385,0.63418,0.63215,0.63361,8877.18
1741219200000,0.63362,0.63563,0.63288,0.63388,19978.26
1741233600000,0.63388,0.63486,0.63313,0.63318,19167.2
1741248000000,0.63316,0.63442,0.63221,0.63344,31824.67
1741262400000,0.63345,0.63558,0.63287,0.63503,43332.62
1741276800000,0.63502,0.63634,0.63289,0.6335,37501.69
1741291200000,0.63351,0.63393,0.63199,0.63312,13237.71
1741305600000,0.63312,0.63369,0.62999,0.63022,14699.84
1741320000000,0.63021,0.63121,0.62963,0.63087,12995.54
1741334400000,0.63089,0.63212,0.62935,0.62949,20442.72
1741348800000,0.62956,0.63164,0.62815,0.63124,48390.81
1741363200000,0.63124,0.63128,0.62836,0.63081,32909.51
1741377600000,0.63079,0.63123,0.63031,0.63031,5709.86
1741550400000,0.63068,0.63114,0.62951,0.63025,7815.82
1741564800000,0.63027,0.63196,0.62994,0.63047,16367.77
1741579200000,0.63044,0.63233,0.6304,0.63221,14323.05
1741593600000,0.63222,0.63291,0.63099,0.63241,33111.62
1741608000000,0.63241,0.63305,0.63025,0.6306,37246.97
1741622400000,0.63059,0.63074,0.62639,0.62817,21832.82
1741636800000,0.62819,0.62844,0.62705,0.62797,6782.12
1741651200000,0.62799,0.62878,0.62584,0.62736,22631.46
1741665600000,0.62734,0.62883,0.62622,0.62846,19426.27
1741680000000,0.62845,0.62969,0.6279,0.62894,22206.36
1741694400000,0.62893,0.62977,0.62653,0.62839,42677.02
1741708800000,0.62838,0.63113,0.62765,0.62978,32566.04
1741723200000,0.62979,0.62991,0.62823,0.62948,6987.58
1741737600000,0.62949,0.62974,0.62826,0.62833,13543.85
1741752000000,0.62834,0.62939,0.62761,0.62874,12582.06
1741766400000,0.62875,0.63005,0.62852,0.62861,21746.52
1741780800000,0.62862,0.63207,0.62775,0.6305,41872.48
1741795200000,0.63049,0.6319,0.63041,0.6316,18514.66
1741809600000,0.63163,0.63282,0.63153,0.6328,4390
1741824000000,0.63279,0.63334,0.63138,0.63138,10006.17
1741838400000,0.63135,0.63168,0.62875,0.62947,14682.16
1741852800000,0.62946,0.63001,0.62832,0.62863,19680.99
1741867200000,0.62861,0.63048,0.62687,0.62869,32871.28
1741881600000,0.6287,0.62953,0.62753,0.62831,16451.78
1741896000000,0.62831,0.62889,0.62779,0.62857,4520.22
1741910400000,0.62856,0.62925,0.62773,0.62914,17425.02
1741924800000,0.62913,0.63054,0.62871,0.63033,18058.44
1741939200000,0.63033,0.63103,0.62977,0.63053,18414.97
1741953600000,0.63053,0.63252,0.6305,0.63165,24690.64
1741968000000,0.63165,0.63271,0.63147,0.63259,9951.8
1741982400000,0.63254,0.63309,0.63207,0.63207,1972.53
1742155200000,0.63195,0.63334,0.6315,0.63249,4437.55
1742169600000,0.63249,0.63378,0.63213,0.63279,12267.3
1742184000000,0.63278,0.63384,0.63207,0.63375,13116.71
1742198400000,0.63376,0.63534,0.63356,0.635,16435.13
1742212800000,0.63501,0.63742,0.63415,0.63728,23100.11
1742227200000,0.63728,0.63905,0.6371,0.63857,12275.74
1742241600000,0.63858,0.63874,0.63801,0.63803,5520.77
1742256000000,0.63802,0.63879,0.63667,0.63689,12163.78
1742270400000,0.63689,0.63854,0.63662,0.63799,12637.74
1742284800000,0.63799,0.63905,0.63646,0.63676,17077.37
1742299200000,0.63678,0.63723,0.63435,0.63541,25088.46
1742313600000,0.6354,0.63637,0.63525,0.63618,17911.3
1742328000000,0.63619,0.63631,0.6356,0.6361,8618.52
1742342400000,0.63611,0.63661,0.63569,0.6359,9327.32
1742356800000,0.63592,0.63604,0.63265,0.63304,14091.86
1742371200000,0.63303,0.63402,0.6321,0.63354,17239.07
1742385600000,0.63352,0.63389,0.63223,0.63296,16400.21
1742400000000,0.63295,0.63628,0.6319,0.63495,32845.05
1742414400000,0.63494,0.63634,0.6349,0.63628,5152.52
1742428800000,0.63627,0.63631,0.6328,0.63444,17292.26
1742443200000,0.63443,0.63473,0.63127,0.63204,13298.46
1742457600000,0.63205,0.63235,0.62824,0.62869,18740.79
1742472000000,0.62869,0.62991,0.62707,0.6299,21304.77
1742486400000,0.62989,0.63056,0.62895,0.63045,10267.81
1742500800000,0.63045,0.63051,0.62964,0.63017,4812.81
1742515200000,0.63017,0.63057,0.62856,0.62915,11137.37
1742529600000,0.62916,0.63001,0.62839,0.62948,10937.28
1742544000000,0.62949,0.62982,0.62835,0.62919,12984.65
1742558400000,0.6292,0.6298,0.62575,0.6263,21097.94
1742572800000,0.62631,0.62788,0.62597,0.62745,12265.5
1742587200000,0.62746,0.62746,0.62675,0.62676,1780.26
1742760000000,0.62664,0.62884,0.62663,0.62884,7743.95
1742774400000,0.62885,0.62945,0.62749,0.62763,13376.45
1742788800000,0.62764,0.62945,0.62721,0.62911,9851.98
1742803200000,0.62912,0.63048,0.62911,0.6292,13279.68
1742817600000,0.6292,0.62973,0.6278,0.62782,20481.8
1742832000000,0.62781,0.62881,0.62672,0.62823,17677.83
1742846400000,0.6282,0.62873,0.62791,0.62862,5965.69
1742860800000,0.62861,0.62944,0.62797,0.62884,12960.74
1742875200000,0.62884,0.62926,0.62788,0.62829,9241.69
1742889600000,0.62827,0.63224,0.62781,0.63172,16904.85
1742904000000,0.63174,0.6325,0.63035,0.63067,21060.29
1742918400000,0.63069,0.63099,0.62956,0.63004,9026.19
1742932800000,0.63004,0.63064,0.62928,0.63064,4576.76
1742947200000,0.63062,0.63106,0.6278,0.63082,13984.22
1742961600000,0.63082,0.63231,0.63043,0.63181,12915.33
1742976000000,0.63181,0.63301,0.63136,0.63204,14661.78
1742990400000,0.63204,0.63209,0.62981,0.63044,24764.94
1743004800000,0.63046,0.63076,0.62833,0.629,16469.6
1743019200000,0.629,0.63,0.62785,0.62858,7934.96
1743033600000,0.62858,0.63131,0.62853,0.63083,13841.17
1743048000000,0.63084,0.63178,0.62983,0.63048,15949.78
1743062400000,0.63047,0.63175,0.63018,0.63136,15635.53
1743076800000,0.63137,0.63157,0.62941,0.63064,23606.1
1743091200000,0.63063,0.63125,0.6298,0.63008,11802.03
1743105600000,0.63007,0.63063,0.62957,0.63005,3692.66
1743120000000,0.63005,0.63005,0.62806,0.62826,11861.45
1743134400000,0.62828,0.62971,0.62804,0.62927,10039.04
1743148800000,0.62927,0.62998,0.62896,0.62925,12353.83
1743163200000,0.62924,0.63117,0.6289,0.62978,27328.9
1743177600000,0.62977,0.63003,0.62834,0.62868,11528.69
1743192000000,0.62869,0.62899,0.62824,0.62829,1657.14
1743364800000,0.62843,0.62905,0.62686,0.62819,7271.55
1743379200000,0.62819,0.62999,0.62776,0.62802,19850.97
1743393600000,0.628,0.62898,0.62665,0.62688,17991.17
1743408000000,0.62687,0.62693,0.62426,0.62497,15331.47
1743422400000,0.62497,0.62497,0.62183,0.6234,28007.67
1743436800000,0.6234,0.62531,0.62335,0.62488,14936.78
1743451200000,0.62489,0.6249,0.62376,0.62395,4942.25
1743465600000,0.62391,0.62641,0.62314,0.62479,17295.14
1743480000000,0.62478,0.62684,0.62424,0.6247,18351.53
1743494400000,0.62472,0.62618,0.62445,0.62488,17789.5
1743508800000,0.62487,0.62828,0.62482,0.62773,29555.36
1743523200000,0.62773,0.628,0.62626,0.62774,13440.43
1743537600000,0.62774,0.62902,0.62721,0.62875,5970.47
1743552000000,0.62876,0.63015,0.62729,0.62981,14215.07
1743566400000,0.6298,0.63063,0.62914,0.63029,12450.05
1743580800000,0.6303,0.63136,0.6299,0.63056,13968.67
1743595200000,0.63057,0.63074,0.62923,0.62993,21873.33
1743609600000,0.62992,0.63039,0.62891,0.62962,11974.71
1743624000000,0.62962,0.63403,0.62255,0.62633,43687.51
1743638400000,0.62632,0.62869,0.62554,0.62724,42369.7
1743652800000,0.62722,0.63129,0.62642,0.63058,34470.73
1743667200000,0.63057,0.63646,0.63054,0.63591,38439.06
1743681600000,0.63593,0.63887,0.63438,0.63495,49443.08
1743696000000,0.63492,0.63582,0.63164,0.63174,19140.11
1743710400000,0.63173,0.63308,0.63151,0.63253,8902.66
1743724800000,0.63252,0.63314,0.62464,0.62538,29330.26
1743739200000,0.62538,0.6255,0.62096,0.62118,34568.84
1743753600000,0.62119,0.62168,0.60493,0.61124,78936.9
1743768000000,0.61128,0.61383,0.60106,0.60417,107119.33
1743782400000,0.60418,0.60629,0.59862,0.60372,65307.7
1743796800000,0.60373,0.60446,0.60273,0.60372,6003.43
1743969600000,0.59919,0.60096,0.59319,0.59861,42224.54
1743984000000,0.59862,0.60277,0.59554,0.60229,80041.23
1743998400000,0.6023,0.60606,0.59955,0.60081,65881.08
1744012800000,0.60082,0.60603,0.59882,0.60377,71650.95
1744027200000,0.60377,0.61267,0.59582,0.59789,125569.72
1744041600000,0.59787,0.60051,0.59439,0.59762,79377.08
1744056000000,0.59764,0.60052,0.5972,0.59963,11620.98
1744070400000,0.59966,0.60334,0.59767,0.6029,44327.28
1744084800000,0.60284,0.60745,0.60277,0.60502,47256.22
1744099200000,0.60499,0.60672,0.60318,0.60539,43579.87
1744113600000,0.60541,0.60848,0.60052,0.60137,64207.98
1744128000000,0.60136,0.60169,0.59507,0.59613,71255.77
1744142400000,0.59612,0.59685,0.59394,0.59525,16311.09
1744156800000,0.59525,0.60027,0.59132,0.5964,59121.14
1744171200000,0.59639,0.60272,0.5951,0.60264,77729.99
1744185600000,0.60264,0.60463,0.59857,0.60007,60705.38
1744200000000,0.60007,0.60579,0.59916,0.60018,70576.6
1744214400000,0.60022,0.61751,0.59986,0.61441,79315.89
1744228800000,0.61442,0.61711,0.61315,0.61327,20990.41
1744243200000,0.61323,0.61775,0.61152,0.61747,52100.21
1744257600000,0.61752,0.62033,0.61427,0.61628,47480.25
1744272000000,0.61627,0.61929,0.61353,0.61843,49150.23
1744286400000,0.61844,0.62483,0.61736,0.61909,80227.29
1744300800000,0.61911,0.6249,0.61695,0.62191,83757.7
1744315200000,0.62186,0.62374,0.6212,0.62225,19164.66
1744329600000,0.62225,0.62583,0.62034,0.62423,81807.02
1744344000000,0.62421,0.62437,0.61807,0.6224,60754.25
1744358400000,0.62238,0.62452,0.62004,0.62393,65459.64
1744372800000,0.62391,0.62875,0.6222,0.62429,89699.94
1744387200000,0.62426,0.63003,0.62261,0.62918,44461.84
1744401600000,0.62917,0.62952,0.62821,0.62865,4416.94
1744574400000,0.6303,0.63055,0.62777,0.63002,15089.01
1744588800000,0.63003,0.63136,0.62851,0.62885,43244.74
1744603200000,0.62886,0.63313,0.62863,0.63242,26623.91
1744617600000,0.63244,0.63423,0.63065,0.63113,23520.47
1744632000000,0.63113,0.63337,0.62747,0.63097,48326.85
1744646400000,0.63096,0.63405,0.63074,0.63334,32721.6
1744660800000,0.63334,0.63339,0.63077,0.63184,8654.03
1744675200000,0.63183,0.63548,0.63183,0.63529,20752.36
1744689600000,0.63529,0.63772,0.63463,0.63657,24281.98
1744704000000,0.63658,0.63665,0.63439,0.63592,22607.45
1744718400000,0.63593,0.63826,0.63528,0.63559,38129.59
1744732800000,0.6356,0.63632,0.63407,0.63443,17975.24
1744747200000,0.63444,0.63492,0.63215,0.63372,9277.03
1744761600000,0.6337,0.63573,0.63304,0.63461,25858.12
1744776000000,0.63464,0.63559,0.63402,0.63494,26386.68
1744790400000,0.63495,0.63782,0.63423,0.63728,26877.18
1744804800000,0.63729,0.63911,0.63582,0.63866,33336.94
1744819200000,0.63865,0.63893,0.63569,0.63689,24376.29
1744833600000,0.6369,0.63763,0.63636,0.63685,7676.25
1744848000000,0.63686,0.63723,0.63514,0.63514,21891.02
1744862400000,0.63517,0.63557,0.63327,0.63501,18959.47
1744876800000,0.63502,0.63627,0.63479,0.63591,14913.74
1744891200000,0.63591,0.63906,0.63586,0.63804,32153.16
1744905600000,0.63807,0.63931,0.63758,0.6389,18549.49
1744920000000,0.63889,0.63934,0.63617,0.63885,5724.28
1744934400000,0.63885,0.63928,0.63665,0.63751,112392.09
1744948800000,0.63753,0.63838,0.63682,0.63693,124085.95
1744963200000,0.63693,0.63768,0.63674,0.63741,140581.48
1744977600000,0.63745,0.6377,0.63689,0.63738,91473.94
1744992000000,0.63738,0.63759,0.63729,0.63736,45868.8
1745006400000,0.63736,0.63757,0.63727,0.63731,10907.88
1745179200000,0.63684,0.63927,0.63659,0.63893,11445.62
1745193600000,0.63891,0.64265,0.63829,0.64241,18539.75
1745208000000,0.64242,0.64355,0.64106,0.64331,15577.49
1745222400000,0.64328,0.64373,0.64172,0.64236,14941.7
1745236800000,0.64236,0.64337,0.6407,0.64097,23663.85
1745251200000,0.64095,0.64227,0.64018,0.64174,10831.64
1745265600000,0.64176,0.6422,0.63996,0.6421,5686.12
1745280000000,0.64211,0.64387,0.64009,0.64329,22756.98
1745294400000,0.64329,0.64389,0.64126,0.64164,24544
1745308800000,0.64165,0.64218,0.63912,0.63944,16825.96
1745323200000,0.63947,0.63986,0.63765,0.63886,26200.07
1745337600000,0.63886,0.64051,0.63608,0.63629,25720.37
1745352000000,0.63629,0.63856,0.63486,0.63754,21404.61
1745366400000,0.63754,0.64049,0.63747,0.63913,27761.37
1745380800000,0.63911,0.64247,0.63863,0.6411,19712.45
1745395200000,0.64114,0.642,0.64013,0.64104,15529.86
1745409600000,0.64105,0.64351,0.63722,0.63742,48277.36
1745424000000,0.63743,0.6375,0.63517,0.63582,21489.3
1745438400000,0.63581,0.63715,0.63539,0.63634,8401.16
1745452800000,0.63634,0.6369,0.63511,0.6359,17742.45
1745467200000,0.6359,0.63843,0.63432,0.63836,21055.34
1745481600000,0.63837,0.63893,0.63743,0.63746,18794.72
1745496000000,0.63745,0.64043,0.63745,0.63938,29307.24
1745510400000,0.63941,0.64093,0.63911,0.64055,13321.01
1745524800000,0.64054,0.64139,0.63876,0.63997,4860.48
1745539200000,0.63996,0.64206,0.63925,0.64138,15362.77
1745553600000,0.6414,0.64147,0.63858,0.63989,21150.01
1745568000000,0.6399,0.64027,0.6374,0.63793,17636.59
1745582400000,0.63794,0.63999,0.63754,0.63944,21808.4
1745596800000,0.63945,0.64039,0.63886,0.63997,13334.26
1745611200000,0.63997,0.64007,0.63911,0.63957,1121.38
1745784000000,0.63835,0.64052,0.63799,0.63818,5734.73
1745798400000,0.6382,0.63913,0.63725,0.63855,14671.01
1745812800000,0.63854,0.64056,0.637,0.63709,16210.21
1745827200000,0.63707,0.64025,0.63674,0.63945,13990.56
1745841600000,0.63945,0.64294,0.63926,0.64112,27440.33
1745856000000,0.64113,0.64347,0.64105,0.64334,13372.36
1745870400000,0.64337,0.64345,0.6425,0.64275,5477.5
1745884800000,0.64274,0.64493,0.64118,0.64156,18586.49
1745899200000,0.64156,0.64307,0.64094,0.64296,15002.76
1745913600000,0.64296,0.64318,0.63974,0.64021,13341.25
1745928000000,0.64023,0.64152,0.63755,0.63833,26477.27
1745942400000,0.63832,0.63938,0.63785,0.63825,10850.6
1745956800000,0.63825,0.63869,0.63744,0.63868,5030.18
1745971200000,0.63867,0.6407,0.63779,0.63978,16143.41
1745985600000,0.63979,0.64173,0.639,0.63929,13449.23
1746000000000,0.63929,0.63979,0.63854,0.63906,12821.75
1746014400000,0.63908,0.64022,0.63554,0.63972,36538.48
1746028800000,0.63972,0.6413,0.63908,0.64041,16963.04
1746043200000,0.64047,0.64132,0.63942,0.641,6583.44
1746057600000,0.64101,0.64268,0.64038,0.64065,14161.64
1746072000000,0.64066,0.64085,0.63833,0.63847,15092.13
1746086400000,0.63847,0.63987,0.6374,0.63902,12858.63
1746100800000,0.63899,0.63944,0.6367,0.63709,28685.13
1746115200000,0.63709,0.63915,0.6365,0.63826,11941
1746129600000,0.63827,0.63887,0.63645,0.63848,5034.24
1746144000000,0.63849,0.64197,0.63815,0.64177,20740.14
1746158400000,0.64177,0.64227,0.6403,0.64145,19508.73
1746172800000,0.64145,0.64447,0.64092,0.64327,15773.4
1746187200000,0.64328,0.64695,0.64134,0.64446,35748.9
1746201600000,0.64446,0.64574,0.6438,0.64469,15770.33
1746216000000,0.64471,0.64505,0.64409,0.64414,1390.54
1746388800000,0.64428,0.64574,0.64402,0.64433,5654.01
1746403200000,0.64435,0.64804,0.64338,0.64627,18362
1746417600000,0.64628,0.64883,0.64598,0.64648,16939.31
1746432000000,0.64648,0.64934,0.64636,0.64834,14099.97
1746446400000,0.64836,0.64931,0.64666,0.64701,23285.1
1746460800000,0.647,0.64725,0.64612,0.64686,8256.23
1746475200000,0.64686,0.64711,0.64563,0.64603,3400.75
1746489600000,0.64604,0.64623,0.64424,0.64599,17315.18
1746504000000,0.64599,0.64706,0.64432,0.64578,16942.03
1746518400000,0.64578,0.64626,0.64374,0.64624,16723.61
1746532800000,0.64625,0.64885,0.64576,0.64871,19467.76
1746547200000,0.64871,0.65008,0.64803,0.64973,15000.96
1746561600000,0.64973,0.65141,0.6487,0.65028,14174.01
1746576000000,0.65027,0.65114,0.64768,0.64843,25401.01
1746590400000,0.64843,0.64912,0.6473,0.64827,17238.4
1746604800000,0.64825,0.64831,0.64634,0.64726,12275.14
1746619200000,0.64726,0.6475,0.64561,0.64599,17783.35
1746633600000,0.646,0.64662,0.64208,0.64301,29808.07
1746648000000,0.64299,0.64322,0.64205,0.64303,5640.17
1746662400000,0.64305,0.6464,0.64301,0.64565,18198.23
1746676800000,0.64563,0.64579,0.64018,0.64196,22868.07
1746691200000,0.64198,0.64267,0.64067,0.64158,17941.57
1746705600000,0.64159,0.64329,0.64074,0.64141,28386.97
1746720000000,0.6414,0.64147,0.63947,0.64004,13959.41
1746734400000,0.64004,0.64105,0.63913,0.63931,4218.89
1746748800000,0.63929,0.64053,0.63703,0.64053,18111.46
1746763200000,0.64054,0.64144,0.63964,0.64098,12688.98
1746777600000,0.64098,0.64107,0.63932,0.64043,12190.39
1746792000000,0.64044,0.6432,0.64015,0.6423,18701.85
1746806400000,0.64229,0.64237,0.64072,0.64111,8841.13
1746820800000,0.64108,0.64117,0.64057,0.6409,1357.87
1746993600000,0.64284,0.6431,0.64162,0.64186,8698.16
1747008000000,0.64188,0.64319,0.64109,0.64302,19338.6
1747022400000,0.643,0.64603,0.63917,0.64044,30492.82
1747036800000,0.64045,0.64144,0.63819,0.63944,30996.36
1747051200000,0.63945,0.64004,0.63631,0.63667,26906.25
1747065600000,0.63667,0.63718,0.63561,0.63693,13974.06
1747080000000,0.63693,0.63764,0.63535,0.6372,3848.52
1747094400000,0.63721,0.64,0.63608,0.6398,20908.97
1747108800000,0.63981,0.64189,0.63968,0.64079,19410.92
1747123200000,0.64079,0.64171,0.64003,0.64073,13261.13
1747137600000,0.64072,0.64725,0.64045,0.64707,32578.44
1747152000000,0.64708,0.64782,0.64662,0.64735,12683.18
1747166400000,0.64736,0.64774,0.64593,0.64716,4748.5
1747180800000,0.64717,0.64864,0.64679,0.64758,17246.09
1747195200000,0.6476,0.64884,0.64645,0.64875,15283.14
1747209600000,0.6488,0.65007,0.64639,0.6472,25098.15
1747224000000,0.64721,0.64752,0.64377,0.64455,28807.85
1747238400000,0.64455,0.64489,0.6422,0.64268,16510.44
1747252800000,0.64268,0.64302,0.64196,0.64267,4612.23
1747267200000,0.6427,0.64571,0.64262,0.64405,18015.79
1747281600000,0.64408,0.64434,0.64142,0.64189,16966.44
1747296000000,0.64188,0.6424,0.64011,0.64083,12202.78
1747310400000,0.64084,0.6422,0.639,0.64013,27411.2
1747324800000,0.64012,0.64077,0.63962,0.6405,9541.45
1747339200000,0.64049,0.64088,0.63917,0.64036,4126.5
1747353600000,0.64037,0.64258,0.63941,0.64211,15114.43
1747368000000,0.64211,0.64356,0.642,0.64276,13779.49
1747382400000,0.64275,0.64305,0.64149,0.64168,11173.94
1747396800000,0.64168,0.64174,0.63874,0.63929,20115.03
1747411200000,0.63929,0.64068,0.63894,0.64053,9438.21
1747425600000,0.64052,0.64071,0.63998,0.64003,2793.63
1747598400000,0.63957,0.64124,0.6395,0.64087,5365.11
1747612800000,0.64088,0.64211,0.64023,0.64114,13979.12
1747627200000,0.64115,0.64293,0.63978,0.64253,13559.21
1747641600000,0.64254,0.64516,0.64187,0.64488,15467.21
1747656000000,0.64489,0.64645,0.64355,0.64566,19280.18
1747670400000,0.64567,0.64587,0.64475,0.64564,9469.01
1747684800000,0.64563,0.64586,0.64522,0.64537,3635.46
1747699200000,0.64539,0.64546,0.6439,0.64472,13142.81
1747713600000,0.64473,0.64474,0.64074,0.64237,24105.06
1747728000000,0.64236,0.6424,0.64095,0.64117,11800.71
1747742400000,0.64115,0.64123,0.63912,0.64036,24963.84
1747756800000,0.64034,0.64221,0.64013,0.64184,11855.52
1747771200000,0.64186,0.64262,0.64172,0.64251,5467.98
1747785600000,0.64249,0.64519,0.64224,0.64482,18188.36
1747800000000,0.64482,0.64586,0.64389,0.64482,22847.64
1747814400000,0.64483,0.64531,0.64349,0.6444,15772.47
1747828800000,0.64438,0.64659,0.64365,0.64659,27837.38
1747843200000,0.64658,0.64688,0.64316,0.64317,18528.23
1747857600000,0.64315,0.64377,0.64285,0.6432,5542.46
1747872000000,0.64325,0.64467,0.64264,0.64423,16212.23
1747886400000,0.64423,0.64529,0.64347,0.64485,16895.49
1747900800000,0.64485,0.64582,0.64141,0.64211,17430.83
1747915200000,0.64213,0.6427,0.6407,0.64156,25585.23
1747929600000,0.64157,0.64187,0.64067,0.64084,9424.64
1747944000000,0.64085,0.64123,0.64074,0.64083,3693.96
1747958400000,0.64085,0.64376,0.64079,0.64335,11678.92
1747972800000,0.64332,0.64561,0.64274,0.64524,13599.66
1747987200000,0.64526,0.64698,0.64387,0.64427,19459.86
1748001600000,0.64427,0.6479,0.64295,0.64754,37154.39
1748016000000,0.64754,0.64991,0.64733,0.64949,9052.62
1748030400000,0.64949,0.64972,0.64922,0.64925,2277.09
1748203200000,0.64824,0.65063,0.64821,0.65014,8213.44
1748217600000,0.65013,0.6537,0.64978,0.6521,19778.18
1748232000000,0.65209,0.65303,0.65096,0.65104,13104.67
1748246400000,0.65105,0.65163,0.65008,0.65093,8294.53
1748260800000,0.65093,0.65109,0.64936,0.6494,7099.93
1748275200000,0.64941,0.64944,0.6482,0.64843,2408.36
1748289600000,0.64845,0.64887,0.64794,0.64796,4206.52
1748304000000,0.64795,0.64954,0.64746,0.64777,11511.87
1748318400000,0.64777,0.64876,0.64449,0.64465,19411.84
1748332800000,0.64466,0.64563,0.64416,0.64449,14036.35
1748347200000,0.64449,0.64605,0.64346,0.64354,21772.38
1748361600000,0.64355,0.64468,0.64343,0.64421,11436.27
1748376000000,0.64423,0.64477,0.64373,0.64471,4413.85
1748390400000,0.64473,0.64529,0.64251,0.64436,19583.86
1748404800000,0.64437,0.64449,0.64251,0.64395,14849.92
1748419200000,0.64398,0.64488,0.64345,0.64365,12170.55
1748433600000,0.64367,0.64387,0.64095,0.64157,25031.72
1748448000000,0.64158,0.64293,0.64156,0.64243,9312.79
1748462400000,0.64244,0.64355,0.64096,0.64219,13900.08
1748476800000,0.64218,0.64279,0.64067,0.6424,30345.41
1748491200000,0.64239,0.64489,0.64163,0.64484,17080
1748505600000,0.64484,0.64492,0.64317,0.64332,13216.15
1748520000000,0.64334,0.64597,0.64298,0.64414,30189.56
1748534400000,0.64414,0.64524,0.64386,0.64472,11188.36
1748548800000,0.64474,0.64478,0.64356,0.64434,4867.4
1748563200000,0.64434,0.6452,0.64212,0.64259,20910.25
1748577600000,0.64263,0.64398,0.64071,0.64175,13397.66
1748592000000,0.64176,0.6425,0.64115,0.64209,11400.95
1748606400000,0.64208,0.64376,0.64079,0.64324,32911.4
1748620800000,0.64323,0.64451,0.64204,0.64434,14117.44
1748635200000,0.64434,0.64474,0.64282,0.64283,2340.22
1748808000000,0.64326,0.64499,0.64307,0.64424,4157.6
1748822400000,0.64425,0.64724,0.6442,0.64509,16494.13
1748836800000,0.64511,0.64889,0.64481,0.64812,15331.73
1748851200000,0.6481,0.64866,0.64764,0.6479,13325.17
1748865600000,0.64791,0.64999,0.64712,0.64921,22982.27
1748880000000,0.64921,0.64964,0.64805,0.64964,9087.07
1748894400000,0.64962,0.64995,0.64844,0.64982,4565.07
1748908800000,0.64981,0.64987,0.64634,0.64652,15586.04
1748923200000,0.64649,0.64685,0.64499,0.64582,14691.98
1748937600000,0.64584,0.64643,0.64512,0.64566,13562.39
1748952000000,0.64569,0.64715,0.64465,0.64606,21803.37
1748966400000,0.64606,0.64699,0.6455,0.64634,8083.42
1748980800000,0.64633,0.64669,0.64439,0.64638,3465.3
1748995200000,0.64637,0.64797,0.64531,0.64631,15257.72
1749009600000,0.64631,0.64742,0.64501,0.64615,13541.44
1749024000000,0.64613,0.64861,0.64587,0.64828,10652.9
1749038400000,0.6483,0.65011,0.64829,0.6497,21523.19
1749052800000,0.64971,0.65044,0.64915,0.64916,8395.47
1749067200000,0.64915,0.64949,0.64836,0.64891,4080.81
1749081600000,0.64891,0.65089,0.64855,0.64873,14837.85
1749096000000,0.64872,0.65082,0.64862,0.65001,12602.45
1749110400000,0.65004,0.65145,0.64972,0.65087,11342.78
1749124800000,0.65086,0.65375,0.6504,0.65154,36617.75
1749139200000,0.65153,0.65176,0.65027,0.6507,15124.07
1749153600000,0.65069,0.65114,0.65016,0.65097,5263.29
1749168000000,0.65096,0.65166,0.64922,0.65005,11981.82
1749182400000,0.65003,0.65045,0.64928,0.6499,10055.36
1749196800000,0.64989,0.64989,0.64857,0.64912,11142.58
1749211200000,0.6491,0.65063,0.64791,0.64951,39783.25
1749225600000,0.64949,0.64988,0.64865,0.64959,11735.49
1749240000000,0.64959,0.64992,0.64877,0.64877,2031.6
1749412800000,0.6496,0.65012,0.6494,0.64982,2928.11
1749427200000,0.64984,0.65178,0.64934,0.65113,9983.1
1749441600000,0.65114,0.65195,0.65088,0.65183,7811.08
1749456000000,0.65184,0.65334,0.6516,0.65186,10315.08
1749470400000,0.65187,0.65261,0.65055,0.65245,15069.39
1749484800000,0.65243,0.65267,0.65187,0.65187,7206.86
1749499200000,0.65187,0.65189,0.6507,0.65161,4194.76
1749513600000,0.65163,0.65288,0.65011,0.65276,14277.96
1749528000000,0.65278,0.65296,0.64895,0.65002,20961.54
1749542400000,0.64999,0.65213,0.64998,0.65194,12777.46
1749556800000,0.65195,0.65328,0.65151,0.65202,17436.15
1749571200000,0.65204,0.65247,0.65146,0.65234,7436.24
1749585600000,0.65233,0.65312,0.65193,0.65284,4764.52
1749600000000,0.65286,0.65287,0.64967,0.65143,10941.07
1749614400000,0.65144,0.65179,0.65072,0.65113,9554.81
1749628800000,0.65111,0.65189,0.65026,0.65055,11276.32
1749643200000,0.65053,0.65455,0.65001,0.65196,26834.43
1749657600000,0.65195,0.65292,0.64956,0.64993,11665.37
1749672000000,0.64993,0.65106,0.64968,0.65083,5232.29
1749686400000,0.65084,0.65105,0.64834,0.65019,14873.63
1749700800000,0.65021,0.65047,0.64768,0.64816,15952.68
1749715200000,0.64818,0.65196,0.64805,0.65142,19757
1749729600000,0.65146,0.65332,0.65129,0.65228,24350.16
1749744000000,0.65229,0.65294,0.65216,0.65277,9173.57
1749758400000,0.65277,0.65327,0.65265,0.65267,5440.55
1749772800000,0.65266,0.65268,0.64559,0.64806,40889.16
1749787200000,0.64807,0.64894,0.64657,0.64815,24581.06
1749801600000,0.64816,0.64958,0.64619,0.64749,21084.85
1749816000000,0.6475,0.65149,0.64678,0.65105,25117.32
1749830400000,0.65103,0.65191,0.64823,0.64931,14293.05
1749844800000,0.64931,0.64942,0.64821,0.64821,2957.86
1750017600000,0.64801,0.64937,0.64759,0.64915,8777.17
1750032000000,0.64916,0.6496,0.64661,0.64732,17793.47
1750046400000,0.64731,0.65132,0.64731,0.6507,16936.49
1750060800000,0.6507,0.65253,0.65039,0.65239,10150.25
1750075200000,0.65238,0.65516,0.65195,0.65346,23893.74
1750089600000,0.65348,0.65476,0.65212,0.6522,9342.21
1750104000000,0.65222,0.65274,0.65066,0.65119,6460.67
1750118400000,0.6512,0.65321,0.65023,0.65313,18646.02
1750132800000,0.65314,0.65435,0.65265,0.65376,14939.76
1750147200000,0.65381,0.6542,0.65265,0.65365,13772.67
1750161600000,0.65366,0.65406,0.65019,0.65127,23769.22
1750176000000,0.65127,0.65191,0.64656,0.64738,18610.9
1750190400000,0.64739,0.64806,0.64677,0.64801,5772.4
1750204800000,0.648,0.64933,0.64765,0.64912,16280.11
1750219200000,0.64911,0.65132,0.64897,0.64974,13276.71
1750233600000,0.64973,0.65028,0.64865,0.65004,11568.09
1750248000000,0.65004,0.65231,0.64936,0.65178,23546.28
1750262400000,0.65178,0.65371,0.64936,0.65038,34881.93
1750276800000,0.65038,0.65106,0.64972,0.65058,5109.9
1750291200000,0.65058,0.6509,0.64748,0.64917,18804.96
1750305600000,0.64918,0.6493,0.64597,0.64637,18607.59
1750320000000,0.64639,0.64786,0.64571,0.64677,14914.46
1750334400000,0.64677,0.64705,0.64452,0.64537,17159.15
1750348800000,0.64537,0.64784,0.64509,0.6477,5532.53
1750363200000,0.64769,0.64861,0.64571,0.64851,4977.25
1750377600000,0.6485,0.64937,0.64738,0.64915,14645.48
1750392000000,0.64915,0.64947,0.64721,0.64851,12497.12
1750406400000,0.64849,0.64948,0.64801,0.6488,11316.05
1750420800000,0.64879,0.64951,0.64516,0.64533,22039.6
1750435200000,0.64533,0.64613,0.64475,0.64486,10685.33
1750449600000,0.64485,0.64521,0.64445,0.64445,2946.04
1750622400000,0.6424,0.64482,0.64145,0.64454,8546.82
1750636800000,0.64454,0.64463,0.63973,0.64027,20441.12
1750651200000,0.64027,0.64272,0.63996,0.64203,17315.12
1750665600000,0.64202,0.64213,0.6372,0.6387,17617.97
1750680000000,0.63871,0.64389,0.63798,0.64207,27413.04
1750694400000,0.64206,0.64577,0.64072,0.64562,21976.25
1750708800000,0.64563,0.64865,0.64537,0.64764,9635.37
1750723200000,0.64766,0.64963,0.64706,0.64903,19078.71
1750737600000,0.64905,0.6513,0.64849,0.64929,22114.74
1750752000000,0.64929,0.65153,0.64926,0.65083,13467.8
1750766400000,0.65083,0.65191,0.64864,0.64972,36127.04
1750780800000,0.64973,0.65093,0.64932,0.64971,14205.25
1750795200000,0.64971,0.64999,0.6487,0.64949,4609.95
1750809600000,0.6495,0.65074,0.64884,0.64978,15038.22
1750824000000,0.64977,0.65064,0.6492,0.64964,11777.7
1750838400000,0.64965,0.6499,0.64882,0.64967,9923.09
1750852800000,0.64966,0.64974,0.64839,0.64905,18399.17
1750867200000,0.64904,0.65147,0.64904,0.65103,13827.18
1750881600000,0.65102,0.65227,0.64997,0.65205,6753.23
1750896000000,0.6521,0.65359,0.65098,0.65323,14417.78
1750910400000,0.65322,0.65379,0.65177,0.65331,17367.76
1750924800000,0.6533,0.65496,0.65285,0.65318,17994.03
1750939200000,0.65319,0.65584,0.653,0.6553,31244.11
1750953600000,0.6553,0.65635,0.65475,0.65501,12346.79
1750968000000,0.655,0.65507,0.65414,0.65463,5203.3
1750982400000,0.65466,0.65607,0.65444,0.65479,14630.51
1750996800000,0.65478,0.65604,0.6539,0.65488,13106.87
1751011200000,0.65491,0.65566,0.65285,0.65376,15377.55
1751025600000,0.65376,0.65492,0.65224,0.65329,29557.13
1751040000000,0.65329,0.65382,0.65077,0.65245,17832.42
1751054400000,0.65244,0.65328,0.6524,0.65271,2021.28
1751227200000,0.65319,0.65383,0.65309,0.65316,4970.7
1751241600000,0.65314,0.65431,0.65268,0.6532,15425.04
1751256000000,0.65318,0.65522,0.65312,0.65333,16671.29
1751270400000,0.6533,0.65395,0.65224,0.65313,17158.65
1751284800000,0.65313,0.65723,0.65266,0.65721,27691.34
1751299200000,0.65722,0.65818,0.65635,0.65802,12862.69
1751313600000,0.65804,0.65835,0.65654,0.65758,5106.92
1751328000000,0.65761,0.6579,0.65534,0.65674,12102.61
1751342400000,0.65676,0.6587,0.65646,0.6587,17082.42
1751356800000,0.65867,0.65899,0.65782,0.6585,12916.48
1751371200000,0.6585,0.65873,0.65613,0.65701,26966.29
1751385600000,0.65703,0.65764,0.65646,0.6576,10163.42
1751400000000,0.6576,0.65832,0.65607,0.65792,3714.14
1751414400000,0.65792,0.65827,0.65645,0.65796,11104.04
1751428800000,0.65797,0.65829,0.65617,0.65617,11497.96
1751443200000,0.65615,0.65702,0.65521,0.6553,12169.09
1751457600000,0.6553,0.6572,0.65429,0.65702,31094.35
1751472000000,0.65701,0.65883,0.65676,0.65875,12534.93
1751486400000,0.65877,0.65878,0.65763,0.65815,4379.38
1751500800000,0.65815,0.65861,0.65647,0.65665,11189.46
1751515200000,0.65663,0.65814,0.65618,0.65773,9719.03
1751529600000,0.65776,0.65836,0.65715,0.65728,10777.97
1751544000000,0.65728,0.65796,0.65366,0.65725,48560.19
1751558400000,0.65726,0.65739,0.65647,0.65685,4641.74
1751572800000,0.65683,0.65772,0.65649,0.6576,3862.2
1751587200000,0.65758,0.65784,0.65624,0.65693,11733.6
1751601600000,0.65692,0.65781,0.65485,0.65545,13033.1
1751616000000,0.65544,0.65614,0.65541,0.65582,13117.6
1751630400000,0.65581,0.65595,0.65455,0.65497,18351.36
1751644800000,0.65495,0.65523,0.65464,0.65499,28984.27
1751659200000,0.65499,0.65532,0.65453,0.65454,16235.25
1751832000000,0.65555,0.65558,0.65465,0.65497,3032.14
1751846400000,0.65497,0.65525,0.65119,0.65153,15288.04
1751860800000,0.65152,0.65177,0.64996,0.6504,17108.44
1751875200000,0.65041,0.65061,0.64856,0.64994,22383.3
1751889600000,0.64994,0.65184,0.64949,0.65109,17937.08
1751904000000,0.6511,0.65145,0.64849,0.64986,17372.67
1751918400000,0.64985,0.65066,0.6488,0.6506,5204.66
1751932800000,0.65059,0.65195,0.65058,0.65129,14958.03
1751947200000,0.65128,0.65576,0.65105,0.65429,22744.96
1751961600000,0.65428,0.65473,0.6536,0.65399,12549.14
1751976000000,0.65396,0.65446,0.65074,0.65226,32441.47
1751990400000,0.65227,0.65335,0.65138,0.65255,21649.83
1752004800000,0.65254,0.65309,0.65204,0.65237,4049.99
1752019200000,0.65238,0.65369,0.65092,0.65221,16292.56
1752033600000,0.65223,0.65444,0.65211,0.65252,16459.68
1752048000000,0.65249,0.65349,0.65156,0.65158,13509.91
1752062400000,0.65157,0.65476,0.65141,0.65297,23691.2
1752076800000,0.65298,0.65421,0.6529,0.65402,9402.32
1752091200000,0.65401,0.65404,0.65242,0.65355,3616.19
1752105600000,0.65354,0.65512,0.65333,0.65435,11575.12
1752120000000,0.65436,0.65625,0.65377,0.65548,11544.18
1752134400000,0.65548,0.65654,0.65491,0.6551,7940
1752148800000,0.6551,0.65713,0.65415,0.65702,22953.72
1752163200000,0.65701,0.65896,0.65686,0.65889,12588.53
1752177600000,0.65888,0.65947,0.65689,0.65929,4202.16
1752192000000,0.6593,0.65942,0.65558,0.65851,24958.65
1752206400000,0.65851,0.65906,0.6572,0.65845,13921.55
1752220800000,0.65847,0.659,0.65701,0.65791,11910.06
1752235200000,0.6579,0.659,0.65696,0.65765,26044.98
1752249600000,0.65766,0.65839,0.65694,0.65766,11251.42
1752264000000,0.65766,0.65775,0.65702,0.65736,3033.99
1752436800000,0.65605,0.65771,0.65605,0.65748,4517.15
1752451200000,0.65746,0.65871,0.65576,0.65678,14048.27
1752465600000,0.65676,0.65751,0.65549,0.6572,11839.31
1752480000000,0.65719,0.65744,0.6562,0.65655,9010.32
1752494400000,0.65654,0.65696,0.65478,0.65482,15752.99
1752508800000,0.6548,0.65509,0.65439,0.65469,15999.7
1752523200000,0.65469,0.65491,0.65391,0.65434,4985.68
1752537600000,0.65433,0.65545,0.65387,0.65462,14749.09
1752552000000,0.65462,0.65675,0.65402,0.65667,12798.92
1752566400000,0.65666,0.65714,0.65598,0.65605,9847.91
1752580800000,0.65604,0.65753,0.65083,0.65193,47129.27
1752595200000,0.65194,0.65213,0.65074,0.65141,31465.06
1752609600000,0.65141,0.65217,0.65096,0.65181,4530.36
1752624000000,0.65182,0.65339,0.65155,0.65224,14743.1
1752638400000,0.65224,0.65291,0.65203,0.65249,15892.3
1752652800000,0.6525,0.65282,0.65154,0.65197,10260.88
1752667200000,0.65198,0.65539,0.64948,0.65204,40723.34
1752681600000,0.65203,0.65363,0.65133,0.65264,20778.09
1752696000000,0.65264,0.6531,0.6521,0.65222,3726.4
1752710400000,0.65221,0.65232,0.64725,0.6487,16480.46
1752724800000,0.64872,0.64951,0.64614,0.64642,29368.18
1752739200000,0.64643,0.64744,0.64545,0.64576,16666.82
1752753600000,0.64575,0.64876,0.64539,0.64829,24652.55
1752768000000,0.6483,0.64912,0.64786,0.64904,9237.97
1752782400000,0.64905,0.64991,0.64744,0.64973,3872.61
1752796800000,0.64974,0.65103,0.64963,0.65021,9696.07
1752811200000,0.65022,0.65119,0.64974,0.65116,10519.71
1752825600000,0.65119,0.65253,0.65116,0.65222,13063.09
1752840000000,0.65224,0.65404,0.65218,0.65253,19746.7
1752854400000,0.65255,0.65268,0.65022,0.6507,9268.68
1752868800000,0.6507,0.65075,0.65028,0.65049,1879.53
1753041600000,0.65165,0.65171,0.65029,0.65119,3911.28
1753056000000,0.65119,0.65144,0.64975,0.65074,10261.5
1753070400000,0.65076,0.65185,0.65057,0.65084,10877.05
1753084800000,0.65085,0.65237,0.65076,0.6523,8114.2
1753099200000,0.65229,0.6537,0.65148,0.65295,12951.84
1753113600000,0.65293,0.65324,0.65221,0.65226,5660.44
1753128000000,0.65227,0.65301,0.65145,0.65268,2914.5
1753142400000,0.6527,0.65279,0.65129,0.65193,9111.82
1753156800000,0.65192,0.65224,0.65034,0.65051,8512.36
1753171200000,0.65048,0.65202,0.65038,0.65185,10549.72
1753185600000,0.65184,0.65553,0.65184,0.65546,22604.26
1753200000000,0.65549,0.65575,0.65465,0.65527,8610.3
1753214400000,0.65527,0.65592,0.65419,0.65525,4164.68
1753228800000,0.65525,0.65681,0.65497,0.65616,13620.56
1753243200000,0.65616,0.65798,0.6561,0.65781,10962.03
1753257600000,0.65781,0.66004,0.65768,0.6598,10002.37
1753272000000,0.65982,0.66004,0.6579,0.65894,19355.62
1753286400000,0.65892,0.66013,0.65795,0.66006,14986.81
1753300800000,0.66007,0.66043,0.65968,0.66012,3616.37
1753315200000,0.66011,0.66192,0.65958,0.66145,13377.81
1753329600000,0.66145,0.66247,0.66082,0.66109,12108.81
1753344000000,0.6611,0.66217,0.66051,0.66152,12174.88
1753358400000,0.66152,0.66193,0.65977,0.65991,21467.35
1753372800000,0.65991,0.66016,0.65922,0.65931,7679.18
1753387200000,0.65929,0.65952,0.65857,0.65942,4241.71
1753401600000,0.65942,0.65982,0.65785,0.6584,10465.44
1753416000000,0.65841,0.65878,0.65661,0.65717,13118.94
1753430400000,0.65718,0.65738,0.65577,0.65668,10636.74
1753444800000,0.65668,0.65681,0.65516,0.65542,24280.1
1753459200000,0.6554,0.65656,0.65504,0.65638,7350.73
1753473600000,0.65637,0.65659,0.65613,0.65643,2253.15
1753646400000,0.65714,0.65764,0.65686,0.65704,3334.74
1753660800000,0.65706,0.65854,0.65655,0.65675,10981.19
1753675200000,0.65674,0.6569,0.65226,0.65236,14407.42
1753689600000,0.65235,0.65332,0.65156,0.6529,18302.32
1753704000000,0.65291,0.65365,0.65152,0.65169,27532.99
1753718400000,0.65169,0.65211,0.65125,0.65208,10166.62
1753732800000,0.65207,0.65253,0.65139,0.65214,3610.04
1753747200000,0.65213,0.65296,0.65109,0.65195,12251.68
1753761600000,0.65195,0.65284,0.64983,0.65038,13701.32
1753776000000,0.65037,0.65194,0.64961,0.64986,11818.8
1753790400000,0.64983,0.65113,0.64956,0.6507,19937.51
1753804800000,0.65069,0.65183,0.65053,0.65127,10485.15
1753819200000,0.65127,0.65146,0.65066,0.65128,3280.99
1753833600000,0.65128,0.65285,0.65019,0.65184,15321.73
1753848000000,0.65186,0.65192,0.65013,0.65016,13287.02
1753862400000,0.6502,0.65041,0.64844,0.64875,13045.58
1753876800000,0.64876,0.64883,0.64482,0.64502,35264.2
1753891200000,0.64503,0.64711,0.64255,0.64311,40935.67
1753905600000,0.6431,0.64497,0.64307,0.64438,6875.66
1753920000000,0.6445,0.64564,0.6433,0.64563,18044.47
1753934400000,0.64564,0.64759,0.6451,0.64646,17624.19
1753948800000,0.64646,0.64646,0.6436,0.64454,12726.11
1753963200000,0.64454,0.64484,0.64272,0.64286,28140.81
1753977600000,0.64284,0.64347,0.64237,0.64253,18775.95
1753992000000,0.64254,0.64328,0.6421,0.64273,6812.44
1754006400000,0.64271,0.64397,0.64214,0.64356,15067.11
1754020800000,0.64357,0.64389,0.64265,0.64293,12332.17
1754035200000,0.64296,0.64326,0.64186,0.64233,10637.84
1754049600000,0.64234,0.64929,0.64185,0.64661,69645.72
1754064000000,0.64661,0.6468,0.6437,0.64567,25822.24
1754078400000,0.64567,0.64756,0.64567,0.64684,3565.2
1754251200000,0.64645,0.64724,0.64606,0.64687,4435.45
1754265600000,0.64684,0.64838,0.64621,0.64815,14280.12
1754280000000,0.64814,0.6486,0.64705,0.64734,13084.28
1754294400000,0.64735,0.6486,0.64689,0.64816,10178.78
1754308800000,0.64815,0.64893,0.64619,0.64646,20144.67
1754323200000,0.64649,0.64669,0.64589,0.64642,9318.48
1754337600000,0.64645,0.64752,0.64586,0.64735,4110.67
1754352000000,0.64737,0.64791,0.64537,0.64544,11031.32
1754366400000,0.64544,0.64714,0.64531,0.64592,11905.38
1754380800000,0.6459,0.64613,0.64493,0.64593,13133.24
1754395200000,0.64593,0.6474,0.64544,0.64699,27309.92
1754409600000,0.64698,0.64782,0.64651,0.64683,8677.98
1754424000000,0.64685,0.64752,0.64603,0.64715,4539.1
1754438400000,0.64715,0.64904,0.64707,0.64883,8509.28
1754452800000,0.64882,0.64951,0.64838,0.64941,8506.48
1754467200000,0.64943,0.65075,0.64867,0.65043,9073.88
1754481600000,0.65042,0.65076,0.64883,0.65023,17841.09
1754496000000,0.65022,0.65084,0.6496,0.6503,10942.48
1754510400000,0.65033,0.65058,0.64964,0.64992,4308.24
1754524800000,0.64993,0.65139,0.64954,0.65109,9677.93
1754539200000,0.65108,0.65373,0.651,0.65371,10293.94
1754553600000,0.65366,0.65409,0.65168,0.65209,15237.05
1754568000000,0.65211,0.65298,0.64891,0.64997,27702.33
1754582400000,0.64998,0.65156,0.64942,0.65156,14553.96
1754596800000,0.65157,0.65276,0.65073,0.65246,5823.57
1754611200000,0.65249,0.65261,0.6511,0.65209,12995.53
1754625600000,0.6521,0.65335,0.65158,0.65293,10680.82
1754640000000,0.65292,0.65345,0.65165,0.65216,10038.32
1754654400000,0.65217,0.65304,0.65139,0.6526,14279.45
1754668800000,0.65261,0.65321,0.65197,0.65221,6613.48
1754683200000,0.65222,0.65235,0.65161,0.65202,1922.97
1754856000000,0.65197,0.65226,0.6516,0.6516,1662.86
1754870400000,0.65161,0.65266,0.65131,0.65256,10093.04
1754884800000,0.65254,0.65281,0.65132,0.65148,7632.96
1754899200000,0.65147,0.65228,0.65069,0.65111,9239.04
1754913600000,0.6511,0.6513,0.65008,0.6512,46628.42
1754928000000,0.65119,0.65161,0.65066,0.65105,8408.29
1754942400000,0.65106,0.65151,0.65053,0.65129,2512.29
1754956800000,0.65129,0.65253,0.65097,0.65182,9016.39
1754971200000,0.65181,0.65188,0.64934,0.65016,18404.38
1754985600000,0.65017,0.65025,0.64814,0.64856,26810.39
1755000000000,0.64858,0.654,0.64842,0.65307,44837.39
1755014400000,0.65308,0.6535,0.65257,0.65289,15117.21
1755028800000,0.65289,0.6531,0.65194,0.65292,4398.19
1755043200000,0.65291,0.65312,0.65159,0.65282,11483.56
1755057600000,0.6528,0.65545,0.6527,0.65499,10847.91
1755072000000,0.65495,0.65623,0.65478,0.65546,12580.51
1755086400000,0.65548,0.65577,0.65415,0.65437,14515.75
1755100800000,0.65437,0.65481,0.65382,0.65429,9780.96
1755115200000,0.6543,0.65518,0.65366,0.65504,3408.15
1755129600000,0.65504,0.65684,0.65463,0.65473,13850.76
1755144000000,0.65473,0.65529,0.65286,0.65323,15150.3
1755158400000,0.65325,0.6538,0.65217,0.65242,9356.17
1755172800000,0.65243,0.65254,0.64846,0.64879,60374.66
1755187200000,0.64878,0.64989,0.64823,0.64975,20906.23
1755201600000,0.64976,0.65013,0.64874,0.64969,3231.88
1755216000000,0.64969,0.65044,0.64874,0.6502,8965.09
1755230400000,0.6502,0.65135,0.64977,0.65132,7937.64
1755244800000,0.65131,0.6516,0.65039,0.65128,8812.17
1755259200000,0.65128,0.65224,0.65045,0.6513,21870.83
1755273600000,0.6513,0.65141,0.65023,0.65073,10075.83
1755288000000,0.65072,0.65099,0.65031,0.65035,1761.57
1755460800000,0.65073,0.65126,0.65054,0.65119,1606.02
1755475200000,0.65117,0.65205,0.65099,0.65197,6529.58
1755489600000,0.65196,0.65239,0.65097,0.65115,11412.4
1755504000000,0.65115,0.6518,0.65056,0.65084,10286.98
1755518400000,0.65086,0.65115,0.6481,0.64926,19873.74
1755532800000,0.64926,0.64951,0.6488,0.64944,11292.99
1755547200000,0.64944,0.64971,0.6488,0.64941,4486.36
1755561600000,0.64941,0.64967,0.64842,0.64866,12834.03
1755576000000,0.64865,0.64957,0.64769,0.64854,18753.13
1755590400000,0.64855,0.64952,0.64799,0.64927,12151.57
1755604800000,0.64927,0.64942,0.64576,0.64577,16922.8
1755619200000,0.64578,0.64626,0.64492,0.64526,19574.84
1755633600000,0.64526,0.64572,0.64502,0.64531,3634.68
1755648000000,0.64531,0.64548,0.64287,0.64322,15826.48
1755662400000,0.64321,0.64488,0.6432,0.64411,10844.48
1755676800000,0.64411,0.64416,0.6425,0.64306,10865.63
1755691200000,0.64306,0.6448,0.64231,0.64267,20752.52
1755705600000,0.64268,0.64387,0.64265,0.64327,9161.48
1755720000000,0.64327,0.64361,0.6427,0.64348,3043.61
1755734400000,0.64347,0.64364,0.64182,0.64213,10308.76
1755748800000,0.64213,0.64272,0.64141,0.64225,9192.1
1755763200000,0.64222,0.64319,0.64183,0.64227,8550.71
1755777600000,0.64228,0.64314,0.64149,0.64194,20602.41
1755792000000,0.64192,0.64289,0.64148,0.64211,8655.97
1755806400000,0.6421,0.64258,0.64068,0.64251,2985.18
1755820800000,0.6425,0.64297,0.6419,0.64221,9516.44
1755835200000,0.64223,0.64256,0.64147,0.6423,7519.86
1755849600000,0.6423,0.64314,0.64152,0.64213,7829.92
1755864000000,0.64214,0.65006,0.64208,0.64829,42133.71
1755878400000,0.64829,0.64978,0.64828,0.64877,14866.64
1755892800000,0.64875,0.64932,0.64872,0.64875,1348.35
1756065600000,0.64896,0.64944,0.64834,0.64841,3195.52
1756080000000,0.64843,0.64883,0.64711,0.64865,8947.05
1756094400000,0.64867,0.65046,0.64855,0.64861,9447.28
1756108800000,0.6486,0.64991,0.64859,0.64985,6635.26
1756123200000,0.64986,0.6504,0.64883,0.64979,18918.62
1756137600000,0.64979,0.64994,0.64773,0.64787,14390.89
1756152000000,0.64788,0.64843,0.64761,0.6481,3206.55
1756166400000,0.64811,0.6493,0.64706,0.64725,19682.47
1756180800000,0.64722,0.64845,0.64694,0.64734,12756.47
1756195200000,0.64733,0.6492,0.64728,0.64898,9972.62
1756209600000,0.64896,0.64982,0.64802,0.64969,16688.97
1756224000000,0.64971,0.65003,0.64916,0.6493,9038.1
1756238400000,0.64928,0.6497,0.6483,0.6495,3302.02
1756252800000,0.64948,0.65039,0.64868,0.64879,10121.33
1756267200000,0.64879,0.64901,0.64743,0.64781,9364.22
1756281600000,0.6478,0.64781,0.6462,0.64658,13637.87
1756296000000,0.6466,0.64948,0.64658,0.64946,20638.51
1756310400000,0.64946,0.65125,0.64942,0.65086,12630.02
1756324800000,0.65084,0.65123,0.65004,0.65122,4170.7
1756339200000,0.6512,0.65216,0.65097,0.65141,8452.48
1756353600000,0.6514,0.65151,0.65053,0.65146,13113.5
1756368000000,0.65147,0.65301,0.6508,0.6527,10899.45
1756382400000,0.65269,0.6534,0.65189,0.653,27037.5
1756396800000,0.65301,0.65372,0.6529,0.65306,7805.36
1756411200000,0.65307,0.65323,0.65236,0.65301,4367.21
1756425600000,0.65303,0.65417,0.65276,0.65359,9914.15
1756440000000,0.6536,0.65401,0.65275,0.65382,9920.14
1756454400000,0.65382,0.65389,0.65252,0.65261,10284.99
1756468800000,0.6526,0.65482,0.65224,0.65436,19713.55
1756483200000,0.65434,0.65465,0.65409,0.65443,15508.65
1756497600000,0.65445,0.65458,0.65351,0.65364,2021.02
1756670400000,0.65429,0.6546,0.65366,0.65427,1684.49
1756684800000,0.65426,0.65487,0.65347,0.65469,9941.82
1756699200000,0.65469,0.65478,0.65345,0.65467,10730.24
1756713600000,0.65466,0.65597,0.65451,0.65536,8077.91
1756728000000,0.65535,0.65579,0.65482,0.65524,10068.9
1756742400000,0.65524,0.65548,0.65487,0.65547,2623.15
1756756800000,0.65546,0.6557,0.65414,0.65565,2728.93
1756771200000,0.65567,0.65581,0.65377,0.654,11483.37
1756785600000,0.65403,0.65431,0.64997,0.65038,14867.09
1756800000000,0.65039,0.65186,0.65005,0.65082,25423.05
1756814400000,0.65081,0.65246,0.64826,0.65145,30108.06
1756828800000,0.65144,0.6522,0.65118,0.65197,16631.05
1756843200000,0.65199,0.65225,0.64935,0.65183,4100.2
1756857600000,0.65182,0.65251,0.6512,0.65176,10153.82
1756872000000,0.65177,0.65233,0.65017,0.65219,12484.94
1756886400000,0.65218,0.65369,0.65209,0.65353,12330.11
1756900800000,0.65352,0.65503,0.65298,0.65483,25849.98
1756915200000,0.65484,0.65541,0.65389,0.65397,10937.76
1756929600000,0.65397,0.65456,0.65326,0.65444,4126.19
1756944000000,0.65445,0.65493,0.65311,0.65327,12181.88
1756958400000,0.65328,0.65346,0.65203,0.65251,11074.42
1756972800000,0.65252,0.65275,0.65146,0.65161,9150.51
1756987200000,0.65162,0.65266,0.6501,0.6511,33486.85
1757001600000,0.65109,0.65178,0.65064,0.65175,8871.97
1757016000000,0.65175,0.65221,0.64979,0.65218,3620.03
1757030400000,0.65219,0.65306,0.65194,0.65303,6727.4
1757044800000,0.65304,0.6544,0.65262,0.65429,8811.35
1757059200000,0.65428,0.65471,0.65398,0.65405,7213.04
1757073600000,0.65406,0.65884,0.65403,0.65676,68240.21
1757088000000,0.65677,0.65698,0.65495,0.65519,15283.31
1757102400000,0.6552,0.65567,0.65513,0.65521,3036.65
1757275200000,0.65495,0.65555,0.65456,0.65544,3792.76
1757289600000,0.65545,0.65672,0.65476,0.65591,12989.11
1757304000000,0.65591,0.65863,0.65541,0.6585,10054.77
1757318400000,0.65848,0.65934,0.65796,0.65903,10155.9
1757332800000,0.65903,0.65982,0.65821,0.65896,21465.28
1757347200000,0.65894,0.65953,0.65804,0.65942,9871.33
1757361600000,0.65943,0.65983,0.65816,0.65974,3712.85
1757376000000,0.65974,0.6604,0.6591,0.6599,8218.68
1757390400000,0.65991,0.66143,0.6598,0.66059,13867.28
1757404800000,0.66057,0.66193,0.66034,0.66089,14910.57
1757419200000,0.66089,0.66122,0.65846,0.65901,26640.08
1757433600000,0.65902,0.65958,0.65822,0.65828,9308.28
1757448000000,0.65828,0.6592,0.65793,0.65852,4170.46
1757462400000,0.65851,0.66061,0.65796,0.66038,11126.1
1757476800000,0.6604,0.66151,0.65943,0.66021,13322.39
1757491200000,0.66021,0.66107,0.65952,0.66061,11241.42
1757505600000,0.66061,0.66352,0.66008,0.66249,26060.48
1757520000000,0.66248,0.66251,0.66111,0.66169,8689.3
1757534400000,0.66168,0.66209,0.66098,0.66186,3599.29
1757548800000,0.66185,0.66197,0.66077,0.66127,7337.51
1757563200000,0.66126,0.66136,0.6601,0.66117,9757.94
1757577600000,0.66118,0.66137,0.65982,0.6603,11045.72
1757592000000,0.66028,0.66581,0.65895,0.66563,34173.74
1757606400000,0.66562,0.66641,0.66557,0.66622,10052.34
1757620800000,0.66621,0.66663,0.66519,0.66651,4067.65
1757635200000,0.66649,0.66685,0.66549,0.66616,9861.6
1757649600000,0.66616,0.66655,0.66507,0.66604,9967.04
1757664000000,0.66603,0.66609,0.6642,0.66443,14702.85
1757678400000,0.66445,0.6648,0.66303,0.66344,17589.37
1757692800000,0.66346,0.66528,0.66318,0.66504,7591.89
1757707200000,0.66503,0.66503,0.66457,0.66483,5269.33
1757880000000,0.66275,0.66495,0.66275,0.66484,2875.41
1757894400000,0.66484,0.66647,0.66446,0.66604,8078.91
1757908800000,0.66605,0.66665,0.66513,0.66632,9342.55
1757923200000,0.66631,0.66652,0.66535,0.66596,9190.59
1757937600000,0.66596,0.66711,0.66529,0.66697,16843.9
1757952000000,0.66698,0.66744,0.66641,0.66714,9783.63
1757966400000,0.66714,0.66727,0.66613,0.66721,4084.9
1757980800000,0.6672,0.66762,0.66621,0.66685,8404.69
1757995200000,0.66684,0.66721,0.66598,0.66624,9598.86
1758009600000,0.66623,0.66762,0.66595,0.66735,12850.34
1758024000000,0.66736,0.66781,0.66611,0.66753,28400.53
1758038400000,0.66754,0.66878,0.66744,0.66801,10903.5
1758052800000,0.66803,0.66884,0.66753,0.66881,4735.55
1758067200000,0.66883,0.66894,0.66718,0.66759,7627.38
1758081600000,0.66756,0.66773,0.66683,0.66697,7644.45
1758096000000,0.66698,0.66784,0.66657,0.66752,8079.82
1758110400000,0.66752,0.66824,0.66635,0.66662,14244.39
1758124800000,0.66663,0.67065,0.6641,0.66585,49002.34
1758139200000,0.66587,0.66599,0.66434,0.66517,6836.01
1758153600000,0.66518,0.66533,0.66329,0.6642,14187.35
1758168000000,0.66422,0.66466,0.66152,0.6642,15003.77
1758182400000,0.66417,0.66594,0.66352,0.66517,17358.33
1758196800000,0.66515,0.6652,0.66065,0.66125,70252.18
1758211200000,0.66123,0.66224,0.6611,0.66114,9432.51
1758225600000,0.66113,0.66173,0.66097,0.66163,3792.72
1758240000000,0.66163,0.66191,0.65992,0.66114,14955.22
1758254400000,0.66116,0.66144,0.65873,0.66013,22019.74
1758268800000,0.66013,0.66108,0.65918,0.65921,12523.35
1758283200000,0.65923,0.65999,0.65854,0.65944,23649.73
1758297600000,0.65944,0.65974,0.65919,0.65945,6908.96
1758312000000,0.65945,0.65946,0.65892,0.65892,2105.64
1758484800000,0.65878,0.65951,0.65824,0.65882,2820.6
1758499200000,0.65879,0.65968,0.65802,0.65935,10476.56
1758513600000,0.65935,0.65964,0.65746,0.65795,11102.57
1758528000000,0.65793,0.65991,0.65787,0.65961,12324.03
1758542400000,0.65961,0.65994,0.65773,0.65891,16382.05
1758556800000,0.65891,0.66022,0.65879,0.65994,6176.55
1758571200000,0.65993,0.66006,0.65931,0.66006,2880.87
1758585600000,0.66006,0.66012,0.65809,0.65871,8713.65
1758600000000,0.65872,0.65964,0.65809,0.65873,13923.73
1758614400000,0.65873,0.66111,0.65865,0.66049,10879.29
1758628800000,0.66048,0.66151,0.65963,0.65988,19617.74
1758643200000,0.6599,0.66069,0.65929,0.65986,12294.83
1758657600000,0.65988,0.66021,0.65907,0.65985,3977.42
1758672000000,0.65987,0.66227,0.65883,0.6615,13340.07
1758686400000,0.66152,0.66276,0.66138,0.66201,10130.87
1758700800000,0.66199,0.66214,0.66009,0.66017,14120.91
1758715200000,0.66017,0.6612,0.65829,0.65855,28003.16
1758729600000,0.65856,0.65857,0.65744,0.65825,12202.27
1758744000000,0.65825,0.65861,0.65741,0.65856,5220.13
1758758400000,0.65856,0.65998,0.65837,0.6599,11659.84
1758772800000,0.65992,0.66004,0.65848,0.65853,13004.1
1758787200000,0.65854,0.66035,0.65819,0.65822,14927.85
1758801600000,0.65821,0.65843,0.65429,0.65493,38415.29
1758816000000,0.65492,0.6551,0.65255,0.65363,13379.1
1758830400000,0.65363,0.65428,0.65278,0.65377,6698.95
1758844800000,0.65378,0.65441,0.65304,0.6542,10398.98
1758859200000,0.65419,0.65435,0.65258,0.65307,11870.85
1758873600000,0.65307,0.65356,0.652,0.65266,11760.78
1758888000000,0.65265,0.65481,0.65255,0.65439,30279.11
1758902400000,0.65439,0.6551,0.65414,0.65509,9404.43
1758916800000,0.65507,0.65511,0.65438,0.65438,2218.12
1759089600000,0.65441,0.6552,0.65439,0.65515,1708.59
1759104000000,0.65514,0.65667,0.65472,0.65663,9160.62
1759118400000,0.65662,0.65729,0.65624,0.65687,10481.52
1759132800000,0.65688,0.65722,0.65591,0.65669,10301.88
1759147200000,0.65669,0.65797,0.65598,0.65759,24318.33
1759161600000,0.65759,0.65807,0.65735,0.65777,7039.13
1759176000000,0.65777,0.65805,0.65678,0.65776,4517.39
1759190400000,0.65775,0.65956,0.65706,0.65881,13882.99
1759204800000,0.65881,0.66085,0.65749,0.66017,22826.32
1759219200000,0.66017,0.66133,0.66006,0.66094,20112.77
1759233600000,0.66094,0.66281,0.66073,0.66125,27202.46
1759248000000,0.66124,0.66212,0.6611,0.66158,11683.95
1759262400000,0.66159,0.66181,0.6606,0.66102,6079.88
1759276800000,0.66104,0.66104,0.65888,0.65942,11257.98
1759291200000,0.65944,0.66173,0.65912,0.66105,18248.4
1759305600000,0.66105,0.66196,0.66051,0.66146,20518.45
1759320000000,0.66147,0.66286,0.65986,0.66025,46640.47
1759334400000,0.66024,0.662,0.66009,0.66129,12280.05
1759348800000,0.6613,0.66154,0.66093,0.66151,3717.64
1759363200000,0.66152,0.66209,0.6602,0.66151,10023.84
1759377600000,0.66151,0.66241,0.66113,0.66222,11342.47
1759392000000,0.66223,0.6624,0.66025,0.66058,15194.75
1759406400000,0.66059,0.66087,0.65764,0.65853,29861.76
1759420800000,0.65853,0.65994,0.65841,0.65959,11548.17
1759435200000,0.65958,0.65993,0.65867,0.65986,3902.66
1759449600000,0.65988,0.66037,0.65928,0.65977,18644.89
1759464000000,0.65975,0.66085,0.65885,0.66051,20978.97
1759478400000,0.6605,0.66087,0.66001,0.66046,15629.33
1759492800000,0.66047,0.66137,0.6599,0.66126,25964.33
1759507200000,0.66125,0.66131,0.65945,0.66036,8774.61
1759521600000,0.66036,0.66048,0.65994,0.66008,2166.87
1759694400000,0.65809,0.6594,0.65803,0.65934,7469.08
1759708800000,0.65937,0.66132,0.65918,0.6608,9910.99
1759723200000,0.66081,0.66176,0.65994,0.66039,16815.03
1759737600000,0.6604,0.66057,0.65898,0.65975,34574.08
1759752000000,0.65975,0.66201,0.6595,0.66175,27322.59
1759766400000,0.66174,0.662,0.66126,0.66151,12042.4
1759780800000,0.66151,0.66193,0.66087,0.6616,4554.12
1759795200000,0.6616,0.6624,0.66037,0.66185,9099.03
1759809600000,0.66186,0.66194,0.65852,0.65901,10447.31
1759824000000,0.65901,0.65966,0.65834,0.6586,14230.67
1759838400000,0.65859,0.65966,0.65806,0.6585,27383.1
1759852800000,0.65851,0.65916,0.65781,0.6579,16806.09
1759867200000,0.6579,0.65856,0.65773,0.65796,4067.51
1759881600000,0.65796,0.65801,0.65576,0.65664,16334.88
1759896000000,0.65664,0.65694,0.6556,0.65661,12898.03
1759910400000,0.6566,0.65774,0.65582,0.6571,12114.21
1759924800000,0.65711,0.6588,0.65708,0.65804,16601.31
1759939200000,0.65805,0.65871,0.65749,0.6586,12044.88
1759953600000,0.6586,0.65913,0.65782,0.6584,5648.82
1759968000000,0.65841,0.66012,0.65835,0.66006,9926.05
1759982400000,0.66007,0.66097,0.657,0.65828,13330.16
1759996800000,0.65831,0.66006,0.65692,0.6597,15738.92
1760011200000,0.65971,0.66119,0.65456,0.65537,32235.67
1760025600000,0.65538,0.6558,0.65396,0.65507,18122.78
1760040000000,0.65506,0.65606,0.65503,0.65601,5476.85
1760054400000,0.656,0.65725,0.65557,0.6568,13335.55
1760068800000,0.65681,0.65687,0.65449,0.65555,15970.76
1760083200000,0.65554,0.65625,0.65494,0.65515,10926.01
1760097600000,0.65519,0.65589,0.64824,0.64926,42177.45
1760112000000,0.64925,0.64954,0.64781,0.64841,29943.71
1760126400000,0.64841,0.64858,0.64696,0.64696,6931.54
1760299200000,0.65105,0.65134,0.64907,0.64974,10811.3
1760313600000,0.64974,0.65325,0.64966,0.65165,15705.55
1760328000000,0.65165,0.65279,0.65116,0.65215,13262.05
1760342400000,0.65215,0.65249,0.65056,0.6507,13282.91
1760356800000,0.65073,0.6523,0.65044,0.65175,19319.56
1760371200000,0.65175,0.65244,0.65139,0.65155,7240.69
1760385600000,0.65154,0.65183,0.65078,0.65115,4883.79
1760400000000,0.65112,0.65208,0.64918,0.64976,13641.29
1760414400000,0.64977,0.64987,0.64487,0.64545,28140.47
1760428800000,0.64543,0.64658,0.64399,0.6454,15584.61
1760443200000,0.64541,0.64924,0.6442,0.64902,31980.78
1760457600000,0.64903,0.64966,0.6478,0.6483,20303.59
1760472000000,0.64832,0.64945,0.64755,0.64906,6167.85
1760486400000,0.64906,0.6516,0.64857,0.65123,15321.76
1760500800000,0.65122,0.65231,0.65104,0.65161,13197.27
1760515200000,0.65163,0.65227,0.65133,0.65139,12479.21
1760529600000,0.6514,0.65225,0.65032,0.6512,27736.05
1760544000000,0.65119,0.65141,0.64881,0.65095,19863.53
1760558400000,0.65097,0.65137,0.64898,0.65073,6333.53
1760572800000,0.65073,0.65153,0.6479,0.64866,26135.16
1760587200000,0.64865,0.65087,0.64854,0.65066,16168.54
1760601600000,0.65066,0.65126,0.65003,0.65062,14370.25
1760616000000,0.65064,0.65071,0.64853,0.64901,28143.94
1760630400000,0.64901,0.64965,0.64706,0.64841,27365.73
1760644800000,0.64839,0.64897,0.64747,0.64815,5661.51
1760659200000,0.64814,0.64916,0.64619,0.64664,16134.46
1760673600000,0.64664,0.64788,0.64429,0.6462,22591
1760688000000,0.6462,0.65022,0.6451,0.64862,26044.59
1760702400000,0.64863,0.64921,0.64694,0.6485,32549.77
1760716800000,0.64848,0.65011,0.64818,0.64994,14377.77
1760731200000,0.64995,0.64998,0.64915,0.64915,4417.25
1760904000000,0.64896,0.65056,0.6487,0.65007,3189.8
1760918400000,0.65006,0.65146,0.64953,0.65031,11971.87
1760932800000,0.65033,0.65082,0.64912,0.64955,12319.39
1760947200000,0.64954,0.65011,0.64839,0.649,14026.66
1760961600000,0.64902,0.65207,0.64868,0.65149,18561.09
1760976000000,0.6515,0.65185,0.65121,0.65133,9652.75
1760990400000,0.65134,0.65171,0.65082,0.65157,4136.06
1761004800000,0.65155,0.65246,0.65033,0.65048,14144.98
1761019200000,0.65046,0.65048,0.64851,0.64874,19873.36
1761033600000,0.64873,0.64975,0.64759,0.64921,19359.77
1761048000000,0.64923,0.64997,0.64724,0.64976,25403.01
1761062400000,0.64976,0.65032,0.64852,0.64892,11969.15
1761076800000,0.64891,0.64921,0.64859,0.64905,4973.63
1761091200000,0.64905,0.64967,0.64828,0.64946,11417.64
1761105600000,0.64945,0.65117,0.64945,0.65025,13540.66
1761120000000,0.65025,0.65026,0.64813,0.6484,14774.43
1761134400000,0.6484,0.6502,0.64829,0.65008,23144.28
1761148800000,0.65009,0.65009,0.64778,0.64897,24965.77
1761163200000,0.64896,0.64918,0.64814,0.64876,3814.32
1761177600000,0.64875,0.6495,0.64783,0.64791,10379.35
1761192000000,0.6479,0.65081,0.64789,0.65046,11596.93
1761206400000,0.65048,0.65121,0.65011,0.65012,11042.89
1761220800000,0.65012,0.65172,0.64978,0.65143,22173.6
1761235200000,0.65142,0.65174,0.65062,0.65115,9465.24
1761249600000,0.65113,0.65159,0.65018,0.65142,4249.18
1761264000000,0.65141,0.65169,0.6496,0.65055,10700.39
1761278400000,0.65054,0.65084,0.64935,0.65023,10477.99
1761292800000,0.65024,0.65038,0.64924,0.64997,9535.02
1761307200000,0.64998,0.65285,0.64932,0.65089,34147.39
1761321600000,0.6509,0.65131,0.6505,0.65107,6274.9
1761336000000,0.65108,0.65133,0.65087,0.65108,1983.04
1761508800000,0.65399,0.65435,0.65275,0.65332,6867.84
1761523200000,0.65332,0.6541,0.65278,0.65305,11834.75
1761537600000,0.65305,0.65478,0.65283,0.65342,11203.6
1761552000000,0.65341,0.65589,0.65328,0.65567,16581.34
1761566400000,0.65565,0.6559,0.6543,0.65525,19554.86
1761580800000,0.65525,0.65572,0.65505,0.65543,10743.78
1761595200000,0.65543,0.65604,0.6549,0.65579,4724.45
1761609600000,0.65579,0.65635,0.65532,0.65597,13944.81
1761624000000,0.65599,0.65639,0.65469,0.65498,15053.86
1761638400000,0.65499,0.656,0.6544,0.65545,11768.87
1761652800000,0.65546,0.65838,0.65507,0.65835,17754.58
1761667200000,0.65835,0.65903,0.65815,0.65847,10649.5
1761681600000,0.65849,0.65857,0.6578,0.65844,4157.51
1761696000000,0.65844,0.66071,0.65781,0.65999,18757.74
1761710400000,0.65999,0.66172,0.65937,0.66117,12924.83
1761724800000,0.66116,0.66119,0.65911,0.65952,17384.43
1761739200000,0.65953,0.66137,0.6586,0.66112,23391.04
1761753600000,0.6611,0.66156,0.65565,0.65726,59338.82
1761768000000,0.65728,0.65789,0.65619,0.65762,8676.55
1761782400000,0.65761,0.65929,0.65757,0.659,16431.72
1761796800000,0.659,0.65971,0.65734,0.65801,32146.4
1761811200000,0.65804,0.65811,0.65539,0.65552,18000.64
1761825600000,0.6555,0.65579,0.65322,0.65536,36163.29
1761840000000,0.65537,0.6558,0.65462,0.6548,20396.08
1761854400000,0.65479,0.65597,0.6547,0.65587,5831.17
1761868800000,0.65586,0.65597,0.65454,0.65496,12121.95
1761883200000,0.65495,0.65525,0.65329,0.65391,10810.51
1761897600000,0.6539,0.65448,0.65355,0.65425,10412.38
1761912000000,0.65423,0.65525,0.65327,0.65451,24986.38
1761926400000,0.6545,0.65464,0.6533,0.65421,15330.23
1761940800000,0.6542,0.65463,0.65404,0.65404,1959.98
1762113600000,0.65421,0.65478,0.65377,0.65448,2440.41
1762128000000,0.65449,0.6553,0.65397,0.65527,8362.19
1762142400000,0.65528,0.65622,0.65489,0.6553,7206.38
1762156800000,0.6553,0.65551,0.65433,0.6548,12341.94
1762171200000,0.65481,0.65515,0.65172,0.65266,20610.04
1762185600000,0.65266,0.65426,0.65266,0.6539,15145.83
1762200000000,0.65389,0.65399,0.65331,0.65379,4907.4
1762214400000,0.65378,0.65378,0.65169,0.65315,14695.13
1762228800000,0.65316,0.65361,0.65048,0.65148,17999.6
1762243200000,0.65147,0.65196,0.64915,0.64971,20033.06
1762257600000,0.64971,0.65037,0.64806,0.65019,24753.3
1762272000000,0.65019,0.65031,0.64826,0.64838,16525.43
1762286400000,0.64837,0.64939,0.6482,0.64843,6282.48
1762300800000,0.64841,0.64945,0.64583,0.64924,16033.53
1762315200000,0.64923,0.64989,0.64841,0.64872,8795.48
1762329600000,0.64872,0.64956,0.64733,0.64784,14383.13
1762344000000,0.64785,0.6501,0.64765,0.64994,18943.39
1762358400000,0.64995,0.65125,0.64949,0.65054,10097.02
1762372800000,0.65056,0.65107,0.65016,0.65091,4324.43
1762387200000,0.65093,0.65126,0.64967,0.65113,9725.52
1762401600000,0.65114,0.65175,0.65051,0.65108,6869.98
1762416000000,0.6511,0.65171,0.65038,0.65075,12140.04
1762430400000,0.65075,0.65182,0.64659,0.64688,25870.31
1762444800000,0.64686,0.64889,0.64628,0.64829,22964.82
1762459200000,0.64834,0.64864,0.6475,0.64833,6498.55
1762473600000,0.64833,0.64847,0.64676,0.64717,12013.63
1762488000000,0.64716,0.64905,0.64672,0.64841,9489.87
1762502400000,0.64842,0.64875,0.64758,0.64852,11639.69
1762516800000,0.64851,0.64927,0.64679,0.64718,32287.27
1762531200000,0.64719,0.64977,0.64704,0.64945,17579.2
1762545600000,0.64943,0.64987,0.64896,0.64901,7234.05
1762718400000,0.64946,0.65022,0.64884,0.65017,4490.45
1762732800000,0.65016,0.65218,0.64955,0.65131,11366.25
1762747200000,0.65131,0.6533,0.65131,0.65283,7622.18
1762761600000,0.65283,0.6539,0.65278,0.65334,8340.32
1762776000000,0.65334,0.65378,0.65146,0.65161,12362.6
1762790400000,0.6516,0.65398,0.65142,0.6537,9201.24
1762804800000,0.65371,0.65396,0.65305,0.65342,4014.94
1762819200000,0.65342,0.65356,0.65257,0.65287,7111.16
1762833600000,0.65286,0.65321,0.65145,0.65191,9936.24
1762848000000,0.65191,0.65259,0.65167,0.65255,8089.62
1762862400000,0.65255,0.65377,0.65201,0.65212,18826.85
1762876800000,0.6521,0.65335,0.65207,0.65293,9386.53
1762891200000,0.65294,0.65314,0.6512,0.65288,3413.72
1762905600000,0.65285,0.65314,0.65193,0.65231,7839.15
1762920000000,0.65231,0.65406,0.65156,0.6537,7635.73
1762934400000,0.65372,0.6544,0.65299,0.65351,11370.87
1762948800000,0.65353,0.65442,0.65307,0.65392,17216.75
1762963200000,0.65389,0.655,0.65377,0.65438,11853.12
1762977600000,0.65435,0.6544,0.65338,0.65357,6207.69
1762992000000,0.65361,0.6565,0.65322,0.65573,17358
1763006400000,0.65574,0.65761,0.6552,0.65747,9682.41
1763020800000,0.65747,0.65799,0.65602,0.6562,12651.34
1763035200000,0.65621,0.65661,0.65386,0.65523,26169.23
1763049600000,0.65523,0.65579,0.65235,0.65277,26516.52
1763064000000,0.65276,0.65339,0.6525,0.65263,10343.98
1763078400000,0.65262,0.65492,0.65235,0.65414,12399.42
1763092800000,0.65419,0.65419,0.65219,0.6528,14028.3
1763107200000,0.6528,0.65313,0.65032,0.65093,23210.44
1763121600000,0.65095,0.65462,0.65071,0.6546,36505.39
1763136000000,0.65461,0.6551,0.65329,0.65377,24255.02
1763150400000,0.65378,0.65386,0.65334,0.6535,4643.12
1763323200000,0.65308,0.65355,0.65293,0.65322,2901.04
1763337600000,0.65324,0.65332,0.65115,0.65167,12653.59
1763352000000,0.65168,0.65366,0.65162,0.65358,6936.9
1763366400000,0.65357,0.65371,0.65087,0.65171,12150.21
1763380800000,0.6517,0.65246,0.65045,0.65082,21851.86
1763395200000,0.65081,0.65172,0.64825,0.64831,18924.4
1763409600000,0.64832,0.64985,0.64817,0.64918,7071.19
1763424000000,0.6492,0.64973,0.64766,0.64786,12170.29
1763438400000,0.64784,0.64872,0.64645,0.64848,14941.34
1763452800000,0.64849,0.65044,0.64847,0.65026,13321.16
1763467200000,0.65026,0.65118,0.64864,0.64865,34875.83
1763481600000,0.64864,0.6518,0.64823,0.65165,25285.12
1763496000000,0.65166,0.65176,0.64995,0.65081,6723.76
1763510400000,0.6508,0.65086,0.64803,0.64822,14175.65
1763524800000,0.64823,0.64971,0.64761,0.64922,11845.52
1763539200000,0.64925,0.64936,0.64766,0.64889,13920.3
1763553600000,0.64889,0.64925,0.6463,0.64648,24275.29
1763568000000,0.64647,0.64687,0.64507,0.64637,28093.5
1763582400000,0.64635,0.6491,0.64624,0.64899,8666.2
1763596800000,0.649,0.649,0.64737,0.64812,13059.82
1763611200000,0.64813,0.64879,0.64751,0.64752,7643.08
1763625600000,0.64751,0.64858,0.64706,0.64753,14238.87
1763640000000,0.64754,0.65023,0.64675,0.64764,33495.84
1763654400000,0.64765,0.64772,0.64358,0.6456,46803.76
1763668800000,0.64559,0.6457,0.6437,0.64487,12044.82
1763683200000,0.64487,0.64572,0.64449,0.64468,12707.56
1763697600000,0.64468,0.64536,0.64348,0.64359,13302.74
1763712000000,0.6436,0.64533,0.64226,0.64305,22077.6
1763726400000,0.64304,0.64528,0.6421,0.64327,42389.33
1763740800000,0.64326,0.64604,0.64275,0.6455,27785.18
1763755200000,0.6455,0.64591,0.64527,0.64539,8430.89
1763928000000,0.64559,0.64656,0.64543,0.64612,2679.17
1763942400000,0.6461,0.64641,0.64488,0.64605,8292.43
1763956800000,0.64605,0.64671,0.64565,0.64605,7980.15
1763971200000,0.64605,0.64663,0.64417,0.64501,13053.11
1763985600000,0.645,0.64596,0.64436,0.64575,23244.43
1764000000000,0.64574,0.6466,0.64514,0.64616,9700.49
1764014400000,0.64616,0.64683,0.64571,0.64649,3933.32
1764028800000,0.64648,0.64687,0.6451,0.6453,10266.06
1764043200000,0.64531,0.64603,0.64482,0.64539,8576.09
1764057600000,0.6454,0.64625,0.64446,0.64484,12351.52
1764072000000,0.64485,0.64688,0.64358,0.64468,34095.66
1764086400000,0.64468,0.64754,0.64461,0.64736,18072.9
1764100800000,0.64734,0.6475,0.64631,0.64699,6563.27
1764115200000,0.64698,0.65048,0.64686,0.6501,19544.34
1764129600000,0.6501,0.65117,0.64952,0.6501,9574.25
1764144000000,0.65009,0.65048,0.64867,0.64907,14862.59
1764158400000,0.64907,0.65093,0.64835,0.65087,27474.11
1764172800000,0.65089,0.65208,0.65088,0.65183,10657.44
1764187200000,0.65183,0.65275,0.6515,0.65229,4759.51
1764201600000,0.6523,0.65355,0.65226,0.65316,9534.45
1764216000000,0.65315,0.65395,0.65237,0.65319,8058.15
1764230400000,0.6532,0.65327,0.65212,0.6527,8908.14
1764244800000,0.65271,0.65336,0.65229,0.65331,9100.44
1764259200000,0.65331,0.65333,0.65284,0.65297,2160.54
1764273600000,0.65297,0.65363,0.65277,0.65353,2738.74
1764288000000,0.65352,0.65407,0.65326,0.65334,28610.92
1764302400000,0.65334,0.65368,0.65217,0.65219,66633.24
1764316800000,0.65221,0.65282,0.65199,0.65232,72192.73
1764331200000,0.65232,0.65588,0.65209,0.65576,47303.51
1764345600000,0.65575,0.65578,0.65442,0.65497,14158
1764360000000,0.65497,0.65531,0.65439,0.65491,22293.11
1764532800000,0.65384,0.65531,0.65357,0.6551,3208.53
1764547200000,0.65508,0.65566,0.65385,0.65469,15541.96
1764561600000,0.65467,0.65542,0.6537,0.655,9606.14
1764576000000,0.65502,0.65541,0.65431,0.65537,15890.56
1764590400000,0.65537,0.6566,0.6546,0.65534,27067.88
1764604800000,0.65536,0.65573,0.65401,0.65425,13463.78
1764619200000,0.65424,0.65449,0.65361,0.65413,4811.37
1764633600000,0.65415,0.65516,0.65376,0.65505,8857.68
1764648000000,0.65506,0.65574,0.65481,0.6555,6783.38
1764662400000,0.65551,0.65581,0.65431,0.65481,10931.24
1764676800000,0.65481,0.65704,0.65475,0.65693,20002.64
1764691200000,0.65694,0.65694,0.6553,0.65643,15828.39
1764705600000,0.65643,0.65733,0.65578,0.65731,4841.44
1764720000000,0.65733,0.65797,0.65521,0.65787,11966.32
1764734400000,0.65787,0.6586,0.65757,0.65769,7643.64
1764748800000,0.65768,0.65909,0.65735,0.65889,10202.54
1764763200000,0.65888,0.6598,0.65746,0.65971,27843.44
1764777600000,0.65969,0.66006,0.65884,0.66005,15512.34
1764792000000,0.66004,0.66039,0.65941,0.66035,6893.81
1764806400000,0.6604,0.66102,0.66017,0.66087,12252.71
1764820800000,0.66087,0.66154,0.66048,0.66153,9121.99
1764835200000,0.66153,0.66189,0.66057,0.66112,15086.15
1764849600000,0.66111,0.66237,0.66027,0.66191,23582.01
1764864000000,0.66193,0.66206,0.66091,0.66134,16534.17
1764878400000,0.66131,0.66136,0.6605,0.6606,5045.81
1764892800000,0.66061,0.66173,0.66061,0.6614,5691.86
1764907200000,0.66141,0.66295,0.66132,0.66246,6466.14
1764921600000,0.66247,0.66361,0.66214,0.66292,9113.79
1764936000000,0.66292,0.66485,0.66291,0.66419,21723.2
1764950400000,0.6642,0.66424,0.66263,0.66386,19588.9
1764964800000,0.66388,0.66419,0.66357,0.66382,4027.31
1765137600000,0.66321,0.66395,0.66266,0.66343,4890.27
1765152000000,0.66346,0.66481,0.66327,0.66421,7460.93
1765166400000,0.66422,0.66488,0.66339,0.66371,7804.04
1765180800000,0.66368,0.66402,0.66321,0.66333,10253.47
1765195200000,0.6633,0.66435,0.66139,0.66172,18942.81
1765209600000,0.66173,0.66291,0.66146,0.66229,12719.96
1765224000000,0.6623,0.66271,0.66154,0.66265,4281.88
1765238400000,0.66264,0.66302,0.66078,0.66253,10175.66
1765252800000,0.66253,0.66481,0.66224,0.66371,12840.9
1765267200000,0.66371,0.66481,0.66334,0.66378,15090.39
1765281600000,0.66378,0.66541,0.66308,0.66434,27712.23
1765296000000,0.66436,0.66534,0.66333,0.66387,18032.22
1765310400000,0.66387,0.6643,0.66305,0.6639,6469.63
1765324800000,0.66396,0.66466,0.66284,0.66368,9961.98
1765339200000,0.66371,0.66509,0.66355,0.6647,7629.86
1765353600000,0.6647,0.66534,0.66428,0.6647,13319.06
1765368000000,0.6647,0.66499,0.66291,0.66362,17514.18
1765382400000,0.66361,0.66686,0.66319,0.66664,31143.1
1765396800000,0.66664,0.66855,0.66628,0.66731,16164.52
1765411200000,0.66732,0.66786,0.6636,0.66364,16805.9
1765425600000,0.66366,0.66459,0.66261,0.66422,12568.21
1765440000000,0.66424,0.66606,0.66395,0.66573,16150.69
1765454400000,0.66575,0.66754,0.66534,0.66719,26969.99
1765468800000,0.66719,0.66745,0.66589,0.66655,17050.26
1765483200000,0.66653,0.66669,0.66566,0.6662,5881.1
1765497600000,0.6662,0.6674,0.66613,0.6664,8800.49
1765512000000,0.6664,0.66703,0.66593,0.66684,6915.18
1765526400000,0.66686,0.66767,0.66607,0.66662,13231.15
1765540800000,0.66661,0.667,0.66397,0.66428,26495.43
1765555200000,0.66427,0.66583,0.6632,0.66518,30815.15
1765569600000,0.66518,0.66556,0.66472,0.66502,5185.05
1765742400000,0.66404,0.66505,0.66316,0.6647,4411.7
1765756800000,0.66471,0.66547,0.6642,0.6644,11373.6
1765771200000,0.6644,0.66507,0.66404,0.66465,6577.07
1765785600000,0.66466,0.6653,0.66412,0.66497,10016.71
1765800000000,0.66496,0.66561,0.66397,0.66509,25423.42
1765814400000,0.66511,0.66517,0.66317,0.6642,17958.16
1765828800000,0.66419,0.66478,0.66309,0.66409,5717.13
1765843200000,0.66411,0.66426,0.66178,0.66346,17383.88
1765857600000,0.66347,0.66419,0.66282,0.66373,9546.85
1765872000000,0.66374,0.66436,0.66329,0.66369,11838.58
1765886400000,0.6637,0.66608,0.66285,0.66391,46363.37
1765900800000,0.66391,0.66432,0.66204,0.66365,35641.84
1765915200000,0.66365,0.66396,0.66275,0.66321,8779.7
1765929600000,0.6632,0.66331,0.66188,0.6626,12743.56
1765944000000,0.66261,0.66267,0.66119,0.66164,14009.83
1765958400000,0.66164,0.66229,0.6612,0.66162,12622.42
1765972800000,0.66164,0.66283,0.66068,0.66107,23731.67
1765987200000,0.66107,0.66176,0.65988,0.66043,28422.23
1766001600000,0.66043,0.66092,0.65998,0.66,6161.32
1766016000000,0.66001,0.66039,0.6592,0.65935,14594.53
1766030400000,0.65934,0.66121,0.65928,0.66079,9060.75
1766044800000,0.66078,0.66094,0.66028,0.6608,11029.87
1766059200000,0.6608,0.66305,0.66035,0.66154,34856.72
1766073600000,0.66154,0.66253,0.66027,0.66139,21902.05
1766088000000,0.66138,0.6615,0.66084,0.66132,7699.29
1766102400000,0.6613,0.66219,0.66077,0.661,13138.62
1766116800000,0.66102,0.6611,0.65997,0.66026,8532.27
1766131200000,0.66026,0.66096,0.66016,0.66055,13604.1
1766145600000,0.66053,0.66247,0.66008,0.66079,20633.34
1766160000000,0.6608,0.662,0.66074,0.66185,10669.07
1766174400000,0.66185,0.66199,0.66068,0.66068,3806.69
1766347200000,0.66113,0.66146,0.66053,0.66119,2925.77
1766361600000,0.66119,0.66252,0.66102,0.66205,9040.57
1766376000000,0.66202,0.66396,0.66202,0.66388,7446.5
1766390400000,0.66387,0.66428,0.66353,0.66427,9724.66
1766404800000,0.66425,0.66569,0.66407,0.66567,22167.16
1766419200000,0.66567,0.666,0.66511,0.66539,9961
1766433600000,0.66536,0.6661,0.66522,0.6657,5105.76
1766448000000,0.66572,0.66698,0.66554,0.66689,10659.95
1766462400000,0.6669,0.66779,0.66639,0.66749,12672.58
1766476800000,0.66748,0.66972,0.66735,0.66916,13632
1766491200000,0.66915,0.67,0.66755,0.6691,25637.55
1766505600000,0.66912,0.66988,0.66874,0.66979,12826.07
1766520000000,0.66979,0.67023,0.66956,0.67017,5423.07
1766534400000,0.67021,0.67131,0.66974,0.67037,11741.01
1766548800000,0.67037,0.67171,0.67021,0.6711,8454.03
1766563200000,0.67112,0.67138,0.67049,0.671,10336.97
1766577600000,0.67099,0.67136,0.66993,0.67115,16554.53
1766592000000,0.67115,0.67147,0.67024,0.67053,14035.8
1766606400000,0.67053,0.67089,0.66996,0.67011,9223.14
1766620800000,0.67004,0.67134,0.66972,0.67077,389.7
1766635200000,0.67077,0.67131,0.66933,0.66954,977.64
1766692800000,0.66954,0.67048,0.66954,0.67046,7933.08
1766707200000,0.67044,0.67175,0.67042,0.67065,9465.57
1766721600000,0.67063,0.67111,0.66997,0.67019,11230.69
1766736000000,0.67019,0.6706,0.66967,0.67042,11282.54
1766750400000,0.67043,0.67243,0.67021,0.6715,21510.37
1766764800000,0.6715,0.67152,0.6705,0.67099,21580.9
1766779200000,0.67106,0.67151,0.67104,0.6714,7702.66
1766952000000,0.66984,0.67155,0.66956,0.67142,3957.01
1766966400000,0.6714,0.67271,0.67135,0.67246,13750.44
1766980800000,0.67246,0.67256,0.67106,0.67116,13664.41
1766995200000,0.67114,0.67117,0.66927,0.66947,16537.11
1767009600000,0.66946,0.67028,0.66826,0.66954,29139.54
1767024000000,0.66953,0.66984,0.66861,0.66957,21407.99
1767038400000,0.66958,0.66965,0.6689,0.66947,6114.14
1767052800000,0.66946,0.67085,0.66915,0.67056,8781.88
1767067200000,0.67057,0.67175,0.67053,0.67063,7717.59
1767081600000,0.67062,0.67117,0.66983,0.67001,10339.68
1767096000000,0.67002,0.6705,0.66876,0.67003,20561.89
1767110400000,0.67003,0.67034,0.66927,0.66954,17550.73
1767124800000,0.66956,0.66985,0.66891,0.66953,4435.56
1767139200000,0.66954,0.67008,0.66907,0.66957,9280.55
1767153600000,0.66954,0.66968,0.66819,0.66878,10843.7
1767168000000,0.66876,0.66892,0.66753,0.66852,16298.43
1767182400000,0.66851,0.66896,0.66593,0.66679,26492.67
1767196800000,0.66679,0.66742,0.66635,0.66722,14821.86
1767211200000,0.66724,0.66746,0.66705,0.66726,4741.72
1767297600000,0.66617,0.66796,0.66617,0.6678,2931.7
1767312000000,0.66783,0.67018,0.66761,0.6698,7736.02
1767326400000,0.6698,0.67005,0.66887,0.66957,7894.51
1767340800000,0.66956,0.67067,0.66878,0.66904,15479.82
1767355200000,0.66903,0.66966,0.66861,0.66872,23837.96
1767369600000,0.66871,0.66897,0.6677,0.66883,21312.77
1767384000000,0.66883,0.66977,0.66865,0.66934,4500.23
1767556800000,0.66809,0.66929,0.66747,0.66832,5453.12
1767571200000,0.66834,0.66886,0.66705,0.66708,13619.99
1767585600000,0.66705,0.66822,0.66647,0.66764,9403.67
1767600000000,0.66762,0.66882,0.66705,0.66836,15502.11
1767614400000,0.66836,0.67109,0.66626,0.67076,25733.39
1767628800000,0.67078,0.67186,0.67075,0.67159,13691.26
1767643200000,0.6716,0.67173,0.67085,0.67127,5065.59
1767657600000,0.67129,0.67246,0.67029,0.67219,10222.3
1767672000000,0.67217,0.67388,0.67212,0.67306,10317.02
1767686400000,0.67304,0.67356,0.67116,0.67175,14152.82
1767700800000,0.67175,0.67355,0.67151,0.67296,22212.64
1767715200000,0.67296,0.6737,0.67227,0.67319,17285.11
1767729600000,0.67318,0.67414,0.67318,0.67342,6422.69
1767744000000,0.67345,0.67587,0.67165,0.67567,17407
1767758400000,0.67564,0.67661,0.67369,0.67396,10968.22
1767772800000,0.67395,0.67409,0.67343,0.67382,10819.3
1767787200000,0.67386,0.67459,0.67226,0.6727,30491.64
1767801600000,0.6727,0.67334,0.67217,0.67275,18223.1
1767816000000,0.67276,0.67285,0.6718,0.67216,6089.81
1767830400000,0.67216,0.67251,0.67092,0.67126,11246.57
1767844800000,0.67125,0.6714,0.66903,0.6696,13651.34
1767859200000,0.6696,0.67038,0.66891,0.66967,13303.28
1767873600000,0.66967,0.67007,0.66813,0.66978,20187.37
1767888000000,0.6698,0.66984,0.6688,0.6693,12478.17
1767902400000,0.66929,0.67038,0.66927,0.66984,5801.68
1767916800000,0.66982,0.66992,0.6688,0.66939,7912.63
1767931200000,0.6694,0.66981,0.66793,0.66815,6883.98
1767945600000,0.66816,0.66854,0.66759,0.66824,9899.53
1767960000000,0.66826,0.67031,0.66631,0.66801,39582.47
1767974400000,0.66802,0.66886,0.66749,0.66861,13442.84
1767988800000,0.66862,0.66907,0.66844,0.66844,3401.18
1768161600000,0.66756,0.6688,0.66741,0.66856,2565.07
1768176000000,0.66854,0.67062,0.6683,0.66976,14962.21
1768190400000,0.66978,0.67073,0.6692,0.67048,8024.14
1768204800000,0.67046,0.67119,0.67019,0.67057,12525.28
1768219200000,0.67056,0.67201,0.67028,0.67195,20809.44
1768233600000,0.67195,0.6722,0.67103,0.67138,16535.35
1768248000000,0.67138,0.67151,0.67064,0.67077,5218.85
1768262400000,0.67076,0.67164,0.67063,0.67095,8973.81
1768276800000,0.67096,0.67119,0.67014,0.67041,9184.03
1768291200000,0.67041,0.67075,0.6697,0.67039,10840.14
1768305600000,0.67039,0.67269,0.66778,0.66865,34028.97
1768320000000,0.66868,0.66875,0.66724,0.66811,23087.97
1768334400000,0.6681,0.66883,0.66783,0.66822,4667.91
1768348800000,0.66822,0.66998,0.66768,0.66988,9898.96
1768363200000,0.66989,0.67019,0.66923,0.66945,8981.01
1768377600000,0.66944,0.66975,0.6679,0.66814,15648.05
1768392000000,0.66812,0.66891,0.66751,0.66827,27777.69
1768406400000,0.66828,0.66881,0.66726,0.66791,15316.55
1768420800000,0.66794,0.66858,0.66762,0.66816,9662.39
1768435200000,0.66821,0.66856,0.66667,0.66718,9840.31
1768449600000,0.6672,0.66855,0.66704,0.66826,8309.58
1768464000000,0.66824,0.67005,0.66792,0.66966,9900.6
1768478400000,0.66965,0.66997,0.66741,0.66996,20372.29
1768492800000,0.66995,0.67094,0.66986,0.67018,15609.95
1768507200000,0.67016,0.67021,0.66939,0.67005,5044.16
1768521600000,0.67004,0.6705,0.66945,0.67037,9528.54
1768536000000,0.67036,0.67067,0.66954,0.66999,7609.8
1768550400000,0.66999,0.67092,0.66998,0.67034,13413.96
1768564800000,0.67033,0.67061,0.66706,0.66791,28721.94
1768579200000,0.66791,0.66859,0.66786,0.66836,12993.1
1768593600000,0.66833,0.66855,0.66779,0.66789,2742.65
1768766400000,0.66705,0.66904,0.66678,0.66875,6157.37
1768780800000,0.66873,0.66948,0.66763,0.66869,13998.13
1768795200000,0.66872,0.67006,0.66866,0.66893,10129.64
1768809600000,0.66893,0.67055,0.66892,0.67024,13119.69
1768824000000,0.67022,0.67137,0.67003,0.67108,12798
1768838400000,0.67107,0.67169,0.67096,0.67135,4130.81
1768852800000,0.67138,0.6715,0.67083,0.6709,3246.44
1768867200000,0.6709,0.6728,0.67063,0.67267,10523.38
1768881600000,0.67267,0.67439,0.67267,0.67432,12740.89
1768896000000,0.67431,0.67469,0.67232,0.6735,23116.09
1768910400000,0.67349,0.67448,0.67248,0.67412,40176.03
1768924800000,0.67412,0.67453,0.67315,0.67321,34129.5
1768939200000,0.67322,0.67372,0.67285,0.67305,7331.49
1768953600000,0.67307,0.67434,0.67292,0.67318,12082.65
1768968000000,0.67317,0.67553,0.67271,0.67519,12594.53
1768982400000,0.67519,0.67579,0.6743,0.67494,20435.26
1768996800000,0.67494,0.67775,0.67489,0.67702,35623.06
1769011200000,0.67701,0.67743,0.67528,0.67631,33499.44
1769025600000,0.67631,0.67645,0.67534,0.6754,11495.09
1769040000000,0.6754,0.68056,0.67535,0.68051,14190.81
1769054400000,0.68049,0.68108,0.67979,0.68034,9727.4
1769068800000,0.68035,0.68096,0.67954,0.6802,13442.91
1769083200000,0.6802,0.68254,0.6802,0.6825,21272.25
1769097600000,0.6825,0.68441,0.68243,0.68396,18571.79
1769112000000,0.68396,0.68427,0.68361,0.6839,5087.52
1769126400000,0.68388,0.68528,0.68359,0.68426,9974.28
1769140800000,0.68422,0.68536,0.6839,0.68424,10399.4
1769155200000,0.68424,0.68539,0.68339,0.68516,15666.06
1769169600000,0.68517,0.68735,0.68481,0.68721,19160.7
1769184000000,0.68722,0.68908,0.68644,0.68864,25448.72
1769198400000,0.68863,0.68985,0.68851,0.68923,5985.21
1769371200000,0.69219,0.69321,0.69095,0.69138,8687
1769385600000,0.6914,0.69283,0.69056,0.69122,20504.92
1769400000000,0.69121,0.69208,0.69079,0.69104,14600.79
1769414400000,0.69106,0.69271,0.69098,0.6921,18185.44
1769428800000,0.69211,0.69396,0.69067,0.69387,24857.94
1769443200000,0.69386,0.69405,0.69164,0.69184,20490.05
1769457600000,0.69183,0.69195,0.69082,0.69131,8879.57
1769472000000,0.69131,0.69281,0.69067,0.69152,12890.75
1769486400000,0.69153,0.69219,0.6906,0.6915,11721.27
1769500800000,0.69152,0.69321,0.6901,0.69312,18188
1769515200000,0.69312,0.69735,0.69307,0.69648,35743.2
1769529600000,0.69647,0.69818,0.69646,0.69794,25809.69
1769544000000,0.69793,0.70157,0.69758,0.69962,22945.69
1769558400000,0.69962,0.70221,0.69798,0.69898,26827.26
1769572800000,0.69901,0.70194,0.69847,0.69984,21270.94
1769587200000,0.69985,0.7014,0.69895,0.70016,23663.72
1769601600000,0.70016,0.7008,0.69764,0.69982,39072.81
1769616000000,0.69981,0.70126,0.69784,0.70093,36311.67
1769630400000,0.70093,0.70494,0.70088,0.70391,15554.56
1769644800000,0.7039,0.70785,0.70205,0.70783,22226.39
1769659200000,0.70783,0.70938,0.70628,0.70686,19907.93
1769673600000,0.70685,0.70767,0.70267,0.70378,25715.06
1769688000000,0.70379,0.70821,0.69685,0.69772,64144.08
1769702400000,0.69772,0.70376,0.69767,0.7026,50506.31
1769716800000,0.70259,0.7055,0.70232,0.7047,12231.91
1769731200000,0.70471,0.70525,0.6977,0.6997,39957.72
1769745600000,0.69969,0.70086,0.69815,0.69979,22764.87
1769760000000,0.69981,0.70237,0.69678,0.70228,38516.59
1769774400000,0.70227,0.70316,0.69856,0.70045,56746.95
1769788800000,0.70045,0.70048,0.69397,0.69725,64324.22
1769803200000,0.69726,0.69728,0.69604,0.69623,12315.51
1769976000000,0.69472,0.69523,0.692,0.69434,15312.15
1769990400000,0.69437,0.69703,0.69375,0.69405,51105.36
1770004800000,0.69405,0.69456,0.69082,0.69416,36471.28
1770019200000,0.69416,0.69701,0.69375,0.69572,32511.37
1770033600000,0.69571,0.69676,0.69396,0.69439,55431.77
1770048000000,0.69439,0.69659,0.69351,0.69449,33362.53
1770062400000,0.69448,0.69571,0.69409,0.69571,10684.08
1770076800000,0.69569,0.70257,0.69559,0.7022,25814.75
1770091200000,0.70219,0.705,0.70013,0.70423,30148.77
1770105600000,0.70422,0.70439,0.6997,0.69989,24748.53
1770120000000,0.69991,0.70152,0.69805,0.70135,37329.8
1770134400000,0.70134,0.7024,0.69929,0.70064,46118.83
1770148800000,0.70063,0.70262,0.70026,0.70225,12048.92
1770163200000,0.70224,0.70363,0.70132,0.70203,19856.9
1770177600000,0.70203,0.70359,0.70181,0.70337,12112.39
1770192000000,0.70335,0.70426,0.70101,0.70207,19337.71
1770206400000,0.70205,0.70354,0.69962,0.6998,47945.15
1770220800000,0.69978,0.70031,0.69711,0.69981,50135.78
1770235200000,0.69977,0.69998,0.69915,0.69942,9488
1770249600000,0.69941,0.7007,0.69578,0.69637,30808.35
1770264000000,0.69639,0.6985,0.69625,0.69756,15646.68
1770278400000,0.69755,0.69905,0.69645,0.69804,22291.74
1770292800000,0.69805,0.69852,0.694,0.69523,65893.03
1770307200000,0.69525,0.69795,0.69464,0.69591,40267.9
1770321600000,0.69594,0.69664,0.69126,0.69155,15986.75
1770336000000,0.69157,0.69465,0.68967,0.69403,36412.47
1770350400000,0.69403,0.69634,0.69366,0.69591,18378.97
1770364800000,0.69589,0.6987,0.69527,0.69853,21670.13
1770379200000,0.69852,0.70127,0.69792,0.70054,40227.45
1770393600000,0.70058,0.70244,0.70053,0.70165,17152.1
1770408000000,0.70165,0.70227,0.70099,0.70099,4592.49
1770580800000,0.70068,0.70373,0.70068,0.70354,5567.14
1770595200000,0.70354,0.70354,0.70154,0.70214,15390.99
1770609600000,0.70214,0.70425,0.70202,0.70321,14521.64
1770624000000,0.70322,0.70449,0.70134,0.70356,20387.47
1770638400000,0.70357,0.7092,0.70357,0.70881,36258.53
1770652800000,0.70882,0.70984,0.70815,0.7096,16754.5
1770667200000,0.70959,0.70968,0.70821,0.7083,6528.53
1770681600000,0.7083,0.70899,0.70737,0.70756,15236.82
1770696000000,0.70757,0.70787,0.7064,0.70711,9627.75
1770710400000,0.70709,0.70805,0.70673,0.70735,12665.41
1770724800000,0.70737,0.70903,0.70642,0.70846,34200.62
1770739200000,0.70845,0.7086,0.7066,0.70787,21707.34
1770753600000,0.70787,0.70797,0.7061,0.70732,6345.31
1770768000000,0.70733,0.71271,0.70725,0.71259,16862.41
1770782400000,0.71256,0.71277,0.71023,0.71077,13429.57
1770796800000,0.71074,0.71235,0.70981,0.71114,17385.66
1770811200000,0.71115,0.7136,0.70712,0.71075,74386.87
1770825600000,0.71076,0.71428,0.70999,0.71294,37768.59
1770840000000,0.71291,0.713,0.71179,0.71241,9755.82
1770854400000,0.71239,0.71467,0.7119,0.71295,14833.06
1770868800000,0.71294,0.71371,0.71045,0.71189,16901.72
1770883200000,0.7119,0.71296,0.71082,0.71286,14998.07
1770897600000,0.71285,0.71442,0.71156,0.71331,36439.26
1770912000000,0.7133,0.71331,0.70752,0.70956,58774.57
1770926400000,0.70957,0.70978,0.70824,0.70875,9945.6
1770940800000,0.70873,0.7097,0.70802,0.70833,15384.51
1770955200000,0.70834,0.70914,0.70431,0.70598,16764.76
1770969600000,0.706,0.7079,0.70452,0.70499,19809.73
1770984000000,0.70498,0.70809,0.70445,0.70602,67323.61
1770998400000,0.70602,0.70856,0.70572,0.70711,34477.14
1771012800000,0.70711,0.70772,0.7065,0.70684,7011.39
1771185600000,0.70609,0.7072,0.70554,0.70711,3085.13
1771200000000,0.70711,0.70866,0.70678,0.70837,10619.29
1771214400000,0.70837,0.70947,0.70805,0.70873,7741.74
1771228800000,0.70872,0.70963,0.70767,0.7083,14213.38
1771243200000,0.70831,0.70878,0.70676,0.70682,12315.09
1771257600000,0.70682,0.70751,0.70669,0.70751,4374.98
1771272000000,0.70751,0.70762,0.70674,0.70719,2214.06
1771286400000,0.7072,0.70755,0.70459,0.70547,12963.63
1771300800000,0.70546,0.70688,0.7054,0.70639,11371.58
1771315200000,0.70639,0.70765,0.70585,0.70614,17892.28
1771329600000,0.70614,0.70661,0.70277,0.70431,51159.28
1771344000000,0.70429,0.70898,0.70429,0.70815,30520.03
1771358400000,0.70817,0.70875,0.70747,0.70814,6352.13
1771372800000,0.70813,0.70843,0.70646,0.70685,10422.66
1771387200000,0.70687,0.70736,0.7063,0.70692,7267.33
1771401600000,0.70693,0.70807,0.70677,0.70706,14361.14
1771416000000,0.70709,0.70776,0.70506,0.70717,29985.3
1771430400000,0.70716,0.7077,0.70345,0.70375,23456.04
1771444800000,0.70375,0.70464,0.70349,0.70424,6480.62
1771459200000,0.70425,0.7071,0.70388,0.70635,13064.16
1771473600000,0.70636,0.70751,0.70449,0.70739,9901.1
1771488000000,0.70737,0.70798,0.70417,0.70457,20674.83
1771502400000,0.70455,0.70673,0.70237,0.7057,45919.83
1771516800000,0.7057,0.706,0.70423,0.70474,29827.94
1771531200000,0.70476,0.70616,0.70475,0.70552,8476.01
1771545600000,0.70553,0.70577,0.7015,0.70294,17530.07
1771560000000,0.70292,0.7054,0.70275,0.70414,12138.41
1771574400000,0.70414,0.70665,0.70385,0.70469,17662.15
1771588800000,0.70468,0.70879,0.70397,0.70854,65931.13
1771603200000,0.70854,0.70942,0.706,0.70786,57679.61
1771617600000,0.70787,0.70868,0.70772,0.70816,8120.29
1771790400000,0.70715,0.71116,0.70707,0.71115,6957.67
1771804800000,0.71113,0.71115,0.70671,0.70698,26169.75
1771819200000,0.70699,0.70832,0.70658,0.70804,11241.39
1771833600000,0.70805,0.70903,0.70688,0.707,18865.09
1771848000000,0.707,0.7082,0.70554,0.70597,35424.73
1771862400000,0.70597,0.70668,0.7048,0.70547,25455.18
1771876800000,0.70547,0.70625,0.70469,0.70594,7174.71
1771891200000,0.70593,0.7073,0.70478,0.7065,16601.73
1771905600000,0.70649,0.70732,0.70564,0.70677,13197.77
1771920000000,0.70679,0.70702,0.70439,0.70464,15136.66
1771934400000,0.70463,0.70591,0.70263,0.70522,32196.05
1771948800000,0.70522,0.70698,0.70517,0.70598,14220.03
1771963200000,0.70597,0.7065,0.70558,0.70581,4581.2
1771977600000,0.70582,0.71052,0.70567,0.71004,21687.81
1771992000000,0.71002,0.71163,0.70977,0.71035,13029.45
1772006400000,0.71037,0.71078,0.70727,0.708,16550.68
1772020800000,0.70798,0.71086,0.70793,0.71085,24139.96
1772035200000,0.71086,0.7124,0.71072,0.71218,12684.11
1772049600000,0.71219,0.71257,0.71155,0.71196,7006.54
1772064000000,0.71194,0.71362,0.71137,0.71228,15162.16
1772078400000,0.71226,0.71353,0.71203,0.71223,13344.92
1772092800000,0.71222,0.71229,0.71095,0.71102,14683.77
1772107200000,0.71104,0.71238,0.70665,0.70986,46531.79
1772121600000,0.70988,0.711,0.70729,0.71081,31420.57
1772136000000,0.71082,0.71119,0.70966,0.7102,9278.78
1772150400000,0.7102,0.71213,0.70957,0.7118,17726.65
1772164800000,0.71179,0.71318,0.71165,0.71228,14731.04
1772179200000,0.71229,0.71279,0.71017,0.7107,19235.9
1772193600000,0.71073,0.71316,0.7086,0.71257,50374.42
1772208000000,0.71259,0.71304,0.71106,0.71139,27100.33
1772222400000,0.71139,0.71217,0.71115,0.71137,8105.68
1772395200000,0.70389,0.70858,0.70341,0.70557,13279.09
1772409600000,0.70556,0.71164,0.70516,0.71093,44098.27
1772424000000,0.71092,0.71122,0.7048,0.70576,32494.78
1772438400000,0.70576,0.70973,0.70445,0.70834,39026.8
1772452800000,0.70836,0.70871,0.70514,0.70581,66574.34
1772467200000,0.7058,0.71055,0.70528,0.71035,28832.06
1772481600000,0.71033,0.7108,0.70715,0.71021,20371.7
1772496000000,0.71024,0.71224,0.70867,0.71085,36111.93
1772510400000,0.71086,0.71138,0.70758,0.70774,37642.93
1772524800000,0.70773,0.70812,0.70077,0.70259,68432.86
1772539200000,0.70259,0.70454,0.69437,0.69947,106240.94
1772553600000,0.69949,0.7057,0.6991,0.70422,91055.16
1772568000000,0.70424,0.70525,0.70259,0.70384,18992.46
1772582400000,0.70387,0.70391,0.69856,0.70071,59357.35
1772596800000,0.70071,0.70435,0.69842,0.70297,47747.73
1772611200000,0.70298,0.7073,0.70117,0.70495,56394.74
1772625600000,0.70495,0.70719,0.70327,0.70708,76799.13
1772640000000,0.70711,0.70827,0.70606,0.70822,30910.03
1772654400000,0.70822,0.70829,0.70715,0.70752,9564.5
1772668800000,0.70751,0.70888,0.70489,0.70521,33744.96
1772683200000,0.70521,0.70561,0.70277,0.70345,32707.9
1772697600000,0.70346,0.70705,0.70107,0.70489,49939.54
1772712000000,0.7049,0.70573,0.70026,0.70125,63924.85
1772726400000,0.70127,0.70129,0.69732,0.69814,69504.62
1772740800000,0.69815,0.70144,0.69773,0.70088,21287.74
1772755200000,0.70089,0.70405,0.70081,0.70388,23208.32
1772769600000,0.70389,0.70471,0.70269,0.70434,18143.12
1772784000000,0.70434,0.70457,0.69899,0.69929,39296.51
1772798400000,0.69931,0.70269,0.69764,0.70038,106494.83
1772812800000,0.70041,0.70305,0.70029,0.70249,60698.43
1772827200000,0.7025,0.70297,0.70132,0.70284,17166.04
1773000000000,0.69806,0.69961,0.69631,0.69684,22658.33
1773014400000,0.69682,0.69995,0.69559,0.6991,53040.43
1773028800000,0.69909,0.70217,0.69867,0.70092,48192.8
1773043200000,0.70094,0.70331,0.69812,0.70134,70549.95
1773057600000,0.70134,0.7049,0.70065,0.70439,83227.47
1773072000000,0.70441,0.70781,0.70331,0.70689,49679.74
1773086400000,0.70688,0.70818,0.70629,0.70675,14953.21
1773100800000,0.70675,0.70764,0.70529,0.70585,39185.81
1773115200000,0.70586,0.71191,0.70553,0.71134,28348.06
1773129600000,0.71126,0.71245,0.70932,0.71197,44999.11
1773144000000,0.71198,0.71537,0.7104,0.7149,70910.18
1773158400000,0.71488,0.71679,0.71148,0.7119,65053.97
1773172800000,0.71192,0.71226,0.7112,0.71189,7364.95
1773187200000,0.71188,0.71746,0.71161,0.71735,23542.64
1773201600000,0.71734,0.71851,0.71549,0.71634,24739.55
1773216000000,0.71632,0.7174,0.71433,0.71576,38384.06
1773230400000,0.71574,0.7187,0.71427,0.71491,70828.66
1773244800000,0.7149,0.7159,0.71364,0.71558,30307.04
1773259200000,0.71557,0.71563,0.7125,0.71285,13025.06
1773273600000,0.71287,0.71604,0.71233,0.71362,24998.87
1773288000000,0.71362,0.71369,0.71108,0.71342,21260.37
1773302400000,0.71344,0.71477,0.7123,0.71363,24251.51
1773316800000,0.71365,0.71371,0.70718,0.7088,74026.47
1773331200000,0.70879,0.71001,0.70753,0.70773,43729.81
1773345600000,0.70774,0.70805,0.70711,0.70757,7588.95
1773360000000,0.70755,0.70919,0.70604,0.70706,20330.1
1773374400000,0.70703,0.70712,0.70207,0.70247,23699.42
1773388800000,0.70257,0.70494,0.70154,0.70491,40919
1773403200000,0.70493,0.70623,0.70018,0.70018,70781.69
1773417600000,0.70018,0.70134,0.69899,0.69904,41704.6
1773432000000,0.69904,0.69912,0.69785,0.69794,3281.39
1773604800000,0.69914,0.70062,0.69855,0.70044,11465.29
1773619200000,0.70045,0.70187,0.69963,0.70101,24524.43
1773633600000,0.70101,0.70216,0.70035,0.70125,16950.99
1773648000000,0.70126,0.70539,0.70067,0.70498,26780.91
1773662400000,0.705,0.70755,0.70495,0.70546,36042.43
1773676800000,0.70543,0.70822,0.70442,0.70728,29531.41
1773691200000,0.70729,0.70741,0.70621,0.70666,4981.69
1773705600000,0.70668,0.70938,0.70486,0.70658,20315.51
1773720000000,0.70657,0.70891,0.70551,0.70667,23811.07
1773734400000,0.70666,0.70903,0.70603,0.70791,27439.76
1773748800000,0.70789,0.71179,0.70767,0.70992,42821.95
1773763200000,0.7099,0.7115,0.70929,0.7104,22561.33
1773777600000,0.71041,0.71092,0.7094,0.71081,5919.06
1773792000000,0.71082,0.7118,0.70993,0.71113,15511.15
1773806400000,0.71114,0.7123,0.71078,0.71121,11984.59
1773820800000,0.7112,0.7113,0.70909,0.70996,18814.18
1773835200000,0.70996,0.71003,0.70451,0.7076,63899.44
1773849600000,0.70762,0.70904,0.70337,0.70355,39667.41
1773864000000,0.70353,0.70373,0.70177,0.7029,10388.46
1773878400000,0.70289,0.70552,0.70265,0.70461,28382.65
1773892800000,0.70461,0.70463,0.70228,0.70259,23509.41
1773907200000,0.70258,0.7063,0.70228,0.70423,56211.52
1773921600000,0.70421,0.70603,0.69992,0.70349,110323.24
1773936000000,0.70348,0.71085,0.70333,0.70842,66226.29
1773950400000,0.70843,0.7092,0.70778,0.70796,9549.03
1773964800000,0.70797,0.70919,0.70727,0.70818,21077.4
1773979200000,0.70819,0.70967,0.70744,0.70906,16920.49
1773993600000,0.70906,0.70942,0.7052,0.7079,37067.55
1774008000000,0.70793,0.70867,0.70257,0.70317,70997.61
1774022400000,0.70317,0.70482,0.70048,0.70166,51834.09
1774036800000,0.70166,0.70246,0.7014,0.70179,5670.27
1774209600000,0.69969,0.7013,0.69942,0.70097,11146.67
1774224000000,0.70097,0.7015,0.69756,0.69809,48209.92
1774238400000,0.6981,0.6985,0.69495,0.69529,33673.03
1774252800000,0.69535,0.70429,0.69102,0.69851,94909.35
1774267200000,0.6985,0.70621,0.69726,0.69924,128779.87
1774281600000,0.69924,0.70289,0.69823,0.70107,65965.36
1774296000000,0.70107,0.70246,0.70005,0.70079,9604.54
1774310400000,0.70077,0.70084,0.69642,0.69676,51139.55
1774324800000,0.69677,0.70146,0.69549,0.69894,41640.83
1774339200000,0.69889,0.69897,0.6953,0.69687,52308.03
1774353600000,0.69688,0.69884,0.69445,0.69638,94194.19
1774368000000,0.69638,0.69771,0.6938,0.69679,60359.85
1774382400000,0.69681,0.70133,0.69662,0.69943,26231.97
1774396800000,0.69944,0.70034,0.69692,0.6977,30285.86
1774411200000,0.69768,0.69798,0.69607,0.69666,20699.03
1774425600000,0.69667,0.69891,0.6958,0.69662,37350.25
1774440000000,0.69666,0.69725,0.69425,0.69607,63059.31
1774454400000,0.69605,0.69704,0.69452,0.69484,36260.3
1774468800000,0.69485,0.69531,0.69388,0.69424,7648.02
1774483200000,0.69422,0.69521,0.69317,0.69501,20405.7
1774497600000,0.69501,0.69565,0.69382,0.69385,20390.17
1774512000000,0.69388,0.69438,0.69091,0.69097,27849.68
1774526400000,0.69098,0.69286,0.6901,0.69106,63550.97
1774540800000,0.69106,0.69127,0.68761,0.68766,29223.4
1774555200000,0.68767,0.69183,0.68752,0.68859,18363.65
1774569600000,0.68857,0.69054,0.68715,0.69048,21022.46
1774584000000,0.69048,0.69118,0.68823,0.68893,19063.66
1774598400000,0.68891,0.69013,0.68829,0.68877,32592.36
1774612800000,0.68876,0.69015,0.68762,0.68879,57679.29
1774627200000,0.68879,0.68944,0.68638,0.6873,33240.8
1774641600000,0.6873,0.68796,0.6865,0.68711,7181.26
1774814400000,0.68651,0.68682,0.68458,0.68499,11331.09
1774828800000,0.68501,0.6872,0.68424,0.68688,32681.79
1774843200000,0.68689,0.68738,0.68474,0.68509,19751.32
1774857600000,0.68505,0.68688,0.6847,0.6859,24543.09
1774872000000,0.68591,0.68654,0.68329,0.68566,48572.51
1774886400000,0.68566,0.68609,0.68414,0.68493,27155.54
1774900800000,0.68492,0.68543,0.68367,0.68449,7679.51
1774915200000,0.6845,0.68745,0.68337,0.68484,41282.6
1774929600000,0.68486,0.6867,0.68383,0.6866,26631.74
1774944000000,0.68658,0.68859,0.68494,0.68823,33034.05
1774958400000,0.68826,0.68899,0.68348,0.68534,70485.73
1774972800000,0.68533,0.69005,0.6852,0.68992,76794.96
1774987200000,0.68991,0.6921,0.68892,0.692,9340.83
1775001600000,0.69198,0.69299,0.69003,0.69039,23806.53
1775016000000,0.6904,0.69467,0.68992,0.69282,31357.44
1775030400000,0.6928,0.6959,0.69249,0.69541,31813.35
1775044800000,0.6954,0.69632,0.69328,0.69433,69130.42
1775059200000,0.69432,0.69506,0.69124,0.69225,30816.32
1775073600000,0.69227,0.69291,0.69176,0.69228,7397.8
1775088000000,0.69227,0.69405,0.68785,0.68828,59835.73
1775102400000,0.68828,0.68843,0.68656,0.68842,24953.04
1775116800000,0.68843,0.68854,0.68593,0.68655,18890.76
1775131200000,0.68657,0.69178,0.68648,0.69095,69494.4
1775145600000,0.69095,0.69171,0.69024,0.69062,32074.51
1775160000000,0.69062,0.69128,0.6894,0.69105,3747.01
1775174400000,0.69106,0.69155,0.69046,0.69064,3746.91
1775188800000,0.69066,0.69147,0.6903,0.69083,4051.14
1775203200000,0.69081,0.69095,0.69032,0.69073,7137.16
1775217600000,0.69074,0.69109,0.68904,0.68916,15250.01
1775232000000,0.68917,0.68948,0.68835,0.68845,14366.41
1775246400000,0.68845,0.68977,0.6881,0.68833,1828.96
1775419200000,0.68832,0.68904,0.68758,0.68845,8077.2
1775433600000,0.68842,0.69161,0.6884,0.69026,15282.17
1775448000000,0.69028,0.69327,0.6902,0.69285,13857.99
1775462400000,0.69285,0.69358,0.69183,0.69281,23940.65
1775476800000,0.69283,0.69377,0.69111,0.69175,38767.15
1775491200000,0.69174,0.69244,0.69052,0.69187,23941.48
1775505600000,0.69189,0.69226,0.69133,0.69159,5396.88
1775520000000,0.69158,0.69221,0.6898,0.69109,20089.04
1775534400000,0.6911,0.69216,0.69084,0.69153,18029.13
1775548800000,0.69152,0.69482,0.69147,0.69359,44748.17
1775563200000,0.69358,0.69516,0.69241,0.69427,54467.63
1775577600000,0.69427,0.6973,0.69399,0.69701,40104.31
1775592000000,0.69702,0.70771,0.69618,0.7076,39950.95
1775606400000,0.70763,0.70842,0.70425,0.70522,42810.42
1775620800000,0.70523,0.70828,0.70518,0.70602,33786.29
1775635200000,0.706,0.70624,0.70322,0.70536,29312.6
1775649600000,0.7054,0.70778,0.70431,0.70603,69560.57
1775664000000,0.70603,0.70621,0.70283,0.70523,33154.31
1775678400000,0.70522,0.70539,0.70314,0.70384,7197.25
1775692800000,0.70385,0.70412,0.70246,0.70397,18960.1
1775707200000,0.70395,0.70459,0.70262,0.70285,18275.69
1775721600000,0.70283,0.70453,0.70217,0.70453,17144.84
1775736000000,0.70452,0.70857,0.70334,0.70849,44472.03
1775750400000,0.70849,0.70944,0.70725,0.70846,27500.91
1775764800000,0.70846,0.70858,0.70711,0.70746,6972.81
1775779200000,0.70746,0.70827,0.70664,0.70692,12583.83
1775793600000,0.7069,0.70725,0.70531,0.70546,12255.69
1775808000000,0.70545,0.70719,0.70534,0.70713,18431.61
1775822400000,0.70714,0.70934,0.70707,0.70762,38673.19
1775836800000,0.70763,0.70817,0.70645,0.70763,17618.23
1775851200000,0.70766,0.70778,0.70548,0.70624,3803.51
1776024000000,0.69933,0.70215,0.69863,0.70191,13083.7
1776038400000,0.70191,0.70421,0.70162,0.70379,17245.91
1776052800000,0.70379,0.70583,0.70341,0.7056,15322.13
1776067200000,0.70559,0.70583,0.70341,0.70347,17745.61
1776081600000,0.70348,0.70697,0.70288,0.70615,41518.2
1776096000000,0.70617,0.71002,0.7057,0.70962,23891.27
1776110400000,0.70963,0.7102,0.70882,0.70986,6083.18
1776124800000,0.70987,0.70987,0.70782,0.70842,12914.96
1776139200000,0.70841,0.71038,0.70768,0.7096,17680.16
1776153600000,0.70959,0.71299,0.70931,0.7126,18629.37
1776168000000,0.71261,0.71475,0.71201,0.71301,38246.37
1776182400000,0.71301,0.7135,0.71239,0.71258,14727.2
1776196800000,0.71259,0.71326,0.71024,0.71285,6760.24
1776211200000,0.71284,0.71321,0.71219,0.71302,13156.51
1776225600000,0.71299,0.71477,0.71297,0.71424,16986.12
1776240000000,0.71426,0.71476,0.71292,0.71402,24273.86
1776254400000,0.714,0.71665,0.71334,0.71594,32890.1
1776268800000,0.71594,0.71774,0.71587,0.71736,17103.77
1776283200000,0.71734,0.71756,0.71572,0.7175,4405.35
1776297600000,0.7175,0.7197,0.71624,0.71917,19095.97
1776312000000,0.71917,0.71951,0.71771,0.71827,19597.1
1776326400000,0.71827,0.71839,0.71637,0.71732,17491.29
1776340800000,0.71732,0.71778,0.71606,0.71688,37916.29
1776355200000,0.71689,0.71745,0.71518,0.71607,25126.37
1776369600000,0.71607,0.71645,0.71461,0.71582,5080.14
1776384000000,0.7158,0.71661,0.71535,0.71646,11326.59
1776398400000,0.71645,0.71722,0.71605,0.71717,12892.37
1776412800000,0.71719,0.71821,0.71667,0.71722,15465.44
1776427200000,0.71723,0.72214,0.71711,0.71901,82739.35
1776441600000,0.71901,0.71927,0.71689,0.71701,20890.67
1776456000000,0.717,0.71723,0.71647,0.71662,2817.05
1776628800000,0.71215,0.71442,0.71152,0.71343,8378.78
1776643200000,0.71344,0.71582,0.71317,0.71536,17751.42
1776657600000,0.71538,0.7165,0.71417,0.71476,22733.31
1776672000000,0.71475,0.7164,0.71459,0.71608,22701.62
1776686400000,0.71609,0.71773,0.71533,0.71735,41752.99
1776700800000,0.71736,0.71794,0.71689,0.7179,12640.48
1776715200000,0.71789,0.71823,0.71708,0.71734,5162.24
1776729600000,0.71735,0.71818,0.71645,0.71662,11465.07
1776744000000,0.71663,0.71725,0.71525,0.71525,13421.33
1776758400000,0.71524,0.71655,0.7143,0.71648,17664.04
1776772800000,0.71649,0.71854,0.71514,0.71623,38693.3
1776787200000,0.71624,0.71675,0.71297,0.71351,44345.34
1776801600000,0.71352,0.7163,0.71338,0.71555,11050.46
1776816000000,0.71557,0.71633,0.71526,0.71543,12780.94
1776830400000,0.71542,0.71757,0.71541,0.71683,16998.2
1776844800000,0.71684,0.71726,0.71493,0.71524,19682.23
1776859200000,0.71525,0.71694,0.71458,0.71604,35079.67
1776873600000,0.71608,0.71648,0.71551,0.71584,14932.52
1776888000000,0.71584,0.71609,0.71501,0.71571,3862.51
1776902400000,0.71571,0.71663,0.71363,0.714,33588.84
1776916800000,0.71399,0.71575,0.71379,0.7157,17717.28
1776931200000,0.71572,0.71579,0.71325,0.715,27991.95
1776945600000,0.71499,0.71629,0.71367,0.71549,46513.03
1776960000000,0.71549,0.71566,0.71106,0.71327,54669.64
1776974400000,0.71329,0.71335,0.71192,0.71288,5116.09
1776988800000,0.7129,0.71356,0.71142,0.71187,16803.75
1777003200000,0.71187,0.7134,0.71165,0.71331,14128.28
1777017600000,0.71331,0.71515,0.7126,0.71436,26070.53
1777032000000,0.71438,0.7155,0.71253,0.71524,42481.91
1777046400000,0.71524,0.71545,0.71456,0.7151,15012.68
1777060800000,0.71509,0.71528,0.71473,0.71481,3687.08
1777233600000,0.71282,0.71464,0.71281,0.71419,3892.46
1777248000000,0.71422,0.71771,0.71422,0.71735,15019.68
1777262400000,0.71734,0.71779,0.71569,0.71767,16410.92
1777276800000,0.71765,0.71899,0.71734,0.71846,15535.73
1777291200000,0.71847,0.71996,0.71823,0.71918,31626.44
1777305600000,0.71918,0.71933,0.71841,0.71858,9805.92
1777320000000,0.7186,0.71904,0.71788,0.71901,3286.74
1777334400000,0.71903,0.71944,0.71735,0.71842,14986.25
1777348800000,0.71842,0.71858,0.71618,0.71776,27235.37
1777363200000,0.71779,0.71806,0.71514,0.71534,35668.57
1777377600000,0.71533,0.71802,0.71505,0.71797,47052.25
1777392000000,0.71798,0.71867,0.71749,0.71799,13973.73
1777406400000,0.71798,0.71864,0.71673,0.71864,3405.58
1777420800000,0.71864,0.71893,0.71593,0.71611,23618.13
1777435200000,0.71614,0.71664,0.7154,0.71631,21597.91
1777449600000,0.71631,0.71651,0.71486,0.71584,23601.23
1777464000000,0.71582,0.71659,0.71182,0.71284,56221.78
1777478400000,0.71286,0.71366,0.71011,0.71167,42139.05
1777492800000,0.71168,0.71283,0.71064,0.71275,10562.83
1777507200000,0.71278,0.71324,0.7117,0.71252,25149.48
1777521600000,0.71252,0.71305,0.71097,0.71277,32012.64
1777536000000,0.71277,0.71668,0.71269,0.71532,57964.23
1777550400000,0.7153,0.71912,0.71443,0.71823,70760.87
1777564800000,0.71825,0.72026,0.71775,0.71967,23542.17
1777579200000,0.71966,0.72044,0.71891,0.72001,7150.1
1777593600000,0.72002,0.72047,0.71941,0.71953,13620.2
1777608000000,0.71953,0.72026,0.71859,0.71944,21879.62
1777622400000,0.71952,0.71996,0.7183,0.71963,22063.75
1777636800000,0.71962,0.72275,0.7194,0.7217,52055.66
1777651200000,0.7217,0.72208,0.72015,0.72044,22292.41
1777665600000,0.72046,0.72056,0.71953,0.7198,3047.2
1777838400000,0.7211,0.72201,0.72041,0.7209,4676.11
1777852800000,0.7209,0.7217,0.72002,0.72135,19643.53
1777867200000,0.72135,0.7214,0.71882,0.71908,23281.37
1777881600000,0.71907,0.71993,0.71675,0.71781,42001.3
1777896000000,0.71781,0.71954,0.71618,0.71651,51731.95
1777910400000,0.71651,0.71744,0.71529,0.71712,29638.75
1777924800000,0.71709,0.7171,0.71641,0.71668,3679.19
1777939200000,0.71668,0.71711,0.71524,0.71527,14070.44
1777953600000,0.71527,0.71705,0.71353,0.71516,26755.65
1777968000000,0.71516,0.7174,0.71513,0.71719,19732.95
1777982400000,0.71717,0.71973,0.71667,0.7194,34314.27
1777996800000,0.71938,0.71951,0.71809,0.71826,11093.44
1778011200000,0.71827,0.72079,0.71771,0.72028,9099.58
1778025600000,0.7203,0.7242,0.72017,0.72318,30350.8
1778040000000,0.72319,0.72505,0.72305,0.72417,29800.66
1778054400000,0.72415,0.72772,0.72322,0.72501,45451.64
1778068800000,0.725,0.72501,0.72285,0.72335,44108.23
1778083200000,0.72335,0.7241,0.72237,0.72374,14550.19
1778097600000,0.72373,0.72405,0.72283,0.72347,4673.58
1778112000000,0.72346,0.72484,0.72314,0.72416,20398.84
1778126400000,0.72415,0.72632,0.72399,0.72614,21298.71
1778140800000,0.72616,0.72639,0.72514,0.72581,19555.44
1778155200000,0.72582,0.72595,0.72385,0.72391,33788.31
1778169600000,0.72393,0.72424,0.7214,0.72143,33561.01
1778184000000,0.72144,0.72273,0.72005,0.7208,10518.97
1778198400000,0.72081,0.72206,0.71997,0.72147,23275.59
1778212800000,0.72149,0.72303,0.72134,0.72235,21481.91
1778227200000,0.72238,0.7241,0.72218,0.72354,17879.14
1778241600000,0.72356,0.72486,0.72274,0.72411,41982.12
1778256000000,0.72411,0.72478,0.72397,0.72459,12369.25
1778270400000,0.72459,0.72486,0.7244,0.7244,3738.94
1778443200000,0.72187,0.7238,0.72172,0.72338,5389.1
1778457600000,0.72339,0.72399,0.72274,0.72286,21318.78
1778472000000,0.72285,0.72423,0.72248,0.724,14468.16
1778486400000,0.72403,0.72481,0.72351,0.72427,14655.07
1778500800000,0.7243,0.72591,0.72373,0.72573,25136.64
1778515200000,0.72571,0.72576,0.72464,0.72486,11629.92
1778529600000,0.72487,0.72515,0.72441,0.72453,3881.62
1778544000000,0.72453,0.72454,0.72219,0.72287,19422.27
1778558400000,0.72288,0.72351,0.72085,0.72169,22346.6
1778572800000,0.72169,0.72311,0.72124,0.72283,22746.19
1778587200000,0.72284,0.72326,0.72139,0.7222,43217.89
1778601600000,0.7222,0.72416,0.72138,0.72383,16303.31
1778616000000,0.72384,0.7242,0.72357,0.72369,3689.04
1778630400000,0.7237,0.72472,0.72302,0.72349,19499.84
1778644800000,0.72349,0.72423,0.72311,0.72337,16926.27
1778659200000,0.72334,0.72531,0.72326,0.72497,16695.05
1778673600000,0.72496,0.72713,0.72356,0.72615,36309.12
1778688000000,0.72615,0.7269,0.72514,0.72527,15832.22
1778702400000,0.72526,0.72604,0.72502,0.72537,4930.33
1778716800000,0.72537,0.7257,0.72435,0.72509,16792.38
1778731200000,0.7251,0.72639,0.72402,0.72419,19955.05
1778745600000,0.72416,0.72536,0.72379,0.72387,19508.18
1778760000000,0.72385,0.72428,0.72191,0.72237,33673.96
1778774400000,0.72237,0.72265,0.72154,0.72194,16634.62
1778788800000,0.72195,0.72225,0.72129,0.72135,7795.2
1778803200000,0.72137,0.7218,0.71845,0.71931,23135.5
1778817600000,0.71931,0.71934,0.71554,0.71665,27510.96
1778832000000,0.71667,0.71797,0.71394,0.71517,30489.53
1778846400000,0.71517,0.71659,0.71432,0.71499,41230.8
1778860800000,0.71501,0.7163,0.71475,0.71493,17809.15
1778875200000,0.71493,0.71493,0.71437,0.71462,2316.21
1779048000000,0.71429,0.71536,0.71274,0.71293,8379.23
1779062400000,0.71293,0.71345,0.71181,0.7134,29599.5
1779076800000,0.71339,0.71577,0.71262,0.71515,21920.43
1779091200000,0.71516,0.71678,0.71458,0.71596,24187.01
1779105600000,0.71598,0.7184,0.71481,0.71585,48507.14
1779120000000,0.71584,0.71745,0.71474,0.71678,29437.22
1779134400000,0.71679,0.71764,0.7148,0.717,5084.66
1779148800000,0.71701,0.71723,0.71356,0.71368,23867.43
1779163200000,0.71367,0.71384,0.71246,0.71249,21563.44
1779177600000,0.7125,0.71256,0.71082,0.71166,23821.29
1779192000000,0.71165,0.71225,0.70789,0.70994,49199.68
1779206400000,0.70997,0.71161,0.70952,0.71084,19004.47
1779220800000,0.71085,0.71124,0.71036,0.71037,4397.65
1779235200000,0.71035,0.71065,0.70865,0.71026,28421.18
1779249600000,0.71027,0.7113,0.7097,0.71068,19875.03
1779264000000,0.71067,0.71344,0.71044,0.71274,15768.89
1779278400000,0.71275,0.71739,0.71147,0.71504,49151.45
1779292800000,0.71502,0.71618,0.71486,0.71586,22238.61
1779307200000,0.71586,0.71586,0.71453,0.71488,5112.72
1779321600000,0.7149,0.71563,0.70994,0.71185,24725.83
1779336000000,0.71183,0.71295,0.71077,0.7118,23964.82
1779350400000,0.71181,0.7142,0.71156,0.71251,33983.79
1779364800000,0.71251,0.71375,0.71156,0.71322,43083.96
1779379200000,0.71324,0.71681,0.71322,0.71539,36471.5
1779393600000,0.71542,0.71552,0.71454,0.71474,4664.2
1779408000000,0.71475,0.71476,0.7134,0.71394,11660.22
1779422400000,0.71393,0.71459,0.71268,0.7134,13087.44
1779436800000,0.71339,0.71439,0.71193,0.71212,16990.66
1779451200000,0.71212,0.71423,0.7116,0.71305,33727.36
1779465600000,0.71304,0.7142,0.71282,0.71314,15756.68
1779480000000,0.71316,0.7132,0.71243,0.71255,3524.55
1779652800000,0.71546,0.71614,0.71529,0.71564,6225.35
1779667200000,0.71563,0.71724,0.71534,0.71609,11459.21
1779681600000,0.71608,0.71713,0.71517,0.71601,11134.54
1779696000000,0.71602,0.71749,0.71578,0.71693,7926.08
1779710400000,0.71691,0.71817,0.71666,0.71727,13068.12
1779724800000,0.71727,0.71763,0.71698,0.71752,2710.37
1779739200000,0.71754,0.71762,0.71672,0.71676,3516.09
1779753600000,0.71677,0.7172,0.71611,0.71706,11327.23
1779768000000,0.71705,0.71712,0.71549,0.71631,12859.4
1779782400000,0.71633,0.71684,0.71587,0.71639,14342.31
1779796800000,0.71637,0.7176,0.71579,0.71602,22208.35
1779811200000,0.71605,0.71698,0.71598,0.71684,9673.1
1779825600000,0.71683,0.71741,0.71647,0.71702,3744.17
1779840000000,0.71703,0.71791,0.71522,0.71595,18226.06
1779854400000,0.71594,0.71636,0.71372,0.7138,15981.89
1779868800000,0.71377,0.71457,0.71284,0.71321,13380.69
1779883200000,0.71321,0.71493,0.71234,0.7135,43225.85
1779897600000,0.71351,0.71419,0.71311,0.71412,11331.47
1779912000000,0.71411,0.71442,0.71313,0.71325,5625.31
1779926400000,0.71324,0.71352,0.70989,0.71014,20507.08
1779940800000,0.71015,0.71267,0.70973,0.71216,19872.57
1779955200000,0.71215,0.71241,0.71079,0.71176,15785.05
1779969600000,0.71174,0.71616,0.71172,0.71576,35493.38
1779984000000,0.71575,0.71695,0.7156,0.71614,11471.11
1779998400000,0.71613,0.71654,0.71565,0.71628,7695.27
1780012800000,0.71629,0.71668,0.71529,0.7154,12427.02
1780027200000,0.71542,0.71669,0.71519,0.71604,13197.71
1780041600000,0.71603,0.71696,0.71487,0.71695,15797.12
1780056000000,0.71693,0.72001,0.71672,0.71895,39763.43
1780070400000,0.71894,0.71917,0.71805,0.71864,19452.08
1780084800000,0.71865,0.71869,0.71801,0.71808,4372.55
1780257600000,0.71689,0.71834,0.71688,0.71797,5543.73
1780272000000,0.71797,0.71871,0.71753,0.71797,12475.12
1780286400000,0.71797,0.719,0.71762,0.71793,12032.46
1780300800000,0.71795,0.71854,0.71715,0.71725,12218.02
1780315200000,0.71727,0.7174,0.71342,0.71517,43442.78
1780329600000,0.71518,0.71716,0.7147,0.71614,15175.14
1780344000000,0.71614,0.71648,0.71537,0.7164,4210.22
1780358400000,0.71641,0.71673,0.71524,0.71596,13518.78
1780372800000,0.71595,0.71831,0.71578,0.71811,12914.56
1780387200000,0.71812,0.71862,0.71756,0.71804,11671.46
1780401600000,0.71805,0.71876,0.71692,0.71846,24107.91
1780416000000,0.71847,0.71866,0.71708,0.71816,9098.98
1780430400000,0.71814,0.71825,0.71711,0.71728,4709.58
1780444800000,0.71728,0.71813,0.71691,0.71712,13632.86
1780459200000,0.71713,0.7173,0.7152,0.71652,16399.63
1780473600000,0.71655,0.71766,0.71577,0.71654,17357.41
1780488000000,0.71653,0.71659,0.71358,0.71378,32016.96
1780502400000,0.71379,0.71385,0.71288,0.71296,12909.94
1780516800000,0.71296,0.71392,0.71262,0.71337,8301.92
1780531200000,0.71336,0.71369,0.71222,0.71275,18443.78
1780545600000,0.71276,0.71379,0.7123,0.71301,16468.16
1780560000000,0.71301,0.71477,0.71267,0.71466,20025.22
1780574400000,0.71467,0.71487,0.71344,0.71413,31142.95
1780588800000,0.71413,0.7143,0.71333,0.71355,10725.76
1780603200000,0.71356,0.71369,0.71287,0.71303,4070.45
1780617600000,0.71302,0.71302,0.71051,0.71219,19736.6
1780632000000,0.71218,0.71352,0.7115,0.71301,15812.66
1780646400000,0.71299,0.71434,0.71293,0.71418,14971.32
1780660800000,0.71419,0.71427,0.70577,0.70579,54786.04
1780675200000,0.70579,0.70606,0.70387,0.70447,27668.29
1780689600000,0.70447,0.70462,0.7037,0.70454,5123.54
1780862400000,0.70219,0.70431,0.70195,0.70423,8409.84
1780876800000,0.70423,0.70618,0.70346,0.70495,34275.68
1780891200000,0.70497,0.70592,0.70341,0.70478,36457.94
1780905600000,0.70475,0.70778,0.70379,0.70693,35401.18
1780920000000,0.70694,0.70757,0.70453,0.70533,49080.62
1780934400000,0.70532,0.70558,0.70419,0.7045,25089.9
1780948800000,0.70449,0.70463,0.7037,0.70386,6366.53
1780963200000,0.70385,0.70588,0.70339,0.70451,26441.32
1780977600000,0.7045,0.70702,0.70426,0.70508,27830.87
1780992000000,0.70509,0.70611,0.7046,0.706,22554.56
1781006400000,0.706,0.70623,0.70215,0.70267,63092.21
1781020800000,0.70267,0.70354,0.70046,0.7027,66522.37
1781035200000,0.70269,0.70292,0.70153,0.70237,9442.51
1781049600000,0.70235,0.70319,0.70166,0.70264,38679.83
1781064000000,0.70265,0.70269,0.70083,0.70175,32995.6
1781078400000,0.70175,0.70177,0.69975,0.7,39478.69
1781092800000,0.7,0.7037,0.69993,0.70202,82560.88
1781107200000,0.70206,0.70265,0.69991,0.69991,41317.48
1781121600000,0.69991,0.70004,0.69872,0.69934,18544.68
1781136000000,0.69934,0.70098,0.69906,0.70015,35496.88
1781150400000,0.70016,0.70115,0.69985,0.70007,25750.24
1781164800000,0.70005,0.70019,0.69903,0.69967,20915.08
1781179200000,0.69968,0.69985,0.69784,0.69934,68957.06
1781193600000,0.69935,0.70548,0.69843,0.70473,73338.31
1781208000000,0.70476,0.70532,0.70392,0.70472,13416.35
1781222400000,0.70471,0.70479,0.70281,0.7039,26190.56
1781236800000,0.70391,0.70449,0.70208,0.70314,28094.28
1781251200000,0.70315,0.7053,0.70295,0.70388,37430.88
1781265600000,0.70389,0.70595,0.70312,0.70456,61535.44
1781280000000,0.70454,0.70536,0.70429,0.70499,27054.95
1781294400000,0.70499,0.70509,0.70419,0.70427,3576.36
1781467200000,0.70408,0.70878,0.70408,0.70745,10009.59
1781481600000,0.70745,0.70862,0.70649,0.7081,16796.81
1781496000000,0.70811,0.70869,0.70652,0.70714,17999.4
1781510400000,0.70716,0.70763,0.70671,0.70705,14503.46
1781524800000,0.70705,0.70881,0.70638,0.70797,25366.77
1781539200000,0.70799,0.7083,0.70696,0.70702,11296.06
1781553600000,0.70701,0.70745,0.70666,0.70712,3778.25
1781568000000,0.70712,0.7073,0.70553,0.70613,13201.01
1781582400000,0.70613,0.70617,0.70415,0.70607,19610.69
1781596800000,0.70611,0.70782,0.70575,0.70682,12889.6
1781611200000,0.70682,0.7079,0.70628,0.70758,26382.71
1781625600000,0.70758,0.70794,0.70653,0.7066,12398.41
1781640000000,0.7066,0.707,0.70632,0.70649,3668.91
1781654400000,0.70648,0.70718,0.70594,0.70607,10397.83
1781668800000,0.70608,0.70643,0.70537,0.70642,11411.24
1781683200000,0.70642,0.70643,0.70562,0.70593,13712.64
1781697600000,0.70593,0.7073,0.70587,0.70704,24832
1781712000000,0.70705,0.70749,0.69946,0.7007,68796.38
1781726400000,0.70068,0.70194,0.70058,0.70178,8993.9
1781740800000,0.70179,0.70405,0.70178,0.70396,18256.73
1781755200000,0.70395,0.70412,0.70264,0.70331,16791.13
1781769600000,0.70332,0.70335,0.70005,0.70023,26288.1
1781784000000,0.70023,0.70372,0.7001,0.70179,43594.26
1781798400000,0.70181,0.70247,0.70072,0.70127,19148.64
1781812800000,0.70126,0.70186,0.70081,0.70122,5933.13
1781827200000,0.70122,0.70164,0.6996,0.69971,14226.44
1781841600000,0.69972,0.70154,0.69889,0.70085,19939.08
1781856000000,0.70086,0.70199,0.70086,0.70109,13908.86
1781870400000,0.70111,0.70239,0.70071,0.70083,17934.39
1781884800000,0.70084,0.70161,0.70073,0.70105,17137.73
1781899200000,0.70106,0.70133,0.70048,0.70096,13391.35
1782072000000,0.7007,0.70142,0.69987,0.7002,4328.76
1782086400000,0.7002,0.70188,0.70016,0.70041,16689.64
1782100800000,0.70043,0.70105,0.69972,0.69981,16614.27
1782115200000,0.6998,0.70075,0.69934,0.70014,19329.79
1782129600000,0.70014,0.70134,0.69981,0.69989,38072.88
1782144000000,0.69991,0.70035,0.69947,0.69993,13269.07
1782158400000,0.69994,0.70037,0.69933,0.69939,3866.03
1782172800000,0.69936,0.69937,0.69675,0.69765,19321.45
1782187200000,0.69765,0.6978,0.69438,0.6947,24567.95
1782201600000,0.69473,0.69596,0.69315,0.69318,21228.03
1782216000000,0.69317,0.69414,0.69206,0.6924,32108.27
1782230400000,0.69242,0.69254,0.69065,0.69125,13786.55
1782244800000,0.69125,0.69181,0.69101,0.69148,5277.82
1782259200000,0.6915,0.6923,0.69012,0.6906,22376.68
1782273600000,0.69063,0.6918,0.68986,0.68989,17863.83
1782288000000,0.6899,0.69006,0.68838,0.68958,18646.88
1782302400000,0.68958,0.69009,0.68856,0.68938,40723.92
1782316800000,0.68938,0.69059,0.68821,0.6892,21595.47
1782331200000,0.68921,0.69008,0.6882,0.6898,7391.09
1782345600000,0.68981,0.69075,0.68873,0.68968,20669.68
1782360000000,0.6897,0.69032,0.68864,0.68993,17007.67
1782374400000,0.68993,0.69067,0.68876,0.689,14249.13
1782388800000,0.68901,0.69205,0.68875,0.69204,56379.83
1782403200000,0.69205,0.6927,0.69069,0.69113,26618.09
1782417600000,0.69114,0.6914,0.68984,0.68997,6211.88
1782432000000,0.68999,0.69019,0.68749,0.68914,22061.09
1782446400000,0.68917,0.68994,0.68843,0.6891,17908.5
1782460800000,0.68911,0.69063,0.68859,0.68995,19801.84
1782475200000,0.68995,0.69167,0.68953,0.69051,62551.01
1782489600000,0.69051,0.69062,0.68932,0.68967,26973.04
1782504000000,0.68969,0.6899,0.68907,0.68926,6736.62
1782676800000,0.68888,0.68972,0.68798,0.68955,6569.83
1782691200000,0.68954,0.6896,0.68805,0.68881,34483.06
1782705600000,0.6888,0.6904,0.68871,0.68946,22972.8
1782720000000,0.68947,0.69019,0.68888,0.69005,24376.43
1782734400000,0.69006,0.69014,0.6877,0.68836,46236.94
1782748800000,0.68837,0.68919,0.68832,0.68897,18636.78
1782763200000,0.68899,0.68905,0.68811,0.68817,6489.5
1782777600000,0.68815,0.68832,0.68648,0.68685,29183.83
1782792000000,0.68684,0.6882,0.68675,0.68768,25580.53
1782806400000,0.68767,0.68899,0.68751,0.68874,23936.49
1782820800000,0.68873,0.69295,0.68816,0.69137,53983.26
1782835200000,0.69136,0.69235,0.69088,0.69227,18171.37
1782849600000,0.69229,0.69235,0.69109,0.69116,8328.63
1782864000000,0.69117,0.69132,0.68824,0.68909,23240.79
1782878400000,0.68912,0.6896,0.68851,0.68926,20977.5
1782892800000,0.68926,0.68992,0.6888,0.6893,19930.73
1782907200000,0.6893,0.69156,0.68844,0.69019,68191.35
1782921600000,0.6902,0.69079,0.68924,0.6893,24458.17
1782936000000,0.68931,0.68949,0.68885,0.68894,9089.33
1782950400000,0.68894,0.69013,0.68838,0.68925,23637.63
1782964800000,0.68925,0.69021,0.68894,0.68899,27761.36
1782979200000,0.68898,0.6911,0.68872,0.68873,32510.65
1782993600000,0.68873,0.6943,0.68862,0.69301,126255.22
1783008000000,0.693,0.69304,0.69139,0.6921,57832.11
1783022400000,0.6921,0.69242,0.69104,0.69153,12843.64
1783036800000,0.69152,0.69387,0.69104,0.69349,29439.47
1783051200000,0.6935,0.69493,0.69335,0.69446,24385.29
1783065600000,0.69446,0.69458,0.69363,0.69391,14992.22
1783080000000,0.69393,0.69399,0.69338,0.69362,18005.53
1783094400000,0.69361,0.69391,0.69346,0.69359,33102.71
1783108800000,0.69358,0.69417,0.69332,0.69388,8757.46
1783281600000,0.69305,0.69415,0.69303,0.69361,4307.18
1783296000000,0.69359,0.6939,0.69213,0.6926,21462.51
1783310400000,0.69261,0.69373,0.69251,0.69365,19805.69
1783324800000,0.69366,0.6938,0.69279,0.69329,28127.19
1783339200000,0.69331,0.6944,0.69235,0.69429,34688.42
1783353600000,0.69428,0.69586,0.69422,0.6956,13963.93
1783368000000,0.69561,0.69597,0.69394,0.69545,4755.51
1783382400000,0.69545,0.69595,0.6942,0.69461,23325.87
1783396800000,0.69461,0.6949,0.69346,0.69377,23903.92
1783411200000,0.69375,0.69524,0.69375,0.69478,20102.23
1783425600000,0.69479,0.69545,0.69332,0.69345,46653.85
1783440000000,0.69344,0.69424,0.69208,0.69323,23989.47
1783454400000,0.69322,0.69324,0.69151,0.69218,8407.89
1783468800000,0.69217,0.69462,0.69199,0.69402,31399.03
1783483200000,0.69401,0.69449,0.69301,0.69386,29678.71
1783497600000,0.69387,0.69391,0.6906,0.69164,56007.47
1783512000000,0.69163,0.69313,0.69064,0.69097,68375.72
1783526400000,0.691,0.69395,0.6909,0.69371,35545.68
1783540800000,0.69373,0.69374,0.69229,0.69355,8895.79
1783555200000,0.69356,0.69399,0.69245,0.69338,21690.23
1783569600000,0.69341,0.69455,0.69311,0.69373,25283.56
1783584000000,0.69374,0.69399,0.6929,0.69344,21708.47
1783598400000,0.69345,0.69459,0.69306,0.69429,39180.53
1783612800000,0.6943,0.69466,0.69373,0.6939,12779.54
1783627200000,0.69388,0.69426,0.69352,0.69424,5765.46
1783641600000,0.69426,0.69693,0.69333,0.69598,27447.35
1783656000000,0.69598,0.69598,0.69432,0.69449,20737.92
1783670400000,0.69449,0.69521,0.6941,0.69486,23042.84
1783684800000,0.69488,0.69588,0.69353,0.69582,47278.92
1783699200000,0.69583,0.69646,0.69503,0.69521,25666.92
1783713600000,0.69519,0.69555,0.69496,0.69499,3928.96
1783886400000,0.69455,0.69474,0.69316,0.69414,5754.52
1783900800000,0.69416,0.69433,0.69236,0.69296,29631.05
1783915200000,0.69296,0.69375,0.69233,0.69369,30437.99
1783929600000,0.6937,0.69492,0.69369,0.69447,31561.42
1783944000000,0.69446,0.69479,0.69268,0.69336,50565.97
1783958400000,0.69336,0.69364,0.69145,0.69175,30924.33
1783972800000,0.69174,0.692,0.69102,0.69189,6945.38
1783987200000,0.69191,0.69325,0.69125,0.69299,40278.43
1784001600000,0.69297,0.69426,0.69272,0.69404,29601.36
1784016000000,0.69406,0.69531,0.69366,0.69442,31883.44
1784030400000,0.6944,0.69923,0.69404,0.69725,105405.4
1784044800000,0.69727,0.69789,0.69682,0.69719,34565.32
1784059200000,0.69719,0.69769,0.69664,0.69757,5746.02
1784073600000,0.69758,0.69923,0.6975,0.69867,22649.02
1784088000000,0.69868,0.69904,0.69771,0.69862,21371.97
1784102400000,0.69863,0.69902,0.69796,0.69851,26231.57
1784116800000,0.69852,0.70024,0.69821,0.69975,49970.98
1784131200000,0.69975,0.7021,0.69888,0.70067,38598.84
1784145600000,0.70067,0.70098,0.69888,0.70073,6999.82
1784160000000,0.70072,0.70104,0.69859,0.70003,23070.69
1784174400000,0.70002,0.70031,0.69936,0.69971,24350.46
1784188800000,0.69974,0.70071,0.69935,0.7007,24981.35
1784203200000,0.7007,0.70121,0.69959,0.70012,49929.39
1784217600000,0.70013,0.70017,0.69897,0.69952,22492.69
1784232000000,0.69951,0.70001,0.699,0.69996,6540.47
1784246400000,0.69999,0.70008,0.69772,0.69821,22910.84
1784260800000,0.69824,0.69901,0.6976,0.69832,28189.21
1784275200000,0.69834,0.69874,0.69656,0.69741,31778.89
1784289600000,0.69741,0.69853,0.69659,0.69835,46414.59
1784304000000,0.69837,0.6987,0.69781,0.69839,23376.41
1784318400000,0.69839,0.69843,0.6979,0.698,3852.97
1784491200000,0.69641,0.69785,0.69624,0.69783,10917.67
1784505600000,0.69784,0.6995,0.69744,0.69931,31553.68
1784520000000,0.69939,0.70045,0.69853,0.69999,23674.07
1784534400000,0.7,0.70144,0.6996,0.7009,25165.05
1784548800000,0.7009,0.70139,0.69975,0.70022,46971.51
1784563200000,0.70022,0.70075,0.69978,0.69995,28714.75
1784577600000,0.69995,0.70007,0.69911,0.70001,9366.5
1784592000000,0.7,0.70092,0.69965,0.70036,21293.94
1784606400000,0.70037,0.70223,0.70034,0.70183,16509.61
1784620800000,0.70185,0.70264,0.70144,0.70175,20389.68
1784635200000,0.70175,0.70186,0.70021,0.70069,40350.23
1784649600000,0.7007,0.70077,0.70001,0.70029,12717.75
1784664000000,0.7003,0.70031,0.69963,0.7,5175.69
1784678400000,0.70003,0.7012,0.69979,0.69986,19100.19
1784692800000,0.69987,0.70046,0.69896,0.69957,21687.29
1784707200000,0.69958,0.69987,0.69885,0.69939,23500.24
1784721600000,0.69941,0.69999,0.69797,0.69999,44488.48
1784736000000,0.69999,0.70003,0.69904,0.69948,13037.94
1784750400000,0.69949,0.69977,0.69845,0.6989,8187.91
1784764800000,0.69891,0.70203,0.69876,0.7018,26877.36
1784779200000,0.70181,0.70207,0.6997,0.70031,22098.92
1784793600000,0.70033,0.70056,0.69837,0.69927,27463.38
1784808000000,0.69926,0.69935,0.69642,0.6974,67043.72
1784822400000,0.69741,0.6978,0.69618,0.69655,23474
1784836800000,0.69657,0.69697,0.69598,0.69666,5564.22
1784851200000,0.69667,0.69805,0.69656,0.6974,25336.73
1784865600000,0.6974,0.69892,0.69709,0.6984,22809.36
1784880000000,0.69841,0.69951,0.69823,0.69879,21366.17
1784894400000,0.69881,0.70007,0.69723,0.6995,44806.07
1784908800000,0.69951,0.69956,0.69787,0.698,17051.52
1784923200000,0.69799,0.6983,0.69782,0.69785,4532.99
1785096000000,0.69975,0.70061,0.69901,0.69936,7795.65
1785110400000,0.69935,0.70054,0.69923,0.69979,28216.45
1785124800000,0.69979,0.70109,0.69939,0.7,21012.44
1785139200000,0.7,0.70052,0.69968,0.69975,22341.37
1785153600000,0.69975,0.70008,0.6985,0.69919,35789.67
1785168000000,0.6992,0.69991,0.69855,0.69922,20906.48
1785182400000,0.69921,0.69925,0.69843,0.69862,4181.08
1785196800000,0.69863,0.69961,0.698,0.69809,23457.94
1785211200000,0.69806,0.69806,0.69625,0.69684,22332.6
1785225600000,0.69686,0.69744,0.69621,0.69647,24890.49
1785240000000,0.69648,0.69828,0.6963,0.69827,35978.4
1785254400000,0.69828,0.6986,0.69733,0.69741,19633.49
1785268800000,0.6974,0.69773,0.69632,0.6974,12544.9
1785283200000,0.6974,0.69759,0.6937,0.69465,33117.42
1785297600000,0.69465,0.6959,0.69421,0.69473,25580.64
1785312000000,0.69474,0.69476,0.69389,0.69429,18793.54
1785326400000,0.69429,0.69509,0.69226,0.6929,41504.05
1785340800000,0.69292,0.69884,0.69219,0.69476,90280.75
1785355200000,0.69475,0.6964,0.69449,0.69583,18973.46
1785369600000,0.69584,0.69653,0.69493,0.69504,32469.19
1785384000000,0.69505,0.69619,0.69458,0.69501,30167.7
1785398400000,0.69502,0.6983,0.69496,0.69821,34800.07
1785412800000,0.69819,0.70238,0.6973,0.70207,102398.59
1785427200000,0.70207,0.70326,0.70207,0.70314,37798.11
1785441600000,0.70314,0.70328,0.70103,0.70241,10835.21
1785456000000,0.70243,0.70325,0.70195,0.70249,29854.23
1785470400000,0.70248,0.7038,0.70247,0.70301,21216.2
1785484800000,0.70303,0.70442,0.70182,0.70185,32144.21
1785499200000,0.70186,0.7027,0.69909,0.70236,68405.89
1785513600000,0.70236,0.70416,0.70217,0.70351,38478.78
1785528000000,0.70353,0.70416,0.70161,0.7021,13354.01
1785700800000,0.70446,0.70495,0.70354,0.7045,9719.13
1785715200000,0.70451,0.70498,0.70271,0.70287,33586.54
1785729600000,0.70288,0.70371,0.70153,0.7017,19650.48
1785744000000,0.7017,0.70172,0.69976,0.70079,20930.71
1785758400000,0.70078,0.70087,0.69835,0.69992,38688.55
1785772800000,0.69992,0.7001,0.69912,0.69993,14839.31
1785787200000,0.69992,0.70007,0.6996,0.69968,5595.46
1785801600000,0.69967,0.70231,0.69965,0.70182,27118.39
1785816000000,0.70183,0.70225,0.70114,0.70172,19925.19
1785830400000,0.70172,0.70371,0.70172,0.7032,31533.85
1785844800000,0.7032,0.70415,0.70282,0.70364,34003.94
1785859200000,0.70365,0.70481,0.70345,0.70455,16243.81
1785873600000,0.70455,0.7049,0.70368,0.7046,8414.03
1785888000000,0.70459,0.70529,0.70391,0.70484,21303.82
1785902400000,0.70484,0.70556,0.70398,0.70468,24908.54
1785916800000,0.70468,0.70504,0.70398,0.70488,19133.42
1785931200000,0.70489,0.70642,0.70444,0.70494,42415.66
1785945600000,0.70494,0.70627,0.70482,0.70547,20720.4
1785960000000,0.70548,0.70587,0.70457,0.70566,6973.7
1785974400000,0.70566,0.70598,0.70449,0.70468,22383.17
1785988800000,0.7047,0.70485,0.70358,0.70375,16850.68
1786003200000,0.70375,0.7044,0.70356,0.70428,17446.49
1786017600000,0.70429,0.7044,0.70262,0.70271,33094.69
1786032000000,0.70271,0.70351,0.70222,0.70328,18854.24
1786046400000,0.70329,0.70335,0.70253,0.70327,4900.97
1786060800000,0.70326,0.70332,0.70219,0.70244,18022.53
1786075200000,0.70245,0.70361,0.70238,0.70349,12790.78
1786089600000,0.70349,0.70419,0.70329,0.704,14076.81
1786104000000,0.704,0.70774,0.7036,0.70624,62604.5
1786118400000,0.70625,0.70745,0.70619,0.70691,22320.34
1786132800000,0.70692,0.70699,0.70635,0.70654,5900.02
1786305600000,0.7053,0.70679,0.70525,0.70614,6232.35
1786320000000,0.70615,0.70698,0.70567,0.70585,17664.31
1786334400000,0.70585,0.70715,0.70561,0.70701,16470.86
1786348800000,0.70701,0.70738,0.70611,0.70629,14909.69
1786363200000,0.70628,0.70661,0.70528,0.70646,26482.38
1786377600000,0.70648,0.70657,0.70537,0.70541,17003.04
1786392000000,0.7054,0.70568,0.70507,0.70548,9579.8
1786406400000,0.70548,0.7062,0.70508,0.7057,18448.94
1786420800000,0.7057,0.70607,0.70388,0.70469,28503.36
1786435200000,0.7047,0.70683,0.70465,0.70605,21167.46
1786449600000,0.70605,0.7069,0.70559,0.70607,24307.29
1786464000000,0.70608,0.70622,0.70533,0.70606,12104.59
1786478400000,0.70606,0.70641,0.7054,0.70632,7855.53
1786492800000,0.70635,0.70683,0.7054,0.70564,14596.17
1786507200000,0.70562,0.7062,0.70538,0.70572,11364.56
1786521600000,0.70572,0.70712,0.70559,0.70702,21339.38
1786536000000,0.70702,0.70908,0.70596,0.70689,54413.14
1786550400000,0.7069,0.70709,0.70595,0.70632,16355.37
1786564800000,0.70631,0.70634,0.70542,0.70631,5396.18
1786579200000,0.70634,0.70663,0.70465,0.70476,16366.22
1786593600000,0.70476,0.70516,0.70434,0.70484,14038.06
1786608000000,0.70484,0.70578,0.70458,0.70523,9511.77
1786622400000,0.70525,0.7067,0.70462,0.70567,30441.41
1786636800000,0.70569,0.7061,0.70531,0.70596,10099.16
1786651200000,0.70597,0.70635,0.70518,0.70632,5839.18
1786665600000,0.7063,0.70658,0.70551,0.70607,11158.73
1786680000000,0.70607,0.70729,0.70602,0.70718,8966.51
1786694400000,0.70718,0.70833,0.70688,0.70806,9686.43
1786708800000,0.70809,0.70955,0.7077,0.70896,29480.37
1786723200000,0.70899,0.70915,0.70785,0.70839,8570.58
1786737600000,0.70837,0.70845,0.70809,0.7081,3531.44
1786910400000,0.70796,0.70886,0.70745,0.70846,3023.17
1786924800000,0.70847,0.71003,0.70846,0.71,13920.06
1786939200000,0.71,0.71238,0.70992,0.712,17811.57
1786953600000,0.71201,0.71289,0.71156,0.71248,16900.23
1786968000000,0.71248,0.71264,0.71069,0.71119,21088.32
1786982400000,0.71117,0.71146,0.71005,0.71041,8088.92
1786996800000,0.71042,0.71081,0.71015,0.7108,2699.03
1787011200000,0.71081,0.71132,0.71009,0.71024,9475.26
1787025600000,0.71025,0.71045,0.70949,0.7102,11155.29
1787040000000,0.71022,0.71101,0.70988,0.71101,8911.61
1787054400000,0.71101,0.71195,0.70939,0.70955,29014.99
1787068800000,0.70958,0.70976,0.70824,0.70836,12031.53
1787083200000,0.70836,0.70869,0.70789,0.70808,4590.26
1787097600000,0.70811,0.70855,0.70686,0.70723,19513.59
1787112000000,0.70725,0.70777,0.70665,0.70704,13132.49
1787126400000,0.70702,0.7082,0.70686,0.70737,15179.66
1787140800000,0.70736,0.71285,0.70726,0.71214,69909.27
1787155200000,0.71215,0.71272,0.71116,0.71238,21531.16
1787169600000,0.71239,0.71281,0.71065,0.71225,6262.64
1787184000000,0.71223,0.71265,0.7102,0.71191,22928.22
1787198400000,0.71191,0.71247,0.71115,0.71231,14000.13
1787212800000,0.7123,0.71325,0.71079,0.71086,22777.22
1787227200000,0.71086,0.71319,0.71024,0.71189,44355.52
1787241600000,0.71191,0.71196,0.71053,0.71121,13585.49
1787256000000,0.71122,0.71194,0.71061,0.71185,6087.48
1787270400000,0.71184,0.71438,0.71184,0.71408,13900.2
1787284800000,0.71407,0.71506,0.71376,0.71502,13720.91
1787299200000,0.71502,0.71671,0.71483,0.71632,22729.65
1787313600000,0.71632,0.71765,0.71593,0.71752,33091.28
1787328000000,0.71753,0.71799,0.71702,0.71724,13580.95
1787342400000,0.71723,0.7173,0.71684,0.71687,2122.2
1787515200000,0.7159,0.71713,0.71569,0.71709,4105.05
1787529600000,0.71711,0.71764,0.71617,0.71638,16808.11
1787544000000,0.71641,0.71711,0.7161,0.71638,15435.03
1787558400000,0.71639,0.7169,0.71571,0.71641,16863.5
1787572800000,0.71641,0.71674,0.71489,0.715,27143.3
1787587200000,0.71501,0.71537,0.71401,0.71477,16176.67
1787601600000,0.71476,0.71545,0.71428,0.71535,3726.65
1787616000000,0.71536,0.71589,0.71504,0.71507,14235.26
1787630400000,0.71508,0.71528,0.71422,0.71431,11024.58
1787644800000,0.71432,0.71576,0.71373,0.71534,16280.21
1787659200000,0.71533,0.71633,0.71492,0.71589,25448.8
1787673600000,0.7159,0.71655,0.71527,0.71646,10244.82
1787688000000,0.71645,0.7168,0.71551,0.71638,7657.28
1787702400000,0.71638,0.71861,0.71593,0.71818,20078.43
1787716800000,0.71817,0.71844,0.71733,0.71799,11103.31
1787731200000,0.71797,0.71853,0.71774,0.71841,10010.04
1787745600000,0.71841,0.71884,0.71641,0.71675,31248.56
1787760000000,0.71677,0.71743,0.71666,0.7173,8920.92
1787774400000,0.71731,0.71843,0.71623,0.7181,6757.65
1787788800000,0.7181,0.71852,0.71748,0.71821,13477.74
1787803200000,0.71823,0.7186,0.71787,0.71804,11254.27
1787817600000,0.71805,0.71871,0.71746,0.71861,15416.66
1787832000000,0.71862,0.71974,0.71837,0.71968,23680.25
1787846400000,0.71967,0.71974,0.71921,0.71954,9433.28
1787860800000,0.71955,0.71965,0.7186,0.71952,3917.27
1787875200000,0.71953,0.72046,0.71945,0.72009,8358.03
1787889600000,0.72007,0.7202,0.71918,0.71954,11539.13
1787904000000,0.71953,0.72,0.71918,0.71929,10429.7
1787918400000,0.7193,0.72075,0.71632,0.71636,48486.73
1787932800000,0.71638,0.71651,0.71552,0.71626,21433.9
1787947200000,0.71627,0.71635,0.71578,0.7161,3939.63
1788120000000,0.7152,0.7162,0.71513,0.71585,4253.2
1788134400000,0.71589,0.71705,0.71536,0.71669,16514.91
1788148800000,0.71668,0.71671,0.71576,0.71602,12556.05
1788163200000,0.71601,0.71645,0.71542,0.71601,15055.93
1788177600000,0.71602,0.717,0.71544,0.71651,27056
1788192000000,0.71653,0.71688,0.71626,0.71658,10703.11
1788206400000,0.71657,0.71705,0.71618,0.71703,4766.36
1788220800000,0.71705,0.71805,0.71655,0.71663,14213.14
1788235200000,0.71663,0.71712,0.71532,0.71542,16468.38
1788249600000,0.71544,0.71575,0.71385,0.71445,22165.14
1788264000000,0.71443,0.71602,0.71404,0.7158,28727.75
1788278400000,0.71581,0.71586,0.71425,0.71429,16065.51
1788292800000,0.7143,0.71474,0.71412,0.71451,4742.19
1788307200000,0.71453,0.71526,0.71381,0.71403,22540.12
1788321600000,0.71404,0.71487,0.71306,0.71436,21223.21
1788336000000,0.71436,0.71462,0.7121,0.71446,23243.85
1788350400000,0.71446,0.71752,0.71435,0.71685,41319.45
1788364800000,0.71684,0.71715,0.71642,0.71701,11300.68
1788379200000,0.71702,0.7172,0.71582,0.71631,8222.78
1788393600000,0.71634,0.71704,0.71609,0.71696,14354.8
1788408000000,0.71693,0.71757,0.71582,0.71748,20495.08
1788422400000,0.71747,0.71964,0.71731,0.71917,22573.44
1788436800000,0.71918,0.72064,0.71859,0.71979,48383.92
1788451200000,0.7198,0.72076,0.7197,0.72025,13914.03
1788465600000,0.72024,0.72039,0.71939,0.71997,9319.61
1788480000000,0.71999,0.72142,0.7199,0.72077,13992.44
1788494400000,0.72077,0.7213,0.7199,0.72002,13384.7
1788508800000,0.72004,0.72049,0.71956,0.72032,11689.02
1788523200000,0.72033,0.72109,0.71736,0.72076,52686.69
1788537600000,0.72077,0.72121,0.72013,0.72068,9687.35
1788552000000,0.72066,0.72069,0.72009,0.72014,1723.94
1788724800000,0.71935,0.7208,0.7192,0.72059,2193.73
1788739200000,0.72062,0.72109,0.71974,0.72039,12088.72
1788753600000,0.7204,0.72241,0.72004,0.72221,13271.72
1788768000000,0.72222,0.72243,0.72133,0.72135,14376.79
1788782400000,0.72136,0.72222,0.72127,0.72173,11563.94
1788796800000,0.72174,0.722,0.72165,0.72171,2874.21
1788811200000,0.7217,0.7223,0.72112,0.72211,4752.12
1788825600000,0.72213,0.72225,0.72054,0.7215,17569.56
1788840000000,0.7215,0.72214,0.72081,0.72122,16670.17
1788854400000,0.7212,0.72174,0.72043,0.72136,18600.61
1788868800000,0.72135,0.72305,0.72111,0.72172,24139.66
1788883200000,0.72173,0.72259,0.72126,0.72165,15194.24
1788897600000,0.72166,0.72214,0.72115,0.72206,5351.62
1788912000000,0.72206,0.72264,0.7219,0.72227,14651.02
1788926400000,0.72229,0.72374,0.72219,0.72317,14182.7
1788940800000,0.72316,0.72316,0.72112,0.72215,17166.53
1788955200000,0.72214,0.72334,0.72095,0.72172,35092.81
1788969600000,0.72172,0.72241,0.7214,0.72164,12916.12
1788984000000,0.72166,0.72225,0.72118,0.72213,5926.98
1788998400000,0.72211,0.72222,0.72077,0.72188,10929.07
1789012800000,0.72189,0.72221,0.72119,0.72146,9727.37
1789027200000,0.72146,0.72146,0.71891,0.71907,17167.16
1789041600000,0.71907,0.71926,0.71567,0.71694,57011.2
1789056000000,0.71695,0.71702,0.71549,0.71587,19033.5
1789070400000,0.71587,0.71616,0.71511,0.71564,7982.55
1789084800000,0.71564,0.71661,0.71499,0.71538,14633.85
1789099200000,0.71538,0.71756,0.71536,0.7171,18104.18
1789113600000,0.7171,0.71752,0.71644,0.71729,19708.84
1789128000000,0.7173,0.71873,0.71496,0.71728,63104.15
1789142400000,0.71728,0.71779,0.71696,0.71721,16581.75
1789156800000,0.7172,0.71726,0.71675,0.71696,2689.95
1789329600000,0.71575,0.71664,0.71498,0.71511,9667.34
1789344000000,0.7151,0.71563,0.71404,0.71475,19070.88
1789358400000,0.71475,0.71511,0.7135,0.71365,14319.75
1789372800000,0.71368,0.7137,0.71242,0.7129,16062.89
1789387200000,0.71291,0.71414,0.71078,0.71392,40160.36
1789401600000,0.71394,0.71486,0.71376,0.71393,16456.75
1789416000000,0.71394,0.71409,0.71307,0.71372,6613.91
1789430400000,0.7137,0.71373,0.71226,0.71227,12331.02
1789444800000,0.71227,0.71263,0.71166,0.71261,14817.87
1789459200000,0.71262,0.71321,0.71178,0.7128,15120.27
1789473600000,0.71279,0.71344,0.71235,0.71269,24571.43
1789488000000,0.71268,0.71335,0.71247,0.71306,8658.3
1789502400000,0.71307,0.71322,0.71201,0.7125,4840.41
1789516800000,0.71251,0.71293,0.71197,0.71237,10898.47
1789531200000,0.71237,0.71362,0.71237,0.71291,11746.63
1789545600000,0.71292,0.71348,0.71245,0.71312,13896.52
1789560000000,0.71311,0.71365,0.7123,0.71312,23143.89
1789574400000,0.71313,0.71395,0.70745,0.709,66138.72
1789588800000,0.70902,0.70919,0.70822,0.70876,10071.71
1789603200000,0.70875,0.71056,0.70858,0.71042,13785.76
1789617600000,0.71043,0.71207,0.71032,0.71167,12726.96
1789632000000,0.71165,0.71168,0.71052,0.711,16005.49
1789646400000,0.71101,0.71261,0.71084,0.71126,31096.31
1789660800000,0.71127,0.71143,0.71085,0.71099,9687.23
1789675200000,0.711,0.71164,0.71059,0.71146,4603.52
1789689600000,0.71145,0.71346,0.71109,0.71339,15364.75
1789704000000,0.71338,0.71359,0.7121,0.71235,14907.31
1789718400000,0.71237,0.71289,0.71201,0.71223,16939.67
1789732800000,0.71223,0.71235,0.71034,0.71101,28944.14
1789747200000,0.711,0.71272,0.71091,0.71257,11206.26
1789761600000,0.71258,0.71276,0.71202,0.71203,4407.79
1789934400000,0.7098,0.71249,0.70978,0.71212,2734.98
1789948800000,0.71213,0.71292,0.71202,0.7126,7960.72
1789963200000,0.71259,0.71303,0.71207,0.71259,8921.79
1789977600000,0.7126,0.71388,0.7126,0.71369,10692.29
1789992000000,0.71371,0.714,0.71204,0.71218,19635.61
1790006400000,0.71218,0.71268,0.71184,0.71187,6888.61
1790020800000,0.71186,0.71209,0.71126,0.71175,3742.46
1790035200000,0.71176,0.71255,0.7098,0.71218,18085.67
1790049600000,0.71218,0.71244,0.71014,0.71014,15894.24
1790064000000,0.71015,0.71199,0.7092,0.71111,32659.91
1790078400000,0.7111,0.71175,0.70967,0.70992,34089.87
1790092800000,0.70991,0.71205,0.7097,0.71157,19294.1
1790107200000,0.71156,0.71175,0.7109,0.7112,4913.52
1790121600000,0.71118,0.71162,0.70978,0.70997,9933.88
1790136000000,0.70999,0.71061,0.70817,0.7083,14374.75
1790150400000,0.70828,0.70898,0.70635,0.7069,14536.46
1790164800000,0.70689,0.70699,0.70321,0.70352,46569.17
1790179200000,0.7035,0.70429,0.70254,0.70398,30482.46
1790193600000,0.70398,0.70425,0.70327,0.70327,6857.37
1790208000000,0.70328,0.70399,0.70171,0.70298,22908.84
1790222400000,0.70299,0.70426,0.70267,0.70381,24079.66
1790236800000,0.70384,0.70448,0.7023,0.70269,33935.5
1790251200000,0.70269,0.70337,0.70069,0.70126,44256.84
1790265600000,0.70128,0.70328,0.70053,0.70136,49873.91
1790280000000,0.70136,0.70144,0.70037,0.70039,6865.24
1790294400000,0.70038,0.70159,0.70036,0.70137,14584.01
1790308800000,0.70135,0.70271,0.7012,0.70236,17817.94
1790323200000,0.70237,0.7036,0.7022,0.703,25839.25
1790337600000,0.70303,0.7032,0.70151,0.70313,45992.28
1790352000000,0.70313,0.70425,0.70246,0.70261,31550.49
1790366400000,0.7026,0.70277,0.70204,0.70223,4617.49
1790539200000,0.70044,0.70193,0.70044,0.70085,5175.22
1790553600000,0.70085,0.7026,0.70082,0.70244,19448.15
1790568000000,0.70244,0.70285,0.70106,0.70202,17993.25
1790582400000,0.70201,0.70239,0.70072,0.70194,23309.09
1790596800000,0.70194,0.70289,0.70114,0.7019,45573.95
1790611200000,0.70191,0.7039,0.70155,0.70176,47049.73
1790625600000,0.70176,0.70197,0.7012,0.70149,6815.59
1790640000000,0.70151,0.70203,0.70082,0.70104,16675.94
1790654400000,0.70105,0.70287,0.69779,0.69886,41550.43
1790668800000,0.69888,0.70038,0.69797,0.70008,27220.67
1790683200000,0.70008,0.70068,0.69721,0.69781,46443.66
1790697600000,0.69783,0.69896,0.69656,0.69866,34154.57
1790712000000,0.69866,0.69891,0.6973,0.69885,6541.79
1790726400000,0.69883,0.69947,0.69583,0.69688,38684.9
1790740800000,0.69688,0.6981,0.69665,0.69759,34538.35
1790755200000,0.69759,0.69775,0.69662,0.6968,37631.85
1790769600000,0.69681,0.69875,0.69486,0.69509,90916.1
1790784000000,0.69508,0.69517,0.69427,0.69445,35563.36
1790798400000,0.69445,0.69477,0.69422,0.69449,7037.08
1790812800000,0.69455,0.69539,0.69395,0.69535,27354.77
1790827200000,0.69536,0.69554,0.69365,0.69392,44605.4
1790841600000,0.69391,0.6956,0.69304,0.69527,62384.6
1790856000000,0.6953,0.69551,0.69034,0.69097,103739.92
1790870400000,0.69098,0.69322,0.69085,0.69299,71171.27
1790884800000,0.69299,0.69332,0.69222,0.6928,11658.4
1790899200000,0.69281,0.69292,0.69126,0.69189,15949.97
