timestamp,open,high,low,close,volume
1609704000000,0.7191,0.71978,0.71837,0.71953,2547.35
1609718400000,0.71953,0.72075,0.71807,0.72051,17097.48
1609732800000,0.72051,0.72176,0.71842,0.72089,11510.87
1609747200000,0.72089,0.72303,0.72059,0.72114,13213.31
1609761600000,0.72115,0.72169,0.71809,0.71898,36201.97
1609776000000,0.71897,0.71898,0.71523,0.71826,26834.07
1609790400000,0.71826,0.71827,0.71653,0.71777,8852.94
1609804800000,0.71774,0.7213,0.71721,0.72089,18082.37
1609819200000,0.72092,0.72216,0.71999,0.72058,21205.33
1609833600000,0.7206,0.72279,0.72024,0.72031,15730.15
1609848000000,0.7203,0.72261,0.71902,0.72199,34798.27
1609862400000,0.722,0.7259,0.72192,0.7253,22060.73
1609876800000,0.72536,0.72571,0.72426,0.72531,6669.13
1609891200000,0.72535,0.72621,0.7235,0.72449,32804.83
1609905600000,0.72448,0.72951,0.72432,0.72947,22301.13
1609920000000,0.72948,0.7315,0.72839,0.72988,20528.56
1609934400000,0.72982,0.73071,0.72599,0.72661,51703.71
1609948800000,0.72661,0.72948,0.72571,0.72776,32085.44
1609963200000,0.72775,0.73052,0.72765,0.7304,11747.92
1609977600000,0.7304,0.73044,0.72833,0.72914,22940.74
1609992000000,0.72915,0.72974,0.7273,0.72817,14807.23
1610006400000,0.72821,0.72843,0.72415,0.72434,22722.88
1610020800000,0.72435,0.72615,0.72243,0.72402,45338.26
1610035200000,0.72403,0.72599,0.72341,0.72591,27304.51
1610049600000,0.72592,0.72662,0.72495,0.72648,6175.09
1610064000000,0.7265,0.72673,0.72389,0.72557,26131.29
1610078400000,0.72556,0.72739,0.72491,0.72537,19789.25
1610092800000,0.72537,0.72673,0.72407,0.7265,19735.36
1610107200000,0.7265,0.7281,0.72286,0.72536,46731.84
1610121600000,0.72539,0.72571,0.72039,0.72235,36540.3
1610136000000,0.72235,0.72395,0.72219,0.72357,3877.72
1610308800000,0.72302,0.72323,0.71944,0.72,5252.47
1610323200000,0.72001,0.72081,0.71812,0.71939,17394.48
1610337600000,0.7194,0.71985,0.7183,0.71851,17164.64
1610352000000,0.71851,0.72023,0.7182,0.7189,16377.87
1610366400000,0.7189,0.71943,0.7146,0.71667,38458.89
1610380800000,0.71668,0.71875,0.7162,0.71738,17812.7
1610395200000,0.71739,0.71756,0.71541,0.7173,8432.14
1610409600000,0.71731,0.71767,0.71567,0.71675,16063.85
1610424000000,0.71673,0.71955,0.71597,0.71892,14181.29
1610438400000,0.71889,0.71956,0.71683,0.71739,14716.34
1610452800000,0.71738,0.71823,0.71572,0.71741,29868.11
1610467200000,0.71742,0.72195,0.71734,0.72178,18942.1
1610481600000,0.72173,0.72313,0.72137,0.72279,3985.01
1610496000000,0.72278,0.72393,0.72221,0.72279,13298.82
1610510400000,0.72279,0.72358,0.72179,0.7218,16064.68
1610524800000,0.7218,0.7219,0.71798,0.7181,18665.69
1610539200000,0.71816,0.71942,0.71655,0.71839,33650.58
1610553600000,0.71839,0.72054,0.71771,0.71865,18162.38
1610568000000,0.71865,0.71908,0.7174,0.71894,4272.62
1610582400000,0.71895,0.71962,0.71706,0.71888,9465.85
1610596800000,0.71888,0.72064,0.71879,0.71932,9092.04
1610611200000,0.71932,0.72047,0.71882,0.72023,13914.6
1610625600000,0.72025,0.72075,0.71771,0.72028,30289.56
1610640000000,0.7203,0.72403,0.72006,0.72233,18024.62
1610654400000,0.72234,0.72356,0.72102,0.72163,5294.83
1610668800000,0.72163,0.7229,0.72004,0.7201,11894.6
1610683200000,0.7201,0.72096,0.71899,0.71932,11906.56
1610697600000,0.71931,0.71974,0.7173,0.71757,14412.57
1610712000000,0.71757,0.71791,0.71182,0.71367,37014.9
1610726400000,0.71367,0.71587,0.7131,0.71395,18422.13
1610740800000,0.71395,0.71434,0.7122,0.71293,2906.69
1610913600000,0.714,0.71402,0.71169,0.71169,2495.79
1610928000000,0.71173,0.71352,0.71165,0.71283,14430.91
1610942400000,0.71287,0.71297,0.71086,0.71086,12020.98
1610956800000,0.71085,0.71127,0.70959,0.7108,15414.76
1610971200000,0.71081,0.71171,0.71004,0.71145,17298.19
1610985600000,0.71149,0.71154,0.71058,0.71092,4055.23
1611000000000,0.71094,0.71153,0.71044,0.71148,3903.65
1611014400000,0.71147,0.71404,0.71146,0.71336,14246.09
1611028800000,0.71336,0.71373,0.71233,0.71318,11009.6
1611043200000,0.7132,0.7138,0.71139,0.71244,15280.39
1611057600000,0.71243,0.71342,0.71021,0.71141,26490.14
1611072000000,0.71139,0.71182,0.71058,0.71132,12478.22
1611086400000,0.71133,0.71314,0.71101,0.7129,5561.25
1611100800000,0.7129,0.71337,0.71156,0.71288,11190.78
1611115200000,0.71289,0.71483,0.71238,0.71467,9552.77
1611129600000,0.71466,0.71479,0.71304,0.71317,15846.73
1611144000000,0.71317,0.71742,0.71276,0.71624,30965.16
1611158400000,0.71624,0.7169,0.71523,0.71678,15357.64
1611172800000,0.71678,0.71946,0.7163,0.71839,4089.62
1611187200000,0.71838,0.72094,0.7175,0.72084,12754.32
1611201600000,0.72082,0.7211,0.71932,0.71983,9382.7
1611216000000,0.71983,0.72188,0.71937,0.72166,14694.08
1611230400000,0.72167,0.72226,0.7194,0.71967,35580.06
1611244800000,0.71968,0.72033,0.71768,0.71981,14482.32
1611259200000,0.71981,0.72223,0.71937,0.72133,4955.97
1611273600000,0.72135,0.72251,0.71903,0.71929,15776.56
1611288000000,0.71929,0.71978,0.71777,0.71827,11898.35
1611302400000,0.71828,0.71953,0.7175,0.71785,18903.92
1611316800000,0.71781,0.71937,0.71664,0.71789,30826.51
1611331200000,0.71791,0.71878,0.71723,0.71812,17811.1
1611345600000,0.71812,0.71848,0.71741,0.71786,1909.52
1611518400000,0.71778,0.71856,0.71712,0.71793,2064.95
1611532800000,0.71795,0.72079,0.71761,0.72048,10055.99
1611547200000,0.72048,0.72165,0.7204,0.72124,9187.17
1611561600000,0.72122,0.72154,0.71975,0.72113,18785.15
1611576000000,0.72113,0.72156,0.71846,0.71871,31290.35
1611590400000,0.71869,0.72064,0.71704,0.71872,22152.57
1611604800000,0.71873,0.72011,0.7185,0.71988,3470
1611619200000,0.71986,0.71987,0.71838,0.71905,6484.7
1611633600000,0.71906,0.71919,0.71668,0.71695,9408.89
1611648000000,0.71696,0.72178,0.71692,0.72157,16174.54
1611662400000,0.7216,0.72472,0.72153,0.72404,27025.55
1611676800000,0.72402,0.72437,0.72262,0.72388,11392.75
1611691200000,0.72389,0.72442,0.7231,0.72376,4059.51
1611705600000,0.72376,0.72445,0.72238,0.72295,14006.18
1611720000000,0.72292,0.72355,0.72216,0.72274,11788.74
1611734400000,0.72272,0.72369,0.72082,0.72112,20136.96
1611748800000,0.72112,0.72159,0.71461,0.71819,46714.85
1611763200000,0.7182,0.71983,0.71633,0.71655,25983.86
1611777600000,0.71654,0.71692,0.71361,0.71406,13207.99
1611792000000,0.71411,0.71535,0.71312,0.7137,14910.87
1611806400000,0.71372,0.71404,0.71154,0.71283,14696.08
1611820800000,0.71285,0.71416,0.71051,0.71213,30157.12
1611835200000,0.71209,0.71719,0.71056,0.71609,40657.52
1611849600000,0.71611,0.71953,0.7159,0.7191,16550.59
1611864000000,0.7191,0.71937,0.71684,0.71731,6086.03
1611878400000,0.7173,0.71789,0.71549,0.71555,11499.48
1611892800000,0.71554,0.71682,0.71504,0.7163,15756.78
1611907200000,0.7163,0.71896,0.71537,0.71869,32546.72
1611921600000,0.7187,0.72253,0.71793,0.72062,48722.03
1611936000000,0.7206,0.72075,0.71738,0.71793,32113.13
1611950400000,0.71793,0.71923,0.7175,0.71782,5980.94
1612123200000,0.71556,0.71712,0.71501,0.71638,5215.7
1612137600000,0.71638,0.7202,0.71625,0.7199,15542.34
1612152000000,0.7199,0.72025,0.71872,0.71902,13088.47
1612166400000,0.71901,0.71952,0.7167,0.71732,27257.04
1612180800000,0.71731,0.71811,0.71537,0.71573,31770.08
1612195200000,0.71572,0.71721,0.71529,0.71681,16911.82
1612209600000,0.71679,0.71692,0.71524,0.71638,5083.44
1612224000000,0.71638,0.71781,0.71484,0.71729,14290.01
1612238400000,0.7173,0.71812,0.71638,0.71661,11430.97
1612252800000,0.71661,0.7193,0.71551,0.71562,22688.65
1612267200000,0.71563,0.71721,0.71346,0.71452,27978.75
1612281600000,0.71454,0.71579,0.71443,0.71568,13581.49
1612296000000,0.71566,0.72064,0.71507,0.71924,6288
1612310400000,0.71922,0.72249,0.71905,0.72133,12860.45
1612324800000,0.72135,0.72239,0.72089,0.72164,9909.4
1612339200000,0.72163,0.722,0.71904,0.7204,18977.81
1612353600000,0.72039,0.72082,0.71832,0.71904,30116.4
1612368000000,0.71909,0.72067,0.71871,0.72,12454.28
1612382400000,0.71999,0.72213,0.71911,0.72211,5181.43
1612396800000,0.72213,0.72248,0.71912,0.71953,10582.48
1612411200000,0.71955,0.72019,0.71896,0.71968,10966.42
1612425600000,0.71969,0.72092,0.71707,0.7171,18364.92
1612440000000,0.71709,0.71986,0.71528,0.71592,27390.07
1612454400000,0.71593,0.71632,0.71464,0.7157,10070.41
1612468800000,0.7157,0.71646,0.71491,0.71579,3231.04
1612483200000,0.71579,0.71653,0.71357,0.71451,9681.86
1612497600000,0.71452,0.71624,0.71415,0.71567,8057.28
1612512000000,0.71567,0.71794,0.71392,0.71402,16007.3
1612526400000,0.71403,0.71987,0.71372,0.71955,26170.07
1612540800000,0.71959,0.7205,0.71894,0.72001,11232.86
1612555200000,0.72001,0.72062,0.71961,0.71992,2504.03
1612728000000,0.71881,0.72121,0.71872,0.72102,3083.93
1612742400000,0.72101,0.72113,0.71957,0.71981,7659.42
1612756800000,0.71982,0.72082,0.71949,0.72009,5139.06
1612771200000,0.7201,0.72067,0.71801,0.71801,11800.12
1612785600000,0.71801,0.7232,0.71776,0.72263,24983.12
1612800000000,0.72261,0.72289,0.72127,0.72236,14423.32
1612814400000,0.72236,0.72264,0.72161,0.72261,3582.83
1612828800000,0.72261,0.72531,0.72229,0.72483,12270.33
1612843200000,0.72482,0.72538,0.72398,0.72403,10214.6
1612857600000,0.72405,0.72527,0.72189,0.72273,18923.96
1612872000000,0.72273,0.72405,0.72154,0.72359,29952.12
1612886400000,0.72357,0.72433,0.7221,0.72424,12385.73
1612900800000,0.72425,0.72432,0.72333,0.72404,4660.17
1612915200000,0.72406,0.72414,0.7222,0.72352,9153.14
1612929600000,0.72356,0.7239,0.72262,0.72372,6816.32
1612944000000,0.72371,0.7245,0.72059,0.72175,19518.76
1612958400000,0.72174,0.72348,0.71991,0.72139,35503.95
1612972800000,0.72138,0.72243,0.7208,0.72132,16830.65
1612987200000,0.72133,0.72178,0.72074,0.72171,5049.71
1613001600000,0.72171,0.72196,0.7204,0.72193,6246.23
1613016000000,0.72193,0.72335,0.7219,0.72248,6400.42
1613030400000,0.72249,0.72302,0.72166,0.72253,10231.57
1613044800000,0.72257,0.72504,0.72252,0.7233,21804.84
1613059200000,0.72331,0.72372,0.72198,0.72221,16593.49
1613073600000,0.7222,0.72334,0.72207,0.72304,2892.96
1613088000000,0.72303,0.72323,0.7209,0.72152,4928.63
1613102400000,0.72153,0.72227,0.72061,0.72071,5525.36
1613116800000,0.72071,0.72098,0.7184,0.71895,10315.03
1613131200000,0.71894,0.72158,0.71751,0.72135,15095.45
1613145600000,0.72137,0.72298,0.72109,0.7217,8733.23
1613160000000,0.72173,0.72212,0.7212,0.72144,1837.94
1613332800000,0.7205,0.72224,0.72049,0.72173,2360.07
1613347200000,0.72173,0.72413,0.7217,0.724,5577.55
1613361600000,0.72402,0.72461,0.72329,0.72378,4898.39
1613376000000,0.7238,0.7249,0.7227,0.72272,8485.52
1613390400000,0.72273,0.72315,0.7215,0.72308,8916.66
1613404800000,0.72307,0.7238,0.72224,0.72305,7833.51
1613419200000,0.72305,0.72354,0.72229,0.7232,2536.05
1613433600000,0.72319,0.7264,0.7231,0.72639,5805.43
1613448000000,0.72639,0.72651,0.72382,0.7244,9020.74
1613462400000,0.7244,0.7268,0.7243,0.72595,11124.58
1613476800000,0.72596,0.72622,0.72029,0.72238,29135.09
1613491200000,0.72237,0.72263,0.71972,0.72146,14546.15
1613505600000,0.72142,0.72142,0.71828,0.71874,5684.32
1613520000000,0.71875,0.72027,0.71825,0.71985,10287.82
1613534400000,0.71983,0.72061,0.71798,0.71811,10808.6
1613548800000,0.7181,0.72134,0.71784,0.71838,15187.84
1613563200000,0.71838,0.71919,0.71574,0.71697,31444.48
1613577600000,0.71697,0.71907,0.7162,0.71834,16157.78
1613592000000,0.71837,0.71954,0.71812,0.71927,2835.92
1613606400000,0.71922,0.72015,0.71816,0.71855,13771.31
1613620800000,0.71855,0.71896,0.71756,0.7187,11145.42
1613635200000,0.7187,0.72165,0.71839,0.72111,22336.57
1613649600000,0.72109,0.7222,0.71801,0.71947,34597.18
1613664000000,0.71948,0.72144,0.71915,0.72141,12311.81
1613678400000,0.72142,0.72253,0.72134,0.72175,3597.56
1613692800000,0.72175,0.72221,0.72031,0.72123,14006.03
1613707200000,0.7212,0.72408,0.72118,0.72365,11794.11
1613721600000,0.72366,0.72685,0.72363,0.72682,18888.05
1613736000000,0.72683,0.73009,0.72676,0.72998,24211.61
1613750400000,0.72998,0.73143,0.72879,0.72942,13233.04
1613764800000,0.72944,0.73006,0.7289,0.72908,2994.76
1613937600000,0.72884,0.73162,0.72884,0.73074,2552.96
1613952000000,0.73072,0.7338,0.73026,0.73094,12899.74
1613966400000,0.73093,0.73179,0.72843,0.72915,10844.18
1613980800000,0.72916,0.73186,0.72807,0.73147,17473.86
1613995200000,0.73148,0.73367,0.73107,0.73226,26005.5
1614009600000,0.73226,0.73428,0.73165,0.73332,12108.18
1614024000000,0.73332,0.73338,0.73174,0.73269,4880.02
1614038400000,0.73268,0.73334,0.73113,0.73176,11212.51
1614052800000,0.73178,0.73239,0.73065,0.73166,8778.98
1614067200000,0.73165,0.73292,0.73074,0.73277,20902.09
1614081600000,0.73276,0.73414,0.73072,0.73334,27892.34
1614096000000,0.73333,0.73418,0.7326,0.73396,16808.35
1614110400000,0.73395,0.73465,0.73335,0.73373,4671.11
1614124800000,0.73372,0.73834,0.73139,0.7365,18732
1614139200000,0.7365,0.73763,0.73597,0.73744,12331.97
1614153600000,0.73744,0.7393,0.73706,0.73848,20773.72
1614168000000,0.73848,0.7394,0.73637,0.73889,33007.44
1614182400000,0.7389,0.741,0.73853,0.74026,15909.04
1614196800000,0.74027,0.74544,0.74026,0.74406,9960.56
1614211200000,0.74406,0.74426,0.74197,0.74281,13626.62
1614225600000,0.74281,0.7445,0.74272,0.74437,11544.74
1614240000000,0.74439,0.74642,0.74395,0.74469,24265.15
1614254400000,0.7447,0.7458,0.74274,0.74382,31648.15
1614268800000,0.74384,0.74396,0.73687,0.73934,42535.57
1614283200000,0.73934,0.73944,0.73541,0.73614,14214.37
1614297600000,0.73616,0.73739,0.73095,0.73618,21688.37
1614312000000,0.7362,0.73663,0.73282,0.73382,23626.36
1614326400000,0.7338,0.73632,0.72545,0.72722,30920.93
1614340800000,0.72723,0.73155,0.7261,0.7277,61432.79
1614355200000,0.72765,0.7279,0.72292,0.72319,40448.03
1614369600000,0.72317,0.72391,0.72223,0.72304,5748.08
1614542400000,0.72366,0.72761,0.72302,0.72696,4101.32
1614556800000,0.72695,0.72868,0.72636,0.72766,18796.88
1614571200000,0.72764,0.72925,0.72627,0.72736,13670.36
1614585600000,0.72733,0.7277,0.72249,0.72297,21043.57
1614600000000,0.723,0.72805,0.72271,0.72763,33845.18
1614614400000,0.72763,0.72827,0.72527,0.72637,19778.81
1614628800000,0.72641,0.72761,0.72598,0.72734,6721.72
1614643200000,0.72734,0.72799,0.72399,0.72513,17159.52
1614657600000,0.72518,0.72553,0.72148,0.72191,15712.35
1614672000000,0.72195,0.72679,0.72088,0.72639,23046.24
1614686400000,0.7264,0.72807,0.72429,0.72787,34993.26
1614700800000,0.72787,0.73037,0.7252,0.7296,25595.56
1614715200000,0.72955,0.73068,0.72762,0.72914,6321.45
1614729600000,0.72915,0.73023,0.72846,0.72867,9135.79
1614744000000,0.72869,0.73001,0.7278,0.72908,8344.14
1614758400000,0.72908,0.73042,0.72758,0.72788,20692.6
1614772800000,0.72787,0.72863,0.72367,0.7256,41267.26
1614787200000,0.72562,0.72716,0.72474,0.72579,22446.23
1614801600000,0.72579,0.72652,0.72266,0.72269,8186.72
1614816000000,0.7227,0.72583,0.72267,0.72451,10022.68
1614830400000,0.72453,0.72724,0.72364,0.72601,12542.61
1614844800000,0.72601,0.72701,0.72349,0.72433,18603.47
1614859200000,0.72434,0.72629,0.72369,0.72566,27437.97
1614873600000,0.72565,0.72715,0.71723,0.71914,48834.2
1614888000000,0.71911,0.71975,0.71719,0.71764,12762.27
1614902400000,0.71762,0.71848,0.7155,0.71747,17253.86
1614916800000,0.71746,0.71774,0.71525,0.71559,14194.7
1614931200000,0.71559,0.71594,0.71195,0.71337,22972.15
1614945600000,0.71337,0.71736,0.70984,0.71396,50711.94
1614960000000,0.71398,0.71693,0.71277,0.71678,29801.86
1614974400000,0.71678,0.71757,0.71554,0.71588,4566.96
1615147200000,0.71602,0.7191,0.71602,0.71769,3856.53
1615161600000,0.71767,0.71879,0.71516,0.71558,16601.7
1615176000000,0.71557,0.71697,0.71302,0.71363,15582.93
1615190400000,0.71366,0.71445,0.7106,0.71172,17820.52
1615204800000,0.71172,0.71497,0.71041,0.71363,33147.37
1615219200000,0.71365,0.71519,0.7123,0.71391,17666.44
1615233600000,0.71389,0.71392,0.71059,0.71316,5194.43
1615248000000,0.71315,0.71334,0.71026,0.71275,17555.35
1615262400000,0.71278,0.71446,0.711,0.71375,13540.1
1615276800000,0.71374,0.71792,0.71331,0.71673,20634.24
1615291200000,0.71671,0.71722,0.71456,0.71499,30689.56
1615305600000,0.71499,0.71733,0.71465,0.71726,14799.72
1615320000000,0.71724,0.71822,0.71683,0.71781,4832.75
1615334400000,0.71781,0.71781,0.71423,0.71442,10569.84
1615348800000,0.71441,0.71589,0.7131,0.71579,10816.34
1615363200000,0.71575,0.71686,0.71427,0.71559,14686.01
1615377600000,0.71559,0.71992,0.71512,0.71707,32884.44
1615392000000,0.71707,0.71956,0.71646,0.71936,22708.79
1615406400000,0.71939,0.71991,0.71571,0.71925,4754
1615420800000,0.71927,0.72087,0.71875,0.72063,11642.6
1615435200000,0.72065,0.72297,0.71988,0.7226,8811.88
1615449600000,0.72258,0.72404,0.72198,0.72291,18875.55
1615464000000,0.7229,0.72371,0.7185,0.72053,36294.38
1615478400000,0.72052,0.72287,0.72029,0.72255,17420.66
1615492800000,0.72254,0.72328,0.72144,0.72245,4229.57
1615507200000,0.72244,0.72322,0.72101,0.72139,9404.78
1615521600000,0.72141,0.72197,0.71827,0.71902,12567.4
1615536000000,0.71902,0.71954,0.71604,0.71613,21333.03
1615550400000,0.71614,0.71832,0.71503,0.71717,31128.79
1615564800000,0.71717,0.71901,0.71669,0.71735,15442.05
1615579200000,0.71737,0.71794,0.71701,0.71709,3115.02
1615752000000,0.71716,0.71878,0.71634,0.71863,2937.25
1615766400000,0.71862,0.72159,0.71862,0.71991,12278.6
1615780800000,0.71992,0.72012,0.71809,0.71881,12256.68
1615795200000,0.71881,0.7211,0.71817,0.71839,15076.17
1615809600000,0.71838,0.71947,0.71671,0.718,25148.33
1615824000000,0.71799,0.7202,0.71788,0.71989,8841.08
1615838400000,0.71991,0.72057,0.71927,0.72011,2418.56
1615852800000,0.72011,0.7205,0.71938,0.71966,7246.4
1615867200000,0.71966,0.72031,0.71769,0.71813,9096.83
1615881600000,0.71814,0.71949,0.71671,0.71917,12394.55
1615896000000,0.71916,0.72043,0.71792,0.71895,21251.24
1615910400000,0.71896,0.72007,0.71857,0.71919,12255.68
1615924800000,0.71919,0.71944,0.71761,0.71924,2735.45
1615939200000,0.71922,0.71924,0.71761,0.71844,6461.9
1615953600000,0.71841,0.71868,0.7173,0.71796,7893.88
1615968000000,0.71797,0.71873,0.71652,0.71655,10312.43
1615982400000,0.71654,0.71784,0.71549,0.71599,18510.25
1615996800000,0.71599,0.72639,0.71529,0.72381,35204.25
1616011200000,0.7238,0.72523,0.72258,0.72516,6163.13
1616025600000,0.72517,0.72596,0.72393,0.7241,13341.98
1616040000000,0.72408,0.72692,0.72209,0.723,14891.12
1616054400000,0.72303,0.72445,0.72162,0.72242,20873.02
1616068800000,0.72239,0.72287,0.71727,0.71924,34761.9
1616083200000,0.71923,0.72027,0.71592,0.71604,18724.07
1616097600000,0.71604,0.71746,0.71593,0.71659,3811.43
1616112000000,0.71658,0.71685,0.715,0.71645,9958.72
1616126400000,0.71645,0.71874,0.71633,0.71806,11389.3
1616140800000,0.71805,0.71875,0.71571,0.71663,16527.53
1616155200000,0.71664,0.71747,0.71421,0.71641,36077.97
1616169600000,0.71642,0.71765,0.71623,0.71671,10304.68
1616184000000,0.71672,0.71683,0.71585,0.71585,2023.15
1616356800000,0.71395,0.71564,0.71395,0.71512,2291.53
1616371200000,0.71512,0.71622,0.71385,0.71532,6546.25
1616385600000,0.71538,0.71619,0.71427,0.71523,7673.94
1616400000000,0.71523,0.71824,0.71461,0.71799,12098.56
1616414400000,0.718,0.71815,0.71622,0.71774,17976.82
1616428800000,0.71773,0.71806,0.71684,0.71703,6539.1
1616443200000,0.71703,0.71703,0.71227,0.71311,5199.72
1616457600000,0.71311,0.71335,0.70873,0.70954,9161.4
1616472000000,0.70953,0.70981,0.70619,0.70633,8293.51
1616486400000,0.70633,0.70716,0.7024,0.70369,17539.92
1616500800000,0.70368,0.70397,0.70195,0.70319,17296
1616515200000,0.70318,0.70319,0.69905,0.69968,12378.68
1616529600000,0.69969,0.70078,0.69855,0.69919,4589.7
1616544000000,0.69922,0.70009,0.69729,0.69792,6609.64
1616558400000,0.69788,0.69818,0.69666,0.69701,7841.26
1616572800000,0.69702,0.69979,0.69662,0.69926,10871.86
1616587200000,0.69924,0.69954,0.69553,0.69828,14960.57
1616601600000,0.69828,0.69921,0.69558,0.69668,8814.75
1616616000000,0.69671,0.69702,0.69592,0.69679,3108.65
1616630400000,0.69681,0.69859,0.69619,0.69765,6785.36
1616644800000,0.69763,0.69835,0.69601,0.69612,5814.26
1616659200000,0.69611,0.69858,0.69593,0.69631,10568.52
1616673600000,0.69635,0.6976,0.69427,0.69479,21614.91
1616688000000,0.6948,0.69593,0.69438,0.69534,12326.49
1616702400000,0.69537,0.69689,0.69479,0.69647,2881.04
1616716800000,0.6965,0.69762,0.69609,0.69699,6093
1616731200000,0.69696,0.69856,0.69669,0.69773,6998.16
1616745600000,0.69772,0.6993,0.69731,0.69826,9904.03
1616760000000,0.69825,0.70015,0.6978,0.69942,14469.76
1616774400000,0.69941,0.69972,0.69794,0.69904,9901.25
1616788800000,0.69902,0.69991,0.69885,0.69953,1794.83
1616961600000,0.69926,0.6995,0.69896,0.69927,1724.92
1616976000000,0.69927,0.69952,0.69758,0.69865,4540.46
1616990400000,0.69864,0.69904,0.6972,0.69856,7660.2
1617004800000,0.69857,0.7006,0.69712,0.70032,9624.89
1617019200000,0.7003,0.70175,0.69895,0.70135,16144.47
1617033600000,0.70136,0.70149,0.69857,0.70003,6326
1617048000000,0.70004,0.70084,0.69903,0.70084,2100.2
1617062400000,0.70085,0.70331,0.7,0.70278,5294.89
1617076800000,0.70283,0.70293,0.70001,0.70023,8136.54
1617091200000,0.70022,0.70113,0.69752,0.69823,9452.19
1617105600000,0.69823,0.69938,0.69743,0.69869,18834.72
1617120000000,0.69868,0.69882,0.69725,0.69856,5942.87
1617134400000,0.69855,0.6991,0.69748,0.69907,2011.45
1617148800000,0.69908,0.69955,0.69734,0.69806,4536.76
1617163200000,0.69808,0.69915,0.69629,0.69873,5841.29
1617177600000,0.69874,0.70022,0.69874,0.69965,6577.52
1617192000000,0.69965,0.70252,0.69824,0.69882,15725.48
1617206400000,0.69882,0.69994,0.69812,0.69834,5672.67
1617220800000,0.69833,0.69874,0.69792,0.6982,2236.94
1617235200000,0.69823,0.69843,0.69612,0.69669,6374.68
1617249600000,0.69666,0.69747,0.69448,0.69745,9542.95
1617264000000,0.69743,0.6986,0.69617,0.6983,7414.89
1617278400000,0.69831,0.70165,0.69812,0.70117,17119.7
1617292800000,0.70117,0.70252,0.70089,0.70243,6098.09
1617307200000,0.70244,0.70263,0.70087,0.70217,1816.22
1617321600000,0.70217,0.70419,0.70216,0.70352,1992.91
1617336000000,0.7035,0.70402,0.70193,0.70282,1883.31
1617350400000,0.70278,0.70404,0.70232,0.70342,2221.27
1617364800000,0.70343,0.7047,0.70127,0.70168,7521.79
1617379200000,0.70168,0.70248,0.70125,0.70191,7250.48
1617393600000,0.70193,0.70389,0.70153,0.70153,462.71
1617566400000,0.7022,0.70308,0.70147,0.70296,2554.52
1617580800000,0.70294,0.70359,0.70238,0.703,3290.79
1617595200000,0.70308,0.70316,0.70155,0.70247,3768.52
1617609600000,0.70249,0.7048,0.70241,0.70452,4467.64
1617624000000,0.70454,0.70692,0.70442,0.70675,10610.74
1617638400000,0.70673,0.7068,0.70483,0.70603,4040.75
1617652800000,0.70602,0.70672,0.70456,0.70653,2562.14
1617667200000,0.70652,0.7069,0.70428,0.70477,4764.55
1617681600000,0.70477,0.7063,0.7025,0.70366,7584.43
1617696000000,0.70365,0.70366,0.70075,0.70181,9193.28
1617710400000,0.70184,0.70505,0.70171,0.70447,15382.46
1617724800000,0.70452,0.70544,0.7036,0.70528,7645.81
1617739200000,0.70528,0.70633,0.70524,0.70623,2999.19
1617753600000,0.70623,0.70683,0.70478,0.70535,7620.64
1617768000000,0.70533,0.70625,0.70338,0.70404,10284.34
1617782400000,0.70401,0.70461,0.70256,0.70333,8487.94
1617796800000,0.70331,0.70386,0.70189,0.70224,16595.34
1617811200000,0.70225,0.7023,0.69967,0.70064,8320.31
1617825600000,0.70064,0.70149,0.70033,0.7012,3704.43
1617840000000,0.70121,0.70202,0.70039,0.7017,7779.32
1617854400000,0.70171,0.70432,0.70167,0.70316,8594.54
1617868800000,0.70315,0.7045,0.70204,0.70445,10867.17
1617883200000,0.70442,0.70601,0.70407,0.70456,18830.07
1617897600000,0.70456,0.70585,0.70455,0.70532,7488.4
1617912000000,0.70532,0.70634,0.70477,0.706,2952.44
1617926400000,0.706,0.70653,0.70422,0.70493,9702.8
1617940800000,0.70494,0.70494,0.7009,0.70299,13283.74
1617955200000,0.70298,0.70585,0.70206,0.70528,12455.67
1617969600000,0.70528,0.70539,0.70255,0.70464,17300.97
1617984000000,0.70464,0.70476,0.70391,0.70444,5758.6
1617998400000,0.70444,0.70445,0.70288,0.70293,1395.42
1618171200000,0.70275,0.70426,0.7023,0.70361,2282.25
1618185600000,0.70362,0.70381,0.70134,0.70341,10490.96
1618200000000,0.7034,0.70381,0.70218,0.70297,14233.24
1618214400000,0.703,0.7049,0.70263,0.70425,11249.13
1618228800000,0.70426,0.70439,0.70236,0.7028,13498.24
1618243200000,0.70281,0.70361,0.70188,0.70248,8364.52
1618257600000,0.70249,0.70355,0.70249,0.70306,3344.14
1618272000000,0.70308,0.70312,0.7006,0.70085,9002.23
1618286400000,0.70085,0.70247,0.70035,0.70189,10506.56
1618300800000,0.70191,0.70414,0.70147,0.70214,12668.81
1618315200000,0.70213,0.70433,0.7006,0.70378,17309.68
1618329600000,0.70379,0.70592,0.70374,0.70584,9038.57
1618344000000,0.70583,0.7066,0.70438,0.70599,3427.94
1618358400000,0.70598,0.70886,0.70468,0.70835,10894.36
1618372800000,0.70834,0.71028,0.70833,0.7093,11068.28
1618387200000,0.70929,0.7121,0.70909,0.71091,12555.88
1618401600000,0.7109,0.71493,0.7105,0.71473,17397.86
1618416000000,0.71471,0.71499,0.71334,0.71443,11355.93
1618430400000,0.71441,0.71446,0.71321,0.71385,2955.15
1618444800000,0.71385,0.71592,0.71376,0.71424,9125.94
1618459200000,0.71426,0.71795,0.71388,0.71766,9341.18
1618473600000,0.71768,0.71801,0.71494,0.7156,10147.48
1618488000000,0.71562,0.71768,0.71526,0.71635,18543.41
1618502400000,0.71639,0.71768,0.71593,0.71768,9181.1
1618516800000,0.71768,0.71783,0.71673,0.71743,3350.29
1618531200000,0.71742,0.71778,0.71508,0.71596,7897.28
1618545600000,0.71595,0.71674,0.71501,0.71617,10772.66
1618560000000,0.71613,0.71753,0.71501,0.71685,10275.44
1618574400000,0.71683,0.71688,0.71315,0.71355,13011.95
1618588800000,0.71353,0.7146,0.71346,0.71419,7107.07
1618603200000,0.71419,0.71446,0.71393,0.71418,790.52
1618776000000,0.71252,0.71351,0.7124,0.71255,2227.32
1618790400000,0.71255,0.7141,0.71215,0.71351,6908.39
1618804800000,0.71355,0.71742,0.71354,0.71738,10588.61
1618819200000,0.71739,0.71978,0.71726,0.71897,15737.86
1618833600000,0.71898,0.71902,0.71724,0.71732,19285.79
1618848000000,0.71734,0.71857,0.71718,0.71809,7505.5
1618862400000,0.7181,0.71898,0.71695,0.71888,2988.48
1618876800000,0.71888,0.72186,0.71874,0.72183,6834.85
1618891200000,0.72181,0.72295,0.72058,0.72203,10474.12
1618905600000,0.72206,0.72252,0.71916,0.72022,14218.51
1618920000000,0.72019,0.72137,0.71748,0.71841,21928.2
1618934400000,0.7184,0.71885,0.71651,0.71726,8867.31
1618948800000,0.71731,0.71787,0.71622,0.71641,3190.04
1618963200000,0.71643,0.71866,0.7163,0.71746,7812.95
1618977600000,0.71746,0.7184,0.7162,0.71781,8954.31
1618992000000,0.71783,0.71895,0.71667,0.71833,9672.62
1619006400000,0.71831,0.7218,0.71706,0.72119,18454.54
1619020800000,0.72119,0.72138,0.72051,0.72085,5997.92
1619035200000,0.72083,0.72104,0.71916,0.72027,2371.74
1619049600000,0.72027,0.72133,0.71938,0.7195,5831.17
1619064000000,0.71957,0.72013,0.71798,0.71884,10007.38
1619078400000,0.71884,0.71942,0.71717,0.71849,9023.64
1619092800000,0.7185,0.71858,0.71573,0.71665,23931.91
1619107200000,0.71664,0.71722,0.71455,0.71581,13672.75
1619121600000,0.71579,0.71662,0.71484,0.71535,3204.82
1619136000000,0.71538,0.71766,0.71524,0.71741,5297.44
1619150400000,0.71741,0.71895,0.71727,0.7186,7828.51
1619164800000,0.71858,0.71858,0.71698,0.71802,8594.14
1619179200000,0.71802,0.71933,0.7165,0.71789,19709.73
1619193600000,0.71788,0.7203,0.71756,0.71972,4903.29
1619208000000,0.71971,0.72,0.71934,0.71934,923.31
1619380800000,0.71862,0.71982,0.71862,0.71905,1468.42
1619395200000,0.71908,0.7221,0.71892,0.72139,6643.2
1619409600000,0.7214,0.7219,0.72041,0.72131,9087.44
1619424000000,0.7213,0.72269,0.72089,0.72175,10759.26
1619438400000,0.72176,0.72382,0.7211,0.72307,15857.29
1619452800000,0.72306,0.72429,0.72261,0.72394,6625.56
1619467200000,0.72393,0.72393,0.72266,0.72289,2956.91
1619481600000,0.72288,0.72365,0.72106,0.72171,6292.37
1619496000000,0.72171,0.72304,0.72114,0.72128,8543.24
1619510400000,0.72127,0.72289,0.72011,0.72281,9119.09
1619524800000,0.72277,0.72286,0.72041,0.72114,17232.49
1619539200000,0.72116,0.72138,0.72038,0.72055,6755.43
1619553600000,0.72057,0.72098,0.71989,0.72026,2990.33
1619568000000,0.72029,0.72031,0.7188,0.71984,5784.22
1619582400000,0.71982,0.72116,0.71964,0.7202,6512.19
1619596800000,0.7202,0.72225,0.71987,0.72173,9164.38
1619611200000,0.72168,0.72443,0.72164,0.7241,15623.21
1619625600000,0.72411,0.72675,0.72307,0.72654,13647.26
1619640000000,0.72653,0.727,0.72496,0.7269,3011.54
1619654400000,0.7269,0.72862,0.72469,0.72501,5741.71
1619668800000,0.72501,0.72646,0.72491,0.7256,8366.21
1619683200000,0.72566,0.72644,0.72429,0.72619,12370
1619697600000,0.72621,0.72655,0.72221,0.72301,28137.01
1619712000000,0.723,0.72501,0.72255,0.72475,9685.78
1619726400000,0.72473,0.72495,0.72398,0.72461,3528.77
1619740800000,0.7246,0.72512,0.72391,0.72504,4976.72
1619755200000,0.72505,0.72542,0.72341,0.7237,8016.79
1619769600000,0.7237,0.72406,0.72188,0.7222,9611.7
1619784000000,0.7222,0.72239,0.71598,0.71683,21483.89
1619798400000,0.71682,0.71725,0.71502,0.71552,7654.34
1619812800000,0.71553,0.7161,0.71551,0.71566,1588.63
1619985600000,0.71743,0.71754,0.71597,0.71685,1928.78
1620000000000,0.71686,0.71829,0.71633,0.71752,5091.71
1620014400000,0.7175,0.71766,0.71551,0.71659,8034.01
1620028800000,0.71664,0.71797,0.71557,0.71738,7439.17
1620043200000,0.7174,0.72052,0.71728,0.71955,14578.67
1620057600000,0.71957,0.72122,0.71913,0.72026,5710.97
1620072000000,0.72027,0.72037,0.71945,0.71963,3972.41
1620086400000,0.71963,0.71986,0.71764,0.71815,3336.63
1620100800000,0.71814,0.71877,0.71435,0.71528,8301.99
1620115200000,0.71529,0.71566,0.71158,0.71275,13413.83
1620129600000,0.71274,0.71554,0.7115,0.7128,32235.24
1620144000000,0.71278,0.71445,0.71267,0.71428,11259.23
1620158400000,0.71426,0.71757,0.71398,0.71608,4222.61
1620172800000,0.71605,0.71767,0.71566,0.71712,5101.19
1620187200000,0.71714,0.71719,0.71489,0.71624,9766.11
1620201600000,0.71627,0.7196,0.71592,0.71884,11923.14
1620216000000,0.71884,0.72174,0.71848,0.72102,21912.95
1620230400000,0.72104,0.72161,0.71986,0.72153,5479.13
1620244800000,0.72154,0.72229,0.72091,0.72179,2473
1620259200000,0.72179,0.72288,0.71841,0.7196,9652.09
1620273600000,0.71964,0.7221,0.71957,0.72041,12423.47
1620288000000,0.72042,0.72183,0.71958,0.7211,13983.67
1620302400000,0.72112,0.72265,0.71909,0.72192,22856.53
1620316800000,0.72193,0.72382,0.72133,0.7238,7109.72
1620331200000,0.72379,0.72385,0.72283,0.72313,2501.36
1620345600000,0.72313,0.72434,0.72259,0.72298,7578.83
1620360000000,0.72299,0.72403,0.72103,0.72196,12135.84
1620374400000,0.72193,0.72318,0.72107,0.72122,11472.35
1620388800000,0.7212,0.72992,0.72047,0.72947,35900.92
1620403200000,0.72949,0.72949,0.72735,0.72836,9154.4
1620417600000,0.72834,0.72839,0.72756,0.72802,744.61
1620590400000,0.72832,0.72977,0.72759,0.72942,2184.3
1620604800000,0.72941,0.72955,0.72714,0.72727,9199.37
1620619200000,0.72728,0.72881,0.72709,0.72777,10357.09
1620633600000,0.72777,0.72989,0.72764,0.72932,10633.87
1620648000000,0.72932,0.73025,0.72797,0.73025,20483.02
1620662400000,0.73026,0.73046,0.7268,0.72705,6973.59
1620676800000,0.72705,0.72722,0.72587,0.72702,3227.29
1620691200000,0.72704,0.72725,0.72513,0.72632,8911.35
1620705600000,0.72631,0.72765,0.72523,0.72584,9881.04
1620720000000,0.72586,0.72892,0.72566,0.72804,13451.69
1620734400000,0.72804,0.72849,0.72552,0.72733,28092.12
1620748800000,0.72733,0.72765,0.72636,0.72682,11081.45
1620763200000,0.72682,0.72753,0.72554,0.72613,3962.24
1620777600000,0.72615,0.72665,0.72266,0.72279,9819.14
1620792000000,0.72278,0.7246,0.72225,0.72323,10365.66
1620806400000,0.72322,0.72368,0.72202,0.72335,11493.4
1620820800000,0.72334,0.7244,0.71624,0.71643,38312.85
1620835200000,0.71645,0.71709,0.7151,0.71538,14079.7
1620849600000,0.71539,0.71689,0.71513,0.71629,2968.27
1620864000000,0.71627,0.71788,0.71539,0.71685,10876.28
1620878400000,0.71684,0.7177,0.71449,0.71479,14382.67
1620892800000,0.71478,0.71611,0.71344,0.71472,18773.92
1620907200000,0.71473,0.7193,0.71473,0.71788,25331.38
1620921600000,0.71784,0.71939,0.71653,0.71877,15626.52
1620936000000,0.71876,0.71903,0.71686,0.71804,3022.13
1620950400000,0.71804,0.71811,0.71685,0.71746,7457.63
1620964800000,0.71748,0.71959,0.71746,0.71887,10677.05
1620979200000,0.71887,0.72269,0.71845,0.72254,12604.56
1620993600000,0.72252,0.72519,0.72197,0.72419,22167.16
1621008000000,0.72419,0.72522,0.72386,0.7248,5923.76
1621022400000,0.7248,0.72542,0.72446,0.72453,594.39
1621195200000,0.72332,0.72498,0.72277,0.72425,1373.36
1621209600000,0.72425,0.72428,0.72142,0.72142,9482.05
1621224000000,0.72143,0.72302,0.72048,0.72114,9966.82
1621238400000,0.72115,0.72181,0.719,0.71925,8890.38
1621252800000,0.71927,0.7212,0.71809,0.72108,18727.8
1621267200000,0.72108,0.72212,0.7206,0.72165,7364.38
1621281600000,0.72164,0.72191,0.71953,0.72177,2455.8
1621296000000,0.72176,0.72422,0.72144,0.72396,6913.69
1621310400000,0.72396,0.72567,0.72324,0.72521,9952.55
1621324800000,0.72519,0.72604,0.72467,0.72575,8602.26
1621339200000,0.72575,0.72706,0.7235,0.72366,16649.96
1621353600000,0.72372,0.72539,0.72359,0.72447,6634.07
1621368000000,0.72447,0.72457,0.72348,0.72364,2444.63
1621382400000,0.72366,0.7247,0.72251,0.72353,7584.68
1621396800000,0.72355,0.72386,0.72091,0.72106,11886.33
1621411200000,0.72106,0.72133,0.71784,0.71859,15453.43
1621425600000,0.7186,0.72,0.71722,0.71853,31182.93
1621440000000,0.71856,0.71961,0.7151,0.7167,19602.82
1621454400000,0.71666,0.71726,0.7158,0.71606,3464.94
1621468800000,0.71606,0.71775,0.71561,0.71742,8887.96
1621483200000,0.7174,0.71993,0.71721,0.7195,9751.47
1621497600000,0.71948,0.71976,0.71689,0.71833,10337.77
1621512000000,0.71833,0.72163,0.71819,0.72106,17142.17
1621526400000,0.72109,0.72114,0.71894,0.72023,7379.47
1621540800000,0.72024,0.72039,0.71915,0.71954,2131.47
1621555200000,0.71955,0.72027,0.71785,0.71859,11065.14
1621569600000,0.71858,0.71901,0.71733,0.71774,10930.43
1621584000000,0.71773,0.72221,0.71758,0.72069,12472.41
1621598400000,0.72069,0.72174,0.71626,0.71635,20286.39
1621612800000,0.71633,0.71708,0.71537,0.71657,6412.03
1621627200000,0.71662,0.71681,0.71605,0.71643,984.01
1621800000000,0.71647,0.71798,0.71615,0.71708,2152.51
1621814400000,0.71704,0.71774,0.71599,0.71666,8838.5
1621828800000,0.71666,0.71874,0.71647,0.71843,11001.58
1621843200000,0.71843,0.71855,0.71577,0.71793,15727.34
1621857600000,0.71794,0.72165,0.71772,0.72036,18015.97
1621872000000,0.72037,0.72182,0.7203,0.72171,5656.75
1621886400000,0.72171,0.72195,0.72036,0.72131,3579.4
1621900800000,0.72131,0.72269,0.72079,0.72233,12598.54
1621915200000,0.72229,0.72402,0.72186,0.72259,12168.33
1621929600000,0.72256,0.72448,0.72173,0.72426,12832.81
1621944000000,0.72426,0.72496,0.72117,0.72148,19878.17
1621958400000,0.72148,0.72364,0.72099,0.72248,8205.45
1621972800000,0.7225,0.72305,0.72159,0.72234,2954.23
1621987200000,0.72233,0.73135,0.72226,0.7307,16527.68
1622001600000,0.7307,0.73159,0.72958,0.73078,14073.33
1622016000000,0.73078,0.73134,0.72921,0.73053,13233.51
1622030400000,0.73052,0.73136,0.72784,0.729,20944.18
1622044800000,0.72903,0.72948,0.72801,0.72926,7458.42
1622059200000,0.72924,0.72924,0.72739,0.72766,3382.36
1622073600000,0.72766,0.72937,0.72655,0.72912,8985.84
1622088000000,0.72916,0.73035,0.72849,0.73002,10355.08
1622102400000,0.73005,0.73107,0.72862,0.73001,14127.74
1622116800000,0.73004,0.73106,0.72841,0.72901,23842.67
1622131200000,0.72903,0.73008,0.72791,0.72951,7795.74
1622145600000,0.72956,0.72971,0.72822,0.72827,2067.14
1622160000000,0.72829,0.72843,0.72673,0.72761,8587.71
1622174400000,0.7276,0.72781,0.72391,0.72505,12677.43
1622188800000,0.72508,0.72623,0.7219,0.7226,13646.75
1622203200000,0.72258,0.72581,0.72123,0.72495,24227.29
1622217600000,0.72494,0.72632,0.72411,0.72422,7996.03
1622232000000,0.72422,0.72482,0.72422,0.72429,872.6
1622404800000,0.72547,0.72569,0.72408,0.72414,1506.91
1622419200000,0.72416,0.72596,0.7231,0.72523,6963.8
1622433600000,0.72523,0.72597,0.72473,0.72552,7254.26
1622448000000,0.72555,0.72627,0.72522,0.72605,9658.93
1622462400000,0.72605,0.72823,0.72597,0.72823,7769.27
1622476800000,0.72825,0.72832,0.72655,0.72744,5327.59
1622491200000,0.72744,0.72827,0.72544,0.7276,3089.54
1622505600000,0.72758,0.72876,0.72691,0.7283,5533.06
1622520000000,0.7283,0.72877,0.72696,0.72851,9783.57
1622534400000,0.72851,0.72857,0.72531,0.72589,12441.26
1622548800000,0.72588,0.72641,0.7246,0.7255,19487.27
1622563200000,0.72549,0.72572,0.72495,0.72521,7830.12
1622577600000,0.72523,0.72567,0.72479,0.72517,2704.25
1622592000000,0.72518,0.72719,0.72486,0.7263,6395.99
1622606400000,0.7263,0.7263,0.72229,0.72279,11955.54
1622620800000,0.72279,0.72348,0.72084,0.72274,14033.62
1622635200000,0.72275,0.72488,0.72267,0.72429,14900.57
1622649600000,0.72428,0.7243,0.72288,0.72358,5416.76
1622664000000,0.72357,0.72383,0.72307,0.72321,1536.81
1622678400000,0.72322,0.72413,0.72193,0.72266,4807.59
1622692800000,0.72263,0.72279,0.72075,0.72091,7588.77
1622707200000,0.72088,0.72301,0.72073,0.7209,13748.31
1622721600000,0.72088,0.72104,0.71381,0.71423,32656.3
1622736000000,0.71423,0.71453,0.71252,0.71392,7746.99
1622750400000,0.71392,0.71504,0.71388,0.71457,2525.66
1622764800000,0.71461,0.71494,0.7132,0.71466,7818.98
1622779200000,0.71466,0.71595,0.71414,0.71527,9582.42
1622793600000,0.71527,0.71595,0.71462,0.71525,9162.56
1622808000000,0.71525,0.72091,0.71436,0.72022,29409.78
1622822400000,0.7202,0.72154,0.71931,0.72092,5627.62
1622836800000,0.72091,0.72112,0.72071,0.72083,393.71
1623009600000,0.72084,0.72132,0.71807,0.72082,2753.14
1623024000000,0.7208,0.72135,0.72011,0.72071,7502.63
1623038400000,0.72072,0.72153,0.7191,0.72111,7425
1623052800000,0.72111,0.72275,0.72026,0.72268,8485.44
1623067200000,0.7227,0.72413,0.7224,0.7241,13259.55
1623081600000,0.72409,0.72422,0.72267,0.72374,5361.3
1623096000000,0.72374,0.72374,0.7221,0.7224,2974.34
1623110400000,0.72241,0.72324,0.72198,0.72201,7244.54
1623124800000,0.72202,0.72234,0.72025,0.72131,7905.38
1623139200000,0.72131,0.72144,0.72001,0.7213,13000.12
1623153600000,0.7213,0.72232,0.7187,0.71948,20984.71
1623168000000,0.71945,0.72009,0.71911,0.71951,4231.86
1623182400000,0.71948,0.7197,0.71885,0.71887,4013.44
1623196800000,0.7189,0.72032,0.71886,0.71951,6785.77
1623211200000,0.7195,0.72082,0.71935,0.72008,6562.03
1623225600000,0.72008,0.7208,0.71979,0.72051,8889.79
1623240000000,0.72049,0.72138,0.7168,0.71738,17365.9
1623254400000,0.71735,0.71814,0.7167,0.7172,6314.69
1623268800000,0.71719,0.71786,0.71685,0.71708,2308.9
1623283200000,0.71709,0.71832,0.71647,0.71822,6308.64
1623297600000,0.71822,0.71895,0.71692,0.71751,8779.76
1623312000000,0.71752,0.7191,0.71726,0.71851,9362.31
1623326400000,0.71855,0.72123,0.71671,0.71986,27571.7
1623340800000,0.71988,0.72042,0.71917,0.7198,8256.64
1623355200000,0.7198,0.72011,0.71821,0.71888,3257.54
1623369600000,0.71889,0.71991,0.71854,0.71931,7156.2
1623384000000,0.71931,0.721,0.7187,0.72033,8201.63
1623398400000,0.7203,0.72059,0.71647,0.71665,13857.65
1623412800000,0.71666,0.7168,0.71155,0.71238,18247.44
1623427200000,0.71237,0.71324,0.71171,0.71314,4787.98
1623441600000,0.71314,0.71333,0.71201,0.71211,568.98
1623614400000,0.71321,0.71399,0.7126,0.71375,2974.69
1623628800000,0.71376,0.71427,0.71303,0.71389,7484.11
1623643200000,0.71389,0.71479,0.71311,0.71414,9777.01
1623657600000,0.71415,0.71508,0.71255,0.71411,11806.8
1623672000000,0.71414,0.71523,0.71365,0.71447,17499.26
1623686400000,0.71449,0.71474,0.71347,0.71436,4045.47
1623700800000,0.71436,0.71478,0.71393,0.71423,6773.66
1623715200000,0.71426,0.71508,0.71304,0.71504,13096.13
1623729600000,0.71503,0.71604,0.71472,0.71483,11861.28
1623744000000,0.71488,0.71503,0.71227,0.71249,12332.35
1623758400000,0.7125,0.71335,0.71045,0.71089,17667.29
1623772800000,0.71091,0.71217,0.71073,0.71215,7793.88
1623787200000,0.71216,0.7127,0.71152,0.71209,3485.82
1623801600000,0.7121,0.71403,0.7121,0.71393,11389.7
1623816000000,0.71395,0.71489,0.71347,0.7138,11240.16
1623830400000,0.71381,0.71459,0.71344,0.71433,7358.25
1623844800000,0.71433,0.71542,0.71362,0.71431,12096.39
1623859200000,0.71431,0.71468,0.70476,0.70551,32400.96
1623873600000,0.70558,0.70762,0.70419,0.70697,7267.13
1623888000000,0.70698,0.7102,0.70647,0.70883,16983.68
1623902400000,0.70883,0.70908,0.7058,0.70657,13802.71
1623916800000,0.70657,0.70741,0.70054,0.70064,16076.91
1623931200000,0.7006,0.70334,0.69994,0.70018,26990.31
1623945600000,0.70019,0.70099,0.69914,0.69984,13300.25
1623960000000,0.69983,0.70176,0.69979,0.70139,4038.87
1623974400000,0.70139,0.70155,0.69991,0.701,10034.89
1623988800000,0.701,0.70101,0.69614,0.69891,14799.99
1624003200000,0.69893,0.69996,0.69746,0.69825,13289.79
1624017600000,0.69822,0.69825,0.69224,0.69376,34860.89
1624032000000,0.69374,0.6953,0.69352,0.69366,12804.97
1624046400000,0.69365,0.69383,0.69255,0.69255,1231.05
1624219200000,0.69341,0.69515,0.69313,0.69476,2791.46
1624233600000,0.69474,0.69727,0.69423,0.69558,16969.76
1624248000000,0.69557,0.69711,0.69434,0.69613,16865.15
1624262400000,0.69614,0.69768,0.69548,0.69738,13735.76
1624276800000,0.69736,0.69912,0.69632,0.6986,18688.54
1624291200000,0.69863,0.69988,0.69766,0.69925,9591.65
1624305600000,0.69923,0.6994,0.69834,0.69848,3489.49
1624320000000,0.69848,0.69852,0.6969,0.69759,8187.9
1624334400000,0.69761,0.69892,0.69631,0.69738,11420.9
1624348800000,0.69737,0.69927,0.69675,0.69888,12326.95
1624363200000,0.6989,0.70065,0.69718,0.70009,16989.84
1624377600000,0.70006,0.70355,0.70002,0.70245,11489.28
1624392000000,0.70246,0.70279,0.70133,0.7016,2389.59
1624406400000,0.70157,0.70217,0.69949,0.70079,6407.8
1624420800000,0.7008,0.70301,0.70013,0.70281,9506.72
1624435200000,0.70282,0.70531,0.70271,0.7049,10845.05
1624449600000,0.70496,0.70687,0.70448,0.70577,16755.17
1624464000000,0.70577,0.706,0.70363,0.7041,6688.6
1624478400000,0.70409,0.70486,0.70143,0.70441,2210.06
1624492800000,0.70442,0.70538,0.70411,0.70487,7955.55
1624507200000,0.70487,0.7064,0.70447,0.70532,8911.83
1624521600000,0.70529,0.70665,0.70479,0.70617,11835.43
1624536000000,0.70617,0.70729,0.70448,0.70491,18841.33
1624550400000,0.70491,0.70688,0.7049,0.70649,7230.73
1624564800000,0.7065,0.70663,0.70541,0.70617,2119.95
1624579200000,0.70616,0.70749,0.70583,0.70747,7561.23
1624593600000,0.7075,0.70822,0.70699,0.7081,6971.09
1624608000000,0.7081,0.70816,0.70637,0.70703,7616.69
1624622400000,0.70704,0.70948,0.70704,0.70731,17211.93
1624636800000,0.70733,0.70736,0.70555,0.70685,5431.7
1624651200000,0.70685,0.70711,0.70605,0.70622,683.79
1624824000000,0.70676,0.70732,0.7051,0.70682,2945.46
1624838400000,0.70683,0.70778,0.70625,0.70705,9778.61
1624852800000,0.70706,0.70859,0.70664,0.7075,10270.73
1624867200000,0.70751,0.70751,0.70342,0.70355,13588.48
1624881600000,0.70359,0.70556,0.70323,0.70516,21146.02
1624896000000,0.70515,0.70519,0.70394,0.70406,5606.69
1624910400000,0.70409,0.7048,0.70357,0.70478,1776.69
1624924800000,0.70479,0.70508,0.70224,0.70282,10053.31
1624939200000,0.70284,0.70365,0.70116,0.70134,9766.3
1624953600000,0.70134,0.70144,0.69825,0.69851,14114.74
1624968000000,0.69853,0.69969,0.69788,0.69945,18444.96
1624982400000,0.69943,0.69963,0.69839,0.69907,7194.6
1624996800000,0.69906,0.70018,0.6984,0.69885,5013.74
1625011200000,0.69886,0.70025,0.6988,0.7001,7831.72
1625025600000,0.70009,0.70059,0.69902,0.69934,8460.24
1625040000000,0.69935,0.69937,0.69763,0.69902,10023.73
1625054400000,0.69903,0.69948,0.69644,0.69775,17802.94
1625068800000,0.69774,0.69925,0.69762,0.69883,7934.27
1625083200000,0.69881,0.69967,0.69742,0.69954,6957.65
1625097600000,0.69953,0.69957,0.69811,0.69904,6980.53
1625112000000,0.69903,0.70026,0.69742,0.69935,9099.99
1625126400000,0.69936,0.70019,0.69745,0.70013,12716.95
1625140800000,0.70013,0.70096,0.69711,0.69785,17866.57
1625155200000,0.69783,0.69825,0.69612,0.69664,6497.2
1625169600000,0.69661,0.69702,0.69614,0.69624,3585.92
1625184000000,0.69623,0.69663,0.69582,0.69637,8079.47
1625198400000,0.69636,0.69726,0.69505,0.69527,6745.09
1625212800000,0.69528,0.69664,0.69516,0.69599,9249.4
1625227200000,0.69597,0.70078,0.69467,0.70055,28409.19
1625241600000,0.70056,0.70366,0.70003,0.70315,7510.75
1625256000000,0.70312,0.70346,0.70249,0.70284,1148.67
1625428800000,0.70194,0.70339,0.70168,0.70244,1763.48
1625443200000,0.70242,0.70283,0.70142,0.70152,6175.21
1625457600000,0.70153,0.70283,0.70125,0.70264,5955.69
1625472000000,0.70264,0.70316,0.70159,0.70201,8321.78
1625486400000,0.70201,0.70256,0.70135,0.7024,7918.37
1625500800000,0.70239,0.70454,0.70105,0.70171,23015.06
1625515200000,0.70168,0.70651,0.70123,0.70506,8520.81
1625529600000,0.70506,0.70865,0.70488,0.70823,8926.88
1625544000000,0.70823,0.71049,0.70706,0.70859,13654.95
1625558400000,0.70859,0.70922,0.70737,0.70863,11458.75
1625572800000,0.70863,0.70937,0.69876,0.70096,25765.21
1625587200000,0.70094,0.70178,0.6996,0.70099,9990.76
1625601600000,0.701,0.70232,0.70041,0.70161,3319.33
1625616000000,0.7016,0.70184,0.70028,0.70146,10991.95
1625630400000,0.70146,0.70371,0.70133,0.70344,10269.07
1625644800000,0.70343,0.70566,0.70188,0.70528,11612.78
1625659200000,0.70529,0.70606,0.6989,0.70118,22792.52
1625673600000,0.70119,0.70385,0.70071,0.70118,12564.11
1625688000000,0.70116,0.70186,0.7008,0.7012,3309.1
1625702400000,0.70122,0.70128,0.69797,0.6989,12949.65
1625716800000,0.6989,0.69924,0.69577,0.69731,18187.13
1625731200000,0.6973,0.69761,0.69501,0.69518,24499.15
1625745600000,0.69517,0.69776,0.69341,0.69497,33388.46
1625760000000,0.69496,0.69588,0.69378,0.69463,10196.78
1625774400000,0.69461,0.69527,0.69391,0.69475,6073.17
1625788800000,0.69476,0.69525,0.69226,0.69404,17265.82
1625803200000,0.69404,0.69537,0.69306,0.69485,17703.38
1625817600000,0.69485,0.69793,0.69469,0.69758,17603.39
1625832000000,0.69757,0.69925,0.69734,0.69816,19419.39
1625846400000,0.69821,0.70035,0.69821,0.70024,5399.45
1625860800000,0.70022,0.70031,0.69979,0.69979,677.11
1626033600000,0.69849,0.70081,0.69816,0.70044,2401.15
1626048000000,0.70044,0.70049,0.69779,0.69798,11383.44
1626062400000,0.698,0.69854,0.69618,0.69707,11005.4
1626076800000,0.69707,0.69804,0.69477,0.69586,15003.5
1626091200000,0.69586,0.69936,0.69586,0.69844,17197.69
1626105600000,0.69844,0.69863,0.69702,0.69831,7296.07
1626120000000,0.6983,0.69895,0.69781,0.6985,2521.02
1626134400000,0.69853,0.70091,0.69851,0.69983,8179.19
1626148800000,0.69984,0.69993,0.69787,0.69826,11157.32
1626163200000,0.69825,0.69899,0.69708,0.69783,10734.16
1626177600000,0.69783,0.69786,0.69169,0.69711,33940.66
1626192000000,0.69711,0.69729,0.69397,0.6943,11560.51
1626206400000,0.69429,0.69492,0.6939,0.69425,4095.91
1626220800000,0.6942,0.70229,0.69384,0.70162,19012.7
1626235200000,0.70161,0.70307,0.70059,0.70084,14894.87
1626249600000,0.70088,0.7017,0.69831,0.70161,17705.61
1626264000000,0.70163,0.7043,0.70151,0.70241,31613.48
1626278400000,0.70242,0.70387,0.70242,0.70314,10564.42
1626292800000,0.70313,0.70439,0.70263,0.7037,3383.57
1626307200000,0.70369,0.70396,0.69965,0.70131,13978.95
1626321600000,0.70131,0.70313,0.70078,0.7014,13100.84
1626336000000,0.70141,0.703,0.69961,0.70011,16904.43
1626350400000,0.7001,0.70033,0.69821,0.69914,19175.63
1626364800000,0.69913,0.69941,0.69647,0.69803,12891.01
1626379200000,0.698,0.7033,0.6971,0.70104,6786.51
1626393600000,0.70103,0.7021,0.69898,0.70191,10871.16
1626408000000,0.70195,0.70254,0.70011,0.70052,9708.45
1626422400000,0.70051,0.70286,0.70008,0.7005,13871.53
1626436800000,0.70052,0.70191,0.69939,0.70098,19105.6
1626451200000,0.70099,0.70198,0.6999,0.7002,10635.57
1626465600000,0.70017,0.70041,0.69948,0.69948,912.69
1626638400000,0.70005,0.70032,0.69915,0.69933,2652.8
1626652800000,0.69933,0.69934,0.69752,0.69912,9821.05
1626667200000,0.69915,0.69973,0.69737,0.69767,11289.97
1626681600000,0.69766,0.69847,0.69383,0.69422,22572.41
1626696000000,0.69423,0.69666,0.69206,0.69442,35431.85
1626710400000,0.69442,0.69444,0.69155,0.69316,18525.95
1626724800000,0.69316,0.69461,0.69269,0.69275,4111.09
1626739200000,0.69276,0.69535,0.69168,0.69263,10279.28
1626753600000,0.69263,0.69264,0.68879,0.68983,16483.21
1626768000000,0.68984,0.69166,0.68944,0.69133,17066.62
1626782400000,0.69132,0.69156,0.68804,0.69119,19271.5
1626796800000,0.69125,0.69245,0.69082,0.69184,7824.15
1626811200000,0.69183,0.69228,0.69129,0.69222,3748.33
1626825600000,0.69222,0.69334,0.69067,0.69124,10554.69
1626840000000,0.69124,0.6916,0.68936,0.6909,11602.08
1626854400000,0.69089,0.69308,0.6899,0.69205,14558.82
1626868800000,0.69203,0.69742,0.69167,0.69681,18523.82
1626883200000,0.69679,0.69767,0.69585,0.69724,6574.42
1626897600000,0.6973,0.6973,0.69582,0.69586,3426.46
1626912000000,0.69586,0.69609,0.69462,0.69543,5592.65
1626926400000,0.69539,0.69703,0.69497,0.69595,11343.82
1626940800000,0.69593,0.69731,0.69494,0.69713,14524.03
1626955200000,0.69712,0.69857,0.6948,0.69558,25077.99
1626969600000,0.69556,0.69824,0.69492,0.6976,8375.64
1626984000000,0.69761,0.69835,0.69593,0.69794,3217.58
1626998400000,0.69794,0.69884,0.69726,0.69758,4073.89
1627012800000,0.69758,0.69802,0.69598,0.69721,10569.71
1627027200000,0.69721,0.69857,0.69637,0.698,12349.31
1627041600000,0.69797,0.69921,0.69694,0.69732,14051.81
1627056000000,0.69737,0.69867,0.69733,0.69826,6639.22
1627070400000,0.69825,0.6985,0.69695,0.69756,1055.19
1627243200000,0.69698,0.69851,0.6964,0.69819,1657.4
1627257600000,0.6982,0.69831,0.69597,0.69631,8505.8
1627272000000,0.69632,0.69716,0.69549,0.69615,12473.02
1627286400000,0.69615,0.69796,0.6947,0.69786,12563.72
1627300800000,0.69789,0.70094,0.69638,0.70024,16317.75
1627315200000,0.70022,0.70032,0.69899,0.69976,4935.98
1627329600000,0.69974,0.70057,0.69935,0.70001,4149.83
1627344000000,0.7,0.70054,0.69857,0.69945,7638.92
1627358400000,0.69945,0.69975,0.69492,0.69592,14057.25
1627372800000,0.69591,0.69651,0.69454,0.69635,14697.24
1627387200000,0.69634,0.69745,0.69391,0.69626,23833.99
1627401600000,0.69626,0.6963,0.69447,0.69611,9492.77
1627416000000,0.69611,0.69649,0.69402,0.69619,3876.42
1627430400000,0.6962,0.69691,0.69488,0.69568,11474.75
1627444800000,0.69568,0.69663,0.69438,0.69488,12517.65
1627459200000,0.69488,0.69528,0.69289,0.69411,12893.25
1627473600000,0.6941,0.69436,0.69154,0.69317,21131.94
1627488000000,0.69318,0.69625,0.69008,0.69557,32163.96
1627502400000,0.69558,0.6963,0.69444,0.69591,3897.5
1627516800000,0.69592,0.69684,0.69479,0.69642,12934
1627531200000,0.6964,0.69858,0.69607,0.69827,9978.01
1627545600000,0.69825,0.70032,0.69787,0.69903,14319.73
1627560000000,0.69903,0.70191,0.69817,0.70135,24004.73
1627574400000,0.70136,0.70182,0.70026,0.70109,6628.99
1627588800000,0.70108,0.70177,0.69984,0.70095,3618.91
1627603200000,0.70094,0.70122,0.69929,0.69981,11284.53
1627617600000,0.69981,0.70093,0.69888,0.70081,11139.99
1627632000000,0.7008,0.70208,0.69929,0.69949,15356.95
1627646400000,0.69954,0.70068,0.69738,0.69801,20478.79
1627660800000,0.698,0.69802,0.69586,0.69662,7386.49
1627675200000,0.69662,0.69771,0.69641,0.69645,1751.24
1627848000000,0.69611,0.69777,0.69584,0.69731,1416.47
1627862400000,0.69733,0.69771,0.69521,0.69649,9075.03
1627876800000,0.69651,0.69829,0.69607,0.69763,9341.63
1627891200000,0.69766,0.69863,0.69695,0.69761,9294.34
1627905600000,0.69761,0.69928,0.69708,0.69712,20113.85
1627920000000,0.69713,0.69783,0.69635,0.69678,9444.13
1627934400000,0.69682,0.6989,0.69579,0.69858,4146.61
1627948800000,0.69855,0.69985,0.69828,0.69948,8791.4
1627963200000,0.6995,0.70182,0.69938,0.70097,17825.9
1627977600000,0.70098,0.70181,0.69956,0.70174,9730.83
1627992000000,0.70176,0.7018,0.69823,0.70062,20622.56
1628006400000,0.70061,0.70168,0.70031,0.70158,7112.57
1628020800000,0.70157,0.70505,0.70121,0.70444,5134.06
1628035200000,0.70444,0.70664,0.70357,0.70542,7103.56
1628049600000,0.70542,0.70828,0.70457,0.70813,7687.93
1628064000000,0.70812,0.70827,0.7063,0.70692,9260.94
1628078400000,0.70692,0.70882,0.70353,0.70489,23451.42
1628092800000,0.70488,0.70533,0.70431,0.70432,9558.49
1628107200000,0.70431,0.7045,0.7035,0.70426,2028.99
1628121600000,0.70427,0.70539,0.70387,0.70508,5806.36
1628136000000,0.7051,0.70672,0.70363,0.70671,7643
1628150400000,0.70671,0.70731,0.70526,0.70708,13399.17
1628164800000,0.70709,0.70733,0.70494,0.70609,17845.84
1628179200000,0.70607,0.70611,0.70549,0.7058,5156.29
1628193600000,0.70584,0.70587,0.7046,0.7047,2495.15
1628208000000,0.70472,0.70513,0.70412,0.70481,4847.56
1628222400000,0.7048,0.70527,0.70419,0.70483,6347.93
1628236800000,0.70483,0.70553,0.70457,0.70535,8479.99
1628251200000,0.70538,0.70624,0.70009,0.70114,26056.6
1628265600000,0.70114,0.70143,0.70047,0.70101,4231.68
1628280000000,0.70102,0.70114,0.70065,0.70065,649.6
1628452800000,0.70027,0.70116,0.69804,0.69905,3747.55
1628467200000,0.69907,0.70209,0.69844,0.70187,5811.7
1628481600000,0.70187,0.70245,0.70102,0.70104,9957.02
1628496000000,0.70103,0.70224,0.70012,0.70204,11127.62
1628510400000,0.70204,0.70255,0.69966,0.69995,16088.26
1628524800000,0.69995,0.70027,0.69908,0.69908,5153.77
1628539200000,0.6991,0.69943,0.69874,0.69912,2414.67
1628553600000,0.69912,0.6995,0.69682,0.69764,6670.95
1628568000000,0.69764,0.69873,0.69694,0.69818,8716.32
1628582400000,0.69819,0.69996,0.69795,0.69993,10248.36
1628596800000,0.69994,0.70104,0.69882,0.70031,15816.6
1628611200000,0.7003,0.70096,0.69971,0.70057,5952.47
1628625600000,0.70058,0.7013,0.70032,0.70049,1782.76
1628640000000,0.70051,0.7011,0.69956,0.7003,6377.89
1628654400000,0.70029,0.7007,0.69909,0.69971,7718.25
1628668800000,0.69972,0.70096,0.69952,0.70084,7439.37
1628683200000,0.70089,0.70559,0.70067,0.70455,26427.29
1628697600000,0.70453,0.70614,0.70343,0.70452,6088.59
1628712000000,0.70451,0.70451,0.70283,0.70405,2073.56
1628726400000,0.70403,0.70466,0.70322,0.70397,5231.1
1628740800000,0.70397,0.704,0.70188,0.7035,7042.56
1628755200000,0.70346,0.70403,0.70231,0.70253,7179.81
1628769600000,0.70252,0.70273,0.69972,0.70054,16515.12
1628784000000,0.70057,0.70095,0.69953,0.69994,7408.27
1628798400000,0.69993,0.70059,0.69976,0.70035,1512.26
1628812800000,0.70036,0.70104,0.6994,0.70072,4269.23
1628827200000,0.7007,0.70088,0.69977,0.70071,6283.49
1628841600000,0.70071,0.70105,0.69988,0.70075,5850.23
1628856000000,0.70078,0.70458,0.70078,0.70429,14553.07
1628870400000,0.7043,0.70472,0.70381,0.70432,4821.97
1628884800000,0.70431,0.70431,0.70354,0.70361,642.39
1629057600000,0.70417,0.70436,0.70371,0.70383,3155.21
1629072000000,0.70381,0.70426,0.70222,0.70239,7083.96
1629086400000,0.70238,0.70323,0.70189,0.7024,8821.28
1629100800000,0.7024,0.70369,0.70227,0.70277,8222.62
1629115200000,0.70276,0.70366,0.70113,0.70233,15349.41
1629129600000,0.70233,0.70237,0.70104,0.70226,4275.29
1629144000000,0.70229,0.70292,0.70144,0.70273,3273.41
1629158400000,0.70275,0.70286,0.69518,0.6958,12566
1629172800000,0.69581,0.6961,0.69066,0.69218,14284.99
1629187200000,0.69217,0.69328,0.69129,0.69281,10483
1629201600000,0.69283,0.69307,0.6904,0.69104,20927.59
1629216000000,0.69106,0.69159,0.68998,0.69149,8982.62
1629230400000,0.69147,0.69303,0.6912,0.69265,3447.13
1629244800000,0.69266,0.69511,0.68683,0.69341,17780.56
1629259200000,0.69341,0.69392,0.69126,0.69174,7056.96
1629273600000,0.69176,0.69247,0.68832,0.69065,9447.43
1629288000000,0.69065,0.69102,0.68757,0.68886,16784.58
1629302400000,0.68886,0.69131,0.68804,0.6884,15678.05
1629316800000,0.68841,0.6888,0.6873,0.68731,4463.02
1629331200000,0.68731,0.68739,0.68454,0.68533,10532.88
1629345600000,0.68531,0.68571,0.68302,0.68365,14219.06
1629360000000,0.68364,0.68412,0.68082,0.6838,16598.72
1629374400000,0.68379,0.68593,0.68312,0.68505,28603.71
1629388800000,0.68504,0.68519,0.68217,0.68266,19453.6
1629403200000,0.68264,0.68343,0.68145,0.68189,5217.52
1629417600000,0.6819,0.68374,0.68079,0.68373,8611.89
1629432000000,0.68372,0.68403,0.68046,0.68163,12882.06
1629446400000,0.68166,0.68253,0.68086,0.6822,9019
1629460800000,0.68219,0.68423,0.68132,0.68296,16683.4
1629475200000,0.68294,0.68396,0.68258,0.68386,6343.97
1629489600000,0.68383,0.68389,0.6827,0.68285,2071.54
1629662400000,0.68206,0.68374,0.68206,0.68294,2994.06
1629676800000,0.68295,0.68556,0.68289,0.68432,10314.23
1629691200000,0.68432,0.6848,0.68308,0.6843,12659.23
1629705600000,0.68431,0.68724,0.68429,0.68678,11759.37
1629720000000,0.68679,0.68933,0.68652,0.68912,12812.66
1629734400000,0.68915,0.69041,0.68901,0.68946,6977.58
1629748800000,0.68947,0.68976,0.68865,0.68926,3853.75
1629763200000,0.68925,0.68994,0.68785,0.68942,6620.96
1629777600000,0.68942,0.69428,0.68934,0.69324,11046.34
1629792000000,0.69323,0.6949,0.69297,0.69453,11961.14
1629806400000,0.69453,0.69655,0.69328,0.69455,18500.28
1629820800000,0.69457,0.69485,0.69421,0.69476,5237.64
1629835200000,0.69474,0.69545,0.69341,0.69367,4010.38
1629849600000,0.69366,0.69561,0.69293,0.69388,11247.93
1629864000000,0.69386,0.69491,0.69365,0.69459,10254.22
1629878400000,0.6946,0.69661,0.69412,0.69473,11073.14
1629892800000,0.69472,0.69643,0.69399,0.69628,18663.03
1629907200000,0.69628,0.69825,0.69591,0.69794,6679.2
1629921600000,0.69794,0.69805,0.69663,0.6971,4109.78
1629936000000,0.6971,0.69736,0.69569,0.69605,6691.88
1629950400000,0.69605,0.69691,0.69504,0.69613,7672.72
1629964800000,0.69614,0.69734,0.69465,0.69697,8033.06
1629979200000,0.69699,0.69762,0.69511,0.69562,19754.19
1629993600000,0.69562,0.69571,0.69407,0.69492,7029.88
1630008000000,0.69488,0.69524,0.69398,0.69439,2894.92
1630022400000,0.6944,0.69478,0.69325,0.69382,7084.12
1630036800000,0.69382,0.69562,0.69361,0.69529,7187.09
1630051200000,0.69528,0.69581,0.69467,0.69495,7421.99
1630065600000,0.69494,0.70109,0.69341,0.70103,26694.29
1630080000000,0.70105,0.70184,0.70082,0.70137,5444.37
1630094400000,0.70135,0.70182,0.70066,0.70066,1621.09
1630267200000,0.69991,0.7014,0.69963,0.7011,2461.89
1630281600000,0.70107,0.70145,0.69926,0.69981,6498.9
1630296000000,0.69981,0.70051,0.69861,0.69995,7209.3
1630310400000,0.69994,0.70068,0.69895,0.70048,7725.89
1630324800000,0.70049,0.70094,0.69915,0.70007,14010.7
1630339200000,0.70007,0.70068,0.69977,0.70009,4341.04
1630353600000,0.70007,0.70013,0.69892,0.69967,1458.33
1630368000000,0.69966,0.70519,0.69958,0.70358,10772.53
1630382400000,0.70357,0.70662,0.70319,0.70577,10754.39
1630396800000,0.70577,0.70683,0.70518,0.70642,11536.95
1630411200000,0.70642,0.70646,0.70335,0.70412,21731.87
1630425600000,0.7041,0.70561,0.70392,0.70454,9145.39
1630440000000,0.70452,0.70513,0.70393,0.70504,4829.17
1630454400000,0.70511,0.70549,0.70341,0.70442,7992.95
1630468800000,0.70442,0.70669,0.7035,0.7061,9876.01
1630483200000,0.7061,0.70636,0.70423,0.70437,10040.81
1630497600000,0.70438,0.7073,0.70418,0.70675,18814.84
1630512000000,0.70674,0.7077,0.70634,0.70645,6976.91
1630526400000,0.70647,0.70716,0.70631,0.70642,2841.26
1630540800000,0.70642,0.7072,0.70566,0.70654,7298.94
1630555200000,0.70654,0.70834,0.70611,0.70792,8166.38
1630569600000,0.70792,0.70942,0.70755,0.70921,9590.84
1630584000000,0.7092,0.71192,0.70865,0.7109,16949.67
1630598400000,0.7109,0.71164,0.71077,0.71159,9238.43
1630612800000,0.7116,0.71171,0.71022,0.71077,3069.68
1630627200000,0.71077,0.71189,0.71058,0.71132,7663.92
1630641600000,0.71131,0.71291,0.71128,0.71251,7862.14
1630656000000,0.71252,0.71305,0.7117,0.71267,9803.96
1630670400000,0.7127,0.71661,0.71236,0.71453,30526.48
1630684800000,0.71452,0.71698,0.71446,0.71565,6878.08
1630699200000,0.71565,0.71585,0.71466,0.71473,1978.03
1630872000000,0.71525,0.71579,0.71472,0.71491,5425.61
1630886400000,0.71494,0.71508,0.71358,0.71398,6362.33
1630900800000,0.71399,0.71465,0.71351,0.71396,6951.45
1630915200000,0.71399,0.71476,0.71273,0.71448,8052.29
1630929600000,0.71449,0.71452,0.71269,0.71321,6996.98
1630944000000,0.7132,0.7136,0.71266,0.71347,29639.87
1630958400000,0.7134,0.71387,0.71313,0.7135,6855.95
1630972800000,0.71352,0.71525,0.71333,0.71353,8367.16
1630987200000,0.71353,0.71473,0.71096,0.71255,13718.29
1631001600000,0.71256,0.71281,0.71098,0.71177,15247.16
1631016000000,0.71174,0.71248,0.70863,0.71046,21364.04
1631030400000,0.71046,0.71068,0.70911,0.70956,8874.7
1631044800000,0.70954,0.71013,0.7093,0.70961,2647.92
1631059200000,0.70971,0.7113,0.7095,0.71052,6816.96
1631073600000,0.71053,0.71078,0.7086,0.70866,11638.37
1631088000000,0.70868,0.71078,0.70798,0.71034,16892.58
1631102400000,0.71034,0.71144,0.70754,0.70946,29936.19
1631116800000,0.70946,0.71135,0.70915,0.70987,13735.65
1631131200000,0.70987,0.71024,0.70912,0.70969,3451.27
1631145600000,0.70969,0.70969,0.70828,0.70895,16464.3
1631160000000,0.70897,0.71136,0.70818,0.71107,22613.57
1631174400000,0.71107,0.71287,0.71041,0.71275,21929.03
1631188800000,0.71277,0.71335,0.71101,0.71242,34966.9
1631203200000,0.71242,0.71275,0.71075,0.71111,15915.02
1631217600000,0.71112,0.71123,0.71019,0.71033,3444.63
1631232000000,0.71037,0.71234,0.70894,0.71234,14594.59
1631246400000,0.71233,0.71455,0.71177,0.71415,17700.44
1631260800000,0.71415,0.7156,0.71408,0.7146,18237.82
1631275200000,0.71459,0.71557,0.71209,0.71255,29448.29
1631289600000,0.71255,0.71302,0.71087,0.71094,13086.56
1631304000000,0.71096,0.71144,0.71066,0.71071,3196.18
1631476800000,0.71101,0.71201,0.711,0.7115,3941.37
1631491200000,0.71149,0.71188,0.70989,0.71122,12649.12
1631505600000,0.71122,0.71169,0.70973,0.71154,15363.04
1631520000000,0.71156,0.71192,0.7097,0.71027,14825.05
1631534400000,0.71025,0.71225,0.70994,0.71152,29416.94
1631548800000,0.71153,0.71163,0.70982,0.71094,11755.61
1631563200000,0.71094,0.71254,0.71092,0.7113,2498.51
1631577600000,0.71129,0.71233,0.71058,0.7113,14216.17
1631592000000,0.71131,0.71246,0.71034,0.71209,17227.85
1631606400000,0.7121,0.7124,0.71014,0.71046,13470.31
1631620800000,0.71047,0.71505,0.71016,0.7109,36722.59
1631635200000,0.71093,0.71138,0.70824,0.70907,10257.71
1631649600000,0.70908,0.70987,0.70908,0.70934,3422.89
1631664000000,0.70936,0.70976,0.70729,0.70934,7878.97
1631678400000,0.70933,0.71022,0.70824,0.70965,10229.43
1631692800000,0.70966,0.71089,0.70904,0.70928,9742.51
1631707200000,0.70928,0.71181,0.70907,0.71028,19298.3
1631721600000,0.71028,0.71086,0.70982,0.71085,5278.88
1631736000000,0.71085,0.71384,0.71007,0.71306,4583.92
1631750400000,0.71304,0.71304,0.71102,0.71134,8613.9
1631764800000,0.71135,0.71178,0.71005,0.71121,13779.86
1631779200000,0.71119,0.71177,0.71054,0.71128,10184.6
1631793600000,0.71127,0.71127,0.70589,0.70702,19125.6
1631808000000,0.70704,0.70846,0.70671,0.70759,6715.2
1631822400000,0.70759,0.70774,0.7066,0.70696,5062.89
1631836800000,0.70694,0.70739,0.70588,0.70694,9063.83
1631851200000,0.70695,0.70838,0.70694,0.70782,11162.7
1631865600000,0.70783,0.70867,0.70627,0.70703,15546.47
1631880000000,0.70703,0.70773,0.70253,0.70411,21203.81
1631894400000,0.70409,0.70476,0.70327,0.70407,8428.41
1631908800000,0.70405,0.70407,0.70297,0.70297,2567.48
1632081600000,0.70322,0.7039,0.70232,0.70323,2577.86
1632096000000,0.70323,0.70421,0.7017,0.70171,7393.8
1632110400000,0.70171,0.70294,0.70104,0.70252,12844.17
1632124800000,0.70252,0.70322,0.7007,0.70092,16114.54
1632139200000,0.7009,0.70409,0.70051,0.7023,37411.49
1632153600000,0.70231,0.7041,0.70127,0.70381,25365.87
1632168000000,0.70384,0.70386,0.70057,0.70165,7867.14
1632182400000,0.70164,0.70229,0.70003,0.7022,10944.87
1632196800000,0.70218,0.70354,0.70179,0.70337,13143.85
1632211200000,0.70336,0.70558,0.70312,0.70356,13682.25
1632225600000,0.70358,0.70409,0.6993,0.70127,26019.67
1632240000000,0.70128,0.70161,0.70013,0.7007,13604.36
1632254400000,0.70069,0.70088,0.69957,0.69965,3928.55
1632268800000,0.69963,0.70309,0.69932,0.70093,13910.62
1632283200000,0.70093,0.70298,0.70074,0.70191,10570.9
1632297600000,0.70192,0.7028,0.70174,0.70235,11709.2
1632312000000,0.70234,0.70311,0.70031,0.70291,15730.22
1632326400000,0.70292,0.70556,0.69916,0.70052,32737.9
1632340800000,0.70052,0.7006,0.69858,0.69894,4901.08
1632355200000,0.69896,0.70024,0.69814,0.70002,8650.95
1632369600000,0.70002,0.70268,0.69961,0.70268,14533.41
1632384000000,0.70268,0.70575,0.70234,0.70499,23670.64
1632398400000,0.70502,0.70928,0.70474,0.70727,21171.85
1632412800000,0.70726,0.70866,0.70697,0.70723,6883.13
1632427200000,0.70724,0.70745,0.70578,0.70638,5185.71
1632441600000,0.70636,0.70801,0.70592,0.70713,9358
1632456000000,0.70711,0.70733,0.70446,0.70495,11534.31
1632470400000,0.70495,0.70541,0.70239,0.70248,14211.68
1632484800000,0.70246,0.70269,0.69964,0.70121,19565.38
1632499200000,0.70122,0.70233,0.70033,0.70055,8228.87
1632513600000,0.70055,0.7015,0.70035,0.70047,1564.05
1632686400000,0.70025,0.70178,0.69976,0.70149,3320.5
1632700800000,0.70154,0.70328,0.7015,0.70172,12964.79
1632715200000,0.70169,0.70235,0.70048,0.70051,15904.56
1632729600000,0.70053,0.70099,0.699,0.69929,17076.34
1632744000000,0.69932,0.70201,0.69925,0.70097,27025.63
1632758400000,0.70097,0.70208,0.70075,0.70141,6103.74
1632772800000,0.70142,0.70165,0.69897,0.7006,3737.5
1632787200000,0.7006,0.70215,0.69983,0.70151,7989.14
1632801600000,0.7015,0.70265,0.69768,0.69862,16386.85
1632816000000,0.69861,0.69862,0.69578,0.6966,22595.97
1632830400000,0.69658,0.69718,0.69482,0.69543,39612.16
1632844800000,0.69542,0.69609,0.69425,0.69577,16928.61
1632859200000,0.69575,0.69632,0.6952,0.69586,3427.94
1632873600000,0.69586,0.69604,0.69365,0.69486,14165.01
1632888000000,0.69485,0.6958,0.69349,0.69442,20234.16
1632902400000,0.6944,0.69517,0.69223,0.69261,18720.16
1632916800000,0.69258,0.69292,0.68664,0.68693,26087.02
1632931200000,0.68693,0.68773,0.6859,0.68614,12015.15
1632945600000,0.68613,0.6874,0.686,0.68707,4172.57
1632960000000,0.68708,0.68866,0.6867,0.68822,10227.47
1632974400000,0.68821,0.68889,0.68679,0.68844,15284.73
1632988800000,0.68843,0.68887,0.68594,0.68655,18504.14
1633003200000,0.68654,0.69212,0.68647,0.6899,34600.1
1633017600000,0.68991,0.69147,0.68816,0.69009,21621.43
1633032000000,0.69011,0.69057,0.68918,0.68954,4830.04
1633046400000,0.68955,0.69029,0.68878,0.68928,12890.97
1633060800000,0.68929,0.68946,0.68762,0.68808,22834.79
1633075200000,0.68806,0.6928,0.68796,0.69263,24437.84
1633089600000,0.69262,0.69447,0.6913,0.69396,34234.43
1633104000000,0.69397,0.69503,0.69364,0.69418,12558.98
1633118400000,0.6942,0.69462,0.69337,0.69371,1629.45
1633291200000,0.69355,0.69523,0.69294,0.69403,5322.62
1633305600000,0.69403,0.69482,0.6926,0.69342,9420.87
1633320000000,0.69343,0.69477,0.69314,0.69468,16011.51
1633334400000,0.69469,0.6973,0.69374,0.6972,18456.45
1633348800000,0.6972,0.69815,0.69545,0.69613,25143.74
1633363200000,0.69612,0.69681,0.69585,0.69626,12324.26
1633377600000,0.69626,0.69675,0.69508,0.69605,3715.72
1633392000000,0.69605,0.69652,0.69364,0.69408,12082.36
1633406400000,0.69407,0.69554,0.69273,0.69503,16033.89
1633420800000,0.69504,0.69714,0.69489,0.69695,14638.36
1633435200000,0.69696,0.69757,0.69504,0.6969,20412.2
1633449600000,0.69692,0.69741,0.69579,0.69586,8015.84
1633464000000,0.69583,0.69648,0.69494,0.69549,3055.35
1633478400000,0.6955,0.69792,0.69284,0.69313,17069.53
1633492800000,0.69314,0.69321,0.68876,0.68883,18270.43
1633507200000,0.68883,0.68966,0.68758,0.68902,21039.76
1633521600000,0.68903,0.69192,0.68903,0.691,29671.62
1633536000000,0.691,0.69202,0.68985,0.69159,14485.25
1633550400000,0.69157,0.69171,0.69064,0.69158,3858.23
1633564800000,0.6916,0.69243,0.69096,0.692,10612.24
1633579200000,0.692,0.69345,0.69083,0.69281,13809.4
1633593600000,0.6928,0.69428,0.69175,0.69368,14880.95
1633608000000,0.6937,0.69434,0.69094,0.69377,20308.27
1633622400000,0.69377,0.69396,0.69273,0.69329,8305.96
1633636800000,0.69327,0.69375,0.69189,0.69367,2934.45
1633651200000,0.69367,0.69485,0.69273,0.69316,11950.52
1633665600000,0.69315,0.69376,0.69092,0.69141,14263.72
1633680000000,0.69139,0.693,0.6908,0.69293,11241.19
1633694400000,0.69295,0.69598,0.69281,0.69309,32576.69
1633708800000,0.69306,0.69357,0.69205,0.69316,7114.16
1633723200000,0.69317,0.69318,0.69269,0.69272,1440.1
1633896000000,0.69185,0.69256,0.6914,0.69202,3576.79
1633910400000,0.692,0.69467,0.69189,0.69314,8706.95
1633924800000,0.69313,0.69497,0.69271,0.69468,11374.76
1633939200000,0.69469,0.69556,0.69329,0.69371,14442.49
1633953600000,0.69372,0.69641,0.69323,0.69577,15917.09
1633968000000,0.69577,0.69577,0.69343,0.69344,10162.68
1633982400000,0.69342,0.69426,0.69237,0.69416,4254.63
1633996800000,0.69416,0.69425,0.69231,0.6933,11579.23
1634011200000,0.69331,0.69529,0.69316,0.69458,15223.03
1634025600000,0.69459,0.69692,0.69443,0.69655,16885.84
1634040000000,0.69656,0.69679,0.69233,0.69432,21228.14
1634054400000,0.69434,0.69447,0.69299,0.6936,8260.9
1634068800000,0.69362,0.69362,0.69216,0.69227,4418.07
1634083200000,0.69231,0.69477,0.69211,0.69402,9178.19
1634097600000,0.69401,0.69469,0.6931,0.69445,12755.97
1634112000000,0.69443,0.6957,0.69424,0.69452,15092.86
1634126400000,0.69455,0.69608,0.69112,0.69544,31935.31
1634140800000,0.69544,0.69661,0.69515,0.6966,12991.27
1634155200000,0.69661,0.69715,0.69585,0.69712,3100.05
1634169600000,0.69709,0.69812,0.69676,0.69787,9926.95
1634184000000,0.69788,0.70052,0.69746,0.70052,14357.55
1634198400000,0.70052,0.70309,0.70047,0.7028,21128.2
1634212800000,0.70282,0.70401,0.70196,0.70273,19724.19
1634227200000,0.70269,0.70414,0.70209,0.70383,7717.55
1634241600000,0.70384,0.70394,0.70249,0.70343,4051.04
1634256000000,0.70341,0.70519,0.7028,0.70492,10580.65
1634270400000,0.70492,0.7067,0.70476,0.70529,12787.22
1634284800000,0.7053,0.70596,0.7045,0.7055,15801.27
1634299200000,0.70551,0.70767,0.70448,0.70693,22899.36
1634313600000,0.70691,0.70735,0.70636,0.70698,7333.77
1634328000000,0.70699,0.70769,0.70676,0.70676,1135.06
1634500800000,0.70652,0.7105,0.70591,0.7083,8492.78
1634515200000,0.70833,0.70874,0.7066,0.70711,11448.08
1634529600000,0.70712,0.7072,0.70564,0.70671,14431.1
1634544000000,0.70674,0.70719,0.70489,0.70551,15657.63
1634558400000,0.70553,0.70827,0.70504,0.70797,19761.62
1634572800000,0.70798,0.70882,0.70789,0.70845,6297.9
1634587200000,0.70843,0.70905,0.70734,0.70905,2932.57
1634601600000,0.70905,0.71285,0.70898,0.71207,12408.59
1634616000000,0.71206,0.71486,0.71205,0.71379,17995.94
1634630400000,0.71383,0.71545,0.71378,0.71527,16330.18
1634644800000,0.71529,0.71669,0.71396,0.71617,24414.36
1634659200000,0.71618,0.7172,0.7151,0.71529,7216.15
1634673600000,0.71529,0.71554,0.7146,0.71542,3661.34
1634688000000,0.71541,0.71749,0.71496,0.7172,13474.49
1634702400000,0.7172,0.71791,0.71618,0.71679,15209.04
1634716800000,0.71678,0.7175,0.71573,0.71641,14254.84
1634731200000,0.71645,0.72039,0.71642,0.71994,19335.45
1634745600000,0.71993,0.7208,0.71957,0.72065,8565.59
1634760000000,0.72064,0.72069,0.71782,0.71976,4941.53
1634774400000,0.71975,0.72181,0.7197,0.72071,10579.36
1634788800000,0.72072,0.72074,0.71734,0.71763,23836.76
1634803200000,0.71763,0.71828,0.71702,0.71776,13149.36
1634817600000,0.71777,0.71843,0.71623,0.71698,30310.75
1634832000000,0.71696,0.71716,0.71405,0.71546,8061.52
1634846400000,0.7155,0.71575,0.71502,0.71546,5177.98
1634860800000,0.7155,0.71717,0.71513,0.7166,20518.67
1634875200000,0.7166,0.71836,0.71614,0.71803,19709.01
1634889600000,0.71804,0.71886,0.71586,0.71586,17022.75
1634904000000,0.71585,0.7164,0.71311,0.714,29284.89
1634918400000,0.714,0.71549,0.7135,0.71541,15044.47
1634932800000,0.71541,0.71541,0.71454,0.71511,2256.06
1635105600000,0.71408,0.71531,0.71368,0.7149,2857.96
1635120000000,0.71489,0.71664,0.71454,0.71648,11486.37
1635134400000,0.71649,0.71768,0.71578,0.71762,13636.71
1635148800000,0.71765,0.71776,0.71297,0.71475,16758.06
1635163200000,0.71477,0.71727,0.71427,0.71648,25658.6
1635177600000,0.71648,0.71705,0.71571,0.71662,8884.14
1635192000000,0.71662,0.71692,0.71496,0.71649,3223.75
1635206400000,0.71649,0.71756,0.71578,0.71741,14286.04
1635220800000,0.7174,0.7176,0.71524,0.71571,15842.5
1635235200000,0.71572,0.71934,0.71542,0.71843,14660.69
1635249600000,0.71843,0.71917,0.71525,0.7154,22828.6
1635264000000,0.71539,0.71638,0.71503,0.71613,8101.04
1635278400000,0.71613,0.71674,0.71534,0.71666,4672.22
1635292800000,0.71669,0.7177,0.71538,0.71598,12397.13
1635307200000,0.71595,0.71758,0.71546,0.71559,10742.23
1635321600000,0.71557,0.71589,0.7131,0.71546,18105.08
1635336000000,0.71545,0.71828,0.7154,0.71748,34006.53
1635350400000,0.71752,0.71887,0.71654,0.71721,13595.75
1635364800000,0.71721,0.71734,0.71526,0.71619,4351.53
1635379200000,0.7162,0.71769,0.71512,0.71763,16406.92
1635393600000,0.71764,0.7184,0.71706,0.71794,15033.02
1635408000000,0.71796,0.71838,0.7167,0.71788,19273.25
1635422400000,0.71788,0.72168,0.71671,0.72068,35246.42
1635436800000,0.72071,0.7212,0.71883,0.71975,10800.07
1635451200000,0.71975,0.72038,0.71868,0.71936,6345.19
1635465600000,0.71938,0.71962,0.71724,0.71862,15658.17
1635480000000,0.71862,0.71924,0.71766,0.71909,13275
1635494400000,0.71907,0.71911,0.71629,0.71637,15420.35
1635508800000,0.71638,0.71662,0.71354,0.71554,34390.23
1635523200000,0.71554,0.7168,0.71497,0.7164,12319.83
1635537600000,0.7164,0.71703,0.71633,0.71633,2748.28
1635710400000,0.71562,0.71758,0.71479,0.71749,2841.17
1635724800000,0.71754,0.71794,0.71616,0.71681,11281.01
1635739200000,0.7168,0.71826,0.71605,0.71664,11428.41
1635753600000,0.71663,0.71921,0.71656,0.71891,14449.89
1635768000000,0.7189,0.71973,0.7178,0.71933,23152.92
1635782400000,0.71931,0.71945,0.71808,0.71854,9680.28
1635796800000,0.71853,0.71899,0.71766,0.71778,4535.9
1635811200000,0.71779,0.71855,0.71715,0.71724,13649.39
1635825600000,0.71725,0.71828,0.71599,0.71727,17609.7
1635840000000,0.71727,0.71745,0.71245,0.71404,20033.04
1635854400000,0.71404,0.71485,0.70988,0.7103,22379.95
1635868800000,0.71031,0.71111,0.70924,0.71111,7971.53
1635883200000,0.7111,0.71303,0.71015,0.71248,4706.74
1635897600000,0.71245,0.71267,0.71126,0.71188,8822.67
1635912000000,0.71187,0.71339,0.71161,0.71313,8001.12
1635926400000,0.71313,0.71446,0.71286,0.7142,13429.07
1635940800000,0.71421,0.71467,0.71196,0.71361,25031.29
1635955200000,0.71359,0.71719,0.7117,0.71685,32698.52
1635969600000,0.71683,0.71755,0.71507,0.71749,8278.91
1635984000000,0.7175,0.71783,0.71521,0.71535,13582.52
1635998400000,0.71535,0.71576,0.71346,0.71431,14288.69
1636012800000,0.71431,0.71469,0.7122,0.71307,16582.79
1636027200000,0.71308,0.71321,0.70945,0.71084,32142.79
1636041600000,0.71084,0.7111,0.70984,0.7109,12810.86
1636056000000,0.7109,0.7109,0.70986,0.71082,3640.98
1636070400000,0.71082,0.71083,0.70798,0.70967,13582.57
1636084800000,0.70965,0.70983,0.70822,0.70867,11191.15
1636099200000,0.70867,0.70918,0.70719,0.70818,14799.69
1636113600000,0.70819,0.7124,0.70746,0.7121,33721.05
1636128000000,0.71209,0.71268,0.71108,0.71232,9720.11
1636142400000,0.71232,0.71239,0.71129,0.71144,2635.15
1636315200000,0.71049,0.71168,0.71049,0.71075,3192.91
1636329600000,0.71077,0.71303,0.71033,0.71263,9453.1
1636344000000,0.71263,0.71467,0.71241,0.71406,10613.5
1636358400000,0.71405,0.71577,0.71247,0.71562,14990.13
1636372800000,0.71561,0.71767,0.71515,0.71661,17531.5
1636387200000,0.71664,0.71748,0.71599,0.71667,8605.29
1636401600000,0.71669,0.717,0.71574,0.71615,6016.96
1636416000000,0.71616,0.7165,0.7147,0.71491,10360.65
1636430400000,0.71491,0.71737,0.71491,0.71568,10142.78
1636444800000,0.7157,0.71641,0.71505,0.71529,14604.22
1636459200000,0.71531,0.71568,0.7109,0.71221,22604.77
1636473600000,0.71221,0.71338,0.71129,0.71316,10338.38
1636488000000,0.71315,0.7137,0.71182,0.71229,6982.42
1636502400000,0.71234,0.7132,0.71099,0.71099,9348.9
1636516800000,0.71101,0.7113,0.70971,0.71056,10343.63
1636531200000,0.71056,0.7119,0.70854,0.70891,11656.92
1636545600000,0.70892,0.71232,0.70757,0.70861,28875.93
1636560000000,0.70861,0.70969,0.7062,0.70632,18957.18
1636574400000,0.70625,0.7068,0.70546,0.70653,8165.37
1636588800000,0.70649,0.70708,0.70386,0.70457,18423.84
1636603200000,0.70457,0.70503,0.70306,0.70306,11550.54
1636617600000,0.70307,0.70318,0.70126,0.70248,14120.8
1636632000000,0.70248,0.70379,0.70178,0.70342,16294.52
1636646400000,0.70343,0.70372,0.70121,0.70207,7765.62
1636660800000,0.70208,0.70231,0.70153,0.70189,4617.75
1636675200000,0.70188,0.70245,0.69964,0.70006,9528.8
1636689600000,0.70007,0.70333,0.69989,0.70291,8241.45
1636704000000,0.70291,0.70313,0.70099,0.70148,14216.48
1636718400000,0.70147,0.70409,0.70142,0.70347,23393.63
1636732800000,0.70346,0.70471,0.70343,0.70417,8275.45
1636747200000,0.70416,0.70472,0.70354,0.70388,2440.66
1636920000000,0.70343,0.7046,0.70291,0.70417,1884.49
1636934400000,0.70414,0.70503,0.70316,0.70476,6618.79
1636948800000,0.70474,0.70593,0.70461,0.7058,6281.74
1636963200000,0.70581,0.70799,0.70503,0.70767,13422.8
1636977600000,0.70765,0.70776,0.70557,0.70599,16176.56
1636992000000,0.70598,0.70638,0.70428,0.70429,9544.95
1637006400000,0.70429,0.70465,0.70361,0.7042,7003.01
1637020800000,0.70421,0.70637,0.70403,0.70548,10173.52
1637035200000,0.70551,0.70555,0.70274,0.70342,11250.84
1637049600000,0.70342,0.70345,0.70178,0.70312,15703.72
1637064000000,0.70312,0.70312,0.69934,0.69991,24392.28
1637078400000,0.69992,0.70018,0.69901,0.69964,10600.11
1637092800000,0.69966,0.6997,0.69844,0.6989,8900.7
1637107200000,0.69889,0.69982,0.69795,0.6985,12370.23
1637121600000,0.69851,0.70184,0.69851,0.70089,14339.42
1637136000000,0.70088,0.702,0.69946,0.70088,15065.95
1637150400000,0.70089,0.70144,0.69894,0.70009,17896.78
1637164800000,0.70007,0.70056,0.69869,0.69923,13286.65
1637179200000,0.69924,0.70119,0.69898,0.70023,6758.09
1637193600000,0.70021,0.7029,0.69939,0.70233,16929.03
1637208000000,0.70233,0.70456,0.70185,0.70445,12517.37
1637222400000,0.70445,0.70522,0.70324,0.70441,14779.17
1637236800000,0.70444,0.7049,0.70077,0.70179,21928.77
1637251200000,0.70178,0.70383,0.70154,0.70352,9730.43
1637265600000,0.70351,0.70468,0.7034,0.70405,6430.64
1637280000000,0.70406,0.70455,0.70264,0.70363,8675.74
1637294400000,0.70363,0.7044,0.70309,0.70314,8314
1637308800000,0.70316,0.70355,0.69942,0.70052,30477.84
1637323200000,0.70054,0.70247,0.69908,0.70133,26344.18
1637337600000,0.70132,0.70206,0.69924,0.69934,13473.5
1637352000000,0.69934,0.69969,0.69907,0.69907,5450.89
1637524800000,0.70058,0.70059,0.6988,0.69892,2031.34
1637539200000,0.6989,0.69993,0.69825,0.69902,11335.73
1637553600000,0.69902,0.70131,0.69902,0.70057,12433.36
1637568000000,0.70055,0.70128,0.69918,0.70009,22546.57
1637582400000,0.70009,0.70133,0.69631,0.69723,25838.23
1637596800000,0.69723,0.69777,0.69534,0.69535,13527.07
1637611200000,0.69532,0.6971,0.69474,0.6948,7952.24
1637625600000,0.69481,0.6959,0.69328,0.69361,8740.96
1637640000000,0.69362,0.6949,0.69236,0.69411,15319.78
1637654400000,0.69411,0.69415,0.69195,0.69204,22073.56
1637668800000,0.69206,0.69476,0.69154,0.69461,24219.21
1637683200000,0.69459,0.69543,0.69349,0.6951,16259.64
1637697600000,0.69511,0.69566,0.69422,0.69513,7036.73
1637712000000,0.69516,0.69558,0.69065,0.6909,17917.58
1637726400000,0.69091,0.69198,0.68953,0.69104,11172.5
1637740800000,0.69104,0.69231,0.6901,0.69031,18765.51
1637755200000,0.6903,0.69066,0.68654,0.68673,27024.5
1637769600000,0.68674,0.68765,0.68554,0.68664,11167.08
1637784000000,0.68662,0.68762,0.68651,0.68735,3825.49
1637798400000,0.68736,0.68933,0.68735,0.68752,7476.96
1637812800000,0.6875,0.68801,0.68649,0.6872,7148.67
1637827200000,0.68721,0.68738,0.68464,0.68492,11354.77
1637841600000,0.68493,0.68582,0.68397,0.68557,13732.51
1637856000000,0.68558,0.68645,0.68449,0.68551,11888.4
1637870400000,0.6855,0.6858,0.68426,0.68429,8094.88
1637884800000,0.68431,0.68503,0.6817,0.68225,19886.54
1637899200000,0.68225,0.68278,0.68065,0.68114,18258.85
1637913600000,0.68113,0.68352,0.6804,0.6821,29785.51
1637928000000,0.68209,0.68316,0.68073,0.68219,24670.84
1637942400000,0.6822,0.68298,0.68118,0.68123,22441.08
1637956800000,0.68124,0.68178,0.68036,0.68142,6124.95
1638129600000,0.68306,0.68328,0.68054,0.68241,4253.99
1638144000000,0.6824,0.68361,0.68181,0.68349,13167.5
1638158400000,0.68347,0.68357,0.68231,0.68316,12017.49
1638172800000,0.68316,0.68385,0.68203,0.68216,17900.64
1638187200000,0.68215,0.68234,0.67907,0.67919,20629.73
1638201600000,0.67917,0.68084,0.67874,0.68061,11283.66
1638216000000,0.68061,0.68348,0.68037,0.68296,7213.44
1638230400000,0.68297,0.68348,0.6815,0.68278,10161.47
1638244800000,0.68279,0.68293,0.67798,0.68066,36678.26
1638259200000,0.68066,0.68281,0.68017,0.68165,28704.02
1638273600000,0.68168,0.68558,0.67783,0.67859,35277.24
1638288000000,0.67859,0.68216,0.6772,0.68215,44485.56
1638302400000,0.68214,0.68292,0.68123,0.68232,13258.99
1638316800000,0.68232,0.68582,0.68174,0.68517,15782.33
1638331200000,0.68517,0.68624,0.68393,0.68473,12603.24
1638345600000,0.68471,0.68593,0.68339,0.6844,20725.75
1638360000000,0.68439,0.68674,0.68339,0.68483,24744.26
1638374400000,0.68484,0.68531,0.68131,0.68139,25389.1
1638388800000,0.68139,0.68149,0.68006,0.68124,9190.94
1638403200000,0.68124,0.68253,0.68048,0.68203,10833.7
1638417600000,0.68205,0.6823,0.68081,0.68108,11302.19
1638432000000,0.68109,0.68231,0.68064,0.68125,21641.87
1638446400000,0.68126,0.68306,0.67987,0.68145,27699.1
1638460800000,0.68145,0.68215,0.68022,0.68085,17530.55
1638475200000,0.68084,0.68187,0.68061,0.68107,7943.31
1638489600000,0.68106,0.68107,0.67836,0.67882,9683.74
1638504000000,0.67881,0.6801,0.67776,0.67858,9513.73
1638518400000,0.67857,0.67921,0.67727,0.67913,16421.9
1638532800000,0.67914,0.68172,0.67499,0.67549,34340.03
1638547200000,0.67548,0.67622,0.67474,0.67478,18596.82
1638561600000,0.67476,0.67521,0.67405,0.67423,6583.95
1638734400000,0.67496,0.67581,0.67445,0.67558,3626.13
1638748800000,0.67559,0.67598,0.67428,0.67551,9165.64
1638763200000,0.67553,0.67594,0.67401,0.67465,6974.81
1638777600000,0.67464,0.67631,0.67427,0.67617,14840.25
1638792000000,0.67617,0.67635,0.67407,0.67446,18087.56
1638806400000,0.67443,0.67547,0.67395,0.67421,10523.93
1638820800000,0.67421,0.67568,0.67401,0.67478,6846.42
1638835200000,0.6748,0.67565,0.6736,0.67538,10239.63
1638849600000,0.67539,0.67738,0.67539,0.67686,8308.46
1638864000000,0.67684,0.67792,0.67574,0.67716,16322.89
1638878400000,0.67716,0.67826,0.67526,0.67809,17958.15
1638892800000,0.67811,0.67862,0.67686,0.67856,8441.56
1638907200000,0.67856,0.67923,0.67771,0.67853,8081.65
1638921600000,0.67853,0.67998,0.67767,0.67972,11620.76
1638936000000,0.67972,0.67997,0.67823,0.67851,10390.89
1638950400000,0.67851,0.67927,0.67661,0.67768,23097.33
1638964800000,0.67767,0.68092,0.677,0.68056,25126.53
1638979200000,0.68054,0.68184,0.68018,0.68156,8910.64
1638993600000,0.68155,0.68183,0.68016,0.68067,5434.11
1639008000000,0.68068,0.68111,0.68008,0.68066,6520.49
1639022400000,0.68065,0.68226,0.68056,0.68134,6469.89
1639036800000,0.68136,0.68183,0.67838,0.67879,13732.87
1639051200000,0.67878,0.6795,0.67804,0.67869,17244.22
1639065600000,0.67867,0.67909,0.67803,0.67863,11610.28
1639080000000,0.67864,0.67997,0.67864,0.6794,6204.94
1639094400000,0.67946,0.68065,0.67886,0.68008,10083.74
1639108800000,0.68005,0.68008,0.67806,0.67865,10530.88
1639123200000,0.67864,0.67882,0.67691,0.67783,13536.01
1639137600000,0.67781,0.68066,0.67713,0.67909,24855.91
1639152000000,0.6791,0.68028,0.67834,0.67922,10030.7
1639166400000,0.67924,0.67994,0.67897,0.67897,2985.45
1639339200000,0.67949,0.67993,0.67896,0.67946,2480.46
1639353600000,0.67945,0.6801,0.67861,0.67925,6151.17
1639368000000,0.67926,0.67987,0.67752,0.67817,4612.43
1639382400000,0.67816,0.6783,0.67692,0.67753,11834.39
1639396800000,0.67753,0.67782,0.67464,0.67483,19789.56
1639411200000,0.67481,0.67634,0.67454,0.67593,11681.99
1639425600000,0.67592,0.67595,0.67473,0.67504,5766.07
1639440000000,0.67511,0.67552,0.67348,0.67404,8789.66
1639454400000,0.67402,0.67561,0.67364,0.67537,6533.38
1639468800000,0.67536,0.677,0.6752,0.67695,15403.17
1639483200000,0.67694,0.67698,0.67421,0.67551,19588.77
1639497600000,0.6755,0.67573,0.67404,0.67405,9128.73
1639512000000,0.67404,0.67445,0.67323,0.67345,5569.48
1639526400000,0.67344,0.67423,0.67261,0.67317,6758.04
1639540800000,0.67317,0.67457,0.67307,0.67423,5327.68
1639555200000,0.67423,0.67599,0.67311,0.67397,11887.9
1639569600000,0.67396,0.67528,0.67265,0.67314,18772.53
1639584000000,0.67315,0.67579,0.67008,0.67542,34708.12
1639598400000,0.67543,0.67895,0.67493,0.67766,19271.35
1639612800000,0.67764,0.67781,0.67567,0.67644,11401.48
1639627200000,0.67645,0.67994,0.67582,0.6797,9097.57
1639641600000,0.67971,0.68209,0.67953,0.68175,18273.33
1639656000000,0.68173,0.68334,0.67997,0.68107,29837.55
1639670400000,0.68108,0.68115,0.67843,0.67848,12008.36
1639684800000,0.67848,0.68013,0.67817,0.67949,8291.57
1639699200000,0.67953,0.67993,0.67751,0.67753,8892.39
1639713600000,0.67753,0.67849,0.67701,0.67704,9931.35
1639728000000,0.677,0.67813,0.67542,0.67635,16393.03
1639742400000,0.67636,0.67693,0.67443,0.67548,21570.81
1639756800000,0.67546,0.67592,0.6739,0.67404,15473.27
1639771200000,0.67404,0.67417,0.67285,0.67295,5867.57
1639944000000,0.67422,0.67427,0.67253,0.673,3825.51
1639958400000,0.673,0.67398,0.67202,0.67205,13068.08
1639972800000,0.67205,0.67255,0.67065,0.67172,11446.58
1639987200000,0.67172,0.67229,0.67018,0.67174,21571.33
1640001600000,0.67176,0.67312,0.67095,0.67119,21124.1
1640016000000,0.67116,0.67217,0.67103,0.67125,11693.06
1640030400000,0.67127,0.6717,0.6705,0.67115,6455.39
1640044800000,0.67117,0.67284,0.67027,0.67209,9737.35
1640059200000,0.67211,0.67308,0.67186,0.6728,6844.28
1640073600000,0.67279,0.67591,0.67246,0.67495,14514.46
1640088000000,0.67496,0.6758,0.67461,0.67475,17104.88
1640102400000,0.67475,0.67654,0.67451,0.67633,9816.49
1640116800000,0.67634,0.67732,0.67534,0.67645,5438.52
1640131200000,0.67643,0.67652,0.67455,0.67473,6851.26
1640145600000,0.67473,0.67562,0.67396,0.67559,5291.23
1640160000000,0.67556,0.67804,0.67552,0.67785,12711.95
1640174400000,0.67785,0.68119,0.67749,0.68087,17348.18
1640188800000,0.68084,0.68211,0.68078,0.68201,9608.94
1640203200000,0.68199,0.68215,0.6802,0.68042,7195.91
1640217600000,0.68041,0.68102,0.67949,0.68071,6111.74
1640232000000,0.6807,0.68267,0.68056,0.68261,4114.27
1640246400000,0.68262,0.68414,0.68248,0.68251,10922.84
1640260800000,0.68252,0.68292,0.68032,0.68251,16006.35
1640275200000,0.68252,0.6837,0.68181,0.68312,10025.91
1640289600000,0.68311,0.68311,0.68073,0.68091,10097.6
1640304000000,0.68091,0.6824,0.6802,0.681,40374.22
1640318400000,0.681,0.6815,0.68095,0.6815,20506.57
1640332800000,0.6815,0.68258,0.68133,0.68158,49349.86
1640347200000,0.68158,0.68263,0.68092,0.68143,29981.15
1640361600000,0.68142,0.68322,0.6809,0.68125,25240.29
1640376000000,0.68101,0.68166,0.67991,0.67991,2977.64
1640548800000,0.68076,0.68167,0.67951,0.68129,1602.08
1640563200000,0.68131,0.68249,0.68094,0.6823,5412.33
1640577600000,0.6823,0.68235,0.68059,0.6814,3952.41
1640592000000,0.68141,0.68174,0.67895,0.67993,8084.12
1640606400000,0.67996,0.68177,0.67884,0.68071,9728.06
1640620800000,0.68071,0.68186,0.68016,0.68179,6980.41
1640635200000,0.68178,0.68206,0.68005,0.68148,4720.69
1640649600000,0.68148,0.68172,0.68048,0.68091,5728.16
1640664000000,0.68092,0.68181,0.68079,0.68087,4841.66
1640678400000,0.68088,0.68167,0.68024,0.68156,12233.97
1640692800000,0.68155,0.68281,0.67892,0.67948,18054.99
1640707200000,0.67949,0.6804,0.67883,0.68006,7424.75
1640721600000,0.68006,0.68068,0.67916,0.68043,7181.52
1640736000000,0.68042,0.68095,0.679,0.68082,8806.24
1640750400000,0.68082,0.68093,0.67884,0.67983,8412.51
1640764800000,0.67979,0.68037,0.67883,0.68018,10154.26
1640779200000,0.68017,0.68419,0.67958,0.6835,17724.2
1640793600000,0.68349,0.68406,0.68206,0.68238,11546.52
1640808000000,0.68235,0.68387,0.68165,0.68382,4552.1
1640822400000,0.68381,0.68481,0.68334,0.68413,7816.07
1640836800000,0.68415,0.68434,0.68183,0.68209,8802.97
1640851200000,0.6821,0.68374,0.68155,0.68373,9141.79
1640865600000,0.68377,0.68564,0.68246,0.68366,17884.07
1640880000000,0.68368,0.68449,0.68188,0.68298,6121.58
1640894400000,0.68298,0.68385,0.68195,0.68288,4856.92
1640908800000,0.68284,0.6836,0.682,0.68224,9260.5
1640923200000,0.68225,0.68344,0.68214,0.68278,4623.65
1640937600000,0.68278,0.68477,0.68274,0.68312,9422.23
1640952000000,0.68311,0.68494,0.68248,0.68457,22271.78
1640966400000,0.68457,0.68515,0.68386,0.6845,13318.12
1640980800000,0.68449,0.6847,0.68279,0.68366,4895.16
1641153600000,0.68176,0.68454,0.68156,0.68386,1237.09
1641168000000,0.68384,0.68561,0.68225,0.68308,6864.01
1641182400000,0.68309,0.68357,0.68273,0.68349,5214.17
1641196800000,0.68348,0.68455,0.68212,0.68325,10806.27
1641211200000,0.68324,0.68326,0.67743,0.67757,18593.46
1641225600000,0.67757,0.67962,0.67741,0.67876,7596.99
1641240000000,0.6788,0.67905,0.67741,0.6788,5237.59
1641254400000,0.67877,0.68032,0.67848,0.67856,7376.81
1641268800000,0.67857,0.67983,0.67857,0.67911,8223.89
1641283200000,0.67911,0.67984,0.67718,0.6772,10034.11
1641297600000,0.67724,0.68239,0.67644,0.68167,15382.1
1641312000000,0.68165,0.68188,0.67979,0.68092,11108.35
1641326400000,0.68089,0.68166,0.67944,0.68118,5907.34
1641340800000,0.6812,0.68196,0.67971,0.68073,6871.11
1641355200000,0.68074,0.68074,0.67977,0.67993,5710.7
1641369600000,0.67995,0.6821,0.67949,0.68177,10198.14
1641384000000,0.68178,0.68368,0.68107,0.68315,19396.69
1641398400000,0.68313,0.68324,0.67948,0.67951,26651.71
1641412800000,0.67951,0.6799,0.67876,0.67915,8950.77
1641427200000,0.67915,0.67937,0.6766,0.67683,8992.89
1641441600000,0.67682,0.67697,0.6738,0.67388,10596.84
1641456000000,0.67386,0.67676,0.67331,0.67592,14562.99
1641470400000,0.67592,0.67658,0.67327,0.6743,24317.11
1641484800000,0.67432,0.67545,0.67344,0.67406,14073.95
1641499200000,0.67408,0.67486,0.67371,0.6739,9488.87
1641513600000,0.67389,0.67557,0.67386,0.67546,6013.12
1641528000000,0.67547,0.67549,0.67456,0.67503,5102.6
1641542400000,0.67503,0.67564,0.67408,0.67529,11601.39
1641556800000,0.67529,0.67682,0.67347,0.67559,28372.62
1641571200000,0.67558,0.67806,0.67542,0.67757,9316.47
1641585600000,0.67761,0.67828,0.67702,0.67726,3841.84
1641758400000,0.67722,0.67785,0.67571,0.67745,4368.02
1641772800000,0.67744,0.67806,0.67698,0.67711,7071.41
1641787200000,0.67711,0.67827,0.67673,0.67796,6615.98
1641801600000,0.67796,0.67797,0.67585,0.6767,17997.05
1641816000000,0.67669,0.67693,0.67354,0.67457,27038.83
1641830400000,0.67457,0.67571,0.67427,0.67551,18965.4
1641844800000,0.67551,0.67669,0.67504,0.6765,8472.21
1641859200000,0.6765,0.67737,0.67541,0.67695,10133.15
1641873600000,0.67698,0.67721,0.67552,0.6769,9029.63
1641888000000,0.67691,0.67783,0.67586,0.67616,18026.01
1641902400000,0.67616,0.67656,0.67394,0.67562,23658.95
1641916800000,0.67564,0.67904,0.67562,0.67823,12629.94
1641931200000,0.6782,0.67886,0.67797,0.67825,4174.44
1641945600000,0.67823,0.67921,0.67793,0.67917,7402.2
1641960000000,0.67916,0.67965,0.6777,0.67796,6752.6
1641974400000,0.67795,0.67846,0.67729,0.67766,10635.66
1641988800000,0.67768,0.68437,0.67736,0.68398,26550.91
1642003200000,0.68401,0.68534,0.68368,0.6852,16281.2
1642017600000,0.68522,0.6857,0.68356,0.68455,8277.78
1642032000000,0.68454,0.68582,0.6842,0.68569,7566.2
1642046400000,0.68569,0.6871,0.6852,0.68698,6381.97
1642060800000,0.68699,0.68839,0.68693,0.68753,15197.55
1642075200000,0.68753,0.68902,0.68693,0.68785,24605.28
1642089600000,0.6879,0.68839,0.68671,0.68713,12812.94
1642104000000,0.68713,0.68715,0.68534,0.68605,8300.66
1642118400000,0.68605,0.68624,0.68492,0.6855,11746.22
1642132800000,0.68554,0.68708,0.68554,0.68634,7604.14
1642147200000,0.68634,0.68732,0.68463,0.68464,13443.9
1642161600000,0.68464,0.68472,0.6818,0.68198,30130.33
1642176000000,0.682,0.68212,0.67917,0.68073,14127.94
1642190400000,0.68075,0.68118,0.68006,0.68025,5748.59
1642363200000,0.68063,0.68102,0.67975,0.68066,2297.77
1642377600000,0.68066,0.6807,0.67868,0.68025,10241.35
1642392000000,0.68024,0.68155,0.67955,0.68151,8219.58
1642406400000,0.68149,0.68179,0.68027,0.68079,13324.79
1642420800000,0.68081,0.68104,0.67914,0.67946,13484.22
1642435200000,0.67947,0.68007,0.67925,0.67958,5916.86
1642449600000,0.67953,0.67979,0.6788,0.67954,5771.59
1642464000000,0.67954,0.68075,0.67624,0.6771,10219.65
1642478400000,0.67711,0.67846,0.67674,0.67823,13872.94
1642492800000,0.67822,0.67844,0.67638,0.67739,19255.85
1642507200000,0.67741,0.67818,0.67631,0.67707,28523.96
1642521600000,0.67708,0.67742,0.67521,0.67719,15867.47
1642536000000,0.67719,0.67745,0.67617,0.677,7967.29
1642550400000,0.67701,0.67854,0.67641,0.67792,12627.12
1642564800000,0.67792,0.67912,0.67767,0.6778,13513.73
1642579200000,0.6778,0.67982,0.67761,0.67913,18079.22
1642593600000,0.67912,0.68112,0.67877,0.67908,26896.14
1642608000000,0.6791,0.67989,0.67865,0.67979,15197.93
1642622400000,0.67979,0.6798,0.67782,0.67791,7214.95
1642636800000,0.6779,0.67908,0.67625,0.67665,13721.07
1642651200000,0.67666,0.67737,0.67553,0.67684,11338.85
1642665600000,0.67686,0.67808,0.67665,0.67743,18814.02
1642680000000,0.67744,0.68043,0.67694,0.68012,25545.08
1642694400000,0.68013,0.68053,0.67715,0.67728,12469.26
1642708800000,0.67728,0.67758,0.67442,0.67493,11334.18
1642723200000,0.67497,0.67532,0.6723,0.67311,17458.46
1642737600000,0.67309,0.67346,0.67251,0.67273,11159.33
1642752000000,0.67272,0.67319,0.67073,0.67263,17863.03
1642766400000,0.67261,0.67359,0.67135,0.67264,35892.46
1642780800000,0.67271,0.67331,0.67113,0.67128,23880.49
1642795200000,0.67127,0.67168,0.67082,0.67109,10982.18
1642968000000,0.67133,0.67216,0.67046,0.6721,5493.61
1642982400000,0.6721,0.67273,0.67061,0.67162,12769.47
1642996800000,0.67161,0.67203,0.67041,0.67123,11119.45
1643011200000,0.67122,0.67187,0.66868,0.66894,27306.44
1643025600000,0.66894,0.66958,0.6665,0.66743,37900.64
1643040000000,0.66742,0.66887,0.66597,0.66856,39559.43
1643054400000,0.66855,0.67044,0.66736,0.6703,14992.58
1643068800000,0.67032,0.67099,0.66718,0.66802,20714.59
1643083200000,0.66802,0.66816,0.66684,0.668,14718.55
1643097600000,0.66801,0.66861,0.66652,0.66678,24959.61
1643112000000,0.66682,0.66801,0.66597,0.6672,41642.59
1643126400000,0.66718,0.66989,0.6665,0.66983,27825.6
1643140800000,0.66982,0.66986,0.66821,0.66894,15301.32
1643155200000,0.66893,0.6692,0.66775,0.66814,11364.05
1643169600000,0.66814,0.66901,0.6677,0.66834,12666.48
1643184000000,0.66835,0.66976,0.66833,0.66915,19243.37
1643198400000,0.66915,0.66928,0.66774,0.66843,30086.04
1643212800000,0.66843,0.67018,0.66513,0.6663,40939.19
1643227200000,0.66626,0.6663,0.66378,0.66597,28244.94
1643241600000,0.66597,0.66599,0.66072,0.66102,27162.34
1643256000000,0.661,0.66145,0.65952,0.66017,21077.32
1643270400000,0.66017,0.66313,0.65977,0.66148,33293.53
1643284800000,0.66149,0.66267,0.65878,0.65952,42798.34
1643299200000,0.65952,0.66041,0.65696,0.65715,36272.51
1643313600000,0.65717,0.65878,0.65707,0.65832,12453.18
1643328000000,0.65834,0.65837,0.6569,0.65739,15625.37
1643342400000,0.65738,0.65886,0.65616,0.65644,16947.03
1643356800000,0.65643,0.65653,0.65344,0.65417,28398.22
1643371200000,0.65418,0.65678,0.65324,0.6558,45991.94
1643385600000,0.65582,0.65637,0.65289,0.65327,30996.06
1643400000000,0.65328,0.65477,0.65309,0.65366,9146.14
1643572800000,0.65376,0.65624,0.65376,0.65505,3208.02
1643587200000,0.65505,0.65644,0.65419,0.6562,17044.21
1643601600000,0.65622,0.65767,0.65585,0.65765,13012.02
1643616000000,0.65766,0.65838,0.65712,0.65744,25462.46
1643630400000,0.65747,0.65966,0.65611,0.65724,37108.64
1643644800000,0.65727,0.65865,0.65609,0.65864,21922.43
1643659200000,0.65865,0.65884,0.65697,0.65765,9754.38
1643673600000,0.65765,0.65828,0.65656,0.65761,14046.25
1643688000000,0.6576,0.66032,0.65744,0.66007,19109.44
1643702400000,0.66006,0.66185,0.65908,0.66101,29736.35
1643716800000,0.66103,0.66238,0.65948,0.66204,45265.55
1643731200000,0.66204,0.66393,0.6615,0.66376,16500.91
1643745600000,0.66373,0.6647,0.66312,0.66358,10738.46
1643760000000,0.66357,0.66489,0.66315,0.66318,10464.81
1643774400000,0.6632,0.6638,0.66285,0.66344,9999.68
1643788800000,0.66342,0.66465,0.66283,0.66422,20429.53
1643803200000,0.66423,0.66617,0.66293,0.66343,34045.43
1643817600000,0.66341,0.66389,0.66234,0.6637,13848.21
1643832000000,0.6637,0.66419,0.6609,0.66106,8110.76
1643846400000,0.66104,0.66374,0.66104,0.6631,12016.7
1643860800000,0.66314,0.66319,0.66177,0.66286,11460.7
1643875200000,0.66284,0.66432,0.66237,0.66312,21294.42
1643889600000,0.66315,0.66807,0.66288,0.66708,51608.67
1643904000000,0.66712,0.66765,0.66527,0.66559,20541.66
1643918400000,0.66561,0.66693,0.66535,0.6665,12481.92
1643932800000,0.66651,0.66784,0.66605,0.66755,11127.55
1643947200000,0.66756,0.6683,0.66552,0.66556,12465.38
1643961600000,0.66558,0.66561,0.66191,0.66262,30556.68
1643976000000,0.66262,0.66338,0.65894,0.65933,53838.76
1643990400000,0.65935,0.66135,0.65913,0.66097,20699.9
1644004800000,0.66096,0.66174,0.6607,0.66123,4748.05
1644177600000,0.66022,0.66256,0.65985,0.66182,2703.09
1644192000000,0.66183,0.66187,0.66027,0.66098,11899.44
1644206400000,0.66095,0.66377,0.66092,0.66366,11154.52
1644220800000,0.66366,0.66388,0.66052,0.66174,28830.73
1644235200000,0.66177,0.66328,0.66113,0.66277,44827.2
1644249600000,0.6628,0.66411,0.66148,0.66398,20356.82
1644264000000,0.66394,0.66402,0.66283,0.66363,6864.88
1644278400000,0.66362,0.66483,0.66337,0.6645,9866.24
1644292800000,0.66451,0.66535,0.66265,0.66316,15646.55
1644307200000,0.66319,0.6649,0.66302,0.66369,22686.36
1644321600000,0.66368,0.66433,0.66277,0.66349,29556.48
1644336000000,0.66352,0.66451,0.66324,0.66354,13224.25
1644350400000,0.66357,0.66508,0.66357,0.66484,6711.98
1644364800000,0.66482,0.66588,0.66406,0.66564,9205.16
1644379200000,0.66562,0.66634,0.66441,0.66547,8914.21
1644393600000,0.66544,0.66895,0.66517,0.66858,20367.05
1644408000000,0.66858,0.66974,0.66801,0.66871,23162.85
1644422400000,0.66869,0.66972,0.66837,0.66884,13853.85
1644436800000,0.66886,0.66889,0.6675,0.6678,7269.12
1644451200000,0.6678,0.66892,0.66742,0.66794,11675.49
1644465600000,0.66791,0.66939,0.66774,0.66939,8788.9
1644480000000,0.6694,0.67048,0.66857,0.66983,16184.55
1644494400000,0.66983,0.67254,0.66528,0.67209,50314.84
1644508800000,0.67208,0.67325,0.66705,0.66717,44163.3
1644523200000,0.66718,0.66844,0.66609,0.66648,20711.67
1644537600000,0.6665,0.66666,0.66488,0.6651,19589.46
1644552000000,0.66509,0.66513,0.66266,0.66431,18209.81
1644566400000,0.6643,0.66592,0.66394,0.66543,27595.59
1644580800000,0.66542,0.66932,0.66536,0.6684,33337.27
1644595200000,0.66845,0.66867,0.66314,0.66332,55154.28
1644609600000,0.66333,0.6649,0.66326,0.6638,20266.37
1644782400000,0.66405,0.66496,0.66331,0.66452,5661.27
1644796800000,0.66452,0.66476,0.66127,0.66187,14691.12
1644811200000,0.66186,0.6632,0.66147,0.66278,11603.9
1644825600000,0.66276,0.66277,0.65921,0.65969,33168.9
1644840000000,0.6597,0.6628,0.65923,0.66067,51211.55
1644854400000,0.66066,0.66276,0.66009,0.66111,34514.76
1644868800000,0.66109,0.66199,0.66081,0.66165,14688.48
1644883200000,0.66164,0.66281,0.6609,0.66244,12836.04
1644897600000,0.66243,0.66317,0.6607,0.66267,19706.83
1644912000000,0.6627,0.66478,0.66129,0.66158,33150.08
1644926400000,0.66158,0.66376,0.66017,0.66291,33554.57
1644940800000,0.66294,0.66409,0.66252,0.66373,16191.65
1644955200000,0.66375,0.66442,0.66288,0.66384,8707.77
1644969600000,0.66383,0.6645,0.66326,0.66357,12759.2
1644984000000,0.66356,0.66544,0.6633,0.665,11051.02
1644998400000,0.66502,0.66591,0.66412,0.66491,20462.62
1645012800000,0.66489,0.66638,0.66339,0.66557,31798.67
1645027200000,0.66557,0.66909,0.66525,0.66872,26457.62
1645041600000,0.66874,0.66904,0.66721,0.66792,12754.45
1645056000000,0.66791,0.67045,0.66687,0.66696,15351.57
1645070400000,0.66694,0.67003,0.66581,0.67002,34046.89
1645084800000,0.67001,0.67126,0.6685,0.67065,28312.9
1645099200000,0.67064,0.67172,0.66944,0.67029,39897.33
1645113600000,0.67027,0.6707,0.6694,0.66946,14134.84
1645128000000,0.6695,0.66957,0.66821,0.6689,7843.32
1645142400000,0.6689,0.67094,0.66865,0.67091,15896.25
1645156800000,0.67092,0.67174,0.67064,0.67169,10406.86
1645171200000,0.67169,0.67291,0.67048,0.67101,22274.17
1645185600000,0.67101,0.67243,0.66954,0.66961,36221.94
1645200000000,0.66959,0.67047,0.66868,0.66985,25580.23
1645214400000,0.66985,0.67003,0.66871,0.66871,7702.34
1645387200000,0.66863,0.6694,0.66856,0.66882,3911.76
1645401600000,0.66881,0.6719,0.66824,0.67173,20430.92
1645416000000,0.67172,0.67257,0.67157,0.67184,13248.05
1645430400000,0.67184,0.67268,0.67105,0.67142,24874.96
1645444800000,0.6714,0.67332,0.671,0.6722,31034.98
1645459200000,0.67219,0.6728,0.6699,0.67042,12918.26
1645473600000,0.67041,0.67043,0.66799,0.66944,6856.53
1645488000000,0.66948,0.67115,0.66912,0.67028,21405.38
1645502400000,0.67028,0.67192,0.67028,0.67081,24037.77
1645516800000,0.67081,0.67462,0.67053,0.67431,39379.36
1645531200000,0.67432,0.67471,0.67296,0.67425,32503.63
1645545600000,0.67422,0.67544,0.67292,0.67382,26067.55
1645560000000,0.67384,0.67439,0.67279,0.67404,10593.68
1645574400000,0.67403,0.67769,0.67338,0.6762,21653.83
1645588800000,0.67619,0.67761,0.67589,0.6776,14216.84
1645603200000,0.6776,0.67993,0.67755,0.67814,24145.18
1645617600000,0.67815,0.6809,0.67724,0.67753,29550.72
1645632000000,0.67754,0.6789,0.67661,0.67685,23976.13
1645646400000,0.67684,0.67757,0.67646,0.67694,11331.83
1645660800000,0.67694,0.67724,0.67129,0.6719,40132.18
1645675200000,0.6719,0.67384,0.67025,0.67152,51354.42
1645689600000,0.67153,0.6729,0.66889,0.66982,61525.74
1645704000000,0.66984,0.67026,0.66301,0.66321,49888.5
1645718400000,0.66319,0.67005,0.66311,0.6685,48231.15
1645732800000,0.66849,0.67108,0.66842,0.66874,23903.14
1645747200000,0.66877,0.67079,0.66857,0.67068,33087.73
1645761600000,0.67067,0.6723,0.67053,0.67143,24516.01
1645776000000,0.67143,0.6718,0.66957,0.67173,36844.3
1645790400000,0.67174,0.67503,0.67164,0.6739,50747.48
1645804800000,0.67391,0.67492,0.67253,0.67487,18738.9
1645819200000,0.67483,0.67508,0.6741,0.67431,8418.42
1645992000000,0.66727,0.66973,0.66726,0.66912,9948.14
1646006400000,0.66912,0.66985,0.66752,0.6677,34094.36
1646020800000,0.66771,0.6714,0.66771,0.6713,27410.36
1646035200000,0.67131,0.67395,0.66991,0.67309,38217.11
1646049600000,0.67308,0.67715,0.67243,0.67675,38651.47
1646064000000,0.67675,0.67764,0.67504,0.67648,33465.83
1646078400000,0.6765,0.67753,0.67551,0.67656,9567.45
1646092800000,0.67658,0.67685,0.67484,0.67523,12551.03
1646107200000,0.67523,0.67879,0.67508,0.67843,14856.63
1646121600000,0.67843,0.67902,0.67602,0.67733,32727.13
1646136000000,0.67733,0.67793,0.67592,0.67682,43038.64
1646150400000,0.67685,0.67685,0.67405,0.67472,37989.81
1646164800000,0.67468,0.67666,0.67433,0.6766,16668.82
1646179200000,0.67665,0.6782,0.67591,0.6773,11470.31
1646193600000,0.67731,0.67769,0.67552,0.67593,19338.97
1646208000000,0.67592,0.67709,0.67532,0.67678,39627.28
1646222400000,0.67677,0.67771,0.67439,0.67466,41917.09
1646236800000,0.67468,0.67994,0.6744,0.67836,40897.81
1646251200000,0.67835,0.67942,0.67799,0.67814,12550.78
1646265600000,0.67816,0.67847,0.67612,0.67712,14224.42
1646280000000,0.67713,0.67918,0.67712,0.67836,10422.26
1646294400000,0.67836,0.67868,0.67671,0.67753,24546.76
1646308800000,0.67754,0.68092,0.67746,0.67873,36148.1
1646323200000,0.67875,0.68026,0.67736,0.68002,28393.3
1646337600000,0.68004,0.68092,0.67924,0.68085,16541.6
1646352000000,0.68082,0.68088,0.67673,0.68049,41077.53
1646366400000,0.68048,0.68249,0.68027,0.68223,17668.25
1646380800000,0.68223,0.68434,0.68217,0.6835,28213.05
1646395200000,0.68351,0.68406,0.6809,0.68361,40482
1646409600000,0.68364,0.68717,0.68289,0.68669,22848.19
1646424000000,0.68666,0.68676,0.68527,0.68571,8602.54
1646596800000,0.68416,0.68792,0.68382,0.68727,6772.1
1646611200000,0.68728,0.69252,0.68695,0.68912,39736.58
1646625600000,0.6891,0.69144,0.68893,0.68959,25768.95
1646640000000,0.68963,0.69041,0.68688,0.68891,32855.95
1646654400000,0.68892,0.68929,0.68243,0.68278,54731.09
1646668800000,0.68278,0.68372,0.68212,0.6822,28242.36
1646683200000,0.68218,0.68376,0.6819,0.6836,9353.76
1646697600000,0.68364,0.685,0.68195,0.68317,23948.3
1646712000000,0.68316,0.68329,0.67998,0.68145,34164.64
1646726400000,0.68144,0.68437,0.68083,0.68409,46419.01
1646740800000,0.68408,0.68478,0.68133,0.68178,52856.59
1646755200000,0.68178,0.68278,0.67993,0.68156,45090.58
1646769600000,0.68155,0.6817,0.67982,0.68028,13428.96
1646784000000,0.6803,0.68187,0.67959,0.68073,21919.37
1646798400000,0.68072,0.6824,0.67995,0.68189,21373.23
1646812800000,0.68188,0.6852,0.68149,0.68417,32221.81
1646827200000,0.68419,0.68519,0.68368,0.68411,34465.77
1646841600000,0.6841,0.68515,0.68318,0.68355,19192.92
1646856000000,0.68352,0.68483,0.68314,0.68368,8877.85
1646870400000,0.68368,0.68392,0.68104,0.68336,14920.06
1646884800000,0.68335,0.68494,0.68243,0.68492,13899.66
1646899200000,0.68493,0.68589,0.68364,0.6847,39979.35
1646913600000,0.68471,0.6869,0.68429,0.68681,48168.74
1646928000000,0.6868,0.68743,0.68481,0.68703,18530.53
1646942400000,0.68705,0.68745,0.68572,0.68729,10031.21
1646956800000,0.68728,0.68739,0.68468,0.68527,14361.48
1646971200000,0.68527,0.68589,0.68333,0.68498,17809.19
1646985600000,0.685,0.68578,0.68317,0.68509,31077.85
1647000000000,0.68509,0.68538,0.68318,0.68389,33966.89
1647014400000,0.68389,0.68394,0.6802,0.68024,17967.77
1647028800000,0.68024,0.68082,0.67974,0.67974,7600.08
1647201600000,0.6805,0.68141,0.67954,0.68112,5594.93
1647216000000,0.68115,0.68132,0.67771,0.67845,18356.95
1647230400000,0.67844,0.67934,0.67735,0.67802,15514.76
1647244800000,0.67803,0.68038,0.67773,0.67867,33620.76
1647259200000,0.67866,0.68053,0.67806,0.67837,33284.46
1647273600000,0.67834,0.67926,0.6745,0.67479,21169.59
1647288000000,0.6748,0.67568,0.67424,0.67477,8956.13
1647302400000,0.67476,0.67535,0.6728,0.67459,19802.43
1647316800000,0.6746,0.67525,0.67283,0.67516,19062.18
1647331200000,0.67515,0.67692,0.67393,0.67628,30228.14
1647345600000,0.67629,0.67919,0.67624,0.67666,23949.15
1647360000000,0.67664,0.67721,0.67501,0.67698,19986.75
1647374400000,0.67697,0.6774,0.67586,0.67593,5436.86
1647388800000,0.67593,0.67694,0.67412,0.67653,16606.38
1647403200000,0.67652,0.67867,0.67639,0.67769,12837.74
1647417600000,0.67769,0.6805,0.67753,0.68033,21944.96
1647432000000,0.68032,0.68271,0.67947,0.68066,29936.28
1647446400000,0.68065,0.68441,0.6767,0.6844,51095.79
1647460800000,0.68441,0.68442,0.6821,0.68293,11585.1
1647475200000,0.68293,0.6849,0.68229,0.68427,26512.46
1647489600000,0.68426,0.68503,0.68349,0.68502,21422.64
1647504000000,0.68502,0.68573,0.68353,0.68465,22296.85
1647518400000,0.68462,0.6893,0.6841,0.68922,30141.99
1647532800000,0.68927,0.68988,0.68815,0.68862,14087.51
1647547200000,0.68861,0.68916,0.68764,0.68911,5579.44
1647561600000,0.68911,0.69003,0.68768,0.68832,21028.41
1647576000000,0.68832,0.69094,0.68821,0.68973,19705.71
1647590400000,0.68972,0.68994,0.68762,0.68815,19948.1
1647604800000,0.68816,0.69024,0.6866,0.68988,33426.18
1647619200000,0.68988,0.69129,0.68943,0.69088,12413.01
1647633600000,0.69089,0.69104,0.69027,0.69035,3159.07
1647806400000,0.68954,0.69048,0.68799,0.68972,4984.88
1647820800000,0.68973,0.69227,0.68965,0.69041,14152.71
1647835200000,0.69038,0.6908,0.68891,0.6898,10810.91
1647849600000,0.68981,0.69041,0.68769,0.68856,21566.3
1647864000000,0.68859,0.69095,0.68838,0.69011,24133.53
1647878400000,0.69013,0.69068,0.68726,0.68864,28098.76
1647892800000,0.68863,0.68879,0.68747,0.68782,4755.68
1647907200000,0.68781,0.68856,0.68636,0.68847,14683.76
1647921600000,0.68847,0.68918,0.68647,0.6877,13629.77
1647936000000,0.6877,0.69439,0.68757,0.69369,26647.12
1647950400000,0.69368,0.69551,0.69319,0.69432,21102.62
1647964800000,0.69433,0.69628,0.69399,0.69618,12770.49
1647979200000,0.69617,0.69734,0.69585,0.6963,5454.26
1647993600000,0.69629,0.69742,0.69519,0.69567,17256.69
1648008000000,0.69566,0.69596,0.6943,0.69549,12279.45
1648022400000,0.69549,0.6963,0.69419,0.69585,18338.24
1648036800000,0.69587,0.69736,0.6935,0.697,24036.2
1648051200000,0.69702,0.69883,0.69597,0.69772,17904.52
1648065600000,0.69772,0.69786,0.69623,0.69747,4832.84
1648080000000,0.69746,0.69772,0.69563,0.69571,27269.93
1648094400000,0.6957,0.69607,0.69478,0.6953,14954.67
1648108800000,0.69533,0.69565,0.6942,0.69518,23225.83
1648123200000,0.69519,0.69724,0.69417,0.69602,34522.32
1648137600000,0.696,0.6963,0.69399,0.69599,16118.86
1648152000000,0.696,0.6965,0.69522,0.69633,4895.17
1648166400000,0.69632,0.69768,0.69542,0.69727,20523.77
1648180800000,0.69725,0.69868,0.6957,0.69654,12368.38
1648195200000,0.69655,0.69708,0.69517,0.69652,15791.05
1648209600000,0.69651,0.6971,0.69437,0.69484,31931.96
1648224000000,0.69484,0.69664,0.69483,0.69648,20765.28
1648238400000,0.69648,0.69668,0.69525,0.6957,2865.13
1648411200000,0.69424,0.69592,0.69337,0.6956,3440.17
1648425600000,0.69558,0.69631,0.69401,0.69495,16687.53
1648440000000,0.69496,0.69549,0.69265,0.69428,19473.5
1648454400000,0.69427,0.69515,0.69215,0.69231,24490.23
1648468800000,0.6923,0.69305,0.68874,0.6896,32213.25
1648483200000,0.68959,0.69025,0.68877,0.68998,12513.54
1648497600000,0.68998,0.69082,0.68879,0.69042,4768.8
1648512000000,0.69041,0.69073,0.6888,0.68979,17580.4
1648526400000,0.68978,0.69125,0.68934,0.68934,18852.91
1648540800000,0.68934,0.69149,0.68771,0.69093,25828.43
1648555200000,0.69093,0.69293,0.68756,0.69259,40609.63
1648569600000,0.69259,0.69452,0.69148,0.69404,15565.03
1648584000000,0.69403,0.69478,0.69128,0.69415,5911.15
1648598400000,0.69415,0.69637,0.69364,0.6958,20563.14
1648612800000,0.69583,0.69704,0.69522,0.69587,18506.89
1648627200000,0.69588,0.69842,0.6955,0.69808,23297.78
1648641600000,0.69807,0.69981,0.69716,0.6976,27007.02
1648656000000,0.69759,0.69832,0.69673,0.69722,11301.84
1648670400000,0.69723,0.69777,0.69639,0.69692,4280.53
1648684800000,0.69691,0.69772,0.69528,0.6956,18764.62
1648699200000,0.6956,0.69584,0.69433,0.69488,14977.58
1648713600000,0.69487,0.69493,0.69289,0.69308,16272.14
1648728000000,0.69305,0.69586,0.69279,0.69439,28133.32
1648742400000,0.69437,0.69455,0.69281,0.69292,14049.82
1648756800000,0.69292,0.69417,0.69256,0.69304,6166.46
1648771200000,0.69304,0.69349,0.69195,0.69276,14185.39
1648785600000,0.69276,0.69286,0.69099,0.69225,14036.43
1648800000000,0.69224,0.69471,0.69202,0.69461,18623.12
1648814400000,0.69463,0.69477,0.68956,0.69113,28874.34
1648828800000,0.6911,0.69187,0.68999,0.69179,15421.05
1648843200000,0.69178,0.69223,0.69117,0.69179,3123.86
1649016000000,0.69057,0.69211,0.69037,0.6906,2697.39
1649030400000,0.69062,0.69372,0.69045,0.6936,9896
1649044800000,0.69358,0.6941,0.69299,0.69365,15692.36
1649059200000,0.69366,0.69376,0.69236,0.69336,20450.63
1649073600000,0.69337,0.69677,0.69337,0.69629,22988.51
1649088000000,0.69629,0.6964,0.69526,0.69542,8352.23
1649102400000,0.69541,0.69558,0.69421,0.69451,4881.57
1649116800000,0.69451,0.69492,0.69424,0.69461,11423.27
1649131200000,0.69462,0.70042,0.69436,0.6995,24981.14
1649145600000,0.69949,0.70089,0.69901,0.70065,21585.95
1649160000000,0.70067,0.70336,0.69634,0.69654,28081.99
1649174400000,0.69655,0.69699,0.69335,0.69428,15967.06
1649188800000,0.6943,0.69515,0.69208,0.69463,5104.65
1649203200000,0.69462,0.69534,0.69336,0.69423,16954.41
1649217600000,0.69423,0.69625,0.69372,0.69534,15219.02
1649232000000,0.69533,0.69668,0.69445,0.695,23616.61
1649246400000,0.69501,0.69568,0.69236,0.69318,24497.01
1649260800000,0.69317,0.6947,0.68962,0.69159,36502.39
1649275200000,0.69159,0.69208,0.69092,0.69101,6582.31
1649289600000,0.691,0.69194,0.68915,0.68974,13313.16
1649304000000,0.68974,0.691,0.6889,0.69028,16108.59
1649318400000,0.6903,0.6906,0.68893,0.68996,19637.68
1649332800000,0.68996,0.6903,0.6882,0.68857,24732.15
1649347200000,0.68854,0.68987,0.68806,0.68935,12700.02
1649361600000,0.68935,0.68952,0.68812,0.68833,4226.87
1649376000000,0.68832,0.68869,0.68716,0.68798,12104.02
1649390400000,0.68797,0.68913,0.68563,0.686,16143.3
1649404800000,0.68601,0.68653,0.685,0.68526,12145.44
1649419200000,0.68529,0.68588,0.68216,0.68499,20185
1649433600000,0.68497,0.68511,0.68401,0.68429,11318.06
1649448000000,0.68431,0.68503,0.68404,0.68503,2216.5
1649620800000,0.68361,0.6855,0.68318,0.68318,4923.42
1649635200000,0.6832,0.68375,0.6813,0.68258,15981.44
1649649600000,0.6826,0.68393,0.68232,0.68339,19235.8
1649664000000,0.6834,0.68521,0.6829,0.68415,15247.02
1649678400000,0.68418,0.68467,0.68246,0.6825,24710.25
1649692800000,0.68251,0.68396,0.68223,0.68241,11592.86
1649707200000,0.6824,0.68285,0.68153,0.68172,4238.6
1649721600000,0.68169,0.68349,0.68057,0.68251,14916.13
1649736000000,0.68251,0.68406,0.68229,0.68282,22523.69
1649750400000,0.68282,0.68455,0.68242,0.68453,11152.09
1649764800000,0.68454,0.68892,0.68365,0.68804,33522.55
1649779200000,0.68805,0.68872,0.68548,0.68554,15165.56
1649793600000,0.68553,0.68613,0.684,0.68555,3839.6
1649808000000,0.68553,0.6901,0.68412,0.68475,25374.97
1649822400000,0.68474,0.68474,0.6788,0.68009,24362.22
1649836800000,0.6801,0.6801,0.67723,0.67748,20027.12
1649851200000,0.67748,0.67858,0.67537,0.67838,30240.07
1649865600000,0.67839,0.67954,0.67815,0.67917,14508.98
1649880000000,0.67916,0.68037,0.67783,0.67991,5031.14
1649894400000,0.67991,0.68271,0.67991,0.68226,16118.29
1649908800000,0.68224,0.6834,0.68165,0.68185,17616.01
1649923200000,0.68185,0.6824,0.68072,0.68117,17495.67
1649937600000,0.68116,0.68205,0.67671,0.67731,40826.09
1649952000000,0.67732,0.67923,0.67721,0.67867,15657.68
1649966400000,0.67867,0.67898,0.67729,0.67749,4382.76
1649980800000,0.67749,0.67826,0.67703,0.67704,15222.75
1649995200000,0.67703,0.67813,0.67662,0.67706,19001.26
1650009600000,0.67703,0.67829,0.67683,0.67768,80967.88
1650024000000,0.67786,0.67861,0.6764,0.67719,43259.96
1650038400000,0.67718,0.67738,0.67584,0.67646,9609.56
1650052800000,0.67646,0.6769,0.67536,0.67603,746.95
1650225600000,0.67654,0.6776,0.67585,0.67599,3813.57
1650240000000,0.67596,0.67603,0.6728,0.6728,13685.79
1650254400000,0.67283,0.6735,0.67246,0.67333,11605.47
1650268800000,0.67333,0.6743,0.67303,0.67329,8413.35
1650283200000,0.67329,0.67418,0.67197,0.67209,20833.93
1650297600000,0.67208,0.67288,0.67148,0.67264,11804.92
1650312000000,0.67268,0.67385,0.67248,0.67339,6870.42
1650326400000,0.67339,0.67399,0.67193,0.67352,17242.92
1650340800000,0.67353,0.67517,0.67319,0.67501,21586.31
1650355200000,0.67507,0.67637,0.67275,0.67381,18625.24
1650369600000,0.67382,0.67457,0.67227,0.67267,29036.83
1650384000000,0.67267,0.67332,0.67215,0.67308,13333.1
1650398400000,0.67307,0.6746,0.67253,0.67449,8437.13
1650412800000,0.67449,0.67689,0.67347,0.67534,29107.01
1650427200000,0.67534,0.67764,0.67503,0.67683,22088.19
1650441600000,0.67686,0.6799,0.67651,0.67908,19807.97
1650456000000,0.67908,0.6813,0.67753,0.68085,23667.01
1650470400000,0.68087,0.68091,0.67935,0.68054,14580.49
1650484800000,0.68052,0.68095,0.67661,0.67816,9674.01
1650499200000,0.67816,0.67886,0.67704,0.67792,17062.42
1650513600000,0.67792,0.68033,0.67766,0.68026,22624.47
1650528000000,0.68025,0.68037,0.67759,0.67759,19057.76
1650542400000,0.67759,0.67947,0.6733,0.6737,26721.14
1650556800000,0.67373,0.67421,0.67265,0.67331,22076.36
1650571200000,0.67331,0.67378,0.67213,0.67214,9176.41
1650585600000,0.67213,0.67266,0.66986,0.67008,24235.41
1650600000000,0.67009,0.67021,0.66778,0.66858,26946.37
1650614400000,0.66858,0.66896,0.66673,0.66851,22266.77
1650628800000,0.6685,0.66875,0.66261,0.66363,38054.64
1650643200000,0.66365,0.6641,0.66252,0.66333,20819.81
1650657600000,0.66337,0.66379,0.66296,0.66317,3913.24
1650830400000,0.66276,0.66394,0.66203,0.66216,5630.97
1650844800000,0.66215,0.66243,0.65976,0.66014,24799.39
1650859200000,0.66015,0.6618,0.65816,0.66174,32018.63
1650873600000,0.66174,0.66336,0.65912,0.66185,30373.28
1650888000000,0.66184,0.66225,0.65879,0.65965,35101.6
1650902400000,0.65966,0.66209,0.65951,0.66176,20113.27
1650916800000,0.66176,0.66217,0.66105,0.66159,6432.57
1650931200000,0.66158,0.66449,0.66087,0.66348,24175.94
1650945600000,0.6635,0.66447,0.66148,0.66223,19030.76
1650960000000,0.66222,0.66424,0.66222,0.66294,21166.37
1650974400000,0.66293,0.66318,0.65784,0.658,32021.4
1650988800000,0.65801,0.65932,0.6569,0.6571,14239.43
1651003200000,0.65711,0.65777,0.65587,0.65735,11329.57
1651017600000,0.65736,0.65844,0.6561,0.65625,23907.83
1651032000000,0.65623,0.65905,0.65508,0.65744,27175.34
1651046400000,0.65743,0.65871,0.6565,0.65666,28912.39
1651060800000,0.65666,0.65691,0.65274,0.65361,35418.53
1651075200000,0.6536,0.65635,0.6535,0.65422,23495.34
1651089600000,0.65421,0.65442,0.65372,0.65396,5997
1651104000000,0.65395,0.65399,0.64968,0.64982,20317.51
1651118400000,0.64981,0.65388,0.64706,0.65335,32451.5
1651132800000,0.65334,0.65351,0.64643,0.64659,22293.92
1651147200000,0.64658,0.6487,0.64512,0.64743,36617.24
1651161600000,0.64742,0.65062,0.64711,0.64913,18470.34
1651176000000,0.64912,0.64932,0.6484,0.64926,5073.12
1651190400000,0.64927,0.65133,0.64857,0.65026,19773.97
1651204800000,0.65026,0.65344,0.6499,0.65311,23293.91
1651219200000,0.65311,0.65426,0.65184,0.65303,22330.91
1651233600000,0.65305,0.65394,0.64711,0.6475,36018.37
1651248000000,0.64751,0.64782,0.64527,0.64544,16696.8
1651262400000,0.64545,0.64576,0.64494,0.64494,1868.95
1651435200000,0.6464,0.64684,0.64502,0.64535,8077.59
1651449600000,0.64535,0.64734,0.64212,0.64323,20936.06
1651464000000,0.64322,0.64428,0.64245,0.64332,17326.58
1651478400000,0.64331,0.64535,0.64327,0.64433,16516.66
1651492800000,0.64432,0.64461,0.64187,0.64321,24041.43
1651507200000,0.6432,0.64411,0.64119,0.64341,16135.53
1651521600000,0.64341,0.64428,0.64283,0.64425,5454.63
1651536000000,0.64429,0.64691,0.64428,0.64573,19470.49
1651550400000,0.64573,0.6475,0.64167,0.64315,28820.39
1651564800000,0.64315,0.64444,0.64102,0.64434,18037.46
1651579200000,0.64433,0.64573,0.64274,0.64393,23467.67
1651593600000,0.6439,0.64448,0.64212,0.64363,13251
1651608000000,0.64363,0.64408,0.64278,0.64315,4918.33
1651622400000,0.64314,0.64537,0.64268,0.64426,13561.21
1651636800000,0.64426,0.64435,0.64224,0.64411,14797.87
1651651200000,0.6441,0.64615,0.64397,0.64567,11456.35
1651665600000,0.64567,0.64595,0.64222,0.64467,20538.78
1651680000000,0.64468,0.65556,0.64249,0.65462,56826.41
1651694400000,0.65459,0.65552,0.65298,0.65486,9664.34
1651708800000,0.65486,0.65678,0.65351,0.65442,22076.66
1651723200000,0.65442,0.65442,0.65056,0.65177,26439.98
1651737600000,0.65177,0.65195,0.64818,0.64836,21985.56
1651752000000,0.64834,0.64978,0.64046,0.64048,39996.53
1651766400000,0.64047,0.64306,0.63926,0.64295,34252.88
1651780800000,0.64295,0.64342,0.64176,0.64289,8649.39
1651795200000,0.64292,0.64415,0.63999,0.64261,30554.96
1651809600000,0.64263,0.64295,0.63941,0.6404,26866.3
1651824000000,0.64036,0.64346,0.63989,0.64232,26577
1651838400000,0.64231,0.64574,0.6404,0.64259,57664.78
1651852800000,0.64258,0.64386,0.63985,0.64141,33605.84
1651867200000,0.64142,0.64143,0.64018,0.64018,2615.89
1652040000000,0.63959,0.64112,0.63861,0.63868,11351.62
1652054400000,0.63868,0.63893,0.6347,0.63512,30035.87
1652068800000,0.63512,0.63542,0.63377,0.63425,23641.71
1652083200000,0.63424,0.63601,0.63367,0.63561,31792.75
1652097600000,0.63561,0.6376,0.633,0.63457,41227.25
1652112000000,0.63456,0.63713,0.63213,0.63282,29087.49
1652126400000,0.63285,0.63314,0.63127,0.63186,10208.45
1652140800000,0.63184,0.63383,0.6283,0.63353,37522.98
1652155200000,0.63353,0.63474,0.63065,0.63094,38885.38
1652169600000,0.63091,0.63307,0.63089,0.6313,32831.1
1652184000000,0.63129,0.63294,0.62794,0.62853,43041.87
1652198400000,0.62855,0.63053,0.62757,0.62893,36643.45
1652212800000,0.62892,0.62953,0.62826,0.62869,7021.72
1652227200000,0.62868,0.63091,0.62823,0.63067,22152.25
1652241600000,0.63065,0.63251,0.63004,0.63198,21550.81
1652256000000,0.63198,0.6349,0.63185,0.63411,20203.56
1652270400000,0.63411,0.63795,0.62805,0.6338,73297.31
1652284800000,0.63379,0.63392,0.62876,0.62881,42265.36
1652299200000,0.6288,0.62966,0.62825,0.62831,9977.04
1652313600000,0.62829,0.62969,0.6261,0.62629,37187.56
1652328000000,0.62629,0.62686,0.62365,0.62532,38131.12
1652342400000,0.62531,0.62543,0.62297,0.62321,33407.53
1652356800000,0.62321,0.62663,0.62236,0.62356,57666.58
1652371200000,0.62359,0.6256,0.62154,0.62359,37384.64
1652385600000,0.6236,0.62477,0.62237,0.62436,6652.61
1652400000000,0.62438,0.62574,0.62341,0.62497,29761.65
1652414400000,0.62497,0.62592,0.62385,0.62497,28724.63
1652428800000,0.62497,0.62563,0.62277,0.62359,25589.02
1652443200000,0.62358,0.62659,0.62244,0.62615,30807.03
1652457600000,0.62615,0.62696,0.62498,0.62651,15747.19
1652472000000,0.62651,0.62891,0.62648,0.62848,4203.79
1652644800000,0.62667,0.62902,0.626,0.62901,5386.47
1652659200000,0.62898,0.62922,0.62279,0.62383,34659.79
1652673600000,0.6238,0.62632,0.6234,0.62541,27894.54
1652688000000,0.62543,0.62827,0.6253,0.62773,24095.68
1652702400000,0.62773,0.62957,0.62674,0.62834,40078.21
1652716800000,0.62835,0.632,0.62774,0.63094,23325.63
1652731200000,0.63096,0.63134,0.63026,0.63103,7519.5
1652745600000,0.63103,0.6332,0.63055,0.63244,20037.24
1652760000000,0.63248,0.63469,0.63229,0.63443,21196.93
1652774400000,0.63444,0.63751,0.63439,0.63663,29924.31
1652788800000,0.63661,0.63684,0.63337,0.63502,33520.86
1652803200000,0.63503,0.63678,0.63328,0.63556,34527.68
1652817600000,0.63555,0.63661,0.6352,0.63591,7640.1
1652832000000,0.63587,0.63696,0.63391,0.6345,22440.95
1652846400000,0.6345,0.63693,0.63407,0.63561,21090.57
1652860800000,0.63562,0.63638,0.63442,0.63515,17852.39
1652875200000,0.63515,0.63605,0.63246,0.63315,31306.94
1652889600000,0.63318,0.6339,0.62968,0.62998,24347.13
1652904000000,0.63002,0.63071,0.62901,0.62915,11455.44
1652918400000,0.62918,0.63416,0.62913,0.63374,27906.59
1652932800000,0.63372,0.63451,0.63111,0.63333,27428.55
1652947200000,0.63335,0.63594,0.6323,0.63578,30498.88
1652961600000,0.63577,0.64167,0.63549,0.6398,52850.34
1652976000000,0.63982,0.64087,0.63876,0.63919,34339.85
1652990400000,0.63918,0.63922,0.63737,0.63804,7288.25
1653004800000,0.63804,0.63895,0.63631,0.63673,24929.09
1653019200000,0.63672,0.6413,0.6364,0.64035,27333.83
1653033600000,0.64036,0.64116,0.63925,0.63994,21449.4
1653048000000,0.63995,0.64096,0.638,0.6386,33001.75
1653062400000,0.6386,0.63977,0.63663,0.63928,30042.2
1653076800000,0.63929,0.6414,0.6391,0.64048,5396.4
1653249600000,0.63924,0.6425,0.63755,0.64196,5094.31
1653264000000,0.64195,0.64668,0.64182,0.64527,20927.09
1653278400000,0.64527,0.64765,0.64492,0.64648,23828.76
1653292800000,0.64649,0.64912,0.64529,0.64736,32740.59
1653307200000,0.64738,0.64789,0.64586,0.64607,36934.17
1653321600000,0.64603,0.64697,0.64513,0.64628,18014.76
1653336000000,0.6463,0.64678,0.64446,0.6445,6509.51
1653350400000,0.64451,0.64456,0.64274,0.64393,18305.61
1653364800000,0.64394,0.64542,0.64301,0.64533,26176.08
1653379200000,0.64532,0.64564,0.64227,0.64373,24689.23
1653393600000,0.64376,0.64586,0.64263,0.64409,41642.42
1653408000000,0.64407,0.64659,0.64389,0.64606,31981.92
1653422400000,0.64606,0.6464,0.64416,0.6446,6860.18
1653436800000,0.6446,0.651,0.64185,0.65051,36415.31
1653451200000,0.6505,0.65138,0.64846,0.6486,29837.43
1653465600000,0.64861,0.64866,0.64439,0.64505,31229.51
1653480000000,0.64505,0.64723,0.64364,0.64575,41859.48
1653494400000,0.64576,0.64844,0.6448,0.64794,40493.89
1653508800000,0.64794,0.64868,0.64708,0.6479,13405.66
1653523200000,0.64789,0.64998,0.64658,0.64751,29835.19
1653537600000,0.64752,0.64837,0.64463,0.64832,29225.89
1653552000000,0.64834,0.6484,0.64639,0.64704,24929.83
1653566400000,0.64705,0.64746,0.64541,0.64612,35745.72
1653580800000,0.64613,0.64731,0.64608,0.64717,17806.73
1653595200000,0.64718,0.64845,0.64684,0.64799,4701.97
1653609600000,0.64799,0.65202,0.6472,0.65173,24833.92
1653624000000,0.65172,0.65225,0.65035,0.65096,18539.23
1653638400000,0.65097,0.65299,0.65084,0.65218,22474.58
1653652800000,0.65217,0.65493,0.65167,0.65324,31028.19
1653667200000,0.65325,0.65382,0.65224,0.65375,9228.08
1653681600000,0.65376,0.65386,0.65324,0.65328,3428.43
1653854400000,0.65189,0.65348,0.65189,0.65319,5699.82
1653868800000,0.65319,0.65576,0.65311,0.65497,21453.98
1653883200000,0.65495,0.65566,0.65355,0.65367,26479.03
1653897600000,0.65367,0.65535,0.65345,0.65521,16898.33
1653912000000,0.65522,0.65599,0.65339,0.65589,19178.73
1653926400000,0.6559,0.65598,0.65515,0.65567,6618.81
1653940800000,0.65567,0.65603,0.65419,0.65556,5912.77
1653955200000,0.65557,0.65635,0.65157,0.65395,32351.03
1653969600000,0.65399,0.65448,0.65259,0.65261,24943.76
1653984000000,0.65262,0.65443,0.65099,0.65152,23446.71
1653998400000,0.65152,0.65201,0.64823,0.65179,44043.1
1654012800000,0.65179,0.65235,0.65068,0.6515,22499.21
1654027200000,0.65152,0.65217,0.64999,0.6518,6079.99
1654041600000,0.65183,0.65303,0.65024,0.65028,22660.99
1654056000000,0.65027,0.65067,0.6478,0.65049,24114.54
1654070400000,0.65048,0.65154,0.64947,0.65064,16685.93
1654084800000,0.65066,0.65397,0.64646,0.64684,37832.95
1654099200000,0.64683,0.64972,0.64672,0.64826,28770.41
1654113600000,0.64825,0.64866,0.64685,0.64782,4911.78
1654128000000,0.64783,0.64881,0.64674,0.64754,20554.12
1654142400000,0.64755,0.64984,0.64598,0.64933,17071.42
1654156800000,0.64934,0.65174,0.6491,0.65158,12578.77
1654171200000,0.65155,0.65553,0.65135,0.65492,38765.26
1654185600000,0.65495,0.65643,0.65478,0.65595,17281.95
1654200000000,0.65601,0.65619,0.65488,0.65584,6122.81
1654214400000,0.65583,0.65758,0.655,0.65551,21476.13
1654228800000,0.65549,0.65589,0.65488,0.65546,16643.15
1654243200000,0.65549,0.656,0.65332,0.65341,13518.77
1654257600000,0.65344,0.65392,0.65033,0.65033,34828.28
1654272000000,0.65034,0.65176,0.65006,0.65101,16469.72
1654286400000,0.65101,0.65116,0.65028,0.65028,2120.26
1654459200000,0.6506,0.65136,0.65011,0.65055,3968.21
1654473600000,0.65056,0.65148,0.64958,0.65004,18674.55
1654488000000,0.65004,0.65229,0.6498,0.65227,16754.69
1654502400000,0.65229,0.65362,0.65184,0.65285,14331.83
1654516800000,0.65283,0.65336,0.64846,0.64974,22924.2
1654531200000,0.64974,0.65022,0.64842,0.64932,17304.45
1654545600000,0.64933,0.64933,0.64778,0.64826,5476.39
1654560000000,0.64826,0.64828,0.64563,0.64693,20985.95
1654574400000,0.64693,0.64959,0.64392,0.64436,35111.04
1654588800000,0.64436,0.64629,0.6429,0.64317,20173.45
1654603200000,0.64318,0.64803,0.64222,0.64736,31217.46
1654617600000,0.64737,0.64985,0.64667,0.64946,16163.78
1654632000000,0.64947,0.64948,0.64784,0.64797,7599.5
1654646400000,0.64795,0.64853,0.64574,0.64598,25263.52
1654660800000,0.64599,0.64638,0.64506,0.64515,20398.37
1654675200000,0.64515,0.64604,0.64345,0.64554,19782.58
1654689600000,0.64554,0.64744,0.64379,0.64697,26931.82
1654704000000,0.64696,0.64723,0.64427,0.6449,18220.04
1654718400000,0.6449,0.64509,0.64408,0.6442,6036.26
1654732800000,0.64422,0.64552,0.64318,0.645,16920.59
1654747200000,0.64499,0.6455,0.64381,0.64383,17710.25
1654761600000,0.64384,0.64606,0.64349,0.64458,25893.31
1654776000000,0.64462,0.64477,0.6398,0.64045,46619.74
1654790400000,0.64044,0.64093,0.63812,0.63813,17107.96
1654804800000,0.63812,0.63883,0.63793,0.63846,3646.99
1654819200000,0.63844,0.64014,0.63789,0.63992,18931.36
1654833600000,0.63991,0.64345,0.6396,0.64215,24962.69
1654848000000,0.64216,0.64283,0.64076,0.64093,22357.62
1654862400000,0.64093,0.64226,0.63501,0.63618,59399.57
1654876800000,0.63618,0.63689,0.63509,0.63582,24862.68
1654891200000,0.63581,0.6359,0.6348,0.63502,2869.89
1655064000000,0.6343,0.63497,0.63351,0.63362,8399.6
1655078400000,0.63362,0.63417,0.63205,0.63399,23787.05
1655092800000,0.63395,0.63482,0.63159,0.63159,30717.67
1655107200000,0.6316,0.63227,0.62762,0.62786,34392.42
1655121600000,0.62788,0.63053,0.62558,0.62735,43777.77
1655136000000,0.62735,0.62895,0.62455,0.62518,42749.58
1655150400000,0.62519,0.62743,0.62494,0.62722,12826.57
1655164800000,0.62721,0.62804,0.62544,0.62698,33963.75
1655179200000,0.62696,0.6293,0.62694,0.6278,29162.78
1655193600000,0.62778,0.62779,0.62339,0.6238,34256.58
1655208000000,0.62378,0.62605,0.62129,0.62231,56842.42
1655222400000,0.62231,0.62314,0.61962,0.621,33767.99
1655236800000,0.621,0.62265,0.62078,0.62241,8649.64
1655251200000,0.62241,0.6241,0.6216,0.62332,24339.96
1655265600000,0.6233,0.62387,0.62138,0.62192,32415.3
1655280000000,0.62193,0.626,0.62171,0.62549,33923
1655294400000,0.62551,0.62638,0.62362,0.62401,41476.36
1655308800000,0.624,0.63124,0.62144,0.62954,66958
1655323200000,0.62954,0.63005,0.62609,0.62901,14569.53
1655337600000,0.629,0.63101,0.62794,0.6291,24226.05
1655352000000,0.62909,0.62964,0.62326,0.62504,31892.03
1655366400000,0.62505,0.62752,0.62467,0.62471,38093.27
1655380800000,0.62473,0.63379,0.62463,0.63376,47599.24
1655395200000,0.63375,0.63952,0.633,0.63657,44160.42
1655409600000,0.63656,0.63697,0.63549,0.63576,9571.3
1655424000000,0.63577,0.63604,0.63269,0.63303,53410.62
1655438400000,0.63303,0.63473,0.63108,0.63292,40855.91
1655452800000,0.63292,0.63424,0.63203,0.6321,35635.32
1655467200000,0.6321,0.63316,0.62688,0.629,62446.91
1655481600000,0.629,0.6316,0.62869,0.63046,34035.24
1655496000000,0.63045,0.63141,0.63023,0.63093,2357.07
1655668800000,0.62947,0.63294,0.62935,0.63239,6905.1
1655683200000,0.63239,0.63297,0.63048,0.63241,28446.49
1655697600000,0.63242,0.63505,0.63212,0.63417,26069.42
1655712000000,0.63422,0.63637,0.63407,0.63574,22636.77
1655726400000,0.63574,0.63604,0.63334,0.63446,28804.59
1655740800000,0.63448,0.63454,0.63254,0.63325,6270.74
1655755200000,0.63328,0.6339,0.63244,0.63342,6249.52
1655769600000,0.63341,0.63461,0.63267,0.63453,23742.68
1655784000000,0.63453,0.63629,0.63216,0.63569,26024.02
1655798400000,0.63569,0.63631,0.63175,0.63246,29590.51
1655812800000,0.63248,0.63529,0.63217,0.63442,35399.26
1655827200000,0.6344,0.63447,0.63267,0.63282,23972.37
1655841600000,0.63281,0.63335,0.63122,0.63133,9348.68
1655856000000,0.63142,0.63172,0.62693,0.62701,22388.9
1655870400000,0.627,0.62744,0.62443,0.62578,27424.09
1655884800000,0.62583,0.62685,0.62435,0.62474,31756.09
1655899200000,0.62476,0.63046,0.62447,0.62903,57728.23
1655913600000,0.62904,0.63008,0.62814,0.62868,25265.95
1655928000000,0.6287,0.62891,0.62677,0.62703,6792.68
1655942400000,0.62701,0.62803,0.62533,0.62584,35404.47
1655956800000,0.62586,0.62718,0.62472,0.62537,30235.81
1655971200000,0.62536,0.62738,0.62481,0.62716,27699.52
1655985600000,0.62718,0.63099,0.62696,0.62789,53033.36
1656000000000,0.6279,0.62891,0.62614,0.62856,29228.44
1656014400000,0.62856,0.62893,0.62632,0.62835,6421.29
1656028800000,0.62834,0.6298,0.62758,0.62919,30107.55
1656043200000,0.6292,0.63086,0.62902,0.62942,28390.72
1656057600000,0.62944,0.63131,0.62842,0.62882,27501.41
1656072000000,0.62883,0.6327,0.62848,0.63173,52477.7
1656086400000,0.63172,0.63238,0.63108,0.63238,25592.48
1656100800000,0.63237,0.63238,0.63122,0.63123,2565.71
1656273600000,0.62969,0.63263,0.62968,0.63131,7092.61
1656288000000,0.6313,0.63171,0.62967,0.63065,37937.9
1656302400000,0.63064,0.63218,0.62998,0.63133,32463.92
1656316800000,0.63132,0.63244,0.62939,0.62952,33763.35
1656331200000,0.62952,0.6324,0.62815,0.63154,47144.68
1656345600000,0.63153,0.63169,0.62901,0.62918,28282.05
1656360000000,0.62919,0.63025,0.62912,0.62919,4942.85
1656374400000,0.62919,0.63069,0.62885,0.63004,28351.19
1656388800000,0.63003,0.63129,0.62815,0.62895,36426.71
1656403200000,0.62894,0.63042,0.62699,0.62753,23570.36
1656417600000,0.62756,0.62789,0.62448,0.6253,45803.32
1656432000000,0.6253,0.62604,0.62369,0.62436,36284.27
1656446400000,0.62436,0.6245,0.62342,0.62351,7429.99
1656460800000,0.62349,0.62541,0.62335,0.625,28496.02
1656475200000,0.62501,0.62594,0.62316,0.62373,37691.08
1656489600000,0.6237,0.62457,0.62079,0.6235,31079.53
1656504000000,0.62349,0.62381,0.62045,0.62239,51817.07
1656518400000,0.62236,0.6228,0.6211,0.62199,28438.99
1656532800000,0.62199,0.62271,0.62155,0.62222,8951.64
1656547200000,0.62221,0.62281,0.61977,0.62179,27902.24
1656561600000,0.62179,0.62303,0.62037,0.62224,30108.67
1656576000000,0.62225,0.62361,0.62026,0.6217,34108.88
1656590400000,0.62169,0.62486,0.62029,0.62442,46748.23
1656604800000,0.62443,0.6254,0.62379,0.62459,35344.15
1656619200000,0.62459,0.62465,0.62284,0.62386,8474.42
1656633600000,0.62384,0.62461,0.61775,0.61833,34041.3
1656648000000,0.61832,0.61937,0.61694,0.6171,35781.15
1656662400000,0.61709,0.61828,0.61568,0.61617,31600.33
1656676800000,0.61617,0.61961,0.61473,0.61856,62042.1
1656691200000,0.61857,0.62204,0.61832,0.62083,27258.98
1656705600000,0.62085,0.62089,0.61996,0.62008,2646.54
1656878400000,0.61793,0.62148,0.61793,0.6206,5747.93
1656892800000,0.62055,0.62171,0.6195,0.62005,27349.77
1656907200000,0.62006,0.62417,0.61989,0.62354,20089.55
1656921600000,0.62355,0.62514,0.62243,0.62424,25446.57
1656936000000,0.62422,0.62443,0.62049,0.62153,20637.78
1656950400000,0.62153,0.62173,0.62008,0.62056,9969.83
1656964800000,0.62058,0.62184,0.61902,0.62131,7008.13
1656979200000,0.6213,0.6226,0.62054,0.62088,36811.18
1656993600000,0.62087,0.62249,0.61748,0.61826,39972.88
1657008000000,0.61825,0.61825,0.6137,0.61415,42814.54
1657022400000,0.61412,0.61489,0.61241,0.61409,60735.53
1657036800000,0.6141,0.61701,0.6131,0.61694,30411.29
1657051200000,0.61694,0.61747,0.61618,0.61649,6924.47
1657065600000,0.61648,0.618,0.61613,0.61659,34754.2
1657080000000,0.61663,0.61839,0.61468,0.61788,32506.35
1657094400000,0.61789,0.61912,0.61591,0.61673,29939.77
1657108800000,0.61677,0.61912,0.61321,0.61391,64691.85
1657123200000,0.61391,0.61586,0.61313,0.61496,35109.26
1657137600000,0.61495,0.61532,0.61313,0.61484,5583.37
1657152000000,0.61483,0.61835,0.61397,0.61784,34913.66
1657166400000,0.61785,0.61948,0.61669,0.61738,28702.49
1657180800000,0.61739,0.61925,0.61667,0.61824,34172.3
1657195200000,0.61824,0.61853,0.61618,0.61691,37055.7
1657209600000,0.61693,0.61831,0.61689,0.61771,16222.83
1657224000000,0.61771,0.618,0.61689,0.61775,7499.5
1657238400000,0.61777,0.61926,0.61662,0.61698,30960.29
1657252800000,0.61699,0.61736,0.61422,0.61562,30085.87
1657267200000,0.61564,0.61727,0.61475,0.61695,26621.05
1657281600000,0.61697,0.62064,0.61313,0.61953,61500.94
1657296000000,0.61954,0.61959,0.6171,0.61836,18403.54
1657310400000,0.61837,0.61879,0.6179,0.61813,3491.46
1657483200000,0.6166,0.6192,0.61651,0.61839,8108.37
1657497600000,0.6184,0.61846,0.61629,0.61708,39306.48
1657512000000,0.61709,0.61755,0.61554,0.61623,28254.93
1657526400000,0.61621,0.6173,0.6126,0.6129,28165.73
1657540800000,0.61292,0.61358,0.60966,0.61345,52517.59
1657555200000,0.61344,0.61352,0.6107,0.6113,19011.04
1657569600000,0.6113,0.61217,0.6105,0.61184,7076.1
1657584000000,0.61183,0.61272,0.61044,0.61153,49275.34
1657598400000,0.61151,0.6119,0.60997,0.61079,34328.51
1657612800000,0.6108,0.61254,0.61,0.61177,32518.42
1657627200000,0.61176,0.61453,0.61161,0.61398,49793.05
1657641600000,0.61395,0.61447,0.61231,0.61282,14955.11
1657656000000,0.61283,0.61301,0.61188,0.61207,8184.43
1657670400000,0.61205,0.61387,0.61053,0.61284,38801.66
1657684800000,0.61285,0.61359,0.61202,0.61343,34853.8
1657699200000,0.61341,0.61535,0.61318,0.61535,27043.55
1657713600000,0.61536,0.61713,0.60805,0.61524,86168
1657728000000,0.61522,0.61612,0.61264,0.61329,35315.46
1657742400000,0.61326,0.61335,0.61051,0.61076,10903.94
1657756800000,0.61076,0.61324,0.61011,0.61284,37102.86
1657771200000,0.61286,0.61325,0.61075,0.61184,41934.76
1657785600000,0.61183,0.61206,0.60769,0.60871,43300.18
1657800000000,0.60871,0.61292,0.60601,0.61212,84317.91
1657814400000,0.61216,0.61338,0.6097,0.61213,80721.18
1657828800000,0.61213,0.61326,0.61006,0.61302,8949.38
1657843200000,0.61302,0.61432,0.61213,0.61298,46882.54
1657857600000,0.61298,0.61377,0.61177,0.61246,36598.75
1657872000000,0.61245,0.61453,0.61173,0.61378,32950.55
1657886400000,0.61379,0.61767,0.61277,0.61573,76026.89
1657900800000,0.61574,0.61643,0.61505,0.61555,17051.14
1657915200000,0.61554,0.61597,0.61515,0.61587,1855.04
1658088000000,0.61464,0.61899,0.61447,0.61884,8599.76
1658102400000,0.61882,0.62001,0.61742,0.61748,32802.35
1658116800000,0.61749,0.61814,0.61474,0.61785,28751.5
1658131200000,0.61787,0.6185,0.61639,0.61665,29980.05
1658145600000,0.61667,0.61856,0.61544,0.61715,40484.1
1658160000000,0.61715,0.61762,0.615,0.61547,26304.95
1658174400000,0.61548,0.61565,0.61442,0.6152,7649.26
1658188800000,0.61521,0.61699,0.61405,0.61675,27901.86
1658203200000,0.61675,0.62166,0.61661,0.62164,35564.55
1658217600000,0.62166,0.62378,0.6215,0.62346,33966.78
1658232000000,0.62347,0.624,0.62199,0.62274,35258.9
1658246400000,0.62273,0.62327,0.62166,0.6224,16770.69
1658260800000,0.6224,0.62406,0.62144,0.62318,9823
1658275200000,0.62321,0.62656,0.62295,0.62624,27758.42
1658289600000,0.62624,0.62715,0.62437,0.62473,35574.28
1658304000000,0.62471,0.62654,0.62346,0.62492,35889.84
1658318400000,0.62491,0.62612,0.62328,0.62369,51126.65
1658332800000,0.6237,0.62392,0.62166,0.62278,29442.96
1658347200000,0.62277,0.62327,0.62194,0.62213,11256.76
1658361600000,0.62212,0.62307,0.6214,0.62225,35777.17
1658376000000,0.62227,0.62412,0.61986,0.62032,34426.9
1658390400000,0.62033,0.62041,0.61842,0.61875,27386.26
1658404800000,0.61875,0.62285,0.61856,0.62158,69601.61
1658419200000,0.62157,0.6237,0.62065,0.62369,21977.92
1658433600000,0.62369,0.62536,0.62334,0.62425,13551.97
1658448000000,0.62425,0.62443,0.62196,0.62244,29621.61
1658462400000,0.62244,0.62398,0.62109,0.62277,32515.77
1658476800000,0.62279,0.62667,0.62267,0.62636,37057.63
1658491200000,0.62634,0.63037,0.62582,0.6272,62628.09
1658505600000,0.62718,0.62739,0.62358,0.6245,30888.56
1658520000000,0.62448,0.62537,0.62426,0.62467,2923.28
1658692800000,0.62404,0.6254,0.62315,0.62319,6278.47
1658707200000,0.6232,0.62385,0.62137,0.62327,25641.74
1658721600000,0.62325,0.62448,0.62234,0.62396,26905.1
1658736000000,0.62397,0.62791,0.6238,0.62692,34823.89
1658750400000,0.62691,0.6275,0.62491,0.62584,46438.38
1658764800000,0.62585,0.62704,0.62555,0.62677,14404.42
1658779200000,0.62676,0.6269,0.62559,0.62563,8328.76
1658793600000,0.62565,0.62797,0.62549,0.62654,20581.03
1658808000000,0.62655,0.62662,0.62527,0.62586,18472.8
1658822400000,0.62586,0.62633,0.62243,0.62356,20987.79
1658836800000,0.62354,0.62472,0.6227,0.62344,35265.47
1658851200000,0.62343,0.62392,0.62248,0.62279,12956.54
1658865600000,0.6228,0.6244,0.62229,0.62394,7648.43
1658880000000,0.62393,0.62469,0.6226,0.62284,24890.99
1658894400000,0.62284,0.62411,0.62204,0.62275,21727.44
1658908800000,0.62274,0.62438,0.62251,0.62264,29913.75
1658923200000,0.62265,0.62281,0.6195,0.61969,29368.85
1658937600000,0.61969,0.62775,0.61909,0.62636,57020.87
1658952000000,0.62635,0.62676,0.62575,0.62583,9770.99
1658966400000,0.62586,0.6274,0.62503,0.62725,26837.52
1658980800000,0.62725,0.62893,0.62647,0.62853,27262.81
1658995200000,0.62855,0.62922,0.62594,0.62694,43368.23
1659009600000,0.62693,0.62894,0.62543,0.6277,59527.86
1659024000000,0.62771,0.62901,0.62623,0.62859,18611.38
1659038400000,0.62861,0.62977,0.62846,0.6293,8611.66
1659052800000,0.62931,0.63159,0.62867,0.63104,27021.36
1659067200000,0.63104,0.63285,0.63046,0.63165,31129.72
1659081600000,0.63165,0.63165,0.62685,0.62728,28138.36
1659096000000,0.62728,0.62777,0.62172,0.62763,53708.54
1659110400000,0.62764,0.62958,0.62625,0.62885,23757.52
1659124800000,0.62884,0.62958,0.62836,0.62836,2207.6
1659297600000,0.62588,0.62863,0.62588,0.6277,10589.9
1659312000000,0.6277,0.63021,0.6277,0.62908,34992.79
1659326400000,0.62909,0.6315,0.62893,0.63137,29578.69
1659340800000,0.63137,0.63373,0.6312,0.63324,29039.93
1659355200000,0.63324,0.6352,0.6322,0.6344,58511.14
1659369600000,0.6344,0.63476,0.63224,0.63331,26727.96
1659384000000,0.63332,0.63374,0.63249,0.63317,9897.91
1659398400000,0.6332,0.63428,0.63215,0.63277,44119.36
1659412800000,0.63279,0.63378,0.62782,0.62831,45178.45
1659427200000,0.6283,0.63014,0.62732,0.6292,31349.71
1659441600000,0.62923,0.62969,0.62697,0.62812,69578.69
1659456000000,0.62812,0.62942,0.62547,0.62565,39281.58
1659470400000,0.62565,0.62575,0.62188,0.62197,17825.46
1659484800000,0.62194,0.6261,0.62121,0.62598,41080.4
1659499200000,0.62597,0.627,0.62502,0.62562,40754.49
1659513600000,0.62565,0.62724,0.6244,0.62659,33735.3
1659528000000,0.62659,0.62685,0.62201,0.62492,60563.69
1659542400000,0.62491,0.62807,0.62428,0.62744,35523.07
1659556800000,0.62744,0.62773,0.62422,0.62667,11692.3
1659571200000,0.62666,0.62948,0.62652,0.62909,27124.74
1659585600000,0.62908,0.63064,0.62851,0.63003,25879.75
1659600000000,0.63003,0.63145,0.62866,0.62915,28989.82
1659614400000,0.62914,0.63037,0.62755,0.62944,49912.56
1659628800000,0.62945,0.6312,0.62934,0.63062,27312.63
1659643200000,0.63062,0.63068,0.62928,0.62956,12185.01
1659657600000,0.62955,0.6298,0.6283,0.62885,23748.68
1659672000000,0.62883,0.63089,0.62882,0.62978,19049.04
1659686400000,0.62977,0.62985,0.62835,0.6295,15727.42
1659700800000,0.62951,0.62992,0.62118,0.62372,64270.31
1659715200000,0.62373,0.62527,0.62333,0.62406,34417.95
1659729600000,0.62406,0.62442,0.62356,0.62374,2281.68
1659902400000,0.62415,0.62461,0.62338,0.62387,8966.12
1659916800000,0.62389,0.62586,0.62295,0.62413,28359.98
1659931200000,0.62412,0.62695,0.62343,0.62684,25691.47
1659945600000,0.62682,0.62889,0.62542,0.62888,20097.85
1659960000000,0.62888,0.63038,0.62827,0.62865,27973.48
1659974400000,0.62863,0.62899,0.62782,0.62839,20706.25
1659988800000,0.62839,0.62927,0.62774,0.62889,7551.23
1660003200000,0.62892,0.62893,0.62724,0.62852,23623.73
1660017600000,0.62852,0.62858,0.62703,0.62824,20510.97
1660032000000,0.62825,0.63025,0.62738,0.62738,21555.57
1660046400000,0.62738,0.62903,0.62732,0.62858,26990.83
1660060800000,0.62857,0.62865,0.62696,0.6282,13377.92
1660075200000,0.6282,0.62891,0.62745,0.62844,9170.76
1660089600000,0.62842,0.62946,0.62746,0.62899,21089.63
1660104000000,0.62901,0.62968,0.62791,0.62964,17364.01
1660118400000,0.62964,0.63234,0.62924,0.63228,17585.5
1660132800000,0.63228,0.64301,0.63051,0.64238,69163.84
1660147200000,0.64238,0.64337,0.64017,0.64042,27854.37
1660161600000,0.64043,0.64103,0.63945,0.64045,12950.56
1660176000000,0.64045,0.64122,0.63837,0.63907,37500.79
1660190400000,0.63908,0.64267,0.63854,0.64227,44765.18
1660204800000,0.64227,0.64442,0.64115,0.6436,37927.72
1660219200000,0.6436,0.64622,0.64307,0.6441,73266.16
1660233600000,0.6441,0.64456,0.64111,0.64242,45596.35
1660248000000,0.64242,0.64372,0.64241,0.64323,8822.93
1660262400000,0.64322,0.64549,0.64247,0.64548,31096.39
1660276800000,0.64547,0.6468,0.64477,0.64544,26979.77
1660291200000,0.64542,0.64543,0.64219,0.64262,21379.79
1660305600000,0.64261,0.64502,0.64238,0.64356,49219.77
1660320000000,0.64355,0.6459,0.64354,0.64532,16638.8
1660334400000,0.64531,0.64573,0.64418,0.64421,3239.28
1660507200000,0.64409,0.64555,0.64376,0.64471,5431.72
1660521600000,0.64473,0.64528,0.6424,0.6431,27029.88
1660536000000,0.6431,0.64314,0.63876,0.63885,24791.6
1660550400000,0.63884,0.63922,0.63551,0.63678,20554.43
1660564800000,0.63679,0.6385,0.6356,0.63804,37875.74
1660579200000,0.63806,0.63808,0.63574,0.6364,13747.31
1660593600000,0.6364,0.63677,0.63564,0.63604,10150.43
1660608000000,0.63605,0.63699,0.63476,0.63629,26873.55
1660622400000,0.63629,0.63638,0.63245,0.6343,25694.58
1660636800000,0.6343,0.63476,0.6318,0.63195,25610.11
1660651200000,0.63195,0.63434,0.6316,0.63347,38621.12
1660665600000,0.63346,0.6349,0.63292,0.63449,17256.5
1660680000000,0.63448,0.63485,0.63387,0.63419,10006.84
1660694400000,0.63409,0.63827,0.63253,0.63424,46365.09
1660708800000,0.63425,0.63636,0.63136,0.63174,36016.45
1660723200000,0.63175,0.63215,0.62815,0.62884,30012.04
1660737600000,0.6289,0.62964,0.62577,0.62597,48893.77
1660752000000,0.62598,0.63056,0.62595,0.62813,50262.21
1660766400000,0.62816,0.62874,0.62728,0.62754,12462.25
1660780800000,0.62756,0.62859,0.62648,0.62688,25380.76
1660795200000,0.62687,0.62832,0.62468,0.62556,25487.31
1660809600000,0.62554,0.6305,0.62537,0.63037,26284.37
1660824000000,0.63036,0.63124,0.62653,0.62656,46630.03
1660838400000,0.62656,0.6268,0.62366,0.62592,31765.48
1660852800000,0.62591,0.62601,0.6242,0.6242,8477.5
1660867200000,0.6242,0.62476,0.62258,0.62407,23207.91
1660881600000,0.62408,0.62438,0.62264,0.62292,25492.64
1660896000000,0.62292,0.62315,0.61972,0.62044,29845.23
1660910400000,0.62044,0.62148,0.61702,0.61755,44499.79
1660924800000,0.61756,0.61849,0.61651,0.61722,24792.65
1660939200000,0.61722,0.61753,0.61674,0.61674,2820.39
1661112000000,0.61744,0.61811,0.61665,0.61735,10299.35
1661126400000,0.61737,0.62057,0.61703,0.62025,37354.46
1661140800000,0.62026,0.62073,0.61887,0.61896,33741.65
1661155200000,0.61897,0.62142,0.6185,0.62023,30193.95
1661169600000,0.62023,0.6205,0.61565,0.61628,42823.94
1661184000000,0.61628,0.6177,0.61584,0.61715,20631.68
1661198400000,0.61716,0.61813,0.61651,0.61753,13471.85
1661212800000,0.61754,0.61933,0.61727,0.61908,54021.9
1661227200000,0.61909,0.61924,0.6159,0.61807,60183.03
1661241600000,0.61808,0.61947,0.61691,0.61752,30207.85
1661256000000,0.61751,0.62441,0.61637,0.62242,71040.6
1661270400000,0.62245,0.62283,0.6204,0.62109,27806.43
1661284800000,0.6211,0.62181,0.62029,0.62054,10847.78
1661299200000,0.62053,0.6209,0.6178,0.61858,26130.09
1661313600000,0.61858,0.61994,0.61819,0.61988,24805.33
1661328000000,0.61989,0.62079,0.61703,0.61791,26563.33
1661342400000,0.61795,0.62007,0.61623,0.61882,58253
1661356800000,0.61882,0.6193,0.61763,0.61879,23207.82
1661371200000,0.61878,0.61914,0.6179,0.61794,9018.96
1661385600000,0.61794,0.62114,0.61757,0.6211,28119.33
1661400000000,0.6211,0.62395,0.62085,0.62331,29985.1
1661414400000,0.6233,0.62506,0.62278,0.62345,27291.38
1661428800000,0.62348,0.62355,0.62099,0.62138,47071.04
1661443200000,0.62138,0.62274,0.62067,0.62249,23205.26
1661457600000,0.6225,0.623,0.62137,0.62147,8119.76
1661472000000,0.62146,0.62163,0.61955,0.62046,19760.94
1661486400000,0.62046,0.62049,0.61872,0.61948,22667.82
1661500800000,0.61947,0.6216,0.61857,0.62058,20066.98
1661515200000,0.62058,0.62318,0.61552,0.61581,82186.86
1661529600000,0.61581,0.61596,0.61335,0.61353,35157.07
1661544000000,0.61353,0.61397,0.61316,0.61332,3392.79
1661716800000,0.61219,0.61324,0.6107,0.61071,7854.07
1661731200000,0.6107,0.61305,0.61017,0.61148,38810
1661745600000,0.61151,0.61168,0.61014,0.61095,41933.03
1661760000000,0.61095,0.61256,0.61023,0.61245,38159.22
1661774400000,0.61245,0.61668,0.61208,0.61571,54743.4
1661788800000,0.61573,0.61661,0.6147,0.61527,28977
1661803200000,0.61528,0.61621,0.61478,0.61568,10100.76
1661817600000,0.61569,0.61663,0.613,0.61447,32502.18
1661832000000,0.61446,0.61671,0.61383,0.61631,35591.16
1661846400000,0.61632,0.61938,0.61621,0.61757,31851.89
1661860800000,0.61762,0.61773,0.61228,0.61383,64837.94
1661875200000,0.61384,0.61484,0.61256,0.61332,39196.25
1661889600000,0.61335,0.6134,0.61192,0.61287,9212.78
1661904000000,0.61286,0.61444,0.61266,0.61431,37732.4
1661918400000,0.61431,0.61541,0.61371,0.61374,42422.43
1661932800000,0.61372,0.61417,0.61102,0.61249,38469.53
1661947200000,0.61248,0.61438,0.61156,0.61336,79448.25
1661961600000,0.61338,0.61364,0.61156,0.61173,30163.19
1661976000000,0.61173,0.61218,0.61065,0.61096,13053.59
1661990400000,0.61098,0.61101,0.60835,0.60895,34896.54
1662004800000,0.60894,0.61099,0.60753,0.61071,35505.79
1662019200000,0.61071,0.61159,0.60876,0.61079,32343.38
1662033600000,0.61081,0.61102,0.606,0.60657,58414.79
1662048000000,0.60658,0.60792,0.6062,0.60758,26471.67
1662062400000,0.60758,0.60852,0.6072,0.60831,7662.1
1662076800000,0.60829,0.60884,0.60597,0.60647,23846.93
1662091200000,0.60647,0.60805,0.60497,0.60765,26861.88
1662105600000,0.60769,0.60997,0.6075,0.60957,23666.88
1662120000000,0.60956,0.61404,0.60874,0.61323,71145.35
1662134400000,0.61324,0.61335,0.60929,0.61081,38004.33
1662148800000,0.6108,0.6115,0.61014,0.61014,2854.06
1662321600000,0.60782,0.60922,0.60747,0.60832,9656.84
1662336000000,0.60832,0.60992,0.6077,0.609,34255.37
1662350400000,0.60899,0.61002,0.60797,0.60818,28720.82
1662364800000,0.60818,0.61048,0.60805,0.60947,19740.9
1662379200000,0.60948,0.60978,0.6086,0.60964,20017.76
1662393600000,0.60964,0.60978,0.60912,0.60915,7636.39
1662408000000,0.60916,0.61076,0.60673,0.61034,8053.46
1662422400000,0.61034,0.6128,0.60978,0.61025,37891.57
1662436800000,0.61026,0.61096,0.60798,0.60904,41528.45
1662451200000,0.60904,0.60924,0.60664,0.60836,27287.56
1662465600000,0.60837,0.60874,0.60348,0.60511,72029.17
1662480000000,0.6051,0.60527,0.60346,0.60381,35003.49
1662494400000,0.6038,0.60432,0.60293,0.60318,10528.19
1662508800000,0.60318,0.60347,0.59964,0.59994,41441.6
1662523200000,0.59992,0.60322,0.59959,0.6029,35368.6
1662537600000,0.6029,0.60395,0.60043,0.60048,35354.76
1662552000000,0.6005,0.60391,0.60027,0.6032,48013.8
1662566400000,0.60319,0.60752,0.60293,0.60749,26613.95
1662580800000,0.60749,0.60784,0.60606,0.60621,10615.09
1662595200000,0.60622,0.60647,0.60357,0.60421,30381.69
1662609600000,0.60422,0.60696,0.60401,0.60415,30512.35
1662624000000,0.60418,0.60771,0.60325,0.60733,26525.19
1662638400000,0.60737,0.60763,0.60307,0.60439,70699.38
1662652800000,0.60437,0.60656,0.6031,0.60516,31373.07
1662667200000,0.60516,0.60696,0.60394,0.6069,5970.82
1662681600000,0.6069,0.61074,0.60663,0.61041,22569.37
1662696000000,0.6104,0.61301,0.60952,0.61286,32950.46
1662710400000,0.61285,0.61518,0.60961,0.60984,34499.06
1662724800000,0.60985,0.61222,0.6095,0.61125,49773.53
1662739200000,0.61124,0.61133,0.60984,0.61054,15747.69
1662753600000,0.61054,0.61069,0.60998,0.61017,2486.74
1662926400000,0.60843,0.61165,0.608,0.61113,7539.2
1662940800000,0.61113,0.61208,0.60977,0.6104,20782.27
1662955200000,0.6104,0.61517,0.60966,0.61466,30615.47
1662969600000,0.61466,0.6155,0.61313,0.6147,36706.75
1662984000000,0.6147,0.6157,0.61351,0.61495,57566.54
1662998400000,0.61495,0.61571,0.6131,0.61345,27695.76
1663012800000,0.61346,0.6146,0.61326,0.61448,5537.01
1663027200000,0.61447,0.61504,0.61269,0.6129,20485.85
1663041600000,0.61289,0.6139,0.61235,0.61388,21235.9
1663056000000,0.61388,0.61607,0.61352,0.6149,21480.15
1663070400000,0.6149,0.61505,0.60099,0.60107,76666.33
1663084800000,0.60107,0.60192,0.5986,0.59923,26757.64
1663099200000,0.59924,0.60043,0.59873,0.60011,14789.47
1663113600000,0.60011,0.60091,0.5993,0.59944,29143.76
1663128000000,0.59945,0.60112,0.59758,0.59967,38691.1
1663142400000,0.59967,0.60097,0.598,0.59816,35498.65
1663156800000,0.59815,0.60243,0.59815,0.60118,62754.12
1663171200000,0.60122,0.60201,0.59944,0.60028,18801.09
1663185600000,0.60027,0.60251,0.59896,0.60168,8806.05
1663200000000,0.60165,0.60199,0.59993,0.60064,18512.52
1663214400000,0.6006,0.60108,0.59964,0.60091,19855.75
1663228800000,0.60091,0.6011,0.59791,0.59889,24563.74
1663243200000,0.59888,0.60139,0.59739,0.59739,57087.39
1663257600000,0.59737,0.59906,0.59633,0.59677,21925.34
1663272000000,0.59677,0.59698,0.59545,0.59555,7206.82
1663286400000,0.59553,0.59796,0.59546,0.59742,19054.41
1663300800000,0.59741,0.59845,0.594,0.59506,25590.96
1663315200000,0.59506,0.59662,0.59459,0.5962,25571.47
1663329600000,0.59623,0.5982,0.59444,0.59762,55654.6
1663344000000,0.59762,0.59923,0.59677,0.59907,26540.6
1663358400000,0.59906,0.59969,0.59837,0.59969,3524.88
1663531200000,0.59865,0.60014,0.59776,0.59936,9652.94
1663545600000,0.59936,0.59993,0.5963,0.5971,18915.29
1663560000000,0.59709,0.59745,0.59485,0.59518,19823.28
1663574400000,0.59519,0.59581,0.594,0.59408,21383.79
1663588800000,0.59411,0.59503,0.59286,0.59346,40220.33
1663603200000,0.59345,0.59619,0.59342,0.59605,38343.85
1663617600000,0.59605,0.59661,0.59542,0.59636,11757.58
1663632000000,0.59636,0.5975,0.59338,0.59475,23216.41
1663646400000,0.59478,0.59489,0.59215,0.59392,22160.6
1663660800000,0.5939,0.59393,0.59,0.59021,26020.1
1663675200000,0.59023,0.59091,0.58856,0.59069,45585.17
1663689600000,0.59071,0.59082,0.58847,0.58985,22661.6
1663704000000,0.58985,0.59028,0.58863,0.59025,10273.04
1663718400000,0.59024,0.59054,0.58868,0.58933,25073.09
1663732800000,0.58934,0.58944,0.5875,0.58888,43864.8
1663747200000,0.5889,0.58963,0.58773,0.58794,24453.01
1663761600000,0.58794,0.58895,0.58714,0.58827,53302.01
1663776000000,0.58825,0.59105,0.58414,0.58577,81914.65
1663790400000,0.58576,0.58576,0.58269,0.58291,16273.99
1663804800000,0.58293,0.58326,0.58098,0.58169,58652.55
1663819200000,0.58171,0.58327,0.58034,0.58314,48682.38
1663833600000,0.58315,0.58872,0.58291,0.58623,66814.46
1663848000000,0.58624,0.58845,0.58318,0.58428,78035.72
1663862400000,0.58428,0.58517,0.58367,0.58461,57449.81
1663876800000,0.58461,0.58492,0.58347,0.58453,10857.94
1663891200000,0.58453,0.58557,0.58244,0.58277,22696.29
1663905600000,0.58279,0.58394,0.58174,0.58185,32482.18
1663920000000,0.58184,0.58215,0.57692,0.57883,50281.35
1663934400000,0.57883,0.58117,0.57545,0.57617,71929.04
1663948800000,0.57616,0.57649,0.57293,0.57497,54764.23
1663963200000,0.575,0.57516,0.57372,0.57389,5739.11
1664136000000,0.57469,0.57501,0.5728,0.57393,20307.67
1664150400000,0.57393,0.57467,0.56928,0.5716,70264.86
1664164800000,0.57159,0.57544,0.57074,0.57247,63212.36
1664179200000,0.57251,0.57442,0.57071,0.57083,48588.13
1664193600000,0.57085,0.57371,0.56577,0.56634,82741.09
1664208000000,0.56634,0.56645,0.56244,0.56406,66262.73
1664222400000,0.56406,0.56651,0.56265,0.56639,20813.78
1664236800000,0.56639,0.56919,0.56609,0.56759,44040.33
1664251200000,0.56759,0.57212,0.56756,0.5701,41670.32
1664265600000,0.57007,0.57111,0.56877,0.56995,43148.16
1664280000000,0.56996,0.57019,0.56383,0.56475,81549.86
1664294400000,0.56475,0.56488,0.56242,0.56314,45922.48
1664308800000,0.56313,0.56397,0.5619,0.56294,12085.48
1664323200000,0.56295,0.56324,0.55644,0.55896,73564.59
1664337600000,0.55896,0.56057,0.5569,0.55968,61879.06
1664352000000,0.55968,0.5653,0.55738,0.56123,76324.4
1664366400000,0.56125,0.57025,0.56122,0.57014,108669.27
1664380800000,0.57014,0.57325,0.56931,0.57218,58756.62
1664395200000,0.57216,0.5733,0.57099,0.57143,16636.6
1664409600000,0.57144,0.57197,0.56714,0.56875,46560.92
1664424000000,0.56874,0.56943,0.56476,0.56599,57478.86
1664438400000,0.56601,0.57177,0.56532,0.57039,60190.86
1664452800000,0.57039,0.57116,0.56575,0.57056,88325.88
1664467200000,0.57055,0.57221,0.56838,0.57192,38856.28
1664481600000,0.57191,0.57501,0.57127,0.57403,18096.6
1664496000000,0.57404,0.57419,0.57062,0.57163,56403.42
1664510400000,0.57163,0.57303,0.57022,0.57223,66558.37
1664524800000,0.57229,0.57369,0.5673,0.56779,64814.74
1664539200000,0.56779,0.56965,0.56391,0.56406,98487.94
1664553600000,0.56406,0.56421,0.55906,0.55953,44736.93
1664568000000,0.55953,0.56141,0.55902,0.55934,6755.83
1664740800000,0.55931,0.56244,0.55931,0.56192,14431.56
1664755200000,0.56193,0.56483,0.56136,0.56292,35329.72
1664769600000,0.5629,0.5664,0.5621,0.56537,54382.19
1664784000000,0.56535,0.56629,0.56426,0.56627,40701.53
1664798400000,0.56628,0.57303,0.5653,0.5708,77549.48
1664812800000,0.57081,0.57244,0.57044,0.57172,40428.46
1664827200000,0.57171,0.57266,0.5712,0.57194,12131.91
1664841600000,0.57195,0.57235,0.56794,0.57181,40912.53
1664856000000,0.57181,0.57578,0.56892,0.57405,59788.66
1664870400000,0.57403,0.57501,0.56918,0.56978,39865.81
1664884800000,0.56982,0.57479,0.56797,0.57381,62144.02
1664899200000,0.57381,0.57516,0.571,0.57327,37380.24
1664913600000,0.57324,0.57373,0.56951,0.57358,12129.86
1664928000000,0.57361,0.58048,0.57192,0.57446,66152.07
1664942400000,0.57446,0.57743,0.57239,0.57282,33606.43
1664956800000,0.57282,0.57398,0.56834,0.56865,30032.02
1664971200000,0.56866,0.57067,0.56598,0.57024,61691.98
1664985600000,0.57024,0.57538,0.56957,0.57389,40574.63
1665000000000,0.5739,0.57783,0.57237,0.57754,15462.63
1665014400000,0.57753,0.58132,0.57647,0.57958,42338.65
1665028800000,0.57959,0.58013,0.57528,0.5753,41702.38
1665043200000,0.57527,0.57606,0.56975,0.57092,39467.47
1665057600000,0.57091,0.57264,0.56568,0.56574,76337.49
1665072000000,0.56573,0.56675,0.56395,0.56536,56507.52
1665086400000,0.56535,0.56657,0.56523,0.56595,15096.93
1665100800000,0.56595,0.5673,0.56521,0.56623,32834.01
1665115200000,0.56628,0.56664,0.56264,0.56429,36012.34
1665129600000,0.56427,0.56641,0.56413,0.56518,28221.96
1665144000000,0.5652,0.56588,0.56066,0.56266,88394
1665158400000,0.56267,0.56282,0.55974,0.56054,43827.89
1665172800000,0.56055,0.56075,0.55974,0.55974,3945.57
1665345600000,0.55951,0.56068,0.55913,0.56059,12060.63
1665360000000,0.56059,0.56288,0.56007,0.56098,38789.29
1665374400000,0.56098,0.56189,0.55809,0.55835,34522.69
1665388800000,0.55834,0.56039,0.5573,0.55854,40025.85
1665403200000,0.55853,0.56004,0.55437,0.55581,59578.62
1665417600000,0.55581,0.55705,0.55452,0.55649,45111.94
1665432000000,0.5565,0.55727,0.55605,0.55719,15071.48
1665446400000,0.5572,0.55842,0.55404,0.55482,44325.63
1665460800000,0.5548,0.55791,0.55351,0.55615,48691.51
1665475200000,0.55614,0.56165,0.5559,0.56118,45568.18
1665489600000,0.56118,0.56432,0.55759,0.56402,73840.95
1665504000000,0.56403,0.56562,0.55738,0.55889,67243.41
1665518400000,0.5589,0.55909,0.55696,0.55817,12415.85
1665532800000,0.55817,0.55868,0.55594,0.5577,55702.35
1665547200000,0.5577,0.56159,0.55741,0.5593,78769.32
1665561600000,0.55929,0.56092,0.55843,0.55869,47120.31
1665576000000,0.55873,0.56132,0.55711,0.56042,75524.55
1665590400000,0.56042,0.56318,0.55959,0.56056,54686.83
1665604800000,0.56056,0.56146,0.55908,0.56089,6802.94
1665619200000,0.56086,0.56202,0.5602,0.56078,21550.26
1665633600000,0.56079,0.56163,0.55943,0.5609,25037.02
1665648000000,0.56089,0.56392,0.5604,0.56279,38191.57
1665662400000,0.56279,0.5635,0.55118,0.56193,104501.18
1665676800000,0.56194,0.56541,0.56101,0.56361,45071.28
1665691200000,0.56361,0.56443,0.56222,0.56346,7878.22
1665705600000,0.56347,0.56794,0.56323,0.56668,36767.86
1665720000000,0.56669,0.56811,0.56472,0.5659,37735.27
1665734400000,0.5658,0.5659,0.56144,0.56206,43258.8
1665748800000,0.56207,0.56575,0.55624,0.55673,83415.82
1665763200000,0.55671,0.55807,0.55495,0.55608,73204.3
1665777600000,0.5561,0.55628,0.55519,0.5558,4874.43
1665950400000,0.55624,0.5576,0.55586,0.55747,12562.98
1665964800000,0.55749,0.55886,0.55504,0.55822,29392.06
1665979200000,0.55822,0.56029,0.55732,0.55973,34073.14
1665993600000,0.55971,0.56141,0.558,0.56009,35879.58
1666008000000,0.5601,0.56479,0.55934,0.56439,47151.23
1666022400000,0.5644,0.5649,0.56233,0.56254,26337.13
1666036800000,0.56253,0.56641,0.56181,0.56557,10048.9
1666051200000,0.56557,0.56773,0.56452,0.56755,33575.42
1666065600000,0.56755,0.57037,0.567,0.56945,41952.79
1666080000000,0.56946,0.56957,0.56549,0.56933,35574.82
1666094400000,0.56909,0.57189,0.56532,0.5655,42465.88
1666108800000,0.5662,0.56861,0.56584,0.56807,42265.1
1666123200000,0.56808,0.57033,0.56771,0.56923,10610.89
1666137600000,0.56923,0.57068,0.5689,0.56968,25782.7
1666152000000,0.56968,0.57003,0.56679,0.56857,28609.28
1666166400000,0.56857,0.57018,0.56617,0.56666,32627.35
1666180800000,0.56666,0.56953,0.56556,0.56682,42442.03
1666195200000,0.56681,0.56711,0.56491,0.56685,25931.15
1666209600000,0.56685,0.56733,0.56576,0.56608,8369.96
1666224000000,0.56608,0.56696,0.56223,0.56261,31943.62
1666238400000,0.5626,0.56648,0.56252,0.56601,46924.55
1666252800000,0.56602,0.57143,0.56513,0.5703,32752.75
1666267200000,0.57027,0.57413,0.56817,0.57198,56207.8
1666281600000,0.57197,0.57205,0.56651,0.5675,40276.11
1666296000000,0.56749,0.56796,0.56632,0.56676,10714.39
1666310400000,0.56677,0.56701,0.56527,0.56546,26665.13
1666324800000,0.56545,0.56713,0.56452,0.56614,26934.1
1666339200000,0.56612,0.56625,0.5631,0.56312,26339.9
1666353600000,0.56311,0.57542,0.55989,0.57513,118404.12
1666368000000,0.57513,0.57701,0.57227,0.57656,63027.39
1666382400000,0.57656,0.57672,0.57541,0.57593,4219.83
1666555200000,0.57631,0.57916,0.57418,0.57603,42462.36
1666569600000,0.57603,0.57669,0.57239,0.57283,60961.12
1666584000000,0.57284,0.57455,0.57132,0.57167,44068.24
1666598400000,0.57169,0.57191,0.56697,0.5682,48254.78
1666612800000,0.5682,0.57037,0.56563,0.56895,73753.25
1666627200000,0.56894,0.56954,0.56749,0.56913,22383.27
1666641600000,0.56912,0.5709,0.56646,0.57027,15285.12
1666656000000,0.57029,0.57225,0.56917,0.57163,50918.87
1666670400000,0.57161,0.57194,0.56978,0.57057,27364.49
1666684800000,0.5706,0.57123,0.56716,0.56908,30994.98
1666699200000,0.56907,0.57792,0.56861,0.576,61719.91
1666713600000,0.576,0.57631,0.57409,0.57585,30655.28
1666728000000,0.57584,0.57585,0.57349,0.57405,18385.25
1666742400000,0.57406,0.57514,0.57247,0.57508,38988.16
1666756800000,0.57507,0.58077,0.57399,0.58036,38919.29
1666771200000,0.58037,0.58167,0.57874,0.58058,45459.48
1666785600000,0.58058,0.58425,0.57865,0.58319,72205.33
1666800000000,0.58318,0.58447,0.58164,0.58298,31297.61
1666814400000,0.58299,0.58408,0.58188,0.58405,23960.97
1666828800000,0.58404,0.58505,0.58237,0.58403,33106.06
1666843200000,0.58402,0.58697,0.58327,0.58397,34651.58
1666857600000,0.58397,0.58471,0.57944,0.58006,35391.73
1666872000000,0.58007,0.58666,0.57875,0.58439,99031.45
1666886400000,0.5844,0.58612,0.58278,0.58375,30376.16
1666900800000,0.58375,0.58393,0.58208,0.58267,23235.25
1666915200000,0.58269,0.58728,0.5813,0.58654,39484.97
1666929600000,0.58654,0.58702,0.58069,0.58087,42857.67
1666944000000,0.58092,0.58141,0.57823,0.5802,33063.05
1666958400000,0.58018,0.58273,0.57856,0.57913,67080.16
1666972800000,0.57913,0.58138,0.57875,0.58129,16454.28
1666987200000,0.58129,0.58157,0.57914,0.58116,4099.81
1667160000000,0.57807,0.58087,0.57807,0.58003,14007.7
1667174400000,0.58002,0.58241,0.5796,0.5821,22659.02
1667188800000,0.58209,0.58347,0.58141,0.5818,18878.9
1667203200000,0.5818,0.58193,0.57867,0.57957,26010.97
1667217600000,0.57957,0.58096,0.57744,0.58089,43913.79
1667232000000,0.58088,0.58195,0.58024,0.58135,28533.18
1667246400000,0.58135,0.58267,0.58,0.58238,8574.1
1667260800000,0.58241,0.58572,0.58181,0.58453,33505.24
1667275200000,0.58454,0.58771,0.58426,0.58616,39424.98
1667289600000,0.58618,0.58912,0.58581,0.58799,30230.53
1667304000000,0.58802,0.5902,0.58245,0.58404,66028.45
1667318400000,0.58406,0.58699,0.58314,0.58405,30830.09
1667332800000,0.58402,0.58471,0.58287,0.58459,13328.29
1667347200000,0.58459,0.58731,0.58375,0.58672,32751.45
1667361600000,0.58674,0.58749,0.58572,0.58739,25310.03
1667376000000,0.58739,0.58909,0.58708,0.58797,20779.54
1667390400000,0.58798,0.58876,0.58558,0.58615,37147.2
1667404800000,0.58615,0.59413,0.58122,0.58274,65234.37
1667419200000,0.58273,0.58291,0.58014,0.58118,14050.25
1667433600000,0.58118,0.58372,0.57985,0.58344,29075.19
1667448000000,0.58344,0.58379,0.57827,0.57956,29017.04
1667462400000,0.57955,0.57966,0.5747,0.57513,40955.06
1667476800000,0.57514,0.57998,0.57401,0.57772,70322.35
1667491200000,0.57769,0.57862,0.57685,0.57772,24865.57
1667505600000,0.57773,0.57785,0.57446,0.57671,8851.1
1667520000000,0.57671,0.58048,0.57563,0.58043,28239.71
1667534400000,0.58042,0.5831,0.58002,0.5803,30936.69
1667548800000,0.58029,0.5846,0.58028,0.58356,31630.57
1667563200000,0.58358,0.5918,0.57978,0.58886,91864.78
1667577600000,0.58887,0.5936,0.58792,0.59309,46646.08
1667592000000,0.59307,0.59332,0.59246,0.59271,7350.74
1667764800000,0.58662,0.58944,0.58476,0.58925,9487
1667779200000,0.58925,0.59094,0.58734,0.58946,30997.83
1667793600000,0.58944,0.59079,0.58721,0.5876,22653.16
1667808000000,0.58761,0.59302,0.58728,0.59177,34213.34
1667822400000,0.59176,0.59451,0.59092,0.59269,49305.86
1667836800000,0.59268,0.59405,0.59133,0.59348,29835.8
1667851200000,0.59347,0.59434,0.5926,0.59381,14079.29
1667865600000,0.59381,0.59515,0.59299,0.59343,20994.84
1667880000000,0.59344,0.59377,0.58982,0.59069,23674.21
1667894400000,0.59072,0.59393,0.59051,0.59309,26594.65
1667908800000,0.59308,0.59896,0.59195,0.59828,42998.81
1667923200000,0.59829,0.59993,0.59425,0.59574,29734.72
1667937600000,0.59574,0.5969,0.59459,0.59615,15146.13
1667952000000,0.59617,0.5962,0.59357,0.59438,28726.27
1667966400000,0.59439,0.59479,0.59269,0.59377,21862.6
1667980800000,0.59376,0.59553,0.58907,0.59025,39795.99
1667995200000,0.59024,0.59353,0.58806,0.58876,62816.71
1668009600000,0.58877,0.59084,0.58723,0.58756,31419.3
1668024000000,0.58754,0.58864,0.58751,0.58844,16056.66
1668038400000,0.58843,0.58937,0.58646,0.58726,18346.57
1668052800000,0.58726,0.58822,0.58445,0.58569,27012.31
1668067200000,0.58569,0.5872,0.584,0.58425,28233.7
1668081600000,0.58425,0.6016,0.58401,0.6014,91182.1
1668096000000,0.60139,0.60168,0.59762,0.6011,45738.49
1668110400000,0.60111,0.60397,0.59846,0.60161,27635.66
1668124800000,0.60164,0.60219,0.59839,0.60136,34847.99
1668139200000,0.60136,0.60463,0.60021,0.6038,41061.83
1668153600000,0.60378,0.60599,0.60195,0.60529,46365.37
1668168000000,0.60531,0.61046,0.60378,0.61037,57462.29
1668182400000,0.61035,0.61289,0.60922,0.61237,44573.79
1668196800000,0.61237,0.61237,0.61118,0.61139,12827.12
1668369600000,0.6088,0.61092,0.60624,0.61011,12285.33
1668384000000,0.6101,0.61199,0.60903,0.60986,46700.07
1668398400000,0.60986,0.61001,0.60773,0.60957,25658.38
1668412800000,0.60955,0.6108,0.60633,0.60683,40988.45
1668427200000,0.60683,0.61086,0.60609,0.61054,51882.55
1668441600000,0.61055,0.61186,0.6091,0.61152,28180.86
1668456000000,0.61153,0.6121,0.60871,0.60886,11119.92
1668470400000,0.60886,0.61187,0.60846,0.61102,23861.79
1668484800000,0.61101,0.61606,0.61022,0.61578,22822.39
1668499200000,0.6158,0.61638,0.61372,0.61516,41017.02
1668513600000,0.61517,0.62028,0.61217,0.6161,87692.67
1668528000000,0.61612,0.6181,0.61301,0.61714,79526.17
1668542400000,0.61714,0.61761,0.61357,0.61638,28280.61
1668556800000,0.6164,0.61677,0.61306,0.61389,36085.25
1668571200000,0.61389,0.61771,0.61297,0.61711,36834.26
1668585600000,0.61714,0.61934,0.6155,0.61645,26430.86
1668600000000,0.61644,0.61812,0.61476,0.61582,55812.29
1668614400000,0.61582,0.61641,0.61281,0.61517,36316.15
1668628800000,0.61517,0.6156,0.61366,0.61485,13567.81
1668643200000,0.61486,0.61513,0.61154,0.61288,19329.55
1668657600000,0.61289,0.6155,0.61219,0.6152,16959.7
1668672000000,0.61522,0.61677,0.60893,0.61019,29971.7
1668686400000,0.6102,0.61083,0.60637,0.60852,52257.73
1668700800000,0.60851,0.61301,0.60777,0.61217,23319.22
1668715200000,0.61215,0.61316,0.61092,0.6126,8823.72
1668729600000,0.61259,0.61734,0.61259,0.61638,20819.08
1668744000000,0.61638,0.61755,0.61519,0.61729,16865.63
1668758400000,0.61727,0.61886,0.61544,0.61753,29747.46
1668772800000,0.61751,0.62059,0.61416,0.61696,35890.85
1668787200000,0.61693,0.61703,0.61423,0.61552,17145.88
1668801600000,0.61552,0.61586,0.61451,0.6146,7326.06
1668974400000,0.6153,0.61686,0.61395,0.61635,5511.71
1668988800000,0.61635,0.61637,0.61264,0.61427,30396.03
1669003200000,0.61425,0.61442,0.61195,0.61219,24156.3
1669017600000,0.61221,0.61307,0.61043,0.61126,28610.52
1669032000000,0.61126,0.61222,0.6091,0.60921,32207.76
1669046400000,0.60923,0.61039,0.60867,0.60964,20401.53
1669060800000,0.60964,0.61036,0.60899,0.60967,8043.47
1669075200000,0.60967,0.61247,0.6095,0.61193,16222.83
1669089600000,0.61192,0.61297,0.61129,0.61285,20161.44
1669104000000,0.61288,0.61624,0.6121,0.61503,29534.96
1669118400000,0.61502,0.61549,0.61342,0.61452,28845.78
1669132800000,0.61453,0.61534,0.61315,0.61505,14960.59
1669147200000,0.61505,0.61548,0.61378,0.61548,9378.49
1669161600000,0.61548,0.61921,0.61318,0.61629,28163.4
1669176000000,0.61626,0.6197,0.61535,0.61877,19316.25
1669190400000,0.61875,0.61888,0.61596,0.6171,19877.09
1669204800000,0.61712,0.62357,0.61651,0.62343,43108.28
1669219200000,0.62344,0.62487,0.62138,0.62448,28817.5
1669233600000,0.62447,0.62531,0.62291,0.62521,12835.18
1669248000000,0.62524,0.62688,0.62416,0.62655,19692.39
1669262400000,0.62659,0.62661,0.62418,0.62424,18630.26
1669276800000,0.62423,0.62645,0.62366,0.62612,20782.09
1669291200000,0.62615,0.62885,0.62555,0.62677,22767.49
1669305600000,0.62679,0.62702,0.62632,0.62699,7327.62
1669320000000,0.62701,0.62706,0.62443,0.62579,7136.42
1669334400000,0.6258,0.62653,0.62479,0.62648,13489.41
1669348800000,0.62649,0.62768,0.62484,0.62487,12517.64
1669363200000,0.62486,0.62543,0.62273,0.62304,22695.01
1669377600000,0.62306,0.62449,0.62182,0.62389,18934.86
1669392000000,0.6239,0.62468,0.62249,0.62406,17616.69
1669406400000,0.6241,0.62539,0.62312,0.62326,2107.5
1669579200000,0.62156,0.6227,0.62126,0.62148,4637.04
1669593600000,0.62149,0.62299,0.61905,0.62087,23943.78
1669608000000,0.62087,0.6219,0.61964,0.62076,18464.93
1669622400000,0.62074,0.62441,0.62019,0.62325,31104.3
1669636800000,0.62325,0.62338,0.6202,0.62058,33799.88
1669651200000,0.62057,0.62082,0.61587,0.61598,22199.72
1669665600000,0.61598,0.61673,0.61554,0.61622,9911.63
1669680000000,0.61622,0.62194,0.61608,0.6206,17908.32
1669694400000,0.6206,0.62321,0.61963,0.62287,23430.36
1669708800000,0.6229,0.62529,0.62205,0.62504,26261.35
1669723200000,0.62503,0.62511,0.62007,0.62084,33711.33
1669737600000,0.62084,0.62128,0.61889,0.61937,19274.17
1669752000000,0.61937,0.62011,0.61884,0.61952,12245.03
1669766400000,0.61954,0.62189,0.61895,0.6216,19228.19
1669780800000,0.62159,0.62369,0.62157,0.6231,15160.75
1669795200000,0.62311,0.62501,0.62161,0.62433,22845.47
1669809600000,0.62437,0.62498,0.61903,0.62102,48099.82
1669824000000,0.62103,0.63006,0.62034,0.62997,59478.35
1669838400000,0.62999,0.63164,0.62806,0.63127,17790.16
1669852800000,0.63126,0.63283,0.63057,0.6327,34619.42
1669867200000,0.63268,0.63407,0.6311,0.63145,22928.17
1669881600000,0.63149,0.63522,0.63128,0.6351,29680.39
1669896000000,0.6351,0.63991,0.63466,0.6375,60104.01
1669910400000,0.63748,0.63818,0.63535,0.63748,37683.33
1669924800000,0.63749,0.63787,0.63506,0.63681,12882.49
1669939200000,0.63681,0.63775,0.63547,0.63739,21034.53
1669953600000,0.6374,0.64036,0.6373,0.63934,16756.08
1669968000000,0.63935,0.64119,0.63844,0.64038,31288.02
1669982400000,0.64038,0.64074,0.63275,0.63719,73124.34
1669996800000,0.6372,0.64079,0.63682,0.64073,27880.44
1670011200000,0.64072,0.64134,0.64012,0.64084,9748.46
1670184000000,0.63748,0.64037,0.63676,0.64027,5228.53
1670198400000,0.64027,0.64398,0.63979,0.64364,18753.29
1670212800000,0.64367,0.64421,0.6405,0.64096,17135.17
1670227200000,0.64097,0.64157,0.63899,0.64085,26313.07
1670241600000,0.64083,0.64236,0.63184,0.63325,52772.44
1670256000000,0.63326,0.63366,0.63017,0.63129,24077.38
1670270400000,0.63129,0.63234,0.63068,0.6322,14737.76
1670284800000,0.6322,0.63538,0.63215,0.63293,25404.75
1670299200000,0.63293,0.63399,0.63028,0.63144,23659.23
1670313600000,0.63144,0.63412,0.63083,0.63392,23664.04
1670328000000,0.63392,0.63507,0.63069,0.63199,35626.98
1670342400000,0.63201,0.63449,0.63081,0.63159,20891.5
1670356800000,0.63159,0.63237,0.63087,0.63228,8587.85
1670371200000,0.63228,0.63354,0.63101,0.63271,21949.34
1670385600000,0.63273,0.63328,0.63089,0.63278,19223.89
1670400000000,0.63277,0.6341,0.63109,0.6322,27072.28
1670414400000,0.63221,0.63835,0.63189,0.6374,60151.99
1670428800000,0.6374,0.63775,0.63493,0.63568,27805.17
1670443200000,0.63567,0.63594,0.63293,0.63514,13967.07
1670457600000,0.63515,0.63595,0.63259,0.6351,22864.22
1670472000000,0.63509,0.63719,0.63428,0.6366,21419.14
1670486400000,0.63661,0.63661,0.6337,0.63441,23864.57
1670500800000,0.63442,0.63884,0.63421,0.63697,47566.35
1670515200000,0.63701,0.63792,0.63621,0.63768,28639.71
1670529600000,0.63766,0.63826,0.63553,0.63757,11913.42
1670544000000,0.63756,0.64099,0.63699,0.6403,30031.68
1670558400000,0.64031,0.64107,0.6389,0.63914,22282.25
1670572800000,0.63903,0.64054,0.63684,0.64021,24461.73
1670587200000,0.64022,0.64134,0.63559,0.64077,54575.45
1670601600000,0.64079,0.64264,0.64032,0.64208,22756.78
1670616000000,0.64207,0.64239,0.64003,0.64089,7470.46
1670788800000,0.6397,0.64108,0.63894,0.63911,3721.63
1670803200000,0.63908,0.63963,0.63788,0.63951,21360.51
1670817600000,0.63951,0.64021,0.63838,0.63997,25106.87
1670832000000,0.63998,0.64212,0.6382,0.63974,33521.39
1670846400000,0.63973,0.64025,0.6374,0.63755,40315.57
1670860800000,0.63755,0.63888,0.63646,0.63791,26636.48
1670875200000,0.63791,0.63879,0.63748,0.63859,8749.19
1670889600000,0.63859,0.64043,0.63748,0.63762,19340.9
1670904000000,0.63765,0.64072,0.63727,0.64,18951.11
1670918400000,0.64,0.64074,0.63789,0.63965,29253.53
1670932800000,0.63964,0.65131,0.6388,0.64895,85902.58
1670947200000,0.64897,0.6497,0.64585,0.64694,43455.61
1670961600000,0.64693,0.64693,0.64515,0.64515,19775.61
1670976000000,0.64516,0.6461,0.64347,0.644,21043.99
1670990400000,0.64398,0.64483,0.64345,0.64386,18310.35
1671004800000,0.64386,0.64628,0.64318,0.64435,36961.1
1671019200000,0.64436,0.64572,0.64344,0.64515,41007.51
1671033600000,0.64516,0.64592,0.64007,0.64293,66378.84
1671048000000,0.64293,0.64693,0.64293,0.64521,34158.19
1671062400000,0.6452,0.64633,0.64374,0.64449,21053.66
1671076800000,0.64449,0.6447,0.64164,0.64173,18143.1
1671091200000,0.64175,0.64257,0.63605,0.63728,33211.42
1671105600000,0.63728,0.63986,0.63499,0.6365,71610.59
1671120000000,0.63651,0.63682,0.63188,0.6346,36120.59
1671134400000,0.63458,0.63506,0.63334,0.63421,11879.13
1671148800000,0.63423,0.63764,0.6342,0.63605,22939.84
1671163200000,0.63603,0.63728,0.63496,0.63532,20017.36
1671177600000,0.63533,0.63676,0.63411,0.63632,33200.63
1671192000000,0.63631,0.63866,0.63527,0.63652,47004.89
1671206400000,0.63647,0.6394,0.63643,0.6383,27433.07
1671220800000,0.6383,0.63949,0.63768,0.63814,9205.91
1671393600000,0.63786,0.63835,0.63695,0.63702,3875.47
1671408000000,0.637,0.63959,0.63681,0.63831,23004.45
1671422400000,0.63831,0.63916,0.63708,0.63888,20808.69
1671436800000,0.63889,0.6409,0.63683,0.63701,32350.92
1671451200000,0.63701,0.63783,0.63433,0.63451,37068.81
1671465600000,0.63452,0.63859,0.63421,0.63598,21603.01
1671480000000,0.63599,0.63647,0.63493,0.63606,9662.23
1671494400000,0.63605,0.63953,0.63269,0.63269,56494.88
1671508800000,0.6327,0.63377,0.63002,0.63274,57595.32
1671523200000,0.63274,0.63704,0.63274,0.63552,46832.57
1671537600000,0.63552,0.63554,0.63,0.63283,50029.73
1671552000000,0.63283,0.63485,0.6313,0.63483,29083.67
1671566400000,0.63483,0.63501,0.63307,0.63429,10673.67
1671580800000,0.6343,0.63467,0.63079,0.63088,25295.7
1671595200000,0.6309,0.63127,0.62935,0.63045,23757.6
1671609600000,0.63046,0.63051,0.62857,0.62961,34473.21
1671624000000,0.62963,0.63193,0.62886,0.62982,44065.83
1671638400000,0.62983,0.63089,0.62765,0.62965,24055.04
1671652800000,0.62964,0.63038,0.62852,0.62864,9105.24
1671667200000,0.62863,0.63152,0.62837,0.63145,26626.86
1671681600000,0.63146,0.633,0.63093,0.63236,20561.42
1671696000000,0.63235,0.63235,0.62883,0.62919,26930.52
1671710400000,0.6292,0.62951,0.62432,0.62543,45422.12
1671724800000,0.62543,0.62596,0.62301,0.62401,23928.19
1671739200000,0.624,0.6256,0.62321,0.62494,22598.68
1671753600000,0.62496,0.62809,0.6233,0.62765,29005.28
1671768000000,0.62767,0.6296,0.62691,0.6285,21725.49
1671782400000,0.6285,0.63041,0.62694,0.62921,25573.14
1671796800000,0.62923,0.62989,0.6266,0.62873,55966.82
1671811200000,0.62872,0.63015,0.62788,0.6288,34931.94
1671825600000,0.62879,0.62931,0.62808,0.62808,15113.58
1671998400000,0.62542,0.62679,0.62542,0.62629,23.4
1672012800000,0.62627,0.62651,0.62419,0.62592,1073.66
1672027200000,0.62565,0.62779,0.62522,0.62725,649.95
1672041600000,0.62693,0.62772,0.62561,0.62561,201.53
1672056000000,0.62561,0.62997,0.62517,0.62647,4877.64
1672070400000,0.62653,0.62971,0.62559,0.62867,2209.66
1672084800000,0.62868,0.63143,0.62509,0.63055,13251.13
1672099200000,0.63054,0.63055,0.62791,0.62804,20657.44
1672113600000,0.62804,0.63151,0.62799,0.63045,16103.78
1672128000000,0.63047,0.63174,0.62938,0.62941,26164.05
1672142400000,0.62941,0.63009,0.62692,0.62873,31932.92
1672156800000,0.62873,0.62873,0.62687,0.6279,24938.18
1672171200000,0.62788,0.63016,0.62676,0.62722,8722.16
1672185600000,0.62722,0.62832,0.62572,0.62698,21252.22
1672200000000,0.62699,0.63044,0.62596,0.63032,18351.64
1672214400000,0.63032,0.63368,0.62917,0.63316,29202.96
1672228800000,0.63318,0.63546,0.63209,0.63261,36600.26
1672243200000,0.63258,0.63348,0.63022,0.63156,23136.36
1672257600000,0.63156,0.63172,0.62901,0.6317,11492.25
1672272000000,0.6317,0.63352,0.63159,0.63334,25355.1
1672286400000,0.63337,0.63472,0.63116,0.63211,18116.54
1672300800000,0.63214,0.63251,0.62979,0.63095,24715.45
1672315200000,0.63096,0.63522,0.63053,0.63412,38714.18
1672329600000,0.63412,0.63569,0.63324,0.63543,20506.01
1672344000000,0.63543,0.63543,0.63396,0.63445,7588.27
1672358400000,0.63446,0.63459,0.63162,0.63212,21042.49
1672372800000,0.63212,0.63337,0.63161,0.63278,22971.15
1672387200000,0.63279,0.63541,0.63254,0.63459,21564.79
1672401600000,0.63461,0.63718,0.63094,0.63242,39210.14
1672416000000,0.63242,0.63563,0.63226,0.63368,48516.64
1672430400000,0.6337,0.6352,0.6327,0.63468,7844.59
1672617600000,0.63346,0.63347,0.63051,0.63115,230.7
1672632000000,0.63105,0.63294,0.63081,0.63226,283.03
1672646400000,0.63226,0.63291,0.63224,0.63274,6424.22
1672660800000,0.63255,0.63406,0.63151,0.63192,4491.81
1672675200000,0.63191,0.63221,0.63077,0.63149,2673.87
1672689600000,0.63147,0.63263,0.62993,0.63252,5253.08
1672704000000,0.63252,0.63613,0.62958,0.63544,30674.24
1672718400000,0.63545,0.63548,0.62934,0.6298,30460.6
1672732800000,0.62981,0.62985,0.61995,0.62103,48129.55
1672747200000,0.62103,0.62842,0.62078,0.62512,46502.53
1672761600000,0.62512,0.62581,0.62346,0.62513,34822.33
1672776000000,0.62517,0.62538,0.62387,0.62456,16187.92
1672790400000,0.62455,0.62757,0.62445,0.62645,23828.09
1672804800000,0.62645,0.63188,0.6259,0.63144,32990.06
1672819200000,0.63145,0.63523,0.63108,0.63178,44998.37
1672833600000,0.63178,0.63449,0.62853,0.6306,59753.98
1672848000000,0.63058,0.6316,0.62776,0.62988,39078.74
1672862400000,0.62987,0.63013,0.62814,0.62838,14852.53
1672876800000,0.62837,0.63045,0.62643,0.62679,33564.68
1672891200000,0.62679,0.63009,0.62661,0.62852,27874.98
1672905600000,0.62854,0.63068,0.6271,0.62949,36476.84
1672920000000,0.62951,0.63086,0.62106,0.62171,62330.93
1672934400000,0.62168,0.62509,0.62165,0.62364,31409.76
1672948800000,0.62363,0.62379,0.62162,0.62246,23638
1672963200000,0.62246,0.62539,0.62223,0.62487,27128.26
1672977600000,0.62487,0.62505,0.62062,0.62167,28551.04
1672992000000,0.6217,0.62299,0.61926,0.61957,32206.26
1673006400000,0.61959,0.63207,0.61908,0.63154,84005.09
1673020800000,0.63156,0.63594,0.63094,0.63539,36098.38
1673035200000,0.63539,0.63568,0.63436,0.63462,6405.43
1673208000000,0.63277,0.63606,0.63265,0.63598,8362.62
1673222400000,0.63598,0.63908,0.6343,0.63787,35053.03
1673236800000,0.63787,0.64095,0.63761,0.63779,28024.31
1673251200000,0.63781,0.64046,0.63736,0.63841,39893.18
1673265600000,0.6384,0.64111,0.63743,0.63908,48497.01
1673280000000,0.63906,0.64013,0.63753,0.63855,26787.17
1673294400000,0.63855,0.63865,0.63491,0.6368,13284.26
1673308800000,0.63679,0.63859,0.63596,0.6369,31611.02
1673323200000,0.63692,0.63832,0.63586,0.63687,25043.34
1673337600000,0.63691,0.6389,0.63675,0.63719,33405.58
1673352000000,0.6372,0.63887,0.63419,0.63606,57370.34
1673366400000,0.63607,0.63699,0.63547,0.63683,24447.66
1673380800000,0.63679,0.63727,0.6355,0.63705,7180.44
1673395200000,0.63705,0.63808,0.63636,0.63686,24673.72
1673409600000,0.63688,0.63877,0.63617,0.63664,27110.32
1673424000000,0.63664,0.63769,0.63492,0.63521,30781.99
1673438400000,0.6352,0.63631,0.63341,0.63492,37888.77
1673452800000,0.63492,0.63743,0.6341,0.63713,23462.06
1673467200000,0.63711,0.63719,0.63534,0.63662,9759.67
1673481600000,0.63662,0.63763,0.63631,0.63703,25826.22
1673496000000,0.63704,0.63792,0.63423,0.63542,19451.25
1673510400000,0.63542,0.63652,0.63395,0.6348,28588.93
1673524800000,0.6348,0.64172,0.63047,0.63652,91599.43
1673539200000,0.63653,0.64137,0.63571,0.63977,41253.04
1673553600000,0.63976,0.63987,0.63822,0.63862,10803.7
1673568000000,0.63862,0.6399,0.6365,0.63768,33179
1673582400000,0.63767,0.63852,0.63564,0.63801,27641.99
1673596800000,0.63802,0.64152,0.63586,0.63633,39262.64
1673611200000,0.63634,0.63719,0.63346,0.63687,59951.56
1673625600000,0.63685,0.6382,0.63504,0.63802,26304.95
1673640000000,0.63804,0.639,0.63784,0.6386,5007.15
1673812800000,0.63765,0.63988,0.63671,0.63811,4686.66
1673827200000,0.63811,0.6426,0.63796,0.64201,29153.97
1673841600000,0.64201,0.64233,0.63834,0.63918,22867.77
1673856000000,0.63916,0.64001,0.63606,0.63894,25368.83
1673870400000,0.63893,0.63973,0.63752,0.63889,22710.67
1673884800000,0.63889,0.63912,0.63806,0.6384,9464.66
1673899200000,0.63841,0.63903,0.63749,0.63882,6964.14
1673913600000,0.63883,0.64064,0.63728,0.63985,27903.99
1673928000000,0.63986,0.64064,0.63807,0.63996,25188.97
1673942400000,0.63995,0.64148,0.63659,0.64004,35479.19
1673956800000,0.64006,0.64356,0.63886,0.64349,63283.17
1673971200000,0.6435,0.64372,0.64148,0.6431,25944.89
1673985600000,0.64309,0.64338,0.64169,0.64312,8892.57
1674000000000,0.64311,0.64584,0.64227,0.64413,41742.58
1674014400000,0.64413,0.64853,0.64327,0.6473,41225.74
1674028800000,0.64732,0.64909,0.6459,0.64863,45409.36
1674043200000,0.64862,0.65299,0.64677,0.64722,67613.72
1674057600000,0.6472,0.64776,0.64232,0.64331,35068.53
1674072000000,0.6433,0.64458,0.64174,0.64438,12630.56
1674086400000,0.64439,0.64485,0.64126,0.64228,28815.26
1674100800000,0.64227,0.64245,0.63912,0.64018,27250.61
1674115200000,0.64017,0.64096,0.63726,0.63813,33669.13
1674129600000,0.63813,0.64024,0.63647,0.63817,58652.56
1674144000000,0.63816,0.64033,0.63707,0.63969,26990.65
1674158400000,0.63969,0.64018,0.63905,0.6394,9767.09
1674172800000,0.63941,0.6424,0.6391,0.64099,19292.74
1674187200000,0.64101,0.64268,0.64016,0.64213,18733.08
1674201600000,0.64215,0.64357,0.6408,0.64158,37253.8
1674216000000,0.64158,0.64683,0.64043,0.64553,48343.85
1674230400000,0.64553,0.64745,0.64495,0.64715,27253.54
1674244800000,0.64715,0.64758,0.64683,0.64725,6785.9
1674417600000,0.64647,0.64911,0.64432,0.64876,3453.97
1674432000000,0.64878,0.64993,0.64725,0.64753,20635.73
1674446400000,0.64752,0.64799,0.64634,0.64718,24558.93
1674460800000,0.64719,0.64982,0.64664,0.64687,28728.59
1674475200000,0.64689,0.64893,0.64372,0.64852,45811.13
1674489600000,0.64853,0.64953,0.647,0.64812,28337.6
1674504000000,0.64812,0.6496,0.64773,0.64885,12236.04
1674518400000,0.64887,0.65094,0.64814,0.65038,15791.3
1674532800000,0.65036,0.65209,0.64937,0.65062,15375.64
1674547200000,0.65064,0.65104,0.64766,0.64869,29152.92
1674561600000,0.64869,0.65093,0.64631,0.65023,52364.4
1674576000000,0.65023,0.65121,0.64915,0.65096,25199.49
1674590400000,0.65096,0.65248,0.6476,0.64941,14118.93
1674604800000,0.6494,0.64946,0.64659,0.64874,27258.6
1674619200000,0.64871,0.64973,0.6479,0.64847,25859.75
1674633600000,0.64849,0.6493,0.64659,0.64775,27502.94
1674648000000,0.64775,0.6487,0.64493,0.6461,46670.63
1674662400000,0.6461,0.64875,0.64489,0.64787,26590.07
1674676800000,0.64787,0.64861,0.64707,0.64807,11292.51
1674691200000,0.64808,0.64947,0.64686,0.64872,19635.17
1674705600000,0.64871,0.64957,0.64768,0.64925,19799.78
1674720000000,0.64924,0.65026,0.64695,0.64793,27466.61
1674734400000,0.64793,0.65138,0.64565,0.64626,54956.44
1674748800000,0.64625,0.64881,0.6457,0.64869,22579.44
1674763200000,0.64869,0.64953,0.64766,0.64892,7625.98
1674777600000,0.64892,0.65113,0.64892,0.64917,19967.06
1674792000000,0.64918,0.64945,0.64766,0.64884,17380.89
1674806400000,0.64886,0.64995,0.6477,0.64831,24468.13
1674820800000,0.64832,0.65013,0.64606,0.64725,46584.14
1674835200000,0.64724,0.64925,0.64704,0.649,21373.23
1674849600000,0.649,0.64948,0.64887,0.64905,3092.5
1675022400000,0.6484,0.64921,0.64801,0.64911,4271.84
1675036800000,0.64912,0.65042,0.64836,0.64886,23351.99
1675051200000,0.64887,0.64988,0.64779,0.64802,27020.85
1675065600000,0.64805,0.65078,0.64717,0.64813,28136.8
1675080000000,0.64815,0.6502,0.64787,0.64857,33776.99
1675094400000,0.64857,0.64903,0.64616,0.64674,21648.54
1675108800000,0.64673,0.64729,0.64611,0.64675,7977.88
1675123200000,0.64675,0.64787,0.64466,0.64513,24019.97
1675137600000,0.64515,0.6459,0.64377,0.6454,21078.95
1675152000000,0.64538,0.64566,0.64126,0.64281,30069.2
1675166400000,0.64285,0.64742,0.64227,0.64593,54798.75
1675180800000,0.64592,0.64719,0.64523,0.64617,23941.32
1675195200000,0.64619,0.64657,0.64239,0.64364,12167.53
1675209600000,0.64366,0.64377,0.64165,0.64325,15725.76
1675224000000,0.64324,0.64496,0.64308,0.64472,17171.39
1675238400000,0.64472,0.64508,0.64323,0.64446,26413.15
1675252800000,0.64445,0.64587,0.64293,0.64413,41797.88
1675267200000,0.64414,0.64956,0.6417,0.64856,55314.29
1675281600000,0.64855,0.65243,0.6474,0.65149,32071.21
1675296000000,0.65149,0.65348,0.65143,0.65303,29228.74
1675310400000,0.65302,0.65375,0.65193,0.65221,20855.16
1675324800000,0.6522,0.65339,0.65057,0.65188,30102.28
1675339200000,0.65189,0.65338,0.64622,0.65092,69994.65
1675353600000,0.65093,0.65111,0.6469,0.64732,32023.31
1675368000000,0.64732,0.64827,0.64525,0.6474,15838.54
1675382400000,0.6474,0.64788,0.646,0.64695,19722.68
1675396800000,0.64694,0.64808,0.64619,0.64717,19329.88
1675411200000,0.64717,0.64801,0.64551,0.64757,28824.35
1675425600000,0.64758,0.64786,0.63483,0.63783,80229.33
1675440000000,0.63782,0.6383,0.63257,0.63296,41132.36
1675454400000,0.63295,0.63315,0.63224,0.63242,5416.38
1675627200000,0.63051,0.63329,0.63017,0.63246,6825.38
1675641600000,0.63247,0.63327,0.6308,0.6324,26179.02
1675656000000,0.63239,0.63342,0.63181,0.63194,23713.25
1675670400000,0.63197,0.63294,0.62927,0.63009,34814.15
1675684800000,0.63007,0.63211,0.62696,0.62768,41181.11
1675699200000,0.62769,0.63067,0.62744,0.62975,21659.91
1675713600000,0.62975,0.63079,0.62974,0.63073,10139.82
1675728000000,0.63075,0.63414,0.63055,0.63181,28402.39
1675742400000,0.6318,0.63272,0.63129,0.63189,23469
1675756800000,0.6319,0.63396,0.62997,0.63076,36249.41
1675771200000,0.63076,0.63131,0.62723,0.62956,36508.61
1675785600000,0.62955,0.63589,0.62853,0.63172,84919.46
1675800000000,0.63174,0.63275,0.63078,0.63213,11808.73
1675814400000,0.63213,0.63286,0.63091,0.63266,22437.77
1675828800000,0.63264,0.6341,0.63163,0.63396,21548.3
1675843200000,0.63393,0.63478,0.63276,0.63327,31595.73
1675857600000,0.63327,0.63399,0.62972,0.63069,41110.76
1675872000000,0.63067,0.63191,0.62963,0.63094,35117.82
1675886400000,0.63096,0.63142,0.63014,0.6313,7044.51
1675900800000,0.6313,0.63437,0.63023,0.63389,17374.49
1675915200000,0.63387,0.63588,0.63345,0.63564,20845.77
1675929600000,0.63563,0.63708,0.6354,0.63626,25749.27
1675944000000,0.63625,0.6389,0.63521,0.63544,39222.12
1675958400000,0.63543,0.63549,0.63233,0.63257,34516.94
1675972800000,0.63257,0.63298,0.63186,0.63254,7914.91
1675987200000,0.63255,0.63281,0.63038,0.63047,22527.01
1676001600000,0.63047,0.63377,0.63018,0.63333,25074.69
1676016000000,0.63333,0.63459,0.63148,0.63198,42126.71
1676030400000,0.63199,0.63391,0.63102,0.63151,46583.87
1676044800000,0.63151,0.6321,0.6298,0.63027,20241.9
1676059200000,0.63027,0.63107,0.63,0.63042,3805.66
1676232000000,0.63114,0.63146,0.63048,0.63107,3418.65
1676246400000,0.63108,0.63122,0.62887,0.63019,20559.67
1676260800000,0.63019,0.63303,0.63009,0.6329,20218.46
1676275200000,0.63291,0.63427,0.63223,0.63383,19669.87
1676289600000,0.63384,0.63642,0.63306,0.63589,27542.28
1676304000000,0.63587,0.63652,0.63528,0.63577,14576.4
1676318400000,0.63577,0.63613,0.6353,0.63594,7641.31
1676332800000,0.63594,0.63662,0.63289,0.63395,22367.71
1676347200000,0.63394,0.63497,0.63321,0.6334,19948.62
1676361600000,0.63341,0.63447,0.63293,0.63371,18509.91
1676376000000,0.63374,0.63899,0.6296,0.63267,95851.46
1676390400000,0.63266,0.63483,0.63155,0.63433,41918.89
1676404800000,0.6343,0.63442,0.63276,0.63339,9705.29
1676419200000,0.63339,0.63341,0.63009,0.63015,20750.21
1676433600000,0.63015,0.63082,0.6277,0.62828,23491.85
1676448000000,0.62827,0.62948,0.62684,0.62688,25292.33
1676462400000,0.6269,0.62823,0.62517,0.62655,62479.19
1676476800000,0.62655,0.62877,0.62613,0.62798,21852.8
1676491200000,0.628,0.6286,0.6274,0.6278,6643.2
1676505600000,0.62779,0.63085,0.62543,0.62942,34712.82
1676520000000,0.62942,0.63085,0.62882,0.62999,21148.85
1676534400000,0.62998,0.63088,0.62818,0.62858,25557.08
1676548800000,0.62858,0.62883,0.6232,0.62552,54489.46
1676563200000,0.62553,0.62809,0.62508,0.62703,26201.09
1676577600000,0.62702,0.62712,0.62427,0.62441,19308.81
1676592000000,0.62442,0.6249,0.62222,0.6225,22890.98
1676606400000,0.62249,0.62255,0.62098,0.62171,23031.52
1676620800000,0.6217,0.62172,0.61934,0.61993,28878.38
1676635200000,0.61996,0.62452,0.61937,0.62261,52802.55
1676649600000,0.6226,0.62481,0.62231,0.62463,25044.28
1676664000000,0.62463,0.62472,0.62407,0.62419,4069.16
1676836800000,0.6234,0.62419,0.62309,0.62347,3290.92
1676851200000,0.62349,0.62448,0.62259,0.62364,15313.81
1676865600000,0.62364,0.62531,0.62353,0.6245,18451.36
1676880000000,0.62449,0.62502,0.62211,0.62473,25648.15
1676894400000,0.62475,0.62619,0.62402,0.62556,19183.6
1676908800000,0.62557,0.62579,0.62512,0.6255,6516.47
1676923200000,0.6255,0.62608,0.62455,0.62562,5024.28
1676937600000,0.62561,0.62607,0.62378,0.62427,21280.12
1676952000000,0.62426,0.62465,0.62076,0.62218,20432.81
1676966400000,0.62217,0.62533,0.62136,0.62436,40041.38
1676980800000,0.62436,0.62439,0.62133,0.6234,53887.12
1676995200000,0.6234,0.62342,0.62022,0.62101,25084.54
1677009600000,0.62101,0.62194,0.62046,0.62158,6331.29
1677024000000,0.62159,0.62452,0.62027,0.62284,28682.25
1677038400000,0.62286,0.62402,0.6215,0.6232,18076.55
1677052800000,0.6232,0.62345,0.62113,0.62258,28510.6
1677067200000,0.6226,0.62512,0.62249,0.62332,40845.21
1677081600000,0.62333,0.62419,0.62113,0.6212,36513.26
1677096000000,0.6212,0.62248,0.62111,0.62227,10945.59
1677110400000,0.62227,0.62483,0.6222,0.62452,18620.35
1677124800000,0.62453,0.62505,0.6234,0.62423,20425.78
1677139200000,0.62423,0.62451,0.62241,0.62356,31389.72
1677153600000,0.62356,0.6244,0.62085,0.62193,50797.08
1677168000000,0.62193,0.62317,0.62027,0.62249,26005.8
1677182400000,0.62248,0.6234,0.62219,0.62296,9634.34
1677196800000,0.62297,0.62435,0.62259,0.62347,27784.83
1677211200000,0.62348,0.6241,0.62182,0.62198,14462.44
1677225600000,0.62198,0.6222,0.61967,0.61989,23957.72
1677240000000,0.61985,0.61986,0.61509,0.61557,61776.8
1677254400000,0.61558,0.61692,0.61551,0.61655,21858.75
1677268800000,0.61654,0.61706,0.61577,0.61629,4528.7
1677441600000,0.61553,0.6168,0.61553,0.61633,3921.46
1677456000000,0.61634,0.61728,0.61402,0.61412,19254.63
1677470400000,0.61413,0.61505,0.61305,0.61491,21480.79
1677484800000,0.61491,0.61632,0.6143,0.61507,24463.4
1677499200000,0.61506,0.61796,0.61371,0.61636,37950.96
1677513600000,0.61635,0.61735,0.61519,0.61638,16461.67
1677528000000,0.6164,0.61688,0.61609,0.61632,5739.46
1677542400000,0.61632,0.61694,0.6157,0.61584,14442.05
1677556800000,0.61584,0.61614,0.61384,0.61396,15988.15
1677571200000,0.61397,0.61639,0.61323,0.61594,24622.17
1677585600000,0.61594,0.61954,0.61565,0.61951,43401.02
1677600000000,0.61952,0.62077,0.61853,0.61887,22824.65
1677614400000,0.6189,0.61893,0.61744,0.61857,9665.48
1677628800000,0.61857,0.62045,0.61653,0.62044,30576.71
1677643200000,0.62044,0.62392,0.62027,0.62386,23743.44
1677657600000,0.62385,0.62678,0.62303,0.62672,38475.13
1677672000000,0.62673,0.62753,0.62216,0.62554,54718.37
1677686400000,0.62555,0.62663,0.62428,0.62489,24292.09
1677700800000,0.62489,0.62577,0.62361,0.6253,5979.84
1677715200000,0.62532,0.62553,0.62226,0.623,25189.26
1677729600000,0.62302,0.62318,0.62159,0.62183,17864.68
1677744000000,0.62183,0.62335,0.6211,0.62253,33711.77
1677758400000,0.62252,0.62339,0.61984,0.6219,48261.96
1677772800000,0.62188,0.62239,0.61997,0.62156,24782.01
1677787200000,0.62156,0.62251,0.62037,0.62187,6748.21
1677801600000,0.62187,0.62387,0.6216,0.62222,19138.48
1677816000000,0.62222,0.6235,0.62214,0.62229,13983.63
1677830400000,0.62229,0.6241,0.62228,0.62245,24109.88
1677844800000,0.62244,0.62326,0.6192,0.61974,40970.47
1677859200000,0.61974,0.62261,0.61922,0.62246,21809.07
1677873600000,0.62246,0.62278,0.62189,0.62189,4730.66
1678046400000,0.62112,0.62192,0.62069,0.62078,4087.59
1678060800000,0.62078,0.62249,0.62068,0.62207,15391.68
1678075200000,0.62205,0.62221,0.6204,0.6215,15140.6
1678089600000,0.6215,0.62154,0.6172,0.61744,25387.3
1678104000000,0.61743,0.62037,0.61727,0.61882,32501.13
1678118400000,0.61882,0.61969,0.61802,0.61807,14847
1678132800000,0.61807,0.61983,0.61807,0.61973,5386.95
1678147200000,0.61974,0.62141,0.61892,0.62091,19973.56
1678161600000,0.62092,0.62216,0.61986,0.62153,19114.36
1678176000000,0.62153,0.62175,0.61877,0.619,31109.7
1678190400000,0.61898,0.61952,0.61377,0.61401,54467.14
1678204800000,0.61401,0.61465,0.61027,0.61083,45148.12
1678219200000,0.61085,0.61192,0.61017,0.61099,8206.3
1678233600000,0.61101,0.61171,0.60838,0.60881,19498.62
1678248000000,0.6088,0.61128,0.60879,0.61113,16249.54
1678262400000,0.61113,0.61244,0.61109,0.6115,26099.36
1678276800000,0.61149,0.61376,0.6107,0.61155,46950.98
1678291200000,0.61156,0.61246,0.60975,0.61054,22397.62
1678305600000,0.61057,0.61144,0.61024,0.61135,5570.94
1678320000000,0.61133,0.6116,0.60978,0.6111,10878.72
1678334400000,0.61108,0.61309,0.61086,0.61194,11633.45
1678348800000,0.61194,0.61403,0.61147,0.61353,24171.84
1678363200000,0.61352,0.61508,0.61232,0.61308,40713.54
1678377600000,0.6131,0.61355,0.61056,0.61065,26631.14
1678392000000,0.61066,0.6108,0.60904,0.61003,17240.76
1678406400000,0.61003,0.61129,0.60917,0.61001,29509.7
1678420800000,0.60999,0.61155,0.60936,0.61108,23634.76
1678435200000,0.61108,0.61179,0.61002,0.61133,29825.53
1678449600000,0.61133,0.61764,0.61034,0.6171,96590.86
1678464000000,0.61709,0.61726,0.61219,0.61356,59564.75
1678478400000,0.61356,0.61381,0.61288,0.613,13804.48
1678651200000,0.61393,0.61723,0.61332,0.61588,18882.59
1678665600000,0.61588,0.62023,0.61419,0.61948,51479.51
1678680000000,0.61947,0.61989,0.61753,0.61885,28310.08
1678694400000,0.61885,0.61998,0.61621,0.61852,77998.67
1678708800000,0.61851,0.6264,0.61805,0.62389,121714.28
1678723200000,0.62389,0.62414,0.62213,0.62213,49994.01
1678737600000,0.62213,0.62227,0.62131,0.62131,8638.39
1678752000000,0.62131,0.62185,0.61997,0.62124,30830.79
1678766400000,0.62126,0.62326,0.62047,0.6232,32059.99
1678780800000,0.62319,0.62345,0.62049,0.62247,44654.48
1678795200000,0.62246,0.62473,0.6188,0.62221,88364.11
1678809600000,0.62221,0.62435,0.62161,0.62396,44639.81
1678824000000,0.62396,0.62396,0.62272,0.62286,15330.98
1678838400000,0.62287,0.62643,0.62226,0.62287,28206.2
1678852800000,0.62289,0.62338,0.6204,0.62106,25274.39
1678867200000,0.62104,0.62198,0.61914,0.62011,66315.96
1678881600000,0.62008,0.6216,0.6174,0.61812,86478.47
1678896000000,0.61813,0.62056,0.6172,0.61917,63160.99
1678910400000,0.61917,0.61947,0.61393,0.61605,14364.56
1678924800000,0.61603,0.6182,0.61449,0.61582,31908.21
1678939200000,0.61582,0.61803,0.61532,0.61777,21516.74
1678953600000,0.61776,0.6179,0.61504,0.61712,33410.81
1678968000000,0.61713,0.61823,0.61533,0.61705,82397.21
1678982400000,0.61706,0.61921,0.61597,0.61893,36752.65
1678996800000,0.61893,0.62052,0.61823,0.62031,9614.39
1679011200000,0.62032,0.62381,0.61923,0.62358,27058.84
1679025600000,0.62356,0.62581,0.62317,0.62489,23306.22
1679040000000,0.6249,0.62528,0.62302,0.62411,30800.43
1679054400000,0.6241,0.62599,0.62333,0.62471,48505.41
1679068800000,0.62471,0.62766,0.62459,0.62645,30051.03
1679083200000,0.62644,0.62693,0.62631,0.62631,2815.76
1679256000000,0.62793,0.62812,0.62674,0.62718,19805.62
1679270400000,0.62719,0.62791,0.62449,0.62509,26752.33
1679284800000,0.62506,0.62606,0.6243,0.62535,31107.07
1679299200000,0.62535,0.62594,0.62285,0.62491,39785.18
1679313600000,0.62492,0.62679,0.62411,0.62439,41058.97
1679328000000,0.62439,0.62548,0.62387,0.62482,18767.03
1679342400000,0.62482,0.62494,0.62358,0.62408,10013.09
1679356800000,0.62409,0.62454,0.62108,0.62178,23461.92
1679371200000,0.62177,0.62177,0.61968,0.62058,16301.41
1679385600000,0.62057,0.62097,0.61822,0.61964,31653.26
1679400000000,0.61964,0.62016,0.61667,0.617,32631.91
1679414400000,0.617,0.61896,0.61695,0.6189,17682.46
1679428800000,0.61892,0.61947,0.61869,0.61922,5949.34
1679443200000,0.6192,0.62036,0.6171,0.62016,21206.87
1679457600000,0.62015,0.62216,0.61978,0.62141,14996.28
1679472000000,0.6214,0.62242,0.62052,0.62106,19138.58
1679486400000,0.62105,0.62204,0.6203,0.62196,24222.42
1679500800000,0.62195,0.62822,0.62011,0.6225,58037.48
1679515200000,0.6225,0.62318,0.62141,0.62291,15184.63
1679529600000,0.62292,0.62761,0.62261,0.6272,23052.89
1679544000000,0.62721,0.62941,0.62666,0.62834,25017.58
1679558400000,0.62835,0.62888,0.62686,0.62759,24903.95
1679572800000,0.62759,0.62876,0.62549,0.6282,37233.06
1679587200000,0.62819,0.62876,0.62432,0.62567,32629.85
1679601600000,0.62563,0.62571,0.62426,0.62456,11363.17
1679616000000,0.62456,0.62484,0.62284,0.62397,24758.7
1679630400000,0.62395,0.62409,0.62304,0.62356,15421.63
1679644800000,0.62356,0.62359,0.61912,0.62093,36550.56
1679659200000,0.62094,0.62118,0.61894,0.62059,46768.57
1679673600000,0.62057,0.62083,0.61959,0.61985,16601.02
1679688000000,0.61986,0.6202,0.61966,0.61996,2070.83
1679860800000,0.61936,0.62106,0.61936,0.62097,6962.18
1679875200000,0.62096,0.62113,0.61939,0.62081,15671.38
1679889600000,0.62081,0.62102,0.61854,0.61965,21270.66
1679904000000,0.61963,0.62063,0.61815,0.61937,23018.34
1679918400000,0.61936,0.61956,0.61804,0.6188,31871.8
1679932800000,0.61879,0.61944,0.61846,0.61932,13843.42
1679947200000,0.61934,0.62037,0.61915,0.62019,7981.54
1679961600000,0.62021,0.62359,0.62005,0.6233,19450.4
1679976000000,0.6233,0.6238,0.62249,0.62264,18706.69
1679990400000,0.62262,0.62358,0.62151,0.62332,16646.52
1680004800000,0.62332,0.62522,0.62242,0.62478,28201.66
1680019200000,0.62479,0.62545,0.62396,0.62524,10913.5
1680033600000,0.62526,0.62541,0.62322,0.62527,6032.91
1680048000000,0.62528,0.62703,0.62516,0.62591,17467.82
1680062400000,0.62591,0.62669,0.62306,0.62358,16912.2
1680076800000,0.62359,0.6248,0.62283,0.62358,19245.55
1680091200000,0.62357,0.62418,0.62143,0.62207,34572.6
1680105600000,0.62208,0.62279,0.62164,0.62204,11638.58
1680120000000,0.62203,0.62251,0.62154,0.6218,3867.68
1680134400000,0.62178,0.62184,0.6203,0.6212,14673.33
1680148800000,0.62121,0.62479,0.62116,0.62458,18249.94
1680163200000,0.62459,0.62496,0.62303,0.62335,18484.7
1680177600000,0.62335,0.62587,0.62302,0.62501,29049.94
1680192000000,0.62501,0.62654,0.62489,0.62647,10752.52
1680206400000,0.62647,0.62697,0.62581,0.62685,4134.46
1680220800000,0.62685,0.62972,0.62685,0.6287,18571.04
1680235200000,0.62869,0.62895,0.62492,0.62539,19576.46
1680249600000,0.62541,0.62734,0.62472,0.62522,20533.38
1680264000000,0.62523,0.62737,0.62366,0.62694,33373.31
1680278400000,0.62694,0.62694,0.62461,0.62533,10459.41
1680292800000,0.62533,0.6255,0.62476,0.62476,1172.59
1680465600000,0.62544,0.62545,0.62221,0.62235,8870.62
1680480000000,0.62234,0.62331,0.62121,0.62193,20749.6
1680494400000,0.62194,0.62361,0.62073,0.62352,17583.73
1680508800000,0.62351,0.62909,0.62285,0.62908,20712.29
1680523200000,0.62906,0.62979,0.62739,0.62876,39761.16
1680537600000,0.62879,0.62994,0.62793,0.62953,12873.26
1680552000000,0.62954,0.63073,0.62881,0.62991,8630.06
1680566400000,0.6299,0.63091,0.6291,0.63025,14376.89
1680580800000,0.63025,0.63095,0.62869,0.62976,26668.89
1680595200000,0.62977,0.63053,0.62822,0.62925,23455.2
1680609600000,0.62925,0.63147,0.62733,0.6303,43913.1
1680624000000,0.63029,0.63102,0.62942,0.63102,11744.72
1680638400000,0.63102,0.63162,0.63042,0.63156,5521.63
1680652800000,0.63155,0.63805,0.63025,0.63496,21017.49
1680667200000,0.63496,0.63537,0.63326,0.6336,20175.8
1680681600000,0.6336,0.63363,0.62847,0.63029,22286.78
1680696000000,0.63029,0.63343,0.6301,0.63278,47202.56
1680710400000,0.63279,0.63295,0.63049,0.63135,11256.38
1680724800000,0.63136,0.63238,0.63096,0.63168,4577.16
1680739200000,0.63168,0.63204,0.62878,0.62936,14487.87
1680753600000,0.62936,0.6297,0.62782,0.62919,16145.5
1680768000000,0.62919,0.62923,0.62705,0.6279,14673.75
1680782400000,0.62791,0.62824,0.62388,0.62503,30515.14
1680796800000,0.62503,0.62593,0.6246,0.62473,6804.44
1680811200000,0.62472,0.62474,0.6225,0.62445,8071.63
1680825600000,0.62444,0.62619,0.62444,0.62617,6058.25
1680840000000,0.62618,0.62618,0.62532,0.62605,5354.05
1680854400000,0.62604,0.62697,0.62566,0.62586,6081.33
1680868800000,0.62584,0.6261,0.62086,0.62395,26984.13
1680883200000,0.62395,0.62533,0.623,0.62414,7317.88
1680897600000,0.62412,0.625,0.62331,0.6235,809.57
1681070400000,0.62406,0.62554,0.62406,0.62537,5075.33
1681084800000,0.62536,0.6256,0.62317,0.62321,10371.98
1681099200000,0.6232,0.62461,0.62246,0.62445,12060.67
1681113600000,0.62446,0.62525,0.62265,0.62274,14023.13
1681128000000,0.62274,0.62284,0.61932,0.62004,25437.17
1681142400000,0.62003,0.6222,0.61986,0.62192,8403.21
1681156800000,0.62191,0.62269,0.62076,0.62261,5845.84
1681171200000,0.6226,0.62335,0.6208,0.62267,18994.73
1681185600000,0.62269,0.62324,0.62148,0.62191,18206.59
1681200000000,0.6219,0.62261,0.62046,0.62072,20040.3
1681214400000,0.62072,0.62112,0.61919,0.61931,21516.63
1681228800000,0.61931,0.61954,0.61837,0.61903,6753.51
1681243200000,0.61904,0.61946,0.61849,0.61934,5247.78
1681257600000,0.61933,0.61983,0.61853,0.61947,9613.23
1681272000000,0.61948,0.62043,0.61838,0.61886,14031.55
1681286400000,0.61885,0.62,0.61817,0.61936,16496.26
1681300800000,0.61933,0.62417,0.61857,0.62111,52342.93
1681315200000,0.62112,0.62204,0.6208,0.62093,16088.12
1681329600000,0.62093,0.62202,0.62061,0.62171,4622.86
1681344000000,0.62171,0.62172,0.62034,0.62154,14481.78
1681358400000,0.62154,0.62336,0.62028,0.62312,13511.16
1681372800000,0.62312,0.62509,0.62312,0.62455,19019.26
1681387200000,0.62456,0.63065,0.62429,0.63051,35225.72
1681401600000,0.63051,0.63144,0.6299,0.62993,11612.89
1681416000000,0.62993,0.6304,0.62859,0.63023,5359.85
1681430400000,0.63022,0.63143,0.62962,0.631,14979.12
1681444800000,0.631,0.63125,0.63009,0.63035,14786.1
1681459200000,0.63036,0.63051,0.62781,0.6281,17427.74
1681473600000,0.62808,0.63096,0.62028,0.62057,48808.05
1681488000000,0.62056,0.62098,0.61946,0.62066,13435.71
1681502400000,0.62065,0.62091,0.62037,0.62038,972.34
1681675200000,0.61994,0.62102,0.6198,0.62011,3152.75
1681689600000,0.62011,0.62075,0.61847,0.61955,9996.65
1681704000000,0.61953,0.62104,0.61943,0.6198,13637.76
1681718400000,0.61979,0.62003,0.61907,0.61966,18614.35
1681732800000,0.61966,0.61985,0.61607,0.61729,34191.04
1681747200000,0.61731,0.61864,0.61664,0.6186,8990.64
1681761600000,0.61857,0.61861,0.61707,0.61807,4921.72
1681776000000,0.61809,0.61931,0.6179,0.6188,11970.39
1681790400000,0.6188,0.62095,0.61849,0.62066,16609.66
1681804800000,0.62065,0.62208,0.62052,0.62183,19710.94
1681819200000,0.62184,0.62243,0.62008,0.62011,26007.64
1681833600000,0.62012,0.62092,0.62001,0.62048,8194.35
1681848000000,0.62048,0.62159,0.62023,0.62136,3669.86
1681862400000,0.62136,0.62177,0.61963,0.62062,10648.5
1681876800000,0.62063,0.621,0.6184,0.61984,20551.49
1681891200000,0.61984,0.61985,0.6172,0.6184,21566.65
1681905600000,0.61835,0.62255,0.61817,0.62039,16892.45
1681920000000,0.62038,0.62131,0.61979,0.62031,6389.76
1681934400000,0.62033,0.62055,0.61551,0.61617,9937.37
1681948800000,0.61618,0.6171,0.61514,0.61572,10954.56
1681963200000,0.61576,0.61819,0.61488,0.61597,10604.66
1681977600000,0.61598,0.61844,0.6156,0.61661,12424.15
1681992000000,0.61663,0.62028,0.61572,0.61888,22455.61
1682006400000,0.61889,0.6192,0.61657,0.61678,7245.81
1682020800000,0.61679,0.61796,0.61675,0.6178,4308.77
1682035200000,0.61779,0.61781,0.61543,0.61565,8442.99
1682049600000,0.61563,0.61594,0.6126,0.61366,12187.76
1682064000000,0.61366,0.61431,0.61267,0.61273,11548.76
1682078400000,0.61271,0.61548,0.6127,0.61364,21003.19
1682092800000,0.61365,0.61461,0.61287,0.61353,6477.04
1682107200000,0.61351,0.6142,0.61344,0.61344,839.71
1682280000000,0.61344,0.61453,0.61343,0.61407,2150.19
1682294400000,0.61405,0.61464,0.61307,0.61325,11060.47
1682308800000,0.61323,0.61477,0.6125,0.61451,10212.36
1682323200000,0.61453,0.61543,0.61376,0.61395,12620.1
1682337600000,0.61397,0.61545,0.61374,0.61391,15387.14
1682352000000,0.61391,0.61662,0.61387,0.61638,6473.9
1682366400000,0.61638,0.61753,0.61586,0.61747,4771.03
1682380800000,0.61747,0.6187,0.61678,0.617,11346.61
1682395200000,0.61703,0.61751,0.61533,0.61572,13259.8
1682409600000,0.61572,0.61729,0.61504,0.61562,15114.86
1682424000000,0.61561,0.61666,0.61415,0.61417,16588.55
1682438400000,0.61418,0.61438,0.61321,0.61378,8615.23
1682452800000,0.61377,0.61477,0.61338,0.61461,4529.38
1682467200000,0.61459,0.61484,0.61288,0.6129,14016.72
1682481600000,0.61289,0.61446,0.61273,0.61352,12116.04
1682496000000,0.6135,0.61389,0.61216,0.61231,18149.29
1682510400000,0.61235,0.61436,0.61199,0.61325,23632.55
1682524800000,0.61325,0.61328,0.61112,0.61166,9221.05
1682539200000,0.61165,0.61209,0.61118,0.61195,4564.13
1682553600000,0.61195,0.61373,0.61142,0.61305,11419.56
1682568000000,0.61303,0.61547,0.61303,0.61442,15485.35
1682582400000,0.61443,0.61559,0.61385,0.61493,12073.13
1682596800000,0.61494,0.61608,0.61214,0.61307,26488.92
1682611200000,0.61307,0.61476,0.61289,0.61423,7417.68
1682625600000,0.61423,0.6148,0.61355,0.61449,5772.91
1682640000000,0.6145,0.61592,0.61447,0.61513,11823.14
1682654400000,0.61513,0.61538,0.61233,0.61369,18917.58
1682668800000,0.6137,0.61506,0.61241,0.61505,15424.81
1682683200000,0.61504,0.61845,0.61302,0.61843,32539.97
1682697600000,0.61843,0.6187,0.61772,0.61827,8387.45
1682712000000,0.6183,0.61865,0.61748,0.61768,1151.52
1682884800000,0.61687,0.61855,0.61668,0.61704,4109.48
1682899200000,0.61705,0.61849,0.61665,0.61844,8300.52
1682913600000,0.61845,0.61898,0.61795,0.61819,10838.06
1682928000000,0.61819,0.61824,0.61713,0.61756,11306.46
1682942400000,0.61755,0.61991,0.61648,0.61679,20239.66
1682956800000,0.61678,0.61703,0.61608,0.61644,8030.76
1682971200000,0.61646,0.6171,0.61632,0.61634,3392.7
1682985600000,0.61633,0.61852,0.61626,0.6176,9299.64
1683000000000,0.61761,0.62047,0.61751,0.61933,19255.64
1683014400000,0.61933,0.62178,0.61858,0.62141,13942.74
1683028800000,0.62141,0.62141,0.61931,0.62058,26279.17
1683043200000,0.62057,0.6211,0.62043,0.62074,8874.9
1683057600000,0.62075,0.623,0.62043,0.62241,5368.92
1683072000000,0.62242,0.62489,0.62115,0.62356,10591.4
1683086400000,0.62354,0.62377,0.62257,0.62331,9514.25
1683100800000,0.6233,0.62374,0.62208,0.62291,10235.25
1683115200000,0.62294,0.62386,0.62151,0.62357,20327.6
1683129600000,0.62356,0.62602,0.62198,0.62276,31912.15
1683144000000,0.62272,0.62299,0.62064,0.62078,9813.84
1683158400000,0.62079,0.62469,0.62067,0.62432,15763.4
1683172800000,0.62431,0.62538,0.62349,0.62416,16219.85
1683187200000,0.62415,0.6273,0.62311,0.62691,14286.7
1683201600000,0.62692,0.62851,0.62547,0.62812,39474.95
1683216000000,0.6281,0.62979,0.62797,0.628,13033.5
1683230400000,0.62801,0.62908,0.62739,0.62897,4255.55
1683244800000,0.62898,0.63123,0.62873,0.63104,11163.22
1683259200000,0.63105,0.63157,0.62945,0.62954,10743.3
1683273600000,0.62955,0.63016,0.62905,0.62926,10578.1
1683288000000,0.62926,0.62995,0.62629,0.62967,32584.28
1683302400000,0.62969,0.63046,0.62908,0.62917,9249.02
1683316800000,0.62916,0.62947,0.62867,0.62874,1464.72
1683489600000,0.62846,0.6303,0.62846,0.62979,2974.24
1683504000000,0.6298,0.63061,0.6294,0.63047,11310.02
1683518400000,0.63047,0.633,0.63044,0.63195,8559.51
1683532800000,0.63192,0.63483,0.63189,0.63424,7826.31
1683547200000,0.63425,0.6359,0.6341,0.63488,14065.57
1683561600000,0.6349,0.63536,0.634,0.63452,6112.02
1683576000000,0.63453,0.6348,0.63361,0.63361,7854.33
1683590400000,0.6336,0.63397,0.63268,0.63384,10357.85
1683604800000,0.63387,0.63441,0.63248,0.63298,10681.53
1683619200000,0.63299,0.63419,0.63262,0.63268,9785.99
1683633600000,0.63269,0.63308,0.63179,0.63203,14126.42
1683648000000,0.63202,0.63372,0.63179,0.63327,7265.13
1683662400000,0.63325,0.63393,0.63262,0.63376,4067.82
1683676800000,0.63378,0.63481,0.63336,0.6348,8773.71
1683691200000,0.63479,0.63479,0.6332,0.63356,12511.38
1683705600000,0.63356,0.63378,0.63252,0.63292,10878.61
1683720000000,0.63293,0.63805,0.63238,0.63527,35646.67
1683734400000,0.63528,0.63698,0.63413,0.63639,9962.77
1683748800000,0.6364,0.63729,0.63546,0.63697,5058.46
1683763200000,0.63696,0.63842,0.63649,0.63682,13311.03
1683777600000,0.63683,0.63762,0.63355,0.63373,13074.53
1683792000000,0.63372,0.63471,0.63291,0.63406,16840.62
1683806400000,0.63404,0.63626,0.62886,0.62953,28279.81
1683820800000,0.62954,0.63032,0.62911,0.63013,5919.38
1683835200000,0.63014,0.63014,0.62919,0.62925,2851.24
1683849600000,0.62923,0.62998,0.62537,0.62627,10972.18
1683864000000,0.62627,0.62658,0.6244,0.62449,12541.7
1683878400000,0.62449,0.62516,0.62245,0.62255,10395.59
1683892800000,0.62254,0.62373,0.61848,0.61909,17304.65
1683907200000,0.61908,0.61953,0.61819,0.61946,7832.58
1683921600000,0.61949,0.61951,0.61833,0.61848,1610.86
1684094400000,0.61865,0.61957,0.61861,0.61949,4697.87
1684108800000,0.61947,0.62067,0.61862,0.62028,9741.33
1684123200000,0.62028,0.62296,0.62023,0.62261,10531.25
1684137600000,0.62257,0.62277,0.62082,0.62175,10093.83
1684152000000,0.62175,0.62257,0.62069,0.62249,14150.57
1684166400000,0.62249,0.6239,0.62249,0.62363,5688.48
1684180800000,0.62365,0.62457,0.62276,0.62434,3563.56
1684195200000,0.62434,0.62561,0.62386,0.62507,9751.09
1684209600000,0.62507,0.62538,0.62261,0.62477,11448.36
1684224000000,0.62477,0.62593,0.62405,0.62419,11598.39
1684238400000,0.62421,0.62532,0.6223,0.62348,29014.9
1684252800000,0.62349,0.62363,0.6225,0.62267,7257.67
1684267200000,0.62268,0.62385,0.6225,0.62357,3462.55
1684281600000,0.62356,0.6252,0.62337,0.62449,10716.7
1684296000000,0.62447,0.62503,0.62278,0.6231,10549.62
1684310400000,0.62309,0.62651,0.62307,0.62554,11769.72
1684324800000,0.62556,0.62728,0.62346,0.62469,21720.18
1684339200000,0.62474,0.62665,0.62474,0.62548,8152.64
1684353600000,0.62547,0.62569,0.62374,0.62445,5725.73
1684368000000,0.62445,0.62639,0.62365,0.62588,11775.53
1684382400000,0.6259,0.62687,0.62468,0.62494,10078.17
1684396800000,0.62496,0.62497,0.62342,0.62399,9980.14
1684411200000,0.62398,0.62447,0.62034,0.62166,18591.76
1684425600000,0.62167,0.62248,0.62062,0.62234,8859.79
1684440000000,0.62234,0.62421,0.62131,0.62352,7175.48
1684454400000,0.6235,0.62463,0.62287,0.62429,12346.59
1684468800000,0.62428,0.62672,0.6235,0.62611,12931.27
1684483200000,0.62609,0.6288,0.62555,0.62789,18080.47
1684497600000,0.6279,0.63049,0.62721,0.6285,27554.4
1684512000000,0.6285,0.62949,0.62755,0.62787,9460.76
1684526400000,0.62786,0.62809,0.62682,0.62682,1780.18
1684699200000,0.62568,0.62836,0.62529,0.62824,3165
1684713600000,0.62826,0.62918,0.62701,0.62855,14645.87
1684728000000,0.62854,0.62896,0.62614,0.6267,15402.42
1684742400000,0.62669,0.62894,0.62638,0.62816,14419.53
1684756800000,0.62817,0.62868,0.62681,0.62727,23456.14
1684771200000,0.62726,0.62888,0.62707,0.62822,7426.85
1684785600000,0.62822,0.6288,0.6281,0.62851,5731.08
1684800000000,0.62851,0.63022,0.62753,0.62865,10047.88
1684814400000,0.62863,0.62877,0.62613,0.62644,12113.88
1684828800000,0.62643,0.62708,0.62443,0.62475,13034.26
1684843200000,0.62478,0.62632,0.62336,0.62577,24145.38
1684857600000,0.62576,0.62576,0.62428,0.62479,10910.12
1684872000000,0.62479,0.62528,0.62278,0.62485,3539.47
1684886400000,0.62483,0.62562,0.61692,0.61716,17074.07
1684900800000,0.61719,0.61744,0.61308,0.61343,22821.13
1684915200000,0.61344,0.61455,0.61156,0.61361,24641.78
1684929600000,0.61364,0.6142,0.61024,0.61054,21865.66
1684944000000,0.61056,0.61086,0.60925,0.6103,13819.6
1684958400000,0.61029,0.61135,0.61017,0.61037,8207.69
1684972800000,0.61036,0.61036,0.60847,0.6086,12361.59
1684987200000,0.60861,0.61003,0.60758,0.6086,12451.82
1685001600000,0.60861,0.60961,0.60652,0.60769,12742.87
1685016000000,0.6077,0.6087,0.60436,0.60489,27002.07
1685030400000,0.60489,0.60632,0.60437,0.60593,9355.4
1685044800000,0.60592,0.60639,0.60495,0.60527,7205.08
1685059200000,0.60526,0.60782,0.60481,0.60646,10633.28
1685073600000,0.60645,0.60834,0.60639,0.60664,12138.16
1685088000000,0.60663,0.60959,0.6063,0.60914,12026.54
1685102400000,0.60914,0.60927,0.60327,0.60432,27930.92
1685116800000,0.60431,0.60491,0.60417,0.60428,7220.99
1685131200000,0.60428,0.60465,0.60399,0.60419,1951.46
1685304000000,0.60489,0.60571,0.60374,0.60548,3705.03
1685318400000,0.60546,0.6067,0.60446,0.60455,6551.6
1685332800000,0.60452,0.60704,0.60441,0.60557,8025.63
1685347200000,0.60561,0.60666,0.60513,0.6061,6172.18
1685361600000,0.60611,0.60623,0.60505,0.60561,4537.7
1685376000000,0.60562,0.60567,0.60534,0.60553,1957.94
1685390400000,0.60552,0.60582,0.60422,0.60435,3697.51
1685404800000,0.60432,0.60608,0.60296,0.60345,12328.7
1685419200000,0.60342,0.60486,0.60248,0.60471,16963.7
1685433600000,0.60472,0.60617,0.60428,0.60615,14058.06
1685448000000,0.60616,0.60661,0.60376,0.60426,17879.71
1685462400000,0.60428,0.60471,0.60331,0.60453,7575.01
1685476800000,0.60453,0.60489,0.60326,0.60455,2559.45
1685491200000,0.60453,0.60469,0.59985,0.60031,13277.99
1685505600000,0.60028,0.60162,0.59939,0.59944,15529.24
1685520000000,0.59944,0.60087,0.59936,0.60031,11014.76
1685534400000,0.60034,0.60178,0.59864,0.5994,22611.82
1685548800000,0.59939,0.60242,0.59849,0.60212,10927.33
1685563200000,0.60212,0.60275,0.60062,0.60227,4158.51
1685577600000,0.60227,0.60243,0.59998,0.60098,13370.3
1685592000000,0.60099,0.6014,0.599,0.59964,12002.18
1685606400000,0.59962,0.60253,0.59911,0.60232,9406.12
1685620800000,0.60228,0.60767,0.6005,0.6073,25522.4
1685635200000,0.60731,0.60755,0.60634,0.60698,6815.48
1685649600000,0.60698,0.60715,0.6063,0.60638,8005.39
1685664000000,0.60639,0.6106,0.60581,0.61035,11143.88
1685678400000,0.61034,0.61053,0.60873,0.60917,12300.73
1685692800000,0.60917,0.61107,0.60867,0.60897,10551.42
1685707200000,0.60895,0.6104,0.60639,0.60693,34083.23
1685721600000,0.60694,0.60717,0.60571,0.60591,7812.27
1685736000000,0.6059,0.60601,0.60535,0.60535,1377.39
1685908800000,0.6045,0.60583,0.6045,0.60562,2441.71
1685923200000,0.60565,0.60644,0.60457,0.60638,8754.69
1685937600000,0.60638,0.60668,0.6043,0.60502,9903.65
1685952000000,0.60505,0.60573,0.60407,0.60476,8908.95
1685966400000,0.60476,0.60849,0.60453,0.60809,18973.18
1685980800000,0.60811,0.60833,0.60681,0.60683,7207.27
1685995200000,0.60683,0.60726,0.60618,0.60698,3397.81
1686009600000,0.607,0.60839,0.60679,0.60742,7237.32
1686024000000,0.60743,0.60999,0.60712,0.60842,19326.76
1686038400000,0.60843,0.60894,0.60704,0.60757,11945.18
1686052800000,0.60756,0.60817,0.60454,0.60775,16379.42
1686067200000,0.60773,0.6084,0.60669,0.60754,7713.39
1686081600000,0.60754,0.60803,0.60713,0.60783,3670.65
1686096000000,0.60781,0.60892,0.60713,0.60773,9329.66
1686110400000,0.60773,0.60811,0.60579,0.60649,9158.88
1686124800000,0.6065,0.60846,0.60634,0.60762,9285.9
1686139200000,0.6076,0.60966,0.60448,0.60473,22534.56
1686153600000,0.60475,0.60494,0.60304,0.60355,9124.14
1686168000000,0.60356,0.60427,0.60289,0.60412,3279.45
1686182400000,0.60412,0.60545,0.60399,0.60475,8604.67
1686196800000,0.60477,0.60742,0.60411,0.60723,10159.11
1686211200000,0.60722,0.60789,0.60579,0.60668,11700.07
1686225600000,0.60669,0.60985,0.60652,0.60915,21981.2
1686240000000,0.60915,0.60987,0.60894,0.60957,8429.48
1686254400000,0.60959,0.60982,0.60888,0.60931,3018.64
1686268800000,0.60932,0.60984,0.60869,0.60878,8152.01
1686283200000,0.60879,0.61041,0.60844,0.6102,9372.97
1686297600000,0.61021,0.61177,0.60882,0.61154,11090.12
1686312000000,0.61156,0.61386,0.61121,0.61261,19133
1686326400000,0.61259,0.61301,0.61235,0.61248,5865.78
1686340800000,0.61249,0.61294,0.61247,0.61272,1612.41
1686513600000,0.61132,0.61304,0.61037,0.61291,2001.13
1686528000000,0.61294,0.61294,0.61116,0.61213,6263.78
1686542400000,0.61214,0.6134,0.61159,0.61326,8565.39
1686556800000,0.61325,0.61521,0.61325,0.61356,8868.99
1686571200000,0.61355,0.61398,0.61051,0.61142,14297.57
1686585600000,0.61143,0.61241,0.61074,0.61237,7551.24
1686600000000,0.6124,0.613,0.6116,0.61273,3200.33
1686614400000,0.61273,0.61294,0.6106,0.61286,10440.99
1686628800000,0.61287,0.61547,0.61237,0.61464,12377.39
1686643200000,0.61463,0.61475,0.61337,0.61432,9336.51
1686657600000,0.61435,0.61774,0.61276,0.61468,29223.87
1686672000000,0.61467,0.61602,0.61361,0.61457,8996.13
1686686400000,0.61455,0.61604,0.61446,0.61592,3318.31
1686700800000,0.61593,0.61676,0.61518,0.6163,9207.91
1686715200000,0.61629,0.61629,0.61419,0.61621,8296.88
1686729600000,0.61621,0.618,0.61605,0.6174,8355.07
1686744000000,0.61739,0.62356,0.61732,0.62329,15635.67
1686758400000,0.62328,0.62357,0.61666,0.62096,37872.37
1686772800000,0.62096,0.62172,0.61858,0.61972,8128.55
1686787200000,0.61975,0.62022,0.616,0.61792,13319.2
1686801600000,0.61792,0.62009,0.6166,0.61797,13433.3
1686816000000,0.61796,0.61861,0.616,0.61621,9992.44
1686830400000,0.61619,0.62265,0.61533,0.62259,25714.07
1686844800000,0.62257,0.62423,0.62249,0.62385,8131.32
1686859200000,0.62386,0.62407,0.62297,0.62341,4222.91
1686873600000,0.62339,0.62462,0.62268,0.62285,10684.93
1686888000000,0.62287,0.6247,0.62233,0.62282,12685.8
1686902400000,0.62281,0.62399,0.62218,0.6229,11672.3
1686916800000,0.62291,0.624,0.62097,0.6221,22588.74
1686931200000,0.62209,0.62338,0.62162,0.62305,8683.67
1686945600000,0.62303,0.624,0.62294,0.62351,1784.78
1687118400000,0.62237,0.62363,0.62146,0.62296,5632.2
1687132800000,0.62295,0.62329,0.62056,0.62076,12580.25
1687147200000,0.62076,0.62308,0.62046,0.62269,12922.25
1687161600000,0.62267,0.62305,0.6191,0.61946,11323.08
1687176000000,0.61948,0.62062,0.61931,0.62043,10468.22
1687190400000,0.62043,0.62052,0.61976,0.61984,10599.79
1687204800000,0.61985,0.6204,0.61941,0.62005,7092.67
1687219200000,0.62003,0.62052,0.61772,0.61815,16981.46
1687233600000,0.61813,0.61952,0.61606,0.61931,15883.3
1687248000000,0.61929,0.61957,0.61724,0.61728,11083.22
1687262400000,0.61729,0.61759,0.61336,0.61481,23233.97
1687276800000,0.61484,0.61683,0.61456,0.61671,14886.07
1687291200000,0.61671,0.61695,0.61618,0.61658,3390.48
1687305600000,0.61659,0.61751,0.61638,0.61707,13776.66
1687320000000,0.61706,0.61858,0.61565,0.61639,19174.81
1687334400000,0.6164,0.61771,0.61558,0.61709,15327.32
1687348800000,0.61708,0.61968,0.61556,0.61867,30046.4
1687363200000,0.61864,0.62173,0.61857,0.62081,12564.37
1687377600000,0.62082,0.62099,0.61992,0.62056,6415.19
1687392000000,0.62055,0.62193,0.62038,0.62063,10142.03
1687406400000,0.6206,0.62087,0.61861,0.62059,15538.96
1687420800000,0.62064,0.62223,0.62048,0.62099,15687.06
1687435200000,0.62097,0.62167,0.61826,0.61849,24588.69
1687449600000,0.61848,0.61869,0.61734,0.61769,9125.11
1687464000000,0.6177,0.61841,0.61669,0.61806,5614.4
1687478400000,0.61806,0.619,0.6143,0.61476,15379.35
1687492800000,0.61477,0.61543,0.61349,0.6139,16422.14
1687507200000,0.61389,0.6143,0.61249,0.61252,12696.31
1687521600000,0.61251,0.61489,0.61165,0.61462,24620.97
1687536000000,0.61461,0.61461,0.61376,0.61453,9299.91
1687550400000,0.61454,0.61461,0.61358,0.61398,1936.55
1687723200000,0.61348,0.6153,0.61304,0.61474,5313.08
1687737600000,0.61474,0.61751,0.61466,0.61715,13548.88
1687752000000,0.61715,0.61722,0.61374,0.6158,13796.02
1687766400000,0.61579,0.61751,0.61519,0.61748,13226.42
1687780800000,0.61748,0.61766,0.61542,0.61677,15624.38
1687795200000,0.61677,0.61762,0.61642,0.61644,6466.31
1687809600000,0.61644,0.61667,0.61511,0.61622,12412.39
1687824000000,0.61623,0.61884,0.61556,0.61776,15552.86
1687838400000,0.61772,0.62,0.61764,0.61918,13764.18
1687852800000,0.61912,0.61912,0.61647,0.61689,12269.84
1687867200000,0.61687,0.61964,0.61607,0.61651,29267.2
1687881600000,0.61652,0.6174,0.6164,0.61691,8509.74
1687896000000,0.61693,0.61693,0.61553,0.61566,3647.34
1687910400000,0.61569,0.61573,0.61174,0.61205,14609.17
1687924800000,0.61205,0.61231,0.60958,0.61,10766.61
1687939200000,0.61,0.61018,0.60797,0.6081,10164.79
1687953600000,0.60811,0.60935,0.60686,0.60864,22709.35
1687968000000,0.60862,0.60917,0.60738,0.60771,9784.5
1687982400000,0.60769,0.60779,0.60694,0.6073,3204.65
1687996800000,0.60729,0.60955,0.60678,0.60789,15294.37
1688011200000,0.60788,0.60862,0.60709,0.60832,11938.39
1688025600000,0.60833,0.61017,0.60705,0.6096,11713.31
1688040000000,0.60959,0.60999,0.60501,0.60719,27957.12
1688054400000,0.60718,0.60732,0.60576,0.60674,10642.9
1688068800000,0.60672,0.6072,0.60589,0.60643,3679.25
1688083200000,0.60645,0.60911,0.60587,0.60869,11618.13
1688097600000,0.60868,0.60998,0.6079,0.60875,11876.63
1688112000000,0.60879,0.60894,0.60763,0.6077,11779.78
1688126400000,0.60774,0.61379,0.60768,0.61307,26300.69
1688140800000,0.61307,0.61414,0.61279,0.61356,9055.04
1688155200000,0.61355,0.6138,0.61321,0.61321,2290.31
1688328000000,0.61232,0.61368,0.61232,0.613,2563.78
1688342400000,0.61302,0.61505,0.6126,0.61486,12541.05
1688356800000,0.61488,0.6158,0.61285,0.61324,14817.5
1688371200000,0.61321,0.61496,0.61312,0.61365,12329.04
1688385600000,0.61367,0.617,0.61321,0.61529,21975.2
1688400000000,0.61525,0.61565,0.61465,0.61506,5390.73
1688414400000,0.61505,0.61631,0.6142,0.61553,2055.07
1688428800000,0.61555,0.61637,0.61513,0.61565,9571.61
1688443200000,0.61563,0.61824,0.61407,0.61701,12561.41
1688457600000,0.61699,0.61921,0.61671,0.61879,8221.83
1688472000000,0.6188,0.62123,0.61852,0.62003,8413.72
1688486400000,0.62001,0.62005,0.6191,0.61923,4106.36
1688500800000,0.61924,0.61985,0.61742,0.61969,3004.09
1688515200000,0.6197,0.62064,0.61882,0.61928,9962.56
1688529600000,0.61927,0.62004,0.61844,0.61953,11241.38
1688544000000,0.6195,0.62025,0.6179,0.61855,13032.3
1688558400000,0.61855,0.62048,0.61796,0.61822,19462.97
1688572800000,0.61822,0.61912,0.6175,0.61836,11009.79
1688587200000,0.61836,0.61843,0.61708,0.61764,3578.86
1688601600000,0.61765,0.61939,0.61722,0.61749,11426.12
1688616000000,0.61749,0.62143,0.61623,0.61985,16478.97
1688630400000,0.61986,0.62185,0.61882,0.62177,14363.19
1688644800000,0.62177,0.6219,0.6132,0.61493,33904.39
1688659200000,0.61494,0.61598,0.61487,0.61567,6819.53
1688673600000,0.61565,0.61677,0.61474,0.61608,2310.49
1688688000000,0.61607,0.61709,0.61536,0.61663,10324.97
1688702400000,0.61664,0.61752,0.61586,0.61739,12291.98
1688716800000,0.61738,0.61845,0.61695,0.61716,17212.69
1688731200000,0.61717,0.62104,0.61585,0.6207,37500.42
1688745600000,0.6207,0.62192,0.62045,0.62047,8644.34
1688760000000,0.62047,0.62105,0.62042,0.62042,1237.1
1688932800000,0.62022,0.62101,0.61907,0.62053,3213.24
1688947200000,0.62052,0.62148,0.61818,0.61836,14449.1
1688961600000,0.61836,0.61884,0.61717,0.61869,11511.32
1688976000000,0.6187,0.61923,0.61762,0.61851,10719.69
1688990400000,0.61852,0.62074,0.6166,0.62054,22852.98
1689004800000,0.62054,0.62175,0.62016,0.62112,9630.83
1689019200000,0.62114,0.62125,0.62035,0.62051,3886.22
1689033600000,0.62051,0.62242,0.62009,0.62174,16644.42
1689048000000,0.62174,0.62198,0.6192,0.61926,20932.48
1689062400000,0.61927,0.61989,0.61759,0.61829,13165.12
1689076800000,0.61829,0.61879,0.61666,0.6179,18537.1
1689091200000,0.6179,0.61979,0.61783,0.61957,8850.99
1689105600000,0.61958,0.62049,0.61889,0.61982,5458.77
1689120000000,0.61979,0.62387,0.61943,0.62243,22069.67
1689134400000,0.62242,0.62313,0.62009,0.62049,12632.58
1689148800000,0.62049,0.62053,0.61842,0.61856,9107.66
1689163200000,0.61855,0.62989,0.61822,0.6291,42868.98
1689177600000,0.62908,0.6308,0.62901,0.62925,10286.24
1689192000000,0.62928,0.63086,0.62849,0.63042,4511.5
1689206400000,0.63043,0.63315,0.63004,0.63292,15754.79
1689220800000,0.63291,0.63554,0.63253,0.6351,17246.19
1689235200000,0.63512,0.63613,0.63469,0.63565,13484.8
1689249600000,0.63563,0.63944,0.63426,0.63699,30335.87
1689264000000,0.63701,0.63945,0.63687,0.63928,9116.21
1689278400000,0.63928,0.63961,0.63585,0.63911,4244.77
1689292800000,0.63912,0.64114,0.63845,0.6409,16781.91
1689307200000,0.64088,0.64088,0.63709,0.63806,16807.4
1689321600000,0.63807,0.63875,0.63672,0.63817,12228.63
1689336000000,0.63816,0.63899,0.63639,0.63732,29435.85
1689350400000,0.63734,0.63792,0.63649,0.63654,9255.37
1689364800000,0.63653,0.6371,0.63644,0.63676,3033.46
1689537600000,0.63599,0.63682,0.63532,0.63641,3561.19
1689552000000,0.6364,0.63649,0.63454,0.63462,14340.42
1689566400000,0.63461,0.63557,0.6341,0.63453,12281.43
1689580800000,0.63453,0.63518,0.63312,0.63384,11849.87
1689595200000,0.63381,0.634,0.6308,0.63322,21640.78
1689609600000,0.63321,0.63426,0.63292,0.63325,6099.55
1689624000000,0.63325,0.63325,0.6309,0.63205,3681.15
1689638400000,0.63206,0.63431,0.63181,0.63384,18959.4
1689652800000,0.63384,0.63436,0.63045,0.63055,15350.9
1689667200000,0.63057,0.63096,0.62774,0.62811,13634.92
1689681600000,0.62814,0.63011,0.62593,0.62889,39459.63
1689696000000,0.62892,0.62899,0.62722,0.62778,12696.46
1689710400000,0.62778,0.63145,0.62703,0.62937,9150.85
1689724800000,0.62937,0.62993,0.62596,0.62624,17870.94
1689739200000,0.62626,0.6265,0.62248,0.626,21165.47
1689753600000,0.626,0.6265,0.62321,0.62458,23573.06
1689768000000,0.6246,0.62593,0.6231,0.6241,36728.46
1689782400000,0.62411,0.62615,0.62393,0.62606,13146.89
1689796800000,0.62605,0.62655,0.6247,0.6262,6969.06
1689811200000,0.62619,0.63075,0.6261,0.63042,22623.82
1689825600000,0.63044,0.6307,0.62714,0.62752,16732.64
1689840000000,0.62753,0.62998,0.62739,0.62743,17190.64
1689854400000,0.62743,0.62746,0.62171,0.62227,33191.37
1689868800000,0.62225,0.62316,0.62126,0.62286,12410.83
1689883200000,0.62284,0.62402,0.62145,0.62301,5701.07
1689897600000,0.62301,0.62307,0.62149,0.6225,17200.25
1689912000000,0.62248,0.62379,0.62049,0.62074,18851.51
1689926400000,0.62073,0.62079,0.61843,0.61845,23159.9
1689940800000,0.61846,0.61952,0.61691,0.61755,26044.8
1689955200000,0.61754,0.61807,0.6165,0.61694,10642.63
1689969600000,0.61696,0.61697,0.61633,0.61647,2113.33
1690142400000,0.61677,0.61735,0.61573,0.61667,3687.93
1690156800000,0.61669,0.6176,0.61553,0.61688,19305.49
1690171200000,0.61687,0.61968,0.6165,0.6196,17898.69
1690185600000,0.6196,0.62147,0.61888,0.62027,20850.01
1690200000000,0.62026,0.62097,0.61875,0.62077,30593.63
1690214400000,0.6208,0.62086,0.6194,0.61959,14366.23
1690228800000,0.61958,0.62078,0.61836,0.61985,4981.4
1690243200000,0.61986,0.62222,0.61894,0.62144,18978.12
1690257600000,0.62143,0.62187,0.62034,0.62088,18889.09
1690272000000,0.62088,0.62188,0.61953,0.62066,15968.91
1690286400000,0.62065,0.62298,0.62021,0.62226,22603.85
1690300800000,0.62226,0.62284,0.62149,0.62194,16866.68
1690315200000,0.62194,0.6225,0.6201,0.62148,6675.29
1690329600000,0.6215,0.62209,0.61817,0.62122,18325.9
1690344000000,0.62121,0.62326,0.62113,0.62206,15304.32
1690358400000,0.62205,0.62263,0.62088,0.62095,11792.76
1690372800000,0.62093,0.62172,0.6201,0.62079,20113.75
1690387200000,0.62079,0.62343,0.61928,0.62251,37998.18
1690401600000,0.62252,0.62254,0.62056,0.6211,12417.33
1690416000000,0.62111,0.62732,0.62085,0.6257,18106.07
1690430400000,0.6257,0.62637,0.62365,0.62546,22768.49
1690444800000,0.62545,0.62618,0.62397,0.62571,16708.81
1690459200000,0.62572,0.62573,0.61905,0.62069,46801.71
1690473600000,0.62072,0.62157,0.61738,0.61767,26045.93
1690488000000,0.61767,0.61926,0.61707,0.61876,6784.98
1690502400000,0.61875,0.61885,0.61487,0.61572,28042.56
1690516800000,0.61573,0.61685,0.61226,0.61246,36956.89
1690531200000,0.61246,0.61729,0.61204,0.61641,24603.07
1690545600000,0.61639,0.61811,0.61423,0.61658,37543.53
1690560000000,0.61661,0.61713,0.61495,0.61584,12541.73
1690574400000,0.61583,0.61585,0.61513,0.61525,3618.16
1690747200000,0.61396,0.61645,0.61364,0.6158,5813.79
1690761600000,0.61579,0.6187,0.61549,0.61852,20216.02
1690776000000,0.61851,0.62047,0.61828,0.61901,19866.71
1690790400000,0.61902,0.62059,0.61838,0.62033,16328.79
1690804800000,0.6203,0.62252,0.61923,0.62174,25671.23
1690819200000,0.62174,0.62225,0.62069,0.62108,7738.9
1690833600000,0.62108,0.62113,0.61824,0.62029,5288.67
1690848000000,0.62031,0.62167,0.61883,0.61921,15631.02
1690862400000,0.6192,0.61995,0.61652,0.61665,19851.19
1690876800000,0.61665,0.61697,0.6151,0.61521,15781.84
1690891200000,0.61521,0.61666,0.61352,0.61404,23283.8
1690905600000,0.61404,0.61475,0.61308,0.61457,9422.98
1690920000000,0.61456,0.61689,0.61363,0.61392,13196.15
1690934400000,0.61392,0.61393,0.61013,0.61083,16497.29
1690948800000,0.61084,0.61126,0.6093,0.61066,14991.16
1690963200000,0.61066,0.61229,0.60993,0.61071,12522.42
1690977600000,0.61072,0.61154,0.60679,0.60814,28824.53
1690992000000,0.60814,0.60924,0.60757,0.60808,11456.38
1691006400000,0.60809,0.60875,0.60712,0.60852,8407.42
1691020800000,0.60852,0.60908,0.60643,0.60746,20668.13
1691035200000,0.60745,0.60802,0.60648,0.60736,21344.5
1691049600000,0.60735,0.6088,0.6061,0.60803,16650.37
1691064000000,0.60802,0.60929,0.60599,0.60842,32202.23
1691078400000,0.6084,0.6097,0.60641,0.60664,9142.6
1691092800000,0.60661,0.60829,0.60656,0.60814,5652.24
1691107200000,0.60811,0.61024,0.60783,0.60895,15798.81
1691121600000,0.60897,0.60968,0.60797,0.60901,16174.14
1691136000000,0.60901,0.60933,0.60695,0.60736,12399.39
1691150400000,0.60733,0.61326,0.6071,0.61255,39055.16
1691164800000,0.61257,0.61299,0.60889,0.60907,15085.73
1691179200000,0.60906,0.60984,0.60904,0.60931,3238.58
1691352000000,0.60771,0.6101,0.60771,0.60989,4753.34
1691366400000,0.60988,0.61134,0.60948,0.61017,11977.54
1691380800000,0.61017,0.61113,0.60884,0.61083,9790.68
1691395200000,0.61082,0.61083,0.60843,0.61036,11306.31
1691409600000,0.61037,0.61166,0.60863,0.60939,17347.05
1691424000000,0.60936,0.61084,0.60911,0.61043,15228.39
1691438400000,0.61043,0.61095,0.60991,0.61062,7423.74
1691452800000,0.61063,0.61074,0.60708,0.60781,17514.43
1691467200000,0.60781,0.6083,0.60579,0.60597,15585.44
1691481600000,0.60599,0.60658,0.60378,0.60391,11902.23
1691496000000,0.60394,0.60512,0.6034,0.60455,21681.56
1691510400000,0.60453,0.60679,0.60453,0.60642,10562.46
1691524800000,0.60641,0.60659,0.60428,0.60571,8639.4
1691539200000,0.60572,0.60887,0.60485,0.60745,15982.29
1691553600000,0.60746,0.60942,0.60701,0.60865,15990.68
1691568000000,0.60863,0.60885,0.60568,0.60601,13702.67
1691582400000,0.60599,0.60709,0.60442,0.6047,18240.38
1691596800000,0.60469,0.60642,0.60465,0.60528,9463.38
1691611200000,0.60528,0.60622,0.604,0.60603,3474.93
1691625600000,0.606,0.6069,0.605,0.60639,10674.97
1691640000000,0.60639,0.60814,0.60549,0.60661,13658.91
1691654400000,0.60661,0.6077,0.60605,0.60748,9287.63
1691668800000,0.60749,0.61179,0.60557,0.60598,43297.94
1691683200000,0.60598,0.60616,0.60263,0.60322,22521.83
1691697600000,0.6032,0.60332,0.6011,0.60111,8079.76
1691712000000,0.6011,0.60231,0.60064,0.60126,10373.73
1691726400000,0.60125,0.60199,0.60022,0.60099,12298.63
1691740800000,0.60098,0.60152,0.60011,0.60115,11633.36
1691755200000,0.60113,0.60146,0.59746,0.598,29195.32
1691769600000,0.59801,0.59892,0.59776,0.59831,10061.84
1691784000000,0.5983,0.59854,0.59787,0.59787,1992.54
1691956800000,0.59833,0.59916,0.5982,0.59829,6164.13
1691971200000,0.59826,0.5986,0.59534,0.59584,15540.6
1691985600000,0.59583,0.59893,0.59566,0.59874,15614.86
1692000000000,0.59874,0.59899,0.5977,0.59814,14141.91
1692014400000,0.59813,0.59863,0.59434,0.59831,28200.49
1692028800000,0.59829,0.59893,0.59649,0.59754,10545.14
1692043200000,0.59754,0.59788,0.59626,0.59732,4900.35
1692057600000,0.59734,0.59929,0.59596,0.59867,16590.72
1692072000000,0.59867,0.59963,0.59618,0.5962,15500.81
1692086400000,0.59617,0.59746,0.59538,0.59679,13902.47
1692100800000,0.59678,0.59878,0.59559,0.59754,34201.45
1692115200000,0.59755,0.59774,0.59485,0.59537,13451.74
1692129600000,0.59538,0.59582,0.59471,0.59562,4841.03
1692144000000,0.59564,0.59672,0.5931,0.59603,22549.14
1692158400000,0.59602,0.59927,0.5958,0.59909,15780.85
1692172800000,0.59909,0.59915,0.5963,0.5967,11445.1
1692187200000,0.5967,0.59723,0.59457,0.59476,20394.89
1692201600000,0.59475,0.59541,0.59263,0.59348,16285.5
1692216000000,0.59347,0.59392,0.59242,0.59307,8832.89
1692230400000,0.59308,0.59317,0.59026,0.59074,17084.56
1692244800000,0.59075,0.59332,0.59074,0.59248,13916.32
1692259200000,0.59248,0.59573,0.59227,0.5954,14703.03
1692273600000,0.5954,0.59635,0.59287,0.59315,23939.14
1692288000000,0.59319,0.59417,0.59186,0.59249,11133.35
1692302400000,0.59251,0.59285,0.59177,0.5925,9165.1
1692316800000,0.5925,0.59446,0.59229,0.59275,12858.13
1692331200000,0.59277,0.59365,0.59183,0.59278,11330.93
1692345600000,0.59278,0.59368,0.59139,0.59186,11563.9
1692360000000,0.59186,0.59415,0.59089,0.59394,19157.96
1692374400000,0.59395,0.59465,0.59258,0.59262,9492.41
1692388800000,0.5926,0.59276,0.59189,0.59189,1590.72
1692561600000,0.59243,0.59317,0.59211,0.59263,3414.15
1692576000000,0.59262,0.59337,0.59061,0.59136,12564.37
1692590400000,0.59136,0.59253,0.59049,0.59146,12702.26
1692604800000,0.59145,0.59287,0.59053,0.59247,12726.19
1692619200000,0.59247,0.59275,0.58962,0.59027,17308.1
1692633600000,0.59028,0.59304,0.59028,0.59273,9712.31
1692648000000,0.59271,0.59332,0.59171,0.59287,5038.72
1692662400000,0.59286,0.59424,0.59228,0.5938,11231.36
1692676800000,0.59379,0.59643,0.5929,0.59607,15541.99
1692691200000,0.59607,0.59715,0.59498,0.596,12939.49
1692705600000,0.59599,0.59632,0.59232,0.59453,21539.23
1692720000000,0.59453,0.59498,0.5938,0.59424,11282.68
1692734400000,0.59423,0.59479,0.59349,0.59393,4599.53
1692748800000,0.59392,0.59663,0.59372,0.59483,9855.05
1692763200000,0.59482,0.59552,0.59333,0.59449,13313.6
1692777600000,0.59449,0.59512,0.59276,0.5932,13292.62
1692792000000,0.5932,0.59774,0.59267,0.59734,21834.22
1692806400000,0.59735,0.59846,0.59691,0.5973,8995.35
1692820800000,0.59731,0.59805,0.5971,0.59736,7715.46
1692835200000,0.59741,0.59796,0.59592,0.59709,15005.5
1692849600000,0.59709,0.59753,0.59484,0.59484,15585.64
1692864000000,0.59482,0.59583,0.59339,0.59351,13483.8
1692878400000,0.59352,0.59407,0.59182,0.59224,24001.82
1692892800000,0.59222,0.59277,0.59187,0.59189,12106.58
1692907200000,0.59186,0.59262,0.59159,0.59188,5741.08
1692921600000,0.59187,0.5924,0.59062,0.59071,9275.59
1692936000000,0.59071,0.59144,0.58939,0.59048,11529.27
1692950400000,0.59047,0.59209,0.59012,0.59176,8161.67
1692964800000,0.59176,0.59421,0.58856,0.58983,37908.66
1692979200000,0.58985,0.59214,0.58985,0.59104,12401.64
1692993600000,0.59102,0.59107,0.58981,0.59012,2946.2
1693166400000,0.59022,0.59109,0.58937,0.5909,3587.18
1693180800000,0.5909,0.59254,0.59084,0.59161,9646.42
1693195200000,0.59161,0.59238,0.5897,0.58979,10691.99
1693209600000,0.58977,0.59092,0.58949,0.59068,9975.26
1693224000000,0.59067,0.59148,0.59021,0.59097,19294.85
1693238400000,0.59098,0.59161,0.59034,0.59131,10659.46
1693252800000,0.59133,0.59139,0.58834,0.59067,4849.2
1693267200000,0.59066,0.59291,0.59029,0.59242,11308.37
1693281600000,0.5924,0.59352,0.5917,0.59209,11079.52
1693296000000,0.59209,0.59312,0.58984,0.58993,12148.57
1693310400000,0.58993,0.59565,0.58869,0.59456,32909.65
1693324800000,0.59458,0.59773,0.5942,0.59736,13482.57
1693339200000,0.59738,0.59751,0.59636,0.59662,5156.83
1693353600000,0.59661,0.59691,0.59429,0.59517,12483.63
1693368000000,0.59519,0.59605,0.59398,0.59497,14935.09
1693382400000,0.59496,0.59626,0.59391,0.59572,13507.53
1693396800000,0.5957,0.60062,0.59563,0.59808,31181.55
1693411200000,0.59807,0.59807,0.596,0.59659,11676.11
1693425600000,0.59659,0.59684,0.5944,0.59531,9381.77
1693440000000,0.5953,0.59768,0.59514,0.59585,12065.9
1693454400000,0.59583,0.59637,0.59513,0.59606,10078.73
1693468800000,0.59607,0.59607,0.59394,0.59505,14972.94
1693483200000,0.59504,0.59706,0.59302,0.59458,32489.74
1693497600000,0.59458,0.59658,0.59449,0.59619,12254.85
1693512000000,0.59621,0.59779,0.59597,0.59731,5327.95
1693526400000,0.59729,0.59876,0.59518,0.59552,17947.91
1693540800000,0.59552,0.59691,0.59433,0.5966,12108.59
1693555200000,0.5966,0.59721,0.59554,0.59692,10057.99
1693569600000,0.59695,0.60148,0.59382,0.59382,50482.69
1693584000000,0.59382,0.59457,0.59341,0.59386,5492.14
1693598400000,0.59388,0.59447,0.5936,0.59361,960.41
1693771200000,0.59357,0.59442,0.59357,0.59418,3048
1693785600000,0.5942,0.59593,0.59374,0.59483,14458.78
1693800000000,0.59484,0.59606,0.59435,0.59459,11278.77
1693814400000,0.5946,0.59506,0.5937,0.59458,8120.28
1693828800000,0.59458,0.59461,0.59314,0.59381,9173.85
1693843200000,0.59381,0.59394,0.59364,0.59383,3919.67
1693857600000,0.59381,0.59428,0.59252,0.59359,4544.51
1693872000000,0.59359,0.59383,0.59125,0.5918,12962.15
1693886400000,0.59179,0.59227,0.58732,0.58819,17940.47
1693900800000,0.58817,0.58817,0.58608,0.58651,11630.12
1693915200000,0.58649,0.589,0.58586,0.58816,26819.31
1693929600000,0.58817,0.58853,0.5877,0.58799,8352.86
1693944000000,0.588,0.58877,0.58693,0.58829,5235.78
1693958400000,0.58826,0.58877,0.58602,0.58838,14874.4
1693972800000,0.58838,0.59035,0.58803,0.58807,19026.71
1693987200000,0.58807,0.58979,0.58751,0.58902,9190.44
1694001600000,0.589,0.58959,0.58591,0.58727,27443.96
1694016000000,0.58727,0.58751,0.58636,0.58688,8916.14
1694030400000,0.58689,0.5876,0.58611,0.58697,4573.72
1694044800000,0.58696,0.58733,0.5862,0.58715,11440.17
1694059200000,0.58715,0.58892,0.58669,0.58857,12901.55
1694073600000,0.58858,0.58913,0.58801,0.58818,11985.28
1694088000000,0.58817,0.58939,0.58695,0.58813,27602.57
1694102400000,0.58813,0.58882,0.58766,0.58773,11422.53
1694116800000,0.58772,0.58811,0.58692,0.58778,2943.73
1694131200000,0.58781,0.59024,0.58771,0.58948,13288.13
1694145600000,0.58948,0.5914,0.58914,0.59009,9040.42
1694160000000,0.59009,0.59118,0.58961,0.59056,11868.97
1694174400000,0.59054,0.59173,0.58932,0.58957,16378.58
1694188800000,0.58957,0.58972,0.58804,0.58826,9863.39
1694203200000,0.58826,0.58844,0.58805,0.58805,1754.55
1694376000000,0.58898,0.59033,0.58799,0.58997,8418.51
1694390400000,0.58996,0.59155,0.58961,0.59145,16217.05
1694404800000,0.59145,0.59332,0.59128,0.59211,19679.84
1694419200000,0.59211,0.5925,0.59103,0.59164,8786.82
1694433600000,0.59166,0.59346,0.5915,0.59182,19028.54
1694448000000,0.59184,0.59265,0.59149,0.59192,8789.53
1694462400000,0.5919,0.59216,0.59024,0.59146,4646.05
1694476800000,0.59145,0.59213,0.59055,0.59176,12273.31
1694491200000,0.59175,0.59178,0.59016,0.59089,10992.9
1694505600000,0.59087,0.59183,0.58939,0.59049,8877.81
1694520000000,0.59049,0.59064,0.58887,0.59023,18524.93
1694534400000,0.59026,0.59074,0.58972,0.59021,9008.91
1694548800000,0.59018,0.59125,0.58932,0.59086,5827.27
1694563200000,0.59086,0.59135,0.58862,0.58937,12183.97
1694577600000,0.58941,0.59024,0.58905,0.59018,12147.49
1694592000000,0.59016,0.59088,0.58976,0.59043,9933.2
1694606400000,0.59044,0.59266,0.58797,0.59151,37832.51
1694620800000,0.5915,0.59247,0.59039,0.5912,9639.23
1694635200000,0.59119,0.59241,0.59079,0.59191,4163.05
1694649600000,0.59191,0.59443,0.59169,0.59302,12879.72
1694664000000,0.59301,0.59385,0.59179,0.59195,11090.8
1694678400000,0.59194,0.59302,0.5913,0.5928,10989.42
1694692800000,0.59281,0.59345,0.5901,0.59151,46392.38
1694707200000,0.59149,0.59237,0.59062,0.59069,12404.45
1694721600000,0.5907,0.59126,0.59024,0.59024,5103.55
1694736000000,0.59025,0.593,0.59016,0.59289,20478.32
1694750400000,0.59288,0.59371,0.59192,0.59216,16293.5
1694764800000,0.59218,0.59227,0.59097,0.59154,14881.38
1694779200000,0.59155,0.59186,0.58953,0.59056,28151.76
1694793600000,0.59057,0.59094,0.58944,0.58947,9863.61
1694808000000,0.58947,0.58991,0.58923,0.58933,2363.99
1694980800000,0.58892,0.59061,0.58892,0.59043,2168.01
1694995200000,0.59043,0.59188,0.59013,0.59082,10909.04
1695009600000,0.5908,0.59194,0.59046,0.59051,10013.04
1695024000000,0.5905,0.59114,0.58982,0.5904,8551.48
1695038400000,0.59039,0.59207,0.58942,0.59173,14781.85
1695052800000,0.59172,0.59201,0.59099,0.59155,7459.67
1695067200000,0.59156,0.59229,0.58935,0.592,3058.3
1695081600000,0.59199,0.59267,0.59112,0.5917,10902.39
1695096000000,0.59171,0.59364,0.59124,0.59351,14774.61
1695110400000,0.5935,0.59439,0.59293,0.59419,14614.68
1695124800000,0.59421,0.59472,0.59259,0.59282,24030.37
1695139200000,0.59281,0.59347,0.59241,0.59325,16015.77
1695153600000,0.59323,0.59534,0.59288,0.59493,5280.76
1695168000000,0.59492,0.59531,0.59322,0.59341,11033.65
1695182400000,0.5934,0.59432,0.59328,0.5938,14161.87
1695196800000,0.59381,0.59668,0.59358,0.59648,14652.47
1695211200000,0.59647,0.5979,0.59604,0.59741,19296.82
1695225600000,0.59741,0.59849,0.59247,0.59255,44650.84
1695240000000,0.59254,0.5951,0.59191,0.59234,10405.27
1695254400000,0.59232,0.59277,0.59027,0.59103,13056.13
1695268800000,0.59104,0.59196,0.59012,0.59177,14103.17
1695283200000,0.59177,0.59249,0.59066,0.59073,19472.01
1695297600000,0.59072,0.59364,0.58951,0.59319,33126.67
1695312000000,0.5932,0.5941,0.59268,0.59292,18310.63
1695326400000,0.5929,0.59386,0.5923,0.59304,5792.51
1695340800000,0.59306,0.59373,0.59187,0.59331,13990.77
1695355200000,0.59332,0.59551,0.59305,0.5952,17486.96
1695369600000,0.59522,0.59751,0.59473,0.59709,17751.19
1695384000000,0.59708,0.59882,0.59659,0.59724,31709.43
1695398400000,0.59726,0.59765,0.59589,0.596,16459.31
1695412800000,0.596,0.59606,0.59559,0.59559,1542.42
1695585600000,0.59588,0.59623,0.59543,0.59558,6747.35
1695600000000,0.59558,0.59636,0.5946,0.59468,9260.87
1695614400000,0.59466,0.59548,0.59426,0.59502,9747.06
1695628800000,0.59503,0.59737,0.5945,0.59626,15358.95
1695643200000,0.59626,0.59718,0.59516,0.59626,23259.2
1695657600000,0.59627,0.59707,0.59577,0.5965,11771.08
1695672000000,0.59649,0.59683,0.59574,0.5966,4792.32
1695686400000,0.59663,0.59732,0.59614,0.5963,10140.97
1695700800000,0.59633,0.59648,0.59357,0.59515,14476.75
1695715200000,0.59516,0.59668,0.59514,0.59601,17537.01
1695729600000,0.596,0.59691,0.59488,0.59513,26602.83
1695744000000,0.59513,0.59578,0.59415,0.59431,14046.62
1695758400000,0.59432,0.59478,0.59407,0.59468,3995.38
1695772800000,0.59471,0.59563,0.59256,0.59278,17468.15
1695787200000,0.59279,0.59407,0.59224,0.59334,12420.36
1695801600000,0.59335,0.59438,0.59203,0.59242,13814.45
1695816000000,0.59244,0.59416,0.59201,0.59248,28714.45
1695830400000,0.59246,0.59301,0.58992,0.59207,24253.34
1695844800000,0.59207,0.59236,0.59136,0.59146,5986.55
1695859200000,0.59145,0.59454,0.59138,0.59424,13095.71
1695873600000,0.59423,0.5947,0.59335,0.59375,18898.86
1695888000000,0.59378,0.59639,0.59334,0.59527,20388.06
1695902400000,0.59527,0.59698,0.59348,0.59691,44375.76
1695916800000,0.59691,0.59729,0.59561,0.59604,16577.02
1695931200000,0.59605,0.59665,0.59544,0.59633,3941.61
1695945600000,0.59631,0.60015,0.59622,0.59995,14984.98
1695960000000,0.59993,0.60349,0.59975,0.60277,16715.07
1695974400000,0.60278,0.60484,0.60233,0.60263,21026.24
1695988800000,0.6026,0.60439,0.6002,0.60085,39936.62
1696003200000,0.60085,0.60121,0.59875,0.59919,22370.47
1696017600000,0.59918,0.59982,0.59914,0.59928,3824.72
1696190400000,0.59935,0.59999,0.59828,0.59951,5113.95
1696204800000,0.59949,0.59996,0.59871,0.59901,8066.44
1696219200000,0.59901,0.60076,0.59769,0.59918,13534.85
1696233600000,0.59917,0.59947,0.59673,0.59677,17556.71
1696248000000,0.59678,0.59745,0.59503,0.59558,31148.98
1696262400000,0.59555,0.5957,0.59426,0.59468,20481.28
1696276800000,0.59467,0.59543,0.59369,0.59401,7124.95
1696291200000,0.59399,0.59399,0.59152,0.59235,12641.11
1696305600000,0.59237,0.59252,0.59029,0.59069,18581.19
1696320000000,0.59074,0.59183,0.58875,0.58974,18740.02
1696334400000,0.58973,0.5917,0.58871,0.58914,52988.44
1696348800000,0.58914,0.591,0.58899,0.5907,21513.11
1696363200000,0.59067,0.59135,0.58964,0.59123,4576.31
1696377600000,0.59121,0.59208,0.58705,0.58827,16111.99
1696392000000,0.58828,0.59053,0.58803,0.58954,22336.48
1696406400000,0.58954,0.59119,0.58922,0.58993,20473.26
1696420800000,0.58991,0.59228,0.58858,0.59207,48254.79
1696435200000,0.59207,0.59246,0.59043,0.5916,20399.27
1696449600000,0.59159,0.59203,0.59006,0.59178,5250.39
1696464000000,0.59179,0.59499,0.59107,0.59467,18526.39
1696478400000,0.59467,0.59502,0.59246,0.59302,17604.26
1696492800000,0.59301,0.59448,0.59201,0.59423,24006.29
1696507200000,0.59424,0.59551,0.59233,0.59441,42401.72
1696521600000,0.59443,0.59674,0.59428,0.59649,21624.65
1696536000000,0.59647,0.59703,0.5961,0.59662,3564.53
1696550400000,0.59663,0.59697,0.59604,0.59618,11624.71
1696564800000,0.59617,0.59666,0.59497,0.59646,11846.48
1696579200000,0.59648,0.59702,0.59565,0.59639,20059.54
1696593600000,0.59637,0.59997,0.59228,0.59929,60291.9
1696608000000,0.59929,0.60031,0.59814,0.59942,23669.19
1696622400000,0.59941,0.59948,0.59854,0.59854,4132.52
1696795200000,0.59643,0.5976,0.59615,0.59715,9107.96
1696809600000,0.59716,0.59886,0.59684,0.59696,10435.27
1696824000000,0.59698,0.598,0.596,0.5972,19249.07
1696838400000,0.59721,0.59822,0.59691,0.59777,14844.17
1696852800000,0.59776,0.60082,0.59739,0.60011,28797.52
1696867200000,0.60011,0.60273,0.5996,0.60243,21922.6
1696881600000,0.60248,0.60328,0.60003,0.60305,5808.55
1696896000000,0.60308,0.60413,0.60191,0.60211,12978.6
1696910400000,0.60211,0.60212,0.60004,0.60026,19762.25
1696924800000,0.60027,0.60245,0.59983,0.60039,25075.41
1696939200000,0.60041,0.60421,0.60022,0.60409,31841.12
1696953600000,0.60408,0.60446,0.60274,0.60435,17771.4
1696968000000,0.60439,0.60483,0.60352,0.60405,5489.23
1696982400000,0.60406,0.60551,0.60259,0.60275,9975.69
1696996800000,0.60277,0.60366,0.60187,0.60228,18630.75
1697011200000,0.60228,0.60267,0.60171,0.6018,19148.93
1697025600000,0.60177,0.60325,0.60064,0.60206,34760.51
1697040000000,0.60207,0.60214,0.60065,0.60195,19497.52
1697054400000,0.60195,0.60222,0.60066,0.60181,5565.74
1697068800000,0.6018,0.60253,0.60065,0.60131,11097.11
1697083200000,0.60129,0.6018,0.59953,0.59992,11922.4
1697097600000,0.59993,0.60058,0.59931,0.59995,10861.65
1697112000000,0.59996,0.60001,0.59375,0.59413,40191.82
1697126400000,0.59415,0.59456,0.59247,0.59301,22377.57
1697140800000,0.59302,0.59306,0.59194,0.59198,4999.62
1697155200000,0.592,0.59282,0.59164,0.59172,10858.3
1697169600000,0.59169,0.59226,0.59102,0.59219,18409.7
1697184000000,0.59216,0.59258,0.58978,0.59071,22447.21
1697198400000,0.5907,0.5921,0.58864,0.58899,39202.82
1697212800000,0.58899,0.58965,0.58857,0.58887,15605.55
1697227200000,0.58887,0.58887,0.58807,0.58812,2589.46
1697400000000,0.59145,0.5915,0.58988,0.59062,7568.28
1697414400000,0.59064,0.59284,0.59027,0.59227,14398.15
1697428800000,0.59226,0.59268,0.59147,0.59259,14457.38
1697443200000,0.59258,0.59276,0.59129,0.59221,15568.35
1697457600000,0.59222,0.59273,0.59059,0.59215,31710.95
1697472000000,0.59215,0.59291,0.59202,0.59259,11310.83
1697486400000,0.59259,0.59289,0.58981,0.58997,8730.7
1697500800000,0.58999,0.59138,0.58958,0.59013,11133.27
1697515200000,0.59015,0.59045,0.58936,0.58952,12607.43
1697529600000,0.5895,0.59036,0.58796,0.58984,16378.26
1697544000000,0.58984,0.59088,0.58706,0.59062,40144.79
1697558400000,0.59062,0.59084,0.5887,0.58967,16864.27
1697572800000,0.58966,0.58981,0.58853,0.58941,4987.53
1697587200000,0.5894,0.59111,0.58797,0.59046,15094.52
1697601600000,0.59047,0.59193,0.59027,0.5904,17480.89
1697616000000,0.59042,0.59063,0.58862,0.58906,16258.6
1697630400000,0.58907,0.58954,0.5854,0.58568,35762.06
1697644800000,0.58567,0.58741,0.58507,0.58557,29312.33
1697659200000,0.58556,0.58583,0.58498,0.58531,5472.32
1697673600000,0.58532,0.5858,0.58259,0.58266,14693.32
1697688000000,0.58265,0.5833,0.58176,0.58186,15512.16
1697702400000,0.58185,0.58305,0.58152,0.58249,14687
1697716800000,0.58248,0.58436,0.58225,0.58379,37965.31
1697731200000,0.5838,0.58661,0.58277,0.5855,52671.89
1697745600000,0.58549,0.58552,0.58372,0.58403,7728.23
1697760000000,0.58401,0.58403,0.58206,0.58326,10958.32
1697774400000,0.58325,0.58342,0.58197,0.58202,12024.49
1697788800000,0.58202,0.58357,0.58164,0.58284,12163.54
1697803200000,0.58283,0.58362,0.58182,0.58274,29906.17
1697817600000,0.58275,0.58354,0.58197,0.5822,26845.17
1697832000000,0.58219,0.58273,0.58215,0.58228,2836.26
1698004800000,0.58185,0.58314,0.58171,0.58282,4525.82
1698019200000,0.5828,0.58295,0.58183,0.58216,9508.21
1698033600000,0.58215,0.58333,0.5817,0.58193,9791.32
1698048000000,0.58194,0.58261,0.58071,0.58195,13932.2
1698062400000,0.58193,0.58446,0.58131,0.58416,29138.26
1698076800000,0.58416,0.58572,0.58406,0.58478,13896.02
1698091200000,0.58479,0.58521,0.58309,0.58504,7566.11
1698105600000,0.58504,0.58648,0.58461,0.58581,11736.42
1698120000000,0.58582,0.58722,0.58499,0.58584,12218.03
1698134400000,0.58588,0.58629,0.58416,0.58495,14233.8
1698148800000,0.58493,0.58506,0.58284,0.5832,32034.04
1698163200000,0.5832,0.58448,0.58298,0.58433,10834.54
1698177600000,0.58435,0.58466,0.5832,0.58461,8913.94
1698192000000,0.58462,0.58695,0.5843,0.58514,17726.46
1698206400000,0.58513,0.58582,0.584,0.58414,11032.2
1698220800000,0.58412,0.58472,0.58162,0.58179,17170.02
1698235200000,0.5818,0.58295,0.58095,0.58225,32789.2
1698249600000,0.58225,0.58229,0.58022,0.58041,16323.01
1698264000000,0.58041,0.58064,0.57859,0.57914,8673.5
1698278400000,0.57912,0.57948,0.57729,0.57779,10963.86
1698292800000,0.5778,0.58008,0.57758,0.57993,20158.66
1698307200000,0.57994,0.58099,0.57928,0.57932,16964.54
1698321600000,0.57932,0.58288,0.57881,0.58136,32933.44
1698336000000,0.58137,0.58291,0.58076,0.58168,18856.77
1698350400000,0.58167,0.58283,0.58154,0.58274,5349.5
1698364800000,0.58278,0.58315,0.58171,0.58223,13060.12
1698379200000,0.58222,0.58258,0.58095,0.58185,11203.11
1698393600000,0.58184,0.58327,0.5816,0.5818,15293.55
1698408000000,0.58185,0.58436,0.58148,0.58232,28269.44
1698422400000,0.58233,0.58256,0.5805,0.581,18912.03
1698436800000,0.58101,0.58113,0.58053,0.58069,2244.66
1698609600000,0.58091,0.58157,0.58038,0.58073,6748.11
1698624000000,0.58072,0.5827,0.58052,0.58233,9306.81
1698638400000,0.5823,0.58338,0.58223,0.58259,9531.99
1698652800000,0.58257,0.58381,0.58189,0.58339,19428.91
1698667200000,0.58338,0.58436,0.58223,0.58342,31523.82
1698681600000,0.58341,0.58444,0.58278,0.58423,16295.07
1698696000000,0.58424,0.58447,0.58357,0.58386,6384.67
1698710400000,0.58383,0.58455,0.58249,0.58294,11823.57
1698724800000,0.58291,0.58476,0.58225,0.58428,9579.38
1698739200000,0.58426,0.58568,0.58382,0.5848,14676.93
1698753600000,0.58479,0.58522,0.58033,0.58158,32950.97
1698768000000,0.58158,0.58259,0.58065,0.58256,15051.04
1698782400000,0.58257,0.58332,0.57937,0.58067,9379.24
1698796800000,0.58067,0.58109,0.57886,0.58048,9525.62
1698811200000,0.58048,0.58223,0.58018,0.58135,13940.71
1698825600000,0.58136,0.58253,0.58128,0.58222,12612.98
1698840000000,0.58222,0.58579,0.58146,0.58288,34327.07
1698854400000,0.58287,0.58572,0.58207,0.58497,36004.37
1698868800000,0.58498,0.58788,0.58386,0.58788,7199.86
1698883200000,0.5879,0.58959,0.58749,0.58888,9627.69
1698897600000,0.58889,0.58889,0.58757,0.58832,11291.51
1698912000000,0.58832,0.59094,0.58728,0.58958,18485.32
1698926400000,0.58961,0.59167,0.58784,0.58841,28959.1
1698940800000,0.58841,0.58969,0.58773,0.58967,13393.86
1698955200000,0.58967,0.58997,0.58924,0.5895,5367.75
1698969600000,0.58953,0.59002,0.58841,0.58959,9066.2
1698984000000,0.58957,0.59135,0.58939,0.59081,5740.53
1698998400000,0.59084,0.5924,0.59044,0.59224,11322.49
1699012800000,0.59225,0.59935,0.59196,0.59885,53763.94
1699027200000,0.59886,0.60003,0.59824,0.59898,18384.68
1699041600000,0.59897,0.59979,0.59895,0.5995,2896.3
1699214400000,0.59882,0.59961,0.59882,0.59946,2464.73
1699228800000,0.59947,0.59972,0.59829,0.59891,11409.83
1699243200000,0.5989,0.60008,0.59865,0.59874,10860.95
1699257600000,0.59873,0.60016,0.59736,0.59805,13967.84
1699272000000,0.59803,0.59816,0.59663,0.59783,16180.5
1699286400000,0.59783,0.59818,0.59657,0.59671,12658.12
1699300800000,0.59671,0.59685,0.59572,0.59607,7561.64
1699315200000,0.59607,0.59654,0.59467,0.59502,11313.54
1699329600000,0.59501,0.59507,0.59147,0.5918,11452.75
1699344000000,0.59182,0.59294,0.59115,0.59164,13400.44
1699358400000,0.59163,0.59338,0.59107,0.59278,19337.16
1699372800000,0.59278,0.59419,0.59169,0.59359,13340.78
1699387200000,0.59362,0.59373,0.5927,0.59341,6652.31
1699401600000,0.59338,0.59407,0.59231,0.59359,9820.24
1699416000000,0.5936,0.59418,0.59275,0.59373,11948.21
1699430400000,0.59376,0.59396,0.59166,0.59312,15386.99
1699444800000,0.5931,0.5932,0.59104,0.59191,19698.69
1699459200000,0.5919,0.59291,0.59079,0.59085,16386.2
1699473600000,0.59086,0.59139,0.59056,0.59117,8111.64
1699488000000,0.59118,0.59262,0.59067,0.59223,6682.36
1699502400000,0.59222,0.59366,0.59222,0.59304,10016.76
1699516800000,0.59306,0.59363,0.59164,0.59277,15681.87
1699531200000,0.59277,0.59543,0.59235,0.59493,18348.18
1699545600000,0.59493,0.59499,0.58997,0.59036,25138.94
1699560000000,0.59036,0.59104,0.58858,0.58883,10069.65
1699574400000,0.58883,0.58993,0.58857,0.58917,8326.38
1699588800000,0.58917,0.59044,0.58892,0.58969,12462.57
1699603200000,0.5897,0.58994,0.58856,0.58912,14085.61
1699617600000,0.58912,0.58999,0.5878,0.5885,20220.23
1699632000000,0.5885,0.58943,0.58788,0.58876,16279.27
1699646400000,0.58875,0.58916,0.58872,0.58879,4563.79
1699819200000,0.58813,0.58983,0.58803,0.58932,3250.98
1699833600000,0.58933,0.58968,0.58872,0.58924,6665.24
1699848000000,0.58925,0.5897,0.58901,0.58925,8291.08
1699862400000,0.58923,0.58936,0.58809,0.58831,8795.02
1699876800000,0.58832,0.58843,0.58698,0.58837,17772.63
1699891200000,0.58837,0.58936,0.58818,0.5884,9040.71
1699905600000,0.58839,0.58844,0.5872,0.58818,5715.31
1699920000000,0.5882,0.58833,0.58699,0.58725,6649.25
1699934400000,0.58724,0.58748,0.58645,0.58701,7841.74
1699948800000,0.58701,0.58791,0.58634,0.58652,10759.68
1699963200000,0.5865,0.59762,0.58615,0.59736,54021.34
1699977600000,0.59732,0.60103,0.59714,0.60102,17669.73
1699992000000,0.60102,0.60131,0.59991,0.60033,11706.74
1700006400000,0.60034,0.6024,0.59972,0.6024,10810.93
1700020800000,0.60241,0.60366,0.60175,0.60329,11239.14
1700035200000,0.60333,0.60466,0.60308,0.60417,15328.92
1700049600000,0.60418,0.60541,0.60032,0.6031,36240.84
1700064000000,0.60309,0.60359,0.60181,0.6023,15829.05
1700078400000,0.60231,0.60296,0.6013,0.60278,5892.05
1700092800000,0.60279,0.60289,0.59706,0.59798,21995.76
1700107200000,0.59798,0.59899,0.59762,0.59811,9533.6
1700121600000,0.59811,0.60044,0.59765,0.59905,17426.82
1700136000000,0.59904,0.60121,0.59712,0.59953,34044.37
1700150400000,0.59952,0.60006,0.59737,0.5976,15615.73
1700164800000,0.59761,0.59779,0.5963,0.5964,8573.6
1700179200000,0.59643,0.59681,0.59469,0.59588,8812.47
1700193600000,0.59585,0.59607,0.59399,0.59519,10921.55
1700208000000,0.5952,0.59969,0.59494,0.59834,23299.52
1700222400000,0.59834,0.59878,0.59651,0.59789,33997.92
1700236800000,0.59789,0.59894,0.59646,0.59837,18964.06
1700251200000,0.59837,0.59918,0.59822,0.59854,5737.02
1700424000000,0.59836,0.60004,0.59783,0.5994,5047.09
1700438400000,0.59939,0.60266,0.59882,0.60253,16323.08
1700452800000,0.60253,0.60369,0.60204,0.60301,12177.23
1700467200000,0.60304,0.60429,0.60226,0.60249,17821.09
1700481600000,0.60247,0.60286,0.6004,0.60179,23158.85
1700496000000,0.6018,0.60372,0.60155,0.60323,16966.48
1700510400000,0.60323,0.60413,0.60186,0.60392,5537.12
1700524800000,0.6039,0.60738,0.6036,0.60727,15736.06
1700539200000,0.60724,0.60744,0.6053,0.60661,14487.67
1700553600000,0.60662,0.60858,0.60583,0.60673,21212.99
1700568000000,0.60675,0.6084,0.60563,0.60578,25249.67
1700582400000,0.60577,0.60663,0.6037,0.60491,20339.49
1700596800000,0.60491,0.60534,0.60408,0.60533,8465.1
1700611200000,0.60531,0.60639,0.60438,0.60466,10781.4
1700625600000,0.60466,0.60477,0.60191,0.60296,12216.21
1700640000000,0.60297,0.6043,0.6015,0.60368,20219.47
1700654400000,0.60367,0.60435,0.59959,0.60083,37585.8
1700668800000,0.60085,0.60241,0.60061,0.60218,18152.72
1700683200000,0.60218,0.6023,0.60123,0.60203,8504.59
1700697600000,0.60202,0.6053,0.60201,0.60509,11946.49
1700712000000,0.6051,0.60659,0.60469,0.60592,10461.1
1700726400000,0.60592,0.60647,0.60427,0.60491,14069.89
1700740800000,0.6049,0.60492,0.60349,0.60449,15031.48
1700755200000,0.60449,0.6048,0.60414,0.6045,4180.61
1700769600000,0.6045,0.605,0.60413,0.60475,3714.76
1700784000000,0.60477,0.60573,0.60441,0.60495,6450.55
1700798400000,0.60498,0.60587,0.60485,0.60551,7697.95
1700812800000,0.6055,0.60668,0.60508,0.60639,8546.87
1700827200000,0.60639,0.60866,0.60598,0.60845,14926.87
1700841600000,0.60845,0.60887,0.60786,0.60847,11674.83
1700856000000,0.60847,0.60888,0.60782,0.60787,10897.06
1701028800000,0.60779,0.60835,0.60759,0.60762,2274.61
1701043200000,0.60763,0.60916,0.60604,0.6066,11909.48
1701057600000,0.6066,0.6084,0.60609,0.60804,11169.67
1701072000000,0.60803,0.60971,0.60732,0.60955,15479.02
1701086400000,0.60955,0.61033,0.6079,0.609,23063.02
1701100800000,0.60901,0.61068,0.6081,0.61028,14865.27
1701115200000,0.6103,0.6103,0.60916,0.61027,9921.75
1701129600000,0.61029,0.61136,0.60981,0.60999,15241.81
1701144000000,0.61,0.61042,0.60893,0.6091,8980.13
1701158400000,0.60911,0.6098,0.60797,0.60918,12965.36
1701172800000,0.60916,0.61341,0.60862,0.61326,29383.23
1701187200000,0.61326,0.61466,0.61179,0.61384,30411.17
1701201600000,0.61383,0.61497,0.61248,0.61448,12706.27
1701216000000,0.61451,0.62078,0.61338,0.61893,23293.62
1701230400000,0.61889,0.62036,0.6158,0.61593,17513.77
1701244800000,0.61595,0.61717,0.61445,0.61534,19761.36
1701259200000,0.61534,0.6172,0.61389,0.61555,32900.52
1701273600000,0.61553,0.61685,0.61376,0.61563,19923.61
1701288000000,0.61562,0.61599,0.61486,0.61537,10046.26
1701302400000,0.61538,0.61818,0.61519,0.61782,18572.24
1701316800000,0.6178,0.61814,0.61585,0.61737,13032.29
1701331200000,0.61739,0.61775,0.61382,0.61403,20046.98
1701345600000,0.61404,0.61768,0.61205,0.61751,57082.75
1701360000000,0.6175,0.61808,0.61481,0.61594,27016.83
1701374400000,0.61596,0.61611,0.61476,0.61562,12722.07
1701388800000,0.61564,0.6192,0.61558,0.61611,11772.59
1701403200000,0.6161,0.61672,0.61505,0.61534,11674.82
1701417600000,0.61537,0.61853,0.61534,0.61698,14826.25
1701432000000,0.61699,0.61812,0.61541,0.61767,42076.4
1701446400000,0.61765,0.62044,0.61669,0.62008,43968.5
1701460800000,0.62007,0.62096,0.61988,0.62072,7217.17
1701633600000,0.61905,0.62185,0.61905,0.62146,6398.79
1701648000000,0.62146,0.62221,0.61947,0.61949,15475.45
1701662400000,0.61948,0.6199,0.61741,0.61753,13752.01
1701676800000,0.61753,0.61996,0.61734,0.61939,15362
1701691200000,0.61938,0.61984,0.61575,0.61638,39100.79
1701705600000,0.61638,0.61732,0.61507,0.61642,24310.37
1701720000000,0.61642,0.61686,0.61581,0.61642,7625.59
1701734400000,0.61643,0.61737,0.61389,0.61448,13005.09
1701748800000,0.61447,0.61577,0.6143,0.61466,12688.3
1701763200000,0.61468,0.61619,0.61365,0.6141,21217.17
1701777600000,0.61411,0.61559,0.61252,0.61429,41198.4
1701792000000,0.61428,0.61459,0.61252,0.61278,24014.12
1701806400000,0.6128,0.61369,0.61263,0.61326,9136.66
1701820800000,0.61328,0.61701,0.61328,0.61675,12624
1701835200000,0.61676,0.61763,0.61573,0.61738,12859.07
1701849600000,0.61738,0.61759,0.61407,0.615,16675.44
1701864000000,0.61499,0.61685,0.61488,0.61574,28734.41
1701878400000,0.61573,0.6165,0.61425,0.61437,18158.6
1701892800000,0.61438,0.6144,0.61338,0.61394,9592.83
1701907200000,0.61391,0.61451,0.61128,0.61157,12103.57
1701921600000,0.61156,0.61429,0.61152,0.61365,14852.03
1701936000000,0.61367,0.61526,0.61297,0.61419,19442.71
1701950400000,0.61418,0.6161,0.6127,0.61595,44447.68
1701964800000,0.61596,0.61929,0.61593,0.61718,27880.69
1701979200000,0.61716,0.61754,0.61499,0.616,10328.62
1701993600000,0.61601,0.61746,0.61565,0.61626,18465.38
1702008000000,0.61624,0.61703,0.61507,0.61535,14477.44
1702022400000,0.61536,0.61571,0.61423,0.6148,19400.15
1702036800000,0.61482,0.6154,0.61034,0.61266,57317.59
1702051200000,0.61267,0.61275,0.61092,0.61234,24331.67
1702065600000,0.61235,0.61244,0.61186,0.61186,7268.93
1702238400000,0.61096,0.61264,0.61096,0.61237,2776.35
1702252800000,0.61235,0.61319,0.611,0.61147,16997.99
1702267200000,0.61148,0.61184,0.61044,0.61059,13028.03
1702281600000,0.61061,0.61242,0.61045,0.61232,13747.74
1702296000000,0.61233,0.61314,0.61071,0.61191,25373.73
1702310400000,0.6119,0.61312,0.61123,0.61248,19245.29
1702324800000,0.6125,0.61271,0.61175,0.61219,7015.23
1702339200000,0.61218,0.61482,0.61194,0.61444,9697.9
1702353600000,0.61443,0.61629,0.6144,0.61544,8930.76
1702368000000,0.61544,0.61583,0.61396,0.61472,16790.6
1702382400000,0.61471,0.61692,0.61045,0.61269,50454.39
1702396800000,0.61269,0.61341,0.61191,0.61275,23073.47
1702411200000,0.61277,0.61367,0.61249,0.61363,10901.61
1702425600000,0.61366,0.6139,0.61007,0.61039,11317.52
1702440000000,0.61039,0.61039,0.60869,0.60927,10615.83
1702454400000,0.60925,0.60998,0.60837,0.60967,13942.88
1702468800000,0.6097,0.61244,0.60926,0.6124,25051.88
1702483200000,0.61239,0.62045,0.61131,0.62039,41121.26
1702497600000,0.6204,0.6213,0.61604,0.61907,36295.85
1702512000000,0.61905,0.62489,0.61889,0.62381,38554.22
1702526400000,0.6238,0.6243,0.62145,0.62161,36974.38
1702540800000,0.62163,0.62215,0.61915,0.62124,25081.22
1702555200000,0.62125,0.62178,0.6185,0.62046,58185.73
1702569600000,0.62046,0.62285,0.61995,0.6206,36000.9
1702584000000,0.6206,0.62131,0.61823,0.62131,10273.09
1702598400000,0.62132,0.62216,0.61954,0.62172,11480.79
1702612800000,0.6217,0.62218,0.6193,0.6208,12620.99
1702627200000,0.62081,0.62259,0.62078,0.62198,22193.4
1702641600000,0.62198,0.62243,0.61773,0.62196,46071.9
1702656000000,0.62196,0.6229,0.61995,0.62084,28874.98
1702670400000,0.62082,0.62172,0.62047,0.62054,9404.81
1702843200000,0.61969,0.62128,0.6179,0.62087,4143.09
1702857600000,0.62089,0.6242,0.62075,0.6238,14389.58
1702872000000,0.6238,0.62452,0.62313,0.62409,10248.19
1702886400000,0.62408,0.62507,0.62248,0.62318,18597.59
1702900800000,0.62317,0.62417,0.62024,0.62046,26359.99
1702915200000,0.62045,0.62116,0.62018,0.62095,15878.64
1702929600000,0.62094,0.62142,0.62026,0.6214,7740.96
1702944000000,0.62141,0.62365,0.6214,0.62272,13299.23
1702958400000,0.62271,0.62339,0.62189,0.62207,14491.2
1702972800000,0.62207,0.62394,0.62205,0.62347,11514.85
1702987200000,0.62347,0.62706,0.6234,0.62673,17454.03
1703001600000,0.62674,0.62722,0.62641,0.62659,15699.2
1703016000000,0.62661,0.6272,0.6242,0.62654,8528.23
1703030400000,0.62656,0.62775,0.62566,0.62763,10685.86
1703044800000,0.62762,0.62864,0.62721,0.6282,12606.93
1703059200000,0.62819,0.62947,0.62793,0.6289,12788.57
1703073600000,0.62892,0.62981,0.62789,0.62896,20100.46
1703088000000,0.62894,0.62915,0.62633,0.62676,18245.12
1703102400000,0.62676,0.62676,0.6232,0.62531,17454.51
1703116800000,0.62532,0.62616,0.6243,0.62512,7518.69
1703131200000,0.62512,0.62526,0.62384,0.62446,7552.2
1703145600000,0.62447,0.62643,0.62434,0.62633,16368.51
1703160000000,0.62633,0.62923,0.62527,0.62821,53416.16
1703174400000,0.62822,0.62949,0.62686,0.62856,37933.9
1703188800000,0.62856,0.62975,0.62787,0.62933,13196.71
1703203200000,0.62932,0.6298,0.62772,0.62799,13249.53
1703217600000,0.628,0.62863,0.62758,0.62815,12134.82
1703232000000,0.62816,0.63038,0.62751,0.63021,35746.91
1703246400000,0.63023,0.63173,0.62846,0.63066,66004.37
1703260800000,0.63067,0.63081,0.62859,0.62954,41546.62
1703275200000,0.62954,0.62977,0.62909,0.6295,13984.3
1703462400000,0.62789,0.62789,0.62708,0.62727,61.8
1703476800000,0.62727,0.62998,0.62704,0.6289,156.3
1703534400000,0.62997,0.63049,0.62784,0.63029,1424.41
1703548800000,0.63028,0.63225,0.63014,0.63219,11142.62
1703563200000,0.6322,0.63253,0.63086,0.63092,12975.96
1703577600000,0.63093,0.6314,0.63016,0.63105,27590.77
1703592000000,0.63105,0.63234,0.63084,0.63156,51521.44
1703606400000,0.63154,0.63312,0.63149,0.63308,29800.72
1703620800000,0.6331,0.63341,0.6294,0.63293,13731.19
1703635200000,0.63293,0.6334,0.63203,0.63305,6684.76
1703649600000,0.63303,0.63362,0.63256,0.63261,10524.53
1703664000000,0.63261,0.63333,0.63155,0.63306,10995.72
1703678400000,0.63305,0.63409,0.63216,0.63396,18084.64
1703692800000,0.63395,0.63484,0.63319,0.63339,19423.96
1703707200000,0.63341,0.63485,0.63324,0.63476,9057.51
1703721600000,0.63476,0.6369,0.6347,0.63572,28687.6
1703736000000,0.63572,0.63572,0.63392,0.63527,17594.34
1703750400000,0.63527,0.63549,0.63259,0.6339,34003.01
1703764800000,0.63394,0.6363,0.63287,0.63565,45014.05
1703779200000,0.63564,0.63567,0.63237,0.63302,32703.29
1703793600000,0.63301,0.63344,0.63265,0.63337,7570.53
1703808000000,0.63338,0.63494,0.63334,0.63465,19895.68
1703822400000,0.63466,0.63583,0.63418,0.6342,22143.67
1703836800000,0.63418,0.63464,0.63047,0.63191,33101.03
1703851200000,0.63191,0.63461,0.6304,0.63302,45872.52
1703865600000,0.63301,0.63452,0.63127,0.632,41649.45
1703880000000,0.63201,0.63243,0.63154,0.63158,7575.35
1704139200000,0.63183,0.63245,0.63126,0.63139,2428.46
1704153600000,0.63141,0.63205,0.62933,0.6301,9793.41
1704168000000,0.63011,0.63166,0.62994,0.63019,15085.8
1704182400000,0.6302,0.63153,0.62769,0.62807,29473.08
1704196800000,0.62807,0.6283,0.62526,0.62612,33797.67
1704211200000,0.6261,0.62721,0.62494,0.62508,16689.59
1704225600000,0.62508,0.62542,0.62473,0.62508,8803.86
1704240000000,0.62508,0.62672,0.62447,0.6267,8456.35
1704254400000,0.6267,0.62758,0.62582,0.62605,10956.44
1704268800000,0.62603,0.62658,0.62417,0.62419,14992.02
1704283200000,0.62422,0.6253,0.62184,0.62264,43870.07
1704297600000,0.62265,0.6252,0.62233,0.62424,32628.71
1704312000000,0.62424,0.62514,0.62364,0.6251,12028.54
1704326400000,0.6251,0.6268,0.62343,0.62644,12684.75
1704340800000,0.62643,0.6285,0.62594,0.627,18801.51
1704355200000,0.62699,0.62772,0.62471,0.62478,19033.89
1704369600000,0.62477,0.62523,0.62214,0.62306,31674.59
1704384000000,0.62305,0.62387,0.62207,0.6228,20172.41
1704398400000,0.62279,0.62371,0.62234,0.623,8926.22
1704412800000,0.62301,0.62436,0.62251,0.62293,10303.51
1704427200000,0.62293,0.62347,0.62178,0.62244,13427.48
1704441600000,0.62243,0.62317,0.62083,0.62145,16257.01
1704456000000,0.62146,0.62772,0.61805,0.62679,58150.18
1704470400000,0.6268,0.62711,0.62369,0.62452,35766.47
1704484800000,0.62452,0.62472,0.62407,0.62412,8074.48
1704657600000,0.62314,0.62486,0.62314,0.62474,3001.11
1704672000000,0.62474,0.62606,0.62329,0.62346,8421.27
1704686400000,0.62344,0.62483,0.62302,0.6234,6342.37
1704700800000,0.62338,0.62344,0.6215,0.62161,15982.14
1704715200000,0.62159,0.62453,0.6212,0.62411,21188.62
1704729600000,0.62412,0.62529,0.62354,0.62498,14653.05
1704744000000,0.62498,0.62552,0.62417,0.62495,10331.28
1704758400000,0.62493,0.62665,0.62463,0.6259,8393.39
1704772800000,0.62589,0.62589,0.62334,0.62464,9235.58
1704787200000,0.62465,0.62576,0.62342,0.62378,14899.31
1704801600000,0.62376,0.62492,0.62305,0.62336,18947.96
1704816000000,0.62336,0.62405,0.62255,0.62374,23406.53
1704830400000,0.62374,0.62426,0.62262,0.62373,13246.07
1704844800000,0.62375,0.62484,0.62322,0.62408,12454.19
1704859200000,0.62406,0.62459,0.62294,0.62379,11738.47
1704873600000,0.6238,0.62538,0.62345,0.62377,15443.08
1704888000000,0.62379,0.62427,0.62199,0.6228,19598.81
1704902400000,0.62282,0.62302,0.62172,0.62268,18410.86
1704916800000,0.62269,0.62296,0.62153,0.62282,10707.39
1704931200000,0.62282,0.625,0.6227,0.62489,17179.63
1704945600000,0.62496,0.62572,0.62461,0.62487,8647.79
1704960000000,0.62486,0.62583,0.62399,0.6252,14037.02
1704974400000,0.62521,0.62632,0.61952,0.62126,57940.11
1704988800000,0.62126,0.62362,0.61995,0.62335,35375.49
1705003200000,0.6234,0.62424,0.62241,0.62422,10792.06
1705017600000,0.62427,0.62582,0.62354,0.62497,9507.14
1705032000000,0.62496,0.62498,0.62332,0.62409,8626.56
1705046400000,0.62407,0.62522,0.62298,0.62376,13604.48
1705060800000,0.62377,0.62776,0.62309,0.62538,39062.74
1705075200000,0.62537,0.62604,0.62396,0.62455,20736.99
1705089600000,0.62455,0.62471,0.62382,0.62385,7130.78
1705262400000,0.62368,0.62405,0.62258,0.62306,5191.96
1705276800000,0.62306,0.62416,0.62229,0.62348,10842.5
1705291200000,0.62348,0.62348,0.62063,0.62076,7371.58
1705305600000,0.62075,0.6211,0.61828,0.61949,13465.71
1705320000000,0.61947,0.61986,0.61867,0.6197,12761.74
1705334400000,0.61969,0.62033,0.61933,0.61941,5585.86
1705348800000,0.61943,0.62034,0.61865,0.61892,11903.94
1705363200000,0.61894,0.61901,0.61594,0.61644,22591.64
1705377600000,0.61645,0.61731,0.61595,0.61654,17406.91
1705392000000,0.61655,0.61791,0.61481,0.61551,24910.11
1705406400000,0.61551,0.61696,0.61461,0.61535,27180.8
1705420800000,0.61536,0.61581,0.61262,0.61367,34643.07
1705435200000,0.61367,0.61409,0.61322,0.61403,6542.4
1705449600000,0.61406,0.61514,0.61291,0.61305,22906.29
1705464000000,0.61305,0.61334,0.61129,0.61192,24786.43
1705478400000,0.61191,0.61258,0.61062,0.61199,18712.53
1705492800000,0.61199,0.61262,0.60877,0.60941,36653.87
1705507200000,0.6094,0.61086,0.60934,0.61026,23498.11
1705521600000,0.61028,0.61172,0.61015,0.6113,9542.84
1705536000000,0.61129,0.61356,0.61036,0.61218,15274.5
1705550400000,0.61215,0.61259,0.61125,0.61161,14130.34
1705564800000,0.61162,0.61268,0.61068,0.61214,15345.25
1705579200000,0.61213,0.61272,0.60941,0.6102,37683.33
1705593600000,0.61021,0.61112,0.60951,0.61008,21083.74
1705608000000,0.61009,0.61206,0.61009,0.61194,7412.32
1705622400000,0.61193,0.61262,0.61035,0.61044,8620.05
1705636800000,0.61046,0.61073,0.60891,0.61034,9550.74
1705651200000,0.61033,0.61237,0.60989,0.61193,16612.84
1705665600000,0.61195,0.61204,0.609,0.60997,25637.8
1705680000000,0.60997,0.61126,0.60957,0.6112,21082.04
1705694400000,0.61121,0.61174,0.61097,0.61105,4624.76
1705867200000,0.6112,0.61194,0.61054,0.61172,2782.96
1705881600000,0.61173,0.61386,0.61129,0.61229,12039.62
1705896000000,0.61231,0.61236,0.6101,0.61076,14365.01
1705910400000,0.61074,0.61198,0.60991,0.61153,15133.57
1705924800000,0.61152,0.61235,0.61033,0.6104,20033.29
1705939200000,0.6104,0.61041,0.60795,0.60817,11955.52
1705953600000,0.60822,0.60823,0.60649,0.60729,9503.51
1705968000000,0.60728,0.60983,0.60725,0.60942,17081.71
1705982400000,0.60942,0.61167,0.60921,0.61013,14378.81
1705996800000,0.61012,0.6102,0.60768,0.60793,17175.2
1706011200000,0.60793,0.61002,0.60696,0.60726,22826.74
1706025600000,0.60727,0.60853,0.60615,0.60817,17245.83
1706040000000,0.60818,0.61075,0.60775,0.61021,12043.79
1706054400000,0.6102,0.61064,0.60884,0.60954,12688.54
1706068800000,0.60955,0.61169,0.60941,0.61117,11346.47
1706083200000,0.61115,0.61416,0.61115,0.61292,19794.31
1706097600000,0.61292,0.61484,0.61217,0.61281,34280.65
1706112000000,0.61282,0.61321,0.61075,0.61121,24315.92
1706126400000,0.6112,0.61176,0.60994,0.61075,10136.12
1706140800000,0.61074,0.61141,0.60995,0.61109,14385.09
1706155200000,0.61106,0.61173,0.61033,0.61146,7919
1706169600000,0.61144,0.61292,0.61085,0.61239,23629.42
1706184000000,0.61241,0.61322,0.61053,0.61145,44388.63
1706198400000,0.61145,0.61222,0.61013,0.6111,25961.08
1706212800000,0.61109,0.61135,0.61069,0.61075,8347.35
1706227200000,0.61077,0.61133,0.60997,0.61069,10533.95
1706241600000,0.61073,0.61101,0.60935,0.60957,9185.1
1706256000000,0.60957,0.61146,0.60918,0.61104,15385.7
1706270400000,0.61106,0.61203,0.60974,0.61048,29333.18
1706284800000,0.61046,0.61049,0.60907,0.60946,17217.95
1706299200000,0.60946,0.60957,0.60891,0.60896,4976.17
1706472000000,0.60898,0.6094,0.60853,0.609,4944.62
1706486400000,0.609,0.61073,0.60874,0.60961,9206.44
1706500800000,0.60962,0.61166,0.60929,0.61111,9270.66
1706515200000,0.6111,0.61215,0.61076,0.61124,12162.52
1706529600000,0.61124,0.61206,0.60997,0.61091,15384.41
1706544000000,0.61093,0.61157,0.61029,0.61146,11311.85
1706558400000,0.61147,0.61433,0.61147,0.61328,12320.76
1706572800000,0.61329,0.6144,0.61313,0.61379,9105.1
1706587200000,0.61379,0.61489,0.61347,0.6146,13804.81
1706601600000,0.61463,0.61467,0.6124,0.61253,13643.83
1706616000000,0.61251,0.61366,0.61049,0.61142,24136.92
1706630400000,0.61141,0.61345,0.6111,0.61336,20590.22
1706644800000,0.61336,0.61367,0.61251,0.61312,8569.2
1706659200000,0.61313,0.61351,0.61115,0.61136,12755.06
1706673600000,0.61135,0.61233,0.61078,0.61227,8809.9
1706688000000,0.61227,0.61357,0.61165,0.61179,11889.6
1706702400000,0.61179,0.61734,0.61179,0.61554,42232.2
1706716800000,0.61551,0.61646,0.61231,0.61468,46448.18
1706731200000,0.61473,0.61477,0.61011,0.61125,30895.42
1706745600000,0.61124,0.61409,0.61099,0.61315,18781.85
1706760000000,0.61317,0.61345,0.60949,0.61015,13637.89
1706774400000,0.61015,0.6102,0.60795,0.60886,14791.34
1706788800000,0.60886,0.61185,0.60836,0.61165,37080.18
1706803200000,0.61165,0.61411,0.61164,0.61354,31742.62
1706817600000,0.61355,0.61461,0.61327,0.61442,7834.76
1706832000000,0.61441,0.61571,0.61438,0.61519,11197.43
1706846400000,0.61521,0.61535,0.61454,0.61459,10270.98
1706860800000,0.61457,0.61599,0.61442,0.61578,12955.91
1706875200000,0.6158,0.61602,0.60618,0.60736,40588.81
1706889600000,0.60736,0.60742,0.60583,0.60708,22034.97
1706904000000,0.60709,0.60753,0.60626,0.60642,6852.93
1707076800000,0.60636,0.60685,0.60491,0.60622,4844.12
1707091200000,0.60619,0.60718,0.60474,0.60704,14330.18
1707105600000,0.60703,0.60814,0.60664,0.6076,11608.89
1707120000000,0.60763,0.60784,0.60568,0.60634,17096.35
1707134400000,0.60634,0.60638,0.60379,0.60444,23879.15
1707148800000,0.60444,0.60608,0.60414,0.60512,17195.93
1707163200000,0.60513,0.6056,0.60419,0.60523,8457.54
1707177600000,0.60525,0.60687,0.60514,0.6062,14045.38
1707192000000,0.60619,0.60767,0.60606,0.60697,14374.38
1707206400000,0.60698,0.60704,0.60464,0.60519,11451.52
1707220800000,0.60519,0.60711,0.60476,0.60651,21130.32
1707235200000,0.60651,0.60813,0.60618,0.60751,18699.49
1707249600000,0.60756,0.61061,0.60754,0.60985,8022.81
1707264000000,0.60984,0.61111,0.60918,0.61056,9347.65
1707278400000,0.61054,0.6114,0.60982,0.61046,13435
1707292800000,0.61047,0.61169,0.60981,0.61105,18779.64
1707307200000,0.61105,0.61244,0.61032,0.61107,25360.32
1707321600000,0.61106,0.61125,0.61017,0.61079,17187.14
1707336000000,0.61079,0.61146,0.61055,0.61086,7519.64
1707350400000,0.61085,0.61234,0.61083,0.61147,11637.3
1707364800000,0.61148,0.61169,0.61063,0.61098,13359.46
1707379200000,0.611,0.61111,0.6088,0.60915,16492.84
1707393600000,0.60916,0.60933,0.60786,0.60873,20805.8
1707408000000,0.60872,0.61009,0.60832,0.60912,13374.81
1707422400000,0.60913,0.6113,0.60907,0.61127,7279.46
1707436800000,0.61127,0.61289,0.61061,0.61244,15086.41
1707451200000,0.61244,0.61343,0.61148,0.61287,10898.98
1707465600000,0.61288,0.61499,0.61283,0.61389,16429.83
1707480000000,0.61387,0.61582,0.61315,0.61432,25760.38
1707494400000,0.61432,0.6151,0.61371,0.61481,11465.49
1707508800000,0.61479,0.61537,0.61441,0.61441,5363.92
1707681600000,0.61394,0.61496,0.61345,0.61472,5048.13
1707696000000,0.6147,0.61515,0.61237,0.61274,8676.4
1707710400000,0.61275,0.61425,0.61264,0.61386,12347.26
1707724800000,0.61384,0.61384,0.61199,0.61249,15175.43
1707739200000,0.61249,0.61332,0.61218,0.61295,14004.45
1707753600000,0.61294,0.61393,0.61266,0.61276,12721.8
1707768000000,0.61279,0.6132,0.61209,0.61266,6613.04
1707782400000,0.61269,0.61287,0.60956,0.60972,10459.93
1707796800000,0.60971,0.61111,0.60953,0.61071,10794.57
1707811200000,0.61072,0.61143,0.60969,0.61124,12772.71
1707825600000,0.61125,0.61243,0.60538,0.60608,42656.84
1707840000000,0.60608,0.60655,0.60492,0.60494,19343.75
1707854400000,0.60496,0.60624,0.60493,0.60566,9839.34
1707868800000,0.60566,0.6073,0.60506,0.60702,9049.57
1707883200000,0.60702,0.6087,0.60697,0.60825,11079.33
1707897600000,0.60826,0.60828,0.60694,0.6078,23632.42
1707912000000,0.60781,0.60865,0.60723,0.60823,20126.63
1707926400000,0.60824,0.60916,0.60811,0.60835,13393.26
1707940800000,0.60836,0.60908,0.60759,0.60887,6273.71
1707955200000,0.60888,0.6094,0.60797,0.60823,13646.94
1707969600000,0.60825,0.60923,0.60803,0.60864,10031.4
1707984000000,0.60863,0.60982,0.60814,0.60943,11397.38
1707998400000,0.60943,0.61269,0.60921,0.61126,27260.6
1708012800000,0.61125,0.61166,0.61002,0.61121,15100.91
1708027200000,0.61121,0.6115,0.61014,0.61102,7459.05
1708041600000,0.61104,0.61114,0.60883,0.60948,15714.16
1708056000000,0.60948,0.61029,0.60923,0.61019,8077.54
1708070400000,0.61019,0.61142,0.60939,0.61081,8786.04
1708084800000,0.61083,0.6117,0.60857,0.61139,28808.13
1708099200000,0.61142,0.61354,0.61114,0.61279,12593.12
1708113600000,0.61278,0.61281,0.61222,0.61223,6082.96
1708286400000,0.6119,0.61355,0.61187,0.61339,3813.72
1708300800000,0.61341,0.61445,0.61319,0.61373,10748.23
1708315200000,0.61373,0.6152,0.6137,0.61489,9002.29
1708329600000,0.61489,0.61519,0.61368,0.61373,12502.85
1708344000000,0.61372,0.61482,0.61366,0.61418,11362.5
1708358400000,0.61418,0.61488,0.61403,0.61475,3185.27
1708372800000,0.61475,0.61512,0.61406,0.61419,6299.2
1708387200000,0.61422,0.61443,0.61286,0.61375,12494.29
1708401600000,0.61373,0.6143,0.6135,0.61389,10262.27
1708416000000,0.61388,0.6171,0.61383,0.61678,17912.84
1708430400000,0.61679,0.61905,0.61671,0.61814,26906.93
1708444800000,0.61815,0.61817,0.61646,0.61676,18398.73
1708459200000,0.61675,0.61701,0.6155,0.61665,9242.69
1708473600000,0.61666,0.61901,0.61645,0.6189,10873.92
1708488000000,0.61889,0.61976,0.61825,0.61892,10498.05
1708502400000,0.61893,0.61938,0.61791,0.61823,13030.4
1708516800000,0.61824,0.61858,0.61686,0.61691,20127.51
1708531200000,0.61692,0.61799,0.61617,0.61765,15976.6
1708545600000,0.61764,0.61831,0.61719,0.61805,12361.17
1708560000000,0.61804,0.6198,0.61762,0.61866,10669.39
1708574400000,0.61865,0.62158,0.61844,0.62139,11805.41
1708588800000,0.62141,0.62175,0.62013,0.62044,19974.16
1708603200000,0.62044,0.62078,0.61777,0.61849,23552.56
1708617600000,0.6185,0.62001,0.61823,0.61987,10693.54
1708632000000,0.61991,0.62031,0.61887,0.61938,6008.84
1708646400000,0.61937,0.62036,0.61868,0.62027,8315.9
1708660800000,0.62026,0.62052,0.61962,0.6201,8233.17
1708675200000,0.62012,0.6205,0.61803,0.61938,7342.57
1708689600000,0.61938,0.62109,0.61865,0.61908,16690.66
1708704000000,0.61908,0.6199,0.61852,0.61951,9402.18
1708718400000,0.61948,0.61977,0.61896,0.6196,3588.6
1708891200000,0.6193,0.61964,0.6184,0.61845,3532.85
1708905600000,0.61844,0.61876,0.61626,0.61674,10092.72
1708920000000,0.61674,0.61729,0.61641,0.61676,7511.02
1708934400000,0.61675,0.61815,0.61621,0.61771,10624.93
1708948800000,0.6177,0.61848,0.61645,0.61722,13640.33
1708963200000,0.61722,0.61742,0.61679,0.61709,5314.42
1708977600000,0.61712,0.61773,0.61635,0.61661,4633.18
1708992000000,0.6166,0.61662,0.61509,0.61599,7777.36
1709006400000,0.616,0.61736,0.61587,0.61709,8666.86
1709020800000,0.61712,0.61751,0.61594,0.61648,10452.75
1709035200000,0.61651,0.61751,0.61567,0.61701,15962.83
1709049600000,0.61701,0.61775,0.61647,0.61702,7753.77
1709064000000,0.61703,0.61739,0.61668,0.61691,4271.93
1709078400000,0.6169,0.61774,0.61025,0.61072,16148.25
1709092800000,0.61071,0.61149,0.61,0.61082,10156.39
1709107200000,0.61085,0.61092,0.60925,0.60991,11612.23
1709121600000,0.60989,0.61027,0.60868,0.60882,14870.78
1709136000000,0.60881,0.60971,0.60816,0.60921,9051.99
1709150400000,0.60921,0.61009,0.60913,0.60959,6353.26
1709164800000,0.60961,0.61076,0.60889,0.61053,9572.41
1709179200000,0.61052,0.61096,0.60939,0.60966,11081.84
1709193600000,0.60964,0.60981,0.60795,0.60814,14149.23
1709208000000,0.60815,0.61116,0.60766,0.60908,24558.94
1709222400000,0.60909,0.60937,0.60773,0.60816,13806.74
1709236800000,0.60818,0.60893,0.60743,0.60866,5953.31
1709251200000,0.60866,0.60969,0.60826,0.60959,7160.08
1709265600000,0.60958,0.60966,0.60856,0.6086,5556.01
1709280000000,0.60861,0.6099,0.60808,0.60958,12756.85
1709294400000,0.60957,0.61117,0.60783,0.61082,23158.7
1709308800000,0.61081,0.61097,0.60983,0.61053,8587.35
1709323200000,0.61053,0.6108,0.61031,0.61046,2450.84
1709496000000,0.61064,0.61094,0.61016,0.61023,4404.02
1709510400000,0.61025,0.61111,0.60934,0.6099,5818.73
1709524800000,0.60991,0.61038,0.60949,0.61035,5594.52
1709539200000,0.61036,0.61078,0.60901,0.61008,8517.71
1709553600000,0.61009,0.61052,0.60878,0.60974,12729.41
1709568000000,0.60975,0.61029,0.60913,0.60938,5920.65
1709582400000,0.6094,0.60975,0.60905,0.60942,4475.67
1709596800000,0.60943,0.60966,0.60828,0.60906,8423.48
1709611200000,0.60907,0.60914,0.60727,0.60763,8207.35
1709625600000,0.60764,0.60845,0.60705,0.60808,9111.44
1709640000000,0.60807,0.61096,0.60753,0.61017,20838.5
1709654400000,0.61018,0.61023,0.60818,0.60844,13034.69
1709668800000,0.60845,0.60908,0.6081,0.60866,9341.98
1709683200000,0.60865,0.60902,0.60684,0.6088,7760.94
1709697600000,0.60878,0.60998,0.60867,0.60946,6475.86
1709712000000,0.60945,0.61038,0.60928,0.61027,7574.03
1709726400000,0.6103,0.61293,0.60996,0.61264,20527.65
1709740800000,0.61263,0.61438,0.61234,0.61286,14012.66
1709755200000,0.61287,0.61309,0.61227,0.61277,7755.41
1709769600000,0.61277,0.61437,0.61265,0.61412,9738.89
1709784000000,0.61413,0.61512,0.61392,0.61494,9898.57
1709798400000,0.61498,0.61627,0.61432,0.61581,11274.75
1709812800000,0.61581,0.61728,0.61558,0.61664,22919.62
1709827200000,0.61663,0.61757,0.61658,0.61744,9699.48
1709841600000,0.61742,0.61782,0.61693,0.6178,3893.02
1709856000000,0.61779,0.61837,0.61608,0.61717,9221.16
1709870400000,0.61721,0.61813,0.61707,0.61797,7492.57
1709884800000,0.61797,0.61885,0.61741,0.61845,10627.06
1709899200000,0.61845,0.62163,0.61715,0.61918,30781.59
1709913600000,0.61918,0.61924,0.61687,0.61773,14590.42
1709928000000,0.61774,0.61783,0.61715,0.61749,3878.43
1710100800000,0.61733,0.61796,0.61693,0.6179,3225.6
1710115200000,0.61791,0.61821,0.61676,0.61717,9901.77
1710129600000,0.61717,0.61788,0.61666,0.6176,7354.22
1710144000000,0.61759,0.6181,0.61662,0.61778,8868
1710158400000,0.61778,0.61798,0.616,0.61669,18903.76
1710172800000,0.61671,0.61724,0.61625,0.61667,6834.33
1710187200000,0.61667,0.6171,0.61622,0.61696,5430.78
1710201600000,0.61696,0.61755,0.61638,0.6174,9399.32
1710216000000,0.61738,0.61744,0.61657,0.617,9866.27
1710230400000,0.61698,0.617,0.6159,0.6163,9136.37
1710244800000,0.61629,0.61839,0.61351,0.61481,41630.86
1710259200000,0.61482,0.61524,0.61396,0.61509,8341.22
1710273600000,0.6151,0.61523,0.61428,0.61486,4330.9
1710288000000,0.61484,0.61645,0.61448,0.61615,9126.6
1710302400000,0.61614,0.61694,0.61566,0.61649,10971.76
1710316800000,0.61651,0.61686,0.61484,0.6156,13274.69
1710331200000,0.61559,0.61637,0.61491,0.61558,15691.49
1710345600000,0.61557,0.61678,0.6154,0.61544,9044.95
1710360000000,0.61544,0.61642,0.61517,0.6164,7631.49
1710374400000,0.61639,0.61747,0.61562,0.6157,6728.18
1710388800000,0.6157,0.61627,0.61535,0.61616,6640.38
1710403200000,0.61617,0.61728,0.61575,0.61702,10767.96
1710417600000,0.61701,0.6173,0.61222,0.61307,30351.99
1710432000000,0.61307,0.61387,0.61211,0.61312,11453.28
1710446400000,0.61313,0.61331,0.61223,0.61231,5408.61
1710460800000,0.61232,0.61241,0.60951,0.61008,9585.69
1710475200000,0.61009,0.61066,0.60958,0.60966,8671.55
1710489600000,0.60968,0.61022,0.60897,0.60988,11256.56
1710504000000,0.60989,0.61032,0.6084,0.60884,17077.92
1710518400000,0.60884,0.60905,0.60802,0.60841,7656.36
1710532800000,0.60842,0.6086,0.60819,0.60824,1159.85
1710705600000,0.60854,0.60883,0.60801,0.60866,3531.23
1710720000000,0.60866,0.60986,0.60799,0.60932,10587.04
1710734400000,0.6093,0.60959,0.60864,0.60952,7720.54
1710748800000,0.6095,0.60998,0.60893,0.60938,8165.62
1710763200000,0.60937,0.60957,0.60823,0.60841,13478.26
1710777600000,0.6084,0.60841,0.60772,0.60807,8901.93
1710792000000,0.60807,0.60861,0.60805,0.60814,4938.52
1710806400000,0.60815,0.60824,0.6063,0.60697,12259.54
1710820800000,0.60697,0.60734,0.60451,0.60529,12820.7
1710835200000,0.6053,0.60531,0.60336,0.60516,12755.7
1710849600000,0.60517,0.60561,0.60431,0.60476,11939.27
1710864000000,0.60476,0.60565,0.60452,0.60537,7594.73
1710878400000,0.60536,0.60552,0.60465,0.60466,4768.03
1710892800000,0.60468,0.60554,0.60367,0.6051,9278.63
1710907200000,0.60509,0.6051,0.6039,0.60438,10843.28
1710921600000,0.60437,0.60437,0.60242,0.60307,7749.13
1710936000000,0.60306,0.60387,0.60263,0.60332,10349.52
1710950400000,0.60332,0.60848,0.60255,0.60829,35202.15
1710964800000,0.60829,0.60925,0.60489,0.60894,10419.61
1710979200000,0.60894,0.61008,0.60802,0.60952,13855.61
1710993600000,0.60951,0.61065,0.60913,0.60955,10182.21
1711008000000,0.60954,0.60954,0.60753,0.60763,19653.13
1711022400000,0.60765,0.60814,0.60433,0.60436,27381.29
1711036800000,0.60437,0.60496,0.60379,0.60413,8170.74
1711051200000,0.60413,0.60464,0.60402,0.60455,5332.94
1711065600000,0.60455,0.60515,0.60127,0.60137,13004.29
1711080000000,0.60137,0.60179,0.60048,0.60074,11785.49
1711094400000,0.60072,0.60122,0.59984,0.60013,11494.76
1711108800000,0.60013,0.60162,0.59918,0.59958,18378.27
1711123200000,0.59957,0.59992,0.59891,0.59917,6242.41
1711137600000,0.59916,0.59937,0.59906,0.59914,1962.3
1711310400000,0.59959,0.59997,0.59854,0.59892,4566.23
1711324800000,0.59892,0.60126,0.5986,0.59962,14507.84
1711339200000,0.59961,0.60003,0.59882,0.59951,7663.34
1711353600000,0.59954,0.60085,0.59935,0.60054,10475.77
1711368000000,0.60056,0.60117,0.60005,0.60011,11775.83
1711382400000,0.60011,0.60041,0.59995,0.60014,5826.45
1711396800000,0.60013,0.6005,0.59999,0.59999,4312.57
1711411200000,0.6,0.60137,0.59958,0.60034,11819.02
1711425600000,0.60035,0.60173,0.60028,0.60132,7915.73
1711440000000,0.6013,0.60306,0.60098,0.60226,12861.3
1711454400000,0.60227,0.60236,0.60062,0.60093,14732.95
1711468800000,0.60091,0.60118,0.59997,0.60001,6932.72
1711483200000,0.6,0.60075,0.6,0.60068,4193.76
1711497600000,0.60068,0.60071,0.59874,0.59922,12521.19
1711512000000,0.59921,0.60065,0.59921,0.60039,8637.94
1711526400000,0.60039,0.60102,0.59955,0.60001,15040.22
1711540800000,0.59999,0.60084,0.5993,0.59992,13163.93
1711555200000,0.59991,0.60023,0.59954,0.60009,5370.15
1711569600000,0.6001,0.60049,0.59877,0.59919,5103.68
1711584000000,0.59921,0.60039,0.59798,0.59894,12634.33
1711598400000,0.59894,0.59966,0.5975,0.59755,8420.15
1711612800000,0.59756,0.59769,0.5956,0.5961,11610.79
1711627200000,0.59609,0.59842,0.59593,0.59809,19481.79
1711641600000,0.5981,0.59872,0.59726,0.59737,8132.4
1711656000000,0.59735,0.59761,0.5969,0.5973,3862
1711670400000,0.59729,0.59782,0.59693,0.59734,2293.15
1711684800000,0.59733,0.59747,0.59662,0.59682,1200.9
1711699200000,0.59689,0.59791,0.59685,0.59763,1064.54
1711713600000,0.59764,0.59879,0.59672,0.5983,2346.72
1711728000000,0.59829,0.59844,0.59751,0.59785,1454.39
1711742400000,0.59782,0.59835,0.59667,0.59774,2584.76
1711915200000,0.59796,0.59895,0.59745,0.59855,4619.89
1711929600000,0.59857,0.59922,0.5977,0.5983,9990.19
1711944000000,0.59832,0.59846,0.59731,0.59819,5946.8
1711958400000,0.59819,0.59836,0.59745,0.59749,6981.86
1711972800000,0.5975,0.59754,0.59394,0.5941,15653.82
1711987200000,0.59411,0.59501,0.59392,0.59498,5639.6
1712001600000,0.59499,0.59545,0.59476,0.5951,3493.67
1712016000000,0.59509,0.59545,0.59434,0.59462,10939.63
1712030400000,0.59461,0.59521,0.5943,0.59507,14859.17
1712044800000,0.59505,0.596,0.59491,0.59592,13388.97
1712059200000,0.59591,0.59729,0.59513,0.59653,20339.13
1712073600000,0.5965,0.59693,0.59597,0.59689,5963.16
1712088000000,0.59689,0.5974,0.59651,0.59679,4971.38
1712102400000,0.59681,0.59707,0.59519,0.59697,8527.55
1712116800000,0.59698,0.59772,0.59657,0.59663,10883.71
1712131200000,0.59662,0.59712,0.59595,0.59696,9473.84
1712145600000,0.59695,0.59987,0.59626,0.59977,21715.53
1712160000000,0.59979,0.60106,0.59904,0.60062,10672.32
1712174400000,0.60061,0.60158,0.60012,0.60137,4334.9
1712188800000,0.60137,0.60265,0.60117,0.60254,10190.68
1712203200000,0.60254,0.60414,0.6025,0.60341,10838.26
1712217600000,0.6034,0.60447,0.6033,0.60338,9142.03
1712232000000,0.60339,0.60456,0.6025,0.60393,17777.81
1712246400000,0.60393,0.60461,0.60188,0.602,13629.35
1712260800000,0.60201,0.6029,0.60195,0.60261,6362.53
1712275200000,0.60262,0.60309,0.60064,0.60129,14872.26
1712289600000,0.60128,0.60208,0.60054,0.60197,10637.76
1712304000000,0.60196,0.60232,0.60129,0.60214,6976.94
1712318400000,0.60211,0.60267,0.5985,0.60177,31116.96
1712332800000,0.60179,0.60194,0.60099,0.60145,13106.79
1712347200000,0.60145,0.60149,0.60099,0.60113,3532.74
1712520000000,0.60059,0.60108,0.59961,0.60034,3900.6
1712534400000,0.60035,0.60179,0.59994,0.60076,13819.8
1712548800000,0.60076,0.60168,0.60059,0.60136,10640
1712563200000,0.60136,0.60277,0.60086,0.6019,9244.73
1712577600000,0.6019,0.60381,0.60145,0.60289,15945.28
1712592000000,0.6029,0.60356,0.60258,0.60319,5816.02
1712606400000,0.60319,0.60367,0.6025,0.60341,3586.49
1712620800000,0.60341,0.60486,0.60335,0.60363,9165.74
1712635200000,0.60363,0.60442,0.60337,0.60367,7635.9
1712649600000,0.6037,0.60565,0.60343,0.60539,7066.35
1712664000000,0.60537,0.60763,0.60511,0.60539,19245.57
1712678400000,0.6054,0.60608,0.60488,0.60595,9096.72
1712692800000,0.60594,0.6066,0.60483,0.60648,6561.36
1712707200000,0.6065,0.60772,0.60481,0.60736,14708.24
1712721600000,0.60736,0.60772,0.60653,0.60708,10219.7
1712736000000,0.60709,0.60793,0.6067,0.6078,6363.18
1712750400000,0.60781,0.60823,0.59761,0.59771,48019.72
1712764800000,0.5977,0.59863,0.59657,0.59762,21005.85
1712779200000,0.59763,0.59794,0.597,0.59744,9387.71
1712793600000,0.59745,0.59845,0.5971,0.59818,12493.38
1712808000000,0.59816,0.599,0.59786,0.59888,11222.29
1712822400000,0.59888,0.5992,0.59827,0.59856,15422.19
1712836800000,0.59855,0.60145,0.59688,0.5982,38856.3
1712851200000,0.59819,0.60026,0.59766,0.59994,13243.02
1712865600000,0.59995,0.60054,0.59925,0.6001,3366.89
1712880000000,0.60008,0.60099,0.59953,0.59968,8279.79
1712894400000,0.59967,0.59978,0.59693,0.59817,12133.38
1712908800000,0.59818,0.59837,0.59562,0.59617,10152.8
1712923200000,0.59619,0.59634,0.59351,0.59479,22004.14
1712937600000,0.59478,0.59481,0.59336,0.59348,10533.47
1712952000000,0.59349,0.59375,0.59332,0.59332,1667.85
1713124800000,0.59355,0.59495,0.59326,0.59436,5408.65
1713139200000,0.59437,0.59533,0.59268,0.59512,13638.12
1713153600000,0.59513,0.59516,0.5932,0.59383,13402.6
1713168000000,0.5938,0.59462,0.59357,0.59407,11078.92
1713182400000,0.59406,0.59414,0.59122,0.59253,23058.12
1713196800000,0.59255,0.5928,0.59024,0.59029,9858.81
1713211200000,0.59034,0.59056,0.58981,0.5902,3631.17
1713225600000,0.59019,0.5907,0.58729,0.58799,16418.16
1713240000000,0.58796,0.58955,0.58777,0.58875,13046.59
1713254400000,0.58877,0.58956,0.58793,0.58935,11012.02
1713268800000,0.58934,0.58936,0.58727,0.5885,22687.06
1713283200000,0.58849,0.58953,0.58679,0.58838,21428.76
1713297600000,0.58835,0.59002,0.58591,0.58912,8801.03
1713312000000,0.58912,0.59081,0.58911,0.5905,13155.52
1713326400000,0.59051,0.59171,0.58922,0.59032,14055
1713340800000,0.59032,0.59139,0.59022,0.59079,8977.61
1713355200000,0.59076,0.59128,0.58986,0.59004,16222.32
1713369600000,0.59006,0.59247,0.58937,0.59156,16057.19
1713384000000,0.59156,0.59187,0.59065,0.5913,4437.82
1713398400000,0.59128,0.59283,0.59056,0.59253,11929.03
1713412800000,0.59254,0.59325,0.59149,0.59298,10376.9
1713427200000,0.59297,0.59324,0.59232,0.59282,10192.03
1713441600000,0.59282,0.59287,0.59092,0.59164,25172.56
1713456000000,0.59163,0.5918,0.58985,0.59018,10245.42
1713470400000,0.59021,0.5904,0.5898,0.59014,4129.06
1713484800000,0.59017,0.59036,0.58517,0.58778,31569.37
1713499200000,0.58776,0.58974,0.58762,0.5895,18395.07
1713513600000,0.58953,0.5898,0.58812,0.58846,14794.49
1713528000000,0.58848,0.59057,0.58823,0.58932,19235.58
1713542400000,0.58931,0.58955,0.58822,0.58857,11385.01
1713556800000,0.58857,0.58881,0.58834,0.58862,1810.2
1713729600000,0.58808,0.59002,0.58808,0.58991,3327.23
1713744000000,0.58991,0.59282,0.58977,0.59129,13334.84
1713758400000,0.59129,0.59149,0.59024,0.59069,12517.13
1713772800000,0.59068,0.59107,0.59031,0.59068,8708.6
1713787200000,0.59068,0.5912,0.58941,0.59084,13266.54
1713801600000,0.59085,0.59222,0.5908,0.59183,7373.71
1713816000000,0.59182,0.59213,0.59133,0.5921,2690.12
1713830400000,0.59209,0.59278,0.59162,0.59173,9792.04
1713844800000,0.59174,0.59206,0.59046,0.59084,8650.76
1713859200000,0.59083,0.5916,0.5902,0.5913,8836.93
1713873600000,0.59131,0.59478,0.59109,0.59328,20100.14
1713888000000,0.5933,0.59426,0.59303,0.59303,6289.12
1713902400000,0.59304,0.59372,0.59259,0.5935,3381.27
1713916800000,0.59348,0.59517,0.59348,0.59415,13394.49
1713931200000,0.59413,0.59473,0.5932,0.59362,10116.46
1713945600000,0.59363,0.59417,0.59298,0.59339,7999.24
1713960000000,0.5934,0.59382,0.592,0.59214,17102.9
1713974400000,0.59213,0.59389,0.59213,0.59373,9193.23
1713988800000,0.59372,0.59372,0.59277,0.59355,4854.05
1714003200000,0.59358,0.59455,0.59315,0.59388,7569.15
1714017600000,0.59386,0.59587,0.59384,0.59576,7605.79
1714032000000,0.59577,0.59643,0.59547,0.59596,8569.5
1714046400000,0.59595,0.59688,0.59196,0.59395,28099.18
1714060800000,0.59395,0.59522,0.5935,0.59475,12516.59
1714075200000,0.59475,0.59607,0.59416,0.59565,4731.07
1714089600000,0.59567,0.59679,0.59528,0.5956,8942.96
1714104000000,0.59563,0.59694,0.59539,0.59591,10265.94
1714118400000,0.59591,0.59683,0.59456,0.5949,12063.91
1714132800000,0.5949,0.5964,0.59286,0.59367,25605.41
1714147200000,0.59369,0.59477,0.59356,0.59416,7080.19
1714161600000,0.59416,0.5943,0.59373,0.59384,1186.65
1714334400000,0.59479,0.59494,0.59396,0.59471,3140.34
1714348800000,0.59472,0.59672,0.59415,0.5962,12031.11
1714363200000,0.5962,0.59822,0.59573,0.59649,23453.97
1714377600000,0.59649,0.59796,0.59592,0.59739,9280.06
1714392000000,0.59741,0.59783,0.59591,0.59716,15141.57
1714406400000,0.59715,0.59843,0.59712,0.59792,7112.17
1714420800000,0.59793,0.59803,0.5969,0.59696,3673.74
1714435200000,0.59695,0.59729,0.59463,0.59491,10024.79
1714449600000,0.59491,0.59505,0.59294,0.59387,8415.45
1714464000000,0.5939,0.59526,0.59318,0.59454,7941.45
1714478400000,0.59455,0.59472,0.59067,0.59094,28584.17
1714492800000,0.59095,0.59118,0.58908,0.58919,8712.24
1714507200000,0.58919,0.58932,0.58737,0.5877,6716.12
1714521600000,0.58772,0.5889,0.58762,0.58849,5694.33
1714536000000,0.58849,0.58911,0.5881,0.58862,5295
1714550400000,0.58862,0.58955,0.58832,0.58941,5030.1
1714564800000,0.58942,0.59062,0.58935,0.59007,16273.39
1714579200000,0.59005,0.59395,0.58921,0.59074,40217.73
1714593600000,0.59073,0.59364,0.59068,0.59284,11500.8
1714608000000,0.59285,0.5931,0.5914,0.59251,10792.49
1714622400000,0.5925,0.59471,0.5924,0.59384,12066.07
1714636800000,0.59384,0.59415,0.59201,0.59292,13182.34
1714651200000,0.59293,0.59423,0.59155,0.59407,29156.2
1714665600000,0.59407,0.59675,0.59383,0.59608,11356.06
1714680000000,0.59608,0.59655,0.59521,0.59633,5563.23
1714694400000,0.59634,0.59784,0.59556,0.59688,9752.11
1714708800000,0.5969,0.59773,0.59622,0.59718,9202.08
1714723200000,0.59717,0.59868,0.59708,0.59842,8500.67
1714737600000,0.59845,0.60478,0.59839,0.60184,57685.36
1714752000000,0.60185,0.60207,0.60081,0.60132,8702.2
1714766400000,0.60132,0.60132,0.60094,0.60097,1069.87
1714939200000,0.60114,0.60131,0.59973,0.60065,3619.68
1714953600000,0.60063,0.60118,0.5999,0.60003,10521.43
1714968000000,0.6,0.60175,0.59952,0.60134,6982.22
1714982400000,0.60131,0.60233,0.60095,0.60214,5456.65
1714996800000,0.60214,0.60315,0.60082,0.60121,9827.27
1715011200000,0.60118,0.60149,0.6007,0.60085,5134.21
1715025600000,0.60087,0.60117,0.60057,0.60085,3045.62
1715040000000,0.60086,0.60245,0.60049,0.60141,10621.94
1715054400000,0.60142,0.60163,0.59994,0.60075,13002.7
1715068800000,0.60074,0.6012,0.6,0.60081,10786.99
1715083200000,0.60082,0.60204,0.60063,0.60097,11562.29
1715097600000,0.60095,0.60135,0.59949,0.60022,6531.96
1715112000000,0.60021,0.6004,0.59953,0.5996,3843.2
1715126400000,0.5996,0.60023,0.59828,0.59895,10424.66
1715140800000,0.59894,0.5996,0.59872,0.59882,7269.9
1715155200000,0.59881,0.59913,0.59806,0.59862,8229.84
1715169600000,0.59866,0.6003,0.59831,0.6002,11793.36
1715184000000,0.60019,0.60031,0.59962,0.59997,3800.62
1715198400000,0.59998,0.60072,0.59951,0.60031,2938.58
1715212800000,0.6003,0.60085,0.59923,0.60059,7998.81
1715227200000,0.6006,0.60082,0.59921,0.5998,5476.8
1715241600000,0.59978,0.60047,0.59921,0.60006,7264.31
1715256000000,0.60007,0.6025,0.6,0.6017,15474.9
1715270400000,0.60172,0.60338,0.60169,0.60331,6088.23
1715284800000,0.60329,0.60395,0.60246,0.60348,3936.55
1715299200000,0.60349,0.60362,0.60137,0.60208,6510.19
1715313600000,0.60209,0.60298,0.60153,0.60191,7018.65
1715328000000,0.60191,0.6023,0.60128,0.60131,7048.07
1715342400000,0.6013,0.6034,0.60084,0.60177,16544.31
1715356800000,0.60177,0.60224,0.60139,0.60211,5346.65
1715371200000,0.60207,0.60214,0.60177,0.60185,444.39
1715544000000,0.60121,0.60224,0.60048,0.60166,3024.16
1715558400000,0.60165,0.6022,0.59998,0.60094,10800.82
1715572800000,0.60095,0.60113,0.60049,0.6008,6938.1
1715587200000,0.6008,0.60214,0.60057,0.60198,5651.4
1715601600000,0.60198,0.60306,0.60134,0.60168,11865.09
1715616000000,0.60167,0.60198,0.60116,0.60163,5337.59
1715630400000,0.60164,0.60253,0.6009,0.60228,4999.85
1715644800000,0.60229,0.60242,0.60094,0.60157,5993.7
1715659200000,0.60157,0.60274,0.60121,0.6026,6031.2
1715673600000,0.60261,0.60291,0.6018,0.60191,6768.4
1715688000000,0.6019,0.60376,0.59937,0.60329,25706.49
1715702400000,0.60331,0.60422,0.60305,0.60397,5194.33
1715716800000,0.60395,0.60429,0.60314,0.60418,2844.4
1715731200000,0.60418,0.60606,0.60413,0.60566,6058.25
1715745600000,0.60565,0.6064,0.60549,0.60585,4862.1
1715760000000,0.60584,0.6066,0.60566,0.60619,5022.36
1715774400000,0.60619,0.61076,0.60556,0.61011,32327.58
1715788800000,0.61012,0.61241,0.60937,0.61224,9816.21
1715803200000,0.61224,0.61315,0.61124,0.61285,4371.32
1715817600000,0.61286,0.61401,0.6116,0.61271,9752.43
1715832000000,0.61272,0.61273,0.61085,0.61126,6930.38
1715846400000,0.61126,0.61166,0.61032,0.61038,6342.37
1715860800000,0.61038,0.6122,0.60949,0.61211,15377.68
1715875200000,0.6121,0.61218,0.6115,0.61187,5326.08
1715889600000,0.61188,0.61265,0.61111,0.61234,3229
1715904000000,0.61237,0.61259,0.61051,0.6111,7468.71
1715918400000,0.6111,0.61226,0.61085,0.61133,5444.54
1715932800000,0.61133,0.61148,0.61007,0.61067,4915.95
1715947200000,0.61063,0.61347,0.61051,0.6129,18472.48
1715961600000,0.6129,0.61392,0.61282,0.61353,8419.25
1715976000000,0.61353,0.6136,0.61333,0.61334,1351.15
1716148800000,0.61309,0.61372,0.61264,0.61346,2138.46
1716163200000,0.61348,0.61352,0.61209,0.61277,11678.89
1716177600000,0.61279,0.61367,0.61184,0.61212,9941.03
1716192000000,0.61211,0.61241,0.61125,0.61127,6192.97
1716206400000,0.61128,0.61186,0.60961,0.6111,15286.27
1716220800000,0.6111,0.6116,0.6105,0.61067,4800.46
1716235200000,0.61068,0.61083,0.60996,0.61065,2554.83
1716249600000,0.61065,0.61102,0.60888,0.60966,6384.59
1716264000000,0.60963,0.61083,0.60957,0.60993,4915.8
1716278400000,0.60993,0.61071,0.60977,0.61042,4802.25
1716292800000,0.61044,0.61068,0.60871,0.60941,15197.47
1716307200000,0.60939,0.60967,0.60902,0.60964,4484.23
1716321600000,0.60961,0.60961,0.60843,0.60921,2612.15
1716336000000,0.60922,0.61519,0.60913,0.61244,8866.87
1716350400000,0.61243,0.61294,0.61094,0.61168,5814.75
1716364800000,0.6117,0.61244,0.61043,0.61077,9529.12
1716379200000,0.61078,0.61215,0.61017,0.61042,14597.95
1716393600000,0.61044,0.61103,0.60815,0.60903,11523.3
1716408000000,0.60903,0.61048,0.60898,0.6099,3383.75
1716422400000,0.60989,0.612,0.60983,0.61196,8422.29
1716436800000,0.61195,0.61223,0.61051,0.61082,8602
1716451200000,0.61084,0.61305,0.61076,0.61282,6895.49
1716465600000,0.61282,0.61334,0.61011,0.61132,27398.1
1716480000000,0.61133,0.61163,0.60918,0.60977,10598.95
1716494400000,0.60977,0.61002,0.60916,0.60954,2684.52
1716508800000,0.60953,0.61006,0.60871,0.60943,9280.11
1716523200000,0.60942,0.61039,0.60902,0.6102,8830.49
1716537600000,0.61019,0.61133,0.60991,0.61091,5790.75
1716552000000,0.61094,0.61233,0.6104,0.61181,16657.32
1716566400000,0.61182,0.6126,0.61156,0.61227,7445.42
1716580800000,0.61228,0.61246,0.61202,0.61202,903.02
1716753600000,0.61103,0.61265,0.61074,0.61203,2836.92
1716768000000,0.61204,0.61308,0.61198,0.61289,5084.25
1716782400000,0.6129,0.61341,0.61246,0.61295,5826.22
1716796800000,0.61296,0.61457,0.61263,0.61416,4666.65
1716811200000,0.61418,0.61526,0.61365,0.61521,10432.78
1716825600000,0.6152,0.61531,0.61473,0.61524,2800.05
1716840000000,0.61524,0.61529,0.61444,0.61509,3702.33
1716854400000,0.61511,0.61653,0.61506,0.61615,9771.75
1716868800000,0.61616,0.61653,0.61563,0.61643,7226.98
1716883200000,0.61643,0.61663,0.61556,0.61626,6314.07
1716897600000,0.61625,0.61697,0.61469,0.61546,17205.26
1716912000000,0.61544,0.61554,0.61371,0.61434,9760.65
1716926400000,0.61435,0.61437,0.61364,0.61397,4435.71
1716940800000,0.61397,0.61472,0.61288,0.61344,11550.62
1716955200000,0.61343,0.61447,0.61246,0.61387,8919.3
1716969600000,0.61389,0.61403,0.61216,0.61271,8555.25
1716984000000,0.61273,0.61342,0.61137,0.61155,19319.43
1716998400000,0.61156,0.61214,0.61109,0.61171,9295.08
1717012800000,0.61172,0.61173,0.61101,0.61124,2967.85
1717027200000,0.61122,0.61141,0.61019,0.61035,13231.21
1717041600000,0.61034,0.61084,0.60884,0.61011,12788.7
1717056000000,0.61012,0.61156,0.60961,0.61108,10316.55
1717070400000,0.61107,0.61309,0.61047,0.61258,23801.94
1717084800000,0.61257,0.61293,0.61117,0.61153,7524.3
1717099200000,0.61152,0.6118,0.61094,0.61152,3241.44
1717113600000,0.61149,0.61285,0.61139,0.61263,11397.84
1717128000000,0.61263,0.61319,0.61155,0.61184,10706.97
1717142400000,0.61183,0.61396,0.61176,0.61326,8129.73
1717156800000,0.61326,0.61653,0.61288,0.61346,33455.98
1717171200000,0.61345,0.6147,0.61292,0.61467,10431.9
1717185600000,0.61466,0.61473,0.61425,0.61425,1255.95
1717358400000,0.6126,0.6149,0.6126,0.61476,4590.13
1717372800000,0.61475,0.61585,0.61419,0.61437,10634.47
1717387200000,0.61436,0.61488,0.61333,0.61347,9521.81
1717401600000,0.61346,0.61581,0.61341,0.61567,10756.5
1717416000000,0.61568,0.61888,0.61542,0.61822,26480.62
1717430400000,0.61823,0.61847,0.61685,0.61819,15552.3
1717444800000,0.61822,0.61938,0.6182,0.61917,3298.18
1717459200000,0.61917,0.61979,0.61785,0.61878,11569.35
1717473600000,0.61879,0.61942,0.61764,0.61811,11944.2
1717488000000,0.61811,0.61811,0.61553,0.6164,16826.33
1717502400000,0.61639,0.61813,0.61623,0.61718,30812.94
1717516800000,0.61719,0.61816,0.61699,0.6178,11839.77
1717531200000,0.6178,0.61796,0.617,0.61742,4228.05
1717545600000,0.61742,0.61911,0.61709,0.61851,9243.87
1717560000000,0.6185,0.61925,0.61757,0.61889,9265.2
1717574400000,0.61887,0.61978,0.61754,0.61835,9789.36
1717588800000,0.61836,0.6194,0.617,0.6183,26790.72
1717603200000,0.61829,0.61947,0.61775,0.61937,8795.4
1717617600000,0.61937,0.61969,0.61858,0.61957,3507.46
1717632000000,0.61959,0.62148,0.61959,0.62001,11814.75
1717646400000,0.62,0.62005,0.61869,0.61879,7593
1717660800000,0.61879,0.61879,0.61784,0.61787,6739.11
1717675200000,0.61788,0.6198,0.61733,0.61943,27072.81
1717689600000,0.61943,0.62048,0.619,0.62006,8896.05
1717704000000,0.62007,0.62023,0.61903,0.6196,3216.31
1717718400000,0.61958,0.62015,0.61882,0.6197,6341.19
1717732800000,0.6197,0.62031,0.61919,0.61931,8302.05
1717747200000,0.6193,0.61956,0.61853,0.61932,10687.02
1717761600000,0.61931,0.61954,0.61049,0.61103,41499.8
1717776000000,0.61104,0.61153,0.6104,0.61042,17173.05
1717790400000,0.61043,0.6107,0.61014,0.61015,1602.3
1717963200000,0.61025,0.61078,0.60999,0.6105,2959.44
1717977600000,0.6105,0.61075,0.60991,0.61027,8249.51
1717992000000,0.61025,0.61115,0.61025,0.61104,8165.7
1718006400000,0.61104,0.61145,0.61034,0.61097,8083.38
1718020800000,0.61097,0.61238,0.61017,0.61236,13106.7
1718035200000,0.61235,0.61264,0.61167,0.6125,8114.25
1718049600000,0.61249,0.61324,0.61238,0.61281,3009.21
1718064000000,0.61281,0.61303,0.61174,0.61198,10134.27
1718078400000,0.61197,0.61304,0.61187,0.61254,7370.4
1718092800000,0.61255,0.61298,0.61173,0.61227,12659.85
1718107200000,0.61227,0.61333,0.61182,0.61306,17157.6
1718121600000,0.61307,0.61496,0.61299,0.6145,9604.36
1718136000000,0.61449,0.61471,0.61375,0.6145,4438.92
1718150400000,0.6145,0.6148,0.61343,0.61445,7104.63
1718164800000,0.61444,0.6149,0.61369,0.61455,8048.88
1718179200000,0.61454,0.6147,0.61404,0.6143,8418.57
1718193600000,0.6143,0.62215,0.61416,0.62164,41594.05
1718208000000,0.62166,0.62203,0.61745,0.618,41375.46
1718222400000,0.61801,0.61883,0.61784,0.61858,3957.19
1718236800000,0.61856,0.6187,0.61688,0.61755,10680.9
1718251200000,0.61756,0.61782,0.61648,0.6174,8671.95
1718265600000,0.6174,0.61816,0.61682,0.61683,8711.25
1718280000000,0.61686,0.61984,0.61614,0.61711,32137.21
1718294400000,0.61712,0.61743,0.61597,0.61697,15138.13
1718308800000,0.61697,0.61701,0.61581,0.61583,4121.03
1718323200000,0.61585,0.6162,0.61472,0.61517,9632.88
1718337600000,0.61517,0.61552,0.61328,0.61412,13775.29
1718352000000,0.61412,0.6143,0.61206,0.6135,16865.19
1718366400000,0.61354,0.61412,0.61155,0.61397,31032.54
1718380800000,0.61397,0.61426,0.61317,0.61409,9704.4
1718395200000,0.61409,0.61418,0.61387,0.61405,1179.9
1718568000000,0.61197,0.61404,0.61197,0.61359,3801.99
1718582400000,0.61359,0.61375,0.61243,0.61269,11304.32
1718596800000,0.61271,0.61275,0.61082,0.61158,18856.59
1718611200000,0.61159,0.61243,0.61103,0.61106,12387.3
1718625600000,0.61108,0.61201,0.61043,0.61156,17047.2
1718640000000,0.61156,0.61337,0.61145,0.61303,9200.25
1718654400000,0.61303,0.61358,0.61188,0.61342,3167.44
1718668800000,0.61341,0.61394,0.6118,0.61188,8213.7
1718683200000,0.61189,0.61238,0.61001,0.61008,14913.5
1718697600000,0.61006,0.61101,0.60968,0.60994,20481.15
1718712000000,0.60993,0.61397,0.60979,0.61366,27858.06
1718726400000,0.61369,0.61481,0.6136,0.61452,12068.95
1718740800000,0.61452,0.61465,0.61385,0.61396,4533.4
1718755200000,0.61396,0.61415,0.61332,0.61333,8284.8
1718769600000,0.61332,0.61392,0.61294,0.61372,11042.34
1718784000000,0.61373,0.61413,0.61332,0.61345,7752.3
1718798400000,0.61344,0.61376,0.61296,0.61336,9067.5
1718812800000,0.61334,0.61345,0.61277,0.61301,1851.3
1718827200000,0.61301,0.61474,0.61205,0.61374,4143.62
1718841600000,0.61373,0.61382,0.61247,0.61337,9412.35
1718856000000,0.6134,0.61371,0.61284,0.613,7223.61
1718870400000,0.61302,0.61316,0.61232,0.6124,9881.88
1718884800000,0.61238,0.61358,0.61188,0.6119,21019.35
1718899200000,0.61189,0.61282,0.61112,0.61233,13091.16
1718913600000,0.61231,0.61242,0.61146,0.61216,3431.73
1718928000000,0.61217,0.61252,0.61152,0.61245,9161.55
1718942400000,0.61243,0.61269,0.61178,0.61205,8313.46
1718956800000,0.61202,0.61313,0.61196,0.61313,12063.54
1718971200000,0.61312,0.61341,0.61084,0.61171,23606.28
1718985600000,0.61171,0.61229,0.61145,0.612,9691.54
1719000000000,0.61199,0.61208,0.61167,0.61176,1571.55
1719172800000,0.61115,0.61179,0.6106,0.61102,2777.88
1719187200000,0.61103,0.61147,0.61044,0.61105,9646.35
1719201600000,0.61104,0.61218,0.61095,0.61216,6882.9
1719216000000,0.61215,0.61292,0.61194,0.61199,13784.4
1719230400000,0.61198,0.61399,0.61137,0.61239,16058.29
1719244800000,0.6124,0.61304,0.61184,0.61253,9008.7
1719259200000,0.61251,0.61269,0.61112,0.61189,5892.15
1719273600000,0.61187,0.61256,0.61187,0.61221,7359.75
1719288000000,0.61223,0.613,0.6118,0.61255,7822.65
1719302400000,0.61252,0.6129,0.6116,0.61198,11144.92
1719316800000,0.61199,0.61244,0.61078,0.61126,18069.27
1719331200000,0.61128,0.61227,0.61073,0.61204,7521.9
1719345600000,0.61203,0.61209,0.61089,0.6117,4274.76
1719360000000,0.61172,0.61274,0.61105,0.61134,11508.79
1719374400000,0.61133,0.61202,0.61082,0.61125,9600.6
1719388800000,0.61126,0.61133,0.60911,0.60949,13421.8
1719403200000,0.60949,0.60978,0.60759,0.6077,27382.75
1719417600000,0.60769,0.60846,0.60737,0.60835,8055.75
1719432000000,0.60834,0.60867,0.60747,0.60796,4510.79
1719446400000,0.60794,0.60855,0.60682,0.60843,8484.82
1719460800000,0.60843,0.60965,0.60822,0.60919,8461.17
1719475200000,0.60918,0.61045,0.60884,0.6094,14186.25
1719489600000,0.60941,0.61081,0.60846,0.60871,21354.25
1719504000000,0.60871,0.60898,0.60818,0.60829,6606.6
1719518400000,0.60831,0.6085,0.60789,0.60834,2359.44
1719532800000,0.60836,0.60858,0.60604,0.60654,11260.23
1719547200000,0.60654,0.60687,0.60572,0.60674,9381.82
1719561600000,0.60674,0.60844,0.60664,0.60783,10125.82
1719576000000,0.60782,0.61007,0.60776,0.60928,29591.23
1719590400000,0.60927,0.61044,0.60864,0.60908,10173.6
1719604800000,0.60908,0.60919,0.60887,0.60905,1856.4
1719777600000,0.60896,0.61034,0.60846,0.6098,3767.53
1719792000000,0.60981,0.6103,0.6094,0.60989,9076.14
1719806400000,0.60987,0.61059,0.60959,0.60988,9916.04
1719820800000,0.60987,0.61069,0.60921,0.60955,9193.53
1719835200000,0.60952,0.61075,0.60647,0.60695,27016.17
1719849600000,0.60696,0.60755,0.60664,0.60746,20228.55
1719864000000,0.60747,0.60774,0.60634,0.60638,4437.18
1719878400000,0.60638,0.60679,0.60473,0.60536,11074.2
1719892800000,0.60538,0.6057,0.60472,0.60519,13317.75
1719907200000,0.60521,0.60585,0.60506,0.60582,12423.3
1719921600000,0.60584,0.60786,0.60584,0.60699,30928.07
1719936000000,0.60698,0.60822,0.60677,0.60815,9520.2
1719950400000,0.60818,0.60834,0.60733,0.60812,2972.32
1719964800000,0.60812,0.60855,0.60754,0.60805,7450.95
1719979200000,0.60804,0.60844,0.60706,0.6081,8637.15
1719993600000,0.60807,0.60814,0.60692,0.60715,6487.2
1720008000000,0.60714,0.61286,0.60697,0.61115,26916.34
1720022400000,0.61114,0.61158,0.6098,0.61012,9782.64
1720036800000,0.61012,0.61074,0.60973,0.6107,2558.05
1720051200000,0.6107,0.61179,0.61056,0.61084,8768.25
1720065600000,0.61084,0.61167,0.61064,0.6113,5466.93
1720080000000,0.61133,0.61223,0.61118,0.61193,6223.05
1720094400000,0.61192,0.61221,0.61143,0.61174,6701.55
1720108800000,0.61174,0.61197,0.61163,0.61167,1935.6
1720123200000,0.61168,0.61179,0.61107,0.61124,2274.84
1720137600000,0.61125,0.61231,0.61124,0.61224,10590
1720152000000,0.61223,0.61239,0.61133,0.61181,8808.6
1720166400000,0.61179,0.61253,0.61168,0.61214,5959.05
1720180800000,0.61213,0.61416,0.61047,0.6137,36253.81
1720195200000,0.61372,0.61484,0.61322,0.61477,10480.95
1720209600000,0.61477,0.6148,0.61438,0.61439,1210.95
1720382400000,0.61357,0.61473,0.61326,0.61403,4342.77
1720396800000,0.61401,0.61532,0.61342,0.61494,9025.23
1720411200000,0.61495,0.61496,0.61364,0.61406,9453.9
1720425600000,0.61407,0.61424,0.61297,0.61351,8055
1720440000000,0.61351,0.61421,0.61315,0.61322,14366.4
1720454400000,0.61321,0.61341,0.6123,0.61258,4461.75
1720468800000,0.61256,0.61314,0.61179,0.61301,2626.98
1720483200000,0.61303,0.61326,0.61159,0.61198,8004.69
1720497600000,0.61199,0.61274,0.61191,0.61196,6827.85
1720512000000,0.61199,0.61222,0.61137,0.61153,6840.45
1720526400000,0.61154,0.61318,0.61117,0.61202,17330.1
1720540800000,0.61203,0.61266,0.61183,0.6126,8485.59
1720555200000,0.61259,0.6128,0.61199,0.61265,3748.17
1720569600000,0.61265,0.61315,0.60745,0.60936,16305.3
1720584000000,0.60936,0.6096,0.60718,0.60736,9377.55
1720598400000,0.60736,0.60781,0.60645,0.60772,11891.85
1720612800000,0.6077,0.60886,0.60765,0.60808,20386.29
1720627200000,0.60809,0.60844,0.60746,0.60816,10212.15
1720641600000,0.60815,0.60889,0.6078,0.6087,3219.21
1720656000000,0.6087,0.60983,0.60818,0.60976,6948.03
1720670400000,0.60976,0.6098,0.60885,0.60914,7815.3
1720684800000,0.60913,0.60937,0.60819,0.60866,8269.79
1720699200000,0.60865,0.61341,0.60822,0.6111,61181.05
1720713600000,0.61111,0.61116,0.6091,0.60939,23497.27
1720728000000,0.60937,0.60983,0.60816,0.60946,8402.22
1720742400000,0.60946,0.60992,0.60759,0.6098,14588.1
1720756800000,0.6098,0.61041,0.60941,0.61026,10454.86
1720771200000,0.61027,0.61113,0.61024,0.61088,8170.5
1720785600000,0.61088,0.61257,0.60957,0.61214,35861.56
1720800000000,0.61213,0.61244,0.61143,0.61171,12059.92
1720814400000,0.61171,0.61184,0.61156,0.61179,1617.45
1720987200000,0.61049,0.61119,0.60924,0.60952,5004.09
1721001600000,0.6095,0.61004,0.60904,0.60979,9223.41
1721016000000,0.60978,0.6102,0.60849,0.60924,9059.85
1721030400000,0.60924,0.61003,0.60879,0.60894,10024.95
1721044800000,0.60896,0.60976,0.60806,0.60919,18302.52
1721059200000,0.60917,0.60992,0.60724,0.60778,14819.1
1721073600000,0.60779,0.60782,0.60707,0.60756,3520.86
1721088000000,0.60757,0.60762,0.60517,0.60581,8010.05
1721102400000,0.60581,0.60608,0.60478,0.60593,6996.15
1721116800000,0.60594,0.60698,0.60556,0.60683,9423
1721131200000,0.60682,0.60733,0.60358,0.60427,24717.3
1721145600000,0.60426,0.60521,0.60371,0.60517,11210.01
1721160000000,0.60517,0.60706,0.60334,0.60701,12974.92
1721174400000,0.60701,0.60816,0.6066,0.6067,7804.5
1721188800000,0.60671,0.60826,0.60648,0.60761,10577.62
1721203200000,0.60762,0.60971,0.60749,0.60865,16932.48
1721217600000,0.60863,0.60888,0.60682,0.60704,27141.78
1721232000000,0.60704,0.60786,0.60659,0.60774,13143.67
1721246400000,0.60775,0.60827,0.60635,0.60795,6230.34
1721260800000,0.60796,0.60816,0.60638,0.60705,12728.41
1721275200000,0.60707,0.60782,0.60662,0.60722,9759.3
1721289600000,0.60722,0.60774,0.60666,0.60682,6793.35
1721304000000,0.60683,0.6076,0.60627,0.60631,28784.37
1721318400000,0.6063,0.60665,0.60433,0.60461,11698.35
1721332800000,0.60461,0.60483,0.60418,0.60421,3229.75
1721347200000,0.6042,0.60421,0.6025,0.60277,11414.55
1721361600000,0.60277,0.60392,0.60212,0.60301,10801.59
1721376000000,0.603,0.603,0.60171,0.6025,8703.27
1721390400000,0.60249,0.60251,0.60124,0.6017,26185.2
1721404800000,0.60169,0.6018,0.60053,0.60071,11299.89
1721419200000,0.60072,0.60087,0.60049,0.60086,1311.6
1721592000000,0.60063,0.60274,0.60055,0.60231,5176.29
1721606400000,0.6023,0.60231,0.59976,0.59986,8546.49
1721620800000,0.59989,0.60024,0.59905,0.59974,8750.55
1721635200000,0.59974,0.6004,0.59931,0.59939,7752.9
1721649600000,0.5994,0.59941,0.59715,0.59752,21985.95
1721664000000,0.5975,0.59793,0.5973,0.59787,6342.3
1721678400000,0.59785,0.59812,0.59714,0.59762,4771.01
1721692800000,0.59761,0.598,0.59648,0.59687,7096.35
1721707200000,0.59687,0.59699,0.59608,0.59631,8167.8
1721721600000,0.5963,0.59664,0.59588,0.59621,7320.45
1721736000000,0.59623,0.59651,0.59512,0.5958,14326.64
1721750400000,0.59581,0.59588,0.59502,0.5953,7474.35
1721764800000,0.5953,0.59574,0.5951,0.59515,5172.13
1721779200000,0.59515,0.59521,0.59251,0.59292,7843.65
1721793600000,0.5929,0.59354,0.59134,0.59296,11487.4
1721808000000,0.59298,0.59412,0.59241,0.594,9368.85
1721822400000,0.59401,0.59495,0.59356,0.5945,18414.21
1721836800000,0.59448,0.59457,0.59236,0.59256,10651.65
1721851200000,0.59255,0.5931,0.59241,0.5925,6990.99
1721865600000,0.5925,0.59256,0.5914,0.59179,15020.83
1721880000000,0.59179,0.59193,0.59043,0.59156,11682.52
1721894400000,0.59156,0.59267,0.58947,0.58949,17045.73
1721908800000,0.58948,0.59084,0.58802,0.59003,31087.48
1721923200000,0.59004,0.5908,0.58876,0.58892,16109.19
1721937600000,0.58889,0.58903,0.58829,0.58886,6092.05
1721952000000,0.58886,0.58946,0.58826,0.58856,11760.45
1721966400000,0.58859,0.59005,0.58859,0.58995,6097.8
1721980800000,0.58996,0.59041,0.58913,0.58946,6446.55
1721995200000,0.58946,0.59052,0.58825,0.58942,30852.15
1722009600000,0.58942,0.58986,0.58875,0.58881,11180.1
1722024000000,0.58879,0.58899,0.58865,0.58872,1124.1
1722196800000,0.58873,0.58952,0.58858,0.58879,4573.2
1722211200000,0.58878,0.59001,0.58866,0.58976,7369.35
1722225600000,0.58977,0.58979,0.58779,0.58809,7140.9
1722240000000,0.58811,0.58861,0.5872,0.58722,6220.27
1722254400000,0.58721,0.58743,0.58574,0.58696,15373.2
1722268800000,0.58696,0.58793,0.58668,0.58762,11427.75
1722283200000,0.5876,0.58816,0.5864,0.58762,3129.3
1722297600000,0.58761,0.58869,0.58674,0.58865,6943.5
1722312000000,0.58866,0.59009,0.58864,0.5892,7784.97
1722326400000,0.58922,0.59,0.58871,0.58874,6189.15
1722340800000,0.58875,0.58989,0.58833,0.58963,15770.07
1722355200000,0.58964,0.59051,0.5895,0.59014,11017.35
1722369600000,0.59013,0.5907,0.58911,0.59023,7929.3
1722384000000,0.59025,0.59248,0.58874,0.59031,21657.17
1722398400000,0.59034,0.59282,0.58962,0.59237,19779.3
1722412800000,0.59236,0.59239,0.59055,0.59195,11833.8
1722427200000,0.59192,0.59479,0.59175,0.59463,19486.68
1722441600000,0.59461,0.59613,0.59323,0.59516,22220.85
1722456000000,0.59516,0.59565,0.59445,0.5951,6591.28
1722470400000,0.59509,0.59625,0.59442,0.59504,17362.14
1722484800000,0.59506,0.59567,0.5942,0.59475,14716.84
1722499200000,0.59476,0.5948,0.59374,0.59444,10172.19
1722513600000,0.59447,0.59817,0.59434,0.59598,25181.13
1722528000000,0.59599,0.59638,0.59406,0.59491,14916.75
1722542400000,0.5949,0.595,0.59335,0.59351,7673.56
1722556800000,0.59353,0.59503,0.59301,0.59456,12324.96
1722571200000,0.59456,0.59603,0.59448,0.59482,16172.47
1722585600000,0.59483,0.59568,0.59415,0.59521,10610.1
1722600000000,0.59521,0.59843,0.59426,0.59706,44624.38
1722614400000,0.59706,0.59706,0.59554,0.59649,20158.57
1722628800000,0.59649,0.59654,0.59557,0.59557,2620.05
1722801600000,0.59526,0.59574,0.59394,0.5946,11898.21
1722816000000,0.59461,0.5958,0.59373,0.59514,27872.41
1722830400000,0.59516,0.59538,0.58493,0.59257,56317.53
1722844800000,0.59257,0.59407,0.59187,0.59375,28611.89
1722859200000,0.59376,0.59708,0.59203,0.59287,84757.42
1722873600000,0.59285,0.59373,0.59232,0.59342,29953.22
1722888000000,0.59341,0.5957,0.59304,0.59495,13034.55
1722902400000,0.59498,0.59799,0.59444,0.5945,29555.63
1722916800000,0.59447,0.59466,0.59157,0.59172,35222.26
1722931200000,0.59172,0.59331,0.59137,0.59175,26372.73
1722945600000,0.59177,0.59533,0.59126,0.59497,37957.44
1722960000000,0.59498,0.59633,0.59479,0.59539,17984.02
1722974400000,0.59539,0.59921,0.59484,0.5973,17666.06
1722988800000,0.59731,0.6013,0.59706,0.60113,32924.15
1723003200000,0.60114,0.60174,0.60014,0.60096,23267.69
1723017600000,0.60097,0.60248,0.60076,0.60177,15106.95
1723032000000,0.60179,0.60244,0.60062,0.60114,19247.94
1723046400000,0.60115,0.6014,0.59889,0.59953,18158.85
1723060800000,0.59954,0.59964,0.59815,0.59891,10718.71
1723075200000,0.59891,0.60094,0.5986,0.60042,19160.37
1723089600000,0.60044,0.60082,0.59906,0.59934,16103.38
1723104000000,0.59935,0.60001,0.59875,0.59925,11147.4
1723118400000,0.59925,0.60057,0.59768,0.60009,31193.31
1723132800000,0.60009,0.60091,0.59944,0.60063,12508.43
1723147200000,0.60066,0.60143,0.60018,0.60053,6257.25
1723161600000,0.60051,0.60327,0.60014,0.60325,12255.93
1723176000000,0.60324,0.60345,0.60181,0.60208,15304.48
1723190400000,0.60208,0.60258,0.6012,0.60156,9130.74
1723204800000,0.60156,0.60217,0.60053,0.60112,21976.2
1723219200000,0.60113,0.60113,0.59939,0.6001,11863.95
1723233600000,0.60009,0.60019,0.59956,0.59966,1533.3
1723406400000,0.59975,0.59988,0.5989,0.59922,3827.52
1723420800000,0.59923,0.60158,0.59915,0.60105,9719.17
1723435200000,0.60106,0.60267,0.60063,0.60259,9152.58
1723449600000,0.6026,0.60311,0.60215,0.6029,7319.88
1723464000000,0.60291,0.60324,0.60159,0.60199,14338.35
1723478400000,0.602,0.60224,0.60125,0.60181,9424.85
1723492800000,0.60178,0.60256,0.60137,0.60221,6249.78
1723507200000,0.60222,0.60335,0.60168,0.60285,10091.4
1723521600000,0.60286,0.6044,0.60283,0.60425,8148.69
1723536000000,0.60424,0.60452,0.6033,0.60412,7239.32
1723550400000,0.60409,0.60633,0.60374,0.60581,21262.36
1723564800000,0.60579,0.60812,0.60575,0.60778,10019.85
1723579200000,0.60778,0.60809,0.60615,0.6078,11032.2
1723593600000,0.60781,0.60835,0.60097,0.60129,25249.69
1723608000000,0.60128,0.60204,0.60022,0.60126,16736.6
1723622400000,0.60126,0.60238,0.60036,0.60174,9568.46
1723636800000,0.60172,0.60305,0.60026,0.60194,27962.68
1723651200000,0.60194,0.60199,0.59944,0.59977,7910.86
1723665600000,0.59976,0.60023,0.59924,0.5998,4330.65
1723680000000,0.59977,0.60068,0.5983,0.60029,15890.15
1723694400000,0.60031,0.60088,0.60008,0.60065,8054
1723708800000,0.60067,0.60143,0.5997,0.60129,6181.96
1723723200000,0.60129,0.60136,0.59739,0.60049,27529.27
1723737600000,0.6005,0.60106,0.59858,0.59879,8649.45
1723752000000,0.59879,0.59883,0.59781,0.59796,5029.07
1723766400000,0.598,0.601,0.59795,0.60079,9176.22
1723780800000,0.60081,0.60252,0.60068,0.60152,7349.94
1723795200000,0.60153,0.60281,0.60136,0.60276,6510.06
1723809600000,0.60275,0.60341,0.60145,0.60336,14224.95
1723824000000,0.60336,0.60551,0.6032,0.6052,7051.89
1723838400000,0.60518,0.60548,0.60503,0.60511,2224.65
1724011200000,0.60368,0.60595,0.60366,0.60564,3351.99
1724025600000,0.60569,0.60801,0.60541,0.60785,10609.23
1724040000000,0.60784,0.60859,0.60694,0.60717,12243.29
1724054400000,0.60716,0.60769,0.60664,0.60765,7001.1
1724068800000,0.60766,0.60979,0.6068,0.60925,12597.91
1724083200000,0.60924,0.61117,0.60895,0.61096,7150.62
1724097600000,0.61097,0.61169,0.61056,0.61169,6045.31
1724112000000,0.6117,0.61247,0.61107,0.6114,11100.42
1724126400000,0.6114,0.61342,0.6114,0.61309,8979.18
1724140800000,0.61311,0.61429,0.61298,0.61414,10914.48
1724155200000,0.61416,0.61525,0.61322,0.61429,19593.38
1724169600000,0.61433,0.61568,0.61401,0.61532,8168.28
1724184000000,0.6153,0.61581,0.61483,0.61558,6172.77
1724198400000,0.61558,0.61634,0.61461,0.61476,8339.85
1724212800000,0.61475,0.61484,0.61319,0.6136,8407.26
1724227200000,0.61362,0.61429,0.61348,0.61401,6770.88
1724241600000,0.61402,0.61653,0.61337,0.61601,27265.26
1724256000000,0.61599,0.61778,0.61527,0.61588,10039.89
1724270400000,0.61589,0.61638,0.6152,0.61614,5564.19
1724284800000,0.61614,0.61649,0.61432,0.61495,9100.14
1724299200000,0.61495,0.61671,0.61475,0.6165,8046.15
1724313600000,0.61649,0.61693,0.61458,0.61509,8549.25
1724328000000,0.6151,0.61594,0.61275,0.61387,21614.95
1724342400000,0.61387,0.61429,0.61316,0.61359,9979.02
1724356800000,0.61361,0.61453,0.61289,0.6141,5386.95
1724371200000,0.61411,0.61549,0.61402,0.61495,7678.95
1724385600000,0.61494,0.61597,0.61472,0.61515,7594.35
1724400000000,0.61516,0.61603,0.61493,0.61574,6449.55
1724414400000,0.61574,0.62226,0.6152,0.62111,35370.55
1724428800000,0.6211,0.62341,0.62043,0.62325,14038.71
1724443200000,0.62328,0.62362,0.62315,0.62319,2498.44
1724616000000,0.62231,0.62313,0.62194,0.62233,6214.45
1724630400000,0.62234,0.62323,0.62128,0.62155,9746.05
1724644800000,0.62156,0.62188,0.62027,0.62081,9461.05
1724659200000,0.62082,0.62129,0.61967,0.62002,9132.39
1724673600000,0.61999,0.62153,0.6198,0.62031,20507.85
1724688000000,0.62032,0.62164,0.62026,0.62068,6929.24
1724702400000,0.6207,0.62082,0.61944,0.62045,6457.7
1724716800000,0.62047,0.62159,0.6194,0.62157,8282.92
1724731200000,0.62158,0.62268,0.6212,0.62141,10852.99
1724745600000,0.6214,0.62344,0.62136,0.62298,11990.09
1724760000000,0.62299,0.6237,0.62208,0.62345,20240.9
1724774400000,0.62344,0.62544,0.6233,0.6251,9348.84
1724788800000,0.62513,0.62534,0.62417,0.62422,5294.2
1724803200000,0.62423,0.62515,0.6236,0.62497,11009.7
1724817600000,0.62496,0.62524,0.62237,0.62384,11073.45
1724832000000,0.62383,0.62479,0.62376,0.62394,9907.02
1724846400000,0.62395,0.62499,0.62325,0.62407,22738.64
1724860800000,0.62407,0.62451,0.62281,0.62408,10451.7
1724875200000,0.62408,0.62507,0.6238,0.62465,4734.78
1724889600000,0.62467,0.62917,0.62464,0.62873,13057.2
1724904000000,0.62877,0.62985,0.62775,0.62818,12746.55
1724918400000,0.62817,0.62826,0.62701,0.62757,13015.42
1724932800000,0.62756,0.62764,0.62474,0.62655,25317.38
1724947200000,0.62655,0.62707,0.62552,0.62566,11391.6
1724961600000,0.62566,0.62646,0.62537,0.62623,4740.48
1724976000000,0.62624,0.62739,0.62618,0.62645,9456.09
1724990400000,0.62644,0.62648,0.62495,0.6263,11134.65
1725004800000,0.62629,0.62702,0.62561,0.62561,8035.35
1725019200000,0.62562,0.62644,0.62359,0.62407,25975.88
1725033600000,0.62407,0.62509,0.62294,0.62497,10502.28
1725048000000,0.62497,0.62541,0.62474,0.62484,2305.35
1725220800000,0.62369,0.62528,0.62338,0.62462,2660.66
1725235200000,0.6246,0.62521,0.62299,0.62372,10133.11
1725249600000,0.62372,0.62401,0.6224,0.6228,6917.66
1725264000000,0.62279,0.62346,0.62208,0.62236,6608.99
1725278400000,0.62236,0.62342,0.62206,0.62286,10162.65
1725292800000,0.62285,0.62358,0.62242,0.62358,2709.6
1725307200000,0.62357,0.62358,0.62227,0.62293,2649.69
1725321600000,0.62295,0.62354,0.61962,0.61988,15905.92
1725336000000,0.61988,0.62027,0.61833,0.61962,18735.52
1725350400000,0.61961,0.61995,0.61827,0.61855,9465.51
1725364800000,0.61854,0.62077,0.61814,0.61881,27590.9
1725379200000,0.61881,0.61945,0.61796,0.61858,23328.6
1725393600000,0.61858,0.61898,0.61816,0.61858,7690.55
1725408000000,0.61857,0.61882,0.61687,0.61779,13222.27
1725422400000,0.6178,0.61861,0.6173,0.61825,10790.85
1725436800000,0.61826,0.6191,0.61773,0.61871,9452.55
1725451200000,0.61872,0.62163,0.61783,0.61978,28954.84
1725465600000,0.61977,0.62035,0.619,0.61979,15675.75
1725480000000,0.61978,0.62004,0.61844,0.61857,4980.25
1725494400000,0.61857,0.6201,0.61778,0.61986,8175.27
1725508800000,0.61988,0.62085,0.61949,0.61974,8999.25
1725523200000,0.61975,0.62109,0.61944,0.62067,8622.95
1725537600000,0.62069,0.62248,0.62016,0.62103,25803.41
1725552000000,0.62103,0.62259,0.62101,0.62198,10047.39
1725566400000,0.62197,0.62246,0.62144,0.62233,4237.32
1725580800000,0.62232,0.62251,0.62134,0.62142,6736.38
1725595200000,0.6214,0.62271,0.62091,0.62267,10193.1
1725609600000,0.62269,0.62296,0.62207,0.62227,8894.08
1725624000000,0.62228,0.62538,0.61735,0.61765,57735.62
1725638400000,0.61764,0.61764,0.61555,0.61743,23779.89
1725652800000,0.61743,0.61744,0.61704,0.61711,2921.1
1725825600000,0.61724,0.61766,0.61656,0.6169,3463.15
1725840000000,0.6169,0.61856,0.61686,0.61722,10981.83
1725854400000,0.61722,0.61747,0.61442,0.61512,10101.61
1725868800000,0.61512,0.61518,0.61239,0.61361,8863.55
1725883200000,0.61362,0.6149,0.6132,0.61477,17113.93
1725897600000,0.61478,0.61581,0.6138,0.6143,9581.24
1725912000000,0.61428,0.61502,0.61366,0.61413,4409.64
1725926400000,0.61417,0.61442,0.61315,0.61424,8259.47
1725940800000,0.61425,0.61582,0.61424,0.61498,8590.8
1725955200000,0.61499,0.61648,0.61465,0.61541,8498.03
1725969600000,0.61541,0.61605,0.61416,0.61534,18741.2
1725984000000,0.61535,0.61575,0.6147,0.61534,11201.7
1725998400000,0.61535,0.61547,0.614,0.61491,5581.14
1726012800000,0.6149,0.61537,0.61355,0.61408,13418.06
1726027200000,0.61409,0.61566,0.6136,0.61479,16009.45
1726041600000,0.61478,0.6151,0.61396,0.61482,14975.81
1726056000000,0.61482,0.61483,0.61059,0.61203,44708.39
1726070400000,0.61203,0.61387,0.61185,0.6134,20575.63
1726084800000,0.61342,0.614,0.61225,0.61315,6593
1726099200000,0.61316,0.61445,0.61278,0.61441,9661.16
1726113600000,0.61441,0.61585,0.61364,0.61366,11099.95
1726128000000,0.61365,0.61389,0.6129,0.61321,13105.47
1726142400000,0.6132,0.61537,0.61312,0.61514,29259.19
1726156800000,0.61513,0.61802,0.61496,0.61802,19539.1
1726171200000,0.61802,0.61879,0.61573,0.61869,5384.39
1726185600000,0.61868,0.61934,0.61775,0.6181,11228.14
1726200000000,0.61812,0.61864,0.61747,0.61852,12326.13
1726214400000,0.61853,0.61913,0.61621,0.61643,14627.31
1726228800000,0.61643,0.61766,0.61615,0.61654,17513.97
1726243200000,0.61654,0.61655,0.61516,0.61568,10768.36
1726257600000,0.61567,0.61578,0.61558,0.61562,3489.9
1726430400000,0.61559,0.61656,0.61544,0.61626,3701.11
1726444800000,0.61627,0.61786,0.61538,0.61782,7086
1726459200000,0.6178,0.61826,0.61713,0.61815,11044.35
1726473600000,0.61819,0.61974,0.61804,0.61966,10669.12
1726488000000,0.61969,0.61992,0.618,0.6184,17308.61
1726502400000,0.61841,0.61941,0.61809,0.61931,9498.3
1726516800000,0.6193,0.62024,0.61887,0.61952,5699.99
1726531200000,0.61951,0.61965,0.61826,0.61894,6294.52
1726545600000,0.61893,0.62048,0.61853,0.62037,8216.03
1726560000000,0.62036,0.62105,0.61964,0.62031,8940.93
1726574400000,0.62031,0.62035,0.61776,0.61819,23512.22
1726588800000,0.61819,0.6191,0.61755,0.61851,13225.95
1726603200000,0.61851,0.61943,0.61796,0.61916,5457.34
1726617600000,0.61917,0.62065,0.6191,0.62018,9988.79
1726632000000,0.62018,0.62143,0.61935,0.62143,12256.7
1726646400000,0.62141,0.62278,0.62117,0.62225,14060.37
1726660800000,0.62226,0.62313,0.62005,0.62018,15289.32
1726675200000,0.62016,0.62672,0.61875,0.61904,54458.68
1726689600000,0.61903,0.62205,0.61875,0.62092,67520.57
1726704000000,0.62094,0.62273,0.61807,0.62204,24550.57
1726718400000,0.62205,0.62514,0.6204,0.62451,19298.3
1726732800000,0.62451,0.62683,0.62444,0.62509,18400.69
1726747200000,0.62509,0.62529,0.62176,0.62398,31644.2
1726761600000,0.62399,0.62516,0.6239,0.62446,15452
1726776000000,0.62443,0.62446,0.62317,0.62359,10726.82
1726790400000,0.62359,0.62499,0.62246,0.62436,12305.31
1726804800000,0.62436,0.62599,0.62351,0.62408,16002.34
1726819200000,0.62406,0.62427,0.62209,0.62281,12799.94
1726833600000,0.62282,0.62436,0.62096,0.62328,33252.15
1726848000000,0.6233,0.62495,0.62309,0.62386,22313.77
1726862400000,0.62388,0.62397,0.62355,0.62365,4323.3
1727035200000,0.62225,0.62403,0.62225,0.6235,3119.96
1727049600000,0.6235,0.62437,0.62292,0.62373,8109.63
1727064000000,0.62374,0.62486,0.62251,0.62279,13394.99
1727078400000,0.62278,0.62576,0.62247,0.6257,13278.04
1727092800000,0.62569,0.62734,0.62486,0.62697,25679.91
1727107200000,0.62695,0.62799,0.62625,0.62737,11163.59
1727121600000,0.62738,0.62738,0.62607,0.62664,5480.78
1727136000000,0.62665,0.62726,0.62588,0.6266,14476.5
1727150400000,0.62659,0.62806,0.62588,0.6262,23405.77
1727164800000,0.62622,0.62841,0.6261,0.62838,11395.34
1727179200000,0.62841,0.63275,0.62837,0.63184,25414.88
1727193600000,0.63187,0.63405,0.63185,0.63401,14972.46
1727208000000,0.63401,0.63521,0.63325,0.63516,5402.68
1727222400000,0.63518,0.63553,0.63321,0.63353,12627.51
1727236800000,0.63354,0.63372,0.63173,0.63211,11374.05
1727251200000,0.63211,0.6325,0.63073,0.63159,8802.75
1727265600000,0.63158,0.63229,0.62769,0.62778,21654.15
1727280000000,0.62778,0.62793,0.62613,0.6262,14044.54
1727294400000,0.6262,0.62657,0.62549,0.6255,10921.43
1727308800000,0.6255,0.62706,0.62521,0.62684,17196.24
1727323200000,0.62684,0.62872,0.62617,0.6282,13527.75
1727337600000,0.62819,0.63114,0.62763,0.63058,13766.34
1727352000000,0.63064,0.63317,0.62945,0.63261,37902.41
1727366400000,0.6326,0.6331,0.6316,0.63279,19647.03
1727380800000,0.63279,0.63347,0.63163,0.63302,9279.57
1727395200000,0.63299,0.63301,0.63024,0.63067,12465.36
1727409600000,0.63067,0.63145,0.62955,0.63045,22847.02
1727424000000,0.63046,0.63226,0.63016,0.63197,12381.07
1727438400000,0.63196,0.63671,0.63181,0.63415,33074.2
1727452800000,0.63416,0.63532,0.63346,0.63451,18018.34
1727467200000,0.63451,0.63452,0.63392,0.63401,5770.65
1727640000000,0.63343,0.63543,0.63329,0.6349,3722.33
1727654400000,0.63491,0.63744,0.63482,0.6368,17197.73
1727668800000,0.63681,0.63767,0.63599,0.63607,13723.83
1727683200000,0.63609,0.63642,0.63463,0.6352,16301.68
1727697600000,0.6352,0.63676,0.63458,0.63621,26628.36
1727712000000,0.63624,0.63784,0.63369,0.63526,24022.23
1727726400000,0.63527,0.6353,0.63405,0.63444,4825.14
1727740800000,0.63444,0.63471,0.63191,0.63214,12495.01
1727755200000,0.63215,0.63377,0.63078,0.6311,12604.25
1727769600000,0.63113,0.63248,0.63047,0.63167,16819.35
1727784000000,0.63166,0.63197,0.62739,0.6283,41881.01
1727798400000,0.6283,0.63013,0.62643,0.62948,22744.58
1727812800000,0.62952,0.62957,0.62756,0.62818,8623.03
1727827200000,0.62819,0.6313,0.62809,0.63066,13957.29
1727841600000,0.63066,0.63117,0.62835,0.62864,18222.27
1727856000000,0.62862,0.62932,0.62788,0.62851,11482.42
1727870400000,0.6285,0.62869,0.62605,0.62745,25745.88
1727884800000,0.62745,0.62787,0.62577,0.62652,10968.6
1727899200000,0.62651,0.62655,0.62572,0.62579,6179.07
1727913600000,0.62579,0.62579,0.62349,0.62429,13940.58
1727928000000,0.62428,0.6245,0.62274,0.62337,16037.77
1727942400000,0.6234,0.62343,0.6215,0.62234,13408.59
1727956800000,0.62233,0.62314,0.62109,0.62149,35907.65
1727971200000,0.62149,0.62243,0.62098,0.62143,14831.4
1727985600000,0.62143,0.62187,0.62048,0.62161,4917.75
1728000000000,0.62163,0.62191,0.62066,0.62106,13562.55
1728014400000,0.62105,0.62135,0.62004,0.62029,10735.64
1728028800000,0.62028,0.62073,0.61946,0.62057,9381.86
1728043200000,0.62057,0.62087,0.61472,0.61552,42170.13
1728057600000,0.61553,0.61647,0.61452,0.61614,11048.96
1728072000000,0.61616,0.61619,0.61568,0.61568,1631.55
1728244800000,0.61468,0.61729,0.61468,0.61581,6436.8
1728259200000,0.6158,0.61695,0.61547,0.61654,13446.75
1728273600000,0.61653,0.61688,0.6145,0.61474,9826.5
1728288000000,0.61475,0.6153,0.61338,0.61479,13417.32
1728302400000,0.61481,0.61544,0.61171,0.61222,28113.35
1728316800000,0.61221,0.61313,0.61121,0.61214,15220.04
1728331200000,0.61216,0.61308,0.6111,0.61272,8393.43
1728345600000,0.61273,0.61445,0.61068,0.61244,25806.27
1728360000000,0.61244,0.6132,0.61107,0.61308,17336.62
1728374400000,0.61309,0.61313,0.61135,0.61257,11205.97
1728388800000,0.61256,0.61282,0.61085,0.61204,20871.99
1728403200000,0.61205,0.61362,0.61115,0.61353,12303.9
1728417600000,0.61353,0.61419,0.61266,0.61302,5824.57
1728432000000,0.61299,0.61377,0.60744,0.6087,26622.85
1728446400000,0.60875,0.61109,0.60772,0.60851,25531.52
1728460800000,0.60853,0.60913,0.60671,0.607,9577.05
1728475200000,0.60701,0.60757,0.60523,0.60637,18388.81
1728489600000,0.60636,0.60639,0.60534,0.60577,8470.56
1728504000000,0.60577,0.60741,0.60527,0.60682,4655.43
1728518400000,0.60681,0.60912,0.60637,0.60874,17068.65
1728532800000,0.60872,0.60921,0.60766,0.60774,10550.7
1728547200000,0.60773,0.60816,0.60693,0.60723,8215.42
1728561600000,0.6072,0.60974,0.6053,0.60848,45632.47
1728576000000,0.60848,0.60896,0.60654,0.60895,20775.29
1728590400000,0.60894,0.60968,0.60827,0.60951,15363.03
1728604800000,0.60951,0.61057,0.60917,0.61034,8018.62
1728619200000,0.61032,0.61046,0.60869,0.60991,6543.45
1728633600000,0.60993,0.61017,0.60835,0.60893,6856.87
1728648000000,0.60893,0.61133,0.60833,0.61101,19014.33
1728662400000,0.61101,0.61194,0.6109,0.61102,4673.1
1728676800000,0.61102,0.61116,0.61072,0.61089,1311
1728849600000,0.60906,0.61032,0.60871,0.60901,4827.16
1728864000000,0.60899,0.61025,0.60822,0.60917,15536.19
1728878400000,0.60918,0.61009,0.60869,0.60887,8755.5
1728892800000,0.60885,0.60934,0.60759,0.60799,7115.7
1728907200000,0.60794,0.60988,0.60698,0.6089,18327.24
1728921600000,0.6089,0.60931,0.60807,0.60906,8870.95
1728936000000,0.60906,0.60957,0.60848,0.60897,4377.87
1728950400000,0.60896,0.60934,0.60837,0.60885,10772.64
1728964800000,0.60884,0.60884,0.60732,0.60785,11433
1728979200000,0.60785,0.60942,0.60757,0.60906,9052.35
1728993600000,0.60906,0.61055,0.60837,0.60852,19114.42
1729008000000,0.60852,0.60867,0.60736,0.6079,8923.93
1729022400000,0.60791,0.60879,0.60514,0.60516,9725.54
1729036800000,0.60514,0.60731,0.60394,0.60652,17078.9
1729051200000,0.60649,0.60702,0.60569,0.60675,13257.6
1729065600000,0.60672,0.60778,0.60629,0.60773,9473.85
1729080000000,0.60773,0.60793,0.60542,0.60557,17045.52
1729094400000,0.60558,0.60613,0.60526,0.60581,6510.9
1729108800000,0.60582,0.60588,0.60501,0.60579,3094.41
1729123200000,0.60577,0.60753,0.60556,0.60596,14643.81
1729137600000,0.60595,0.60662,0.60442,0.6052,9815.37
1729152000000,0.60514,0.60738,0.60468,0.60689,8300.4
1729166400000,0.60687,0.607,0.60487,0.60617,31750.24
1729180800000,0.60617,0.60648,0.60549,0.60594,8624.55
1729195200000,0.6059,0.60618,0.60527,0.60597,4868.18
1729209600000,0.60596,0.60721,0.6056,0.60607,11933.91
1729224000000,0.60607,0.60713,0.60573,0.60667,10766.89
1729238400000,0.60667,0.60762,0.60655,0.60728,10072.2
1729252800000,0.60728,0.60796,0.60633,0.60639,16208.85
1729267200000,0.60637,0.60746,0.60629,0.60698,7237.5
1729281600000,0.60697,0.60733,0.60681,0.60698,1453.2
1729454400000,0.60653,0.60774,0.60635,0.60759,2584.56
1729468800000,0.6076,0.60837,0.60698,0.60813,14665.2
1729483200000,0.60812,0.60818,0.60543,0.60633,12911.7
1729497600000,0.60632,0.60656,0.60488,0.60556,9795.15
1729512000000,0.60556,0.6066,0.60295,0.60324,18204.32
1729526400000,0.60321,0.60354,0.6027,0.60322,15805.05
1729540800000,0.60322,0.60333,0.60213,0.60227,4665.01
1729555200000,0.60227,0.60506,0.60207,0.60499,11682.48
1729569600000,0.605,0.60594,0.60488,0.60536,10440.6
1729584000000,0.60533,0.60595,0.60461,0.60515,10294.35
1729598400000,0.60514,0.60608,0.60419,0.60432,24015.52
1729612800000,0.6043,0.60535,0.60404,0.60432,9228.97
1729627200000,0.60431,0.60452,0.60399,0.60432,5200.22
1729641600000,0.60431,0.60525,0.60281,0.60422,12936
1729656000000,0.6042,0.60436,0.60259,0.60271,9100.95
1729670400000,0.6027,0.60307,0.60082,0.60088,8738.7
1729684800000,0.60087,0.60126,0.60015,0.60048,16937.57
1729699200000,0.60045,0.60057,0.59908,0.60056,11485.22
1729713600000,0.60055,0.60097,0.59983,0.60052,5376.9
1729728000000,0.60051,0.60153,0.59995,0.60119,11860.8
1729742400000,0.60119,0.60279,0.60106,0.60237,12170.04
1729756800000,0.60239,0.60317,0.60214,0.60275,10992.45
1729771200000,0.60275,0.6031,0.60029,0.60066,24132.87
1729785600000,0.60066,0.602,0.60013,0.60166,11616.66
1729800000000,0.60166,0.60168,0.6006,0.60074,3860.91
1729814400000,0.60074,0.60101,0.59888,0.59929,11072.54
1729828800000,0.59928,0.6003,0.59869,0.59974,12111.82
1729843200000,0.59974,0.60082,0.59944,0.60047,9867.23
1729857600000,0.60047,0.60131,0.59914,0.5992,18921.34
1729872000000,0.59918,0.59918,0.59742,0.59744,15577.59
1729886400000,0.59743,0.59775,0.59737,0.59756,2201.83
1730059200000,0.59736,0.5985,0.59697,0.59781,4865.33
1730073600000,0.5978,0.59821,0.59614,0.59617,12314.51
1730088000000,0.59614,0.59742,0.59575,0.59704,8407.95
1730102400000,0.59701,0.59873,0.59678,0.59863,10547.85
1730116800000,0.59861,0.59973,0.59779,0.59786,14238.49
1730131200000,0.59785,0.59827,0.59732,0.59808,10044.57
1730145600000,0.59807,0.59886,0.59763,0.59884,5910.96
1730160000000,0.59881,0.59893,0.59677,0.59692,11991.36
1730174400000,0.59689,0.59785,0.59671,0.59744,8541.6
1730188800000,0.59744,0.59828,0.59681,0.59684,10627.05
1730203200000,0.59681,0.5976,0.5953,0.59601,28389.16
1730217600000,0.59602,0.59678,0.5955,0.59658,13872.63
1730232000000,0.59658,0.59734,0.59656,0.5969,5480.68
1730246400000,0.59688,0.59779,0.59503,0.59549,13249.29
1730260800000,0.59548,0.59792,0.59526,0.59784,8557.05
1730275200000,0.59785,0.60014,0.59785,0.59835,16106.69
1730289600000,0.59833,0.59945,0.59686,0.59851,29012.36
1730304000000,0.5985,0.59863,0.59768,0.59779,11591.55
1730318400000,0.59778,0.59791,0.59647,0.59707,7365.89
1730332800000,0.59707,0.59815,0.5964,0.59715,13138.81
1730347200000,0.59713,0.59825,0.59694,0.59816,9015.6
1730361600000,0.59816,0.5983,0.59652,0.5974,8787.45
1730376000000,0.5974,0.59802,0.59396,0.595,33802.48
1730390400000,0.59499,0.59763,0.59492,0.59759,18166.45
1730404800000,0.59757,0.59798,0.59694,0.59704,7161.32
1730419200000,0.59702,0.59785,0.59628,0.59762,13593.52
1730433600000,0.59761,0.59831,0.59645,0.59656,7751.4
1730448000000,0.59654,0.59736,0.59627,0.59711,9828.66
1730462400000,0.59713,0.59987,0.59626,0.59794,32462.44
1730476800000,0.59794,0.59812,0.59581,0.59603,14370.02
1730491200000,0.59605,0.5963,0.59588,0.59612,1629.15
1730664000000,0.59958,0.59981,0.59728,0.59857,6210.54
1730678400000,0.59859,0.6015,0.5981,0.60104,16274.65
1730692800000,0.60105,0.60106,0.59855,0.59858,11577
1730707200000,0.59856,0.59945,0.59796,0.59939,11785.8
1730721600000,0.59939,0.5998,0.59823,0.59899,21607.95
1730736000000,0.59899,0.59906,0.5972,0.59741,19187.14
1730750400000,0.5974,0.59771,0.59673,0.59727,6648.46
1730764800000,0.59727,0.59797,0.59662,0.59708,11586.37
1730779200000,0.59707,0.59958,0.59703,0.59936,9636.66
1730793600000,0.59936,0.60037,0.59933,0.59996,12542.55
1730808000000,0.59996,0.60104,0.59939,0.59978,25685.1
1730822400000,0.59977,0.60046,0.59931,0.59963,20699.36
1730836800000,0.59963,0.60189,0.59887,0.60152,15336.19
1730851200000,0.60154,0.60204,0.59147,0.59186,78410.28
1730865600000,0.59187,0.59541,0.59115,0.59312,70175.95
1730880000000,0.59312,0.59745,0.59291,0.59397,43480.94
1730894400000,0.59396,0.59573,0.59318,0.59495,69704.93
1730908800000,0.59495,0.59597,0.59368,0.59487,31386.27
1730923200000,0.59487,0.59522,0.59307,0.59376,8289.78
1730937600000,0.59375,0.59845,0.59305,0.5983,17931.86
1730952000000,0.59828,0.5998,0.59794,0.59909,12999.98
1730966400000,0.5991,0.60026,0.59844,0.59872,21490.93
1730980800000,0.59873,0.60372,0.59853,0.6033,43349.52
1730995200000,0.60329,0.60356,0.60049,0.6017,34835.39
1731009600000,0.6017,0.60323,0.60156,0.60212,18037.61
1731024000000,0.60212,0.60238,0.60008,0.60012,15862.87
1731038400000,0.60011,0.60141,0.59991,0.60089,13394.85
1731052800000,0.60087,0.6012,0.59896,0.60005,29457.21
1731067200000,0.60005,0.6001,0.59758,0.59794,38656.41
1731081600000,0.59794,0.59797,0.59468,0.59596,33234.59
1731096000000,0.59596,0.59688,0.5956,0.59663,12048.3
1731268800000,0.59631,0.59678,0.59374,0.59638,2860.8
1731283200000,0.59637,0.59755,0.59602,0.59738,12560.39
1731297600000,0.5974,0.59771,0.59615,0.59649,12784.02
1731312000000,0.59649,0.59717,0.5956,0.59685,23325.88
1731326400000,0.59685,0.59699,0.59515,0.59578,22842.98
1731340800000,0.59578,0.59631,0.5954,0.5959,10507.7
1731355200000,0.5959,0.59692,0.5955,0.59689,4630.42
1731369600000,0.59688,0.59721,0.59536,0.59546,17179.79
1731384000000,0.59546,0.59596,0.59496,0.59528,16119.27
1731398400000,0.59527,0.59563,0.59381,0.59445,19478.1
1731412800000,0.59444,0.59545,0.59295,0.59316,30890.32
1731427200000,0.59317,0.59327,0.59092,0.59216,19862.54
1731441600000,0.59215,0.59301,0.5919,0.59222,9348.64
1731456000000,0.59222,0.59332,0.59169,0.59272,13838.55
1731470400000,0.59273,0.59312,0.59213,0.59232,12280.62
1731484800000,0.59233,0.59338,0.59185,0.59307,15917.92
1731499200000,0.59308,0.59469,0.58869,0.59009,47570.24
1731513600000,0.59009,0.59015,0.58776,0.58829,24747.27
1731528000000,0.58829,0.58847,0.58757,0.58826,7942.32
1731542400000,0.58827,0.58838,0.58607,0.58626,14077.13
1731556800000,0.58624,0.58711,0.58534,0.58661,13371.97
1731571200000,0.58659,0.58703,0.58496,0.5863,19689.05
1731585600000,0.58632,0.58827,0.58535,0.58772,42676.58
1731600000000,0.58772,0.58809,0.5865,0.58653,22162.68
1731614400000,0.58654,0.58657,0.58388,0.58489,18491.77
1731628800000,0.5849,0.58659,0.58397,0.58561,14984.71
1731643200000,0.5856,0.5869,0.5853,0.5864,11073.22
1731657600000,0.58639,0.58757,0.58571,0.58731,17834.67
1731672000000,0.58728,0.588,0.58469,0.58617,49910.12
1731686400000,0.58619,0.58696,0.58578,0.58586,33187.64
1731700800000,0.58585,0.58664,0.58517,0.58642,9318.45
1731873600000,0.58629,0.58649,0.58588,0.58634,2822.93
1731888000000,0.58633,0.58754,0.58511,0.58539,15771.56
1731902400000,0.58539,0.58637,0.58428,0.58464,11160.12
1731916800000,0.58465,0.58519,0.58358,0.58386,17480.39
1731931200000,0.58387,0.58687,0.58366,0.58657,24135.45
1731945600000,0.58656,0.58977,0.58653,0.58892,17990.93
1731960000000,0.58895,0.58941,0.58871,0.58896,5904.54
1731974400000,0.58895,0.5898,0.58776,0.58979,16145
1731988800000,0.58979,0.5901,0.58846,0.58938,13479.28
1732003200000,0.58936,0.5899,0.58738,0.5881,31221.3
1732017600000,0.58811,0.59036,0.58806,0.59011,36697.62
1732032000000,0.59011,0.59116,0.5897,0.59105,16517.74
1732046400000,0.59104,0.59198,0.5905,0.59186,5542.14
1732060800000,0.59186,0.59215,0.59026,0.59056,10062.33
1732075200000,0.59058,0.591,0.58923,0.58929,10772.17
1732089600000,0.5893,0.58942,0.58729,0.58779,13830.22
1732104000000,0.5878,0.58855,0.58636,0.58708,22025.15
1732118400000,0.58707,0.58781,0.58635,0.58702,14221.4
1732132800000,0.58701,0.58796,0.58662,0.58794,5627.18
1732147200000,0.58796,0.58857,0.58725,0.58789,10013.97
1732161600000,0.58788,0.58801,0.58594,0.58637,15665.4
1732176000000,0.58636,0.5876,0.586,0.58697,18380.67
1732190400000,0.58697,0.58839,0.58633,0.58646,33664.7
1732204800000,0.58645,0.5867,0.58493,0.58656,29008.74
1732219200000,0.58658,0.58674,0.5849,0.5856,8221.64
1732233600000,0.58559,0.58571,0.58285,0.58431,13844.58
1732248000000,0.58431,0.58441,0.58259,0.58392,13604.32
1732262400000,0.58392,0.58544,0.5822,0.58382,35044
1732276800000,0.58383,0.5844,0.58242,0.58264,35189.49
1732291200000,0.58264,0.58338,0.5816,0.58282,16756.27
1732305600000,0.58283,0.5835,0.58242,0.58334,5922.3
1732478400000,0.58525,0.58688,0.5849,0.58605,7607.65
1732492800000,0.58604,0.58668,0.58517,0.58523,13995.79
1732507200000,0.58523,0.58625,0.5845,0.58455,15153.57
1732521600000,0.58454,0.58553,0.58359,0.5846,19618.96
1732536000000,0.58461,0.58674,0.58381,0.58467,33511.27
1732550400000,0.5847,0.58519,0.5835,0.58493,18262.11
1732564800000,0.58494,0.58503,0.57979,0.581,10683.83
1732579200000,0.58103,0.58383,0.57965,0.58382,26929.71
1732593600000,0.58384,0.58466,0.58325,0.58326,17709
1732608000000,0.58325,0.58563,0.58315,0.58514,17101.95
1732622400000,0.58513,0.58655,0.58202,0.58285,43329.37
1732636800000,0.58286,0.58306,0.5815,0.58264,20038.27
1732651200000,0.58262,0.58368,0.58227,0.58357,8761.33
1732665600000,0.58358,0.58813,0.58263,0.58669,22821.36
1732680000000,0.58669,0.5888,0.58596,0.58853,14208.45
1732694400000,0.58853,0.59006,0.58792,0.58866,27599.82
1732708800000,0.58867,0.59076,0.58815,0.59039,38695.54
1732723200000,0.59037,0.59078,0.58943,0.58971,20217.74
1732737600000,0.58971,0.58975,0.58862,0.58921,8195.17
1732752000000,0.58922,0.59047,0.58878,0.58901,12293.64
1732766400000,0.58902,0.58957,0.58813,0.58847,10536.56
1732780800000,0.58846,0.5897,0.58799,0.58874,16440.69
1732795200000,0.58876,0.58906,0.58807,0.58848,12502.44
1732809600000,0.58848,0.58921,0.58834,0.5891,2979.45
1732824000000,0.58911,0.58961,0.58807,0.58954,4183.95
1732838400000,0.58953,0.5914,0.58923,0.5913,16261.13
1732852800000,0.59131,0.59284,0.59076,0.59207,15404.79
1732867200000,0.59205,0.59211,0.59066,0.59143,21593.59
1732881600000,0.59143,0.59267,0.5904,0.59151,25534.73
1732896000000,0.59153,0.59274,0.5907,0.59273,17062.88
1732910400000,0.59271,0.59279,0.59192,0.59195,4838.02
1733083200000,0.59082,0.59148,0.58992,0.59053,4030.02
1733097600000,0.59052,0.59062,0.58895,0.5895,21498.92
1733112000000,0.5895,0.59087,0.58907,0.5901,17140.57
1733126400000,0.5901,0.59109,0.58934,0.59037,21324.36
1733140800000,0.59036,0.59062,0.58634,0.58686,34399.53
1733155200000,0.58685,0.58851,0.58646,0.5883,21988.57
1733169600000,0.5883,0.58938,0.58703,0.58832,12513.14
1733184000000,0.58832,0.58858,0.58641,0.58754,16469.7
1733198400000,0.58753,0.58886,0.58719,0.58864,12650.04
1733212800000,0.58865,0.59045,0.58858,0.58917,23897.84
1733227200000,0.58919,0.58936,0.5867,0.58774,29000.41
1733241600000,0.58775,0.58918,0.58711,0.58744,13598.77
1733256000000,0.58743,0.58831,0.58722,0.58812,4821.36
1733270400000,0.58813,0.58841,0.58307,0.58416,21246.96
1733284800000,0.58414,0.58641,0.58373,0.58562,15351.12
1733299200000,0.58562,0.58571,0.58355,0.58389,20207.94
1733313600000,0.58388,0.58617,0.58286,0.58599,40655.94
1733328000000,0.58601,0.58682,0.5852,0.58598,19752.38
1733342400000,0.58602,0.58613,0.58467,0.58566,7914.92
1733356800000,0.58566,0.58704,0.58516,0.58695,12013.49
1733371200000,0.58696,0.5878,0.58629,0.58761,9896.82
1733385600000,0.5876,0.58807,0.58596,0.58642,15665.7
1733400000000,0.58642,0.58811,0.58519,0.58702,30227.58
1733414400000,0.58702,0.5887,0.58617,0.58836,17274.55
1733428800000,0.58836,0.58887,0.58795,0.58823,5229.75
1733443200000,0.58824,0.58829,0.5862,0.58671,15232.59
1733457600000,0.5867,0.58677,0.58542,0.58589,12152.98
1733472000000,0.58588,0.58591,0.58413,0.58433,15126.65
1733486400000,0.58432,0.5876,0.58263,0.58329,45050.97
1733500800000,0.58328,0.58367,0.58208,0.58284,18782.5
1733515200000,0.58286,0.58337,0.58247,0.58247,5712.88
1733688000000,0.58343,0.58396,0.58306,0.58378,3699.92
1733702400000,0.58377,0.58379,0.58133,0.58137,12075.77
1733716800000,0.58136,0.58424,0.58039,0.58409,14419.57
1733731200000,0.58407,0.58681,0.58364,0.5861,19984.89
1733745600000,0.58608,0.58876,0.5855,0.5884,23532.21
1733760000000,0.58842,0.58875,0.5865,0.58677,17168.77
1733774400000,0.58679,0.58689,0.58574,0.58575,7025.28
1733788800000,0.58576,0.58577,0.58215,0.58304,18057
1733803200000,0.58304,0.58364,0.58187,0.58192,14138.99
1733817600000,0.58192,0.58291,0.58143,0.58228,17040.44
1733832000000,0.58229,0.58237,0.57946,0.57969,26355.41
1733846400000,0.57969,0.58055,0.5791,0.58006,16518.97
1733860800000,0.58006,0.58036,0.57947,0.58007,5216.65
1733875200000,0.58008,0.58079,0.5796,0.58018,13961.17
1733889600000,0.58018,0.58023,0.57656,0.57673,17296.19
1733904000000,0.57672,0.57818,0.5761,0.57744,22879.65
1733918400000,0.57745,0.58006,0.57726,0.57862,42836.49
1733932800000,0.57864,0.57971,0.57801,0.57855,21013.34
1733947200000,0.57856,0.57931,0.57793,0.57931,6864.25
1733961600000,0.57902,0.58089,0.57846,0.58061,14291.61
1733976000000,0.58059,0.58172,0.58032,0.58076,13212.52
1733990400000,0.58076,0.5811,0.57921,0.57962,19116.6
1734004800000,0.57963,0.58018,0.57708,0.57804,37827.47
1734019200000,0.57804,0.57936,0.57657,0.57657,20532.5
1734033600000,0.57658,0.57712,0.57591,0.57694,7651.97
1734048000000,0.57693,0.57717,0.57573,0.57635,13640.4
1734062400000,0.57635,0.57681,0.57561,0.57651,11237.26
1734076800000,0.57651,0.5769,0.57552,0.57632,14912.46
1734091200000,0.57631,0.5778,0.5754,0.57589,20132.19
1734105600000,0.57588,0.57633,0.57534,0.5757,18269.25
1734120000000,0.57571,0.57627,0.57537,0.57579,4539.72
1734292800000,0.57556,0.57742,0.57528,0.5769,4002.9
1734307200000,0.57689,0.57773,0.57655,0.57763,14015.25
1734321600000,0.57764,0.5783,0.57744,0.57784,8831.72
1734336000000,0.57783,0.5786,0.57614,0.5766,11574.84
1734350400000,0.57662,0.57826,0.57585,0.57815,21869.67
1734364800000,0.57815,0.57852,0.57751,0.57792,14604.69
1734379200000,0.57792,0.57915,0.57673,0.5791,5375.17
1734393600000,0.57912,0.57925,0.57702,0.57711,10327.2
1734408000000,0.57714,0.57747,0.57563,0.57628,9479.26
1734422400000,0.57626,0.57636,0.57538,0.57585,14854.89
1734436800000,0.57584,0.57677,0.57539,0.57589,47373.6
1734451200000,0.57591,0.57628,0.57512,0.5754,22515.69
1734465600000,0.57546,0.57579,0.57495,0.57577,5466.62
1734480000000,0.57577,0.57583,0.57389,0.57389,10523.09
1734494400000,0.57389,0.57477,0.57306,0.57371,9307.49
1734508800000,0.5737,0.57374,0.57225,0.57287,10619.33
1734523200000,0.57288,0.57369,0.57197,0.57201,25653.33
1734537600000,0.57201,0.57242,0.56632,0.56651,46005.3
1734552000000,0.56648,0.56672,0.56125,0.5616,42070.33
1734566400000,0.56161,0.56305,0.56075,0.56299,27862.28
1734580800000,0.56298,0.56443,0.56216,0.56401,15615.81
1734595200000,0.56399,0.56612,0.56375,0.56565,17563.02
1734609600000,0.56564,0.56618,0.56488,0.56491,38620.45
1734624000000,0.56492,0.56568,0.5634,0.56348,20729.41
1734638400000,0.56352,0.56372,0.5624,0.5626,7566.93
1734652800000,0.56259,0.56325,0.56123,0.56233,14188.82
1734667200000,0.56234,0.56404,0.562,0.56395,13418.1
1734681600000,0.56396,0.56456,0.56269,0.56284,17771.52
1734696000000,0.56284,0.56534,0.56279,0.56447,55874.57
1734710400000,0.56446,0.56721,0.56416,0.56661,30575.49
1734724800000,0.56662,0.56665,0.56468,0.56468,13169.64
1734897600000,0.56496,0.56565,0.56401,0.56517,4641.45
1734912000000,0.56518,0.56598,0.56413,0.56527,10424.03
1734926400000,0.56526,0.56598,0.56447,0.5646,7097.17
1734940800000,0.5646,0.56606,0.56429,0.56464,18667.06
1734955200000,0.56466,0.56473,0.56314,0.56397,27555.04
1734969600000,0.56397,0.56532,0.5634,0.56514,18785.18
1734984000000,0.56514,0.56538,0.56411,0.56452,7374.82
1734998400000,0.56448,0.56484,0.56349,0.56415,7599.21
1735012800000,0.56415,0.56518,0.56405,0.56432,5524.05
1735027200000,0.56432,0.56492,0.56368,0.56381,12593.77
1735041600000,0.56383,0.56482,0.56349,0.56358,23775.96
1735056000000,0.56355,0.56507,0.56331,0.56347,11078.23
1735070400000,0.56377,0.56625,0.56152,0.56249,4582.26
1735084800000,0.56249,0.56515,0.56249,0.56308,86.1
1735099200000,0.56421,0.56421,0.56266,0.56286,100.2
1735156800000,0.56309,0.56534,0.56208,0.565,8146.2
1735171200000,0.56501,0.56594,0.56473,0.5654,14658.6
1735185600000,0.5654,0.56541,0.56346,0.56433,9113.7
1735200000000,0.56432,0.56441,0.56331,0.5639,9284.76
1735214400000,0.56391,0.56392,0.56214,0.56224,22423.35
1735228800000,0.56224,0.56336,0.56215,0.56237,17809.86
1735243200000,0.56236,0.56265,0.56198,0.56244,5849.59
1735257600000,0.56244,0.56274,0.56136,0.56154,10462.8
1735272000000,0.56153,0.56323,0.56135,0.56317,9778.71
1735286400000,0.56316,0.56377,0.56233,0.5636,18613.46
1735300800000,0.5636,0.5643,0.56212,0.56359,50955.81
1735315200000,0.5636,0.56392,0.56218,0.56365,17587.86
1735329600000,0.56365,0.56365,0.56232,0.56232,8770.64
1735502400000,0.56269,0.56462,0.56243,0.56385,3148.67
1735516800000,0.56386,0.56583,0.56338,0.56571,5363.67
1735531200000,0.56569,0.56633,0.5653,0.56629,10868.7
1735545600000,0.56627,0.56641,0.56462,0.56616,14596.74
1735560000000,0.56615,0.56635,0.56276,0.56368,32161.23
1735574400000,0.56367,0.56489,0.56314,0.56403,20698.03
1735588800000,0.564,0.56441,0.56324,0.5634,6260.6
1735603200000,0.56383,0.56462,0.56273,0.56275,19736.51
1735617600000,0.5629,0.56354,0.56196,0.56329,8804.45
1735632000000,0.56332,0.56335,0.56168,0.56192,12681.98
1735646400000,0.5619,0.56198,0.56006,0.56016,27500.99
1735660800000,0.5596,0.56048,0.55874,0.55941,24288.29
1735675200000,0.5593,0.55983,0.5593,0.55934,24256.8
1735761600000,0.55941,0.56035,0.55886,0.55968,4477.4
1735776000000,0.55971,0.56208,0.55924,0.56158,20037.36
1735790400000,0.56157,0.562,0.56073,0.56078,14070.14
1735804800000,0.56077,0.56241,0.56037,0.56133,20755.34
1735819200000,0.56134,0.56156,0.5601,0.56018,27191.76
1735833600000,0.56017,0.56031,0.55864,0.55871,21160.47
1735848000000,0.5587,0.55964,0.55862,0.55926,6091.15
1735862400000,0.55928,0.56075,0.55926,0.56041,7969.2
1735876800000,0.56038,0.56104,0.55925,0.56013,9733.5
1735891200000,0.56013,0.56082,0.5594,0.56059,11571.52
1735905600000,0.56058,0.56124,0.5593,0.55997,19946.4
1735920000000,0.55995,0.56132,0.5599,0.56081,16342.6
1735934400000,0.5608,0.56138,0.56065,0.56097,5340
1736107200000,0.5611,0.56198,0.56081,0.56164,3355.53
1736121600000,0.56165,0.56338,0.56135,0.56213,13462.62
1736136000000,0.56214,0.56287,0.56184,0.56259,8307.75
1736150400000,0.56258,0.56743,0.56238,0.56741,24438.09
1736164800000,0.5674,0.56842,0.56365,0.56403,43521.28
1736179200000,0.56402,0.56476,0.56307,0.56375,17991.96
1736193600000,0.56376,0.56446,0.56366,0.5637,5874.51
1736208000000,0.56373,0.56628,0.56351,0.56612,9302.4
1736222400000,0.56615,0.56759,0.56578,0.56754,10697.82
1736236800000,0.56755,0.56923,0.5675,0.56775,18051.12
1736251200000,0.56776,0.56801,0.56404,0.56468,38628.53
1736265600000,0.56469,0.56506,0.56363,0.56402,23323.17
1736280000000,0.56402,0.56407,0.56314,0.56334,5406.89
1736294400000,0.56336,0.56413,0.5625,0.56326,9813.58
1736308800000,0.56323,0.56412,0.56264,0.56278,8731.36
1736323200000,0.56278,0.56306,0.5589,0.56008,17143.73
1736337600000,0.56006,0.56081,0.55892,0.56057,27882.92
1736352000000,0.56057,0.56124,0.5599,0.56032,15383.57
1736366400000,0.56034,0.56109,0.56021,0.56043,6478.48
1736380800000,0.56044,0.56062,0.55943,0.55965,7634.51
1736395200000,0.55965,0.56001,0.55764,0.5578,11254.43
1736409600000,0.55782,0.55971,0.55715,0.5594,15092.2
1736424000000,0.55941,0.56015,0.55893,0.55921,22534.3
1736438400000,0.55922,0.5603,0.55899,0.55986,6839.68
1736452800000,0.5599,0.56019,0.55912,0.55926,3102.63
1736467200000,0.55927,0.56025,0.55912,0.55932,6961.05
1736481600000,0.55931,0.55947,0.55822,0.55896,7715.85
1736496000000,0.55896,0.5592,0.55746,0.55813,13018.13
1736510400000,0.55815,0.55879,0.55422,0.55616,60792.9
1736524800000,0.55616,0.55651,0.55492,0.55585,25465.5
1736539200000,0.55586,0.55589,0.5547,0.5548,8428.82
1736712000000,0.55514,0.55668,0.55491,0.55627,3304.17
1736726400000,0.55627,0.55718,0.55582,0.55599,12457.09
1736740800000,0.55601,0.55617,0.55477,0.55539,9570.79
1736755200000,0.55538,0.55635,0.5541,0.55474,20230.99
1736769600000,0.55475,0.55629,0.55428,0.55501,39625.29
1736784000000,0.555,0.55631,0.55442,0.55571,15170.25
1736798400000,0.5557,0.5617,0.5557,0.56011,12275
1736812800000,0.56011,0.56115,0.5595,0.56065,12267.96
1736827200000,0.56064,0.56188,0.56011,0.56185,11307.3
1736841600000,0.56183,0.56308,0.55944,0.55998,20988.63
1736856000000,0.55999,0.56124,0.55833,0.56033,31286.46
1736870400000,0.56033,0.56094,0.55875,0.55972,16164.64
1736884800000,0.55973,0.56055,0.55957,0.56019,7407.95
1736899200000,0.56018,0.56064,0.55965,0.56056,7347.44
1736913600000,0.56055,0.56187,0.55959,0.56159,8250.57
1736928000000,0.56166,0.5625,0.56086,0.56098,13677.91
1736942400000,0.56095,0.56506,0.55996,0.56227,38277.12
1736956800000,0.56226,0.56246,0.56045,0.56169,15692.28
1736971200000,0.56167,0.56282,0.5601,0.56273,5977.71
1736985600000,0.56272,0.56326,0.5607,0.56081,9669.59
1737000000000,0.56084,0.56144,0.55983,0.561,9077.94
1737014400000,0.56101,0.5611,0.55993,0.56027,12540.66
1737028800000,0.56025,0.56146,0.55817,0.56137,39803.63
1737043200000,0.5614,0.56233,0.56078,0.56087,24515.42
1737057600000,0.56088,0.56088,0.56016,0.56046,5721.87
1737072000000,0.56071,0.5615,0.56032,0.56044,7462.12
1737086400000,0.56044,0.56044,0.55832,0.55932,9308.76
1737100800000,0.55931,0.56034,0.55931,0.55964,13619.25
1737115200000,0.55963,0.56145,0.55627,0.56031,45006.2
1737129600000,0.56031,0.56043,0.5583,0.55849,13948.12
1737144000000,0.55851,0.55888,0.55769,0.55769,6487.56
1737316800000,0.55918,0.55929,0.55788,0.55885,2749.54
1737331200000,0.55886,0.5613,0.55878,0.56129,10534.79
1737345600000,0.5613,0.56214,0.56005,0.56212,11096.61
1737360000000,0.56214,0.5622,0.5597,0.56046,15647.7
1737374400000,0.56048,0.56795,0.56004,0.56544,70391.18
1737388800000,0.56543,0.56777,0.56335,0.56752,14290.98
1737403200000,0.56751,0.56837,0.56677,0.56804,9935.65
1737417600000,0.56806,0.56887,0.5621,0.56547,36235.15
1737432000000,0.56548,0.56608,0.56331,0.56395,13123.28
1737446400000,0.56392,0.56401,0.56162,0.56224,19727.11
1737460800000,0.56225,0.56599,0.56204,0.56557,31398.81
1737475200000,0.56556,0.56734,0.56537,0.5666,16081.68
1737489600000,0.5666,0.568,0.56557,0.56598,18710.11
1737504000000,0.56599,0.56683,0.56497,0.56556,12778.66
1737518400000,0.56557,0.56631,0.56486,0.56543,11031.2
1737532800000,0.56545,0.56875,0.56539,0.56752,19289.46
1737547200000,0.56753,0.56821,0.56623,0.56647,27501.95
1737561600000,0.56646,0.56718,0.5659,0.56689,15745.61
1737576000000,0.56689,0.56706,0.56585,0.56618,6429.12
1737590400000,0.5662,0.56716,0.56611,0.56641,9766.9
1737604800000,0.56641,0.567,0.56574,0.56611,9126.75
1737619200000,0.56612,0.56623,0.56491,0.56562,14875.11
1737633600000,0.56562,0.56707,0.56511,0.5661,23475.55
1737648000000,0.56609,0.56854,0.56461,0.56766,27795.66
1737662400000,0.56762,0.56803,0.56696,0.56751,6994.65
1737676800000,0.56743,0.57079,0.56709,0.57055,18411.69
1737691200000,0.57053,0.57189,0.56995,0.57075,20573.8
1737705600000,0.57075,0.57213,0.57051,0.57076,22131.13
1737720000000,0.57075,0.57222,0.5698,0.57186,27778.16
1737734400000,0.57185,0.5723,0.57099,0.57124,16105.39
1737748800000,0.57124,0.57143,0.57003,0.5701,8129.47
1737921600000,0.56943,0.5701,0.56905,0.56935,4049.23
1737936000000,0.56934,0.56969,0.56777,0.5689,14524.78
1737950400000,0.56891,0.56902,0.56764,0.56769,13639.86
1737964800000,0.56769,0.5703,0.56761,0.56982,36255.71
1737979200000,0.56983,0.57048,0.56766,0.56842,30628.41
1737993600000,0.56841,0.56892,0.56774,0.56887,17652.63
1738008000000,0.56886,0.56952,0.56589,0.5664,19844.92
1738022400000,0.56641,0.56722,0.56538,0.56583,18091.87
1738036800000,0.56584,0.56648,0.56521,0.56591,11510.52
1738051200000,0.56589,0.56653,0.56535,0.56539,23077.5
1738065600000,0.5654,0.56653,0.56478,0.56575,20343.54
1738080000000,0.56574,0.56702,0.56569,0.56681,12785.39
1738094400000,0.56681,0.56692,0.56624,0.56632,5151.98
1738108800000,0.56631,0.56671,0.56536,0.56576,10105.57
1738123200000,0.56574,0.56679,0.56552,0.5657,11577.96
1738137600000,0.56572,0.56613,0.56428,0.56468,10717.44
1738152000000,0.56468,0.56549,0.56337,0.56525,22327.49
1738166400000,0.56526,0.56596,0.56352,0.56542,30602.03
1738180800000,0.56539,0.56661,0.56467,0.56647,12506.39
1738195200000,0.56647,0.56672,0.56541,0.56544,6818.9
1738209600000,0.56545,0.56554,0.5638,0.56438,7726.15
1738224000000,0.56441,0.56528,0.56424,0.56473,31669.74
1738238400000,0.56474,0.56601,0.56431,0.56527,33134.45
1738252800000,0.56526,0.56583,0.56457,0.5655,12046.04
1738267200000,0.56549,0.56565,0.56217,0.56345,17929.38
1738281600000,0.56345,0.56459,0.56232,0.56399,9984.28
1738296000000,0.56399,0.56595,0.56378,0.56589,11121.27
1738310400000,0.56588,0.56619,0.5639,0.56405,14419.11
1738324800000,0.56404,0.56583,0.56349,0.56531,26470.1
1738339200000,0.56532,0.56836,0.5633,0.56393,34387.73
1738353600000,0.56391,0.56485,0.56301,0.56352,16868.73
1738526400000,0.55816,0.55934,0.55665,0.55683,14573.42
1738540800000,0.55682,0.558,0.55158,0.55249,36146.66
1738555200000,0.55248,0.55586,0.55243,0.55514,21474.95
1738569600000,0.55515,0.55676,0.555,0.55625,19271.21
1738584000000,0.55625,0.56082,0.55546,0.56029,61619.85
1738598400000,0.56028,0.56055,0.55744,0.55909,36302.04
1738612800000,0.5591,0.56405,0.55906,0.56268,15975.51
1738627200000,0.56268,0.56315,0.5604,0.56047,13705.81
1738641600000,0.56049,0.56104,0.55814,0.56063,17871.91
1738656000000,0.56065,0.5613,0.56003,0.56054,16857.53
1738670400000,0.56053,0.56482,0.56026,0.56415,27293.9
1738684800000,0.56414,0.56544,0.56387,0.5653,15624.59
1738699200000,0.5653,0.56538,0.56448,0.565,7444.02
1738713600000,0.56462,0.56617,0.56454,0.56579,12029.14
1738728000000,0.56579,0.56744,0.5653,0.56704,10794.15
1738742400000,0.56701,0.56921,0.56692,0.56859,19828.3
1738756800000,0.56859,0.5702,0.56761,0.5696,31475.57
1738771200000,0.56959,0.56991,0.5685,0.56858,15045.44
1738785600000,0.56859,0.56897,0.56584,0.56871,5270.01
1738800000000,0.56873,0.56907,0.56685,0.56712,10714.6
1738814400000,0.56713,0.56733,0.56565,0.56581,7108.95
1738828800000,0.5658,0.56634,0.56513,0.56595,11409.59
1738843200000,0.56593,0.56712,0.56525,0.56695,23627.01
1738857600000,0.56696,0.56789,0.56658,0.56713,11414.66
1738872000000,0.56712,0.56771,0.56686,0.56734,4338.09
1738886400000,0.56733,0.56896,0.56725,0.56812,8200.5
1738900800000,0.56813,0.56816,0.56718,0.56785,6932.39
1738915200000,0.56783,0.56894,0.56731,0.56748,8876.55
1738929600000,0.56746,0.56945,0.56447,0.56599,34606.86
1738944000000,0.566,0.56631,0.56401,0.56581,31466.77
1738958400000,0.5658,0.56606,0.56533,0.56586,5984.55
1739131200000,0.56332,0.56509,0.56332,0.56445,6090.19
1739145600000,0.56444,0.56524,0.56382,0.56519,11587.31
1739160000000,0.56517,0.56634,0.56517,0.56552,8258.99
1739174400000,0.56551,0.56623,0.56485,0.56523,12025.5
1739188800000,0.56523,0.56592,0.56472,0.5656,15422.69
1739203200000,0.56559,0.56572,0.56403,0.56419,12327.6
1739217600000,0.56421,0.56458,0.56282,0.56335,9509.44
1739232000000,0.56336,0.56391,0.56291,0.56387,5760.07
1739246400000,0.56385,0.56512,0.56378,0.56477,6810.6
1739260800000,0.56477,0.56542,0.56399,0.56431,11155.79
1739275200000,0.56431,0.56542,0.5641,0.56498,16973.62
1739289600000,0.56497,0.56607,0.5646,0.56513,10647.87
1739304000000,0.56513,0.56589,0.56504,0.56574,5080.07
1739318400000,0.56574,0.56714,0.56527,0.56629,8191.3
1739332800000,0.56627,0.56645,0.56479,0.56513,7992.82
1739347200000,0.56515,0.56541,0.56344,0.56406,11883.82
1739361600000,0.56406,0.5643,0.56001,0.56312,36812.27
1739376000000,0.56311,0.56619,0.56201,0.56454,21864.67
1739390400000,0.56456,0.56479,0.56298,0.56403,8296.77
1739404800000,0.56402,0.56506,0.56356,0.56494,7423.64
1739419200000,0.56495,0.56614,0.56466,0.56491,9686.31
1739433600000,0.56492,0.56495,0.56292,0.56338,13598.19
1739448000000,0.56337,0.56559,0.56224,0.56535,27876.12
1739462400000,0.56536,0.56675,0.56327,0.56614,19528.58
1739476800000,0.56613,0.568,0.56565,0.56786,8301.3
1739491200000,0.56785,0.56936,0.56752,0.56902,8910.8
1739505600000,0.56901,0.56948,0.56822,0.56911,10867.02
1739520000000,0.56911,0.571,0.56908,0.57031,21803.78
1739534400000,0.57033,0.57313,0.56986,0.57271,27819.74
1739548800000,0.57274,0.57378,0.57267,0.57371,11119.82
1739563200000,0.57371,0.57377,0.57256,0.57261,4933.6
1739736000000,0.57152,0.57325,0.57147,0.57322,5614.49
1739750400000,0.57321,0.57498,0.57286,0.57364,9637.83
1739764800000,0.5736,0.57429,0.57313,0.57334,8973.15
1739779200000,0.57336,0.57373,0.57274,0.57373,9536.39
1739793600000,0.57374,0.57392,0.5732,0.57352,6893.4
1739808000000,0.5735,0.57396,0.57332,0.57346,3812.09
1739822400000,0.57346,0.5739,0.57273,0.57304,3043.93
1739836800000,0.57305,0.57318,0.57064,0.57088,13726.23
1739851200000,0.57087,0.5719,0.57027,0.57103,10789.85
1739865600000,0.57103,0.57138,0.57043,0.57077,10255.05
1739880000000,0.57078,0.57092,0.56936,0.57015,16997.74
1739894400000,0.57015,0.57059,0.56958,0.57011,9156.28
1739908800000,0.57011,0.57074,0.56953,0.57033,6996.7
1739923200000,0.57034,0.57232,0.56773,0.57183,17846.85
1739937600000,0.57182,0.57314,0.5714,0.57263,8802.44
1739952000000,0.57264,0.57303,0.57091,0.5712,12140.66
1739966400000,0.57119,0.57245,0.5708,0.57096,18697.09
1739980800000,0.57096,0.57097,0.56954,0.57034,10833.05
1739995200000,0.5703,0.57077,0.56986,0.57024,5642.39
1740009600000,0.57003,0.5716,0.56931,0.57137,13956.09
1740024000000,0.57139,0.57267,0.57126,0.57201,8522.32
1740038400000,0.57203,0.5732,0.57195,0.57229,12285.96
1740052800000,0.57227,0.57558,0.57227,0.57547,26366.76
1740067200000,0.57547,0.57668,0.57519,0.57628,11583.92
1740081600000,0.57629,0.57719,0.57551,0.57641,7779.61
1740096000000,0.57641,0.57713,0.5757,0.5768,12976.25
1740110400000,0.57681,0.57686,0.57553,0.57617,9797.89
1740124800000,0.57619,0.57641,0.57533,0.57569,12267.35
1740139200000,0.57569,0.57662,0.57459,0.57494,19189.02
1740153600000,0.57496,0.57523,0.57346,0.57367,15095.99
1740168000000,0.57364,0.57425,0.57361,0.57363,6933.04
1740340800000,0.57405,0.57556,0.57335,0.57487,4072.87
1740355200000,0.57489,0.57695,0.57417,0.57616,22505.39
1740369600000,0.57615,0.57625,0.57465,0.57504,10951.58
1740384000000,0.57506,0.57521,0.57385,0.57445,13793.99
1740398400000,0.57446,0.57507,0.57312,0.57407,22100.17
1740412800000,0.57407,0.57487,0.57384,0.57417,11748.21
1740427200000,0.57418,0.57428,0.57247,0.57256,8227.57
1740441600000,0.57256,0.57346,0.57217,0.57319,11130.55
1740456000000,0.57319,0.57381,0.57239,0.57245,9068.13
1740470400000,0.57242,0.57281,0.57076,0.57212,12901.65
1740484800000,0.57211,0.57302,0.5714,0.57149,27289.64
1740499200000,0.5715,0.57224,0.57059,0.57201,14956.93
1740513600000,0.57201,0.57321,0.57164,0.57295,7002.16
1740528000000,0.57295,0.57323,0.57101,0.57109,14121.55
1740542400000,0.57108,0.57188,0.57051,0.57083,13943.55
1740556800000,0.57082,0.57136,0.56938,0.5696,13256
1740571200000,0.5696,0.57054,0.56878,0.57035,21542.92
1740585600000,0.57039,0.5721,0.56938,0.56991,23410.84
1740600000000,0.56992,0.5701,0.56875,0.56978,8505.79
1740614400000,0.56977,0.5698,0.56827,0.56841,13868.63
1740628800000,0.56843,0.56893,0.56727,0.56835,10091.02
1740643200000,0.56834,0.56873,0.56791,0.56812,14059.27
1740657600000,0.56813,0.56873,0.56416,0.56456,33447.12
1740672000000,0.56456,0.56488,0.56357,0.56366,14744.38
1740686400000,0.56365,0.56378,0.56246,0.56275,8421.75
1740700800000,0.56253,0.56281,0.56008,0.56018,16966.03
1740715200000,0.56021,0.56048,0.55966,0.56004,11156.47
1740729600000,0.56003,0.56082,0.55968,0.55987,10060.04
1740744000000,0.56027,0.56098,0.55965,0.56033,21230.02
1740758400000,0.56031,0.56048,0.55847,0.55882,22383.94
1740772800000,0.55885,0.55981,0.55874,0.55967,5584.79
1740945600000,0.55985,0.56081,0.55978,0.56032,3934.82
1740960000000,0.5603,0.56132,0.55977,0.56015,12924.58
1740974400000,0.56014,0.56051,0.5593,0.5601,10697.33
1740988800000,0.56008,0.56103,0.5597,0.56042,16471.61
1741003200000,0.56043,0.56349,0.5604,0.56258,28210.62
1741017600000,0.56257,0.56399,0.5614,0.56163,20826.15
1741032000000,0.56165,0.56209,0.56021,0.56118,15921.37
1741046400000,0.56117,0.56205,0.56004,0.56024,16336.09
1741060800000,0.56024,0.56144,0.55949,0.56101,17464.24
1741075200000,0.561,0.56367,0.56066,0.56355,21365.89
1741089600000,0.56355,0.56431,0.56086,0.56181,34224.36
1741104000000,0.56181,0.56441,0.56109,0.56434,29913.57
1741118400000,0.56437,0.56685,0.56437,0.566,16114.83
1741132800000,0.56599,0.56634,0.56371,0.56479,17133.87
1741147200000,0.56479,0.5671,0.56443,0.56665,19531.98
1741161600000,0.56664,0.56843,0.56644,0.568,19949.91
1741176000000,0.56802,0.57154,0.56713,0.5701,41569.82
1741190400000,0.57009,0.57295,0.56985,0.57276,30813.66
1741204800000,0.57275,0.57313,0.57224,0.57272,8153.99
1741219200000,0.57271,0.57456,0.57196,0.57296,18749.41
1741233600000,0.57297,0.57419,0.57288,0.573,14107.62
1741248000000,0.573,0.57441,0.57263,0.57365,19316.63
1741262400000,0.57366,0.57524,0.57316,0.57463,39845.68
1741276800000,0.57463,0.57592,0.57352,0.57397,29228.06
1741291200000,0.57397,0.57421,0.57271,0.57352,9019.99
1741305600000,0.57352,0.57409,0.57155,0.57163,10511.66
1741320000000,0.57164,0.57247,0.57057,0.57202,8545.61
1741334400000,0.57204,0.57314,0.57106,0.57118,11663.7
1741348800000,0.57121,0.57264,0.56948,0.57162,35684.9
1741363200000,0.57164,0.5717,0.56919,0.57088,20493.78
1741377600000,0.57087,0.5715,0.57047,0.57078,7740.93
1741550400000,0.57131,0.57143,0.56866,0.5708,8425.54
1741564800000,0.57078,0.57227,0.57037,0.57114,16007.87
1741579200000,0.57115,0.57308,0.57111,0.57303,10851.12
1741593600000,0.57304,0.57421,0.57245,0.57345,18077.79
1741608000000,0.57343,0.57421,0.57221,0.57232,24970.2
1741622400000,0.57232,0.57266,0.56901,0.56982,18106.63
1741636800000,0.56981,0.57008,0.56856,0.56944,6156.3
1741651200000,0.56942,0.5702,0.56792,0.56919,15047.65
1741665600000,0.56917,0.57048,0.56771,0.57013,15095.47
1741680000000,0.57014,0.57116,0.56966,0.57045,15263.25
1741694400000,0.5704,0.57136,0.56926,0.57087,30652.77
1741708800000,0.57089,0.57263,0.57026,0.57158,23185.78
1741723200000,0.57156,0.57166,0.57072,0.57109,5910.55
1741737600000,0.57111,0.57141,0.56997,0.57004,8857.71
1741752000000,0.57005,0.57097,0.56974,0.57074,7970.84
1741766400000,0.57072,0.57202,0.5704,0.57057,12936.6
1741780800000,0.57056,0.57379,0.56981,0.57216,35004.95
1741795200000,0.57216,0.57325,0.57208,0.57278,16474.09
1741809600000,0.57281,0.5737,0.57147,0.5737,5022.96
1741824000000,0.57368,0.57414,0.57303,0.57305,8626.01
1741838400000,0.57303,0.57321,0.57023,0.57066,10319.69
1741852800000,0.57066,0.57137,0.56943,0.56968,14722.23
1741867200000,0.56966,0.57138,0.5682,0.57072,26366.11
1741881600000,0.57072,0.5714,0.56953,0.57014,13391.95
1741896000000,0.57015,0.57044,0.5689,0.57017,5006.35
1741910400000,0.57016,0.57116,0.56956,0.57086,8444.77
1741924800000,0.57088,0.57231,0.57062,0.57223,7480.35
1741939200000,0.57221,0.57289,0.57173,0.57261,14509.78
1741953600000,0.57262,0.57482,0.57259,0.57395,17467.59
1741968000000,0.57394,0.57505,0.57385,0.57496,7017.06
1741982400000,0.57497,0.5755,0.57422,0.57423,4305.75
1742155200000,0.57411,0.57623,0.57406,0.57508,10667.89
1742169600000,0.57507,0.57626,0.57456,0.57589,8374.06
1742184000000,0.5759,0.57692,0.57532,0.57683,8056.05
1742198400000,0.57684,0.5789,0.57676,0.57879,9005.36
1742212800000,0.57878,0.58123,0.57817,0.58091,16000.24
1742227200000,0.5809,0.58256,0.58089,0.58217,7498.06
1742241600000,0.58221,0.58269,0.58099,0.58221,5543.75
1742256000000,0.58223,0.58298,0.58115,0.58129,7543.79
1742270400000,0.58131,0.58271,0.58115,0.58226,7348.98
1742284800000,0.58224,0.58308,0.58116,0.58134,12427.35
1742299200000,0.58136,0.58171,0.57975,0.58094,26155.14
1742313600000,0.58093,0.58198,0.58075,0.58185,13237.79
1742328000000,0.58186,0.58204,0.58117,0.58176,4349.56
1742342400000,0.58177,0.5819,0.58094,0.58116,12105.9
1742356800000,0.58115,0.58138,0.57866,0.57884,12536.76
1742371200000,0.57883,0.5796,0.57783,0.5791,11483.39
1742385600000,0.5791,0.57931,0.57756,0.57816,19308.85
1742400000000,0.57815,0.58159,0.57752,0.58064,18867.5
1742414400000,0.58063,0.58251,0.58008,0.58186,8148.68
1742428800000,0.58186,0.58201,0.57862,0.57957,15554.97
1742443200000,0.57958,0.57963,0.57649,0.57705,9246.29
1742457600000,0.57708,0.5774,0.57342,0.57365,14125.79
1742472000000,0.57365,0.57492,0.57225,0.57489,19939.29
1742486400000,0.57489,0.5762,0.57412,0.57604,7850.28
1742500800000,0.57605,0.57618,0.57493,0.57603,6015.18
1742515200000,0.57601,0.57657,0.57473,0.57505,7931.82
1742529600000,0.57507,0.57607,0.57464,0.57578,6630
1742544000000,0.57577,0.57615,0.57528,0.57606,11804.33
1742558400000,0.57605,0.5767,0.57242,0.57292,17414.83
1742572800000,0.57289,0.57386,0.57261,0.57344,9295.57
1742587200000,0.57343,0.57343,0.573,0.5732,2778.6
1742760000000,0.57283,0.57449,0.57265,0.5744,4032.77
1742774400000,0.57438,0.57492,0.57206,0.57212,8356.89
1742788800000,0.57213,0.57361,0.5718,0.57326,9773.4
1742803200000,0.57327,0.57475,0.57316,0.57329,13019.34
1742817600000,0.57328,0.57358,0.57171,0.57183,18381.12
1742832000000,0.57182,0.57269,0.57092,0.57244,9874.68
1742846400000,0.57243,0.57303,0.57131,0.5726,4455.64
1742860800000,0.57259,0.57281,0.57178,0.5722,9104.25
1742875200000,0.57222,0.57283,0.57126,0.57182,5825.51
1742889600000,0.57174,0.57493,0.57107,0.57437,14879.55
1742904000000,0.57437,0.57501,0.57314,0.57355,20728.51
1742918400000,0.57354,0.5742,0.5727,0.57327,8223.23
1742932800000,0.57326,0.57341,0.5728,0.57322,3367
1742947200000,0.57324,0.57498,0.57135,0.57453,11312.32
1742961600000,0.57455,0.5755,0.57425,0.57527,9715.75
1742976000000,0.57529,0.57622,0.57481,0.57536,10276.33
1742990400000,0.57534,0.57561,0.57348,0.57409,19554.91
1743004800000,0.57408,0.57434,0.57207,0.5725,12038.56
1743019200000,0.57251,0.57307,0.57112,0.57171,7635.67
1743033600000,0.57171,0.5744,0.57169,0.57351,11473.53
1743048000000,0.57353,0.57497,0.57325,0.57369,11001.55
1743062400000,0.5737,0.57512,0.57359,0.57463,12251.67
1743076800000,0.57464,0.57551,0.57334,0.57459,19275.69
1743091200000,0.5746,0.57508,0.57349,0.57364,11143.87
1743105600000,0.57364,0.57424,0.57326,0.57346,9212.59
1743120000000,0.57346,0.57346,0.57109,0.57144,8971.13
1743134400000,0.57144,0.57232,0.5711,0.57196,7166.62
1743148800000,0.57195,0.57245,0.57124,0.57152,10730.07
1743163200000,0.57154,0.57359,0.57116,0.57277,21758.19
1743177600000,0.57279,0.57293,0.57108,0.57137,9357.33
1743192000000,0.57136,0.57174,0.57097,0.57097,2955.15
1743364800000,0.57147,0.57167,0.56933,0.57057,6405.01
1743379200000,0.57059,0.5716,0.56969,0.57074,13431.37
1743393600000,0.57075,0.5722,0.5698,0.56989,12955.8
1743408000000,0.56988,0.56995,0.56803,0.56861,11056.82
1743422400000,0.56861,0.56862,0.56482,0.56633,20894.53
1743436800000,0.56634,0.56796,0.56626,0.56769,9988.33
1743451200000,0.56771,0.56797,0.5668,0.56684,3359.72
1743465600000,0.56685,0.56822,0.56624,0.56727,13061.4
1743480000000,0.56727,0.56882,0.5664,0.56727,14242.74
1743494400000,0.56726,0.56853,0.56709,0.5674,14032.95
1743508800000,0.56737,0.57041,0.56736,0.57014,22634.87
1743523200000,0.57013,0.5703,0.56884,0.56988,10313.17
1743537600000,0.56988,0.57141,0.56911,0.57111,6313.31
1743552000000,0.5711,0.57237,0.57019,0.57202,8688.62
1743566400000,0.57201,0.57367,0.57166,0.57362,8504.51
1743580800000,0.57361,0.57465,0.57346,0.57447,10333.84
1743595200000,0.57449,0.57461,0.57334,0.57386,19277.86
1743609600000,0.57385,0.57416,0.57305,0.5738,8773.89
1743624000000,0.57379,0.5779,0.5681,0.5726,36572.06
1743638400000,0.57259,0.57445,0.5719,0.57357,31238.21
1743652800000,0.57356,0.57797,0.57283,0.57683,27583.62
1743667200000,0.57686,0.58295,0.57676,0.58245,29109.22
1743681600000,0.58246,0.58527,0.58084,0.58124,41257.24
1743696000000,0.58127,0.5819,0.57829,0.57837,15879.94
1743710400000,0.57838,0.57967,0.57812,0.5787,7686.5
1743724800000,0.5787,0.57965,0.57252,0.57333,20290.66
1743739200000,0.57334,0.5734,0.56868,0.56886,25908.67
1743753600000,0.56885,0.56978,0.56127,0.5642,61665.07
1743768000000,0.56422,0.56576,0.55715,0.55922,83264.89
1743782400000,0.55922,0.56086,0.55509,0.55866,39650.45
1743796800000,0.55868,0.55967,0.55802,0.55931,6305.91
1743969600000,0.5576,0.55788,0.55371,0.55397,38065.45
1743984000000,0.55398,0.55838,0.55195,0.55809,45935.79
1743998400000,0.55807,0.56014,0.55515,0.55815,42610.06
1744012800000,0.55816,0.55984,0.55524,0.55816,58944.57
1744027200000,0.55817,0.56436,0.55262,0.55342,104682.28
1744041600000,0.5534,0.55528,0.5506,0.55306,55091.67
1744056000000,0.55308,0.55469,0.55265,0.55357,9416.65
1744070400000,0.55357,0.5585,0.5533,0.55706,27711.76
1744084800000,0.55704,0.56232,0.557,0.55957,28520.33
1744099200000,0.55956,0.56063,0.55813,0.55994,26292.45
1744113600000,0.55995,0.56254,0.55668,0.55741,47271.28
1744128000000,0.55741,0.55791,0.55303,0.55386,40082.09
1744142400000,0.55385,0.55423,0.55068,0.55138,15813.68
1744156800000,0.55139,0.55601,0.54851,0.55281,41606.71
1744171200000,0.55278,0.55648,0.55134,0.55627,68414.3
1744185600000,0.55625,0.55771,0.5541,0.5552,46013.12
1744200000000,0.5552,0.55928,0.55479,0.55584,50925.86
1744214400000,0.55588,0.56677,0.55552,0.56386,76142.28
1744228800000,0.56388,0.56633,0.56275,0.56356,24705.67
1744243200000,0.56356,0.56887,0.56275,0.56855,29758.45
1744257600000,0.56856,0.57094,0.56635,0.56809,32182
1744272000000,0.56808,0.57047,0.56605,0.57032,41823.58
1744286400000,0.57031,0.57511,0.5693,0.572,62311.03
1744300800000,0.57199,0.57651,0.57055,0.57402,48425.77
1744315200000,0.57401,0.57524,0.57249,0.57464,17216.63
1744329600000,0.57463,0.57992,0.57424,0.57946,59895.06
1744344000000,0.57947,0.57989,0.57531,0.57955,44430.71
1744358400000,0.57953,0.58228,0.578,0.57994,45866.42
1744372800000,0.57994,0.58395,0.57761,0.57938,81216.86
1744387200000,0.57936,0.58322,0.57791,0.58286,35340.67
1744401600000,0.58283,0.58331,0.58192,0.5823,4514.26
1744574400000,0.58141,0.58431,0.58138,0.58343,16207.1
1744588800000,0.58345,0.58597,0.58305,0.58428,27418.12
1744603200000,0.58433,0.58883,0.58414,0.58738,20590.44
1744617600000,0.58739,0.58912,0.58587,0.58622,16003.83
1744632000000,0.58625,0.5886,0.583,0.5865,45472.96
1744646400000,0.58651,0.58898,0.58624,0.58836,23670.65
1744660800000,0.58837,0.58842,0.58604,0.58641,8188.25
1744675200000,0.58642,0.59145,0.58642,0.59102,21223.51
1744689600000,0.59103,0.59278,0.59025,0.5916,23390.01
1744704000000,0.59157,0.59248,0.59022,0.59227,16023.15
1744718400000,0.59227,0.59436,0.59116,0.59145,33150.25
1744732800000,0.59146,0.59198,0.58912,0.58983,12908.39
1744747200000,0.58984,0.59034,0.58856,0.58937,11263.62
1744761600000,0.58937,0.59118,0.58892,0.59118,22384.61
1744776000000,0.59116,0.59274,0.59093,0.59177,21090.7
1744790400000,0.5918,0.59299,0.59072,0.59135,31311.29
1744804800000,0.59135,0.59302,0.58991,0.59269,35735.7
1744819200000,0.5927,0.59324,0.59095,0.59299,24068.08
1744833600000,0.59295,0.59429,0.59195,0.5935,9799.75
1744848000000,0.59351,0.59366,0.59083,0.59131,21756.76
1744862400000,0.59135,0.59195,0.58994,0.59169,14564.24
1744876800000,0.59168,0.59402,0.5914,0.5937,14724.24
1744891200000,0.59371,0.59724,0.59369,0.59673,26971.65
1744905600000,0.59674,0.59774,0.59628,0.59714,12861.93
1744920000000,0.59714,0.59742,0.59432,0.59699,11138.12
1744934400000,0.59697,0.5973,0.59244,0.59334,79091.1
1744948800000,0.59336,0.59434,0.5924,0.59268,78068.74
1744963200000,0.59266,0.59365,0.59239,0.59302,93210.3
1744977600000,0.59304,0.59317,0.59276,0.59312,68359.47
1744992000000,0.59312,0.59393,0.59297,0.5932,58603.75
1745006400000,0.59321,0.594,0.59298,0.59301,12487.5
1745179200000,0.59179,0.59598,0.5915,0.59589,13804.81
1745193600000,0.5959,0.60037,0.59582,0.60013,15331.29
1745208000000,0.60013,0.6017,0.59869,0.60139,15854.93
1745222400000,0.6014,0.60185,0.60019,0.60094,19039.7
1745236800000,0.60092,0.60183,0.59955,0.59987,18539.81
1745251200000,0.59986,0.60135,0.59925,0.60007,8864.45
1745265600000,0.60009,0.60025,0.59853,0.59996,5983.82
1745280000000,0.59998,0.602,0.59801,0.60167,19748.78
1745294400000,0.60169,0.60288,0.59993,0.60061,19969.26
1745308800000,0.60062,0.60111,0.59927,0.59949,14392.41
1745323200000,0.5995,0.60013,0.59845,0.59922,20113.31
1745337600000,0.59923,0.59989,0.59649,0.59676,16100.51
1745352000000,0.59676,0.59706,0.59362,0.59586,17284.25
1745366400000,0.59589,0.59873,0.59587,0.59709,19233.39
1745380800000,0.59708,0.59974,0.59654,0.59846,19901.17
1745395200000,0.59846,0.59971,0.59767,0.59881,13884.45
1745409600000,0.5988,0.60133,0.59621,0.59625,41753.24
1745424000000,0.59626,0.59635,0.59467,0.59503,17248.39
1745438400000,0.59502,0.59565,0.59413,0.595,7433.03
1745452800000,0.59501,0.59626,0.59431,0.59521,13015.29
1745467200000,0.59524,0.59724,0.5941,0.59723,13119.45
1745481600000,0.59726,0.59822,0.59706,0.59736,12379.35
1745496000000,0.59737,0.59917,0.59722,0.59834,20498.83
1745510400000,0.59834,0.59984,0.59823,0.59957,10569.97
1745524800000,0.59954,0.60005,0.59717,0.59872,8310.96
1745539200000,0.59872,0.59993,0.59802,0.59854,13443.19
1745553600000,0.59854,0.59865,0.59597,0.59733,17037.45
1745568000000,0.59734,0.59775,0.59479,0.59553,16842.22
1745582400000,0.59553,0.59685,0.59505,0.59666,19474.99
1745596800000,0.59665,0.59699,0.59614,0.59642,9749.7
1745611200000,0.59643,0.59655,0.59597,0.5961,3901.22
1745784000000,0.59471,0.5965,0.59467,0.59486,4699.29
1745798400000,0.59487,0.59601,0.59427,0.59542,9302.75
1745812800000,0.59541,0.59698,0.59345,0.59357,12027.96
1745827200000,0.59353,0.5958,0.59279,0.5946,12874
1745841600000,0.59462,0.59819,0.59456,0.59627,26325.04
1745856000000,0.59628,0.59799,0.59615,0.59776,12455.82
1745870400000,0.59776,0.59794,0.59675,0.59701,5841.05
1745884800000,0.59701,0.59864,0.59501,0.59535,14951.11
1745899200000,0.59536,0.59771,0.59461,0.59764,11259.15
1745913600000,0.59764,0.59784,0.59474,0.59496,12600.27
1745928000000,0.59498,0.59596,0.59264,0.59379,19660.63
1745942400000,0.5938,0.59495,0.59339,0.59369,9649.97
1745956800000,0.59368,0.59398,0.59257,0.5938,4053.29
1745971200000,0.59377,0.59427,0.59232,0.59299,13096.13
1745985600000,0.59299,0.59495,0.59177,0.59243,12145.27
1746000000000,0.59244,0.59285,0.59157,0.59209,10928.7
1746014400000,0.5921,0.59377,0.58979,0.59311,30083.5
1746028800000,0.59314,0.59459,0.59269,0.59389,14415.63
1746043200000,0.59389,0.59408,0.59148,0.59353,6354.23
1746057600000,0.59353,0.59507,0.59326,0.59421,9420.99
1746072000000,0.59422,0.59446,0.59223,0.5924,11943.36
1746086400000,0.59239,0.59339,0.59123,0.59239,9522.02
1746100800000,0.59238,0.59275,0.58943,0.5899,23507.9
1746115200000,0.5899,0.59134,0.58933,0.5907,8194.35
1746129600000,0.59071,0.59146,0.59004,0.59118,4822.09
1746144000000,0.59119,0.59355,0.59069,0.59315,19061.88
1746158400000,0.59316,0.59411,0.59202,0.59203,14546.35
1746172800000,0.59203,0.59486,0.59135,0.59407,11873.23
1746187200000,0.59405,0.59772,0.59301,0.5953,33316.25
1746201600000,0.59531,0.59606,0.59392,0.59447,12784.07
1746216000000,0.59446,0.59481,0.59411,0.5943,1360.62
1746388800000,0.59388,0.59598,0.59365,0.5949,8194.26
1746403200000,0.5949,0.59842,0.59404,0.59685,16180.75
1746417600000,0.59685,0.59932,0.59615,0.59621,13863.99
1746432000000,0.59619,0.59899,0.59612,0.59848,11331.9
1746446400000,0.59846,0.59955,0.59681,0.59714,18173.88
1746460800000,0.59713,0.59732,0.59591,0.59651,6485.92
1746475200000,0.59652,0.59692,0.5959,0.59602,4491.24
1746489600000,0.59606,0.59704,0.59434,0.59694,14445.18
1746504000000,0.59696,0.59902,0.59656,0.59856,14504.94
1746518400000,0.59856,0.59904,0.59634,0.59836,13072.61
1746532800000,0.59838,0.60042,0.59784,0.6002,17642.61
1746547200000,0.60019,0.60129,0.5995,0.60103,11686.55
1746561600000,0.60101,0.60213,0.59957,0.60116,16660.47
1746576000000,0.60115,0.60223,0.59882,0.60031,24195.78
1746590400000,0.60031,0.60122,0.59937,0.60032,15780.2
1746604800000,0.60031,0.60043,0.59799,0.59858,11143.16
1746619200000,0.59856,0.59908,0.5972,0.59749,14161.87
1746633600000,0.59746,0.59804,0.59374,0.59444,25531.32
1746648000000,0.59441,0.59471,0.5933,0.59383,6798.37
1746662400000,0.59386,0.59741,0.59377,0.59669,15394.17
1746676800000,0.59669,0.59732,0.59168,0.59259,18962.89
1746691200000,0.59257,0.59359,0.59141,0.59245,14328.98
1746705600000,0.59247,0.59431,0.5919,0.59205,23368.05
1746720000000,0.59205,0.59207,0.59003,0.59028,11365.93
1746734400000,0.59027,0.59072,0.58968,0.58994,4555.19
1746748800000,0.58993,0.59031,0.58702,0.58938,15654.6
1746763200000,0.58939,0.59053,0.58889,0.59022,10415.61
1746777600000,0.59021,0.59037,0.58842,0.58933,8691.93
1746792000000,0.58934,0.59202,0.58902,0.59179,16145.58
1746806400000,0.59181,0.59198,0.59104,0.59134,6706.65
1746820800000,0.59134,0.59142,0.59057,0.59071,4370.68
1746993600000,0.59206,0.59257,0.59078,0.59177,9767.77
1747008000000,0.59179,0.59335,0.59096,0.59328,19755.62
1747022400000,0.59327,0.59399,0.58754,0.58816,27499.13
1747036800000,0.58816,0.58943,0.58618,0.58806,31382.01
1747051200000,0.58805,0.58908,0.58596,0.58619,19521.72
1747065600000,0.58619,0.58632,0.58462,0.58575,9819.72
1747080000000,0.58577,0.58643,0.58473,0.58605,4656.79
1747094400000,0.58605,0.58807,0.58465,0.5879,14487.45
1747108800000,0.5879,0.58989,0.58775,0.58904,13379.85
1747123200000,0.58905,0.58983,0.58834,0.5891,9581.85
1747137600000,0.58908,0.59367,0.58889,0.59356,25639.13
1747152000000,0.59356,0.59418,0.59302,0.59373,7804.57
1747166400000,0.59375,0.59414,0.5928,0.59357,5277.19
1747180800000,0.59356,0.5949,0.5934,0.59452,13346.41
1747195200000,0.59453,0.59502,0.59315,0.59495,12352.71
1747209600000,0.59495,0.59685,0.59412,0.59464,21262.74
1747224000000,0.59466,0.59492,0.59099,0.59154,22447.19
1747238400000,0.59154,0.59193,0.58926,0.58967,11856.11
1747252800000,0.58968,0.59039,0.58856,0.58959,5577.02
1747267200000,0.58959,0.59155,0.58923,0.59046,15269.77
1747281600000,0.59045,0.59101,0.58821,0.58873,15081.2
1747296000000,0.58872,0.58949,0.58702,0.58739,11069.08
1747310400000,0.5874,0.58868,0.58603,0.58719,22088.39
1747324800000,0.5872,0.58764,0.58668,0.58753,5861.02
1747339200000,0.58753,0.5878,0.58605,0.58719,4428.68
1747353600000,0.58719,0.59049,0.58647,0.59001,11999.88
1747368000000,0.59,0.59177,0.58968,0.59137,10914.2
1747382400000,0.59135,0.59157,0.5898,0.58991,10607.38
1747396800000,0.5899,0.58995,0.58673,0.58701,18598.74
1747411200000,0.58701,0.5881,0.58661,0.58768,7186.94
1747425600000,0.5877,0.58812,0.58756,0.58764,3211.24
1747598400000,0.58781,0.58917,0.58729,0.58855,4277.25
1747612800000,0.58857,0.58987,0.58825,0.58892,12496.35
1747627200000,0.58894,0.5903,0.58797,0.58966,13439.64
1747641600000,0.58966,0.59178,0.58887,0.59151,13867.72
1747656000000,0.59149,0.59322,0.59026,0.59245,16439.12
1747670400000,0.59245,0.59291,0.59167,0.59287,8441.06
1747684800000,0.59286,0.59315,0.5922,0.59281,5940.1
1747699200000,0.5928,0.59287,0.59126,0.59219,12680.92
1747713600000,0.59218,0.59316,0.59103,0.59258,21442.53
1747728000000,0.59256,0.59264,0.59061,0.59077,16137.82
1747742400000,0.59077,0.59132,0.58938,0.59073,26259.97
1747756800000,0.59073,0.5921,0.59049,0.59199,9097.57
1747771200000,0.59201,0.59283,0.59139,0.59271,5278.58
1747785600000,0.59271,0.59488,0.59259,0.59467,15247.3
1747800000000,0.5947,0.59545,0.59301,0.59357,21386.43
1747814400000,0.59356,0.59515,0.59234,0.59354,20469.88
1747828800000,0.59356,0.59641,0.59329,0.59636,36053.01
1747843200000,0.59637,0.59675,0.59367,0.59367,21009.15
1747857600000,0.59366,0.59401,0.59236,0.59326,6543.4
1747872000000,0.59328,0.59413,0.592,0.59251,15219.74
1747886400000,0.59252,0.5934,0.59185,0.59289,15292.76
1747900800000,0.59288,0.59379,0.58939,0.59058,17634.05
1747915200000,0.59058,0.59144,0.58954,0.5905,25224.44
1747929600000,0.59052,0.59098,0.58966,0.58991,10226.45
1747944000000,0.5899,0.59,0.58896,0.5897,5660.74
1747958400000,0.58968,0.5918,0.58954,0.59152,9947.44
1747972800000,0.59152,0.59469,0.59126,0.59429,12003.61
1747987200000,0.5943,0.59686,0.5937,0.59526,18262.04
1748001600000,0.59527,0.59774,0.59408,0.59739,30542.94
1748016000000,0.59738,0.59891,0.59717,0.59875,9150.86
1748030400000,0.59875,0.59893,0.59822,0.59824,2063.13
1748203200000,0.59842,0.59961,0.59776,0.59912,8701.42
1748217600000,0.59911,0.60311,0.59892,0.60215,18760.23
1748232000000,0.60214,0.60293,0.60144,0.60164,13292.13
1748246400000,0.60166,0.60219,0.60095,0.60126,9215.56
1748260800000,0.60128,0.60166,0.60042,0.60057,7847.88
1748275200000,0.60058,0.60059,0.59987,0.60006,2802.9
1748289600000,0.60007,0.60023,0.59897,0.59937,6379.4
1748304000000,0.59937,0.60062,0.59851,0.59881,11878.12
1748318400000,0.59883,0.59962,0.59592,0.5961,18604.42
1748332800000,0.59611,0.59674,0.59492,0.59552,14139.52
1748347200000,0.59552,0.59714,0.59405,0.59419,21752.6
1748361600000,0.5942,0.59499,0.59397,0.59471,11070.29
1748376000000,0.59471,0.59515,0.59396,0.59476,4270.54
1748390400000,0.59475,0.59791,0.59233,0.59753,20516.2
1748404800000,0.59753,0.59778,0.59423,0.59688,18086.16
1748419200000,0.5969,0.59773,0.59616,0.59628,11701.84
1748433600000,0.59629,0.59662,0.59437,0.595,23113.24
1748448000000,0.595,0.59648,0.59498,0.59582,10533.58
1748462400000,0.59582,0.5976,0.59455,0.59553,13945.61
1748476800000,0.59555,0.59627,0.59247,0.59384,25204.55
1748491200000,0.59379,0.5967,0.59308,0.59668,15939.02
1748505600000,0.59668,0.5974,0.59577,0.59598,12402.52
1748520000000,0.596,0.59917,0.59597,0.59781,28916.95
1748534400000,0.59779,0.59858,0.59751,0.59781,9658.62
1748548800000,0.59783,0.59804,0.59628,0.59758,6771.29
1748563200000,0.5976,0.59893,0.59595,0.59647,17148.14
1748577600000,0.59648,0.59809,0.59512,0.59576,12921
1748592000000,0.59577,0.59613,0.59468,0.59569,11957
1748606400000,0.59571,0.59735,0.59474,0.59698,30861.48
1748620800000,0.59695,0.59764,0.59588,0.59738,14517.06
1748635200000,0.59736,0.59763,0.5954,0.5954,3249.45
1748808000000,0.59566,0.59794,0.59562,0.59729,6709.79
1748822400000,0.59729,0.60088,0.59726,0.5993,12835.72
1748836800000,0.59934,0.60269,0.59904,0.60201,12877.18
1748851200000,0.602,0.60246,0.60096,0.60132,13868.64
1748865600000,0.60132,0.60383,0.60049,0.60325,21319.52
1748880000000,0.60324,0.6043,0.60195,0.60423,8696.02
1748894400000,0.60422,0.60479,0.60251,0.60476,5913.24
1748908800000,0.60475,0.60542,0.601,0.60139,15097.79
1748923200000,0.60138,0.60149,0.59903,0.59983,13673.6
1748937600000,0.59981,0.60101,0.59922,0.59973,10830.44
1748952000000,0.59976,0.60112,0.59872,0.5997,19583.1
1748966400000,0.59972,0.60068,0.59931,0.59981,6757.94
1748980800000,0.5998,0.60056,0.59878,0.60048,3510.86
1748995200000,0.60049,0.60136,0.59952,0.60012,13323.54
1749009600000,0.60013,0.60141,0.59914,0.60016,12580.91
1749024000000,0.60017,0.60166,0.59973,0.60127,10975.82
1749038400000,0.60128,0.60336,0.6012,0.60299,22666.81
1749052800000,0.603,0.60389,0.60278,0.60278,8848.02
1749067200000,0.60275,0.60326,0.60222,0.6025,4249.59
1749081600000,0.60252,0.60432,0.6025,0.60298,13112.13
1749096000000,0.60296,0.60445,0.60256,0.60336,13134.81
1749110400000,0.60336,0.60549,0.6031,0.60455,9896.73
1749124800000,0.60454,0.60797,0.60392,0.60427,33383.41
1749139200000,0.60425,0.60465,0.60343,0.60369,10773.69
1749153600000,0.60369,0.60432,0.60312,0.60409,5747.5
1749168000000,0.60408,0.60501,0.60257,0.60412,11627.82
1749182400000,0.60411,0.60493,0.60351,0.604,8589.21
1749196800000,0.60401,0.60401,0.60214,0.60302,9857.57
1749211200000,0.60301,0.60432,0.60061,0.60176,40593.55
1749225600000,0.60176,0.60233,0.60084,0.60187,11791.26
1749240000000,0.60186,0.60216,0.60101,0.60115,2076.36
1749412800000,0.60114,0.60276,0.60019,0.60215,5370.51
1749427200000,0.60214,0.60411,0.60131,0.60353,14864.29
1749441600000,0.60351,0.60496,0.60308,0.60479,12118.66
1749456000000,0.60482,0.60651,0.60462,0.60493,15336
1749470400000,0.60496,0.60564,0.60354,0.60546,16999.26
1749484800000,0.60545,0.60571,0.60487,0.60516,6052.5
1749499200000,0.60515,0.60515,0.6039,0.60487,6423.9
1749513600000,0.60488,0.60582,0.60274,0.60546,16122.32
1749528000000,0.60548,0.60563,0.6029,0.60326,20751.67
1749542400000,0.60326,0.60543,0.60324,0.60512,12276.95
1749556800000,0.60514,0.60571,0.60375,0.60425,15650.13
1749571200000,0.60425,0.60511,0.60375,0.60494,6653.39
1749585600000,0.60496,0.60616,0.60397,0.6059,7515.21
1749600000000,0.60592,0.60613,0.60247,0.60348,10505.68
1749614400000,0.60349,0.60396,0.6024,0.60319,9677.47
1749628800000,0.60316,0.60417,0.60249,0.60281,9420.13
1749643200000,0.6028,0.60656,0.6023,0.60449,25344.23
1749657600000,0.6045,0.60495,0.60235,0.60274,10662.87
1749672000000,0.60275,0.60378,0.60213,0.6035,8190.77
1749686400000,0.60356,0.60415,0.60157,0.60387,16825.74
1749700800000,0.60387,0.60427,0.60054,0.60135,20536.57
1749715200000,0.60134,0.60587,0.60126,0.60523,18569.25
1749729600000,0.60525,0.6071,0.60503,0.60607,22289.31
1749744000000,0.60608,0.60649,0.60557,0.6064,7806.52
1749758400000,0.6064,0.60689,0.60631,0.60645,4890.23
1749772800000,0.60644,0.60655,0.60038,0.60246,36747.71
1749787200000,0.60244,0.60264,0.60044,0.60134,23047.47
1749801600000,0.60133,0.60259,0.59947,0.60059,18430.45
1749816000000,0.60059,0.60384,0.59985,0.60342,23980.87
1749830400000,0.60343,0.60412,0.60113,0.60211,11996.52
1749844800000,0.6021,0.60216,0.60085,0.60128,2392.65
1750017600000,0.60013,0.60176,0.60003,0.60168,24193.99
1750032000000,0.60168,0.60255,0.60034,0.60094,16000.31
1750046400000,0.60094,0.60342,0.60093,0.60286,18226.35
1750060800000,0.60286,0.60539,0.60264,0.60528,10167.76
1750075200000,0.60529,0.60875,0.60506,0.60709,24867.78
1750089600000,0.60708,0.60808,0.60579,0.60586,9782.04
1750104000000,0.60587,0.60632,0.60459,0.60521,8274.77
1750118400000,0.60522,0.60688,0.60449,0.60677,16007.32
1750132800000,0.60679,0.60742,0.60587,0.60694,13365.6
1750147200000,0.60695,0.60793,0.60616,0.60736,10350.2
1750161600000,0.60734,0.60771,0.60437,0.60536,20559.69
1750176000000,0.60538,0.60591,0.60097,0.60148,16579.64
1750190400000,0.60147,0.6019,0.60087,0.60181,6918.79
1750204800000,0.6018,0.60303,0.60159,0.60256,16941.64
1750219200000,0.60255,0.60392,0.60229,0.60275,15607.8
1750233600000,0.60276,0.60315,0.60172,0.60257,10821.94
1750248000000,0.60258,0.60491,0.60202,0.60439,24892.78
1750262400000,0.6044,0.60564,0.60162,0.60249,32816.27
1750276800000,0.60247,0.60325,0.60179,0.60275,7715.85
1750291200000,0.60274,0.603,0.5982,0.59952,19551.29
1750305600000,0.59952,0.59999,0.5964,0.59696,18811.75
1750320000000,0.59696,0.59885,0.59679,0.59802,17542.76
1750334400000,0.59803,0.59836,0.59585,0.59679,17689.12
1750348800000,0.59679,0.59923,0.59648,0.59914,7962.75
1750363200000,0.59914,0.60003,0.59676,0.59994,7361.37
1750377600000,0.59993,0.60059,0.59866,0.60041,17637.57
1750392000000,0.60041,0.60088,0.59905,0.59958,15900.55
1750406400000,0.59959,0.60009,0.59861,0.5991,8490.95
1750420800000,0.5991,0.59982,0.59635,0.59668,19967.24
1750435200000,0.59666,0.59765,0.59635,0.59647,9548.04
1750449600000,0.59645,0.59672,0.59626,0.59643,3016.65
1750622400000,0.59441,0.5966,0.59277,0.59606,8739.22
1750636800000,0.59608,0.59645,0.59177,0.59226,21434
1750651200000,0.59224,0.59348,0.59151,0.59281,17563.95
1750665600000,0.59281,0.59287,0.58826,0.58977,14755.07
1750680000000,0.58977,0.59545,0.58886,0.59382,28244.18
1750694400000,0.59384,0.59775,0.59264,0.5975,20569.99
1750708800000,0.59751,0.60012,0.59651,0.5993,9653.99
1750723200000,0.5993,0.60131,0.59876,0.60059,18167.81
1750737600000,0.60057,0.60336,0.60015,0.60131,17185.21
1750752000000,0.60134,0.60389,0.60121,0.60309,11194.85
1750766400000,0.6031,0.60407,0.60087,0.60135,22695.33
1750780800000,0.60136,0.60242,0.60097,0.60112,7862.55
1750795200000,0.60113,0.60128,0.59996,0.60106,6277.61
1750809600000,0.60105,0.60392,0.60093,0.6029,12671.76
1750824000000,0.60293,0.60313,0.60192,0.60227,10085.96
1750838400000,0.60228,0.6026,0.60138,0.60185,8203.18
1750852800000,0.60185,0.60276,0.60096,0.60185,14153.37
1750867200000,0.60183,0.60421,0.60183,0.60376,7537.91
1750881600000,0.60378,0.60555,0.60261,0.60528,7959.93
1750896000000,0.6053,0.60654,0.60286,0.60606,13852.28
1750910400000,0.6061,0.60611,0.6042,0.60541,16086.87
1750924800000,0.60541,0.60731,0.60473,0.60495,15098.02
1750939200000,0.60496,0.60735,0.60479,0.60667,25478.99
1750953600000,0.60667,0.60745,0.60606,0.60623,9884.68
1750968000000,0.60623,0.60631,0.6032,0.60587,6231.79
1750982400000,0.60587,0.60759,0.60587,0.60663,12881.01
1750996800000,0.60664,0.60778,0.60564,0.60686,11212.49
1751011200000,0.60687,0.60762,0.60536,0.60633,13156.28
1751025600000,0.60632,0.60731,0.60516,0.60597,28643.39
1751040000000,0.60597,0.60653,0.60365,0.6052,17953.1
1751054400000,0.60519,0.60568,0.60504,0.60504,2356.05
1751227200000,0.60466,0.60674,0.60423,0.60619,6912.66
1751241600000,0.60617,0.60772,0.60585,0.60648,14706.79
1751256000000,0.60647,0.6085,0.60621,0.60646,14554.36
1751270400000,0.60643,0.60715,0.60566,0.60617,10070.16
1751284800000,0.60616,0.60902,0.60567,0.60898,21334.05
1751299200000,0.60897,0.6096,0.60811,0.60947,10197.28
1751313600000,0.60946,0.60983,0.60778,0.60908,6163.66
1751328000000,0.60906,0.6096,0.60748,0.60861,10326.07
1751342400000,0.60863,0.61129,0.60838,0.61125,15973.95
1751356800000,0.61122,0.612,0.61034,0.61123,11577.59
1751371200000,0.61123,0.61139,0.60804,0.60863,22943.89
1751385600000,0.60864,0.60935,0.60807,0.6093,8646.48
1751400000000,0.6093,0.6101,0.60849,0.60989,4435.41
1751414400000,0.6099,0.61059,0.60899,0.61021,8969.24
1751428800000,0.61023,0.61047,0.60783,0.60787,10537.57
1751443200000,0.60787,0.60811,0.60589,0.60594,10505.6
1751457600000,0.60592,0.60761,0.60495,0.60755,30060.58
1751472000000,0.60754,0.60922,0.60722,0.60918,8748.5
1751486400000,0.60917,0.60919,0.60782,0.60883,4910.99
1751500800000,0.60883,0.60925,0.60651,0.60664,9652.71
1751515200000,0.60663,0.60812,0.60646,0.60742,8931.44
1751529600000,0.60743,0.6082,0.60662,0.60671,8312.11
1751544000000,0.60673,0.60767,0.60298,0.60662,34704.54
1751558400000,0.60662,0.60691,0.60597,0.60648,5738.82
1751572800000,0.60647,0.60793,0.60576,0.60782,4749.65
1751587200000,0.6078,0.60816,0.60648,0.60694,10091.4
1751601600000,0.60692,0.60789,0.60567,0.60603,9399.59
1751616000000,0.60604,0.60673,0.60601,0.60626,8333.21
1751630400000,0.60627,0.6064,0.60498,0.60539,12706.2
1751644800000,0.60538,0.60563,0.60511,0.60514,19739.06
1751659200000,0.60512,0.60575,0.60506,0.60543,29931.97
1751832000000,0.60499,0.60618,0.60467,0.60489,3634.85
1751846400000,0.60489,0.60521,0.6019,0.6019,14929
1751860800000,0.6019,0.60225,0.60035,0.6005,13016.45
1751875200000,0.60048,0.60079,0.5988,0.59995,12082.31
1751889600000,0.59996,0.60164,0.59923,0.60115,12509.99
1751904000000,0.60118,0.60154,0.59898,0.60009,15252.43
1751918400000,0.6001,0.60075,0.59898,0.60068,5280.91
1751932800000,0.60069,0.60206,0.60032,0.60133,13038.59
1751947200000,0.60132,0.60349,0.60083,0.60261,16651.51
1751961600000,0.60261,0.60261,0.60101,0.60116,10670.52
1751976000000,0.60115,0.6013,0.59789,0.59918,26893.63
1751990400000,0.5992,0.6004,0.59842,0.59953,18988.05
1752004800000,0.59951,0.60003,0.59886,0.59925,5673.41
1752019200000,0.59924,0.6014,0.59755,0.5985,14267.33
1752033600000,0.59851,0.601,0.59838,0.59931,11750.52
1752048000000,0.5993,0.60035,0.59814,0.59816,9880.49
1752062400000,0.59815,0.60082,0.59808,0.59904,17521.45
1752076800000,0.59903,0.60067,0.59898,0.60044,7921.75
1752091200000,0.60045,0.60048,0.59908,0.59985,6282.49
1752105600000,0.59983,0.6011,0.59969,0.60042,8757.33
1752120000000,0.60041,0.602,0.60003,0.60139,10084.19
1752134400000,0.60139,0.60247,0.6009,0.60122,7555.19
1752148800000,0.60124,0.60194,0.59961,0.60184,18127.86
1752163200000,0.60182,0.60331,0.60177,0.60325,8034.52
1752177600000,0.60324,0.60428,0.60268,0.60402,4607.83
1752192000000,0.60402,0.60414,0.6007,0.60214,20812.76
1752206400000,0.60215,0.60263,0.60089,0.60236,12629.97
1752220800000,0.60237,0.6024,0.60096,0.60134,11250.37
1752235200000,0.60133,0.60204,0.60004,0.60087,22788.05
1752249600000,0.60087,0.60116,0.60024,0.60048,9903.74
1752264000000,0.60047,0.60082,0.6001,0.60059,2664
1752436800000,0.59938,0.60064,0.59908,0.60052,4320.01
1752451200000,0.60051,0.60143,0.59815,0.59869,12304.11
1752465600000,0.59868,0.59923,0.59746,0.59902,11224.73
1752480000000,0.59899,0.5996,0.5985,0.59892,7381.72
1752494400000,0.59891,0.59925,0.59706,0.59708,12021.33
1752508800000,0.59709,0.59779,0.59682,0.59744,7089.22
1752523200000,0.59745,0.59751,0.59655,0.59701,5458.87
1752537600000,0.59702,0.59852,0.59696,0.59767,8705.38
1752552000000,0.59768,0.59947,0.59744,0.59935,8969.56
1752566400000,0.59934,0.60012,0.59903,0.5992,8083.56
1752580800000,0.5992,0.60056,0.59384,0.59487,31763.46
1752595200000,0.59487,0.59507,0.59381,0.59429,14850.37
1752609600000,0.59428,0.59552,0.594,0.59537,4197.25
1752624000000,0.59539,0.59658,0.59441,0.59452,10486.77
1752638400000,0.59454,0.5955,0.59416,0.59458,7394.1
1752652800000,0.59458,0.59482,0.59365,0.59412,7018.47
1752667200000,0.59412,0.59693,0.59122,0.59381,38304.03
1752681600000,0.59379,0.59549,0.5931,0.59454,19615.26
1752696000000,0.59452,0.59486,0.59321,0.59437,4108.93
1752710400000,0.59437,0.59446,0.59114,0.59241,12269.77
1752724800000,0.59242,0.59335,0.59093,0.59146,14603.76
1752739200000,0.59146,0.59269,0.5907,0.59082,10834.57
1752753600000,0.59082,0.5932,0.59045,0.5928,20640.35
1752768000000,0.5928,0.59314,0.59204,0.59303,10660.63
1752782400000,0.59304,0.5944,0.59176,0.5943,5220.87
1752796800000,0.59429,0.59632,0.5942,0.59548,13593.39
1752811200000,0.59549,0.5959,0.59473,0.59588,9852.96
1752825600000,0.59588,0.59775,0.59588,0.59738,10208.85
1752840000000,0.59739,0.59907,0.59731,0.59757,18455.89
1752854400000,0.59758,0.59773,0.5958,0.59609,7572.29
1752868800000,0.59608,0.59616,0.59534,0.59534,2436.45
1753041600000,0.59684,0.5969,0.59409,0.59513,7213.39
1753056000000,0.59513,0.59543,0.59382,0.59493,8686.64
1753070400000,0.5949,0.59668,0.59484,0.59556,7959.53
1753084800000,0.59558,0.59713,0.59521,0.59708,7446.37
1753099200000,0.59707,0.59846,0.59626,0.59769,13061.28
1753113600000,0.59768,0.59796,0.59696,0.59697,8146.11
1753128000000,0.59698,0.59713,0.59636,0.59683,3982.36
1753142400000,0.59683,0.59694,0.59557,0.59591,8041.59
1753156800000,0.59593,0.59637,0.59403,0.59412,16306.8
1753171200000,0.59413,0.59583,0.59405,0.59577,15103.3
1753185600000,0.59577,0.59999,0.59576,0.59991,23784.11
1753200000000,0.59993,0.60039,0.59949,0.60022,10241.07
1753214400000,0.60022,0.60081,0.59786,0.59977,8269.35
1753228800000,0.59976,0.60137,0.59938,0.60061,13344.36
1753243200000,0.60063,0.60335,0.60063,0.60308,13289.39
1753257600000,0.60309,0.60471,0.60288,0.60433,10580.25
1753272000000,0.60433,0.60456,0.60298,0.60368,16870.36
1753286400000,0.60367,0.60462,0.60261,0.60438,13191.14
1753300800000,0.60437,0.60511,0.60365,0.60469,5145.73
1753315200000,0.60467,0.6059,0.60411,0.60514,11142.84
1753329600000,0.60513,0.60586,0.60441,0.60479,11763.45
1753344000000,0.60481,0.60573,0.60411,0.60507,7751.5
1753358400000,0.60506,0.60558,0.60352,0.60396,17840.72
1753372800000,0.60394,0.60437,0.60338,0.6035,8441.32
1753387200000,0.60351,0.60367,0.60241,0.60352,5534.44
1753401600000,0.60353,0.60388,0.60201,0.60274,9227.37
1753416000000,0.60275,0.60307,0.60107,0.60114,12300.46
1753430400000,0.60115,0.60158,0.60035,0.60143,9233.28
1753444800000,0.60145,0.60148,0.59975,0.60054,20243.46
1753459200000,0.60055,0.60157,0.60018,0.60147,7788.07
1753473600000,0.60147,0.60163,0.60125,0.60139,1652.25
1753646400000,0.6009,0.60227,0.60074,0.60182,3497.76
1753660800000,0.60181,0.60325,0.60107,0.60139,12061.44
1753675200000,0.60139,0.6015,0.59714,0.59728,13761.08
1753689600000,0.59728,0.59839,0.59676,0.59811,14144.36
1753704000000,0.59813,0.59882,0.59704,0.59719,19287.29
1753718400000,0.59718,0.5973,0.59661,0.59715,6786
1753732800000,0.59714,0.59736,0.59624,0.59716,3781.95
1753747200000,0.59716,0.59759,0.59609,0.59671,7992.47
1753761600000,0.59671,0.59715,0.59452,0.59485,11591.26
1753776000000,0.59484,0.59636,0.59456,0.59473,10654.42
1753790400000,0.5947,0.5958,0.59421,0.59525,17737.98
1753804800000,0.59526,0.59611,0.59498,0.59562,9587.32
1753819200000,0.59561,0.59577,0.59476,0.5954,4602.48
1753833600000,0.59541,0.5971,0.59541,0.59657,16684.39
1753848000000,0.59658,0.59664,0.59558,0.59566,12699.57
1753862400000,0.59567,0.59604,0.59421,0.59457,12425.02
1753876800000,0.59456,0.59467,0.59085,0.59102,25175.89
1753891200000,0.59105,0.59289,0.58881,0.58923,29869.66
1753905600000,0.58925,0.59086,0.58908,0.59033,8509.75
1753920000000,0.59068,0.59156,0.58973,0.59151,18062.05
1753934400000,0.59153,0.59367,0.59123,0.59201,19617.39
1753948800000,0.59202,0.59203,0.58951,0.59081,14229.56
1753963200000,0.59079,0.59096,0.58897,0.58926,28724.56
1753977600000,0.58926,0.58976,0.58877,0.58898,16334.7
1753992000000,0.58899,0.58945,0.58836,0.58866,7684.27
1754006400000,0.58864,0.58923,0.5874,0.58813,15023.74
1754020800000,0.58813,0.58836,0.5866,0.58676,11915.91
1754035200000,0.58677,0.58718,0.58583,0.58634,8455.23
1754049600000,0.58634,0.59286,0.58562,0.59094,45521.91
1754064000000,0.59093,0.59153,0.5889,0.59092,25630.49
1754078400000,0.59092,0.59219,0.59088,0.59104,4033.05
1754251200000,0.59063,0.59196,0.59039,0.59138,4951.16
1754265600000,0.59138,0.59224,0.59023,0.59176,18661.4
1754280000000,0.59175,0.59208,0.59038,0.59063,11718.01
1754294400000,0.59064,0.59214,0.59033,0.592,11423.32
1754308800000,0.59204,0.593,0.59028,0.59052,18261.2
1754323200000,0.5905,0.59074,0.58982,0.59032,8636.99
1754337600000,0.59034,0.59162,0.58944,0.59158,6568.12
1754352000000,0.59158,0.59222,0.58934,0.58941,9443.91
1754366400000,0.58941,0.59024,0.58862,0.58923,11105.38
1754380800000,0.58922,0.58955,0.58809,0.58899,11336.18
1754395200000,0.589,0.59027,0.58857,0.58984,31234.63
1754409600000,0.58983,0.59044,0.58907,0.58942,7274.9
1754424000000,0.58943,0.59111,0.58861,0.59073,8169.64
1754438400000,0.5907,0.59233,0.59043,0.59216,8523.29
1754452800000,0.59213,0.59263,0.59151,0.59239,8220.67
1754467200000,0.5924,0.59355,0.59153,0.59319,9668.85
1754481600000,0.59319,0.59378,0.59209,0.59366,17715.24
1754496000000,0.59366,0.59409,0.59281,0.59334,9818.18
1754510400000,0.59335,0.59343,0.59237,0.5927,4893.99
1754524800000,0.5927,0.59444,0.59225,0.5944,6989.67
1754539200000,0.59439,0.59634,0.59421,0.59634,8788.94
1754553600000,0.59632,0.5967,0.59449,0.59501,12283.86
1754568000000,0.59502,0.59607,0.59313,0.59427,21207.71
1754582400000,0.59426,0.59565,0.5938,0.59563,12620.2
1754596800000,0.59564,0.59716,0.59319,0.59684,9287.77
1754611200000,0.59683,0.59705,0.59532,0.59601,9666.82
1754625600000,0.59602,0.59665,0.59528,0.59626,8113.8
1754640000000,0.59625,0.59681,0.5949,0.59538,8913.39
1754654400000,0.59538,0.59626,0.59479,0.59533,12238.49
1754668800000,0.59534,0.59591,0.5947,0.59493,6866.55
1754683200000,0.59493,0.59536,0.59472,0.59497,3139.8
1754856000000,0.59516,0.59549,0.59452,0.59469,2820.74
1754870400000,0.59469,0.5957,0.59437,0.59562,6853.52
1754884800000,0.59562,0.59586,0.59389,0.59403,6291.5
1754899200000,0.59402,0.59467,0.59277,0.5932,7482.67
1754913600000,0.59322,0.5935,0.59247,0.59337,14886.07
1754928000000,0.59339,0.59388,0.59291,0.59353,8224.05
1754942400000,0.59352,0.59404,0.59238,0.59385,5740.99
1754956800000,0.59384,0.59458,0.59359,0.59363,9837.08
1754971200000,0.59362,0.59391,0.59255,0.59334,10610.76
1754985600000,0.59338,0.5934,0.59127,0.59176,6929.17
1755000000000,0.59178,0.59656,0.59177,0.59555,35568.21
1755014400000,0.59554,0.59597,0.59512,0.59533,8491.8
1755028800000,0.59533,0.59592,0.59426,0.5957,4364.93
1755043200000,0.59571,0.59609,0.59446,0.59579,11819.25
1755057600000,0.59578,0.5986,0.59529,0.59826,9814.92
1755072000000,0.59827,0.59956,0.59819,0.59871,9457.86
1755086400000,0.59872,0.59884,0.59738,0.59753,13373.45
1755100800000,0.59755,0.59795,0.59696,0.5973,5607.93
1755115200000,0.5973,0.59802,0.59657,0.59796,3668.92
1755129600000,0.59794,0.59906,0.59728,0.59736,11385.59
1755144000000,0.59736,0.59792,0.59495,0.59533,10437.91
1755158400000,0.59535,0.59588,0.59465,0.59487,13699.95
1755172800000,0.5949,0.59519,0.5911,0.59144,43712.05
1755187200000,0.59146,0.59208,0.59083,0.59197,15224.68
1755201600000,0.59195,0.5922,0.59096,0.59202,5251.5
1755216000000,0.592,0.59246,0.59071,0.59233,7243.71
1755230400000,0.59231,0.59284,0.59156,0.59281,6653.68
1755244800000,0.59281,0.59308,0.59216,0.59273,5691.52
1755259200000,0.59271,0.59386,0.59174,0.59282,15324.35
1755273600000,0.59282,0.59301,0.59202,0.59238,5611.98
1755288000000,0.59237,0.59266,0.59113,0.59189,2035.65
1755460800000,0.59196,0.59297,0.59169,0.59282,1837.55
1755475200000,0.59282,0.59377,0.59277,0.5933,6431.98
1755489600000,0.5933,0.59422,0.59305,0.59335,8287.24
1755504000000,0.59333,0.5942,0.59292,0.59335,7412.68
1755518400000,0.59336,0.59371,0.59094,0.59228,14051.36
1755532800000,0.59227,0.59247,0.59178,0.59239,15963.72
1755547200000,0.59238,0.59268,0.59113,0.59227,5800.19
1755561600000,0.59226,0.59287,0.59162,0.5922,12038.07
1755576000000,0.59217,0.59302,0.59148,0.5921,10714.22
1755590400000,0.5921,0.5929,0.59139,0.59252,8403.05
1755604800000,0.59253,0.59288,0.58992,0.58997,13700.15
1755619200000,0.58999,0.59044,0.58921,0.5895,10184.77
1755633600000,0.5895,0.58968,0.58851,0.58967,5416.7
1755648000000,0.58966,0.58976,0.582,0.58271,17499.99
1755662400000,0.58272,0.5837,0.58171,0.5823,15327.11
1755676800000,0.58231,0.58315,0.58147,0.58216,12054.77
1755691200000,0.58217,0.58403,0.58183,0.58206,19820.39
1755705600000,0.58207,0.58338,0.58207,0.58255,7418.69
1755720000000,0.58257,0.58279,0.58121,0.58271,5171.01
1755734400000,0.58272,0.58324,0.58143,0.58166,10431.92
1755748800000,0.58166,0.58249,0.58126,0.58198,8894.52
1755763200000,0.58197,0.58304,0.58169,0.58204,6962.69
1755777600000,0.58205,0.58309,0.58102,0.58157,17934.35
1755792000000,0.58156,0.58238,0.58113,0.58158,9765.39
1755806400000,0.58156,0.58221,0.58117,0.58209,4452.26
1755820800000,0.58207,0.5822,0.58094,0.58122,7860.45
1755835200000,0.58124,0.58143,0.57995,0.58093,6836.38
1755849600000,0.58091,0.58138,0.58012,0.5807,6539.9
1755864000000,0.58071,0.58758,0.58071,0.58598,27810.56
1755878400000,0.58597,0.58739,0.58597,0.5865,12974.99
1755892800000,0.58651,0.58693,0.5865,0.58651,1336.2
1756065600000,0.5864,0.587,0.58583,0.58639,3482.89
1756080000000,0.5864,0.58661,0.58518,0.58622,6875.83
1756094400000,0.58623,0.58803,0.58623,0.58637,6776.6
1756108800000,0.58636,0.58726,0.58563,0.58721,6247.27
1756123200000,0.58722,0.58771,0.58618,0.58656,12260.37
1756137600000,0.58656,0.58672,0.58451,0.5846,11530.05
1756152000000,0.58458,0.58547,0.58451,0.58479,8061.87
1756166400000,0.5848,0.58606,0.58282,0.58293,16998.06
1756180800000,0.58289,0.58454,0.58288,0.58423,8497.8
1756195200000,0.58422,0.5857,0.58374,0.58552,8475.89
1756209600000,0.58553,0.58638,0.5847,0.58633,24245.96
1756224000000,0.58634,0.58678,0.5858,0.58591,7553.42
1756238400000,0.58588,0.58633,0.5819,0.58566,5277.05
1756252800000,0.58566,0.58602,0.58462,0.5847,8138.31
1756267200000,0.58468,0.58482,0.5831,0.58337,8397.75
1756281600000,0.58334,0.58338,0.58179,0.58214,9507.45
1756296000000,0.58214,0.5847,0.58214,0.58463,14664.97
1756310400000,0.58462,0.58647,0.58457,0.58607,10569.94
1756324800000,0.58608,0.5861,0.58403,0.58604,5749.03
1756339200000,0.58602,0.58674,0.58547,0.58638,10248.29
1756353600000,0.58638,0.5864,0.58531,0.58615,11817.52
1756368000000,0.58615,0.58756,0.58546,0.58728,8722.8
1756382400000,0.58729,0.58851,0.58653,0.58827,18794.63
1756396800000,0.58827,0.58915,0.58815,0.58845,8225.3
1756411200000,0.58844,0.58854,0.58784,0.58825,3937.14
1756425600000,0.58826,0.58943,0.58813,0.58895,8722.82
1756440000000,0.58895,0.58972,0.5885,0.58962,7533.72
1756454400000,0.58964,0.58975,0.5884,0.58848,9625.7
1756468800000,0.58851,0.59053,0.58802,0.58992,17971.63
1756483200000,0.5899,0.59019,0.5897,0.5899,6323.07
1756497600000,0.58991,0.59002,0.58927,0.58945,2752.14
1756670400000,0.58822,0.58989,0.58822,0.58957,2452.4
1756684800000,0.58958,0.59135,0.58956,0.59056,7405.94
1756699200000,0.59057,0.59061,0.58894,0.59012,6879.42
1756713600000,0.59011,0.5914,0.59009,0.59048,7165.8
1756728000000,0.59045,0.5905,0.58961,0.59001,9079.86
1756742400000,0.59001,0.5904,0.58963,0.59038,3320.7
1756756800000,0.59037,0.59064,0.58904,0.59043,4152.33
1756771200000,0.59044,0.59075,0.58849,0.58868,7725.41
1756785600000,0.5887,0.58885,0.58489,0.58517,14721.26
1756800000000,0.58518,0.58646,0.5848,0.58544,31494.94
1756814400000,0.58544,0.58701,0.58375,0.5862,29451.84
1756828800000,0.58618,0.58671,0.58564,0.5864,8388.5
1756843200000,0.58641,0.58663,0.58514,0.58608,4065.36
1756857600000,0.58605,0.58632,0.58531,0.58581,12359.23
1756872000000,0.5858,0.58622,0.58409,0.58572,15112.94
1756886400000,0.58571,0.5867,0.58557,0.58647,14002.95
1756900800000,0.58647,0.58816,0.58591,0.58791,22232.21
1756915200000,0.58791,0.58833,0.58732,0.5874,9102.74
1756929600000,0.58741,0.58804,0.58681,0.58803,4636.17
1756944000000,0.58805,0.58897,0.58719,0.58729,9723.74
1756958400000,0.58728,0.58749,0.58613,0.58642,9750.72
1756972800000,0.58642,0.58692,0.58538,0.58556,8260.65
1756987200000,0.58558,0.58645,0.58325,0.58361,23856.93
1757001600000,0.58361,0.58454,0.58324,0.58451,5446.87
1757016000000,0.58452,0.58505,0.58338,0.58503,3715.17
1757030400000,0.58504,0.58646,0.58495,0.58638,5289.39
1757044800000,0.5864,0.58766,0.58584,0.58763,5953.8
1757059200000,0.58761,0.58794,0.58715,0.58724,4968.94
1757073600000,0.58725,0.59175,0.58718,0.59075,31663.99
1757088000000,0.59074,0.5909,0.58868,0.58889,9915.17
1757102400000,0.58889,0.58945,0.58882,0.58908,2972.7
1757275200000,0.58904,0.58927,0.58787,0.58877,3647.88
1757289600000,0.58877,0.5904,0.58818,0.58989,9765.19
1757304000000,0.58987,0.59273,0.58948,0.59258,7630.92
1757318400000,0.59256,0.5938,0.59181,0.59367,8419.48
1757332800000,0.59368,0.59452,0.59312,0.59389,11170.4
1757347200000,0.59389,0.59423,0.59285,0.59407,7483.78
1757361600000,0.59406,0.59445,0.5931,0.59444,4072.77
1757376000000,0.59444,0.59488,0.59369,0.59433,6412.56
1757390400000,0.59433,0.59561,0.59397,0.59447,9731.31
1757404800000,0.59447,0.59592,0.59416,0.5949,9326.45
1757419200000,0.59489,0.5957,0.59251,0.59293,19806.28
1757433600000,0.59293,0.59342,0.59224,0.59238,7141.04
1757448000000,0.59239,0.59302,0.59217,0.5926,4530.54
1757462400000,0.5926,0.59423,0.59208,0.5941,9370.05
1757476800000,0.5941,0.59512,0.59336,0.59423,10525.44
1757491200000,0.59424,0.59498,0.59329,0.59412,7047.12
1757505600000,0.59412,0.59635,0.59369,0.59533,21190.09
1757520000000,0.59533,0.59537,0.59398,0.59436,8121.99
1757534400000,0.59436,0.59468,0.5928,0.59424,6804.78
1757548800000,0.5942,0.59459,0.59332,0.59385,5206.1
1757563200000,0.59383,0.59388,0.5928,0.59314,10490.44
1757577600000,0.59314,0.59337,0.5922,0.59254,8946.15
1757592000000,0.59253,0.59716,0.59133,0.59709,23619.46
1757606400000,0.59709,0.5977,0.59696,0.59755,7121.62
1757620800000,0.59756,0.59793,0.59641,0.59767,7458.88
1757635200000,0.59764,0.59777,0.59684,0.59702,6783.59
1757649600000,0.59699,0.5974,0.5961,0.59686,7357.95
1757664000000,0.59684,0.59685,0.59489,0.59505,9771.96
1757678400000,0.59505,0.59583,0.59397,0.5946,11621.6
1757692800000,0.59459,0.59608,0.59435,0.59568,3932.62
1757707200000,0.59567,0.59567,0.59518,0.59518,2629.12
1757880000000,0.59379,0.59559,0.59378,0.59534,4733.5
1757894400000,0.59536,0.59655,0.59493,0.59623,7994.24
1757908800000,0.59623,0.59658,0.595,0.59623,7956.93
1757923200000,0.59623,0.59637,0.59541,0.5961,6343.49
1757937600000,0.59612,0.59716,0.59562,0.59702,10323.74
1757952000000,0.597,0.59743,0.59633,0.59698,6164.25
1757966400000,0.59698,0.59711,0.59533,0.59673,5082.59
1757980800000,0.59671,0.59715,0.59551,0.59664,7748.39
1757995200000,0.59665,0.59805,0.59594,0.59712,8141.51
1758009600000,0.59709,0.59802,0.59654,0.59767,8336.39
1758024000000,0.5977,0.59831,0.59655,0.59783,16645.14
1758038400000,0.59783,0.59905,0.59776,0.59849,5745.08
1758052800000,0.59847,0.599,0.59671,0.5988,6631.8
1758067200000,0.59883,0.59895,0.59743,0.59766,7883.59
1758081600000,0.59767,0.59809,0.59667,0.59705,6509.64
1758096000000,0.59704,0.59838,0.59675,0.59798,5866.13
1758110400000,0.59798,0.5986,0.59682,0.59698,12877.79
1758124800000,0.59697,0.6007,0.59475,0.59681,34070.08
1758139200000,0.59682,0.59691,0.59317,0.59335,10336.85
1758153600000,0.59336,0.5935,0.59106,0.59253,16802.24
1758168000000,0.59255,0.59265,0.58935,0.59104,14251.26
1758182400000,0.59103,0.59105,0.58913,0.59052,14688.15
1758196800000,0.59051,0.59054,0.58718,0.5876,52744.74
1758211200000,0.58757,0.58863,0.58745,0.58815,7683.33
1758225600000,0.58812,0.58911,0.58711,0.5889,4999.56
1758240000000,0.58893,0.58913,0.58742,0.58796,11201.8
1758254400000,0.58797,0.58828,0.5854,0.58711,14069.3
1758268800000,0.58711,0.58799,0.58602,0.5861,10403.21
1758283200000,0.5861,0.58672,0.58534,0.5857,15487.71
1758297600000,0.58569,0.58595,0.58549,0.58572,4708.35
1758312000000,0.58572,0.58574,0.58533,0.58539,1659.36
1758484800000,0.58544,0.58632,0.58498,0.58499,2685.32
1758499200000,0.58498,0.58622,0.58464,0.58599,11001.92
1758513600000,0.58598,0.58609,0.58423,0.58445,8316.33
1758528000000,0.58444,0.58632,0.5844,0.58614,12219.68
1758542400000,0.58617,0.58656,0.58509,0.58609,12343.26
1758556800000,0.58606,0.5871,0.58597,0.58691,4519.35
1758571200000,0.58692,0.58697,0.58453,0.58682,4260.33
1758585600000,0.58685,0.58689,0.58489,0.58545,6183.03
1758600000000,0.58546,0.58596,0.58449,0.58501,8599.27
1758614400000,0.58499,0.58688,0.58496,0.58633,7387.94
1758628800000,0.5863,0.58683,0.58515,0.58558,15209.9
1758643200000,0.58558,0.58622,0.58515,0.5858,9891.72
1758657600000,0.58581,0.58605,0.58371,0.58563,3419.73
1758672000000,0.58564,0.5866,0.58491,0.58568,9629.01
1758686400000,0.58565,0.58614,0.58483,0.58537,7077.72
1758700800000,0.58537,0.58552,0.58329,0.58334,8530.09
1758715200000,0.58333,0.58414,0.58086,0.58128,24235.69
1758729600000,0.58126,0.58153,0.5808,0.58132,6235.47
1758744000000,0.5813,0.58172,0.58088,0.58147,5288.03
1758758400000,0.58146,0.58274,0.58071,0.5827,7839.51
1758772800000,0.58271,0.58281,0.58157,0.58158,7760.74
1758787200000,0.5816,0.58309,0.58102,0.58109,12331.92
1758801600000,0.58108,0.58126,0.57691,0.57751,30045.92
1758816000000,0.57752,0.5778,0.57583,0.57637,12763.85
1758830400000,0.57636,0.57693,0.57565,0.57624,7232.06
1758844800000,0.57622,0.5769,0.57553,0.57668,9774.88
1758859200000,0.57668,0.57705,0.57565,0.57609,10633.61
1758873600000,0.57611,0.57675,0.57538,0.57588,9534.88
1758888000000,0.57586,0.57725,0.5758,0.57671,24284.06
1758902400000,0.57671,0.57751,0.5765,0.57747,7462.49
1758916800000,0.57749,0.57756,0.57719,0.57727,1187.24
1759089600000,0.57642,0.5779,0.5761,0.5777,1540.29
1759104000000,0.57768,0.57859,0.577,0.5784,7061.37
1759118400000,0.57841,0.57945,0.57819,0.57932,8834.99
1759132800000,0.57933,0.57956,0.57796,0.57855,9468.06
1759147200000,0.57856,0.57901,0.5779,0.57844,20715.2
1759161600000,0.57845,0.5786,0.57773,0.57785,5023.17
1759176000000,0.57785,0.57803,0.5764,0.57796,3983.29
1759190400000,0.57797,0.5794,0.5773,0.5789,8762.89
1759204800000,0.57891,0.58028,0.57838,0.57996,16425.51
1759219200000,0.57997,0.58067,0.57891,0.57943,14368.78
1759233600000,0.57945,0.58073,0.57879,0.57976,16727.05
1759248000000,0.57976,0.58023,0.57932,0.57973,6783.69
1759262400000,0.57975,0.57989,0.57884,0.5795,6648.8
1759276800000,0.5795,0.5795,0.57857,0.57905,7496.51
1759291200000,0.57905,0.58144,0.57904,0.58102,14527.08
1759305600000,0.58102,0.58204,0.58027,0.58136,14960.33
1759320000000,0.58138,0.58308,0.58058,0.58095,31106.72
1759334400000,0.58094,0.58199,0.5808,0.5816,6158.08
1759348800000,0.5816,0.58212,0.57877,0.58206,7526.4
1759363200000,0.58204,0.58354,0.58116,0.58269,8837.8
1759377600000,0.5827,0.58426,0.5824,0.58394,11654.27
1759392000000,0.58394,0.58412,0.5825,0.58262,12926.62
1759406400000,0.58263,0.5829,0.58023,0.58108,22794.18
1759420800000,0.58108,0.58215,0.58095,0.58171,5074.48
1759435200000,0.58171,0.58196,0.57967,0.58188,3758.23
1759449600000,0.5819,0.58249,0.58153,0.58194,5410.58
1759464000000,0.58194,0.58312,0.58134,0.583,7164.64
1759478400000,0.583,0.5836,0.5825,0.58335,11439.82
1759492800000,0.58336,0.5838,0.58242,0.58363,18251.89
1759507200000,0.58363,0.58372,0.58254,0.58332,5994.24
1759521600000,0.58332,0.58344,0.58297,0.58303,2735
1759694400000,0.58151,0.58248,0.5805,0.58232,7286.47
1759708800000,0.58232,0.58401,0.58208,0.58347,6440.91
1759723200000,0.58346,0.58393,0.58253,0.5827,11491.47
1759737600000,0.58269,0.58292,0.581,0.58194,10607.41
1759752000000,0.58193,0.58415,0.58179,0.58365,12168.88
1759766400000,0.58366,0.58446,0.58339,0.58416,3986.31
1759780800000,0.58416,0.58433,0.58262,0.58397,6139.62
1759795200000,0.58404,0.58409,0.58237,0.58307,7067.84
1759809600000,0.58305,0.58317,0.58045,0.58066,8631.32
1759824000000,0.58065,0.58132,0.58026,0.58049,8878.02
1759838400000,0.58049,0.58162,0.5801,0.58045,15480.78
1759852800000,0.58046,0.58087,0.57936,0.57965,8310.89
1759867200000,0.57966,0.5801,0.57883,0.57967,5245.96
1759881600000,0.57966,0.57987,0.57384,0.57486,17352.07
1759896000000,0.57486,0.57576,0.57365,0.57508,14826.08
1759910400000,0.57506,0.57774,0.57498,0.57767,14248.36
1759924800000,0.57768,0.57868,0.57733,0.57764,17500.35
1759939200000,0.57764,0.57852,0.57721,0.57846,8222.34
1759953600000,0.57846,0.57884,0.57783,0.57831,5697.71
1759968000000,0.57835,0.58049,0.5783,0.57997,8338.23
1759982400000,0.57997,0.5806,0.57635,0.57699,10998.04
1759996800000,0.577,0.57823,0.57601,0.57794,13191.21
1760011200000,0.57794,0.57868,0.57374,0.57434,24175.19
1760025600000,0.57437,0.57477,0.57335,0.57427,8744.93
1760040000000,0.57426,0.5752,0.57388,0.57514,4254.54
1760054400000,0.57515,0.57571,0.57451,0.57562,6140.65
1760068800000,0.57562,0.57577,0.57394,0.57502,9394.98
1760083200000,0.57504,0.5758,0.57471,0.5749,7088.96
1760097600000,0.57491,0.57555,0.57226,0.57312,26932.08
1760112000000,0.57311,0.57327,0.57165,0.57235,14993.08
1760126400000,0.57235,0.57266,0.57154,0.5721,5339.39
1760299200000,0.57376,0.5745,0.57171,0.57253,10969.39
1760313600000,0.57253,0.57448,0.57219,0.57345,10024.86
1760328000000,0.57344,0.5741,0.57293,0.57357,10465.52
1760342400000,0.57356,0.57384,0.5719,0.57202,13568.13
1760356800000,0.57204,0.57331,0.57186,0.57311,12486.99
1760371200000,0.57311,0.57354,0.57263,0.57264,5455.74
1760385600000,0.57265,0.57277,0.57155,0.57164,4222.24
1760400000000,0.57163,0.5726,0.57064,0.57107,8920.26
1760414400000,0.57107,0.57122,0.56844,0.56893,16124.82
1760428800000,0.56893,0.56956,0.56823,0.5688,12127.19
1760443200000,0.5688,0.5719,0.56867,0.57171,24420.45
1760457600000,0.57172,0.57235,0.57096,0.57116,13039.2
1760472000000,0.57116,0.57171,0.57076,0.57119,4650.02
1760486400000,0.57117,0.57272,0.57053,0.57216,8060.87
1760500800000,0.57216,0.57314,0.57145,0.57224,9187.8
1760515200000,0.57227,0.57297,0.5721,0.57229,6795.42
1760529600000,0.57231,0.57301,0.57134,0.57223,12653.95
1760544000000,0.57223,0.57225,0.57053,0.57209,9300.37
1760558400000,0.57209,0.57237,0.5711,0.57149,6711.98
1760572800000,0.57149,0.57549,0.57125,0.57404,16424.12
1760587200000,0.57403,0.5749,0.57335,0.57379,12803.83
1760601600000,0.57379,0.5745,0.5731,0.57391,10310.84
1760616000000,0.57392,0.57405,0.57227,0.57301,15922.69
1760630400000,0.573,0.57367,0.57178,0.57242,12183.59
1760644800000,0.57241,0.57286,0.57186,0.57257,6022.63
1760659200000,0.57257,0.57347,0.57154,0.57266,8202.77
1760673600000,0.57266,0.57369,0.57121,0.57202,14567.45
1760688000000,0.57203,0.57426,0.57135,0.57288,13705.56
1760702400000,0.57289,0.57322,0.57114,0.57204,19748.28
1760716800000,0.57203,0.57382,0.57199,0.57377,10410.21
1760731200000,0.57378,0.57382,0.5722,0.5722,1827.71
1760904000000,0.57248,0.57342,0.57173,0.57302,3777.36
1760918400000,0.57299,0.57429,0.57279,0.57363,7918.74
1760932800000,0.57363,0.57422,0.57287,0.57328,11184.58
1760947200000,0.57327,0.57395,0.57249,0.57288,8263.92
1760961600000,0.5729,0.57528,0.57265,0.57492,12740.05
1760976000000,0.57493,0.57514,0.57441,0.57443,4268.22
1760990400000,0.57441,0.57473,0.5729,0.57428,4280.92
1761004800000,0.57427,0.57517,0.57289,0.57304,7120.48
1761019200000,0.57303,0.57303,0.57149,0.57164,11825.14
1761033600000,0.57164,0.57251,0.57094,0.57225,14972.05
1761048000000,0.57227,0.57461,0.57189,0.57449,17017.94
1761062400000,0.57447,0.57494,0.57385,0.57445,6898.52
1761076800000,0.57444,0.57444,0.57308,0.57413,4622.47
1761091200000,0.57414,0.57496,0.57382,0.57469,7713.44
1761105600000,0.5747,0.57606,0.5747,0.57515,9869.96
1761120000000,0.57514,0.57514,0.57374,0.57381,10543.79
1761134400000,0.57381,0.57516,0.57374,0.57503,14501.72
1761148800000,0.57504,0.57504,0.57343,0.57398,12652.19
1761163200000,0.57399,0.57415,0.57323,0.57356,4785.16
1761177600000,0.57354,0.57422,0.57239,0.57245,6557.78
1761192000000,0.57245,0.57471,0.57245,0.57461,6725.74
1761206400000,0.5746,0.5751,0.574,0.57411,6215.87
1761220800000,0.57412,0.57535,0.57386,0.57491,14825.48
1761235200000,0.57491,0.57549,0.5744,0.5752,7356.6
1761249600000,0.57519,0.57561,0.57432,0.57544,5844.43
1761264000000,0.57543,0.57586,0.57447,0.57514,9189.56
1761278400000,0.57514,0.57563,0.5743,0.57502,11004.07
1761292800000,0.57501,0.57511,0.57383,0.57422,12314.05
1761307200000,0.57423,0.57775,0.57377,0.57455,30796.73
1761321600000,0.57455,0.57494,0.57425,0.57479,3694.06
1761336000000,0.57479,0.57502,0.57446,0.57456,1112.12
1761508800000,0.57753,0.57761,0.57513,0.5759,5085.82
1761523200000,0.57589,0.57698,0.57555,0.57559,8355.34
1761537600000,0.57556,0.57704,0.57514,0.5752,7846.62
1761552000000,0.57518,0.57672,0.57514,0.57658,15934.7
1761566400000,0.57659,0.57682,0.57546,0.57605,14562.62
1761580800000,0.57606,0.57707,0.576,0.57685,4920.11
1761595200000,0.57685,0.57775,0.57645,0.57741,6953.83
1761609600000,0.5774,0.57799,0.57705,0.57772,10800.91
1761624000000,0.57772,0.57837,0.57651,0.57679,10628.26
1761638400000,0.5768,0.57755,0.57617,0.57711,10683.05
1761652800000,0.57712,0.57868,0.57585,0.57785,16013.81
1761667200000,0.57786,0.57892,0.57776,0.5781,7866.28
1761681600000,0.5781,0.57823,0.57758,0.57821,4557.25
1761696000000,0.5782,0.57893,0.57716,0.57836,12843.42
1761710400000,0.57836,0.57957,0.5777,0.57867,7133.3
1761724800000,0.57866,0.57875,0.57728,0.57804,13442.35
1761739200000,0.57805,0.58012,0.57737,0.57968,13842.43
1761753600000,0.57967,0.57997,0.57486,0.5763,30062.46
1761768000000,0.57631,0.57673,0.57553,0.5763,6389.08
1761782400000,0.57629,0.57808,0.57628,0.57767,11593.59
1761796800000,0.57766,0.57878,0.57663,0.5775,17555.2
1761811200000,0.57751,0.57756,0.57502,0.57505,10807.3
1761825600000,0.57504,0.57526,0.57253,0.57448,20698.53
1761840000000,0.57448,0.57466,0.57363,0.57369,7322.28
1761854400000,0.57369,0.57445,0.57363,0.57439,3976.31
1761868800000,0.57441,0.57446,0.57271,0.57305,7535.47
1761883200000,0.57306,0.57343,0.57136,0.57199,9399.7
1761897600000,0.57199,0.57268,0.57149,0.57236,6975.04
1761912000000,0.57235,0.57321,0.57135,0.57256,17181.54
1761926400000,0.57256,0.5726,0.57149,0.57216,6637.35
1761940800000,0.57215,0.5726,0.57211,0.57226,1593.47
1761955200000,0.57226,0.57226,0.57226,0.57226,0.0
1761969600000,0.57226,0.57226,0.57226,0.57226,0.0
1761984000000,0.57226,0.57226,0.57226,0.57226,0.0
1761998400000,0.57226,0.57226,0.57226,0.57226,0.0
1762012800000,0.57226,0.57226,0.57226,0.57226,0.0
1762027200000,0.57226,0.57226,0.57226,0.57226,0.0
1762041600000,0.57226,0.57226,0.57226,0.57226,0.0
1762056000000,0.57226,0.57226,0.57226,0.57226,0.0
1762070400000,0.57226,0.57226,0.57226,0.57226,0.0
1762084800000,0.57226,0.57226,0.57226,0.57226,0.0
1762099200000,0.57226,0.57226,0.57226,0.57226,0.0
1762113600000,0.57226,0.57246,0.57143,0.57212,3837.949951171875
1762128000000,0.57211,0.57233,0.57123,0.57229,5702.270080566406
1762142400000,0.5723,0.57297,0.5721,0.57234,5672.47998046875
1762156800000,0.57232,0.57235,0.57125,0.57169,9212.299926757812
1762171200000,0.57169,0.57198,0.56919,0.57011,12024.539916992188
1762185600000,0.57012,0.5712,0.57004,0.57089,7822.800048828125
1762200000000,0.5709,0.57097,0.56952,0.57057,6157.920166015625
1762214400000,0.57056,0.57057,0.56854,0.56948,9813.77001953125
1762228800000,0.56946,0.56962,0.56727,0.56851,11215.35986328125
1762243200000,0.5685,0.5689,0.56596,0.56609,15402.33984375
1762257600000,0.56608,0.56668,0.56545,0.56665,14157.519775390625
1762272000000,0.56664,0.56672,0.56475,0.56495,8086.27978515625
1762286400000,0.56494,0.56525,0.56347,0.56414,9043.869995117188
1762300800000,0.56414,0.56548,0.56302,0.56535,11045.06005859375
1762315200000,0.56534,0.56605,0.56485,0.56506,6584.780029296875
1762329600000,0.56508,0.56584,0.56382,0.56403,13165.000244140625
1762344000000,0.56404,0.56567,0.56388,0.5654,14863.470092773438
1762358400000,0.56542,0.56643,0.56481,0.56603,6705.2501220703125
1762372800000,0.56602,0.56663,0.56436,0.56659,3906.1900634765625
1762387200000,0.56659,0.56673,0.56559,0.56625,6347.56005859375
1762401600000,0.56627,0.56684,0.56555,0.56581,7586.919921875
1762416000000,0.56581,0.5666,0.56504,0.56583,13238.240478515625
1762430400000,0.56581,0.56697,0.56254,0.56302,23125.629150390625
1762444800000,0.56302,0.56431,0.56255,0.56371,15432.029907226562
1762459200000,0.56377,0.56403,0.56311,0.56377,4928.679931640625
1762473600000,0.56376,0.56385,0.56182,0.56195,7915.9798583984375
1762488000000,0.56195,0.56232,0.56057,0.56061,9277.340087890625
1762502400000,0.56063,0.5622,0.56061,0.56207,9446.460205078125
1762516800000,0.56204,0.56283,0.56088,0.56127,19706.81005859375
1762531200000,0.56126,0.56307,0.56113,0.56257,9881.090087890625
1762545600000,0.56256,0.56325,0.5621,0.5621,3514.030029296875
1762560000000,0.5621,0.5621,0.5621,0.5621,0.0
1762574400000,0.5621,0.5621,0.5621,0.5621,0.0
1762588800000,0.5621,0.5621,0.5621,0.5621,0.0
1762603200000,0.5621,0.5621,0.5621,0.5621,0.0
1762617600000,0.5621,0.5621,0.5621,0.5621,0.0
1762632000000,0.5621,0.5621,0.5621,0.5621,0.0
1762646400000,0.5621,0.5621,0.5621,0.5621,0.0
1762660800000,0.5621,0.5621,0.5621,0.5621,0.0
1762675200000,0.5621,0.5621,0.5621,0.5621,0.0
1762689600000,0.5621,0.5621,0.5621,0.5621,0.0
1762704000000,0.5621,0.5621,0.5621,0.5621,0.0
1762718400000,0.5621,0.563,0.5621,0.56257,5030.72998046875
1762732800000,0.56256,0.56333,0.56202,0.56261,11301.990112304688
1762747200000,0.56263,0.5639,0.56263,0.56344,8412.430053710938
1762761600000,0.56342,0.56502,0.56342,0.56414,7156.22998046875
1762776000000,0.56413,0.56467,0.5627,0.56285,8698.369873046875
1762790400000,0.56285,0.56481,0.56268,0.56443,7221.1998291015625
1762804800000,0.56443,0.56471,0.56407,0.56422,5211.509948730469
1762819200000,0.56423,0.5647,0.5636,0.56436,6030.4898681640625
1762833600000,0.56437,0.5647,0.56309,0.56378,7422.8599853515625
1762848000000,0.5638,0.56468,0.56375,0.56464,7679.0799560546875
1762862400000,0.56464,0.56685,0.5646,0.56517,13679.769653320312
1762876800000,0.56518,0.56623,0.56514,0.56566,6801.879943847656
1762891200000,0.56569,0.5659,0.5642,0.56559,3422.7500610351562
1762905600000,0.56558,0.56599,0.56508,0.56516,5233.8199462890625
1762920000000,0.56515,0.56593,0.56452,0.56568,5502.56005859375
1762934400000,0.56569,0.56577,0.5652,0.56569,7799.2900390625
1762948800000,0.5657,0.56662,0.56555,0.56605,11953.549926757812
1762963200000,0.56603,0.56704,0.56599,0.56657,13098.110107421875
1762977600000,0.56655,0.5669,0.56563,0.5661,6112.8900146484375
1762992000000,0.56612,0.56645,0.56468,0.56556,11735.659912109375
1763006400000,0.56556,0.56692,0.5634,0.56683,7396.510009765625
1763020800000,0.56685,0.56823,0.56641,0.56657,9492.030029296875
1763035200000,0.56658,0.56762,0.56585,0.56724,15854.85986328125
1763049600000,0.56724,0.56776,0.56514,0.56555,12927.08984375
1763064000000,0.56553,0.56654,0.56478,0.56489,7106.7100830078125
1763078400000,0.5649,0.5691,0.56453,0.56856,8202.260009765625
1763092800000,0.56858,0.56896,0.56718,0.5675,9829.779907226562
1763107200000,0.56751,0.56807,0.56678,0.56776,13009.60009765625
1763121600000,0.56776,0.56895,0.56734,0.56837,24269.8798828125
1763136000000,0.56838,0.56906,0.5675,0.56785,9209.579956054688
1763150400000,0.56786,0.56812,0.56754,0.568,3510.6199951171875
1763164800000,0.568,0.568,0.568,0.568,0.0
1763179200000,0.568,0.568,0.568,0.568,0.0
1763193600000,0.568,0.568,0.568,0.568,0.0
1763208000000,0.568,0.568,0.568,0.568,0.0
1763222400000,0.568,0.568,0.568,0.568,0.0
1763236800000,0.568,0.568,0.568,0.568,0.0
1763251200000,0.568,0.568,0.568,0.568,0.0
1763265600000,0.568,0.568,0.568,0.568,0.0
1763280000000,0.568,0.568,0.568,0.568,0.0
1763294400000,0.568,0.568,0.568,0.568,0.0
1763308800000,0.568,0.568,0.568,0.568,0.0
1763323200000,0.568,0.56804,0.56745,0.56749,2395.5
1763337600000,0.5675,0.56754,0.56574,0.56617,6581.8499755859375
1763352000000,0.56618,0.56878,0.56617,0.56871,7175.880065917969
1763366400000,0.56871,0.56888,0.56598,0.56684,8684.809936523438
1763380800000,0.56685,0.56729,0.56585,0.56711,13407.049560546875
1763395200000,0.56711,0.56747,0.56495,0.56503,11304.669921875
1763409600000,0.565,0.56601,0.56483,0.56533,7837.8900146484375
1763424000000,0.56533,0.56582,0.56479,0.56491,8884.830078125
1763438400000,0.56491,0.56602,0.56379,0.56581,10860.8701171875
1763452800000,0.56581,0.56689,0.56576,0.56653,10355.170043945312
1763467200000,0.56652,0.56747,0.56519,0.5653,18105.52001953125
1763481600000,0.56532,0.56681,0.56467,0.56651,19522.609619140625
1763496000000,0.56653,0.56666,0.56546,0.56581,5185.610107421875
1763510400000,0.56581,0.56592,0.56306,0.56313,10461.659912109375
1763524800000,0.56314,0.56431,0.56277,0.5638,7488.5101318359375
1763539200000,0.5638,0.56399,0.56231,0.56309,9955.81005859375
1763553600000,0.5631,0.56336,0.56036,0.56061,14796.880249023438
1763568000000,0.5606,0.5607,0.55896,0.55933,17891.02001953125
1763582400000,0.55929,0.56146,0.55927,0.56144,7790.0499267578125
1763596800000,0.56144,0.56144,0.55949,0.56066,8816.5
1763611200000,0.56067,0.56129,0.56023,0.56062,6844.56005859375
1763625600000,0.56061,0.56184,0.56036,0.56121,9197.029907226562
1763640000000,0.56124,0.56384,0.56031,0.5614,22992.26025390625
1763654400000,0.56143,0.56163,0.55885,0.55994,21063.59033203125
1763668800000,0.55995,0.56003,0.55792,0.55899,8953.779907226562
1763683200000,0.55898,0.55971,0.55853,0.5593,7077.0399169921875
1763697600000,0.5593,0.5605,0.55902,0.55965,6376.41015625
1763712000000,0.55965,0.56069,0.55853,0.55895,14370.8798828125
1763726400000,0.55895,0.56072,0.55824,0.55937,27492.359619140625
1763740800000,0.55937,0.5615,0.55883,0.56119,15360.019897460938
1763755200000,0.56121,0.56152,0.56086,0.56125,7120.06005859375
1763769600000,0.56125,0.56125,0.56125,0.56125,0.0
1763784000000,0.56125,0.56125,0.56125,0.56125,0.0
1763798400000,0.56125,0.56125,0.56125,0.56125,0.0
1763812800000,0.56125,0.56125,0.56125,0.56125,0.0
1763827200000,0.56125,0.56125,0.56125,0.56125,0.0
1763841600000,0.56125,0.56125,0.56125,0.56125,0.0
1763856000000,0.56125,0.56125,0.56125,0.56125,0.0
1763870400000,0.56125,0.56125,0.56125,0.56125,0.0
1763884800000,0.56125,0.56125,0.56125,0.56125,0.0
1763899200000,0.56125,0.56125,0.56125,0.56125,0.0
1763913600000,0.56125,0.56125,0.56125,0.56125,0.0
1763928000000,0.56125,0.56144,0.56064,0.56116,2223.5499572753906
1763942400000,0.56116,0.56141,0.56026,0.56063,5493.5599365234375
1763956800000,0.56063,0.56105,0.5599,0.56036,5417.769958496094
1763971200000,0.56037,0.56136,0.55951,0.56102,10321.7001953125
1763985600000,0.56101,0.56141,0.55975,0.5609,15962.169921875
1764000000000,0.56092,0.56133,0.56025,0.56099,6846.8199462890625
1764014400000,0.56101,0.56137,0.56062,0.56114,3481.72998046875
1764028800000,0.56114,0.56213,0.5598,0.56031,7371.1900634765625
1764043200000,0.56031,0.5608,0.55922,0.5598,7315.0101318359375
1764057600000,0.55981,0.56096,0.5591,0.55943,10212.919921875
1764072000000,0.55943,0.56144,0.55934,0.56077,25616.74072265625
1764086400000,0.56076,0.56281,0.56055,0.56246,12943.269897460938
1764100800000,0.56248,0.5626,0.56126,0.56244,6533.530029296875
1764115200000,0.56245,0.56964,0.5623,0.56904,23060.80029296875
1764129600000,0.56903,0.56939,0.56726,0.56774,12072.1103515625
1764144000000,0.56775,0.56823,0.56656,0.56698,16672.269775390625
1764158400000,0.56697,0.56926,0.56624,0.56888,21426.61962890625
1764172800000,0.5689,0.56968,0.56878,0.56942,12109.199951171875
1764187200000,0.56942,0.57058,0.56885,0.57037,6753.780029296875
1764201600000,0.57038,0.57314,0.57034,0.57272,11602.58984375
1764216000000,0.57268,0.57309,0.57148,0.5724,8590.029907226562
1764230400000,0.57242,0.57249,0.57085,0.57151,9414.39013671875
1764244800000,0.5715,0.57296,0.57113,0.57262,9086.4599609375
1764259200000,0.57262,0.57276,0.57202,0.57212,3591.050018310547
1764273600000,0.57215,0.57295,0.57163,0.57286,3875.5699462890625
1764288000000,0.57287,0.57311,0.57183,0.57202,30338.180053710938
1764302400000,0.57202,0.57221,0.57098,0.57099,71839.609375
1764316800000,0.57102,0.57136,0.57036,0.57057,77079.34765625
1764331200000,0.57057,0.57433,0.57039,0.57398,46908.6904296875
1764345600000,0.57398,0.57402,0.57313,0.57363,10598.9599609375
1764360000000,0.57363,0.57387,0.57276,0.57276,32534.390625
1764374400000,0.57276,0.57276,0.57276,0.57276,0.0
1764388800000,0.57276,0.57276,0.57276,0.57276,0.0
1764403200000,0.57276,0.57276,0.57276,0.57276,0.0
1764417600000,0.57276,0.57276,0.57276,0.57276,0.0
1764432000000,0.57276,0.57276,0.57276,0.57276,0.0
1764446400000,0.57276,0.57276,0.57276,0.57276,0.0
1764460800000,0.57276,0.57276,0.57276,0.57276,0.0
1764475200000,0.57276,0.57276,0.57276,0.57276,0.0
1764489600000,0.57276,0.57276,0.57276,0.57276,0.0
1764504000000,0.57276,0.57276,0.57276,0.57276,0.0
1764518400000,0.57276,0.57276,0.57276,0.57276,0.0
1764532800000,0.57276,0.57391,0.57242,0.57354,3821.31005859375
1764547200000,0.57353,0.5744,0.57251,0.57357,11062.75
1764561600000,0.57358,0.57403,0.57255,0.57358,8438.44
1764576000000,0.57359,0.57396,0.5728,0.57366,11750.48
1764590400000,0.57366,0.57513,0.57327,0.57412,16453.63
1764604800000,0.57414,0.57434,0.57246,0.57262,8937.07
1764619200000,0.57262,0.57288,0.57165,0.57248,4079.34
1764633600000,0.57248,0.57276,0.57181,0.57255,8531.61
1764648000000,0.57254,0.57322,0.57235,0.57301,5082.91
1764662400000,0.573,0.57315,0.57106,0.57154,10221.13
1764676800000,0.57152,0.57443,0.57141,0.57399,13283.08
1764691200000,0.57398,0.574,0.57229,0.57339,9061.4
1764705600000,0.57339,0.57406,0.57252,0.57404,3524.36
1764720000000,0.57405,0.5752,0.57346,0.57482,8368.4
1764734400000,0.57483,0.57551,0.57433,0.57443,5421.17
1764748800000,0.57444,0.57515,0.57388,0.575,7018.41
1764763200000,0.57498,0.57656,0.57344,0.57622,17903.13
1764777600000,0.57621,0.57763,0.57617,0.57762,8367.62
1764792000000,0.57761,0.57772,0.57671,0.57725,3628.27
1764806400000,0.57726,0.5776,0.57609,0.5767,6782.93
1764820800000,0.57671,0.57737,0.57651,0.57729,5529.96
1764835200000,0.57728,0.57783,0.57651,0.57703,11009.62
1764849600000,0.57703,0.57783,0.57574,0.57745,14337.64
1764864000000,0.57745,0.57755,0.57652,0.57683,10376.06
1764878400000,0.57681,0.57683,0.57571,0.57585,10842.66
1764892800000,0.57587,0.57694,0.57587,0.57636,5093.54
1764907200000,0.57635,0.57806,0.57633,0.57736,6412.24
1764921600000,0.5774,0.57785,0.57669,0.57705,9379.11
1764936000000,0.57706,0.57867,0.57705,0.57806,12549.83
1764950400000,0.57806,0.57806,0.57627,0.57762,9596.68
1764964800000,0.57762,0.57764,0.57708,0.5774,2476.16
1765137600000,0.57732,0.57768,0.57669,0.57743,6837.94
1765152000000,0.57744,0.5791,0.57735,0.57839,9130.67
1765166400000,0.57839,0.57898,0.57737,0.57772,6467.96
1765180800000,0.57771,0.57888,0.57754,0.57766,7244.78
1765195200000,0.57765,0.57922,0.57582,0.57608,13711.93
1765209600000,0.57607,0.57794,0.57591,0.57738,7551.23
1765224000000,0.57739,0.57768,0.57672,0.57754,4518.54
1765238400000,0.57753,0.57874,0.5767,0.57852,8310.64
1765252800000,0.57852,0.57921,0.5777,0.57804,8820.12
1765267200000,0.57806,0.57942,0.57781,0.57878,9271.17
1765281600000,0.5788,0.57944,0.57729,0.57839,18366.54
1765296000000,0.57838,0.57926,0.57748,0.57796,15109.26
1765310400000,0.57795,0.57813,0.57662,0.57785,7794.05
1765324800000,0.57788,0.5782,0.57609,0.57676,7717.29
1765339200000,0.57675,0.57835,0.57662,0.57821,5025.95
1765353600000,0.57822,0.5789,0.57799,0.57849,9020.45
1765368000000,0.57848,0.57873,0.5774,0.57786,13140.09
1765382400000,0.57784,0.58079,0.57751,0.58045,25437.48
1765396800000,0.58045,0.58242,0.58007,0.58155,10611.92
1765411200000,0.58158,0.58202,0.57954,0.57965,11496.47
1765425600000,0.57964,0.5803,0.57877,0.57991,8072.82
1765440000000,0.57993,0.58139,0.57975,0.58114,11441.39
1765454400000,0.58116,0.5831,0.58104,0.58213,17605.76
1765468800000,0.58211,0.58236,0.58089,0.58093,10052.51
1765483200000,0.58094,0.58111,0.58015,0.58091,6427.26
1765497600000,0.5809,0.58203,0.58084,0.58107,7956.72
1765512000000,0.58108,0.58159,0.58071,0.58125,6283.11
1765526400000,0.58126,0.58191,0.58053,0.58106,9450.94
1765540800000,0.58104,0.58153,0.57915,0.57954,16735.98
1765555200000,0.57955,0.58076,0.57873,0.58024,15253.79
1765569600000,0.58023,0.58074,0.5799,0.58014,5430.01
1765742400000,0.57928,0.58034,0.57871,0.5801,3455.09
1765756800000,0.5801,0.58081,0.57672,0.57697,10997.76
1765771200000,0.57698,0.57877,0.57653,0.57825,7098.71
1765785600000,0.57826,0.57949,0.5778,0.57926,8610.53
1765800000000,0.57925,0.58026,0.57889,0.58017,14794.05
1765814400000,0.58018,0.58026,0.57824,0.57874,11495.83
1765828800000,0.57873,0.57888,0.57761,0.57848,6030.73
1765843200000,0.57849,0.57868,0.57577,0.57762,11566.68
1765857600000,0.57763,0.57865,0.57748,0.57846,8368.58
1765872000000,0.57847,0.5791,0.57802,0.57848,10010.22
1765886400000,0.57848,0.58067,0.57785,0.5792,30428.68
1765900800000,0.57917,0.57986,0.57722,0.5788,17801.63
1765915200000,0.57878,0.57916,0.57753,0.57834,6651.54
1765929600000,0.57832,0.57885,0.57708,0.5787,10913.46
1765944000000,0.57869,0.57869,0.57668,0.57716,9751.03
1765958400000,0.57715,0.57801,0.57682,0.5773,9747.5
1765972800000,0.57732,0.57938,0.57715,0.57832,14769.98
1765987200000,0.57832,0.57895,0.57715,0.57756,14213.52
1766001600000,0.57757,0.57839,0.57682,0.57683,7145.84
1766016000000,0.57683,0.57704,0.57542,0.57554,10029.1
1766030400000,0.57554,0.57678,0.57553,0.57635,6863.82
1766044800000,0.57635,0.57685,0.57581,0.57657,8335.18
1766059200000,0.57656,0.57874,0.57606,0.57773,23595.28
1766073600000,0.57774,0.57866,0.57661,0.57721,13908.64
1766088000000,0.57719,0.57767,0.57669,0.57744,5514.2
1766102400000,0.5775,0.57829,0.57637,0.57642,9094.44
1766116800000,0.57643,0.57656,0.57443,0.57468,8179.22
1766131200000,0.57469,0.57526,0.57431,0.57451,9437.76
1766145600000,0.57452,0.57596,0.57357,0.57517,13166.08
1766160000000,0.57517,0.57655,0.57511,0.57638,10356.22
1766174400000,0.57638,0.57648,0.57525,0.57533,4488.25
1766347200000,0.57373,0.5757,0.57373,0.57555,10786.96
1766361600000,0.57555,0.57712,0.57554,0.57654,16676.46
1766376000000,0.57654,0.57832,0.57653,0.57781,5644.44
1766390400000,0.57779,0.57879,0.57767,0.57879,10045.6
1766404800000,0.57881,0.57995,0.57848,0.57937,14131.13
1766419200000,0.57938,0.58011,0.57914,0.57937,7875.82
1766433600000,0.57936,0.57973,0.57802,0.57951,4166.68
1766448000000,0.5795,0.58165,0.57943,0.58128,8018.32
1766462400000,0.58128,0.5822,0.58073,0.58198,13251.47
1766476800000,0.58197,0.58409,0.58191,0.58366,12325.57
1766491200000,0.58366,0.58429,0.58193,0.58294,22920.91
1766505600000,0.58293,0.584,0.58277,0.5839,12029.25
1766520000000,0.58386,0.58426,0.58314,0.58425,6369.38
1766534400000,0.58424,0.5853,0.58357,0.584,8844.97
1766548800000,0.58401,0.58478,0.58387,0.58433,6200.25
1766563200000,0.58434,0.58473,0.58378,0.58419,12802.18
1766577600000,0.58419,0.58451,0.58323,0.58358,19114.37
1766592000000,0.58356,0.58407,0.58303,0.58352,9251.85
1766606400000,0.58351,0.58354,0.58243,0.58266,6707.46
1766620800000,0.58253,0.58414,0.58253,0.58352,129.6
1766635200000,0.58325,0.58419,0.58246,0.58246,25.8
1766692800000,0.5825,0.58383,0.58233,0.58351,3368.35
1766707200000,0.58352,0.58413,0.58315,0.58317,11806.11
1766721600000,0.58316,0.58362,0.58214,0.58243,7205.1
1766736000000,0.5824,0.5826,0.58175,0.58203,8659.41
1766750400000,0.58204,0.58419,0.58177,0.58342,18613.37
1766764800000,0.58342,0.58347,0.58236,0.58289,10211.76
1766779200000,0.58292,0.58328,0.58198,0.58237,4533.44
1766952000000,0.58225,0.58298,0.58215,0.58257,3591.7
1766966400000,0.58257,0.58332,0.58249,0.58296,12591.49
1766980800000,0.58297,0.58314,0.58153,0.58182,9857.65
1766995200000,0.58179,0.58183,0.57985,0.57995,16076.36
1767009600000,0.57995,0.58096,0.57898,0.58095,20464.78
1767024000000,0.58095,0.58103,0.57981,0.58058,16838.35
1767038400000,0.5806,0.58075,0.57903,0.58074,6696.93
1767052800000,0.58072,0.58111,0.58017,0.5807,8500.32
1767067200000,0.58069,0.58191,0.58069,0.58133,5675.18
1767081600000,0.58136,0.58153,0.57987,0.57997,8763.39
1767096000000,0.57997,0.58045,0.57896,0.58044,13400.57
1767110400000,0.58044,0.5806,0.57895,0.57914,7405.35
1767124800000,0.57915,0.57944,0.5788,0.57899,4095.23
1767139200000,0.57899,0.57917,0.57757,0.57796,7672.86
1767153600000,0.57795,0.57809,0.57634,0.5772,6481.01
1767168000000,0.57721,0.57739,0.57595,0.5768,9076.46
1767182400000,0.5768,0.57731,0.57394,0.57494,16215.95
1767196800000,0.57495,0.5756,0.57481,0.57516,12251.91
1767211200000,0.57516,0.57581,0.57508,0.57557,2722.52
1767297600000,0.57546,0.57605,0.57515,0.5757,1951.76
1767312000000,0.57571,0.57703,0.57508,0.57679,7052.63
1767326400000,0.57679,0.5769,0.57552,0.57636,6009.77
1767340800000,0.57637,0.57736,0.57613,0.57689,9407.06
1767355200000,0.57689,0.57775,0.5764,0.57714,12069.02
1767369600000,0.57712,0.57715,0.57585,0.57664,9167.5
1767384000000,0.57665,0.57702,0.5764,0.57645,2622.94
1767556800000,0.57566,0.5769,0.57253,0.57543,5132.29
1767571200000,0.57543,0.5763,0.57483,0.57495,12740.67
1767585600000,0.57493,0.57585,0.5742,0.57491,8147.56
1767600000000,0.57491,0.57635,0.57447,0.57572,11616.77
1767614400000,0.57572,0.57842,0.57413,0.57805,23079.34
1767628800000,0.57805,0.57909,0.57804,0.57905,10810.53
1767643200000,0.57905,0.57916,0.57837,0.57851,4033.85
1767657600000,0.57852,0.58057,0.57788,0.57973,9805.89
1767672000000,0.57973,0.58095,0.57964,0.5804,11799.81
1767686400000,0.58037,0.581,0.57854,0.57877,14648.37
1767700800000,0.57876,0.57975,0.57716,0.57771,18441.14
1767715200000,0.57771,0.57848,0.57681,0.57817,9948.94
1767729600000,0.57816,0.57874,0.57748,0.57804,8638.69
1767744000000,0.57806,0.5792,0.57769,0.57869,11606.02
1767758400000,0.57867,0.57916,0.57736,0.57807,9898.36
1767772800000,0.57806,0.5793,0.57788,0.57904,11964.59
1767787200000,0.57905,0.57928,0.57741,0.57801,22622.96
1767801600000,0.57801,0.57845,0.57743,0.57775,9509.64
1767816000000,0.57776,0.57788,0.57672,0.57729,4196.91
1767830400000,0.57729,0.57738,0.57615,0.57679,7622.27
1767844800000,0.57677,0.57686,0.57508,0.57522,9678.3
1767859200000,0.57521,0.57544,0.57403,0.57498,12258.83
1767873600000,0.57497,0.57545,0.5737,0.57542,19412.42
1767888000000,0.57541,0.57542,0.57422,0.57465,11814.23
1767902400000,0.57467,0.57535,0.57416,0.57493,6055.99
1767916800000,0.57493,0.57493,0.57378,0.57424,11225.08
1767931200000,0.57424,0.57462,0.573,0.5733,7723.83
1767945600000,0.57332,0.57342,0.57258,0.57272,8242.15
1767960000000,0.57273,0.57453,0.57108,0.57307,31484.14
1767974400000,0.57307,0.57353,0.57224,0.57295,12446.62
1767988800000,0.57295,0.57337,0.57252,0.57252,2316.43
1768161600000,0.57266,0.57332,0.57226,0.57287,2612.76
1768176000000,0.57286,0.57495,0.57259,0.57436,11359.31
1768190400000,0.57436,0.57551,0.57396,0.57524,6796.16
1768204800000,0.57525,0.57616,0.57504,0.57573,10248.72
1768219200000,0.57571,0.57686,0.57552,0.5764,14469.71
1768233600000,0.5764,0.57686,0.57611,0.57662,10622.84
1768248000000,0.57662,0.57745,0.57649,0.57725,5426.2
1768262400000,0.57724,0.57801,0.5771,0.57763,9122.2
1768276800000,0.57762,0.57801,0.57692,0.57705,8293.03
1768291200000,0.57704,0.57741,0.57603,0.57642,8305.12
1768305600000,0.57643,0.57821,0.57416,0.57488,27015.79
1768320000000,0.57489,0.57492,0.57346,0.57395,11456.65
1768334400000,0.57394,0.5743,0.57322,0.57377,5586.68
1768348800000,0.57375,0.57475,0.573,0.57454,8383.83
1768363200000,0.57455,0.57506,0.57408,0.57459,6527.65
1768377600000,0.57458,0.575,0.57374,0.57407,9385.3
1768392000000,0.57406,0.57548,0.57365,0.57532,19736.34
1768406400000,0.5753,0.57557,0.57404,0.57438,10894.16
1768420800000,0.57438,0.57511,0.57393,0.57424,8832.83
1768435200000,0.57422,0.5745,0.5731,0.57338,8395.47
1768449600000,0.57341,0.57404,0.57312,0.57395,6475.14
1768464000000,0.57396,0.57519,0.57362,0.57445,8854.18
1768478400000,0.57444,0.57483,0.5725,0.57414,17011.94
1768492800000,0.57411,0.5747,0.57396,0.57421,8405.84
1768507200000,0.57422,0.5744,0.57358,0.57429,7687.41
1768521600000,0.57431,0.57575,0.57423,0.57566,6101.35
1768536000000,0.57567,0.57632,0.57514,0.57582,5314.58
1768550400000,0.57583,0.5767,0.57557,0.57616,8514.89
1768564800000,0.57615,0.57649,0.57413,0.57456,15974.8
1768579200000,0.57455,0.57545,0.57455,0.57525,9069.41
1768593600000,0.57527,0.57551,0.57495,0.57499,5004.04
1768766400000,0.5741,0.57634,0.57403,0.57632,5199.22
1768780800000,0.57633,0.57725,0.57528,0.57695,19691.43
1768795200000,0.57697,0.57793,0.5769,0.57694,11205.24
1768809600000,0.57695,0.57852,0.57686,0.57826,13175.17
1768824000000,0.57826,0.57934,0.57786,0.579,10460.32
1768838400000,0.579,0.57966,0.57888,0.57914,3597.81
1768852800000,0.57911,0.58027,0.57886,0.57921,3968.77
1768867200000,0.57924,0.58234,0.57884,0.58224,10196.55
1768881600000,0.58226,0.58396,0.58223,0.58367,11428.43
1768896000000,0.58369,0.58434,0.58314,0.58404,21421.91
1768910400000,0.58404,0.58507,0.58284,0.58472,32175.55
1768924800000,0.58472,0.5851,0.58289,0.58295,20834.51
1768939200000,0.58294,0.58336,0.58245,0.58262,7520.06
1768953600000,0.58261,0.58356,0.58203,0.58314,12474.62
1768968000000,0.58313,0.58531,0.58271,0.585,13060.46
1768982400000,0.585,0.58511,0.58404,0.58485,24321.99
1768996800000,0.58487,0.58659,0.58478,0.58491,27030.92
1769011200000,0.5849,0.58531,0.58386,0.58475,18351.11
1769025600000,0.58474,0.58476,0.58334,0.5837,6711.14
1769040000000,0.58371,0.58617,0.58357,0.58616,11976.86
1769054400000,0.58616,0.58628,0.58535,0.58579,6854.28
1769068800000,0.58578,0.58774,0.58549,0.58739,16169.75
1769083200000,0.58739,0.58944,0.58739,0.58936,17457.34
1769097600000,0.58936,0.59095,0.58936,0.59053,8902.95
1769112000000,0.59048,0.59282,0.59038,0.59154,6929.59
1769126400000,0.59152,0.59209,0.59056,0.59072,9405.27
1769140800000,0.59071,0.5913,0.59015,0.59027,9140.32
1769155200000,0.59025,0.59087,0.5891,0.59054,12287.27
1769169600000,0.59056,0.59222,0.59006,0.59217,11777.69
1769184000000,0.59216,0.59422,0.59152,0.59404,16462.38
1769198400000,0.59403,0.59509,0.59381,0.59468,4322.28
1769371200000,0.59356,0.59748,0.59356,0.59608,6444.48
1769385600000,0.59607,0.59717,0.59529,0.59592,17671.94
1769400000000,0.59593,0.59629,0.59514,0.59551,12590.38
1769414400000,0.59552,0.59746,0.59548,0.59688,13551.25
1769428800000,0.59689,0.59936,0.59538,0.59935,15635.75
1769443200000,0.59932,0.59987,0.59771,0.59784,12977.57
1769457600000,0.59782,0.59794,0.59624,0.59695,7315.52
1769472000000,0.59693,0.59785,0.59587,0.59668,10567.41
1769486400000,0.59668,0.59722,0.59606,0.59665,8413.63
1769500800000,0.59664,0.59816,0.59545,0.5981,17963.15
1769515200000,0.5981,0.6012,0.59808,0.60082,27995.96
1769529600000,0.60081,0.60221,0.60078,0.60187,21452.43
1769544000000,0.60187,0.60505,0.60136,0.60285,17993.84
1769558400000,0.60286,0.60373,0.60074,0.60165,20308.37
1769572800000,0.60165,0.60443,0.60109,0.60285,12956.65
1769587200000,0.60284,0.60416,0.60209,0.6031,18934.01
1769601600000,0.60311,0.60404,0.60155,0.60337,33000.42
1769616000000,0.60335,0.60441,0.6014,0.60423,23972.73
1769630400000,0.60421,0.60702,0.60374,0.60639,12596.37
1769644800000,0.60639,0.60821,0.60438,0.60816,19350.57
1769659200000,0.60815,0.60922,0.60692,0.60753,18440.4
1769673600000,0.6075,0.60831,0.60483,0.60592,17421.06
1769688000000,0.60593,0.60891,0.6022,0.6032,45797.5
1769702400000,0.60319,0.60722,0.60296,0.6064,32854.6
1769716800000,0.6064,0.60823,0.60615,0.6075,11394.87
1769731200000,0.60751,0.60796,0.6031,0.60449,31436.05
1769745600000,0.60447,0.60538,0.6038,0.60501,17166.8
1769760000000,0.60502,0.60729,0.60306,0.60724,24445.97
1769774400000,0.60724,0.60787,0.6045,0.60475,39054.19
1769788800000,0.60474,0.60496,0.60094,0.60325,38152.23
1769803200000,0.6033,0.60335,0.60181,0.60184,9091.22
1769976000000,0.60101,0.6024,0.59926,0.60081,10472.56
1769990400000,0.60081,0.60333,0.6008,0.6016,38575.12
1770004800000,0.6016,0.60217,0.599,0.60062,32197.52
1770019200000,0.60065,0.6026,0.60036,0.60167,25344.48
1770033600000,0.60169,0.60236,0.59908,0.59922,44014
1770048000000,0.59922,0.6013,0.59903,0.60001,22243.94
1770062400000,0.60003,0.60117,0.59929,0.60117,8609.42
1770076800000,0.60115,0.60354,0.60058,0.60329,20547.3
1770091200000,0.60329,0.60576,0.60308,0.60519,20193.84
1770105600000,0.60518,0.60565,0.60262,0.60276,19038.09
1770120000000,0.60277,0.60485,0.60191,0.60442,27670.89
1770134400000,0.60442,0.6054,0.60336,0.6044,28212.04
1770148800000,0.6044,0.6063,0.60366,0.60408,9171.74
1770163200000,0.60406,0.60486,0.60266,0.60313,14450.27
1770177600000,0.60313,0.60466,0.60302,0.60403,8920.37
1770192000000,0.60401,0.6047,0.60116,0.602,17947.11
1770206400000,0.60201,0.60342,0.6002,0.60034,31452.1
1770220800000,0.60035,0.60096,0.59871,0.6006,26222.28
1770235200000,0.60062,0.60068,0.59959,0.5997,7281.49
1770249600000,0.59968,0.60084,0.59764,0.59828,21323.34
1770264000000,0.5983,0.59939,0.59809,0.59872,13686.01
1770278400000,0.59872,0.59974,0.59797,0.59938,14567.12
1770292800000,0.59938,0.60023,0.59684,0.59766,41816.69
1770307200000,0.59768,0.5992,0.59729,0.59731,23489.73
1770321600000,0.59732,0.59778,0.59368,0.59377,8521.37
1770336000000,0.59377,0.59642,0.5928,0.59629,14670
1770350400000,0.5963,0.59822,0.59627,0.59769,9501.53
1770364800000,0.59767,0.59944,0.59739,0.5993,12299.88
1770379200000,0.59929,0.60172,0.59884,0.6015,21279.87
1770393600000,0.6015,0.60267,0.60132,0.60175,12335.72
1770408000000,0.60174,0.60215,0.60133,0.60133,3024.05
1770580800000,0.60114,0.60337,0.60093,0.60317,5778.1
1770595200000,0.60316,0.6032,0.6011,0.60126,12462.06
1770609600000,0.60125,0.60266,0.60124,0.60193,10851.71
1770624000000,0.60194,0.60226,0.59966,0.6021,15533.94
1770638400000,0.60211,0.60564,0.60211,0.60489,26894.49
1770652800000,0.60489,0.60595,0.60431,0.60576,10440.32
1770667200000,0.60576,0.60588,0.60441,0.60515,5274.33
1770681600000,0.60515,0.60536,0.60383,0.60394,9624.01
1770696000000,0.60395,0.60417,0.60329,0.60403,7175.83
1770710400000,0.60402,0.60495,0.60375,0.60439,9838.32
1770724800000,0.60438,0.6061,0.60372,0.60561,20666.76
1770739200000,0.60561,0.60569,0.60385,0.60503,13265.33
1770753600000,0.60502,0.60507,0.60316,0.60398,4992.64
1770768000000,0.604,0.60653,0.60396,0.60628,10366.33
1770782400000,0.60626,0.60666,0.60539,0.60583,8312.71
1770796800000,0.60585,0.6073,0.60523,0.6062,9650.77
1770811200000,0.60621,0.60649,0.60231,0.60385,48077.47
1770825600000,0.60385,0.60648,0.60339,0.6056,20272.89
1770840000000,0.60557,0.60565,0.60376,0.60475,5283.01
1770854400000,0.60473,0.60612,0.60443,0.60546,8965.8
1770868800000,0.60546,0.60585,0.60387,0.60572,9415.81
1770883200000,0.60574,0.60757,0.60551,0.60724,9757.56
1770897600000,0.60725,0.60751,0.60579,0.60668,20566.79
1770912000000,0.60668,0.60675,0.60254,0.60369,33840.26
1770926400000,0.60369,0.60375,0.60269,0.60311,6146.77
1770940800000,0.60309,0.60394,0.60278,0.60314,8304.45
1770955200000,0.60315,0.60373,0.6014,0.6024,9865.85
1770969600000,0.60239,0.60422,0.60185,0.60204,11481.6
1770984000000,0.60203,0.6045,0.60174,0.60263,37556.07
1770998400000,0.60265,0.60504,0.60249,0.60389,17130.69
1771012800000,0.60389,0.60439,0.60352,0.60377,4459.96
1771185600000,0.60273,0.60388,0.60194,0.60328,3013.08
1771200000000,0.60326,0.60401,0.60274,0.60305,7512.92
1771214400000,0.60305,0.6043,0.60282,0.60379,5417.07
1771228800000,0.60379,0.60479,0.60353,0.60425,8706.97
1771243200000,0.60423,0.60458,0.60313,0.60313,7655.65
1771257600000,0.60313,0.60355,0.60296,0.60345,3365.13
1771272000000,0.60345,0.60355,0.60285,0.60312,2147.8
1771286400000,0.60314,0.60331,0.60188,0.60266,8646.77
1771300800000,0.60265,0.60388,0.60233,0.60277,7960.22
1771315200000,0.60278,0.60499,0.6027,0.60386,11208.78
1771329600000,0.60387,0.60415,0.6004,0.60138,28871.68
1771344000000,0.60136,0.60497,0.60136,0.60486,17327.15
1771358400000,0.60486,0.60528,0.6044,0.6047,4729.74
1771372800000,0.60469,0.60502,0.59953,0.59986,10991.92
1771387200000,0.59992,0.60023,0.5989,0.59955,6076.03
1771401600000,0.59956,0.60135,0.59955,0.60054,9508.31
1771416000000,0.60054,0.60098,0.59763,0.5993,19133.39
1771430400000,0.59931,0.59983,0.59617,0.5964,12770.74
1771444800000,0.5964,0.59683,0.59572,0.59656,4298.52
1771459200000,0.59657,0.59786,0.59575,0.59738,9716.04
1771473600000,0.59738,0.59853,0.59643,0.59831,6529.04
1771488000000,0.5983,0.59902,0.59647,0.5969,11597.09
1771502400000,0.5969,0.59799,0.59453,0.59723,25947.58
1771516800000,0.59722,0.59759,0.59621,0.59652,16754
1771531200000,0.59654,0.59752,0.59628,0.59696,5348.44
1771545600000,0.59698,0.59716,0.59377,0.5946,12360.91
1771560000000,0.5946,0.59598,0.59432,0.5946,10159.6
1771574400000,0.59461,0.59644,0.59439,0.59542,11274.13
1771588800000,0.59541,0.59802,0.59445,0.59764,39437.15
1771603200000,0.59764,0.59848,0.5956,0.59725,30114.5
1771617600000,0.59727,0.59797,0.59714,0.59714,2997.19
1771790400000,0.59748,0.6003,0.59728,0.6003,3933.47
1771804800000,0.60029,0.60029,0.59791,0.59846,18424.39
1771819200000,0.59846,0.59901,0.59793,0.59821,8276.97
1771833600000,0.59822,0.59874,0.59653,0.59665,11339.32
1771848000000,0.59664,0.59784,0.59567,0.59644,19981.11
1771862400000,0.59643,0.5969,0.5954,0.59556,18530.92
1771876800000,0.59556,0.59612,0.59475,0.59589,6062.55
1771891200000,0.59589,0.59711,0.59495,0.59618,10913.29
1771905600000,0.59617,0.59668,0.59557,0.59615,9016.68
1771920000000,0.59616,0.5971,0.59545,0.59552,10200.91
1771934400000,0.5955,0.5965,0.59421,0.59594,23507.29
1771948800000,0.59593,0.59736,0.59588,0.5968,9183.38
1771963200000,0.5968,0.59733,0.59533,0.59632,3563.23
1771977600000,0.59633,0.59808,0.59614,0.59737,14962.25
1771992000000,0.59735,0.59913,0.59719,0.59835,10694.67
1772006400000,0.59836,0.59867,0.59592,0.59618,11405.79
1772020800000,0.59617,0.59889,0.59617,0.59887,17275.59
1772035200000,0.59888,0.59999,0.59862,0.59968,8110.63
1772049600000,0.5997,0.60022,0.59903,0.59996,4307.99
1772064000000,0.59995,0.60125,0.5995,0.60008,9648.41
1772078400000,0.60006,0.60118,0.59943,0.59966,8455.89
1772092800000,0.59969,0.59974,0.59813,0.59815,8185.29
1772107200000,0.59816,0.5995,0.59572,0.59779,22265.27
1772121600000,0.5978,0.59858,0.59568,0.59843,14512.79
1772136000000,0.59844,0.59866,0.59672,0.59792,7889.59
1772150400000,0.59793,0.59921,0.59742,0.59884,8812.52
1772164800000,0.59881,0.59947,0.59846,0.59893,7119.61
1772179200000,0.59893,0.59934,0.59801,0.59829,8967.19
1772193600000,0.5983,0.60036,0.59701,0.60001,23690.05
1772208000000,0.60001,0.60043,0.59934,0.5996,11454.8
1772222400000,0.59962,0.60021,0.59905,0.59905,4036.94
1772395200000,0.59478,0.59757,0.59474,0.5956,8299.15
1772409600000,0.59561,0.59943,0.59486,0.59842,22559.98
1772424000000,0.59841,0.59871,0.59362,0.59431,19057.32
1772438400000,0.59429,0.59674,0.59276,0.59586,23521.91
1772452800000,0.59587,0.59591,0.59231,0.59266,32727.52
1772467200000,0.59265,0.59564,0.59156,0.59538,20368.29
1772481600000,0.59539,0.59549,0.5926,0.5946,10967.93
1772496000000,0.59461,0.59552,0.59348,0.59443,15171.42
1772510400000,0.59444,0.59475,0.59097,0.59106,16975.51
1772524800000,0.59105,0.59137,0.58628,0.58901,42057.82
1772539200000,0.58899,0.59031,0.58356,0.58627,56167.65
1772553600000,0.58627,0.59067,0.58603,0.58948,39101.49
1772568000000,0.58948,0.59004,0.58786,0.58874,10752.1
1772582400000,0.58875,0.59003,0.58609,0.59001,26367.38
1772596800000,0.59003,0.59111,0.58853,0.59032,20473.61
1772611200000,0.59033,0.59328,0.58912,0.59098,37178.42
1772625600000,0.59098,0.59304,0.59004,0.59299,36555.55
1772640000000,0.593,0.59411,0.59236,0.59401,15265.81
1772654400000,0.59402,0.5943,0.59354,0.59365,6794.58
1772668800000,0.59365,0.59481,0.5926,0.59285,18123.21
1772683200000,0.59284,0.59319,0.59107,0.59226,20684.77
1772697600000,0.59224,0.59456,0.59015,0.59228,31969.3
1772712000000,0.5923,0.59319,0.5888,0.58953,34656.39
1772726400000,0.58951,0.58956,0.58726,0.58777,27875.04
1772740800000,0.58775,0.59018,0.58745,0.58953,11124.92
1772755200000,0.58952,0.59142,0.58947,0.59104,13792.91
1772769600000,0.59104,0.59154,0.59004,0.59118,10224.73
1772784000000,0.59119,0.59129,0.58623,0.58645,25364.15
1772798400000,0.58645,0.58911,0.5857,0.58854,59699.61
1772812800000,0.58855,0.59098,0.58852,0.59007,26898.48
1772827200000,0.59008,0.59056,0.5893,0.5897,7473.44
1773000000000,0.58641,0.58755,0.5848,0.5851,17172.28
1773014400000,0.58509,0.58793,0.58493,0.58684,34211.15
1773028800000,0.58684,0.58944,0.58672,0.589,27034.12
1773043200000,0.589,0.59157,0.58754,0.59056,39759.92
1773057600000,0.59057,0.59216,0.58934,0.59166,46793.07
1773072000000,0.59167,0.59347,0.59115,0.59263,23887.7
1773086400000,0.59262,0.59389,0.59217,0.59257,9571.36
1773100800000,0.59256,0.59348,0.5907,0.59113,19604.86
1773115200000,0.59113,0.59436,0.59073,0.5938,21236.89
1773129600000,0.59386,0.59451,0.59226,0.59406,23541.05
1773144000000,0.59407,0.59617,0.59295,0.59543,31595.49
1773158400000,0.59542,0.5964,0.5925,0.59305,30017.99
1773172800000,0.59306,0.59314,0.59204,0.59235,6222.05
1773187200000,0.59236,0.59436,0.59209,0.59424,15238.06
1773201600000,0.59424,0.5948,0.59278,0.59333,10673.02
1773216000000,0.59334,0.59387,0.59171,0.59227,18317.35
1773230400000,0.59225,0.59406,0.59072,0.59073,35534.52
1773244800000,0.59077,0.59195,0.59046,0.59187,14400.39
1773259200000,0.59187,0.5919,0.5892,0.58943,8346.5
1773273600000,0.58944,0.59133,0.58917,0.59063,12712.46
1773288000000,0.59063,0.59072,0.58947,0.59049,11066.63
1773302400000,0.5905,0.59112,0.58949,0.59028,14340.26
1773316800000,0.59029,0.59035,0.58546,0.58678,35545.01
1773331200000,0.58677,0.58725,0.58518,0.58548,21289.1
1773345600000,0.58547,0.58556,0.58475,0.58526,6369.79
1773360000000,0.58525,0.58617,0.58396,0.58454,10574.67
1773374400000,0.58453,0.58454,0.58048,0.58075,10879.15
1773388800000,0.58081,0.58306,0.58026,0.58303,17510.94
1773403200000,0.58304,0.58402,0.58005,0.5802,35120.93
1773417600000,0.58018,0.58056,0.57821,0.57826,17694.52
1773432000000,0.57825,0.57827,0.57705,0.57705,3112.94
1773604800000,0.57905,0.57971,0.57776,0.5795,8912.77
1773619200000,0.57949,0.58147,0.57944,0.58093,13352.14
1773633600000,0.58094,0.58117,0.57983,0.58058,9291.3
1773648000000,0.58058,0.58439,0.58034,0.584,16459.58
1773662400000,0.584,0.58576,0.58391,0.58451,25165.57
1773676800000,0.58451,0.58687,0.58379,0.58604,13417.99
1773691200000,0.58605,0.58617,0.58491,0.58525,6646.86
1773705600000,0.58525,0.58535,0.58417,0.58431,11808.3
1773720000000,0.5843,0.58487,0.58164,0.58244,12492.35
1773734400000,0.58244,0.58465,0.58183,0.58391,13852.13
1773748800000,0.58392,0.58648,0.58371,0.58568,19866.91
1773763200000,0.58568,0.58682,0.58515,0.58564,11722.68
1773777600000,0.58565,0.5861,0.58259,0.58571,8890.3
1773792000000,0.58571,0.5866,0.58525,0.5859,13000.23
1773806400000,0.5859,0.5872,0.5856,0.5857,8236.84
1773820800000,0.5857,0.58638,0.58474,0.58538,14289.1
1773835200000,0.58539,0.5855,0.58127,0.58384,41832.64
1773849600000,0.58385,0.58485,0.58051,0.58051,23873.59
1773864000000,0.58051,0.58099,0.57845,0.57944,10597.74
1773878400000,0.57944,0.58274,0.57935,0.58192,13776.55
1773892800000,0.58191,0.58218,0.58048,0.58072,12871.83
1773907200000,0.58076,0.58268,0.58036,0.58145,27861.44
1773921600000,0.58145,0.58499,0.57979,0.58308,56122.98
1773936000000,0.58308,0.5892,0.58297,0.58727,33368.99
1773950400000,0.58726,0.58778,0.58652,0.58665,8755.99
1773964800000,0.58664,0.58911,0.58663,0.58822,13436.59
1773979200000,0.58824,0.58914,0.58713,0.58875,9071.36
1773993600000,0.58877,0.58899,0.58518,0.58712,21437.23
1774008000000,0.58714,0.58772,0.58295,0.58384,36855.95
1774022400000,0.58384,0.58487,0.58174,0.58258,25513.21
1774036800000,0.58259,0.58306,0.58249,0.58305,5168.64
1774209600000,0.58144,0.58341,0.58044,0.58318,8029.9
1774224000000,0.5832,0.5838,0.5809,0.58105,24475.28
1774238400000,0.58106,0.58139,0.57889,0.57904,18589.36
1774252800000,0.57905,0.58486,0.57617,0.58105,74901.88
1774267200000,0.58104,0.58868,0.5803,0.58421,105036.11
1774281600000,0.5842,0.58812,0.58321,0.5865,35636.79
1774296000000,0.58647,0.58669,0.58474,0.58536,9397.48
1774310400000,0.58538,0.5854,0.58296,0.58319,24526.77
1774324800000,0.58321,0.58604,0.58215,0.58475,24231.37
1774339200000,0.58474,0.58474,0.58152,0.58315,29654.41
1774353600000,0.58317,0.58408,0.5812,0.58162,52438.48
1774368000000,0.58161,0.58248,0.57933,0.58187,26615.19
1774382400000,0.58187,0.58511,0.58169,0.58354,21111.51
1774396800000,0.58355,0.58431,0.5821,0.58226,16825.19
1774411200000,0.58224,0.58225,0.58075,0.58152,10967.8
1774425600000,0.58156,0.58322,0.58108,0.5823,23225.64
1774440000000,0.58231,0.58277,0.58037,0.58134,39480.39
1774454400000,0.58134,0.58257,0.58042,0.58078,20711.35
1774468800000,0.58077,0.58102,0.58011,0.58054,4493.61
1774483200000,0.58053,0.58079,0.57945,0.58059,8356.34
1774497600000,0.58058,0.58084,0.57831,0.57833,11134.64
1774512000000,0.57834,0.57923,0.57719,0.57721,14726.15
1774526400000,0.57721,0.57931,0.57705,0.57766,33842.22
1774540800000,0.57765,0.57777,0.57515,0.57522,16357.02
1774555200000,0.57522,0.57819,0.575,0.57596,16211.91
1774569600000,0.57594,0.57733,0.57519,0.5771,11267.19
1774584000000,0.57709,0.57775,0.57627,0.57639,9124.72
1774598400000,0.57638,0.57747,0.57584,0.57586,16947.5
1774612800000,0.57586,0.5768,0.57489,0.57566,32667.73
1774627200000,0.57566,0.576,0.57375,0.57448,20601.55
1774641600000,0.57448,0.57469,0.57402,0.57438,3488.85
1774814400000,0.5746,0.57469,0.57246,0.57265,8135.39
1774828800000,0.57268,0.5739,0.5723,0.57367,21287.15
1774843200000,0.57369,0.5749,0.57248,0.57264,11090.59
1774857600000,0.57263,0.573,0.57147,0.57211,13539.86
1774872000000,0.57212,0.5726,0.5699,0.57138,26922.91
1774886400000,0.57137,0.57211,0.57104,0.57164,12907.05
1774900800000,0.57163,0.57217,0.57123,0.5716,6684.01
1774915200000,0.57162,0.57352,0.5706,0.57156,20320.08
1774929600000,0.57157,0.57194,0.57038,0.57158,11765.74
1774944000000,0.57157,0.57279,0.56997,0.57264,18368.54
1774958400000,0.57264,0.57362,0.56974,0.5708,38422.51
1774972800000,0.57079,0.57466,0.57055,0.57453,32967.22
1774987200000,0.57454,0.57562,0.57362,0.57548,6885.51
1775001600000,0.57548,0.57591,0.57303,0.57324,12275.58
1775016000000,0.57325,0.57711,0.57318,0.57519,16340.73
1775030400000,0.57518,0.57769,0.5748,0.57732,18911.35
1775044800000,0.5773,0.57771,0.57559,0.5769,36005.25
1775059200000,0.57688,0.57755,0.57423,0.57501,14291.03
1775073600000,0.575,0.57551,0.57466,0.57484,5340.37
1775088000000,0.57482,0.57585,0.57125,0.57131,35684.15
1775102400000,0.57132,0.57161,0.56993,0.57159,14189.66
1775116800000,0.57161,0.57167,0.57001,0.5704,10054.05
1775131200000,0.57041,0.5736,0.57031,0.57255,38644.65
1775145600000,0.57256,0.57293,0.57158,0.57164,13786.02
1775160000000,0.57161,0.57184,0.57001,0.57163,3555.6
1775174400000,0.57163,0.57198,0.57078,0.5709,2436.9
1775188800000,0.57089,0.57126,0.57051,0.57085,1986.6
1775203200000,0.57085,0.5712,0.57033,0.57111,3871.62
1775217600000,0.57113,0.57117,0.56925,0.56945,11315.42
1775232000000,0.56942,0.56942,0.56822,0.56907,6262.18
1775246400000,0.56907,0.57019,0.56794,0.56819,2647.89
1775419200000,0.56867,0.5693,0.56808,0.56851,5009.22
1775433600000,0.56851,0.5706,0.56846,0.56981,7165.64
1775448000000,0.56983,0.57246,0.56975,0.57225,6496.69
1775462400000,0.57225,0.57268,0.57136,0.57203,15632.25
1775476800000,0.57205,0.57292,0.57104,0.57175,31971.6
1775491200000,0.57174,0.57192,0.57053,0.57132,18863.44
1775505600000,0.57133,0.57167,0.57077,0.57131,3570.48
1775520000000,0.5713,0.57131,0.56891,0.56982,13770.69
1775534400000,0.56982,0.57068,0.56955,0.56984,11639.23
1775548800000,0.56983,0.5722,0.56977,0.57047,22943.44
1775563200000,0.5705,0.57139,0.56938,0.57022,28375.13
1775577600000,0.57024,0.57276,0.57021,0.57234,17290.56
1775592000000,0.57232,0.5818,0.5708,0.5808,28884.66
1775606400000,0.58081,0.58269,0.57848,0.58223,32171.69
1775620800000,0.58225,0.58497,0.58221,0.58276,24163.27
1775635200000,0.58274,0.58352,0.58117,0.5833,15831.14
1775649600000,0.5833,0.58587,0.58282,0.58353,32902.05
1775664000000,0.58351,0.58374,0.58091,0.58261,16938.35
1775678400000,0.58263,0.58275,0.58071,0.58241,3841.14
1775692800000,0.58243,0.58335,0.58159,0.58314,10678.57
1775707200000,0.58316,0.58381,0.58279,0.58298,9562.12
1775721600000,0.58297,0.58411,0.58255,0.58383,9939.75
1775736000000,0.58384,0.58686,0.58309,0.58679,25153.57
1775750400000,0.58679,0.58731,0.58528,0.586,15178.5
1775764800000,0.58599,0.58623,0.5849,0.58501,5369.27
1775779200000,0.58505,0.58547,0.58445,0.58509,7269.52
1775793600000,0.58511,0.58516,0.58335,0.58342,7240.09
1775808000000,0.5834,0.58465,0.58322,0.5846,8864.14
1775822400000,0.58461,0.58687,0.58403,0.58411,22833.91
1775836800000,0.5841,0.58476,0.58324,0.58423,9316.12
1775851200000,0.58422,0.58441,0.58334,0.58334,3160.5
1776024000000,0.57941,0.58146,0.57917,0.58028,13989.4
1776038400000,0.58027,0.58253,0.58001,0.58249,10293.73
1776052800000,0.58249,0.58411,0.58222,0.58367,8493.3
1776067200000,0.58364,0.58383,0.58184,0.58185,9434.57
1776081600000,0.58184,0.5848,0.58149,0.58409,23982.2
1776096000000,0.58411,0.5873,0.58385,0.58678,11610.18
1776110400000,0.58677,0.58728,0.58557,0.58707,4588.38
1776124800000,0.58707,0.58715,0.58564,0.58659,6991.65
1776139200000,0.58659,0.58936,0.58656,0.58874,10908.52
1776153600000,0.58873,0.59052,0.58841,0.59019,12506.14
1776168000000,0.5902,0.59197,0.58978,0.59049,26188
1776182400000,0.59048,0.59096,0.59007,0.59018,8340.89
1776196800000,0.5902,0.59057,0.58916,0.59021,6364.57
1776211200000,0.5902,0.59035,0.58924,0.59009,8895.84
1776225600000,0.59009,0.59088,0.58983,0.5904,9272.46
1776240000000,0.59041,0.59084,0.58913,0.58992,13762.5
1776254400000,0.58991,0.59119,0.58916,0.59065,18752.77
1776268800000,0.59067,0.59191,0.5906,0.59149,8904.42
1776283200000,0.5915,0.59162,0.59036,0.59109,5557.37
1776297600000,0.59113,0.59218,0.59034,0.59177,10607.26
1776312000000,0.59177,0.59201,0.59015,0.5903,10394.63
1776326400000,0.59031,0.59045,0.58856,0.58957,8908.57
1776340800000,0.58957,0.58962,0.58823,0.58938,20138.83
1776355200000,0.5894,0.58984,0.58818,0.58883,9376.87
1776369600000,0.58884,0.58928,0.58814,0.58847,4231.2
1776384000000,0.58847,0.58887,0.58794,0.58843,6094.4
1776398400000,0.58844,0.58895,0.588,0.58879,7312.98
1776412800000,0.58877,0.58938,0.58804,0.58857,7603.5
1776427200000,0.58858,0.59288,0.58852,0.5908,38437.87
1776441600000,0.5908,0.59108,0.58867,0.58873,10232.98
1776456000000,0.58873,0.58883,0.58776,0.58788,7412.55
1776628800000,0.58515,0.58689,0.58492,0.58647,7154.96
1776643200000,0.58649,0.58826,0.58627,0.58784,8928.34
1776657600000,0.58785,0.58807,0.58626,0.58656,11231.31
1776672000000,0.58673,0.58845,0.58655,0.58833,9950.09
1776686400000,0.58832,0.58951,0.58746,0.58904,21568.55
1776700800000,0.58906,0.58934,0.58852,0.58915,6662.47
1776715200000,0.58913,0.59157,0.58629,0.59049,6212.07
1776729600000,0.59052,0.59202,0.5899,0.59045,7969.04
1776744000000,0.59045,0.59153,0.5904,0.59044,11741.5
1776758400000,0.59043,0.59123,0.58956,0.59109,12698.63
1776772800000,0.5911,0.59193,0.58945,0.59032,22215.22
1776787200000,0.59033,0.5908,0.58716,0.58747,32458.95
1776801600000,0.58747,0.59026,0.58738,0.58967,11911.38
1776816000000,0.58965,0.59086,0.58965,0.59051,7233.67
1776830400000,0.59052,0.59209,0.59033,0.59194,9021.09
1776844800000,0.59195,0.59224,0.59035,0.59056,8191.2
1776859200000,0.59055,0.59207,0.5898,0.59082,17813.81
1776873600000,0.59087,0.59103,0.59024,0.59044,8235.96
1776888000000,0.59042,0.59101,0.58969,0.59046,5402.91
1776902400000,0.59046,0.59096,0.58786,0.58789,17055.78
1776916800000,0.58789,0.58924,0.58758,0.5892,8328.31
1776931200000,0.58918,0.58926,0.58717,0.58855,12843.23
1776945600000,0.58854,0.58884,0.58679,0.58771,20472.16
1776960000000,0.58771,0.58778,0.58399,0.58573,26618.97
1776974400000,0.58574,0.58597,0.58468,0.58524,6796.9
1776988800000,0.58526,0.58608,0.58398,0.58436,9796.53
1777003200000,0.58435,0.58552,0.58421,0.58541,6949.85
1777017600000,0.5854,0.58776,0.58499,0.58731,12345.07
1777032000000,0.58734,0.58802,0.58616,0.5879,23336.32
1777046400000,0.58794,0.58825,0.58735,0.58812,6792.89
1777060800000,0.58813,0.58826,0.58769,0.5879,3504.82
1777233600000,0.5856,0.58738,0.5853,0.58694,4283.73
1777248000000,0.58695,0.58949,0.58695,0.58915,9633.43
1777262400000,0.58915,0.58988,0.58785,0.58979,8293.07
1777276800000,0.58979,0.59142,0.58964,0.5912,8829.73
1777291200000,0.59122,0.59234,0.59087,0.5917,19970.92
1777305600000,0.59171,0.59182,0.59073,0.59076,8359
1777320000000,0.59076,0.59121,0.58995,0.59112,5554.08
1777334400000,0.59113,0.59176,0.58955,0.59009,12143.02
1777348800000,0.59009,0.59022,0.58815,0.58918,11130.9
1777363200000,0.5892,0.58938,0.5867,0.58693,13357.11
1777377600000,0.58694,0.5888,0.58655,0.58879,22740.74
1777392000000,0.5888,0.58897,0.5881,0.58839,7679.86
1777406400000,0.58837,0.58884,0.58647,0.58871,4688.66
1777420800000,0.58873,0.58917,0.58558,0.58595,12933.21
1777435200000,0.586,0.58695,0.58578,0.58644,8451.5
1777449600000,0.58645,0.58665,0.58515,0.58569,10686.35
1777464000000,0.5857,0.586,0.58283,0.58351,22199.22
1777478400000,0.58353,0.58413,0.58146,0.58311,16932.63
1777492800000,0.5831,0.584,0.58158,0.58389,7888.41
1777507200000,0.5839,0.58453,0.58251,0.58345,13076.6
1777521600000,0.58346,0.58412,0.58209,0.58392,11836.29
1777536000000,0.58392,0.58765,0.58356,0.58662,27365.47
1777550400000,0.58661,0.58939,0.58618,0.58898,39282.53
1777564800000,0.589,0.59092,0.58857,0.59057,14037.59
1777579200000,0.59056,0.59102,0.5897,0.59056,6374.89
1777593600000,0.59057,0.59086,0.58989,0.58999,6922.76
1777608000000,0.58997,0.59,0.58866,0.58941,14786.71
1777622400000,0.58943,0.58975,0.58878,0.58949,15812.85
1777636800000,0.5895,0.59243,0.5893,0.59172,36335.37
1777651200000,0.59171,0.59198,0.58984,0.58995,13261.06
1777665600000,0.58995,0.59007,0.58917,0.58921,2400.54
1777838400000,0.58858,0.59127,0.58846,0.59043,3518.86
1777852800000,0.59042,0.5926,0.58986,0.59242,12572.47
1777867200000,0.59243,0.59251,0.58957,0.58966,10899.38
1777881600000,0.58965,0.59036,0.58735,0.58823,17994.28
1777896000000,0.58825,0.58987,0.58679,0.58708,29730.32
1777910400000,0.5871,0.58779,0.58599,0.58748,21278.14
1777924800000,0.58746,0.58746,0.58686,0.58711,3426.44
1777939200000,0.58711,0.58733,0.58584,0.58639,8212.06
1777953600000,0.58638,0.58798,0.58562,0.58733,15332.66
1777968000000,0.58732,0.58902,0.5873,0.5881,13048.94
1777982400000,0.5881,0.59055,0.58769,0.59008,24512.3
1777996800000,0.59008,0.5902,0.58851,0.58875,5906.74
1778011200000,0.58876,0.59123,0.58667,0.59008,9906.63
1778025600000,0.5901,0.59387,0.59009,0.5929,15820.56
1778040000000,0.59288,0.59544,0.59286,0.59541,18341.11
1778054400000,0.5954,0.59907,0.59483,0.59711,36952.11
1778068800000,0.59714,0.59714,0.59501,0.59546,35324.35
1778083200000,0.59545,0.59601,0.59465,0.59555,8948.77
1778097600000,0.59555,0.59589,0.59443,0.59528,6155.22
1778112000000,0.59528,0.59653,0.59501,0.59577,12110.28
1778126400000,0.59575,0.59753,0.59537,0.59746,11576.46
1778140800000,0.59746,0.59829,0.597,0.59803,12798.35
1778155200000,0.59804,0.59831,0.59612,0.59614,21857.1
1778169600000,0.59615,0.59639,0.59419,0.59422,20462.78
1778184000000,0.59423,0.59516,0.59317,0.59379,6313.84
1778198400000,0.59379,0.59444,0.59301,0.594,12793.52
1778212800000,0.59402,0.59559,0.59394,0.59511,10734.3
1778227200000,0.5951,0.59687,0.59495,0.59602,11805.33
1778241600000,0.59604,0.59685,0.59483,0.59582,32413.71
1778256000000,0.59581,0.59642,0.59565,0.59623,10041.4
1778270400000,0.59623,0.59658,0.59607,0.59658,2623.12
1778443200000,0.59345,0.59523,0.59304,0.59489,4021.55
1778457600000,0.59489,0.59573,0.59446,0.59448,12799.3
1778472000000,0.59447,0.59514,0.59383,0.59475,10153.58
1778486400000,0.59477,0.59556,0.59425,0.59489,10024.15
1778500800000,0.59491,0.59686,0.5945,0.5967,19429.76
1778515200000,0.59669,0.59675,0.5959,0.59615,8137.97
1778529600000,0.59614,0.59683,0.59436,0.59642,4435.74
1778544000000,0.59643,0.59643,0.5947,0.59533,10875.12
1778558400000,0.59532,0.59583,0.5937,0.59441,13799.29
1778572800000,0.59444,0.59526,0.59398,0.59506,14655.94
1778587200000,0.59508,0.5958,0.59336,0.59419,29751.96
1778601600000,0.59419,0.59552,0.59351,0.59524,11298.78
1778616000000,0.59525,0.59542,0.5942,0.59508,7445.9
1778630400000,0.5951,0.59655,0.59389,0.5945,12070.99
1778644800000,0.59451,0.59461,0.59312,0.59313,10122.5
1778659200000,0.59313,0.59345,0.59225,0.59296,13611.74
1778673600000,0.59295,0.59407,0.59196,0.59351,23493.19
1778688000000,0.59351,0.59424,0.59282,0.5934,7984.71
1778702400000,0.59339,0.59377,0.59139,0.59302,4653.14
1778716800000,0.59303,0.59342,0.59262,0.59267,10225.1
1778731200000,0.59268,0.59414,0.59261,0.59285,11094.27
1778745600000,0.59282,0.59407,0.59278,0.59293,11965.7
1778760000000,0.59291,0.59331,0.59172,0.59215,19244.07
1778774400000,0.59214,0.59218,0.59111,0.59125,10949.81
1778788800000,0.59125,0.59136,0.59015,0.5902,3707.95
1778803200000,0.59021,0.5904,0.58793,0.58839,13485.01
1778817600000,0.58839,0.58839,0.5856,0.58589,18267.59
1778832000000,0.58594,0.58666,0.58386,0.58444,20364.49
1778846400000,0.58444,0.58516,0.58358,0.58399,25530.7
1778860800000,0.58398,0.58494,0.58373,0.58386,10228.54
1778875200000,0.58385,0.58386,0.58345,0.58345,1608.06
1779048000000,0.58398,0.58434,0.58296,0.58313,6158.68
1779062400000,0.58314,0.58401,0.58228,0.58397,21225.45
1779076800000,0.58396,0.58553,0.58325,0.58503,14750.78
1779091200000,0.58504,0.58682,0.58502,0.58615,13951.58
1779105600000,0.58616,0.58811,0.58561,0.58661,29671.74
1779120000000,0.58661,0.5882,0.58584,0.58753,18542.42
1779134400000,0.58755,0.58786,0.58585,0.58731,5585.97
1779148800000,0.58732,0.58751,0.58514,0.58542,14962.36
1779163200000,0.58544,0.58595,0.58489,0.58503,14220.85
1779177600000,0.58507,0.58512,0.58362,0.58434,16805.04
1779192000000,0.58433,0.58481,0.58171,0.58305,29354.41
1779206400000,0.58305,0.58409,0.58261,0.58359,11713.61
1779220800000,0.58359,0.58396,0.58224,0.5832,6085.92
1779235200000,0.5832,0.58346,0.58146,0.58331,22883.33
1779249600000,0.58331,0.58402,0.58254,0.58341,12848.56
1779264000000,0.58342,0.58507,0.5833,0.58462,11188.55
1779278400000,0.58462,0.58877,0.58347,0.58683,33025.34
1779292800000,0.58682,0.58775,0.58646,0.58733,16980.39
1779307200000,0.58735,0.58735,0.58536,0.58668,5195.32
1779321600000,0.58671,0.58741,0.58498,0.58589,17389.06
1779336000000,0.58589,0.58644,0.58492,0.58586,14425.25
1779350400000,0.58585,0.58739,0.58486,0.58549,22817.67
1779364800000,0.5855,0.58634,0.58459,0.58549,28081.59
1779379200000,0.5855,0.58877,0.58549,0.58767,28118.06
1779393600000,0.58769,0.58792,0.58697,0.58771,5648.19
1779408000000,0.58772,0.58778,0.5869,0.58716,9985.48
1779422400000,0.58716,0.58766,0.58585,0.58632,10055.46
1779436800000,0.5863,0.58697,0.58498,0.58525,11419.8
1779451200000,0.58526,0.58675,0.58441,0.58537,20888.46
1779465600000,0.58539,0.58643,0.58516,0.58534,11772.08
1779480000000,0.58535,0.5854,0.58461,0.58464,2221.05
1779652800000,0.58754,0.58797,0.58675,0.58719,3539.53
1779667200000,0.58718,0.58814,0.58684,0.58696,8717.9
1779681600000,0.58697,0.5878,0.58619,0.5869,6306.99
1779696000000,0.58691,0.58781,0.58663,0.58737,4167.35
1779710400000,0.58738,0.58783,0.58698,0.58725,6679.89
1779724800000,0.58727,0.58737,0.58684,0.58728,1730.71
1779739200000,0.58729,0.58739,0.58594,0.58607,5505.27
1779753600000,0.58608,0.58615,0.58475,0.58555,9034.48
1779768000000,0.58555,0.58556,0.58429,0.58459,8476.36
1779782400000,0.5846,0.58486,0.58406,0.58407,10736.74
1779796800000,0.58407,0.5845,0.58327,0.58334,18310.34
1779811200000,0.58335,0.58382,0.58313,0.58381,6589.88
1779825600000,0.5838,0.58444,0.58347,0.5841,4112.41
1779840000000,0.58409,0.5878,0.58369,0.58656,14970.99
1779854400000,0.58656,0.58804,0.58648,0.58712,11568.21
1779868800000,0.58711,0.58876,0.58707,0.58841,11143.31
1779883200000,0.58843,0.59115,0.58812,0.58923,33691.53
1779897600000,0.58924,0.59014,0.58861,0.58998,12671.14
1779912000000,0.58998,0.59039,0.58879,0.5891,7747.12
1779926400000,0.5891,0.59104,0.58714,0.58728,15962.35
1779940800000,0.58727,0.58926,0.58636,0.58875,12820.05
1779955200000,0.58878,0.58941,0.58817,0.58903,9749.43
1779969600000,0.58902,0.59307,0.589,0.59252,30162.99
1779984000000,0.59251,0.59351,0.59237,0.59291,10818.13
1779998400000,0.59291,0.5946,0.59214,0.59442,7813.88
1780012800000,0.59441,0.59557,0.5942,0.59505,11263.09
1780027200000,0.59505,0.59631,0.59505,0.59605,10755.54
1780041600000,0.59604,0.59737,0.59548,0.59735,14193.84
1780056000000,0.59736,0.59939,0.59709,0.59907,41967.75
1780070400000,0.59907,0.59916,0.598,0.59881,21673.92
1780084800000,0.59882,0.59891,0.59836,0.59854,4145.86
1780257600000,0.59648,0.5985,0.59621,0.59805,5780.52
1780272000000,0.59801,0.59812,0.59644,0.59665,13035.25
1780286400000,0.59664,0.59731,0.59649,0.59674,10238.71
1780300800000,0.59677,0.59692,0.59496,0.59547,12405.45
1780315200000,0.59547,0.59557,0.59105,0.59291,35076.78
1780329600000,0.59291,0.59443,0.59234,0.59351,11253.97
1780344000000,0.5935,0.59373,0.5922,0.59346,8526.36
1780358400000,0.59347,0.59349,0.59177,0.59331,15590.75
1780372800000,0.5933,0.59453,0.59309,0.59346,12206.36
1780387200000,0.59347,0.59379,0.59228,0.59339,9972.38
1780401600000,0.59341,0.59385,0.59207,0.59313,20706.4
1780416000000,0.59314,0.59336,0.59179,0.59259,10475.07
1780430400000,0.59258,0.59289,0.59174,0.59208,4868.07
1780444800000,0.59209,0.59349,0.59203,0.5921,10749.72
1780459200000,0.5921,0.59216,0.5898,0.59035,12279.92
1780473600000,0.5904,0.59045,0.58929,0.59006,14717.57
1780488000000,0.59005,0.59011,0.58664,0.58691,26848.23
1780502400000,0.58692,0.58692,0.58604,0.58647,13322.49
1780516800000,0.58646,0.58746,0.58565,0.58698,6885.66
1780531200000,0.58697,0.58762,0.58652,0.58696,12650.75
1780545600000,0.58697,0.58764,0.58618,0.58655,10547.47
1780560000000,0.58655,0.58861,0.5863,0.58846,14023.72
1780574400000,0.58845,0.58868,0.5874,0.58777,22841.26
1780588800000,0.58776,0.58799,0.58674,0.58689,10478.92
1780603200000,0.5869,0.58732,0.58599,0.58685,3997.64
1780617600000,0.58684,0.58695,0.58505,0.58606,20308.53
1780632000000,0.58605,0.58747,0.58593,0.58714,14883.89
1780646400000,0.58714,0.58844,0.58693,0.58788,13312.76
1780660800000,0.58789,0.58794,0.5807,0.5808,43764.8
1780675200000,0.5808,0.58097,0.57916,0.57963,20532.32
1780689600000,0.57961,0.57965,0.57893,0.57958,3927.42
1780862400000,0.57788,0.57961,0.57769,0.5795,6997.28
1780876800000,0.57949,0.58077,0.57885,0.58036,22584.1
1780891200000,0.58037,0.58087,0.57937,0.5801,20718.72
1780905600000,0.58008,0.58367,0.5797,0.58264,22808.79
1780920000000,0.58263,0.58325,0.58084,0.58157,29599.99
1780934400000,0.58156,0.58183,0.58071,0.58089,12325.08
1780948800000,0.58088,0.58114,0.58018,0.58022,4073.18
1780963200000,0.5802,0.58213,0.57986,0.58187,13548.41
1780977600000,0.58185,0.58476,0.58172,0.5825,14808.25
1780992000000,0.58251,0.58421,0.58212,0.58409,12862.86
1781006400000,0.5841,0.58456,0.58171,0.58222,33061.34
1781020800000,0.58221,0.58248,0.58001,0.58151,33952.52
1781035200000,0.58152,0.58166,0.58021,0.58081,6962.89
1781049600000,0.58079,0.5823,0.58062,0.58215,17713.8
1781064000000,0.58213,0.5822,0.58089,0.58127,14411.17
1781078400000,0.58126,0.5815,0.58007,0.58033,20625.55
1781092800000,0.58034,0.58323,0.58023,0.58209,41731.73
1781107200000,0.58209,0.58258,0.58013,0.58014,21615.42
1781121600000,0.58014,0.58016,0.57853,0.57929,9509.92
1781136000000,0.57931,0.58067,0.57921,0.57961,18515.24
1781150400000,0.57961,0.57996,0.57876,0.57897,10421.17
1781164800000,0.57894,0.57906,0.57781,0.57851,10812.43
1781179200000,0.5785,0.57878,0.57688,0.57776,40559.8
1781193600000,0.57778,0.58442,0.57723,0.58384,38831.76
1781208000000,0.58383,0.58439,0.58082,0.58315,8983.68
1781222400000,0.58317,0.58325,0.58119,0.58234,20255.61
1781236800000,0.58235,0.5827,0.58107,0.58195,14995.48
1781251200000,0.58199,0.58391,0.58184,0.58275,22421.81
1781265600000,0.58273,0.58377,0.58177,0.58274,35714
1781280000000,0.58273,0.5836,0.58255,0.58322,14468.01
1781294400000,0.58322,0.58325,0.58272,0.58272,2114.86
1781467200000,0.58286,0.58633,0.58154,0.5854,11459.3
1781481600000,0.5854,0.58571,0.58419,0.58513,11619.21
1781496000000,0.58516,0.58626,0.58405,0.5845,13271.36
1781510400000,0.58456,0.58501,0.5838,0.584,15240.45
1781524800000,0.584,0.58456,0.58334,0.58338,23459.77
1781539200000,0.58338,0.58359,0.58207,0.58214,9390.9
1781553600000,0.58214,0.58296,0.58123,0.5826,3544.43
1781568000000,0.58259,0.58269,0.58068,0.58108,10209.45
1781582400000,0.5811,0.58193,0.57946,0.58188,10209.75
1781596800000,0.5819,0.58367,0.58172,0.58276,11053.55
1781611200000,0.58277,0.58423,0.58226,0.58388,22535.4
1781625600000,0.58389,0.5843,0.58311,0.58322,9693.23
1781640000000,0.58322,0.58338,0.5816,0.58298,5999.15
1781654400000,0.58298,0.5835,0.58248,0.58248,9101.73
1781668800000,0.58249,0.58276,0.5815,0.58219,7287.06
1781683200000,0.58218,0.58219,0.58076,0.58089,9738.02
1781697600000,0.58091,0.58225,0.58084,0.58155,19731.33
1781712000000,0.58156,0.58192,0.57518,0.57615,47301.19
1781726400000,0.57615,0.57776,0.5759,0.57735,9054.22
1781740800000,0.57736,0.57976,0.57735,0.57971,12747.74
1781755200000,0.5797,0.57986,0.57788,0.57841,11597.19
1781769600000,0.57842,0.57845,0.57548,0.5759,15439.53
1781784000000,0.5759,0.57791,0.57565,0.57565,34689.98
1781798400000,0.57565,0.57606,0.57484,0.57541,12903.21
1781812800000,0.5754,0.57614,0.57453,0.57541,4352.73
1781827200000,0.57539,0.57619,0.57349,0.57355,11164.45
1781841600000,0.57356,0.57437,0.57226,0.57336,14128.04
1781856000000,0.57337,0.57449,0.57332,0.57401,10375.14
1781870400000,0.57406,0.5749,0.57298,0.5736,14274.92
1781884800000,0.5736,0.57433,0.57355,0.57393,21700.94
1781899200000,0.57395,0.57413,0.57345,0.57348,6540.01
1782072000000,0.5727,0.57359,0.57235,0.57333,5838.55
1782086400000,0.57335,0.57404,0.57243,0.5726,12608.51
1782100800000,0.57261,0.57319,0.57204,0.57217,14004.76
1782115200000,0.57218,0.57325,0.57181,0.57246,19024.28
1782129600000,0.57248,0.57352,0.57189,0.57195,33056.79
1782144000000,0.57195,0.57201,0.57089,0.57137,11464.58
1782158400000,0.57138,0.57154,0.57089,0.57105,3585.04
1782172800000,0.57105,0.57105,0.56923,0.57025,15476.91
1782187200000,0.57026,0.57029,0.56825,0.5684,20906.83
1782201600000,0.56844,0.56948,0.56729,0.56734,13722.28
1782216000000,0.56735,0.56812,0.56676,0.56706,25308.34
1782230400000,0.56707,0.56728,0.56627,0.56658,7842.63
1782244800000,0.56658,0.56696,0.56616,0.56633,4114.4
1782259200000,0.56634,0.56694,0.56505,0.56534,15538.01
1782273600000,0.56536,0.56607,0.56463,0.56467,17150.4
1782288000000,0.56467,0.56483,0.56305,0.5641,18701.61
1782302400000,0.56411,0.56494,0.56305,0.5644,25242.11
1782316800000,0.56441,0.56537,0.56364,0.5643,13483.77
1782331200000,0.5643,0.56542,0.56272,0.56433,8272.42
1782345600000,0.56434,0.56522,0.56333,0.56431,13289.31
1782360000000,0.56431,0.56492,0.56338,0.56433,8996.78
1782374400000,0.56434,0.5651,0.56345,0.56355,7806.68
1782388800000,0.56358,0.56575,0.56336,0.56572,31148.74
1782403200000,0.56573,0.5661,0.5645,0.56483,13594.42
1782417600000,0.56485,0.56519,0.56264,0.56421,5544.12
1782432000000,0.56422,0.56456,0.56259,0.56398,16347.38
1782446400000,0.56399,0.56499,0.56375,0.56453,13325.15
1782460800000,0.56453,0.56569,0.56423,0.56473,13310.45
1782475200000,0.56473,0.56577,0.56445,0.56489,37142.78
1782489600000,0.56493,0.56498,0.5636,0.56394,28704.01
1782504000000,0.56396,0.56417,0.56346,0.56352,12901.71
1782676800000,0.56363,0.56411,0.56339,0.56393,7994.91
1782691200000,0.56393,0.56468,0.56313,0.56428,41056.31
1782705600000,0.56426,0.56582,0.5642,0.5653,31690.7
1782720000000,0.56529,0.56555,0.56464,0.56547,29750.61
1782734400000,0.56546,0.56549,0.56395,0.56478,56319.19
1782748800000,0.5648,0.56543,0.56477,0.56537,25353.86
1782763200000,0.56537,0.56541,0.56477,0.565,6365.38
1782777600000,0.565,0.5654,0.56404,0.56466,30351.28
1782792000000,0.56465,0.56589,0.56445,0.56532,27866.35
1782806400000,0.56532,0.56627,0.56461,0.56586,31331.05
1782820800000,0.56587,0.569,0.56553,0.5674,51268.29
1782835200000,0.5674,0.56817,0.56706,0.56791,30665.09
1782849600000,0.56792,0.56798,0.56691,0.56739,9773.2
1782864000000,0.56741,0.56772,0.56607,0.56685,30912.26
1782878400000,0.56686,0.56777,0.56665,0.56767,32160.74
1782892800000,0.56768,0.56821,0.56714,0.5674,32852.56
1782907200000,0.56742,0.56893,0.56574,0.56763,67639.59
1782921600000,0.56764,0.56818,0.56699,0.56714,40207.92
1782936000000,0.56713,0.56755,0.56661,0.56738,7403.38
1782950400000,0.56738,0.56847,0.56674,0.56743,32739.86
1782964800000,0.56743,0.5685,0.56729,0.56783,29507.13
1782979200000,0.56782,0.56944,0.56702,0.56709,38813.02
1782993600000,0.56708,0.57163,0.56676,0.57051,87933.83
1783008000000,0.57055,0.57055,0.56924,0.56959,44967.28
1783022400000,0.56958,0.57038,0.56901,0.56916,12252.76
1783036800000,0.56916,0.57124,0.56891,0.57088,40132.26
1783051200000,0.57087,0.57267,0.5707,0.57209,28871.82
1783065600000,0.57212,0.57219,0.57101,0.57115,25067.01
1783080000000,0.57116,0.57118,0.57063,0.57079,26454.78
1783094400000,0.57079,0.57098,0.57057,0.57064,16263.48
1783108800000,0.57064,0.57107,0.57036,0.57102,2649.29
1783281600000,0.57025,0.57104,0.56996,0.57008,9586.06
1783296000000,0.57007,0.57032,0.56821,0.56872,34066.85
1783310400000,0.56871,0.56911,0.56818,0.56893,29043.78
1783324800000,0.56893,0.56899,0.56785,0.56838,28047.76
1783339200000,0.56838,0.56901,0.56764,0.56895,39026.09
1783353600000,0.56895,0.57048,0.56891,0.5702,22820.77
1783368000000,0.57022,0.57049,0.56955,0.57004,7094.45
1783382400000,0.57004,0.57061,0.56959,0.56989,37300.33
1783396800000,0.5699,0.5701,0.56865,0.56867,32194.84
1783411200000,0.56867,0.56972,0.56863,0.56907,29263.25
1783425600000,0.56908,0.5698,0.56817,0.56845,49006.6
1783440000000,0.56845,0.56909,0.56719,0.56818,32814.21
1783454400000,0.56819,0.56823,0.56709,0.56752,9312.03
1783468800000,0.56752,0.57071,0.56727,0.57038,39425.14
1783483200000,0.57038,0.57197,0.56989,0.5717,35192.23
1783497600000,0.57171,0.57176,0.56835,0.569,58717.35
1783512000000,0.56901,0.57027,0.56807,0.56825,64111.5
1783526400000,0.56825,0.57098,0.56824,0.57065,46074.84
1783540800000,0.57065,0.57148,0.56909,0.57144,13608.44
1783555200000,0.57145,0.57288,0.57145,0.57227,34871.36
1783569600000,0.57227,0.57361,0.57205,0.57332,29536.75
1783584000000,0.57332,0.5739,0.57289,0.57351,32086.68
1783598400000,0.57351,0.57601,0.5735,0.57594,37320.87
1783612800000,0.57594,0.57626,0.57541,0.57554,25458
1783627200000,0.57554,0.57611,0.57444,0.5761,7920.99
1783641600000,0.57612,0.57926,0.57574,0.57826,34714.15
1783656000000,0.57826,0.57828,0.57665,0.57693,36221.75
1783670400000,0.57693,0.57731,0.57636,0.57698,34594.37
1783684800000,0.57697,0.57779,0.57531,0.57724,53334.11
1783699200000,0.57725,0.57761,0.57612,0.5763,32742.76
1783713600000,0.5763,0.57646,0.57595,0.57595,2598.93
1783886400000,0.5758,0.57615,0.57471,0.57573,10340.28
1783900800000,0.57574,0.57702,0.57479,0.57581,42725.3
1783915200000,0.5758,0.57729,0.57508,0.57729,37472.73
1783929600000,0.57729,0.57861,0.57725,0.57808,43362.44
1783944000000,0.57808,0.5788,0.57669,0.57692,50646.77
1783958400000,0.57693,0.57717,0.57476,0.57503,32951.5
1783972800000,0.57503,0.57641,0.57415,0.57633,10580.72
1783987200000,0.57633,0.57951,0.5758,0.57908,41701.95
1784001600000,0.57908,0.57981,0.57827,0.57946,40485.44
1784016000000,0.57948,0.58071,0.57911,0.58016,44357.69
1784030400000,0.58016,0.58408,0.57979,0.58063,69762.95
1784044800000,0.58064,0.58131,0.58017,0.58077,32199.69
1784059200000,0.58075,0.58147,0.58009,0.58121,11855.37
1784073600000,0.58123,0.58254,0.58089,0.58151,40464.3
1784088000000,0.58152,0.58239,0.58115,0.58187,33817.19
1784102400000,0.58188,0.58229,0.58126,0.58198,39751.92
1784116800000,0.582,0.58414,0.58165,0.58374,47186.15
1784131200000,0.58375,0.5863,0.58333,0.58494,39747.79
1784145600000,0.58493,0.58526,0.58378,0.58467,12302.34
1784160000000,0.58468,0.58516,0.58336,0.58513,41802.62
1784174400000,0.58515,0.58579,0.58467,0.58541,38448.63
1784188800000,0.58543,0.58578,0.58459,0.58544,37845.32
1784203200000,0.58545,0.58569,0.58423,0.58433,63268.81
1784217600000,0.58434,0.58447,0.58332,0.58415,34910.22
1784232000000,0.58414,0.58431,0.58278,0.58414,10398.28
1784246400000,0.58416,0.58481,0.58339,0.58397,35257.69
1784260800000,0.58398,0.58456,0.58317,0.58411,37080
1784275200000,0.58412,0.58438,0.58246,0.5831,39062.95
1784289600000,0.58311,0.58481,0.58247,0.58464,46364.61
1784304000000,0.58465,0.58477,0.58402,0.58431,35253.37
1784318400000,0.58431,0.58434,0.58395,0.58398,3626.61
1784491200000,0.58256,0.58393,0.58236,0.58387,11152.62
1784505600000,0.58389,0.58588,0.58353,0.58574,37595.76
1784520000000,0.58579,0.58633,0.58463,0.58571,38985.81
1784534400000,0.58569,0.58629,0.5847,0.58559,36586.4
1784548800000,0.58558,0.58559,0.58405,0.58453,56017.2
1784563200000,0.58452,0.58492,0.58389,0.58408,40953.69
1784577600000,0.58409,0.58523,0.58285,0.58516,12867.56
1784592000000,0.58516,0.58721,0.58496,0.58639,38063.33
1784606400000,0.58638,0.58666,0.58543,0.58592,29581.36
1784620800000,0.58594,0.5864,0.5846,0.58484,30377.43
1784635200000,0.58485,0.58488,0.58221,0.58305,51361.88
1784649600000,0.58306,0.58341,0.58269,0.58292,24111.37
1784664000000,0.58293,0.583,0.58169,0.58248,11798.91
1784678400000,0.5825,0.58331,0.5822,0.58271,39650.76
1784692800000,0.58273,0.58288,0.58146,0.5818,38338.87
1784707200000,0.5818,0.58208,0.58114,0.5817,34253.91
1784721600000,0.58172,0.58233,0.58103,0.58207,47178.87
1784736000000,0.58208,0.5821,0.58131,0.58147,24559.92
1784750400000,0.58149,0.58182,0.58011,0.5813,10222.04
1784764800000,0.58132,0.58215,0.58106,0.58182,41116.93
1784779200000,0.58182,0.5823,0.57976,0.58036,34150
1784793600000,0.58036,0.5804,0.57806,0.57868,37855.5
1784808000000,0.57867,0.57869,0.57618,0.57736,49459.06
1784822400000,0.57737,0.57773,0.57672,0.57718,27555.81
1784836800000,0.57719,0.57748,0.57606,0.57729,8640.45
1784851200000,0.57729,0.57853,0.57721,0.57775,38058.06
1784865600000,0.57775,0.57906,0.57719,0.5788,36567.19
1784880000000,0.5788,0.57905,0.5781,0.57872,30337.86
1784894400000,0.57875,0.58023,0.57766,0.58,51829.34
1784908800000,0.58001,0.5802,0.57869,0.57885,28197.1
1784923200000,0.57884,0.57891,0.57845,0.57865,3084.14
1785096000000,0.58005,0.58094,0.57931,0.5797,9275.35
1785110400000,0.57972,0.58091,0.57874,0.5794,33365.28
1785124800000,0.5794,0.5808,0.57933,0.57993,23431.34
1785139200000,0.57991,0.58013,0.57887,0.57894,29131.98
1785153600000,0.57896,0.57921,0.5777,0.57784,45767.96
1785168000000,0.57785,0.57851,0.57722,0.57769,33272.94
1785182400000,0.5777,0.57773,0.57556,0.5769,12855.67
1785196800000,0.57692,0.57781,0.57653,0.57712,34536.12
1785211200000,0.57709,0.57766,0.57616,0.57708,31676.78
1785225600000,0.57709,0.57744,0.57636,0.57692,35195.57
1785240000000,0.57693,0.57961,0.57676,0.57961,45399.3
1785254400000,0.57958,0.57981,0.57854,0.57859,33958.31
1785268800000,0.57858,0.57888,0.57756,0.57808,14036.34
1785283200000,0.57811,0.57865,0.57739,0.57838,37109.83
1785297600000,0.57839,0.5794,0.57811,0.57857,33015.78
1785312000000,0.57857,0.57861,0.57758,0.57778,34716.99
1785326400000,0.57778,0.57861,0.57666,0.57678,46798.55
1785340800000,0.57681,0.58264,0.57615,0.57921,71647.78
1785355200000,0.57921,0.58075,0.57866,0.58011,17574.14
1785369600000,0.58012,0.58125,0.57935,0.58067,37774.29
1785384000000,0.58068,0.58148,0.57984,0.5804,40305.85
1785398400000,0.5804,0.5845,0.58038,0.58429,56791.87
1785412800000,0.58429,0.58781,0.58335,0.5875,75627.03
1785427200000,0.58752,0.5883,0.58729,0.58795,38912.16
1785441600000,0.58796,0.58824,0.58579,0.58739,16482.76
1785456000000,0.58741,0.58776,0.58622,0.58703,42995.43
1785470400000,0.58703,0.58785,0.58641,0.58725,33813.37
1785484800000,0.58726,0.58881,0.58612,0.58613,39464.22
1785499200000,0.58613,0.58782,0.58488,0.58766,62568.29
1785513600000,0.58767,0.58931,0.58749,0.58904,38405.12
1785528000000,0.58902,0.5895,0.58728,0.58732,13128.52
1785700800000,0.58998,0.5904,0.58927,0.58971,14751.32
1785715200000,0.58971,0.5908,0.58778,0.5879,43652.07
1785729600000,0.5879,0.58869,0.58717,0.58736,31920.97
1785744000000,0.58737,0.58749,0.58609,0.5873,37779.26
1785758400000,0.5873,0.58755,0.58609,0.58668,53022.16
1785772800000,0.58669,0.58714,0.58597,0.58704,29430.01
1785787200000,0.58704,0.58721,0.58562,0.58656,10725.65
1785801600000,0.58655,0.58718,0.58633,0.58667,40431.97
1785816000000,0.58667,0.58725,0.58614,0.58696,31948.93
1785830400000,0.58696,0.58867,0.58672,0.58839,36847.99
1785844800000,0.5884,0.5894,0.58796,0.58871,46196.08
1785859200000,0.58871,0.58939,0.58846,0.58934,25543.44
1785873600000,0.58935,0.58965,0.58709,0.58749,14559.03
1785888000000,0.58751,0.58812,0.58654,0.58715,37407.59
1785902400000,0.58715,0.58767,0.58615,0.58691,36917.04
1785916800000,0.58693,0.58705,0.58594,0.58687,30300.13
1785931200000,0.58689,0.58858,0.58657,0.58772,49450.87
1785945600000,0.58773,0.58921,0.58759,0.58859,29270.61
1785960000000,0.58861,0.5888,0.5881,0.58863,14378.13
1785974400000,0.58864,0.58951,0.58793,0.58843,38457.62
1785988800000,0.58842,0.58846,0.58691,0.58728,28644.47
1786003200000,0.58729,0.5884,0.58702,0.58824,35079.93
1786017600000,0.58825,0.58845,0.58639,0.58651,51150.78
1786032000000,0.5865,0.58741,0.58606,0.58704,32575.48
1786046400000,0.58706,0.58709,0.58619,0.5867,7718
1786060800000,0.5867,0.587,0.58623,0.58643,37954
1786075200000,0.58641,0.58696,0.58621,0.58687,26232.37
1786089600000,0.58688,0.58764,0.58656,0.58704,25128.42
1786104000000,0.58703,0.59058,0.58668,0.589,76918.73
1786118400000,0.589,0.59016,0.58889,0.58956,31428.81
1786132800000,0.58956,0.58962,0.58878,0.58878,7677.66
1786305600000,0.58773,0.58933,0.58741,0.58861,12386.45
1786320000000,0.58862,0.58893,0.58783,0.58839,31956.55
1786334400000,0.58839,0.5897,0.58826,0.58947,29888.22
1786348800000,0.58948,0.58992,0.58879,0.58897,32918.97
1786363200000,0.58896,0.58928,0.58786,0.5889,39659.42
1786377600000,0.58893,0.58898,0.58806,0.58813,21345.37
1786392000000,0.58817,0.5887,0.58654,0.58868,9463.57
1786406400000,0.58867,0.58889,0.58809,0.58844,29067.86
1786420800000,0.58844,0.5894,0.5868,0.58687,31851.87
1786435200000,0.58687,0.58868,0.58677,0.58757,35609.77
1786449600000,0.58758,0.58875,0.58745,0.58801,44678.99
1786464000000,0.58803,0.58833,0.58761,0.58801,24241.3
1786478400000,0.58801,0.58823,0.587,0.58787,9923.49
1786492800000,0.5879,0.58799,0.58654,0.5867,30602.95
1786507200000,0.58665,0.58686,0.58605,0.58613,20504.88
1786521600000,0.58614,0.58731,0.58552,0.58667,26693.54
1786536000000,0.58667,0.58849,0.58573,0.58648,75390.98
1786550400000,0.58649,0.58656,0.58542,0.58572,30580.87
1786564800000,0.58572,0.58601,0.58533,0.58597,8969.73
1786579200000,0.58598,0.58631,0.58305,0.5831,27331.31
1786593600000,0.5831,0.58355,0.58209,0.58342,23051.35
1786608000000,0.58341,0.58462,0.5831,0.58441,21289.33
1786622400000,0.5844,0.58571,0.58393,0.58466,58990.42
1786636800000,0.58465,0.58511,0.58426,0.58506,26842.8
1786651200000,0.58508,0.58541,0.58438,0.58526,6997.01
1786665600000,0.58527,0.58671,0.58524,0.58665,25810.91
1786680000000,0.58665,0.58754,0.5865,0.5875,24823.91
1786694400000,0.58748,0.58904,0.58733,0.58877,22994.34
1786708800000,0.58878,0.5898,0.58848,0.58951,44983.05
1786723200000,0.58952,0.58967,0.5884,0.58892,24363.45
1786737600000,0.58891,0.58912,0.58875,0.58875,3620.33
1786910400000,0.58835,0.58929,0.58795,0.58895,7195.2
1786924800000,0.58896,0.59092,0.58896,0.5906,29480.04
1786939200000,0.59061,0.59243,0.59048,0.59202,34615.13
1786953600000,0.59202,0.59257,0.5914,0.59159,28237.14
1786968000000,0.59159,0.59211,0.59046,0.59086,39128.2
1786982400000,0.59086,0.59102,0.58981,0.59035,28492.05
1786996800000,0.59037,0.59061,0.58928,0.59051,7859.55
1787011200000,0.59053,0.59087,0.58814,0.5884,25250.11
1787025600000,0.5884,0.58848,0.58721,0.58741,24318.17
1787040000000,0.58741,0.58831,0.58718,0.58828,22382.42
1787054400000,0.58829,0.58921,0.58757,0.5878,43941.89
1787068800000,0.58782,0.58805,0.58704,0.58726,22551.56
1787083200000,0.58726,0.58774,0.5867,0.58721,10700.54
1787097600000,0.58723,0.58746,0.58601,0.58712,37479.8
1787112000000,0.58712,0.5879,0.58676,0.58702,24732.06
1787126400000,0.587,0.5884,0.58688,0.58781,29061
1787140800000,0.58781,0.59375,0.58769,0.59279,74801.49
1787155200000,0.59281,0.59378,0.59231,0.59342,40744.84
1787169600000,0.59342,0.59392,0.59207,0.59347,12340.84
1787184000000,0.59347,0.59535,0.59309,0.59519,40837.46
1787198400000,0.59519,0.59571,0.59485,0.5955,31455.21
1787212800000,0.59549,0.59639,0.59448,0.59458,42007.87
1787227200000,0.5946,0.59601,0.59396,0.5947,74243.98
1787241600000,0.5947,0.59477,0.59364,0.59421,46631.26
1787256000000,0.59422,0.59536,0.59349,0.59526,13793.28
1787270400000,0.59525,0.59735,0.59509,0.59691,50004.12
1787284800000,0.5969,0.59731,0.59637,0.59671,31254.41
1787299200000,0.59672,0.5985,0.59631,0.59828,35903.27
1787313600000,0.59829,0.59876,0.59681,0.59816,53863.07
1787328000000,0.59818,0.59846,0.59781,0.59788,31213.01
1787342400000,0.59788,0.59804,0.59768,0.59774,6292.35
1787515200000,0.59681,0.59772,0.59661,0.59764,9236.07
1787529600000,0.59763,0.59824,0.5969,0.59734,33508.39
1787544000000,0.59736,0.59765,0.59654,0.59683,31524.93
1787558400000,0.59684,0.59706,0.59589,0.59629,32808.89
1787572800000,0.59629,0.59699,0.59547,0.59553,52346.57
1787587200000,0.59553,0.59603,0.59506,0.59572,29752.36
1787601600000,0.59573,0.59654,0.5949,0.59646,6454.38
1787616000000,0.59647,0.59675,0.59573,0.5959,28160.42
1787630400000,0.5959,0.59601,0.59485,0.59505,26804.3
1787644800000,0.59505,0.59697,0.59459,0.59651,36790.16
1787659200000,0.59651,0.59746,0.59595,0.59706,46326.78
1787673600000,0.59705,0.59808,0.5966,0.59796,23579.35
1787688000000,0.59797,0.59821,0.59516,0.59747,11589.27
1787702400000,0.59745,0.59774,0.59546,0.59567,30798.14
1787716800000,0.59567,0.59575,0.5944,0.59548,25392.08
1787731200000,0.59549,0.59606,0.59505,0.59566,25396.06
1787745600000,0.59566,0.59622,0.59324,0.59367,50228.11
1787760000000,0.59369,0.59444,0.59357,0.5943,24524.58
1787774400000,0.59431,0.59503,0.59275,0.59467,14306.66
1787788800000,0.59468,0.59546,0.59423,0.59518,29726.63
1787803200000,0.59517,0.59543,0.59396,0.59399,28660.78
1787817600000,0.59401,0.59495,0.59367,0.59486,31223.16
1787832000000,0.59487,0.59567,0.59436,0.59516,41108.37
1787846400000,0.59517,0.59524,0.59458,0.59495,25510.18
1787860800000,0.59494,0.5956,0.59398,0.5954,7906.94
1787875200000,0.59542,0.59654,0.59535,0.59619,21220.89
1787889600000,0.5962,0.59641,0.5954,0.59586,25945.8
1787904000000,0.59586,0.59597,0.59432,0.59442,28955.25
1787918400000,0.59443,0.5961,0.59113,0.59129,68825.67
1787932800000,0.59129,0.59142,0.59045,0.59127,38256.73
1787947200000,0.59127,0.59133,0.59072,0.59072,3929.25
1788120000000,0.59124,0.59195,0.5909,0.5919,8015.32
1788134400000,0.5919,0.59219,0.59011,0.592,34850.72
1788148800000,0.59201,0.59208,0.59126,0.59177,30002.96
1788163200000,0.59177,0.59216,0.59101,0.59142,32299.42
1788177600000,0.59143,0.59216,0.59085,0.59155,46861.2
1788192000000,0.59157,0.59191,0.59142,0.59161,22286.59
1788206400000,0.59162,0.59214,0.59064,0.5921,8691.19
1788220800000,0.59209,0.59286,0.5906,0.59064,28623.9
1788235200000,0.59064,0.59132,0.58998,0.5902,30493.59
1788249600000,0.59021,0.59046,0.58921,0.58939,45424.29
1788264000000,0.58937,0.59115,0.589,0.59024,51176.85
1788278400000,0.59025,0.5903,0.5887,0.58893,33365.35
1788292800000,0.58893,0.58945,0.5887,0.58924,9475.58
1788307200000,0.58925,0.58966,0.5837,0.58411,47601.47
1788321600000,0.58413,0.58486,0.58259,0.5829,40303.95
1788336000000,0.5829,0.58327,0.58017,0.58263,36008.85
1788350400000,0.58263,0.58519,0.58194,0.58459,60518.06
1788364800000,0.5846,0.58519,0.58412,0.58516,32561.56
1788379200000,0.58516,0.58544,0.58248,0.58514,12100.48
1788393600000,0.58514,0.58651,0.58489,0.58614,40874.72
1788408000000,0.58613,0.5869,0.58481,0.58627,44030.35
1788422400000,0.58629,0.58732,0.58585,0.58709,50838.5
1788436800000,0.5871,0.58881,0.58634,0.58839,66494.29
1788451200000,0.58839,0.58916,0.58783,0.58818,36639.72
1788465600000,0.58819,0.58859,0.58612,0.58836,13315.37
1788480000000,0.58837,0.59005,0.58828,0.58953,33814.43
1788494400000,0.58954,0.59018,0.58804,0.58826,30146.01
1788508800000,0.58828,0.5886,0.58755,0.58816,26441.45
1788523200000,0.58816,0.58921,0.5856,0.58884,69905.68
1788537600000,0.58886,0.58926,0.5879,0.58841,27911.33
1788552000000,0.58841,0.58841,0.58783,0.58784,3111.63
1788724800000,0.5871,0.58831,0.58707,0.58822,6017.95
1788739200000,0.58822,0.58836,0.58659,0.58719,29600.82
1788753600000,0.5872,0.58814,0.587,0.5881,30680.43
1788768000000,0.58812,0.58884,0.58745,0.58753,37315.63
1788782400000,0.58753,0.58837,0.5874,0.58771,30743.49
1788796800000,0.58772,0.58794,0.58755,0.58762,6150.7
1788811200000,0.58761,0.58841,0.58598,0.58824,10705.15
1788825600000,0.58823,0.58851,0.58541,0.58563,37651.8
1788840000000,0.58562,0.5866,0.58355,0.58423,31632.96
1788854400000,0.58424,0.58487,0.58373,0.58411,33384
1788868800000,0.58411,0.58629,0.58384,0.58532,44980.63
1788883200000,0.58532,0.58608,0.58488,0.58538,28056.72
1788897600000,0.58539,0.58586,0.58442,0.58585,13054.33
1788912000000,0.58586,0.5863,0.5853,0.58545,28185.86
1788926400000,0.58544,0.5865,0.58521,0.58571,35133.37
1788940800000,0.58571,0.58571,0.58297,0.58485,35193.61
1788955200000,0.58486,0.58569,0.58366,0.58404,60203.29
1788969600000,0.58404,0.58447,0.5836,0.58374,31617.53
1788984000000,0.58373,0.58466,0.58285,0.58435,10206.17
1788998400000,0.58435,0.58542,0.58392,0.58504,29503.38
1789012800000,0.58506,0.58563,0.58464,0.58494,23983.93
1789027200000,0.58495,0.58495,0.58274,0.58297,31352.34
1789041600000,0.58298,0.58312,0.57972,0.58076,72715.99
1789056000000,0.58076,0.58085,0.57929,0.57969,35483.95
1789070400000,0.57969,0.58071,0.57924,0.58058,15840.17
1789084800000,0.58059,0.58235,0.58051,0.5823,39975.54
1789099200000,0.58229,0.58348,0.58204,0.58297,44841.03
1789113600000,0.58296,0.58311,0.58178,0.58217,42706.35
1789128000000,0.5822,0.58289,0.58021,0.58156,76683.75
1789142400000,0.58155,0.58201,0.58111,0.58134,36744.88
1789156800000,0.58135,0.58139,0.58103,0.58103,4241.64
1789329600000,0.58022,0.58185,0.5802,0.58101,10225.17
1789344000000,0.581,0.58104,0.57808,0.5782,33539.99
1789358400000,0.57821,0.57883,0.57759,0.57772,30037.15
1789372800000,0.57775,0.57776,0.57666,0.57716,37991.71
1789387200000,0.57717,0.57801,0.57567,0.57777,53961.78
1789401600000,0.57776,0.57885,0.57766,0.57772,32552.65
1789416000000,0.57771,0.5782,0.57595,0.57771,11636.97
1789430400000,0.5777,0.5779,0.57522,0.5753,31341.6
1789444800000,0.5753,0.57646,0.57515,0.57635,30834.16
1789459200000,0.57634,0.57698,0.57591,0.57606,36602.53
1789473600000,0.57604,0.57645,0.57501,0.57558,47716.2
1789488000000,0.57558,0.57621,0.57547,0.57574,21417.34
1789502400000,0.57573,0.57609,0.57479,0.57494,14045.34
1789516800000,0.57494,0.57507,0.57358,0.57383,26774.56
1789531200000,0.57382,0.57585,0.57382,0.57514,23674
1789545600000,0.57515,0.57652,0.57494,0.5761,29767.59
1789560000000,0.57612,0.57637,0.5753,0.57576,38874.49
1789574400000,0.57577,0.57669,0.5703,0.57144,59754.92
1789588800000,0.57141,0.57282,0.57053,0.57181,20289.34
1789603200000,0.5718,0.57242,0.57091,0.5723,31982.5
1789617600000,0.5723,0.57415,0.57217,0.57345,28352.81
1789632000000,0.57346,0.57394,0.57252,0.57354,28635.99
1789646400000,0.57353,0.57501,0.57296,0.57336,51801.97
1789660800000,0.57336,0.57345,0.57276,0.57324,27517.99
1789675200000,0.57324,0.57332,0.57134,0.57264,9228.92
1789689600000,0.57264,0.5733,0.57155,0.57329,30294.51
1789704000000,0.5733,0.57403,0.5716,0.57182,29003.83
1789718400000,0.57182,0.5724,0.57071,0.5711,26801.8
1789732800000,0.57112,0.57145,0.57056,0.57092,46614.75
1789747200000,0.57093,0.57252,0.57087,0.57241,17837.55
1789761600000,0.57241,0.57255,0.57205,0.57207,4379.31
1789934400000,0.5716,0.57255,0.57156,0.57205,5424.63
1789948800000,0.57206,0.57275,0.57156,0.57253,22971.04
1789963200000,0.57253,0.57264,0.5713,0.57214,24954.29
1789977600000,0.57215,0.57355,0.57215,0.57348,26089.01
1789992000000,0.57347,0.5738,0.57159,0.57179,36259.91
1790006400000,0.57179,0.57231,0.57133,0.57156,17433.83
1790020800000,0.57155,0.57176,0.57094,0.57095,8813.66
1790035200000,0.57094,0.57388,0.56939,0.57361,33487.59
1790049600000,0.57361,0.57447,0.57268,0.57269,34803.07
1790064000000,0.57268,0.57487,0.57175,0.5733,52991.79
1790078400000,0.5733,0.5736,0.57122,0.57142,56767.38
1790092800000,0.57143,0.57326,0.5713,0.57291,36468.45
1790107200000,0.57286,0.57313,0.57121,0.57237,9591.14
1790121600000,0.57235,0.57235,0.57001,0.57001,27830.13
1790136000000,0.57003,0.57112,0.56983,0.56989,25349.76
1790150400000,0.56992,0.57055,0.56888,0.5693,24358.85
1790164800000,0.56931,0.56951,0.56678,0.56706,45581.27
1790179200000,0.56706,0.56775,0.566,0.56742,41118.59
1790193600000,0.56741,0.56784,0.56666,0.56743,9251.74
1790208000000,0.56744,0.56857,0.5669,0.56751,32126
1790222400000,0.56752,0.56836,0.56718,0.5678,37042.53
1790236800000,0.56781,0.56839,0.56653,0.56686,50255.59
1790251200000,0.56685,0.56747,0.56496,0.56574,54575
1790265600000,0.56575,0.56748,0.56499,0.56593,49755.38
1790280000000,0.56593,0.56655,0.5652,0.56551,10288.7
1790294400000,0.56549,0.56681,0.565,0.56525,27214.13
1790308800000,0.56525,0.56688,0.56508,0.56674,30355.32
1790323200000,0.56674,0.56752,0.56635,0.56697,30229.36
1790337600000,0.56698,0.56717,0.56549,0.56651,52894.59
1790352000000,0.56652,0.56771,0.56599,0.56657,41459.53
1790366400000,0.56657,0.56672,0.56609,0.56609,5497.52
1790539200000,0.56542,0.56587,0.56487,0.56497,8316.93
1790553600000,0.56497,0.56717,0.56487,0.56693,25914.49
1790568000000,0.56693,0.56736,0.56596,0.56666,29663.68
1790582400000,0.56665,0.567,0.56529,0.56638,40319.66
1790596800000,0.56639,0.56732,0.56565,0.56665,55683.06
1790611200000,0.56666,0.56871,0.5664,0.56669,50097.92
1790625600000,0.56669,0.5669,0.56522,0.56622,9483.92
1790640000000,0.56622,0.56766,0.56557,0.5662,30465.04
1790654400000,0.5662,0.56643,0.56436,0.56519,41808.76
1790668800000,0.5652,0.56574,0.56413,0.56544,41508.8
1790683200000,0.56544,0.56595,0.56279,0.56332,52574.16
1790697600000,0.56333,0.56463,0.56257,0.56399,35031.79
1790712000000,0.564,0.56429,0.56306,0.56395,13147.22
1790726400000,0.56393,0.56495,0.5636,0.56433,37543.62
1790740800000,0.56434,0.56615,0.56364,0.56505,39393.13
1790755200000,0.56503,0.5657,0.56439,0.56455,47558.17
1790769600000,0.56454,0.5664,0.56365,0.56386,80316.37
1790784000000,0.56385,0.56387,0.56298,0.56333,36291.55
1790798400000,0.56334,0.56355,0.56298,0.56317,6757.95
