timestamp,open,high,low,close,volume
1609704000000,0.88301,0.88422,0.8825,0.88314,2768.88
1609718400000,0.88312,0.8843,0.8831,0.88367,5494.82
1609732800000,0.88368,0.88453,0.88226,0.88288,7604.73
1609747200000,0.88288,0.88303,0.87877,0.87982,15023.01
1609761600000,0.87983,0.88197,0.87842,0.8796,22997.04
1609776000000,0.87959,0.88171,0.87915,0.88059,13864.23
1609790400000,0.88061,0.88157,0.88054,0.88123,3791.45
1609804800000,0.88123,0.88163,0.87988,0.88,5019.5
1609819200000,0.88,0.88109,0.87992,0.88088,6438.61
1609833600000,0.88089,0.88098,0.8789,0.87951,13998.12
1609848000000,0.87951,0.88091,0.87884,0.87951,21654.36
1609862400000,0.87952,0.87965,0.87755,0.87777,12717.53
1609876800000,0.87778,0.87879,0.87764,0.87818,3739.96
1609891200000,0.87816,0.87978,0.87696,0.87896,12526.78
1609905600000,0.87897,0.8791,0.87596,0.87614,13412.08
1609920000000,0.87614,0.87746,0.87575,0.87613,18284.27
1609934400000,0.87615,0.88146,0.87572,0.88112,25157.51
1609948800000,0.88113,0.88211,0.87916,0.87974,15931.26
1609963200000,0.87974,0.87974,0.87783,0.87809,10348.32
1609977600000,0.87809,0.87932,0.87742,0.87849,6626.9
1609992000000,0.8785,0.88049,0.87837,0.87987,7134.83
1610006400000,0.87987,0.8845,0.87943,0.88371,22638.55
1610020800000,0.8837,0.88604,0.88206,0.88544,28304.77
1610035200000,0.88545,0.88567,0.88354,0.88505,13388.62
1610049600000,0.88505,0.88551,0.88448,0.88516,5614.32
1610064000000,0.88516,0.88717,0.88474,0.88546,7743.15
1610078400000,0.88546,0.88698,0.88501,0.88659,8760.25
1610092800000,0.88661,0.88842,0.88403,0.88403,22619.95
1610107200000,0.88402,0.88631,0.8822,0.8832,32872.48
1610121600000,0.8832,0.88759,0.8828,0.88633,21164.78
1610136000000,0.88633,0.88651,0.88494,0.88495,3406.22
1610308800000,0.88563,0.88783,0.88408,0.88755,3208.7
1610323200000,0.88756,0.88898,0.88704,0.88861,6669.71
1610337600000,0.8886,0.88889,0.88731,0.88846,8418.6
1610352000000,0.88846,0.89077,0.88683,0.89001,17321.2
1610366400000,0.89,0.892,0.88993,0.89138,26181.83
1610380800000,0.89137,0.89159,0.88851,0.88948,13015.25
1610395200000,0.88948,0.8904,0.88913,0.88963,4442.52
1610409600000,0.88963,0.89127,0.88958,0.8911,4477.7
1610424000000,0.89111,0.89158,0.88957,0.88985,5958.85
1610438400000,0.88988,0.89089,0.88898,0.88976,16494.15
1610452800000,0.88975,0.89075,0.88885,0.88951,19105.14
1610467200000,0.88954,0.89031,0.88647,0.88693,14486.36
1610481600000,0.88693,0.887,0.88604,0.88609,5339.89
1610496000000,0.88608,0.8865,0.88556,0.88569,3871.42
1610510400000,0.8857,0.88657,0.8849,0.88657,5690.04
1610524800000,0.88657,0.8889,0.8861,0.88876,15952.67
1610539200000,0.88877,0.88889,0.88552,0.88764,20171.69
1610553600000,0.88762,0.88839,0.88636,0.88796,12794.3
1610568000000,0.88795,0.88809,0.88693,0.88709,5404.66
1610582400000,0.88708,0.88919,0.88665,0.88829,7428.68
1610596800000,0.8883,0.88838,0.88719,0.88779,7868.18
1610611200000,0.8878,0.88977,0.88641,0.88954,16630.9
1610625600000,0.88952,0.8917,0.88852,0.8889,23775.72
1610640000000,0.88891,0.88903,0.88555,0.88786,16834.47
1610654400000,0.88788,0.88847,0.88691,0.88834,5354.53
1610668800000,0.88837,0.88853,0.88755,0.88838,4016.89
1610683200000,0.88841,0.88951,0.88735,0.8881,8250.67
1610697600000,0.88811,0.88926,0.8869,0.88753,14423.71
1610712000000,0.88754,0.89052,0.88701,0.88994,22340.34
1610726400000,0.88994,0.89109,0.88922,0.89104,9644.42
1610740800000,0.89105,0.89145,0.89037,0.89037,1779.7
1610913600000,0.89013,0.89258,0.89013,0.89248,2477.66
1610928000000,0.89248,0.89249,0.89073,0.89128,5340.03
1610942400000,0.89127,0.89209,0.89081,0.8918,6777.2
1610956800000,0.89184,0.89243,0.88978,0.89045,16186.67
1610971200000,0.89045,0.8917,0.89029,0.8905,11078.38
1610985600000,0.8905,0.8914,0.89032,0.89071,5426.28
1611000000000,0.89073,0.89114,0.88999,0.89088,6571.81
1611014400000,0.89089,0.89097,0.89012,0.89065,5017.8
1611028800000,0.89065,0.89165,0.89011,0.89024,5337.79
1611043200000,0.89023,0.89028,0.88674,0.88799,14689.14
1611057600000,0.888,0.88861,0.88638,0.88831,17294.7
1611072000000,0.8883,0.88943,0.88774,0.88854,8571.37
1611086400000,0.88854,0.88888,0.88796,0.88804,3291.66
1611100800000,0.88802,0.88869,0.88734,0.88766,4614.14
1611115200000,0.88767,0.88816,0.88699,0.88733,5147.89
1611129600000,0.88734,0.88997,0.88667,0.88969,16870.41
1611144000000,0.88968,0.89202,0.88859,0.89024,18591.81
1611158400000,0.89025,0.89117,0.88946,0.88978,9685.33
1611172800000,0.88978,0.88998,0.88883,0.88934,4162.13
1611187200000,0.88933,0.88991,0.88837,0.88861,3494.92
1611201600000,0.88864,0.88965,0.88823,0.88946,5893.1
1611216000000,0.88947,0.88948,0.88625,0.88642,13682.67
1611230400000,0.88642,0.88743,0.88474,0.88611,24255.47
1611244800000,0.88612,0.88726,0.8852,0.8852,9654.81
1611259200000,0.88523,0.88568,0.88461,0.88536,3302.16
1611273600000,0.88534,0.88561,0.88463,0.88487,4428.15
1611288000000,0.88487,0.88592,0.8847,0.88546,4213.06
1611302400000,0.88544,0.8862,0.88381,0.88488,15515.07
1611316800000,0.88486,0.88661,0.88427,0.8854,16955.54
1611331200000,0.8854,0.88614,0.88484,0.8861,10880.15
1611345600000,0.88608,0.88612,0.88486,0.88506,2968.47
1611518400000,0.88473,0.88568,0.88473,0.88558,2212.09
1611532800000,0.88555,0.88611,0.88507,0.88517,4021.44
1611547200000,0.88516,0.8856,0.88475,0.88505,5197.1
1611561600000,0.88505,0.88765,0.88483,0.88627,15880.23
1611576000000,0.88627,0.88925,0.88611,0.88859,19468.39
1611590400000,0.8886,0.88926,0.88778,0.88809,9883.79
1611604800000,0.88809,0.88847,0.88751,0.88803,3206.04
1611619200000,0.88804,0.88863,0.8877,0.8882,3119.6
1611633600000,0.8882,0.88956,0.88816,0.88943,5824.61
1611648000000,0.88941,0.88954,0.88814,0.88863,13809.48
1611662400000,0.88863,0.88879,0.88664,0.8872,16179.35
1611676800000,0.88721,0.88848,0.88628,0.88655,9800.93
1611691200000,0.88655,0.88695,0.88605,0.8866,3422.02
1611705600000,0.88659,0.88688,0.88613,0.88684,3792.39
1611720000000,0.8868,0.88702,0.88611,0.88657,4446.79
1611734400000,0.88656,0.8889,0.88618,0.88842,16497.33
1611748800000,0.88842,0.89172,0.88784,0.88943,28595.86
1611763200000,0.88943,0.88959,0.88739,0.88928,17048.24
1611777600000,0.88927,0.88971,0.8883,0.88921,9723.4
1611792000000,0.8892,0.89038,0.88904,0.88944,6442.42
1611806400000,0.88942,0.89047,0.88867,0.8897,7195.97
1611820800000,0.88966,0.89091,0.88841,0.89038,20608.83
1611835200000,0.89038,0.89183,0.88694,0.88847,25897.69
1611849600000,0.88846,0.88879,0.88725,0.88769,12326.07
1611864000000,0.88768,0.88877,0.88743,0.88855,4780.53
1611878400000,0.88856,0.88993,0.88837,0.88989,5877.29
1611892800000,0.88989,0.89003,0.88887,0.88933,6562.38
1611907200000,0.88935,0.89012,0.88831,0.88892,19329.65
1611921600000,0.8889,0.89077,0.88742,0.88942,27924.92
1611936000000,0.88942,0.89114,0.88919,0.89077,18786.67
1611950400000,0.89076,0.89108,0.89003,0.89003,3928.24
1612123200000,0.89005,0.89191,0.88938,0.89146,3029.86
1612137600000,0.89146,0.89216,0.89056,0.89165,4589.38
1612152000000,0.89166,0.89222,0.89136,0.89187,5301.85
1612166400000,0.89188,0.89646,0.89127,0.89519,23519.63
1612180800000,0.89519,0.89606,0.89412,0.8956,21278.6
1612195200000,0.89562,0.89691,0.89531,0.89681,13191.31
1612209600000,0.89682,0.89724,0.89639,0.89652,5081.44
1612224000000,0.89652,0.89704,0.89567,0.89611,5535.84
1612238400000,0.89608,0.89761,0.89607,0.89733,6172.62
1612252800000,0.89732,0.89832,0.89466,0.89828,19502.99
1612267200000,0.89829,0.8995,0.89681,0.89882,21247.14
1612281600000,0.89882,0.89935,0.89811,0.89862,11542.82
1612296000000,0.89863,0.8989,0.89696,0.89792,5395.52
1612310400000,0.89794,0.89798,0.897,0.89766,4064.11
1612324800000,0.89768,0.89865,0.89754,0.898,4714.55
1612339200000,0.89803,0.90001,0.89789,0.89893,13066.84
1612353600000,0.89893,0.90024,0.89809,0.89961,19353.49
1612368000000,0.8996,0.89965,0.89894,0.89927,9599.96
1612382400000,0.89928,0.89936,0.89837,0.89841,3909.83
1612396800000,0.89841,0.90002,0.89836,0.8999,5132.22
1612411200000,0.8999,0.90117,0.89967,0.90049,6097.16
1612425600000,0.90048,0.90263,0.90008,0.90242,15903.02
1612440000000,0.90242,0.90398,0.90153,0.90319,19354.53
1612454400000,0.90319,0.90412,0.90295,0.90404,9738.88
1612468800000,0.90402,0.90446,0.90371,0.90401,3958.9
1612483200000,0.90402,0.90455,0.90357,0.90434,5069.73
1612497600000,0.90434,0.90444,0.90355,0.90379,5116.25
1612512000000,0.90379,0.90379,0.90187,0.90345,14241.08
1612526400000,0.90345,0.90351,0.89979,0.90041,26946.94
1612540800000,0.9004,0.90048,0.89916,0.89966,11409.4
1612555200000,0.89965,0.89968,0.89841,0.89841,2983.1
1612728000000,0.89912,0.89956,0.89858,0.89901,3200.32
1612742400000,0.899,0.90063,0.89877,0.89975,5285.07
1612756800000,0.89975,0.90028,0.89912,0.89977,3746.93
1612771200000,0.89977,0.90115,0.89942,0.90068,11245.33
1612785600000,0.90067,0.90193,0.89818,0.89889,21825.37
1612800000000,0.89891,0.89939,0.89839,0.89862,11956.78
1612814400000,0.89863,0.89904,0.89783,0.89863,4627.38
1612828800000,0.89863,0.89878,0.89612,0.89653,5275.36
1612843200000,0.89654,0.89664,0.8955,0.89576,5149.1
1612857600000,0.89575,0.89687,0.89293,0.89349,16404.31
1612872000000,0.89353,0.89457,0.89309,0.89324,20168.52
1612886400000,0.89323,0.89388,0.89193,0.89198,10601.22
1612900800000,0.89197,0.89256,0.89197,0.89255,4020.03
1612915200000,0.89254,0.8931,0.89144,0.89154,4055.73
1612929600000,0.89154,0.89179,0.89082,0.89122,4145.25
1612944000000,0.89121,0.8917,0.88975,0.89092,13986.7
1612958400000,0.89091,0.89179,0.88946,0.89034,22958.43
1612972800000,0.89035,0.89061,0.889,0.88976,11325.62
1612987200000,0.88977,0.89053,0.88964,0.89024,3206.46
1613001600000,0.89024,0.89073,0.89006,0.89009,2104.9
1613016000000,0.89008,0.89047,0.8895,0.89033,3418.89
1613030400000,0.89034,0.89073,0.88959,0.8902,9089.21
1613044800000,0.89019,0.89044,0.88918,0.89043,15025.55
1613059200000,0.89042,0.891,0.88987,0.88992,10608.42
1613073600000,0.88993,0.89029,0.88943,0.89007,2549.22
1613088000000,0.89007,0.89075,0.88991,0.89055,2972.91
1613102400000,0.89054,0.89088,0.89007,0.89069,3601.32
1613116800000,0.89069,0.89308,0.89017,0.89258,11111.83
1613131200000,0.89257,0.89396,0.89133,0.89156,16588.77
1613145600000,0.89156,0.89218,0.89083,0.89216,8512.23
1613160000000,0.89215,0.89215,0.89102,0.89102,1556.56
1613332800000,0.89089,0.8919,0.89088,0.8919,1886.15
1613347200000,0.8919,0.89246,0.89069,0.89097,3671.22
1613361600000,0.89091,0.89152,0.89061,0.89128,4124.9
1613376000000,0.89128,0.89135,0.88989,0.89041,10407.19
1613390400000,0.89041,0.89103,0.88978,0.88985,8551.26
1613404800000,0.88984,0.89031,0.88973,0.89011,6098.94
1613419200000,0.89013,0.89026,0.88948,0.8899,7399.92
1613433600000,0.88991,0.88991,0.88829,0.88859,4663.22
1613448000000,0.88859,0.88978,0.88859,0.88969,4430.44
1613462400000,0.8897,0.88974,0.8871,0.88775,10166.4
1613476800000,0.88775,0.89301,0.88761,0.89118,25537.56
1613491200000,0.89115,0.89277,0.89092,0.89176,11834.09
1613505600000,0.89175,0.89397,0.89173,0.89356,4889.45
1613520000000,0.89356,0.89389,0.89269,0.89328,6046.97
1613534400000,0.89329,0.89543,0.89274,0.895,7819.54
1613548800000,0.89502,0.89582,0.89425,0.89538,16477.26
1613563200000,0.89538,0.89905,0.89536,0.89829,27169.99
1613577600000,0.89834,0.89918,0.8981,0.89912,13127.88
1613592000000,0.89911,0.89911,0.89816,0.89854,6456.01
1613606400000,0.89854,0.899,0.89797,0.89897,5610.87
1613620800000,0.89898,0.89953,0.89832,0.89869,5804.22
1613635200000,0.8987,0.89877,0.8963,0.89704,15831.22
1613649600000,0.89707,0.89793,0.89569,0.89744,24479.18
1613664000000,0.89745,0.89747,0.89614,0.89634,9824.84
1613678400000,0.89637,0.89649,0.89566,0.89602,4243.91
1613692800000,0.89602,0.89687,0.89572,0.89682,5011.99
1613707200000,0.89682,0.89688,0.89517,0.89529,5078.42
1613721600000,0.89529,0.89541,0.89331,0.89415,14953.65
1613736000000,0.89417,0.89579,0.8934,0.89511,15785.99
1613750400000,0.89514,0.89722,0.89421,0.89671,11804.51
1613764800000,0.89672,0.89691,0.89612,0.89612,1967.94
1613937600000,0.89625,0.89741,0.89519,0.89683,6350.93
1613952000000,0.89683,0.89787,0.89605,0.89762,7404.35
1613966400000,0.89763,0.90012,0.89733,0.90003,6790.72
1613980800000,0.90007,0.90234,0.8975,0.89791,17956.63
1613995200000,0.8979,0.89796,0.89479,0.89676,20356.3
1614009600000,0.89676,0.8968,0.89511,0.89548,9871.64
1614024000000,0.89547,0.89656,0.89547,0.89579,4221.63
1614038400000,0.89577,0.89591,0.89484,0.89566,5223.46
1614052800000,0.89566,0.89631,0.89532,0.89626,6361.35
1614067200000,0.89626,0.90125,0.89603,0.90026,18501.34
1614081600000,0.90027,0.90156,0.89939,0.90036,23385.11
1614096000000,0.90035,0.90551,0.89973,0.90541,12765.48
1614110400000,0.90542,0.90569,0.90404,0.90532,5249.84
1614124800000,0.90532,0.90642,0.90509,0.90631,12936.63
1614139200000,0.90631,0.90734,0.90565,0.90579,8246.8
1614153600000,0.9058,0.90852,0.90479,0.90728,21216.2
1614168000000,0.90726,0.90943,0.90648,0.90905,30752.16
1614182400000,0.90904,0.90912,0.90709,0.90768,13188.49
1614196800000,0.9077,0.9077,0.90629,0.9067,7962.07
1614211200000,0.90671,0.9075,0.90647,0.9065,6851.57
1614225600000,0.90649,0.90669,0.90552,0.90581,8357.05
1614240000000,0.9058,0.90812,0.9042,0.9059,20291.95
1614254400000,0.90589,0.90718,0.90278,0.90349,29539.52
1614268800000,0.90351,0.90603,0.90294,0.90472,27665.25
1614283200000,0.90471,0.90641,0.90382,0.9057,20451.8
1614297600000,0.9057,0.9066,0.90415,0.9053,12357.66
1614312000000,0.90531,0.90635,0.90399,0.90441,18495.22
1614326400000,0.90442,0.90628,0.90264,0.90599,22515.83
1614340800000,0.90598,0.90694,0.90471,0.90542,33198.47
1614355200000,0.90543,0.91015,0.90448,0.90904,21508.51
1614369600000,0.90904,0.90994,0.90824,0.90824,4816.97
1614542400000,0.90868,0.90871,0.9073,0.90731,2654.22
1614556800000,0.9073,0.90874,0.90704,0.90819,11259.17
1614571200000,0.90819,0.9098,0.90789,0.90974,10768.88
1614585600000,0.90975,0.91418,0.90945,0.9127,21480.76
1614600000000,0.91269,0.91571,0.91249,0.91377,30399.87
1614614400000,0.91375,0.91592,0.91245,0.91509,14336.96
1614628800000,0.91509,0.91526,0.91408,0.91497,6111.05
1614643200000,0.91497,0.91639,0.91479,0.91539,11420.66
1614657600000,0.91538,0.91689,0.91532,0.91685,11291.26
1614672000000,0.91687,0.91934,0.91674,0.91732,21690.98
1614686400000,0.91733,0.91885,0.91472,0.91475,22515.55
1614700800000,0.91477,0.91506,0.91375,0.91418,11829.55
1614715200000,0.9142,0.91527,0.91359,0.9151,4509.54
1614729600000,0.91509,0.91542,0.91459,0.91539,7305.89
1614744000000,0.91538,0.91564,0.914,0.91435,6679.88
1614758400000,0.91435,0.91794,0.91435,0.91784,18608.48
1614772800000,0.91784,0.91881,0.91684,0.91731,29931.23
1614787200000,0.91731,0.91972,0.91668,0.91964,13926.65
1614801600000,0.91964,0.92006,0.91871,0.92003,7394.65
1614816000000,0.92003,0.92004,0.91915,0.91962,10006.39
1614830400000,0.91962,0.92064,0.9189,0.92062,14375.59
1614844800000,0.92062,0.92538,0.92031,0.92423,21709.56
1614859200000,0.92423,0.92583,0.9232,0.92515,22563.44
1614873600000,0.92514,0.92977,0.92431,0.92932,34261.17
1614888000000,0.92932,0.92974,0.9282,0.92925,11471.03
1614902400000,0.92926,0.92957,0.92848,0.92868,15052.03
1614916800000,0.9287,0.93,0.9286,0.92988,13353.62
1614931200000,0.92987,0.93107,0.92735,0.92826,24084.87
1614945600000,0.92827,0.93142,0.92573,0.93141,37755.78
1614960000000,0.93142,0.93186,0.9301,0.93084,17727.1
1614974400000,0.93084,0.93151,0.93026,0.93029,3949.09
1615147200000,0.92943,0.93091,0.92857,0.9301,4264.15
1615161600000,0.9301,0.93192,0.92975,0.93168,7960.06
1615176000000,0.93167,0.9329,0.9314,0.93262,8876.23
1615190400000,0.93263,0.93463,0.93167,0.93402,17011.51
1615204800000,0.93402,0.93572,0.93278,0.93562,30000.59
1615219200000,0.93561,0.93598,0.9346,0.93508,14574.34
1615233600000,0.93508,0.93693,0.93505,0.93612,5960.03
1615248000000,0.93612,0.9375,0.93536,0.93557,14670.49
1615262400000,0.93556,0.93611,0.9336,0.93407,14233.72
1615276800000,0.93412,0.93515,0.9306,0.93105,20324.37
1615291200000,0.93104,0.93191,0.92935,0.93035,22714.15
1615305600000,0.93036,0.93108,0.92775,0.92819,14312.17
1615320000000,0.92821,0.9284,0.92742,0.92816,6116.02
1615334400000,0.92816,0.93012,0.92815,0.92988,8543.63
1615348800000,0.92988,0.93057,0.92855,0.92866,9489.25
1615363200000,0.92866,0.93175,0.92845,0.93145,16639.27
1615377600000,0.93146,0.9317,0.92801,0.93121,26070.72
1615392000000,0.93128,0.9323,0.92937,0.92964,17251.97
1615406400000,0.92964,0.93018,0.92885,0.92986,5938.59
1615420800000,0.92988,0.93087,0.92952,0.92983,6983.72
1615435200000,0.92983,0.93079,0.92864,0.92905,9011.61
1615449600000,0.92905,0.92933,0.92437,0.92504,15882.37
1615464000000,0.92504,0.92779,0.92436,0.92561,25456.34
1615478400000,0.92561,0.92565,0.92341,0.92439,13684.75
1615492800000,0.92445,0.92511,0.92303,0.9248,5301.85
1615507200000,0.9248,0.92671,0.92459,0.92649,6230.31
1615521600000,0.9265,0.92862,0.92627,0.92826,10731.38
1615536000000,0.92825,0.9321,0.92789,0.93111,14990.22
1615550400000,0.9311,0.93246,0.92873,0.92915,21435.87
1615564800000,0.92915,0.92968,0.92777,0.92963,13435.39
1615579200000,0.92962,0.92982,0.92862,0.92919,3759.54
1615752000000,0.92719,0.92966,0.92703,0.92941,9828.38
1615766400000,0.92941,0.9298,0.9276,0.92903,28714.61
1615780800000,0.92904,0.93122,0.92903,0.93085,10811.72
1615795200000,0.93085,0.93085,0.92774,0.92924,13115.83
1615809600000,0.92928,0.92999,0.9279,0.92836,17394.91
1615824000000,0.92837,0.92846,0.92665,0.92733,10240.88
1615838400000,0.92732,0.92781,0.92631,0.92768,2409.91
1615852800000,0.92768,0.9279,0.9264,0.92655,10725.43
1615867200000,0.92657,0.92846,0.92621,0.92843,8304.32
1615881600000,0.92845,0.9287,0.92429,0.92525,12616.31
1615896000000,0.92525,0.92713,0.92455,0.92601,22843.18
1615910400000,0.92605,0.92646,0.92421,0.92473,17912.71
1615924800000,0.92475,0.9251,0.92445,0.92494,4571.78
1615939200000,0.92494,0.92628,0.92479,0.92571,7541.2
1615953600000,0.92572,0.92684,0.92533,0.92679,7159.45
1615968000000,0.9268,0.9284,0.92537,0.92825,14142.66
1615982400000,0.92824,0.92956,0.92663,0.92763,20970.38
1615996800000,0.92763,0.92834,0.92132,0.92261,41987.39
1616011200000,0.92259,0.92274,0.92191,0.9222,7375.07
1616025600000,0.92219,0.92423,0.92186,0.92364,13717.56
1616040000000,0.92363,0.92703,0.92187,0.926,18216.54
1616054400000,0.926,0.92781,0.92315,0.92745,23216.16
1616068800000,0.92746,0.93051,0.92679,0.92814,33689.95
1616083200000,0.92814,0.92923,0.92675,0.92843,24673.57
1616097600000,0.92843,0.92843,0.92693,0.92733,3709.96
1616112000000,0.92733,0.92845,0.92713,0.92715,12821.77
1616126400000,0.92715,0.92766,0.92509,0.92567,11193.69
1616140800000,0.92567,0.92982,0.92528,0.92805,18134.96
1616155200000,0.92807,0.93197,0.92786,0.93005,36919.31
1616169600000,0.93007,0.93081,0.92879,0.9293,13203.23
1616184000000,0.9293,0.92957,0.92843,0.92843,1914.2
1616356800000,0.93046,0.93101,0.92915,0.93,3516.03
1616371200000,0.92999,0.93078,0.92877,0.92916,7038.59
1616385600000,0.92917,0.9309,0.92859,0.93008,10409.59
1616400000000,0.93007,0.93086,0.92445,0.92487,20712.39
1616414400000,0.92487,0.92612,0.92222,0.92309,23033.47
1616428800000,0.9231,0.92394,0.92245,0.92368,10253.87
1616443200000,0.92367,0.92393,0.92256,0.92336,4382.24
1616457600000,0.92337,0.92454,0.92326,0.92387,7603.39
1616472000000,0.92388,0.92846,0.92385,0.92806,10329.81
1616486400000,0.92806,0.93001,0.92747,0.92965,25579.98
1616500800000,0.92965,0.93357,0.92964,0.93272,18580.01
1616515200000,0.93272,0.93441,0.93272,0.93408,11271.65
1616529600000,0.93414,0.93467,0.93358,0.93443,4425.29
1616544000000,0.93441,0.93457,0.9337,0.93391,9030.65
1616558400000,0.93395,0.93639,0.93389,0.9361,9974.21
1616572800000,0.93608,0.93693,0.93449,0.93522,17506.1
1616587200000,0.93522,0.93681,0.93438,0.93543,17479.85
1616601600000,0.93543,0.9363,0.93466,0.93548,12446.07
1616616000000,0.9355,0.93615,0.93522,0.93597,4551.21
1616630400000,0.93597,0.93652,0.93507,0.9354,7993.23
1616644800000,0.93541,0.93693,0.93528,0.93685,7960.06
1616659200000,0.93685,0.93757,0.93499,0.93553,12618.27
1616673600000,0.93552,0.93958,0.9349,0.9393,23976.39
1616688000000,0.93929,0.93991,0.93852,0.93969,14236.43
1616702400000,0.93967,0.94015,0.93878,0.93956,5708.44
1616716800000,0.93955,0.94004,0.93918,0.93981,6518.24
1616731200000,0.93981,0.94103,0.93955,0.94072,5768.3
1616745600000,0.94072,0.94171,0.93909,0.94109,12679.49
1616760000000,0.94108,0.94176,0.93884,0.93988,15091.8
1616774400000,0.93986,0.93999,0.93831,0.93839,9555.25
1616788800000,0.93841,0.93911,0.93821,0.93885,1510.68
1616961600000,0.93848,0.93967,0.93847,0.93956,2238.75
1616976000000,0.93955,0.94024,0.93924,0.93942,6424.24
1616990400000,0.93942,0.93998,0.93716,0.93781,9124.63
1617004800000,0.93782,0.94043,0.93698,0.93993,14252.54
1617019200000,0.93992,0.94038,0.93746,0.93808,20442.24
1617033600000,0.9381,0.93932,0.93765,0.93908,6935
1617048000000,0.93908,0.93967,0.93817,0.93896,4707.86
1617062400000,0.93896,0.93961,0.93883,0.93946,19050.36
1617076800000,0.93945,0.9423,0.93925,0.94207,8407.27
1617091200000,0.94209,0.94258,0.94144,0.94191,11938.99
1617105600000,0.94192,0.94385,0.94111,0.94275,22550.54
1617120000000,0.94275,0.94295,0.94171,0.94216,8193.1
1617134400000,0.94212,0.94238,0.94146,0.9418,3387.22
1617148800000,0.9418,0.94418,0.94164,0.94397,23721.46
1617163200000,0.94395,0.94466,0.94157,0.94225,26311.99
1617177600000,0.94225,0.94411,0.9414,0.94383,13319.75
1617192000000,0.94385,0.94422,0.94034,0.94188,22684.57
1617206400000,0.94188,0.94583,0.94094,0.945,13513
1617220800000,0.945,0.9456,0.94325,0.94387,6282.46
1617235200000,0.94389,0.94524,0.94377,0.94524,39408.58
1617249600000,0.94524,0.94662,0.94415,0.94544,21845.36
1617264000000,0.94546,0.94723,0.9449,0.9457,15504.33
1617278400000,0.94568,0.94575,0.94071,0.94093,21940.07
1617292800000,0.94094,0.9421,0.94044,0.94165,11153.58
1617307200000,0.94164,0.94217,0.94146,0.9421,2568.49
1617321600000,0.94213,0.94225,0.94134,0.94168,24722.77
1617336000000,0.94168,0.94231,0.94122,0.94135,7298.97
1617350400000,0.94135,0.9416,0.94046,0.9413,3776.59
1617364800000,0.94129,0.94339,0.94081,0.94184,11951.86
1617379200000,0.94192,0.94305,0.94098,0.94147,4009.12
1617393600000,0.94136,0.94201,0.94106,0.94176,68.46
1617566400000,0.9424,0.94309,0.94202,0.94202,6098.17
1617580800000,0.94204,0.94261,0.94159,0.94224,20003.95
1617595200000,0.94225,0.94383,0.94224,0.94307,11398.61
1617609600000,0.94305,0.94364,0.94215,0.94236,5932.83
1617624000000,0.94238,0.94267,0.93536,0.93594,16620.94
1617638400000,0.93595,0.93658,0.93588,0.93629,5914.91
1617652800000,0.93629,0.93651,0.93526,0.93603,10460.92
1617667200000,0.93604,0.93827,0.93578,0.93812,7699.4
1617681600000,0.93808,0.9388,0.93691,0.937,10377.78
1617696000000,0.93702,0.93959,0.937,0.93793,12687.97
1617710400000,0.93792,0.93814,0.93228,0.93248,20095.28
1617724800000,0.93247,0.9332,0.93081,0.93083,8534.33
1617739200000,0.93084,0.93159,0.93023,0.9308,5622.7
1617753600000,0.9308,0.93146,0.93043,0.93121,5892.82
1617768000000,0.9312,0.93122,0.92886,0.92992,11587.37
1617782400000,0.92992,0.93121,0.92829,0.92885,11100.78
1617796800000,0.92885,0.92961,0.92677,0.92747,18991.27
1617811200000,0.92747,0.93025,0.92713,0.92962,8579.64
1617825600000,0.92962,0.92982,0.92835,0.92939,6502.66
1617840000000,0.92938,0.9302,0.92918,0.92925,4142.49
1617854400000,0.92928,0.9295,0.9282,0.92821,7268.78
1617868800000,0.92822,0.92887,0.9271,0.92733,10784.44
1617883200000,0.92732,0.92822,0.92417,0.92493,18582.82
1617897600000,0.92492,0.92497,0.92318,0.92438,7819.73
1617912000000,0.92437,0.92455,0.92353,0.92415,3218.66
1617926400000,0.92417,0.92486,0.92363,0.92451,6354.26
1617940800000,0.92452,0.92592,0.92392,0.92491,10095.13
1617955200000,0.92491,0.92669,0.92491,0.92608,14115.94
1617969600000,0.92608,0.92815,0.92452,0.9249,19292.03
1617984000000,0.92488,0.92535,0.9243,0.92465,6291.47
1617998400000,0.92466,0.92474,0.92322,0.92322,752.12
1618171200000,0.92479,0.92564,0.92377,0.92563,2114.64
1618185600000,0.92564,0.92606,0.92494,0.92587,7876.49
1618200000000,0.92585,0.92682,0.92514,0.92554,10984
1618214400000,0.92555,0.92555,0.92276,0.92365,12471.39
1618228800000,0.92364,0.92409,0.92125,0.92284,16809.78
1618243200000,0.92284,0.92327,0.92189,0.92266,7656.15
1618257600000,0.92267,0.92275,0.92154,0.92236,5438.59
1618272000000,0.9224,0.92445,0.92229,0.92442,8716.5
1618286400000,0.92441,0.92533,0.92311,0.92449,10941.06
1618300800000,0.92449,0.92594,0.92418,0.92461,14982.86
1618315200000,0.92461,0.92543,0.92078,0.92131,28409.94
1618329600000,0.9213,0.92137,0.91973,0.91986,10180.17
1618344000000,0.91987,0.92088,0.91987,0.92027,3407.48
1618358400000,0.92026,0.92052,0.91955,0.91985,6253.8
1618372800000,0.91986,0.92076,0.91926,0.92046,9900.41
1618387200000,0.92046,0.92317,0.91864,0.92246,16624.2
1618401600000,0.92246,0.92338,0.92152,0.92281,24456.9
1618416000000,0.92281,0.92313,0.92203,0.92261,8035.82
1618430400000,0.92261,0.92316,0.92174,0.92273,4985.3
1618444800000,0.92272,0.92398,0.92235,0.92356,15156.95
1618459200000,0.92357,0.92379,0.9217,0.92282,13711.39
1618473600000,0.92283,0.92379,0.92135,0.92304,16537.24
1618488000000,0.92303,0.92453,0.92061,0.92271,25584.53
1618502400000,0.92271,0.92302,0.92132,0.92134,9431.32
1618516800000,0.92136,0.92272,0.92128,0.92195,4903.02
1618531200000,0.92196,0.92348,0.92168,0.92255,6312.61
1618545600000,0.92255,0.92261,0.91789,0.91828,12234.75
1618560000000,0.91828,0.92036,0.91821,0.91897,16040.19
1618574400000,0.91898,0.92011,0.91816,0.91967,19274.94
1618588800000,0.91969,0.9206,0.91942,0.91974,5749.64
1618603200000,0.91975,0.92002,0.91969,0.91972,1025.31
1618776000000,0.91917,0.92083,0.91881,0.92055,1770.07
1618790400000,0.92056,0.92148,0.91989,0.92079,7241.12
1618804800000,0.92078,0.92093,0.91647,0.91648,10286.38
1618819200000,0.91651,0.91708,0.91283,0.91376,14804.38
1618833600000,0.91375,0.91609,0.91314,0.91557,18530.78
1618848000000,0.91556,0.91567,0.91448,0.91525,7306.34
1618862400000,0.91524,0.91555,0.91416,0.91489,7130.83
1618876800000,0.9149,0.91561,0.91347,0.91396,7838.02
1618891200000,0.91396,0.91558,0.91349,0.91448,13712.11
1618905600000,0.91449,0.91651,0.91407,0.91483,12058.91
1618920000000,0.91483,0.91693,0.91375,0.91454,20152.1
1618934400000,0.91453,0.91676,0.9145,0.91595,7780.38
1618948800000,0.91594,0.91628,0.91494,0.91604,3167.01
1618963200000,0.91603,0.91616,0.9153,0.91601,6113.5
1618977600000,0.91601,0.91814,0.91534,0.91764,9588.88
1618992000000,0.91764,0.91857,0.91666,0.91832,14108.6
1619006400000,0.91832,0.91955,0.91631,0.91666,19001.26
1619020800000,0.91669,0.9175,0.91658,0.91681,9488.23
1619035200000,0.91683,0.91716,0.91619,0.91671,2162.11
1619049600000,0.91671,0.91698,0.91573,0.91633,5405.71
1619064000000,0.91629,0.91664,0.91448,0.91488,8572.65
1619078400000,0.91489,0.91684,0.91433,0.91596,12410.53
1619092800000,0.91597,0.9188,0.91508,0.91823,25135.84
1619107200000,0.91825,0.91909,0.91722,0.91732,12077.02
1619121600000,0.91732,0.91745,0.91642,0.91713,4268.62
1619136000000,0.91713,0.9172,0.91642,0.91704,5926.54
1619150400000,0.91705,0.9173,0.91568,0.91609,9125.99
1619164800000,0.91607,0.91672,0.91419,0.91501,10720.65
1619179200000,0.91498,0.9172,0.91438,0.91521,19724.81
1619193600000,0.9152,0.9152,0.91275,0.91322,5927.06
1619208000000,0.91321,0.91376,0.91308,0.91348,1074.64
1619380800000,0.91303,0.91397,0.91303,0.91395,2168.78
1619395200000,0.91395,0.91397,0.91214,0.91251,10896.41
1619409600000,0.91253,0.91464,0.91213,0.91393,10204.87
1619424000000,0.91394,0.916,0.91295,0.91567,13326.19
1619438400000,0.91568,0.91657,0.9136,0.91454,17621.07
1619452800000,0.91457,0.9149,0.91393,0.91411,4729.67
1619467200000,0.91411,0.91482,0.91295,0.91463,3829.55
1619481600000,0.91464,0.91611,0.91424,0.91582,5497.66
1619496000000,0.91584,0.91676,0.91509,0.91601,9095.92
1619510400000,0.91601,0.91715,0.9126,0.9126,14866.43
1619524800000,0.9126,0.91486,0.91231,0.91347,18030.6
1619539200000,0.91348,0.91443,0.91313,0.91388,7596.01
1619553600000,0.91399,0.91422,0.91317,0.91403,2542.23
1619568000000,0.91404,0.91523,0.91404,0.91496,5954
1619582400000,0.91496,0.91814,0.91495,0.91611,9671.21
1619596800000,0.9161,0.91655,0.91429,0.915,14604.81
1619611200000,0.91502,0.91587,0.91196,0.91245,21260.22
1619625600000,0.91246,0.91426,0.90886,0.90888,24412.96
1619640000000,0.90889,0.90977,0.90879,0.90891,3795.89
1619654400000,0.90895,0.90993,0.90814,0.90973,5936.18
1619668800000,0.90976,0.91123,0.90937,0.91066,9214.82
1619683200000,0.91067,0.91106,0.90833,0.909,16065.92
1619697600000,0.90899,0.91191,0.90798,0.90991,26205.32
1619712000000,0.90995,0.91005,0.9082,0.9082,9251.95
1619726400000,0.90821,0.90903,0.90815,0.90892,3784.93
1619740800000,0.90892,0.90919,0.90814,0.90893,6213.73
1619755200000,0.90893,0.90934,0.908,0.90909,9553.47
1619769600000,0.90905,0.91082,0.90819,0.91016,16361.14
1619784000000,0.91017,0.9134,0.9096,0.91278,30313.92
1619798400000,0.91277,0.91399,0.91232,0.91321,9978.57
1619812800000,0.91321,0.91341,0.91281,0.9129,1081.73
1619985600000,0.91243,0.913,0.91168,0.91287,1890.81
1620000000000,0.91288,0.91393,0.91278,0.91373,4506.58
1620014400000,0.91373,0.91415,0.91203,0.91301,11292.78
1620028800000,0.91301,0.91447,0.91186,0.91443,15673.67
1620043200000,0.91446,0.91475,0.90927,0.91166,22846.74
1620057600000,0.91167,0.9121,0.91095,0.91122,8947.93
1620072000000,0.91122,0.91162,0.91005,0.91152,7602.89
1620086400000,0.91152,0.91422,0.91141,0.91422,5810.11
1620100800000,0.91421,0.91556,0.91374,0.91453,11191.21
1620115200000,0.91452,0.91604,0.91335,0.91371,18275.33
1620129600000,0.91371,0.91401,0.91144,0.91362,31250
1620144000000,0.91359,0.91413,0.91274,0.91344,19239.56
1620158400000,0.91345,0.91375,0.91299,0.91361,2186.05
1620172800000,0.91362,0.91372,0.91274,0.91284,8187.02
1620187200000,0.91284,0.91624,0.91273,0.91602,13649.73
1620201600000,0.91601,0.91641,0.91268,0.91311,14025.15
1620216000000,0.9131,0.91415,0.9121,0.91295,25153.06
1620230400000,0.91295,0.91384,0.91284,0.91307,9365.29
1620244800000,0.91307,0.91346,0.91234,0.9131,3177.13
1620259200000,0.9131,0.91446,0.91301,0.91399,14425.02
1620273600000,0.91405,0.91434,0.9107,0.91112,16531.45
1620288000000,0.91111,0.91139,0.90821,0.90843,16716
1620302400000,0.90843,0.90966,0.907,0.90961,18492.83
1620316800000,0.90961,0.91008,0.90797,0.90813,6163.31
1620331200000,0.90813,0.90851,0.90706,0.9076,5029.71
1620345600000,0.9076,0.90808,0.90701,0.90726,6310.25
1620360000000,0.90726,0.90878,0.90573,0.9083,11312.56
1620374400000,0.9083,0.90932,0.90684,0.90849,14190.25
1620388800000,0.90849,0.90933,0.90078,0.90091,44396.33
1620403200000,0.90091,0.90242,0.90054,0.90072,13576.21
1620417600000,0.90072,0.901,0.89974,0.89979,1122.51
1620590400000,0.90113,0.90142,0.89999,0.90046,13115.36
1620604800000,0.90047,0.90175,0.90047,0.90119,12584.37
1620619200000,0.90119,0.90188,0.89979,0.90102,14008.07
1620633600000,0.90098,0.90163,0.89874,0.89926,17580.76
1620648000000,0.89924,0.90056,0.89853,0.89866,23765.42
1620662400000,0.89866,0.90092,0.89865,0.9008,10413.63
1620676800000,0.9008,0.90137,0.90041,0.90052,5866.09
1620691200000,0.90052,0.90134,0.9001,0.90059,11304.07
1620705600000,0.90059,0.903,0.90029,0.90288,12945.33
1620720000000,0.90289,0.90327,0.9011,0.90175,16887.73
1620734400000,0.90179,0.90286,0.90033,0.90199,24678.16
1620748800000,0.902,0.90391,0.902,0.90364,9032.43
1620763200000,0.90365,0.90406,0.90271,0.90384,3491.37
1620777600000,0.90384,0.90582,0.90354,0.90574,12016.13
1620792000000,0.90574,0.90581,0.90336,0.90432,12890.65
1620806400000,0.90432,0.90505,0.90331,0.90492,12292.74
1620820800000,0.90491,0.90911,0.90296,0.90881,42695.91
1620835200000,0.90881,0.90936,0.90779,0.90846,18170.69
1620849600000,0.90847,0.90924,0.90801,0.90883,6055.62
1620864000000,0.90885,0.90929,0.90782,0.90867,21066.26
1620878400000,0.90866,0.90909,0.90656,0.90805,29288.2
1620892800000,0.90805,0.9092,0.90682,0.90717,28030.79
1620907200000,0.90717,0.90794,0.90507,0.90682,30934.37
1620921600000,0.90681,0.90702,0.90509,0.90545,13586.17
1620936000000,0.90549,0.90603,0.90485,0.90595,3145.53
1620950400000,0.90598,0.90633,0.90535,0.9054,7110.34
1620964800000,0.90537,0.90543,0.90265,0.90285,10592.61
1620979200000,0.90286,0.9051,0.90203,0.90398,13749.48
1620993600000,0.90398,0.90398,0.90121,0.90211,24024.24
1621008000000,0.90211,0.90287,0.90188,0.90222,6290.29
1621022400000,0.90224,0.90241,0.90106,0.90122,1698.43
1621195200000,0.90103,0.90172,0.90103,0.90142,1652.03
1621209600000,0.90143,0.90282,0.90143,0.90211,7622.86
1621224000000,0.90212,0.90265,0.9011,0.90233,10377.09
1621238400000,0.90235,0.90284,0.90017,0.90162,14838.65
1621252800000,0.9016,0.90234,0.90065,0.9017,20610.38
1621267200000,0.9017,0.90274,0.90161,0.90256,6375.15
1621281600000,0.90256,0.90338,0.90233,0.90333,3180.89
1621296000000,0.90334,0.90347,0.90155,0.90193,6550.63
1621310400000,0.90194,0.90228,0.8976,0.89799,9486.27
1621324800000,0.89799,0.89852,0.89649,0.8973,12823.85
1621339200000,0.89729,0.89868,0.896,0.89859,15815.14
1621353600000,0.89861,0.89865,0.89628,0.89743,7005.04
1621368000000,0.89743,0.89777,0.89686,0.89752,2651.93
1621382400000,0.89753,0.89848,0.89709,0.89748,6394.26
1621396800000,0.89747,0.89976,0.89678,0.89969,9976.94
1621411200000,0.89966,0.90258,0.89963,0.90115,15557.36
1621425600000,0.90116,0.90309,0.89948,0.90038,24589.18
1621440000000,0.90039,0.90471,0.9,0.9038,24274.08
1621454400000,0.9038,0.90419,0.90186,0.90403,3424.48
1621468800000,0.90403,0.90468,0.9036,0.90376,17688.04
1621483200000,0.90376,0.90424,0.89972,0.89997,10419.06
1621497600000,0.89998,0.90228,0.89994,0.9005,11817.52
1621512000000,0.9005,0.90103,0.89838,0.89857,18728.36
1621526400000,0.89857,0.89903,0.89768,0.8977,9055.23
1621540800000,0.8977,0.89787,0.89677,0.89753,3225.63
1621555200000,0.89753,0.89764,0.89661,0.89701,6725.91
1621569600000,0.89702,0.89771,0.89534,0.89692,10255.12
1621584000000,0.89692,0.89862,0.89558,0.89854,13972.12
1621598400000,0.89853,0.90003,0.89747,0.89875,23690.85
1621612800000,0.89875,0.89942,0.89704,0.89749,9693.54
1621627200000,0.89749,0.89792,0.89709,0.89748,1075.19
1621800000000,0.89795,0.89827,0.89722,0.89746,1846.81
1621814400000,0.89747,0.8981,0.89724,0.89774,7669.14
1621828800000,0.89774,0.89813,0.89693,0.89765,8599.17
1621843200000,0.89765,0.90024,0.89693,0.8978,16504.76
1621857600000,0.89778,0.89796,0.89565,0.89732,16579.78
1621872000000,0.89732,0.89745,0.89651,0.89655,5280.32
1621886400000,0.89658,0.89704,0.89593,0.89701,8525.27
1621900800000,0.89702,0.89711,0.89586,0.89628,18446.45
1621915200000,0.89629,0.89675,0.89336,0.89397,13235.26
1621929600000,0.89397,0.89542,0.893,0.89514,16698.72
1621944000000,0.89513,0.89714,0.89483,0.89704,20086.96
1621958400000,0.89705,0.89742,0.895,0.89532,8800.4
1621972800000,0.89532,0.89571,0.89442,0.89562,4247.61
1621987200000,0.89563,0.89572,0.89441,0.8945,8911.74
1622001600000,0.8945,0.89569,0.89431,0.89486,10169.59
1622016000000,0.89489,0.89617,0.89415,0.89592,10976.48
1622030400000,0.89594,0.89821,0.89475,0.89734,19525.35
1622044800000,0.89732,0.89873,0.89711,0.89732,8636.24
1622059200000,0.89732,0.89799,0.89641,0.89773,4988.92
1622073600000,0.89775,0.89863,0.89707,0.89716,8101.23
1622088000000,0.89716,0.89773,0.89642,0.89742,10239.85
1622102400000,0.89743,0.89934,0.89605,0.89874,13777.79
1622116800000,0.89873,0.90083,0.89739,0.89775,25399.66
1622131200000,0.89772,0.89785,0.89647,0.89673,9454.71
1622145600000,0.89673,0.89729,0.8964,0.89706,3106.32
1622160000000,0.89704,0.89794,0.89704,0.89752,8152.66
1622174400000,0.89752,0.89924,0.89741,0.89833,11226.33
1622188800000,0.89833,0.902,0.89716,0.90166,16141.25
1622203200000,0.90165,0.90293,0.89921,0.89952,22455.61
1622217600000,0.89952,0.89979,0.89894,0.89971,8562.81
1622232000000,0.89969,0.90013,0.89934,0.89975,1012.03
1622404800000,0.89875,0.90015,0.89874,0.90012,5733.12
1622419200000,0.90011,0.90041,0.89845,0.89906,6786.96
1622433600000,0.89904,0.90125,0.89882,0.9004,6484.04
1622448000000,0.90039,0.90099,0.89951,0.90005,9807.89
1622462400000,0.90001,0.90099,0.89839,0.89839,9949.12
1622476800000,0.8984,0.89911,0.89837,0.89871,6765.26
1622491200000,0.89871,0.89888,0.89814,0.89839,2919.55
1622505600000,0.89838,0.89873,0.89807,0.8986,6405.71
1622520000000,0.89861,0.89952,0.89776,0.89815,7437.38
1622534400000,0.89817,0.89983,0.89815,0.89861,10422.96
1622548800000,0.89861,0.89935,0.89465,0.89541,17357.91
1622563200000,0.89542,0.89709,0.89516,0.89677,6942.93
1622577600000,0.89678,0.8975,0.89633,0.89707,4504.58
1622592000000,0.89709,0.89737,0.89666,0.89702,20042.44
1622606400000,0.89702,0.8987,0.89685,0.89851,12394.4
1622620800000,0.89848,0.90241,0.89832,0.90139,16068.68
1622635200000,0.90138,0.90138,0.89787,0.89802,12008.08
1622649600000,0.89802,0.89856,0.89759,0.89786,4089.74
1622664000000,0.89787,0.89825,0.89753,0.8982,1687.46
1622678400000,0.89819,0.89842,0.89787,0.89829,3063.31
1622692800000,0.89829,0.90101,0.89821,0.90045,5688.18
1622707200000,0.90047,0.90054,0.89856,0.89924,10170.58
1622721600000,0.89926,0.90515,0.89907,0.90505,26242.91
1622736000000,0.90506,0.90514,0.90327,0.90336,5583.2
1622750400000,0.90336,0.90378,0.90324,0.90347,1812.58
1622764800000,0.90348,0.9044,0.90342,0.9044,9409.77
1622779200000,0.9044,0.90513,0.90417,0.90502,7841.63
1622793600000,0.90501,0.90534,0.90396,0.90417,9006.36
1622808000000,0.90418,0.90419,0.89819,0.89906,22509.92
1622822400000,0.89907,0.89968,0.89862,0.89866,4828.62
1622836800000,0.89866,0.89918,0.89829,0.89829,513.23
1623009600000,0.89911,0.89936,0.89837,0.89927,3031.34
1623024000000,0.89928,0.89962,0.89873,0.89905,9048.44
1623038400000,0.89905,0.90099,0.89882,0.89912,6520.45
1623052800000,0.89911,0.90028,0.89803,0.89877,8661.67
1623067200000,0.89879,0.89964,0.89678,0.89696,11233.22
1623081600000,0.89698,0.89778,0.8967,0.89722,2968.1
1623096000000,0.89722,0.89776,0.89656,0.8977,7853.17
1623110400000,0.89771,0.89807,0.89723,0.89784,14902.36
1623124800000,0.89784,0.89891,0.89748,0.89814,6412.66
1623139200000,0.89817,0.89846,0.89598,0.89611,9211.95
1623153600000,0.89613,0.89723,0.89515,0.89641,17804.34
1623168000000,0.89641,0.89695,0.89628,0.89677,4724.38
1623182400000,0.89677,0.89698,0.89646,0.8969,1929.3
1623196800000,0.8969,0.89698,0.89601,0.89626,4089.02
1623211200000,0.89633,0.89713,0.89575,0.89644,5541.41
1623225600000,0.89644,0.8967,0.89519,0.89524,7359.17
1623240000000,0.89523,0.8963,0.8926,0.89582,14379.59
1623254400000,0.89582,0.89658,0.89551,0.89585,4510.49
1623268800000,0.89589,0.89606,0.89504,0.89585,1223.96
1623283200000,0.89583,0.89634,0.89571,0.89577,5068.27
1623297600000,0.89578,0.89714,0.89538,0.89681,5705.51
1623312000000,0.89681,0.89681,0.89506,0.89595,8514.91
1623326400000,0.89595,0.89925,0.89402,0.89514,31124.98
1623340800000,0.89515,0.89558,0.89448,0.89496,6016.05
1623355200000,0.89497,0.89501,0.8942,0.89455,1677.9
1623369600000,0.89456,0.89466,0.89338,0.89371,5016.75
1623384000000,0.89371,0.89436,0.89324,0.89411,7160.84
1623398400000,0.89409,0.89729,0.89409,0.89708,10793.9
1623412800000,0.89707,0.89999,0.89647,0.89938,15528.1
1623427200000,0.89939,0.89955,0.89843,0.89846,4557.36
1623441600000,0.89846,0.89855,0.89714,0.89714,1103.05
1623614400000,0.89806,0.89875,0.89775,0.89783,2445.66
1623628800000,0.89783,0.89904,0.89783,0.89876,5427.01
1623643200000,0.89879,0.9,0.89848,0.89897,7461.49
1623657600000,0.89897,0.89971,0.89783,0.89834,9725
1623672000000,0.89833,0.89972,0.89795,0.89918,13008.01
1623686400000,0.89915,0.90013,0.89883,0.89942,3535.79
1623700800000,0.89942,0.89982,0.8991,0.89935,2250.13
1623715200000,0.89933,0.90017,0.89925,0.89951,5435.16
1623729600000,0.89951,0.89957,0.89651,0.89692,7368.61
1623744000000,0.89693,0.90043,0.89654,0.90013,9973.23
1623758400000,0.90014,0.90074,0.89783,0.89855,13706.25
1623772800000,0.89855,0.89891,0.89781,0.89819,3733.7
1623787200000,0.89821,0.89856,0.89739,0.89854,2248.61
1623801600000,0.89856,0.89902,0.89819,0.89885,3924.87
1623816000000,0.89886,0.89899,0.8977,0.89782,6476.06
1623830400000,0.89781,0.89966,0.89773,0.89945,9404.61
1623844800000,0.89946,0.90008,0.89813,0.89869,10727.61
1623859200000,0.89869,0.90815,0.89852,0.9081,30585.5
1623873600000,0.90809,0.90907,0.90756,0.90868,6272.45
1623888000000,0.90869,0.90908,0.90754,0.90866,11656.7
1623902400000,0.90865,0.91327,0.90778,0.91206,14041.18
1623916800000,0.91209,0.91568,0.91177,0.91528,18154.38
1623931200000,0.9153,0.91773,0.91329,0.91741,22357.55
1623945600000,0.91742,0.91878,0.91653,0.91784,10858.68
1623960000000,0.91785,0.91805,0.91618,0.91765,8927.06
1623974400000,0.91765,0.91833,0.9168,0.91689,13076.25
1623988800000,0.9169,0.91935,0.91689,0.91766,13410.64
1624003200000,0.91766,0.91952,0.91725,0.91876,14860.14
1624017600000,0.91879,0.92316,0.91852,0.92148,30474.32
1624032000000,0.9215,0.92236,0.92074,0.92225,9539.83
1624046400000,0.92226,0.92385,0.92214,0.92253,2086.66
1624219200000,0.92184,0.92294,0.92131,0.92249,3101.12
1624233600000,0.92249,0.92301,0.92159,0.92274,12792.95
1624248000000,0.92274,0.92366,0.92087,0.92157,14094.25
1624262400000,0.92157,0.92183,0.92068,0.92081,14804.74
1624276800000,0.9208,0.92165,0.91751,0.9185,18645.8
1624291200000,0.9185,0.91884,0.91756,0.91762,6797.93
1624305600000,0.91762,0.91868,0.91735,0.91864,3020.72
1624320000000,0.91865,0.91961,0.91841,0.91907,8348.18
1624334400000,0.91907,0.92091,0.91875,0.91928,11410.34
1624348800000,0.91928,0.92125,0.91927,0.92012,12855.59
1624363200000,0.92011,0.92081,0.91902,0.91994,17056.29
1624377600000,0.91996,0.9205,0.91728,0.91812,9152.84
1624392000000,0.91811,0.91863,0.91722,0.91862,4512.83
1624406400000,0.9186,0.91994,0.91847,0.91944,6153.77
1624420800000,0.91942,0.91995,0.91792,0.918,10914.14
1624435200000,0.91798,0.91882,0.91714,0.91794,13416.61
1624449600000,0.91793,0.9181,0.91538,0.91694,15707.59
1624464000000,0.91694,0.91913,0.91693,0.91878,6074.29
1624478400000,0.91878,0.91882,0.91764,0.91822,2807.21
1624492800000,0.91822,0.91947,0.91806,0.9194,7811.02
1624507200000,0.91939,0.91996,0.91791,0.9196,9552.01
1624521600000,0.91958,0.9199,0.91796,0.9189,13256.58
1624536000000,0.91891,0.91952,0.91736,0.9189,15914.13
1624550400000,0.91889,0.91893,0.91797,0.9181,6090.75
1624564800000,0.91811,0.91818,0.91746,0.91813,4581.54
1624579200000,0.91813,0.91822,0.91698,0.91752,9091.71
1624593600000,0.91752,0.9181,0.91687,0.9172,6956.89
1624608000000,0.9172,0.91772,0.91637,0.91744,11099.56
1624622400000,0.91739,0.91779,0.91422,0.91756,17446.4
1624636800000,0.91755,0.91824,0.9166,0.91666,4497.71
1624651200000,0.91665,0.91698,0.91654,0.91669,840.67
1624824000000,0.91729,0.91759,0.9162,0.91665,6240.14
1624838400000,0.91665,0.91895,0.91665,0.91834,9364.41
1624852800000,0.91834,0.9187,0.91717,0.91742,7286.8
1624867200000,0.91743,0.92133,0.91741,0.92107,13456.42
1624881600000,0.92107,0.92143,0.91824,0.91848,14815.72
1624896000000,0.91847,0.91975,0.91843,0.91957,5224.54
1624910400000,0.91957,0.92003,0.91894,0.9196,1866.71
1624924800000,0.91959,0.92065,0.9194,0.92043,4126.3
1624939200000,0.92043,0.92052,0.91894,0.92026,7028.88
1624953600000,0.92027,0.9221,0.9198,0.92206,13624.87
1624968000000,0.92207,0.92327,0.91978,0.91999,17818.48
1624982400000,0.92003,0.92144,0.92003,0.92073,4724.14
1624996800000,0.92073,0.92121,0.91999,0.92091,2829.07
1625011200000,0.92091,0.92143,0.92058,0.9212,5818.07
1625025600000,0.9212,0.92228,0.92079,0.9219,7894.96
1625040000000,0.92192,0.92352,0.92181,0.92282,15571.86
1625054400000,0.92281,0.92576,0.92278,0.9253,21793.66
1625068800000,0.9253,0.92618,0.9248,0.92525,8762.46
1625083200000,0.92525,0.92547,0.92446,0.92507,4682.49
1625097600000,0.92506,0.92592,0.92503,0.92556,3271.2
1625112000000,0.92556,0.92634,0.92466,0.92626,11192.51
1625126400000,0.92625,0.92713,0.92467,0.9249,19487.52
1625140800000,0.92491,0.92582,0.92356,0.92529,23874.21
1625155200000,0.92529,0.92644,0.92504,0.92579,7008.52
1625169600000,0.92579,0.92614,0.92437,0.9259,4155.29
1625184000000,0.92589,0.92645,0.92566,0.92613,5166.98
1625198400000,0.92612,0.92742,0.92578,0.92729,7772.43
1625212800000,0.92726,0.92726,0.92437,0.92546,13155.63
1625227200000,0.92545,0.92682,0.92227,0.92256,33293.6
1625241600000,0.92255,0.92306,0.91998,0.92074,7370.32
1625256000000,0.92072,0.92083,0.92009,0.92012,1739.78
1625428800000,0.92104,0.9218,0.9202,0.92175,6892.1
1625443200000,0.92174,0.92248,0.92152,0.9224,6052.59
1625457600000,0.92239,0.92322,0.92142,0.92157,6319.65
1625472000000,0.92156,0.92213,0.92036,0.92126,9469.49
1625486400000,0.92126,0.92285,0.92115,0.92188,8159.62
1625500800000,0.92187,0.92239,0.92152,0.92229,8549.73
1625515200000,0.92225,0.92259,0.92109,0.92224,4612.04
1625529600000,0.92227,0.92231,0.92055,0.92075,5152.06
1625544000000,0.92075,0.92145,0.91932,0.92129,7872.9
1625558400000,0.92129,0.92453,0.92108,0.92298,16666.68
1625572800000,0.92297,0.92485,0.92232,0.92431,29793.62
1625587200000,0.92434,0.9251,0.92397,0.92456,9723.7
1625601600000,0.92459,0.92482,0.92304,0.9247,6337.97
1625616000000,0.9247,0.92497,0.92378,0.92379,5024.34
1625630400000,0.92382,0.92457,0.92295,0.92306,10304.51
1625644800000,0.92305,0.92393,0.92251,0.92352,13377.93
1625659200000,0.92351,0.92673,0.92225,0.92521,23937.91
1625673600000,0.9252,0.92576,0.92398,0.92543,14493.82
1625688000000,0.92543,0.9259,0.92383,0.92568,2535.68
1625702400000,0.92566,0.92608,0.92529,0.92546,4592.49
1625716800000,0.92547,0.92558,0.92005,0.92013,14069.85
1625731200000,0.92013,0.92086,0.91651,0.91711,23124.7
1625745600000,0.91711,0.91714,0.9133,0.91536,26360.26
1625760000000,0.91537,0.91643,0.91484,0.91486,7906.27
1625774400000,0.91486,0.91531,0.91386,0.91475,3590.21
1625788800000,0.91475,0.91579,0.91472,0.91514,5309.32
1625803200000,0.91515,0.91747,0.91474,0.91497,11200.24
1625817600000,0.91496,0.91592,0.91426,0.91543,15317.44
1625832000000,0.91542,0.91622,0.91438,0.91515,15591.21
1625846400000,0.91514,0.91517,0.91357,0.91357,4538.75
1625860800000,0.91358,0.91385,0.91357,0.91363,658.63
1626033600000,0.91403,0.91527,0.91349,0.91406,2713.35
1626048000000,0.91407,0.91473,0.91346,0.9147,10337.03
1626062400000,0.91471,0.91558,0.91317,0.91373,7371.18
1626076800000,0.91374,0.91707,0.91322,0.91667,12214.15
1626091200000,0.91667,0.91672,0.91418,0.91545,14934.52
1626105600000,0.91545,0.91584,0.91502,0.91504,7140.79
1626120000000,0.91512,0.91525,0.91473,0.91502,1739.21
1626134400000,0.91501,0.91501,0.91429,0.91445,3157.21
1626148800000,0.91444,0.91585,0.91442,0.91575,7049.58
1626163200000,0.91573,0.91722,0.9155,0.91677,10799.76
1626177600000,0.91678,0.92003,0.91568,0.9165,33415.85
1626192000000,0.9165,0.919,0.9162,0.91886,10319.1
1626206400000,0.91886,0.91907,0.91781,0.9189,7851.18
1626220800000,0.9189,0.91919,0.91799,0.91813,7730.04
1626235200000,0.91814,0.91862,0.91733,0.91861,8715.1
1626249600000,0.9186,0.91984,0.91722,0.91852,11925.34
1626264000000,0.91848,0.91852,0.91526,0.91546,25039.8
1626278400000,0.91545,0.91545,0.91419,0.91445,7024.46
1626292800000,0.91445,0.91475,0.91381,0.91473,2424.27
1626307200000,0.91471,0.91544,0.91431,0.91452,4559.69
1626321600000,0.91451,0.91478,0.91344,0.91444,8389.86
1626336000000,0.91443,0.91689,0.91174,0.91684,17116.42
1626350400000,0.91685,0.91875,0.91647,0.91875,20363.91
1626364800000,0.91874,0.91928,0.91761,0.91761,7822.24
1626379200000,0.91762,0.91794,0.91665,0.91784,5438.06
1626393600000,0.91785,0.9189,0.91738,0.91844,4067.14
1626408000000,0.91845,0.91995,0.918,0.91986,7140.82
1626422400000,0.91988,0.92031,0.91834,0.91996,14282.09
1626436800000,0.91997,0.92034,0.91848,0.91929,20129.49
1626451200000,0.91928,0.91992,0.91878,0.91962,6270.48
1626465600000,0.91964,0.91971,0.91854,0.91868,646.47
1626638400000,0.91798,0.92002,0.91798,0.91856,1971.04
1626652800000,0.91855,0.91968,0.91838,0.91915,3580.06
1626667200000,0.91916,0.92158,0.91898,0.92052,7770.84
1626681600000,0.92052,0.92215,0.92019,0.92092,17596.27
1626696000000,0.92093,0.92141,0.91626,0.91779,27956.65
1626710400000,0.91781,0.91834,0.9172,0.91798,8664.63
1626724800000,0.91795,0.91872,0.91661,0.91871,2237.2
1626739200000,0.91872,0.9188,0.91784,0.91786,4145.54
1626753600000,0.91787,0.91948,0.91786,0.91853,9230.95
1626768000000,0.91853,0.92057,0.91725,0.91954,18588.78
1626782400000,0.91954,0.92325,0.9195,0.92186,28877.17
1626796800000,0.92184,0.92218,0.92096,0.92121,7481.32
1626811200000,0.92122,0.92173,0.92099,0.92121,1349.11
1626825600000,0.92121,0.92191,0.92101,0.92117,3315.71
1626840000000,0.92115,0.92309,0.92098,0.92206,8047.13
1626854400000,0.92207,0.92289,0.92066,0.92163,13513.86
1626868800000,0.92165,0.92217,0.91762,0.91786,20393
1626883200000,0.91787,0.91875,0.91694,0.91727,6387.26
1626897600000,0.91729,0.91779,0.917,0.91768,2852.31
1626912000000,0.91767,0.91797,0.91719,0.91733,2666.38
1626926400000,0.91733,0.91774,0.91644,0.91755,8709.04
1626940800000,0.91756,0.9191,0.91709,0.91831,18115.3
1626955200000,0.91831,0.91998,0.91546,0.91973,30702.24
1626969600000,0.9197,0.92016,0.91858,0.91916,6769.25
1626984000000,0.91919,0.91946,0.91865,0.91911,2230.46
1626998400000,0.91909,0.92003,0.9186,0.91994,2163.14
1627012800000,0.91994,0.92078,0.91898,0.91923,7310.01
1627027200000,0.91923,0.92218,0.91895,0.92135,13953.32
1627041600000,0.92137,0.92153,0.91962,0.92115,16808.73
1627056000000,0.92116,0.92116,0.91954,0.91967,5043.19
1627070400000,0.91969,0.9198,0.91887,0.91908,854.3
1627243200000,0.9186,0.91988,0.9186,0.91954,2054.36
1627257600000,0.9195,0.9202,0.91874,0.91879,3443.92
1627272000000,0.9188,0.91908,0.91657,0.91797,10289.95
1627286400000,0.91799,0.91934,0.91736,0.91801,14552.1
1627300800000,0.91801,0.91948,0.91533,0.91572,18366.55
1627315200000,0.91574,0.91606,0.91482,0.91565,5032.47
1627329600000,0.91565,0.91597,0.91495,0.91554,4231.65
1627344000000,0.91555,0.91598,0.91479,0.9157,4941.01
1627358400000,0.9157,0.91748,0.9156,0.91704,10647.32
1627372800000,0.91705,0.91862,0.91594,0.91604,13626.71
1627387200000,0.91602,0.91602,0.91316,0.91364,21077.14
1627401600000,0.91364,0.91449,0.9129,0.91413,5565.98
1627416000000,0.91415,0.91468,0.91281,0.91441,1378.18
1627430400000,0.91438,0.9152,0.91409,0.91461,2930.74
1627444800000,0.91461,0.91593,0.91456,0.91507,4938.05
1627459200000,0.91506,0.91536,0.91316,0.91445,10144.79
1627473600000,0.91443,0.91672,0.91332,0.91334,16133.41
1627488000000,0.91335,0.91577,0.91006,0.91012,24424.93
1627502400000,0.91012,0.91038,0.90967,0.90973,1963.44
1627516800000,0.90971,0.91004,0.90886,0.90914,4276.03
1627531200000,0.90917,0.90946,0.90798,0.90837,7922.79
1627545600000,0.90833,0.90921,0.90754,0.90865,11033.72
1627560000000,0.90864,0.90871,0.90547,0.90622,15854.56
1627574400000,0.90621,0.90685,0.90542,0.90592,5047.06
1627588800000,0.90592,0.90619,0.90527,0.90574,1849.7
1627603200000,0.90573,0.90699,0.90557,0.90698,4360.46
1627617600000,0.90698,0.90751,0.90512,0.90576,6943.55
1627632000000,0.90576,0.90632,0.90392,0.90617,10645.87
1627646400000,0.90615,0.90746,0.90513,0.90605,18764.4
1627660800000,0.90605,0.90654,0.90565,0.9058,6724.78
1627675200000,0.9058,0.9059,0.90485,0.90489,2570.51
1627848000000,0.90379,0.9062,0.90375,0.90593,1186.44
1627862400000,0.90595,0.90654,0.90542,0.90558,4079.9
1627876800000,0.90557,0.90643,0.90472,0.90563,6543.76
1627891200000,0.90563,0.90618,0.9046,0.90512,8149.26
1627905600000,0.90513,0.90671,0.90373,0.90508,17669.36
1627920000000,0.90509,0.90564,0.90489,0.90505,5539.43
1627934400000,0.90505,0.90548,0.90448,0.90527,3981.76
1627948800000,0.90527,0.90572,0.9049,0.90528,10734.52
1627963200000,0.90528,0.90569,0.90441,0.90473,8380.57
1627977600000,0.90473,0.90504,0.90227,0.90273,9819.77
1627992000000,0.90272,0.90479,0.90257,0.90473,15925.32
1628006400000,0.90475,0.90477,0.90387,0.90398,4517.48
1628020800000,0.90399,0.90429,0.90298,0.90381,1569.8
1628035200000,0.90382,0.90424,0.90335,0.90349,3297.39
1628049600000,0.90349,0.90448,0.9033,0.90392,4357.27
1628064000000,0.90392,0.90604,0.90381,0.90447,8575.68
1628078400000,0.9045,0.90758,0.90181,0.90588,22307.66
1628092800000,0.90586,0.90668,0.90586,0.90622,5673.33
1628107200000,0.90623,0.90663,0.90576,0.90659,1477.79
1628121600000,0.90659,0.90764,0.90653,0.90744,3679.63
1628136000000,0.90743,0.90777,0.90534,0.90542,5712.63
1628150400000,0.90542,0.90714,0.90514,0.90523,11772.55
1628164800000,0.90525,0.90732,0.90511,0.907,16605.51
1628179200000,0.907,0.90705,0.90616,0.90638,3851.99
1628193600000,0.90637,0.90673,0.90602,0.90664,1428.38
1628208000000,0.90662,0.90803,0.90659,0.90776,1769.87
1628222400000,0.90777,0.90824,0.90681,0.90721,5349.51
1628236800000,0.90721,0.90865,0.90691,0.90841,8954.73
1628251200000,0.90838,0.91497,0.90814,0.91424,27276.39
1628265600000,0.91423,0.91562,0.91417,0.91494,4650.93
1628280000000,0.91492,0.91528,0.91383,0.91383,936.52
1628452800000,0.91322,0.91629,0.91322,0.91569,4427.27
1628467200000,0.91568,0.91617,0.9148,0.91509,3632.64
1628481600000,0.91509,0.91607,0.91453,0.91594,6662.12
1628496000000,0.91593,0.91737,0.91544,0.91672,10364.1
1628510400000,0.91674,0.91964,0.91606,0.91907,14428.12
1628524800000,0.91908,0.92045,0.91908,0.92038,4836.77
1628539200000,0.92038,0.92095,0.91886,0.92088,3022.7
1628553600000,0.92088,0.92097,0.91945,0.91971,4654.87
1628568000000,0.91972,0.92179,0.91968,0.92119,6435.7
1628582400000,0.92118,0.92286,0.92025,0.92249,9441.68
1628596800000,0.92247,0.92335,0.92203,0.92268,13418.35
1628611200000,0.92267,0.92338,0.92264,0.92293,4028.03
1628625600000,0.92295,0.92311,0.92064,0.92297,5097.16
1628640000000,0.92295,0.92326,0.922,0.92265,2103.46
1628654400000,0.92265,0.92419,0.92243,0.92348,4969.78
1628668800000,0.92348,0.92408,0.92312,0.92328,7667.99
1628683200000,0.92327,0.92343,0.92021,0.92153,18896.42
1628697600000,0.92155,0.9221,0.92046,0.92171,5771.62
1628712000000,0.92171,0.92203,0.92081,0.92159,1786.11
1628726400000,0.9216,0.92211,0.92122,0.92127,1994.97
1628740800000,0.92124,0.92235,0.92113,0.92145,5011.38
1628755200000,0.92147,0.92263,0.9213,0.92211,6622.14
1628769600000,0.92211,0.92367,0.9217,0.92303,10897.91
1628784000000,0.92304,0.92395,0.92273,0.92347,4161.38
1628798400000,0.92351,0.92352,0.92293,0.92309,1794.37
1628812800000,0.92308,0.92343,0.92284,0.92317,1908.83
1628827200000,0.92316,0.92387,0.92282,0.92307,3500.65
1628841600000,0.92306,0.92314,0.92057,0.92087,6483.21
1628856000000,0.92087,0.92087,0.9158,0.91615,12539.67
1628870400000,0.91614,0.91616,0.91508,0.91519,4567.57
1628884800000,0.91518,0.91532,0.91497,0.91497,885.53
1629057600000,0.91576,0.91585,0.91474,0.91539,3587.81
1629072000000,0.91539,0.91626,0.91484,0.91605,4920.77
1629086400000,0.91605,0.91634,0.91508,0.91529,5618.84
1629100800000,0.91527,0.91533,0.91274,0.91431,9567.63
1629115200000,0.9143,0.9143,0.91089,0.91237,14234.75
1629129600000,0.91237,0.91249,0.91193,0.9122,3033.17
1629144000000,0.91219,0.91258,0.91105,0.91257,3635.77
1629158400000,0.91255,0.91345,0.91254,0.91339,2393.6
1629172800000,0.91338,0.91358,0.91061,0.91069,6982.92
1629187200000,0.91069,0.91179,0.91006,0.91073,10214.65
1629201600000,0.91073,0.91487,0.90994,0.91448,18030.69
1629216000000,0.91449,0.91512,0.91387,0.9146,4575.36
1629230400000,0.91462,0.91526,0.91405,0.91492,2484.18
1629244800000,0.91493,0.91502,0.91357,0.91409,3882.24
1629259200000,0.9141,0.91452,0.91266,0.91341,5215.52
1629273600000,0.91338,0.91635,0.91292,0.9149,9431.43
1629288000000,0.91492,0.91963,0.91454,0.91795,15435.4
1629302400000,0.91794,0.91859,0.91488,0.91627,13418.79
1629316800000,0.91628,0.91756,0.91509,0.91756,3362.59
1629331200000,0.91754,0.92067,0.9175,0.91983,5196.38
1629345600000,0.91983,0.9201,0.91639,0.91653,10324.13
1629360000000,0.91653,0.91764,0.9145,0.91672,12324.91
1629374400000,0.91673,0.91863,0.91622,0.91733,17746
1629388800000,0.91733,0.91905,0.91726,0.91895,6956.94
1629403200000,0.91895,0.91899,0.91789,0.91892,3936.32
1629417600000,0.91892,0.91892,0.91605,0.91648,3686.75
1629432000000,0.91649,0.91695,0.91585,0.91639,6823.45
1629446400000,0.91638,0.91856,0.91597,0.91796,6660.69
1629460800000,0.91795,0.91861,0.91635,0.91765,12077.3
1629475200000,0.91765,0.91793,0.91663,0.91675,3987.02
1629489600000,0.91668,0.91707,0.9165,0.91671,956.01
1629662400000,0.91625,0.91771,0.91597,0.91722,1833.54
1629676800000,0.9172,0.91737,0.91572,0.91613,3104.34
1629691200000,0.91614,0.91691,0.91398,0.9145,5824.56
1629705600000,0.9145,0.91778,0.91397,0.91699,9785.49
1629720000000,0.917,0.91757,0.91267,0.91375,14128.83
1629734400000,0.91376,0.91379,0.91222,0.91238,5093.39
1629748800000,0.91238,0.91264,0.91208,0.91232,3098.59
1629763200000,0.91234,0.9134,0.91216,0.91313,1898.12
1629777600000,0.91313,0.91363,0.9124,0.91253,5192.17
1629792000000,0.91254,0.91355,0.91172,0.91257,7542.91
1629806400000,0.91253,0.91328,0.91101,0.913,14833.16
1629820800000,0.91298,0.91389,0.91259,0.91278,4453.59
1629835200000,0.91276,0.91326,0.91153,0.91317,1366.64
1629849600000,0.91316,0.91529,0.913,0.91457,3012.49
1629864000000,0.91458,0.9151,0.91339,0.91405,4575.23
1629878400000,0.91401,0.91487,0.91248,0.91443,8057.74
1629892800000,0.91442,0.91575,0.91306,0.91371,16223.55
1629907200000,0.91372,0.91451,0.91295,0.91357,6001.9
1629921600000,0.9136,0.91389,0.91186,0.91366,2741.01
1629936000000,0.9137,0.91467,0.91348,0.9145,3829.37
1629950400000,0.9145,0.91679,0.91408,0.91578,6894.49
1629964800000,0.91579,0.91763,0.91532,0.91676,8993.87
1629979200000,0.91677,0.91919,0.91587,0.91729,21007.44
1629993600000,0.91729,0.91902,0.91729,0.91797,6971.99
1630008000000,0.91798,0.9181,0.91692,0.91796,2948.77
1630022400000,0.91796,0.91829,0.91689,0.9169,3968.45
1630036800000,0.9169,0.91706,0.91564,0.91681,4706.2
1630051200000,0.91681,0.91837,0.91673,0.91759,6571.87
1630065600000,0.91758,0.91994,0.91179,0.91208,26770.19
1630080000000,0.91208,0.91217,0.91059,0.91118,6203.94
1630094400000,0.91118,0.91123,0.91073,0.9108,1487.96
1630267200000,0.91089,0.91149,0.91052,0.91139,2086.28
1630281600000,0.9114,0.91159,0.9101,0.91089,3076.77
1630296000000,0.91088,0.91371,0.9107,0.91347,4798.91
1630310400000,0.91346,0.91582,0.91346,0.91486,6802.29
1630324800000,0.91488,0.91848,0.91475,0.91713,10504.77
1630339200000,0.91712,0.91728,0.91628,0.91681,3431.71
1630353600000,0.91687,0.91744,0.91574,0.91718,1989.05
1630368000000,0.91718,0.91728,0.91532,0.91544,3441.07
1630382400000,0.91543,0.91589,0.91433,0.91531,6339.29
1630396800000,0.91529,0.91541,0.9126,0.91285,9725.16
1630411200000,0.91286,0.91727,0.9114,0.9161,22045.33
1630425600000,0.91616,0.91627,0.91479,0.91564,5966.33
1630440000000,0.91564,0.91587,0.91467,0.91533,1627.85
1630454400000,0.91538,0.91794,0.91532,0.91794,6184.92
1630468800000,0.91799,0.91891,0.91719,0.91767,7570.73
1630483200000,0.91767,0.9181,0.91621,0.91731,7512.95
1630497600000,0.91731,0.91777,0.9139,0.91452,16162.42
1630512000000,0.91452,0.91561,0.91388,0.91559,6198.82
1630526400000,0.91561,0.91588,0.91496,0.91558,1929.14
1630540800000,0.91557,0.9156,0.91497,0.91551,2725.87
1630555200000,0.91551,0.916,0.91452,0.91515,5197.73
1630569600000,0.91516,0.91642,0.91448,0.91498,8861.62
1630584000000,0.91498,0.91676,0.91398,0.91601,15561.01
1630598400000,0.916,0.91602,0.91407,0.91426,6932.25
1630612800000,0.91426,0.91495,0.91343,0.9145,1695.7
1630627200000,0.91449,0.91454,0.91344,0.91417,7713.05
1630641600000,0.91417,0.91453,0.91349,0.91418,4777.41
1630656000000,0.9142,0.91518,0.91344,0.91485,7574.99
1630670400000,0.91485,0.9159,0.91151,0.91368,28950.94
1630684800000,0.9137,0.91395,0.91251,0.91391,4418.16
1630699200000,0.91393,0.91435,0.91342,0.91342,891.72
1630872000000,0.91209,0.91413,0.91209,0.91383,1457.94
1630886400000,0.91382,0.91496,0.91379,0.91482,2714.9
1630900800000,0.91485,0.91609,0.91448,0.91582,4553.25
1630915200000,0.91581,0.91639,0.91499,0.91594,6989.37
1630929600000,0.91595,0.9168,0.9155,0.91568,7356.39
1630944000000,0.91568,0.91568,0.91489,0.91528,6267.75
1630958400000,0.91527,0.91539,0.91456,0.91487,6753.18
1630972800000,0.91486,0.91496,0.91358,0.91396,3264.04
1630987200000,0.91397,0.91554,0.91325,0.91364,7103.74
1631001600000,0.91364,0.91555,0.91364,0.91502,12454.64
1631016000000,0.91501,0.91885,0.91474,0.91791,19176.79
1631030400000,0.91791,0.91987,0.91788,0.91973,6880.76
1631044800000,0.91973,0.91978,0.91887,0.91944,2505.9
1631059200000,0.91944,0.91971,0.91895,0.91936,2956.67
1631073600000,0.91937,0.92055,0.91832,0.91915,8701.94
1631088000000,0.91914,0.92122,0.91849,0.92121,15350.46
1631102400000,0.92123,0.92345,0.9204,0.9219,20476.99
1631116800000,0.92189,0.92234,0.92068,0.92203,6748.44
1631131200000,0.92204,0.9221,0.921,0.92183,2765.84
1631145600000,0.92184,0.92227,0.92007,0.92066,3139.26
1631160000000,0.92066,0.92092,0.91933,0.91993,6857.74
1631174400000,0.91992,0.92001,0.91711,0.9173,13675.88
1631188800000,0.9173,0.91959,0.91664,0.91736,24470.35
1631203200000,0.91737,0.91751,0.91607,0.91645,6141.03
1631217600000,0.91646,0.91688,0.91588,0.91654,3960.96
1631232000000,0.91655,0.91696,0.91619,0.91661,4913.73
1631246400000,0.91661,0.91707,0.91576,0.91599,5609.11
1631260800000,0.91598,0.91831,0.91497,0.91717,11114.98
1631275200000,0.91716,0.91839,0.91641,0.91803,16892.79
1631289600000,0.91803,0.91843,0.91737,0.91816,6120.01
1631304000000,0.91815,0.91846,0.91704,0.91704,946.14
1631476800000,0.91769,0.91852,0.91754,0.91819,35128.22
1631491200000,0.91818,0.91903,0.91814,0.91852,2045.42
1631505600000,0.91852,0.92161,0.91843,0.92012,6020.43
1631520000000,0.92011,0.92408,0.9201,0.92366,10610.8
1631534400000,0.92367,0.92376,0.92043,0.92131,15404.07
1631548800000,0.92132,0.92299,0.92118,0.92252,4883.16
1631563200000,0.92251,0.92255,0.92024,0.92226,3237.91
1631577600000,0.92224,0.92276,0.92156,0.92181,5260.82
1631592000000,0.9218,0.92229,0.92059,0.92114,6362.11
1631606400000,0.92115,0.92247,0.92113,0.92166,7555.73
1631620800000,0.92165,0.92192,0.91822,0.91934,21066.73
1631635200000,0.91932,0.92005,0.91809,0.9198,6036.34
1631649600000,0.9198,0.92043,0.91803,0.92008,2304.29
1631664000000,0.92006,0.92036,0.91929,0.91944,3619.34
1631678400000,0.91945,0.92047,0.91895,0.91911,6361.05
1631692800000,0.9191,0.91933,0.91635,0.91734,11837.55
1631707200000,0.91734,0.91991,0.91646,0.91956,18363.13
1631721600000,0.9196,0.92051,0.91926,0.9196,4043.56
1631736000000,0.91958,0.91991,0.91846,0.91969,2083.59
1631750400000,0.9197,0.92017,0.91935,0.9199,3206.35
1631764800000,0.9199,0.92244,0.91979,0.92208,8585.26
1631779200000,0.92208,0.92515,0.92176,0.92484,13303.95
1631793600000,0.92487,0.92713,0.92448,0.92504,19028.32
1631808000000,0.92504,0.92697,0.92499,0.9268,5397.87
1631822400000,0.9268,0.92777,0.92661,0.92736,2346.72
1631836800000,0.92734,0.92805,0.92666,0.92683,4772.2
1631851200000,0.92683,0.92725,0.92593,0.92644,7188.88
1631865600000,0.92642,0.92839,0.92614,0.92733,15450.18
1631880000000,0.92732,0.93184,0.92727,0.93082,20831.16
1631894400000,0.93081,0.93245,0.9307,0.93215,5803.85
1631908800000,0.93215,0.93243,0.93195,0.93211,925.58
1632081600000,0.93152,0.93255,0.93056,0.93203,1520.57
1632096000000,0.93203,0.93325,0.93202,0.93246,3178.68
1632110400000,0.93244,0.93325,0.93161,0.93194,6906.47
1632124800000,0.93195,0.93298,0.92997,0.92997,12622.83
1632139200000,0.92997,0.92997,0.92725,0.92774,20261.46
1632153600000,0.92774,0.92804,0.92703,0.92763,6803.16
1632168000000,0.92763,0.92813,0.92681,0.92768,2438.49
1632182400000,0.92769,0.92806,0.92648,0.92771,4104.38
1632196800000,0.92772,0.92831,0.92642,0.9265,7615.98
1632211200000,0.92651,0.92709,0.92371,0.92385,12883.56
1632225600000,0.92383,0.92486,0.92248,0.92352,23185.76
1632240000000,0.92352,0.92436,0.92304,0.92333,6988.77
1632254400000,0.92334,0.92376,0.92263,0.9235,2139.83
1632268800000,0.92349,0.9248,0.9233,0.92466,5612.05
1632283200000,0.92468,0.925,0.92251,0.92283,7074.69
1632297600000,0.92285,0.92372,0.92164,0.92228,10056.38
1632312000000,0.92227,0.92327,0.92157,0.92232,16669.03
1632326400000,0.92232,0.92728,0.92148,0.92587,36219.57
1632340800000,0.92589,0.92646,0.92462,0.9264,2503.22
1632355200000,0.92639,0.92733,0.92598,0.92626,3590.16
1632369600000,0.92626,0.92649,0.92342,0.92554,10332.65
1632384000000,0.92554,0.92566,0.92286,0.92502,21230.76
1632398400000,0.92501,0.92505,0.92168,0.92422,22145.64
1632412800000,0.92422,0.92483,0.92269,0.92423,6386.47
1632427200000,0.92422,0.92522,0.92334,0.92469,2947.82
1632441600000,0.92468,0.92481,0.924,0.92478,3623.91
1632456000000,0.92478,0.92605,0.92377,0.92423,7416.26
1632470400000,0.92421,0.9246,0.92217,0.92446,11322.3
1632484800000,0.92448,0.92574,0.92409,0.92463,16140.33
1632499200000,0.92463,0.92527,0.92397,0.92509,6837.85
1632513600000,0.92508,0.92527,0.92393,0.92393,1120.09
1632686400000,0.92388,0.92511,0.9233,0.92456,2036.46
1632700800000,0.92454,0.92554,0.92442,0.92542,4028.31
1632715200000,0.92542,0.92857,0.92529,0.92856,8649.87
1632729600000,0.92856,0.92906,0.92597,0.92816,18037.5
1632744000000,0.92816,0.92857,0.92484,0.92566,26543.15
1632758400000,0.92566,0.92614,0.92489,0.92558,6457.64
1632772800000,0.92561,0.92598,0.92506,0.92568,1359.03
1632787200000,0.92567,0.92694,0.92565,0.92688,3054.46
1632801600000,0.9269,0.92944,0.92595,0.9282,11220.43
1632816000000,0.92821,0.92887,0.92674,0.9273,19431.51
1632830400000,0.92729,0.93013,0.92657,0.92829,31228.28
1632844800000,0.9283,0.93005,0.92765,0.92911,9308.95
1632859200000,0.9291,0.92952,0.92778,0.92915,2287.5
1632873600000,0.92917,0.92987,0.928,0.92936,6148.35
1632888000000,0.92936,0.93067,0.92849,0.92966,14016.95
1632902400000,0.92966,0.9299,0.92797,0.92936,19853.53
1632916800000,0.92937,0.93381,0.92876,0.93352,28111.35
1632931200000,0.93356,0.93548,0.93325,0.93488,9953.23
1632945600000,0.93488,0.9353,0.9333,0.93427,2581.23
1632960000000,0.93427,0.93447,0.93299,0.93343,4032.26
1632974400000,0.93344,0.93501,0.93282,0.93369,10014.56
1632988800000,0.93367,0.93679,0.93297,0.93544,16025.05
1633003200000,0.93543,0.93561,0.93207,0.93387,34054.31
1633017600000,0.93386,0.93464,0.93177,0.93178,14284.87
1633032000000,0.93178,0.93261,0.93059,0.93257,3177.64
1633046400000,0.93256,0.93328,0.9314,0.93173,4712.88
1633060800000,0.93172,0.93228,0.92996,0.93179,11952.63
1633075200000,0.93179,0.93375,0.93034,0.93039,18417.48
1633089600000,0.93038,0.93087,0.9281,0.92986,33206.04
1633104000000,0.92986,0.93098,0.92938,0.93017,8229.87
1633118400000,0.93018,0.93059,0.92996,0.93053,934.71
1633291200000,0.92941,0.93011,0.9289,0.92957,1809.79
1633305600000,0.92957,0.93108,0.92901,0.93076,3173.5
1633320000000,0.93076,0.93101,0.92954,0.93007,8091.89
1633334400000,0.93005,0.93021,0.92593,0.92598,12646.72
1633348800000,0.92598,0.92612,0.92299,0.92479,20160.01
1633363200000,0.9248,0.9253,0.92416,0.92423,6384.77
1633377600000,0.92424,0.925,0.92387,0.92498,2652.5
1633392000000,0.92498,0.9264,0.92457,0.92629,4449.84
1633406400000,0.92629,0.92702,0.92603,0.92641,9643.27
1633420800000,0.92642,0.92746,0.92585,0.92669,12917.37
1633435200000,0.92669,0.92877,0.92609,0.92709,20317.98
1633449600000,0.92706,0.92828,0.92698,0.92819,5479.52
1633464000000,0.92821,0.92842,0.92751,0.92839,1899.02
1633478400000,0.92839,0.92909,0.92835,0.92876,4008.78
1633492800000,0.92876,0.93062,0.92874,0.93047,11860.13
1633507200000,0.93046,0.93073,0.92872,0.92933,18731.69
1633521600000,0.92929,0.92943,0.92715,0.92804,26179
1633536000000,0.92804,0.9284,0.9271,0.92719,8224.04
1633550400000,0.92719,0.9278,0.92668,0.92777,2864.45
1633564800000,0.92779,0.9284,0.92737,0.92754,3749.15
1633579200000,0.92755,0.92832,0.92628,0.92685,8430.97
1633593600000,0.92684,0.92753,0.92526,0.92606,13445.1
1633608000000,0.92605,0.92798,0.92592,0.92798,22953.03
1633622400000,0.92797,0.92919,0.92755,0.92879,9130.71
1633636800000,0.92881,0.92908,0.92741,0.92853,2143.09
1633651200000,0.92853,0.92941,0.92844,0.92938,4166.62
1633665600000,0.92937,0.93042,0.92932,0.9298,8344.04
1633680000000,0.9298,0.93054,0.92848,0.9288,10976.92
1633694400000,0.9288,0.92906,0.92585,0.92712,32763.32
1633708800000,0.92711,0.92793,0.92626,0.92699,6923.14
1633723200000,0.927,0.92738,0.92677,0.92691,964.3
1633896000000,0.92686,0.92792,0.92618,0.92785,1665.92
1633910400000,0.92785,0.92875,0.92667,0.92838,4192.78
1633924800000,0.92841,0.92854,0.92606,0.92651,8904.52
1633939200000,0.9265,0.92817,0.92588,0.92649,12748.69
1633953600000,0.92649,0.92733,0.92498,0.92672,17662.32
1633968000000,0.92673,0.92797,0.92672,0.92791,5959.67
1633982400000,0.92792,0.92797,0.92692,0.92758,2251.55
1633996800000,0.92758,0.92797,0.92729,0.92763,3557.45
1634011200000,0.92762,0.92787,0.92566,0.92761,7876.16
1634025600000,0.92762,0.92847,0.92685,0.92807,11701.5
1634040000000,0.9281,0.93087,0.92789,0.93026,20344.41
1634054400000,0.93026,0.93129,0.92996,0.93058,5942.52
1634068800000,0.93063,0.93093,0.92978,0.93059,2176.97
1634083200000,0.9306,0.93073,0.92873,0.92937,4908.55
1634097600000,0.92936,0.92983,0.92854,0.92926,6727.63
1634112000000,0.92926,0.9293,0.92703,0.92727,13750.88
1634126400000,0.92728,0.92985,0.92546,0.926,28926.08
1634140800000,0.926,0.92622,0.92351,0.92368,9163.49
1634155200000,0.92368,0.92415,0.9234,0.92409,1951.12
1634169600000,0.92409,0.92436,0.92322,0.9233,3456.7
1634184000000,0.92332,0.92358,0.92041,0.92065,10161.86
1634198400000,0.92064,0.92101,0.91938,0.92061,12954.75
1634212800000,0.92062,0.92388,0.92032,0.92313,19295.42
1634227200000,0.92314,0.92406,0.92273,0.92356,6793.67
1634241600000,0.92356,0.92439,0.92204,0.92436,2369.19
1634256000000,0.92435,0.92455,0.92286,0.92293,3168.86
1634270400000,0.92294,0.92384,0.92252,0.92317,8843.42
1634284800000,0.92318,0.92494,0.92246,0.92432,12855.4
1634299200000,0.92434,0.92636,0.92244,0.9241,24223.53
1634313600000,0.9241,0.92433,0.92214,0.92247,6662.47
1634328000000,0.92245,0.92313,0.92218,0.92218,819.11
1634500800000,0.92284,0.92396,0.9222,0.92355,3948.24
1634515200000,0.92353,0.92484,0.92335,0.92478,4501.19
1634529600000,0.92477,0.92617,0.92465,0.92541,8534.68
1634544000000,0.9254,0.92729,0.9242,0.92432,14331.94
1634558400000,0.92432,0.92469,0.92267,0.92317,24446.03
1634572800000,0.92315,0.9234,0.92229,0.92305,5003.94
1634587200000,0.92306,0.92388,0.92278,0.92352,2223.29
1634601600000,0.92352,0.92354,0.92136,0.92152,5572.99
1634616000000,0.92152,0.92155,0.91967,0.92044,10788.17
1634630400000,0.92043,0.92081,0.91847,0.91917,14964.35
1634644800000,0.91916,0.92292,0.91904,0.92282,18703.21
1634659200000,0.92282,0.92325,0.92215,0.92281,5776.09
1634673600000,0.92282,0.92317,0.92231,0.92308,1820.67
1634688000000,0.92307,0.92435,0.9229,0.92401,7111.24
1634702400000,0.92401,0.92521,0.92341,0.92476,11323.82
1634716800000,0.92476,0.9251,0.92258,0.92417,11943.05
1634731200000,0.92416,0.92422,0.91924,0.91976,20908.38
1634745600000,0.91978,0.92009,0.9186,0.91893,8622.72
1634760000000,0.91894,0.91919,0.91813,0.91893,2371.1
1634774400000,0.91894,0.91945,0.9185,0.91853,4318.77
1634788800000,0.91848,0.92045,0.91846,0.92031,12260.11
1634803200000,0.9203,0.9206,0.91795,0.91812,12590.42
1634817600000,0.91812,0.91887,0.91699,0.91739,25671.76
1634832000000,0.91738,0.91895,0.91719,0.91833,6519.62
1634846400000,0.91834,0.91859,0.91771,0.91812,2193.67
1634860800000,0.91813,0.91852,0.91752,0.9178,4469.59
1634875200000,0.91779,0.91819,0.91689,0.91696,8208.73
1634889600000,0.91699,0.91753,0.91622,0.91735,12112.77
1634904000000,0.91736,0.91772,0.91507,0.91653,27630.17
1634918400000,0.91653,0.91745,0.91589,0.91591,11195.23
1634932800000,0.91591,0.91633,0.91497,0.91497,759.85
1635105600000,0.91517,0.91691,0.91516,0.91663,2823.76
1635120000000,0.91664,0.91712,0.915,0.91506,5658.92
1635134400000,0.91509,0.91787,0.91496,0.91656,10163.92
1635148800000,0.91655,0.91974,0.91627,0.919,17575.17
1635163200000,0.91902,0.92021,0.91768,0.91922,24366.47
1635177600000,0.91925,0.91991,0.91898,0.91966,4927.94
1635192000000,0.91967,0.92001,0.91874,0.91987,1907.95
1635206400000,0.91988,0.92088,0.91977,0.92063,4221.92
1635220800000,0.92064,0.92259,0.92005,0.92235,8805.56
1635235200000,0.92234,0.9225,0.91865,0.91938,14833.25
1635249600000,0.91937,0.92092,0.91894,0.92034,21961.18
1635264000000,0.92037,0.92065,0.91946,0.91964,5677.43
1635278400000,0.91963,0.92009,0.91917,0.91971,1643.09
1635292800000,0.91971,0.9199,0.91912,0.91935,3623.11
1635307200000,0.91936,0.91991,0.91715,0.91794,9666.07
1635321600000,0.91795,0.92034,0.91737,0.91909,21263.43
1635336000000,0.9191,0.91921,0.91641,0.91825,32150.74
1635350400000,0.91825,0.91836,0.91672,0.91809,9178.13
1635364800000,0.91811,0.91827,0.91665,0.91812,2259.63
1635379200000,0.91811,0.91895,0.91731,0.9184,11440.37
1635393600000,0.9184,0.91894,0.9166,0.91719,12336.49
1635408000000,0.91717,0.91936,0.91671,0.91869,22920.74
1635422400000,0.91868,0.91944,0.91175,0.91232,44657.67
1635436800000,0.91234,0.91283,0.91149,0.91202,11592.2
1635451200000,0.91203,0.91225,0.91126,0.91169,3501.34
1635465600000,0.91169,0.91191,0.91077,0.91162,6043.44
1635480000000,0.91163,0.91234,0.9102,0.91076,9983.2
1635494400000,0.91076,0.91244,0.91055,0.9111,16819.46
1635508800000,0.91114,0.91758,0.91086,0.91679,40341.95
1635523200000,0.91681,0.91753,0.91504,0.91568,13979.07
1635537600000,0.9157,0.91576,0.91496,0.91524,1155.63
1635710400000,0.91465,0.91632,0.91419,0.91613,1648.33
1635724800000,0.91612,0.91673,0.91569,0.91668,5201.9
1635739200000,0.9167,0.91711,0.9159,0.9164,8549.19
1635753600000,0.91641,0.91667,0.91275,0.91316,15818.15
1635768000000,0.91317,0.91332,0.91045,0.91056,23091.99
1635782400000,0.91056,0.91177,0.90905,0.90908,10542.22
1635796800000,0.90908,0.9095,0.90852,0.90935,3327.44
1635811200000,0.90934,0.91083,0.90923,0.90994,4539.85
1635825600000,0.90995,0.91023,0.90898,0.91002,7682.78
1635840000000,0.91002,0.91306,0.90975,0.91251,16188.02
1635854400000,0.91251,0.91499,0.91242,0.91462,22866.82
1635868800000,0.91459,0.915,0.9138,0.91411,9506.92
1635883200000,0.91413,0.91487,0.91374,0.91479,2043.25
1635897600000,0.91477,0.91506,0.91354,0.91368,3841.43
1635912000000,0.91369,0.91452,0.91348,0.91402,3979.1
1635926400000,0.91401,0.9142,0.91053,0.91137,12988.06
1635940800000,0.91135,0.91379,0.91092,0.91205,25938.45
1635955200000,0.91205,0.91407,0.91043,0.91148,32705.9
1635969600000,0.91147,0.91197,0.91119,0.91129,5054.53
1635984000000,0.9113,0.91246,0.9111,0.91238,4905.26
1635998400000,0.91238,0.91398,0.91189,0.91385,7641.34
1636012800000,0.91384,0.9143,0.91224,0.91342,19600.4
1636027200000,0.91341,0.91448,0.91189,0.9128,31485
1636041600000,0.91284,0.91347,0.9121,0.91222,10961.12
1636056000000,0.91223,0.91285,0.91192,0.9126,2244.59
1636070400000,0.91261,0.91349,0.912,0.91303,5455.87
1636084800000,0.91301,0.9135,0.91217,0.91345,4870.77
1636099200000,0.91344,0.91719,0.91267,0.91658,17826.29
1636113600000,0.91657,0.91748,0.91299,0.91337,36949.47
1636128000000,0.91337,0.91362,0.91122,0.91189,10274.43
1636142400000,0.91189,0.9122,0.91176,0.91176,1125.02
1636315200000,0.91196,0.91247,0.91173,0.91197,2140.11
1636329600000,0.91196,0.91381,0.91193,0.9134,3863.66
1636344000000,0.91341,0.91452,0.91281,0.91413,7078.19
1636358400000,0.91413,0.91565,0.9134,0.91509,13792.8
1636372800000,0.91509,0.91575,0.91313,0.91339,24578.16
1636387200000,0.91337,0.91394,0.91287,0.91324,9223.57
1636401600000,0.91323,0.91378,0.91209,0.91339,4406.47
1636416000000,0.9134,0.91397,0.91216,0.91235,7552.69
1636430400000,0.91234,0.91333,0.91164,0.91268,7788.71
1636444800000,0.91267,0.91497,0.91206,0.91482,19090.1
1636459200000,0.91482,0.91537,0.91197,0.91307,29314.83
1636473600000,0.91308,0.91405,0.9103,0.91045,12746.3
1636488000000,0.91044,0.91133,0.91015,0.91101,3143.01
1636502400000,0.911,0.91186,0.91083,0.91175,3461.95
1636516800000,0.91175,0.91374,0.91174,0.9129,5678.25
1636531200000,0.91291,0.91447,0.91158,0.91402,23189.77
1636545600000,0.91401,0.91684,0.91183,0.91628,43051.88
1636560000000,0.9163,0.91858,0.91487,0.91779,23990.23
1636574400000,0.91781,0.91859,0.91712,0.91795,5683.9
1636588800000,0.91796,0.91898,0.91793,0.91837,5981.56
1636603200000,0.91837,0.91972,0.91785,0.91972,5795.88
1636617600000,0.91972,0.92118,0.91817,0.92053,20250.76
1636632000000,0.92053,0.92242,0.92,0.92046,22951.8
1636646400000,0.92049,0.92198,0.91998,0.92195,8328.24
1636660800000,0.92195,0.92195,0.92048,0.92123,4593.15
1636675200000,0.92123,0.92291,0.9212,0.92255,5535.83
1636689600000,0.92255,0.92257,0.92115,0.92131,5752.5
1636704000000,0.92129,0.92347,0.92087,0.92289,14374.51
1636718400000,0.9229,0.92374,0.92058,0.92158,27784.39
1636732800000,0.92159,0.92173,0.92018,0.92081,11950.76
1636747200000,0.92082,0.92129,0.92055,0.92089,2303.35
1636920000000,0.92019,0.92129,0.92019,0.92113,1131.9
1636934400000,0.92112,0.92132,0.91866,0.91928,3736.85
1636948800000,0.91926,0.92027,0.91915,0.92,4835.84
1636963200000,0.92,0.92134,0.91933,0.91988,17266.79
1636977600000,0.91988,0.92244,0.91975,0.92211,21820.21
1636992000000,0.9221,0.92469,0.92097,0.92464,14427.12
1637006400000,0.92464,0.92579,0.92424,0.92529,7009.64
1637020800000,0.92529,0.92532,0.92369,0.9239,5958.51
1637035200000,0.92388,0.92594,0.9237,0.9255,5996.13
1637049600000,0.92551,0.9287,0.925,0.92756,19897.92
1637064000000,0.92757,0.92943,0.92579,0.9285,34789.28
1637078400000,0.92853,0.931,0.92784,0.93098,14125.73
1637092800000,0.93098,0.93113,0.92916,0.93034,8180.09
1637107200000,0.93034,0.93294,0.92993,0.93195,7316.14
1637121600000,0.93194,0.93236,0.93066,0.93125,12178.54
1637136000000,0.93125,0.93218,0.93027,0.93034,20478.11
1637150400000,0.93035,0.93197,0.92944,0.92957,25546.52
1637164800000,0.92958,0.93024,0.92756,0.92848,14986.48
1637179200000,0.92847,0.92901,0.92749,0.92854,5013.16
1637193600000,0.92854,0.92866,0.92694,0.9277,7588.36
1637208000000,0.92769,0.92916,0.92674,0.92746,11290.85
1637222400000,0.9275,0.92876,0.92636,0.92658,23861.93
1637236800000,0.9266,0.92797,0.92539,0.92613,30525.53
1637251200000,0.92614,0.92678,0.92505,0.92558,13311.99
1637265600000,0.92557,0.92611,0.92507,0.92578,4850.6
1637280000000,0.92578,0.92699,0.92565,0.92658,4773.45
1637294400000,0.92658,0.92725,0.92557,0.92689,5563.16
1637308800000,0.92689,0.92857,0.92497,0.92667,40484.37
1637323200000,0.92666,0.92899,0.92549,0.92659,37583.62
1637337600000,0.92658,0.92891,0.92589,0.92847,16260.58
1637352000000,0.92851,0.92897,0.92823,0.92823,3489.82
1637524800000,0.92769,0.9295,0.92768,0.92929,16054.88
1637539200000,0.92929,0.93012,0.92839,0.92905,7093.67
1637553600000,0.92903,0.93035,0.92867,0.92954,7972.62
1637568000000,0.92953,0.9298,0.92741,0.92742,19133.63
1637582400000,0.92744,0.9317,0.92666,0.93161,35182.4
1637596800000,0.93164,0.93329,0.92985,0.93328,12476.46
1637611200000,0.93329,0.93345,0.93116,0.9326,6658.58
1637625600000,0.93261,0.93347,0.93194,0.93261,4147.11
1637640000000,0.93261,0.9331,0.9301,0.93081,10616.56
1637654400000,0.93082,0.93312,0.93025,0.93291,32680.78
1637668800000,0.93291,0.9344,0.93172,0.93233,31111.01
1637683200000,0.93231,0.93371,0.93204,0.93333,12783.55
1637697600000,0.93333,0.93367,0.93163,0.93342,3962.14
1637712000000,0.93342,0.93447,0.93331,0.93413,5325.64
1637726400000,0.93413,0.93418,0.93279,0.93324,7917.2
1637740800000,0.93325,0.93665,0.93284,0.93601,26615.35
1637755200000,0.936,0.93734,0.93476,0.93614,40445.88
1637769600000,0.93618,0.93658,0.93399,0.93416,13350.42
1637784000000,0.93417,0.9349,0.93295,0.93403,3898.88
1637798400000,0.93404,0.93414,0.9336,0.9337,4845.52
1637812800000,0.93369,0.93386,0.93239,0.93311,3451.24
1637827200000,0.93311,0.93441,0.93266,0.93436,15674.11
1637841600000,0.93435,0.93597,0.93346,0.93573,14704.65
1637856000000,0.93573,0.93609,0.93533,0.93574,14196.86
1637870400000,0.9357,0.93591,0.93506,0.93528,13692.04
1637884800000,0.93528,0.93544,0.93296,0.93326,9371.97
1637899200000,0.93324,0.9333,0.92907,0.92955,16184.44
1637913600000,0.92957,0.92959,0.92465,0.92576,51382.15
1637928000000,0.92576,0.92666,0.92187,0.92251,38876.1
1637942400000,0.92252,0.92419,0.9215,0.92162,24507.54
1637956800000,0.92162,0.92363,0.92102,0.92222,2279.4
1638129600000,0.92192,0.92531,0.92139,0.9244,3971.48
1638144000000,0.9244,0.9263,0.9242,0.92547,10543.72
1638158400000,0.92548,0.92727,0.92459,0.92704,15933.7
1638172800000,0.92703,0.92709,0.92338,0.92375,28357.47
1638187200000,0.92375,0.92637,0.92374,0.92513,31927.75
1638201600000,0.92513,0.92536,0.924,0.92475,12292.24
1638216000000,0.92474,0.92475,0.92234,0.92289,5703.83
1638230400000,0.92288,0.92349,0.92199,0.92247,4883.04
1638244800000,0.92247,0.9227,0.92028,0.92061,21999.59
1638259200000,0.92061,0.92108,0.91713,0.91875,35031.48
1638273600000,0.91875,0.92592,0.9157,0.9248,45115.03
1638288000000,0.92485,0.92662,0.91849,0.91851,34971.11
1638302400000,0.91851,0.91953,0.91792,0.91951,7654.25
1638316800000,0.91952,0.92175,0.91897,0.92057,9226.52
1638331200000,0.92058,0.9209,0.9189,0.91915,10570.69
1638345600000,0.91915,0.92123,0.91724,0.92036,27070.18
1638360000000,0.92036,0.92174,0.91689,0.91965,29974.69
1638374400000,0.91964,0.92062,0.91863,0.92028,20028.98
1638388800000,0.92027,0.92092,0.91885,0.92059,7385.45
1638403200000,0.92056,0.92083,0.91878,0.91955,7490.67
1638417600000,0.91955,0.92194,0.91937,0.92185,8302.69
1638432000000,0.92185,0.92212,0.91867,0.91917,21479.61
1638446400000,0.91917,0.91971,0.91778,0.9193,31366.24
1638460800000,0.91927,0.92119,0.91908,0.92083,16568.4
1638475200000,0.92084,0.92087,0.91968,0.91979,5366.02
1638489600000,0.91981,0.92062,0.91967,0.92062,3710.82
1638504000000,0.92062,0.92174,0.9202,0.92124,5409.5
1638518400000,0.92124,0.92172,0.91884,0.91952,16594.82
1638532800000,0.91951,0.92109,0.91685,0.92013,44832.28
1638547200000,0.92015,0.92029,0.91653,0.91757,22975.64
1638561600000,0.91757,0.91853,0.91614,0.91618,4785.5
1638734400000,0.91723,0.91871,0.91635,0.91851,2116.58
1638748800000,0.91852,0.92056,0.91846,0.92026,5278.34
1638763200000,0.92024,0.92207,0.92019,0.92165,4740.61
1638777600000,0.92166,0.92271,0.92068,0.9224,16105.5
1638792000000,0.92239,0.92615,0.92132,0.92579,25027.93
1638806400000,0.92577,0.92687,0.92484,0.92602,12936.64
1638820800000,0.92602,0.9261,0.92467,0.92553,4226.59
1638835200000,0.92552,0.9257,0.924,0.92418,3043.83
1638849600000,0.92417,0.9252,0.92357,0.92426,6030.04
1638864000000,0.92422,0.92536,0.92306,0.92492,19332.71
1638878400000,0.92493,0.9275,0.92476,0.92624,25561.33
1638892800000,0.92625,0.92695,0.92458,0.92477,9664.54
1638907200000,0.9248,0.92487,0.92367,0.92449,4036.55
1638921600000,0.92449,0.92452,0.92342,0.92347,3915.94
1638936000000,0.92347,0.9242,0.92292,0.92416,4916.57
1638950400000,0.92414,0.92521,0.92275,0.92432,22043.25
1638964800000,0.92433,0.92513,0.92203,0.92241,30454.97
1638979200000,0.92241,0.92252,0.91983,0.91983,9815.74
1638993600000,0.91983,0.9209,0.91916,0.92016,3581.05
1639008000000,0.92015,0.92146,0.91998,0.9207,3238.2
1639022400000,0.92074,0.92132,0.92028,0.92086,7191.94
1639036800000,0.92084,0.92295,0.92012,0.92236,14188.45
1639051200000,0.92237,0.92618,0.9222,0.92545,23495.09
1639065600000,0.92547,0.92646,0.92415,0.92454,12463.41
1639080000000,0.92453,0.92454,0.92306,0.92372,4234.14
1639094400000,0.92373,0.92407,0.92329,0.92381,2765.99
1639108800000,0.92383,0.92521,0.92381,0.92433,6169.29
1639123200000,0.92435,0.9252,0.92295,0.92483,14313.57
1639137600000,0.92483,0.92527,0.9213,0.92186,28504.37
1639152000000,0.92185,0.92194,0.91986,0.92094,9674.16
1639166400000,0.92094,0.92107,0.92043,0.92043,1722.24
1639339200000,0.92,0.92143,0.91993,0.92126,2438.36
1639353600000,0.92126,0.92198,0.92116,0.92173,3507.34
1639368000000,0.92173,0.92277,0.92158,0.92262,4315.36
1639382400000,0.92261,0.92562,0.92259,0.92432,11749.54
1639396800000,0.92432,0.92435,0.92155,0.92315,22597.28
1639411200000,0.92316,0.92327,0.92056,0.92208,8947.02
1639425600000,0.92209,0.92268,0.92192,0.92239,6404.09
1639440000000,0.92238,0.92356,0.92235,0.92338,3582.46
1639454400000,0.9234,0.92368,0.92271,0.92334,3501.22
1639468800000,0.92337,0.9237,0.9188,0.91942,12621.87
1639483200000,0.91943,0.92402,0.91913,0.92395,21596.23
1639497600000,0.92395,0.92432,0.92247,0.92421,9620.75
1639512000000,0.9242,0.92446,0.92272,0.92413,5276.05
1639526400000,0.92413,0.9243,0.92332,0.92426,3109.43
1639540800000,0.92426,0.92482,0.92334,0.92477,4518.12
1639555200000,0.92475,0.92493,0.92349,0.9242,10647.03
1639569600000,0.92419,0.92696,0.92418,0.92624,23314.43
1639584000000,0.92626,0.92939,0.92526,0.92577,30024.04
1639598400000,0.92576,0.92633,0.92238,0.92445,19825.54
1639612800000,0.92444,0.92537,0.92382,0.92436,4670.15
1639627200000,0.92437,0.9256,0.92279,0.92316,6505.26
1639641600000,0.92315,0.92549,0.92204,0.92512,16142.7
1639656000000,0.92511,0.92551,0.91985,0.92175,35190.75
1639670400000,0.92175,0.92207,0.91921,0.91929,10740.48
1639684800000,0.91929,0.91966,0.91876,0.91895,6424.14
1639699200000,0.91897,0.91971,0.91892,0.91908,5262.96
1639713600000,0.91908,0.91963,0.91794,0.91962,6719.77
1639728000000,0.91963,0.91981,0.91742,0.91962,16475.56
1639742400000,0.91962,0.92234,0.91813,0.92221,21904.55
1639756800000,0.92221,0.92446,0.92187,0.92373,11122.95
1639771200000,0.92374,0.92456,0.92313,0.92313,3551.63
1639944000000,0.92345,0.92443,0.92321,0.92329,1654.75
1639958400000,0.9233,0.92432,0.92329,0.9237,5823.37
1639972800000,0.92368,0.92432,0.9231,0.92385,6699.15
1639987200000,0.92385,0.92504,0.9224,0.92367,18288.23
1640001600000,0.92371,0.92399,0.9192,0.92096,21174.35
1640016000000,0.92096,0.92241,0.91972,0.92241,10574.76
1640030400000,0.9224,0.92242,0.91953,0.92174,5543.98
1640044800000,0.92173,0.9219,0.92115,0.9216,4134.37
1640059200000,0.92158,0.92209,0.92043,0.92099,6196.19
1640073600000,0.92099,0.92253,0.91947,0.92223,21368.27
1640088000000,0.92224,0.92517,0.92132,0.92504,23855.15
1640102400000,0.92503,0.9254,0.92374,0.92378,11995.53
1640116800000,0.92379,0.92391,0.92256,0.92303,5020.36
1640131200000,0.92303,0.92407,0.92302,0.92401,2506.65
1640145600000,0.92401,0.92512,0.92399,0.92489,3685.78
1640160000000,0.92487,0.92521,0.92216,0.92289,15096.03
1640174400000,0.92291,0.92316,0.92082,0.92094,18436.06
1640188800000,0.92093,0.92094,0.91953,0.91966,8460.23
1640203200000,0.91966,0.91993,0.91896,0.91942,4721.57
1640217600000,0.91942,0.91954,0.91892,0.91933,2736.6
1640232000000,0.91933,0.91996,0.91878,0.91964,2568.57
1640246400000,0.91964,0.92188,0.91911,0.9202,14675.72
1640260800000,0.9202,0.92129,0.91803,0.92007,24228.25
1640275200000,0.92008,0.92017,0.91748,0.918,8449.41
1640289600000,0.91801,0.91851,0.91729,0.91812,4752.93
1640304000000,0.91828,0.91872,0.91718,0.91762,26574.69
1640318400000,0.91762,0.91799,0.91647,0.91706,14494.18
1640332800000,0.91708,0.91831,0.91685,0.91743,20647.75
1640347200000,0.91743,0.91954,0.91727,0.91916,30805.88
1640361600000,0.91917,0.91977,0.91692,0.91884,22024.9
1640376000000,0.91863,0.91969,0.91687,0.91697,251.22
1640548800000,0.9179,0.91906,0.91751,0.91884,2252.35
1640563200000,0.91883,0.91957,0.91875,0.91928,3024.37
1640577600000,0.91927,0.91983,0.91862,0.91869,2692.52
1640592000000,0.91869,0.91997,0.918,0.91902,12453.22
1640606400000,0.91905,0.91984,0.9172,0.9178,12741.7
1640620800000,0.9178,0.91804,0.91725,0.91763,4432.86
1640635200000,0.91763,0.91803,0.91644,0.91715,2233.29
1640649600000,0.91717,0.91778,0.91679,0.91736,2028.5
1640664000000,0.91734,0.91809,0.91722,0.918,2314.29
1640678400000,0.918,0.91811,0.91591,0.91612,8778.01
1640692800000,0.91613,0.919,0.91591,0.91836,15271.35
1640707200000,0.91838,0.91849,0.91618,0.91754,7607.15
1640721600000,0.91755,0.91759,0.9163,0.91712,2620.46
1640736000000,0.91713,0.91763,0.91687,0.91716,2252.75
1640750400000,0.91711,0.91789,0.91711,0.91728,2399.76
1640764800000,0.91729,0.92012,0.9172,0.91808,12077.19
1640779200000,0.91809,0.91907,0.91263,0.91344,19890.54
1640793600000,0.91342,0.91569,0.91305,0.91444,8926.88
1640808000000,0.91447,0.91475,0.91387,0.91388,2621.33
1640822400000,0.91387,0.91543,0.91386,0.91536,2733.62
1640836800000,0.91536,0.91726,0.91536,0.91697,5483.41
1640851200000,0.91699,0.91812,0.91491,0.91495,16522.47
1640865600000,0.91495,0.91688,0.91318,0.91378,21800.63
1640880000000,0.91378,0.9153,0.91349,0.91385,6525.87
1640894400000,0.91385,0.91428,0.91313,0.91387,3370.72
1640908800000,0.91389,0.91431,0.91339,0.91426,1255.86
1640923200000,0.91424,0.91468,0.91353,0.91449,3145.99
1640937600000,0.91447,0.91475,0.91197,0.91279,11685.15
1640952000000,0.91279,0.91426,0.91014,0.91094,23606.2
1640966400000,0.91095,0.91203,0.91056,0.91178,8437.28
1640980800000,0.91178,0.91233,0.91143,0.91168,2148.27
1641153600000,0.91113,0.91241,0.91008,0.91202,2104.18
1641168000000,0.91203,0.91487,0.91179,0.91415,5986.24
1641182400000,0.91413,0.9148,0.91345,0.91379,4002.69
1641196800000,0.91379,0.9145,0.91153,0.91207,15948.62
1641211200000,0.91205,0.91999,0.912,0.91877,24493.3
1641225600000,0.91875,0.91959,0.91785,0.91835,9823.41
1641240000000,0.91839,0.91892,0.91768,0.91835,5387.64
1641254400000,0.91835,0.91898,0.91728,0.91863,4292.19
1641268800000,0.91862,0.91923,0.9176,0.91902,6691.5
1641283200000,0.91899,0.91928,0.91712,0.91881,16887.43
1641297600000,0.9188,0.91891,0.91366,0.91409,24845.65
1641312000000,0.91413,0.91697,0.91363,0.91632,13416.61
1641326400000,0.9163,0.91677,0.91529,0.91619,3871.23
1641340800000,0.9162,0.91677,0.91573,0.91609,4044.33
1641355200000,0.91609,0.9166,0.9149,0.91519,4666.16
1641369600000,0.91519,0.91612,0.91408,0.91497,15677.29
1641384000000,0.91496,0.91694,0.91451,0.91488,22691.6
1641398400000,0.9149,0.91834,0.91484,0.91738,17740.8
1641412800000,0.91735,0.91815,0.916,0.9174,6462.38
1641427200000,0.91739,0.91833,0.91688,0.91739,3940.6
1641441600000,0.91741,0.91988,0.9173,0.91958,6547.64
1641456000000,0.9196,0.9199,0.91722,0.91782,18704.71
1641470400000,0.91781,0.91999,0.91678,0.91946,27902.92
1641484800000,0.91947,0.92233,0.9188,0.92231,10417.07
1641499200000,0.92234,0.92236,0.92075,0.92141,4687.7
1641513600000,0.92141,0.92182,0.92089,0.92127,2366.91
1641528000000,0.92126,0.9217,0.92074,0.92081,3095.19
1641542400000,0.92082,0.92223,0.92015,0.92202,10855.78
1641556800000,0.92203,0.92323,0.91976,0.91996,30107.24
1641571200000,0.91994,0.92061,0.91832,0.91841,8869.93
1641585600000,0.91841,0.91874,0.91816,0.9184,2109.77
1641758400000,0.91838,0.91925,0.91817,0.91887,2414.26
1641772800000,0.91888,0.92039,0.91857,0.92017,3532.08
1641787200000,0.92017,0.92096,0.91997,0.92068,4424.66
1641801600000,0.92065,0.92218,0.91944,0.922,21603
1641816000000,0.922,0.92668,0.92154,0.92561,32289.83
1641830400000,0.92561,0.92751,0.92467,0.92723,13686
1641844800000,0.92724,0.92747,0.92618,0.92721,5511.18
1641859200000,0.9272,0.9272,0.92614,0.92648,3263.18
1641873600000,0.92646,0.92662,0.92519,0.92529,5221.37
1641888000000,0.92529,0.92689,0.92416,0.92648,20595.03
1641902400000,0.92645,0.92778,0.92504,0.92521,26252.02
1641916800000,0.92525,0.92525,0.92325,0.92361,13549.34
1641931200000,0.92364,0.92392,0.92296,0.9235,3531.31
1641945600000,0.92352,0.92361,0.9231,0.9232,3012.14
1641960000000,0.92321,0.92439,0.9231,0.92403,4526.16
1641974400000,0.92402,0.92439,0.9223,0.92342,16461
1641988800000,0.9234,0.92342,0.9148,0.91528,35354.31
1642003200000,0.91528,0.91588,0.91296,0.9133,16091.57
1642017600000,0.91327,0.91433,0.91324,0.91414,3791.09
1642032000000,0.91412,0.91477,0.91366,0.91451,3662.89
1642046400000,0.9145,0.91479,0.91222,0.91264,6337.01
1642060800000,0.91263,0.91467,0.91164,0.91199,22723.64
1642075200000,0.91199,0.91244,0.90911,0.91018,28553.65
1642089600000,0.91016,0.91114,0.90957,0.91052,14862.13
1642104000000,0.91052,0.91143,0.91002,0.91108,4212.43
1642118400000,0.91115,0.91162,0.90997,0.91022,5500.73
1642132800000,0.91023,0.91092,0.90942,0.91043,6592.55
1642147200000,0.91044,0.91171,0.90949,0.91157,18850.05
1642161600000,0.91156,0.91248,0.9101,0.91185,33962.45
1642176000000,0.91187,0.91413,0.91168,0.91375,14816.69
1642190400000,0.91373,0.91395,0.91343,0.9135,3199.56
1642363200000,0.91247,0.91477,0.91223,0.91446,1385.33
1642377600000,0.91446,0.91584,0.91425,0.91442,5497.34
1642392000000,0.91442,0.91488,0.91351,0.91357,4210.31
1642406400000,0.91358,0.91476,0.91216,0.91419,20413.44
1642420800000,0.91419,0.91558,0.91355,0.9139,20349.96
1642435200000,0.91391,0.91439,0.91309,0.91428,6206
1642449600000,0.91428,0.91437,0.91266,0.91395,1822.42
1642464000000,0.91393,0.91661,0.91314,0.91587,6815.42
1642478400000,0.91587,0.91598,0.91425,0.9145,12290.31
1642492800000,0.9145,0.91536,0.91384,0.915,27111.29
1642507200000,0.91498,0.91677,0.91415,0.91666,28083.57
1642521600000,0.91665,0.9179,0.91644,0.91697,12540.89
1642536000000,0.91696,0.91766,0.91622,0.91709,8279.08
1642550400000,0.91709,0.91769,0.91644,0.91672,6163.88
1642564800000,0.91672,0.91679,0.91558,0.91593,7126.98
1642579200000,0.91592,0.91615,0.91495,0.91606,17516.96
1642593600000,0.91605,0.91695,0.91444,0.91633,28023.9
1642608000000,0.91633,0.91633,0.91484,0.91516,14964.68
1642622400000,0.91516,0.91594,0.91446,0.91561,4051.19
1642636800000,0.91557,0.91572,0.91417,0.91526,5914.29
1642651200000,0.91527,0.91581,0.91411,0.91475,5277.82
1642665600000,0.91477,0.91592,0.91389,0.91535,18182.48
1642680000000,0.91536,0.91613,0.91415,0.91452,27849.66
1642694400000,0.91451,0.91747,0.91413,0.91719,13331.36
1642708800000,0.91719,0.91809,0.91646,0.9169,6457.82
1642723200000,0.9169,0.91719,0.9148,0.91546,6593.07
1642737600000,0.91546,0.91573,0.91434,0.91491,7044.37
1642752000000,0.91492,0.91494,0.91166,0.91315,18463.67
1642766400000,0.91316,0.9133,0.91075,0.91131,28620.82
1642780800000,0.91128,0.91253,0.91087,0.91158,13545.31
1642795200000,0.91158,0.91231,0.91056,0.91079,3265.82
1642968000000,0.91126,0.9126,0.91087,0.9126,3679.05
1642982400000,0.91259,0.91412,0.91243,0.9138,4549.21
1642996800000,0.91381,0.91429,0.91279,0.91298,6708.48
1643011200000,0.91299,0.91347,0.91088,0.91239,29513.28
1643025600000,0.91238,0.91551,0.91142,0.9155,40448.8
1643040000000,0.91549,0.91585,0.91248,0.91421,19941.84
1643054400000,0.91424,0.91449,0.91254,0.91411,6615.51
1643068800000,0.9141,0.91569,0.91404,0.91527,5526.18
1643083200000,0.91526,0.91696,0.91494,0.91637,6364.07
1643097600000,0.91639,0.92032,0.91612,0.92004,26679.4
1643112000000,0.92001,0.9201,0.9176,0.91941,29242.18
1643126400000,0.91941,0.91981,0.91827,0.91831,11440.16
1643140800000,0.91833,0.91898,0.91674,0.91789,5102.52
1643155200000,0.91789,0.9181,0.91711,0.91743,3249.26
1643169600000,0.91746,0.91996,0.91733,0.91993,4890.61
1643184000000,0.91994,0.92069,0.91929,0.92031,19203.84
1643198400000,0.92028,0.92115,0.91884,0.92112,27584.93
1643212800000,0.92112,0.9242,0.91999,0.92332,31842.32
1643227200000,0.92332,0.92461,0.92274,0.92397,14224.55
1643241600000,0.92397,0.92464,0.92371,0.92445,6757.18
1643256000000,0.92444,0.92634,0.92424,0.92609,9102.03
1643270400000,0.92612,0.93083,0.92603,0.93041,26551.32
1643284800000,0.93041,0.93375,0.92989,0.93133,37843.88
1643299200000,0.93132,0.93194,0.93048,0.93162,19283.87
1643313600000,0.93161,0.93165,0.93047,0.93104,5910.1
1643328000000,0.93104,0.93164,0.92985,0.93021,4280.66
1643342400000,0.93021,0.93216,0.92961,0.9318,7158.02
1643356800000,0.93181,0.93229,0.93023,0.93193,24813.01
1643371200000,0.93193,0.93292,0.92897,0.93015,41324.47
1643385600000,0.93016,0.9315,0.92958,0.93099,16746.53
1643400000000,0.931,0.93138,0.93005,0.93005,2699.43
1643572800000,0.93041,0.93178,0.93039,0.93116,1616.46
1643587200000,0.93116,0.93184,0.93077,0.93116,4368.3
1643601600000,0.93116,0.93261,0.93076,0.93163,5469.4
1643616000000,0.93162,0.93427,0.93056,0.93394,22078.33
1643630400000,0.93393,0.93406,0.92945,0.93097,35046.66
1643644800000,0.93098,0.93177,0.92512,0.92529,22698.43
1643659200000,0.9253,0.92723,0.9253,0.92706,6125.61
1643673600000,0.92705,0.92769,0.92628,0.92629,3783.05
1643688000000,0.92629,0.92631,0.92259,0.92306,8594.25
1643702400000,0.92309,0.92426,0.92039,0.92084,24620.59
1643716800000,0.92085,0.92347,0.92043,0.92293,30831.18
1643731200000,0.92293,0.92363,0.92116,0.92177,18064.86
1643745600000,0.92177,0.92206,0.92061,0.92104,6398.4
1643760000000,0.92103,0.92142,0.9209,0.92138,3075.2
1643774400000,0.92139,0.92177,0.91994,0.92008,5722.68
1643788800000,0.92007,0.92219,0.91878,0.91948,25908.95
1643803200000,0.91947,0.92019,0.91773,0.91927,34259.34
1643817600000,0.91928,0.9196,0.91787,0.91859,13038.51
1643832000000,0.91858,0.91933,0.91812,0.91904,6033.04
1643846400000,0.91903,0.9198,0.9188,0.91913,4198.62
1643860800000,0.91913,0.92083,0.91909,0.92043,6512.97
1643875200000,0.92043,0.92287,0.92037,0.92251,21190.93
1643889600000,0.92252,0.92356,0.91787,0.91881,73864.37
1643904000000,0.91882,0.92179,0.91767,0.92045,30649.05
1643918400000,0.92047,0.92152,0.91951,0.92035,6092.61
1643932800000,0.92035,0.92072,0.91924,0.91985,5980.67
1643947200000,0.91986,0.92134,0.91947,0.92039,11530.16
1643961600000,0.92039,0.92315,0.9202,0.92288,34695.59
1643976000000,0.92286,0.92585,0.92146,0.92518,57754.91
1643990400000,0.92519,0.92571,0.92395,0.92546,17421.2
1644004800000,0.92547,0.92568,0.92475,0.92526,3737.43
1644177600000,0.92443,0.9257,0.92443,0.92513,2098.23
1644192000000,0.92512,0.92616,0.92461,0.92539,6482.89
1644206400000,0.92538,0.92569,0.92413,0.92432,8658.29
1644220800000,0.92433,0.92566,0.92329,0.9234,29416.92
1644235200000,0.92339,0.92489,0.92211,0.92304,40303.91
1644249600000,0.92304,0.92493,0.92262,0.92332,17714.34
1644264000000,0.92333,0.92373,0.9227,0.92301,5913.73
1644278400000,0.92302,0.92451,0.92302,0.92412,5773.42
1644292800000,0.92411,0.92626,0.9241,0.92551,11222.13
1644307200000,0.92551,0.92554,0.92255,0.92298,30169.05
1644321600000,0.92297,0.92516,0.92269,0.92471,32002.08
1644336000000,0.9247,0.92563,0.92403,0.92543,12306.4
1644350400000,0.92543,0.9255,0.92419,0.92508,3511.33
1644364800000,0.92507,0.92543,0.92394,0.92424,5775.84
1644379200000,0.92424,0.92517,0.92417,0.92419,7585.72
1644393600000,0.92419,0.92448,0.92275,0.92355,20359.11
1644408000000,0.92354,0.92389,0.92218,0.92386,23509.68
1644422400000,0.92386,0.92403,0.9226,0.92369,14345.83
1644436800000,0.92371,0.92465,0.92369,0.92425,3817.57
1644451200000,0.92426,0.92473,0.92362,0.92376,3739
1644465600000,0.92377,0.92447,0.92351,0.92353,5724.51
1644480000000,0.92353,0.92525,0.923,0.92482,23382.37
1644494400000,0.92485,0.92968,0.92326,0.92417,56105.81
1644508800000,0.92418,0.92574,0.92265,0.92566,37556.79
1644523200000,0.92561,0.92729,0.92451,0.92583,10740.33
1644537600000,0.92583,0.92713,0.9258,0.9271,6408.71
1644552000000,0.92708,0.92868,0.92692,0.92749,11890.4
1644566400000,0.92747,0.92847,0.92654,0.92721,29105.15
1644580800000,0.92723,0.92743,0.9246,0.92568,41845.41
1644595200000,0.92566,0.92759,0.92412,0.92534,49326.14
1644609600000,0.9253,0.92542,0.92359,0.92522,13421.52
1644782400000,0.92426,0.92534,0.92367,0.92475,1572.41
1644796800000,0.92474,0.9257,0.92453,0.92508,8451.37
1644811200000,0.92509,0.92631,0.92481,0.92499,10893.35
1644825600000,0.925,0.92601,0.92374,0.92462,31498.12
1644840000000,0.92462,0.92719,0.92379,0.92613,50701.82
1644854400000,0.92613,0.9268,0.92478,0.92571,29385.43
1644868800000,0.92569,0.92596,0.92406,0.9245,7033.66
1644883200000,0.9245,0.92452,0.92348,0.92421,7492.22
1644897600000,0.92421,0.92469,0.92348,0.92465,8366.29
1644912000000,0.92465,0.92689,0.92333,0.92431,38098.06
1644926400000,0.92431,0.92738,0.92262,0.92658,41596.03
1644940800000,0.9266,0.92673,0.92521,0.92553,15469.87
1644955200000,0.92552,0.92575,0.9248,0.92547,5464.24
1644969600000,0.92547,0.92593,0.92514,0.92541,4447.6
1644984000000,0.92543,0.92549,0.92467,0.92482,5998.92
1644998400000,0.92481,0.92604,0.92416,0.92463,25452.8
1645012800000,0.92462,0.92577,0.92271,0.92272,34278.43
1645027200000,0.92274,0.92337,0.9206,0.92091,22837.67
1645041600000,0.92087,0.92239,0.92074,0.92188,5487.12
1645056000000,0.92185,0.92292,0.92108,0.92243,8970.73
1645070400000,0.92242,0.92287,0.92115,0.92203,26531.36
1645084800000,0.92203,0.9226,0.92037,0.92075,35856.92
1645099200000,0.92075,0.9212,0.91882,0.92003,45340.03
1645113600000,0.92005,0.9205,0.91934,0.91998,16166.71
1645128000000,0.91997,0.92056,0.91931,0.91977,5407.81
1645142400000,0.91977,0.92144,0.91969,0.92102,10648.96
1645156800000,0.92101,0.92157,0.92031,0.92083,8264.64
1645171200000,0.92084,0.92178,0.92032,0.92062,22557.56
1645185600000,0.92065,0.92139,0.91913,0.92053,31456.29
1645200000000,0.92053,0.92171,0.9205,0.92106,19697.1
1645214400000,0.92105,0.9215,0.92067,0.92079,5021.29
1645387200000,0.92049,0.92198,0.92011,0.92088,3370.73
1645401600000,0.92087,0.9216,0.91948,0.9199,7701.54
1645416000000,0.91993,0.92044,0.91903,0.9191,5010.09
1645430400000,0.9191,0.91968,0.91622,0.91667,20499.98
1645444800000,0.91667,0.91757,0.91519,0.91532,25419.14
1645459200000,0.91532,0.91629,0.91497,0.91592,13706.78
1645473600000,0.91594,0.91649,0.91537,0.91584,8962.9
1645488000000,0.91582,0.9169,0.91546,0.91601,10246.53
1645502400000,0.916,0.91721,0.9151,0.91721,14013.3
1645516800000,0.91721,0.91961,0.91706,0.919,42586.16
1645531200000,0.919,0.92275,0.91822,0.92122,36557.55
1645545600000,0.92118,0.92168,0.92005,0.92123,20810.12
1645560000000,0.92123,0.92186,0.92034,0.92154,6691.09
1645574400000,0.9215,0.92153,0.92052,0.9206,3755.58
1645588800000,0.92062,0.92175,0.92037,0.92106,7317.64
1645603200000,0.92105,0.92185,0.91828,0.91964,28452.63
1645617600000,0.91965,0.92012,0.91678,0.91715,28622.05
1645632000000,0.91715,0.91852,0.91705,0.91814,14693.02
1645646400000,0.91813,0.91853,0.91726,0.91751,4797.48
1645660800000,0.91749,0.91895,0.9172,0.91779,23692.32
1645675200000,0.91778,0.92021,0.91737,0.91953,36998.77
1645689600000,0.91952,0.92471,0.91938,0.92325,65635.61
1645704000000,0.92325,0.92849,0.92143,0.92837,67368.9
1645718400000,0.92837,0.92887,0.92428,0.92597,53548.37
1645732800000,0.92594,0.92606,0.92422,0.92576,13427.97
1645747200000,0.92575,0.9259,0.92348,0.92364,19404.2
1645761600000,0.92364,0.924,0.92284,0.92386,16439.95
1645776000000,0.92384,0.9266,0.92346,0.92643,39221.09
1645790400000,0.92642,0.9282,0.92554,0.92788,47700.5
1645804800000,0.92787,0.92837,0.92622,0.92638,21807.48
1645819200000,0.92637,0.92664,0.92513,0.92517,5402.29
1645992000000,0.92657,0.92757,0.92435,0.92678,12052.94
1646006400000,0.92678,0.92773,0.92534,0.92697,30494.53
1646020800000,0.927,0.92702,0.92538,0.92571,20419.26
1646035200000,0.92573,0.92659,0.92054,0.92178,43632.5
1646049600000,0.92178,0.92351,0.91721,0.91743,39561.46
1646064000000,0.91745,0.91891,0.91661,0.91661,27249.75
1646078400000,0.91658,0.91757,0.91649,0.91753,7126.54
1646092800000,0.91755,0.91941,0.91748,0.91852,7939.87
1646107200000,0.91848,0.91857,0.91548,0.91604,11260.2
1646121600000,0.91605,0.92051,0.91503,0.91738,43894.02
1646136000000,0.91738,0.9199,0.91696,0.91939,50389.26
1646150400000,0.91938,0.92027,0.91822,0.91897,37290.89
1646164800000,0.91895,0.91946,0.91777,0.91856,10442.78
1646179200000,0.91861,0.92038,0.91851,0.91962,5839.48
1646193600000,0.91966,0.92021,0.91874,0.91916,14323.08
1646208000000,0.91916,0.92053,0.9166,0.91939,40499.35
1646222400000,0.91943,0.92393,0.91893,0.92302,47291.56
1646236800000,0.92302,0.92355,0.92007,0.92067,34742.51
1646251200000,0.92064,0.92109,0.91997,0.92051,8624.48
1646265600000,0.92052,0.92161,0.92025,0.92134,9418.54
1646280000000,0.92132,0.92137,0.91914,0.91962,8025.77
1646294400000,0.91962,0.92085,0.91892,0.92044,23716.45
1646308800000,0.92045,0.92059,0.91784,0.92033,38452.74
1646323200000,0.9203,0.92095,0.91875,0.91896,26888.69
1646337600000,0.91897,0.91913,0.91692,0.91783,5730.75
1646352000000,0.91784,0.91952,0.91774,0.91872,35196.08
1646366400000,0.91873,0.91926,0.91805,0.91876,13898.76
1646380800000,0.91876,0.91965,0.9166,0.91779,26934.46
1646395200000,0.91777,0.921,0.91735,0.91864,48143.74
1646409600000,0.91863,0.91945,0.91727,0.91822,26734.64
1646424000000,0.91823,0.91827,0.91585,0.9159,7772.38
1646596800000,0.9166,0.92037,0.9163,0.9202,7179.49
1646611200000,0.9202,0.92157,0.91936,0.91999,25190.33
1646625600000,0.92,0.92137,0.91984,0.9207,20466.67
1646640000000,0.9207,0.92584,0.9199,0.92518,33227.39
1646654400000,0.92519,0.92718,0.92293,0.92571,64847.42
1646668800000,0.9257,0.92714,0.925,0.92583,34533.03
1646683200000,0.92584,0.92633,0.9251,0.92534,10113.25
1646697600000,0.92534,0.92612,0.92489,0.92554,15035.36
1646712000000,0.92555,0.92685,0.92528,0.92681,19164.45
1646726400000,0.92682,0.9293,0.92482,0.92584,48611.35
1646740800000,0.92582,0.9292,0.92521,0.9289,54197.87
1646755200000,0.9289,0.93064,0.92785,0.9292,48087.74
1646769600000,0.92921,0.93026,0.92813,0.92958,8409.46
1646784000000,0.92955,0.92988,0.92899,0.92902,10044.95
1646798400000,0.92902,0.92919,0.92756,0.92876,11235.67
1646812800000,0.92877,0.92922,0.92728,0.92797,32724.15
1646827200000,0.92792,0.92885,0.92621,0.92667,45527.39
1646841600000,0.92667,0.92711,0.92501,0.92644,29829.91
1646856000000,0.92644,0.92689,0.92566,0.92651,9598.87
1646870400000,0.92651,0.92833,0.9265,0.92802,8287.92
1646884800000,0.928,0.92814,0.92637,0.92722,9788.79
1646899200000,0.92723,0.92774,0.92553,0.9268,43875.79
1646913600000,0.9268,0.9309,0.92546,0.92731,63083.25
1646928000000,0.92731,0.93048,0.92691,0.9302,21199.37
1646942400000,0.93018,0.93074,0.92875,0.92939,6470.97
1646956800000,0.92938,0.93076,0.92901,0.93003,8557.74
1646971200000,0.93003,0.93102,0.92946,0.93038,12346.71
1646985600000,0.93036,0.93204,0.9295,0.93158,34560.7
1647000000000,0.93157,0.93301,0.93057,0.93292,37780.21
1647014400000,0.93296,0.93494,0.93253,0.93486,26087.6
1647028800000,0.93487,0.93493,0.93346,0.93356,5355.42
1647201600000,0.93348,0.93503,0.93297,0.93474,3371.67
1647216000000,0.93475,0.9363,0.9347,0.93609,11925.03
1647230400000,0.93609,0.93633,0.93505,0.93592,12186.92
1647244800000,0.9359,0.93615,0.93195,0.93569,32855.82
1647259200000,0.93569,0.93619,0.93399,0.93582,32267.06
1647273600000,0.93581,0.93841,0.93545,0.93813,19873.31
1647288000000,0.93813,0.93865,0.93749,0.93846,4181.67
1647302400000,0.93847,0.93971,0.9381,0.93834,11423.57
1647316800000,0.93834,0.94097,0.93741,0.93818,18867.44
1647331200000,0.9382,0.93953,0.93717,0.93906,28185.59
1647345600000,0.93906,0.94176,0.93808,0.94149,34966.22
1647360000000,0.94152,0.94314,0.94036,0.94122,20559.03
1647374400000,0.94122,0.94162,0.94056,0.94089,4278.96
1647388800000,0.94089,0.94101,0.93921,0.93977,10877.51
1647403200000,0.93977,0.94111,0.93937,0.94095,9335.05
1647417600000,0.94095,0.94115,0.93897,0.93979,30150.87
1647432000000,0.93979,0.94254,0.93909,0.94159,31941.23
1647446400000,0.94159,0.94598,0.93977,0.9399,45226.35
1647460800000,0.93993,0.94299,0.93965,0.94153,5631.48
1647475200000,0.94153,0.94171,0.93943,0.94003,16289.86
1647489600000,0.94,0.94173,0.93963,0.94094,12357.05
1647504000000,0.94096,0.94143,0.93915,0.93987,24897.73
1647518400000,0.93989,0.94069,0.93492,0.93497,27284.43
1647532800000,0.93499,0.93728,0.93357,0.93716,12261.19
1647547200000,0.93716,0.93761,0.93605,0.93605,4337.28
1647561600000,0.93605,0.93711,0.93525,0.93639,12059.81
1647576000000,0.93639,0.93822,0.93553,0.93639,10527.85
1647590400000,0.93638,0.93649,0.93323,0.93556,22893.51
1647604800000,0.93556,0.93729,0.93346,0.93349,28926.22
1647619200000,0.93349,0.93379,0.93136,0.93208,13234.78
1647633600000,0.93209,0.93234,0.93147,0.93155,1725.84
1647806400000,0.93082,0.93307,0.93082,0.93293,2223.57
1647820800000,0.93296,0.93337,0.93173,0.93335,5645.07
1647835200000,0.93336,0.9352,0.93303,0.93345,10125.13
1647849600000,0.93341,0.93345,0.92951,0.93067,24241.14
1647864000000,0.93068,0.93154,0.92937,0.93036,21301.64
1647878400000,0.93038,0.93373,0.92995,0.9334,21920.48
1647892800000,0.9334,0.934,0.93319,0.93394,2817.29
1647907200000,0.93395,0.93624,0.93394,0.93513,12126.92
1647921600000,0.93512,0.93752,0.93512,0.93609,14725.01
1647936000000,0.9361,0.93675,0.93341,0.93352,26543.69
1647950400000,0.93352,0.93355,0.93134,0.93242,28680.81
1647964800000,0.93247,0.93348,0.93189,0.93299,12616.97
1647979200000,0.93299,0.93363,0.93216,0.93343,3803.53
1647993600000,0.93343,0.93439,0.93271,0.93389,13558.79
1648008000000,0.93389,0.935,0.93372,0.93391,10093.51
1648022400000,0.9339,0.93574,0.93362,0.93486,24055.37
1648036800000,0.93486,0.93523,0.93128,0.932,30472.7
1648051200000,0.93199,0.93225,0.93007,0.93093,13749.6
1648065600000,0.93094,0.931,0.92948,0.93072,3076.09
1648080000000,0.93074,0.9319,0.93066,0.93177,9385.08
1648094400000,0.93177,0.93388,0.93171,0.93348,11542.59
1648108800000,0.93349,0.93445,0.93036,0.93088,30602.01
1648123200000,0.93087,0.93228,0.93017,0.93084,33058.22
1648137600000,0.93084,0.93196,0.93023,0.93056,14703.88
1648152000000,0.93056,0.9307,0.92923,0.92949,2521.41
1648166400000,0.92948,0.92948,0.9263,0.92737,13660.43
1648180800000,0.92738,0.92779,0.92598,0.92701,13512.03
1648195200000,0.92701,0.92775,0.92603,0.92622,20888.87
1648209600000,0.92622,0.93085,0.92616,0.93083,34923.99
1648224000000,0.93082,0.93133,0.93005,0.93056,16955.9
1648238400000,0.93056,0.93095,0.93015,0.93041,998.22
1648411200000,0.92952,0.9314,0.92938,0.93125,3784.79
1648425600000,0.93123,0.93403,0.93071,0.93361,20355.63
1648440000000,0.93361,0.93551,0.93336,0.93543,22222.68
1648454400000,0.93542,0.93811,0.93419,0.93598,42019.61
1648468800000,0.93598,0.93664,0.93426,0.9344,39610.91
1648483200000,0.9344,0.93601,0.93329,0.93496,13420.5
1648497600000,0.93495,0.93525,0.93347,0.93351,3017.22
1648512000000,0.93352,0.93557,0.93259,0.93274,26229.78
1648526400000,0.93275,0.93564,0.93274,0.93545,24163.03
1648540800000,0.93544,0.93738,0.93426,0.93461,37994.68
1648555200000,0.93461,0.93547,0.92974,0.93013,54858.04
1648569600000,0.93014,0.93278,0.93014,0.93058,13797.92
1648584000000,0.9306,0.93151,0.93014,0.93112,2860.03
1648598400000,0.93112,0.93129,0.9276,0.92849,32758.15
1648612800000,0.92848,0.929,0.92661,0.92812,26898.76
1648627200000,0.92811,0.92828,0.92422,0.92648,31991.02
1648641600000,0.92648,0.92724,0.92199,0.92331,34853.32
1648656000000,0.92331,0.92357,0.92229,0.92329,9765.17
1648670400000,0.9233,0.92333,0.92225,0.92314,4834.39
1648684800000,0.92313,0.92475,0.92228,0.92449,18682.96
1648699200000,0.92453,0.92509,0.92288,0.92478,20382.15
1648713600000,0.92477,0.92585,0.92332,0.92497,29525.89
1648728000000,0.92497,0.92531,0.91947,0.92123,37190.47
1648742400000,0.92122,0.9242,0.92105,0.92401,14724.8
1648756800000,0.92399,0.924,0.92196,0.92316,4038.99
1648771200000,0.92316,0.92496,0.92307,0.92475,13728.21
1648785600000,0.92476,0.92493,0.92203,0.92391,19846.16
1648800000000,0.9239,0.92485,0.92347,0.92443,21272.62
1648814400000,0.92444,0.92796,0.92358,0.9256,31432.5
1648828800000,0.92559,0.926,0.92511,0.92544,9101.02
1648843200000,0.92546,0.92577,0.92465,0.92538,1548.02
1649016000000,0.92527,0.92643,0.92434,0.92589,2100.35
1649030400000,0.9259,0.92669,0.92474,0.92636,11522.55
1649044800000,0.92636,0.92662,0.92464,0.92526,16779.15
1649059200000,0.92526,0.92806,0.92513,0.92785,20062.63
1649073600000,0.92785,0.92785,0.92447,0.9257,26619.31
1649088000000,0.92572,0.92686,0.92566,0.9265,8800.21
1649102400000,0.9265,0.92662,0.92596,0.92631,2273.28
1649116800000,0.92633,0.92665,0.92536,0.92588,9825.77
1649131200000,0.92587,0.92673,0.92503,0.92563,17363.46
1649145600000,0.92562,0.92642,0.92488,0.92513,20050.26
1649160000000,0.92513,0.92937,0.92371,0.92922,34207.41
1649174400000,0.9292,0.92978,0.92882,0.92929,10976.68
1649188800000,0.92931,0.92966,0.92875,0.92962,2475.36
1649203200000,0.92963,0.9313,0.92949,0.9306,11649.91
1649217600000,0.93061,0.93495,0.93058,0.9339,21924.31
1649232000000,0.9339,0.93397,0.93226,0.93314,26525.48
1649246400000,0.93314,0.93391,0.93191,0.93265,27724.36
1649260800000,0.93266,0.93438,0.93038,0.93277,26146.83
1649275200000,0.9328,0.93339,0.93108,0.93303,3246.73
1649289600000,0.93304,0.93304,0.93172,0.93258,9781.09
1649304000000,0.93256,0.93301,0.93171,0.93226,15869.92
1649318400000,0.93228,0.93473,0.93187,0.93278,26779.78
1649332800000,0.93277,0.93376,0.932,0.93325,29652.24
1649347200000,0.93325,0.93451,0.93295,0.93403,11097.59
1649361600000,0.93402,0.93474,0.93303,0.9345,3893.75
1649376000000,0.93449,0.9352,0.93362,0.93474,12136.61
1649390400000,0.93475,0.93528,0.93392,0.93442,14025.16
1649404800000,0.93441,0.9356,0.93437,0.93483,17960.7
1649419200000,0.93482,0.93735,0.93325,0.93326,24577.36
1649433600000,0.93327,0.93428,0.93267,0.93386,9682.32
1649448000000,0.93386,0.93419,0.93373,0.93409,1425.01
1649620800000,0.93194,0.9343,0.93121,0.93425,4844.19
1649635200000,0.93425,0.9364,0.93411,0.93596,13555.29
1649649600000,0.93597,0.93715,0.93433,0.93476,21962.67
1649664000000,0.93476,0.93509,0.9333,0.93383,24278.16
1649678400000,0.93383,0.93432,0.93042,0.93084,29003.29
1649692800000,0.93081,0.93164,0.93034,0.93132,10987.06
1649707200000,0.93135,0.93161,0.9305,0.93148,3176.93
1649721600000,0.93147,0.9322,0.93049,0.93124,10327.81
1649736000000,0.93124,0.9343,0.93047,0.93376,20497.16
1649750400000,0.93376,0.93444,0.932,0.93211,21984.51
1649764800000,0.9321,0.93295,0.92862,0.93012,53281.53
1649779200000,0.93012,0.93259,0.92887,0.93237,18581.64
1649793600000,0.93236,0.93323,0.93195,0.93265,2387.87
1649808000000,0.93264,0.93377,0.93209,0.93222,9981.77
1649822400000,0.93222,0.93427,0.93189,0.93217,20412.88
1649836800000,0.93218,0.93425,0.93137,0.93421,21980.42
1649851200000,0.9342,0.9356,0.93318,0.93365,36725.82
1649865600000,0.93366,0.93503,0.93242,0.93497,18477.82
1649880000000,0.93498,0.93514,0.93311,0.93391,3662.41
1649894400000,0.93391,0.93528,0.93238,0.93274,12374.1
1649908800000,0.93273,0.93431,0.93246,0.93413,15359.63
1649923200000,0.93413,0.93768,0.93412,0.93762,20894.43
1649937600000,0.93759,0.94331,0.93615,0.94255,53872.21
1649952000000,0.94255,0.94326,0.94106,0.94275,14168.76
1649966400000,0.94271,0.94326,0.94106,0.94298,7247.85
1649980800000,0.94299,0.94434,0.94168,0.94279,26285.4
1649995200000,0.94279,0.94392,0.94118,0.9418,50854.72
1650009600000,0.9418,0.94292,0.94171,0.94211,37188.15
1650024000000,0.9421,0.94304,0.94171,0.94295,37520.38
1650038400000,0.94295,0.94391,0.94175,0.94236,3528.81
1650052800000,0.94234,0.94322,0.94154,0.94259,1145.12
1650225600000,0.94103,0.94387,0.94103,0.94244,4228.32
1650240000000,0.94244,0.94386,0.9422,0.9438,14216.74
1650254400000,0.9438,0.94484,0.94313,0.94446,10472.17
1650268800000,0.94446,0.94484,0.94207,0.94249,10872.39
1650283200000,0.94249,0.94438,0.94225,0.94422,25866.4
1650297600000,0.94423,0.94531,0.94402,0.94448,11121.73
1650312000000,0.94447,0.94512,0.9431,0.94482,3409.81
1650326400000,0.94484,0.94659,0.94428,0.94554,17101.06
1650340800000,0.94553,0.94625,0.94426,0.94437,22796.79
1650355200000,0.94437,0.94917,0.9441,0.9466,26854.33
1650369600000,0.94657,0.9497,0.94333,0.94815,40474.4
1650384000000,0.94815,0.95217,0.94813,0.9516,15723.97
1650398400000,0.95157,0.95244,0.9512,0.95214,6889.45
1650412800000,0.95213,0.95357,0.95064,0.95086,27106.82
1650427200000,0.95084,0.95145,0.94899,0.95009,19499.41
1650441600000,0.95008,0.95015,0.94541,0.94673,28689.2
1650456000000,0.94671,0.9492,0.94596,0.94703,35016.67
1650470400000,0.94703,0.94913,0.94683,0.94822,17282.12
1650484800000,0.94821,0.94941,0.94815,0.94908,4364.63
1650499200000,0.94909,0.95139,0.94898,0.95068,15292.55
1650513600000,0.95068,0.95087,0.94579,0.94579,27498.26
1650528000000,0.94579,0.94969,0.94568,0.94951,28516.68
1650542400000,0.9495,0.95385,0.94873,0.95308,37080.23
1650556800000,0.95308,0.9553,0.9522,0.95249,27227.6
1650571200000,0.95249,0.95398,0.95249,0.95372,5507.35
1650585600000,0.95372,0.95468,0.95346,0.95388,17181.62
1650600000000,0.95388,0.955,0.95283,0.9547,27058.67
1650614400000,0.95471,0.95603,0.95433,0.95451,25402.78
1650628800000,0.95451,0.95901,0.95432,0.95866,40966.27
1650643200000,0.95865,0.95924,0.95617,0.957,12611.42
1650657600000,0.95702,0.95713,0.95635,0.95658,1940.97
1650830400000,0.95666,0.9575,0.95546,0.95574,5105.31
1650844800000,0.95574,0.9577,0.95547,0.95695,17354.09
1650859200000,0.95695,0.9597,0.95675,0.95787,32679.16
1650873600000,0.95787,0.95914,0.95607,0.95611,32735.06
1650888000000,0.95611,0.95868,0.95464,0.95853,42671.4
1650902400000,0.95853,0.95961,0.95805,0.95865,15296.64
1650916800000,0.95868,0.95966,0.95828,0.95848,7967.06
1650931200000,0.95847,0.95872,0.95697,0.95857,28396.16
1650945600000,0.95857,0.9603,0.95819,0.95942,24666.78
1650960000000,0.95942,0.95998,0.95736,0.95843,22533.58
1650974400000,0.95842,0.96118,0.95642,0.96111,33439.76
1650988800000,0.96111,0.96246,0.96057,0.96209,11640.07
1651003200000,0.96208,0.96264,0.96145,0.96234,7260.37
1651017600000,0.9624,0.96333,0.96163,0.96322,14286.82
1651032000000,0.96322,0.96542,0.96242,0.96491,23363.47
1651046400000,0.9649,0.9659,0.9632,0.96585,33951.03
1651060800000,0.96584,0.97009,0.96582,0.96942,37499.39
1651075200000,0.96945,0.96947,0.96741,0.96861,13164.33
1651089600000,0.96863,0.9692,0.96673,0.96881,4226.63
1651104000000,0.96879,0.9713,0.9686,0.97127,23006.68
1651118400000,0.97127,0.97206,0.96831,0.96841,38369.63
1651132800000,0.96841,0.97388,0.96801,0.97367,39873.43
1651147200000,0.97365,0.97588,0.97046,0.97242,51393.46
1651161600000,0.97242,0.97245,0.97044,0.97157,17112.42
1651176000000,0.97157,0.97222,0.97116,0.9717,4635.54
1651190400000,0.97169,0.97212,0.96994,0.97129,14533.04
1651204800000,0.9713,0.97164,0.96838,0.96873,25188.08
1651219200000,0.96873,0.97186,0.96793,0.97103,29981.97
1651233600000,0.97102,0.97361,0.96707,0.97215,41876.08
1651248000000,0.97213,0.97336,0.96989,0.97259,19185.39
1651262400000,0.97257,0.97345,0.97256,0.97318,2810.6
1651435200000,0.97208,0.97423,0.97175,0.97418,4440.33
1651449600000,0.97418,0.97492,0.97255,0.97429,8072.48
1651464000000,0.97427,0.97494,0.97159,0.97338,10663.18
1651478400000,0.97335,0.97446,0.97141,0.97423,10917.65
1651492800000,0.97423,0.97846,0.97341,0.97706,12222.23
1651507200000,0.97703,0.97892,0.97669,0.97797,5623.05
1651521600000,0.97798,0.97832,0.97587,0.9776,2886.98
1651536000000,0.97754,0.97784,0.97654,0.97717,6198.53
1651550400000,0.97716,0.97912,0.97713,0.97794,12015.56
1651564800000,0.97792,0.97937,0.974,0.97439,13291.4
1651579200000,0.97439,0.97908,0.972,0.97834,17022.34
1651593600000,0.97834,0.97994,0.97788,0.97821,8452.46
1651608000000,0.97821,0.97923,0.97702,0.97879,3351.86
1651622400000,0.97878,0.97976,0.97819,0.97957,7328.65
1651636800000,0.97957,0.97991,0.97807,0.97967,9075.26
1651651200000,0.97967,0.98184,0.97958,0.98,11176.49
1651665600000,0.98002,0.98387,0.97905,0.98291,16954.39
1651680000000,0.98288,0.98521,0.97238,0.97292,42022.76
1651694400000,0.97293,0.97481,0.97154,0.97327,8463.99
1651708800000,0.97326,0.97415,0.97092,0.97271,14149.17
1651723200000,0.9727,0.97776,0.97258,0.97661,18639.41
1651737600000,0.97659,0.9813,0.97531,0.98122,27153.18
1651752000000,0.98123,0.98777,0.97943,0.98746,32666.85
1651766400000,0.98744,0.98896,0.98451,0.98455,19459.6
1651780800000,0.98456,0.98553,0.98398,0.98523,5909.67
1651795200000,0.98521,0.98836,0.98454,0.98613,16431.73
1651809600000,0.98612,0.98804,0.9834,0.98603,20026.46
1651824000000,0.98603,0.98668,0.98281,0.98586,29984.48
1651838400000,0.98586,0.98878,0.98268,0.9858,40723
1651852800000,0.9858,0.98918,0.98506,0.98829,12439.05
1651867200000,0.9883,0.98867,0.98795,0.98827,2751.53
1652040000000,0.98585,0.98942,0.98585,0.9891,3475.76
1652054400000,0.9891,0.99181,0.98894,0.99131,18228.24
1652068800000,0.99131,0.99458,0.99084,0.99312,23410.4
1652083200000,0.99311,0.99403,0.9909,0.99255,26244.56
1652097600000,0.99259,0.99653,0.98926,0.99292,31611.53
1652112000000,0.99292,0.994,0.99045,0.99285,19160.37
1652126400000,0.99286,0.99395,0.99269,0.99301,4830.14
1652140800000,0.993,0.9936,0.99134,0.99141,22092.13
1652155200000,0.99141,0.99339,0.99093,0.9933,21645.43
1652169600000,0.9933,0.99745,0.99257,0.99339,28115.47
1652184000000,0.99337,0.99532,0.99052,0.99496,34486.69
1652198400000,0.99495,0.99642,0.99395,0.99514,16588.8
1652212800000,0.99514,0.99609,0.99459,0.99589,4141.06
1652227200000,0.99589,0.99636,0.99498,0.99551,9720.24
1652241600000,0.99552,0.99552,0.99149,0.99197,22083.17
1652256000000,0.99196,0.99226,0.98716,0.99007,24767.84
1652270400000,0.99007,0.99614,0.98734,0.99069,59013.24
1652284800000,0.9907,0.99436,0.99044,0.99413,25417.7
1652299200000,0.99412,0.99477,0.99222,0.99451,4483.26
1652313600000,0.99451,0.99533,0.99323,0.99522,14814.44
1652328000000,0.99522,0.99681,0.99317,0.99554,26109.85
1652342400000,0.99553,0.99739,0.99477,0.99712,23301.61
1652356800000,0.99712,1.00048,0.99463,1.00044,32220.99
1652371200000,1.00043,1.0049,0.99978,1.00413,23361.37
1652385600000,1.00413,1.00427,1.00226,1.00326,7084.26
1652400000000,1.00329,1.0041,1.00167,1.00251,17018.76
1652414400000,1.00253,1.00298,0.9999,1.00041,22182.48
1652428800000,1.00041,1.0017,0.99919,0.99988,22839
1652443200000,0.99987,1.00468,0.99917,1.0013,37757.4
1652457600000,1.00131,1.00349,1.00116,1.00265,13008.16
1652472000000,1.00264,1.00297,1.00115,1.00116,2803.05
1652644800000,1.00023,1.00305,1.00023,1.00228,3371.06
1652659200000,1.00225,1.00325,1.00167,1.00299,12993.43
1652673600000,1.003,1.00581,1.00221,1.00575,14356.67
1652688000000,1.00575,1.00575,1.00324,1.0045,17291.74
1652702400000,1.00453,1.00639,1.00241,1.00274,22663.64
1652716800000,1.00278,1.00358,1.00073,1.00233,9622.35
1652731200000,1.00234,1.00272,1.001,1.002,9688.1
1652745600000,1.002,1.00231,1.00102,1.00204,10491.18
1652760000000,1.00206,1.00224,0.99832,0.99834,15705.16
1652774400000,0.99835,0.9985,0.9918,0.99242,26228.48
1652788800000,0.99241,0.99406,0.9918,0.99317,24849.55
1652803200000,0.99319,0.99585,0.99217,0.99383,19518.83
1652817600000,0.99375,0.99438,0.99258,0.99362,2591.03
1652832000000,0.99363,0.99473,0.99233,0.99438,11857.72
1652846400000,0.99438,0.99788,0.99368,0.99751,14344.91
1652860800000,0.9975,0.99843,0.99544,0.99736,16096.89
1652875200000,0.99736,0.99756,0.98739,0.99025,26225.85
1652889600000,0.99027,0.99099,0.98598,0.98825,18299
1652904000000,0.98826,0.98865,0.98705,0.9872,7273.03
1652918400000,0.98719,0.9875,0.98557,0.98565,17325.75
1652932800000,0.98567,0.98655,0.98026,0.98252,18156.68
1652947200000,0.98252,0.98278,0.97488,0.97631,27745.7
1652961600000,0.97637,0.97675,0.97087,0.97293,41289.8
1652976000000,0.97293,0.97306,0.96968,0.97146,14296.93
1652990400000,0.97146,0.97283,0.97146,0.97225,3852.45
1653004800000,0.97224,0.97351,0.97066,0.97072,12723.69
1653019200000,0.97073,0.97434,0.96934,0.97237,21736.67
1653033600000,0.97238,0.97454,0.96997,0.97211,18773.48
1653048000000,0.97211,0.97583,0.97165,0.97491,28435
1653062400000,0.97491,0.97637,0.97391,0.97493,20703.24
1653076800000,0.97493,0.97504,0.9737,0.9737,2369.97
1653249600000,0.97308,0.97508,0.97308,0.97505,3607.97
1653264000000,0.97504,0.97505,0.97121,0.97175,11466.42
1653278400000,0.97177,0.97279,0.97095,0.97096,13953.81
1653292800000,0.97096,0.97163,0.96584,0.96762,27012.28
1653307200000,0.96758,0.96812,0.96269,0.96637,34711.79
1653321600000,0.96641,0.96687,0.96527,0.96612,11496.99
1653336000000,0.96612,0.9664,0.96481,0.96572,3841.16
1653350400000,0.96571,0.96696,0.96553,0.96638,8874.6
1653364800000,0.96636,0.96673,0.96176,0.96209,22076.35
1653379200000,0.96206,0.96652,0.96101,0.96463,26724.93
1653393600000,0.96462,0.96517,0.95733,0.95983,38890.43
1653408000000,0.95984,0.96102,0.95952,0.96102,13732.78
1653422400000,0.96102,0.96106,0.9583,0.96034,6572.01
1653436800000,0.96031,0.96285,0.9601,0.96225,15733.45
1653451200000,0.96225,0.96294,0.96125,0.96144,19240.14
1653465600000,0.96143,0.96417,0.96131,0.96323,26540.52
1653480000000,0.96324,0.964,0.9607,0.96366,30595.48
1653494400000,0.96365,0.9638,0.96078,0.96205,21149.64
1653508800000,0.96198,0.96243,0.95972,0.96156,7983.78
1653523200000,0.96153,0.96208,0.96076,0.96135,11088.95
1653537600000,0.96136,0.96322,0.95902,0.95937,16140.67
1653552000000,0.95936,0.961,0.95823,0.96054,21925.2
1653566400000,0.96054,0.96155,0.95907,0.95945,28641.84
1653580800000,0.95945,0.96077,0.95877,0.95926,14055.93
1653595200000,0.95925,0.95926,0.95835,0.95858,5428.78
1653609600000,0.95855,0.95891,0.95649,0.95772,13922.08
1653624000000,0.95772,0.96021,0.95739,0.95964,17472.69
1653638400000,0.95965,0.95981,0.95726,0.95848,16706.04
1653652800000,0.95847,0.95847,0.95443,0.95753,28947.75
1653667200000,0.95752,0.95849,0.95729,0.95748,12117.48
1653681600000,0.95747,0.95755,0.95647,0.95647,1588.92
1653854400000,0.95453,0.95828,0.95453,0.95791,2267.16
1653868800000,0.95797,0.95809,0.95558,0.95658,10022.17
1653883200000,0.95657,0.95889,0.95534,0.95867,13898.62
1653897600000,0.95865,0.95975,0.95648,0.95922,18764.86
1653912000000,0.9592,0.96059,0.95678,0.95732,17433.03
1653926400000,0.95724,0.95789,0.95687,0.95744,5252.59
1653940800000,0.95744,0.95831,0.95567,0.95824,3331.5
1653955200000,0.95822,0.96135,0.95817,0.95937,14870.56
1653969600000,0.95936,0.96132,0.95887,0.96108,13206.46
1653984000000,0.96107,0.96162,0.95788,0.95947,21201.77
1653998400000,0.95948,0.96197,0.95672,0.95698,40351.43
1654012800000,0.95698,0.95958,0.95685,0.95931,14209.41
1654027200000,0.95931,0.95986,0.95691,0.95957,5073.04
1654041600000,0.95964,0.96153,0.95943,0.96058,12119.49
1654056000000,0.9606,0.9618,0.95887,0.96037,15970.94
1654070400000,0.96037,0.96255,0.95918,0.96231,16490.95
1654084800000,0.9623,0.96586,0.95954,0.96446,36440.96
1654099200000,0.96447,0.96466,0.96224,0.96339,15133.01
1654113600000,0.96338,0.9635,0.96104,0.96303,4312.29
1654128000000,0.96303,0.96359,0.96191,0.96338,10670.45
1654142400000,0.96338,0.96351,0.95748,0.95962,19729.25
1654156800000,0.95958,0.96121,0.9589,0.95993,18175.59
1654171200000,0.95993,0.96145,0.95802,0.9593,32695.28
1654185600000,0.9593,0.9593,0.95768,0.95769,11003.87
1654200000000,0.95768,0.958,0.95685,0.95756,6026.67
1654214400000,0.95756,0.958,0.95675,0.95763,8948.89
1654228800000,0.95763,0.95815,0.95563,0.95624,9417
1654243200000,0.95623,0.96057,0.95616,0.96017,17707.96
1654257600000,0.96019,0.96424,0.95925,0.96365,34887.61
1654272000000,0.96364,0.96372,0.96201,0.96247,9334.27
1654286400000,0.96247,0.96294,0.96114,0.96114,3613.66
1654459200000,0.96155,0.96309,0.96103,0.96229,3619.42
1654473600000,0.96229,0.96288,0.96122,0.96133,9765.28
1654488000000,0.96135,0.96234,0.96112,0.96115,11762.06
1654502400000,0.96114,0.96207,0.9605,0.96189,12102.21
1654516800000,0.96186,0.96931,0.96184,0.96901,25429.81
1654531200000,0.96903,0.97138,0.9688,0.9705,13394.61
1654545600000,0.97054,0.97184,0.97005,0.97134,7676.8
1654560000000,0.97134,0.97242,0.97093,0.97137,18127.41
1654574400000,0.97138,0.97532,0.97048,0.975,23181.83
1654588800000,0.97501,0.97787,0.97321,0.97739,19668.32
1654603200000,0.97739,0.97772,0.97198,0.97331,29865.59
1654617600000,0.97331,0.97412,0.97155,0.97269,12325.4
1654632000000,0.9727,0.97357,0.9717,0.97354,4455.33
1654646400000,0.97354,0.97494,0.97321,0.9746,14761.1
1654660800000,0.97462,0.97617,0.97363,0.97605,16539.23
1654675200000,0.97605,0.97887,0.97528,0.97621,26672.11
1654689600000,0.97623,0.9784,0.97301,0.9749,28255.18
1654704000000,0.97491,0.97874,0.97481,0.97861,11152.89
1654718400000,0.9786,0.97897,0.97711,0.97884,4764.11
1654732800000,0.97882,0.97925,0.97684,0.97709,10674.1
1654747200000,0.97711,0.97982,0.97695,0.97931,14957.62
1654761600000,0.9793,0.98008,0.97681,0.97743,26939.21
1654776000000,0.97741,0.97963,0.97235,0.97773,58531.77
1654790400000,0.97776,0.98091,0.97743,0.98078,12491.28
1654804800000,0.9808,0.98172,0.97958,0.98034,11041.81
1654819200000,0.98034,0.98065,0.97889,0.97902,14516.22
1654833600000,0.97903,0.97952,0.97655,0.97837,22273.44
1654848000000,0.97837,0.98424,0.97785,0.98385,23236.29
1654862400000,0.98386,0.98977,0.98235,0.98862,59086.3
1654876800000,0.98861,0.9891,0.98739,0.9882,17567.31
1654891200000,0.98821,0.98832,0.98714,0.98759,4402.46
1655064000000,0.98717,0.98964,0.98691,0.98924,6153.27
1655078400000,0.98925,0.98996,0.98832,0.9891,24449.44
1655092800000,0.98909,0.99177,0.98812,0.99141,23899.38
1655107200000,0.99142,0.99451,0.98951,0.99428,34383.32
1655121600000,0.99426,0.99783,0.99023,0.99662,49674.73
1655136000000,0.99662,0.9994,0.99423,0.99826,37437.62
1655150400000,0.99824,0.99904,0.99665,0.9967,10814.46
1655164800000,0.9967,0.99769,0.99534,0.99582,30637.86
1655179200000,0.99582,0.99684,0.99007,0.99042,28699.96
1655193600000,0.99041,0.99439,0.98732,0.99403,40886.98
1655208000000,0.99402,1.00275,0.99329,1.00173,57164.4
1655222400000,1.00172,1.00365,1.00008,1.00181,30371.98
1655236800000,1.0018,1.00202,0.99925,0.99944,9054.13
1655251200000,0.99946,1.0006,0.99858,0.99934,33742.47
1655265600000,0.99933,1.00191,0.99714,0.99895,35546.14
1655280000000,0.99897,0.9994,0.99607,0.99922,46226.86
1655294400000,0.99922,1.00233,0.99817,1.00225,50615.83
1655308800000,1.00226,1.00492,0.99333,0.99442,57221.75
1655323200000,0.99443,0.99616,0.99306,0.99442,19291.21
1655337600000,0.9944,0.99811,0.99317,0.99498,29616.77
1655352000000,0.99496,0.99887,0.97829,0.97942,36195.58
1655366400000,0.97942,0.98423,0.97699,0.98045,49966.74
1655380800000,0.98044,0.98044,0.96603,0.96626,60898.46
1655395200000,0.96627,0.96785,0.96294,0.96558,42606.16
1655409600000,0.96559,0.96727,0.96491,0.96685,12718.35
1655424000000,0.96685,0.97111,0.96613,0.97066,39924.57
1655438400000,0.97066,0.9707,0.96345,0.9635,40505.47
1655452800000,0.9635,0.96737,0.96191,0.96337,41795.65
1655467200000,0.96333,0.97325,0.96275,0.97167,54215.87
1655481600000,0.97167,0.97232,0.96919,0.97053,22164.27
1655496000000,0.97053,0.97108,0.9693,0.96977,4395.26
1655668800000,0.96995,0.9712,0.96842,0.96977,5814.65
1655683200000,0.96978,0.97037,0.96602,0.96606,30114.16
1655697600000,0.96607,0.96725,0.96428,0.96521,27875.68
1655712000000,0.96517,0.96616,0.96215,0.9661,28751.24
1655726400000,0.96611,0.96821,0.96515,0.96571,27778.04
1655740800000,0.96571,0.96898,0.96562,0.96783,17117.03
1655755200000,0.96782,0.96794,0.96555,0.96742,13755.97
1655769600000,0.96746,0.96769,0.96567,0.9666,17687.55
1655784000000,0.96661,0.96751,0.96385,0.96419,24352.05
1655798400000,0.96419,0.96836,0.96419,0.96758,33518.27
1655812800000,0.96758,0.96833,0.96317,0.966,40347.65
1655827200000,0.96602,0.96715,0.96505,0.9667,19101.44
1655841600000,0.9667,0.96696,0.96517,0.96614,8345.17
1655856000000,0.96611,0.96797,0.96573,0.96671,22238.78
1655870400000,0.9667,0.9689,0.96626,0.96741,25854.43
1655884800000,0.96741,0.96818,0.96411,0.96576,35355.24
1655899200000,0.96577,0.96603,0.95799,0.96171,53633.46
1655913600000,0.96169,0.96244,0.96023,0.96173,19177.29
1655928000000,0.96175,0.96216,0.96029,0.96164,6149.85
1655942400000,0.96165,0.9624,0.95979,0.96124,26588.26
1655956800000,0.96125,0.96668,0.96029,0.96635,34229.12
1655971200000,0.96634,0.96779,0.96449,0.9648,43280.93
1655985600000,0.96481,0.96558,0.95665,0.96081,66518.6
1656000000000,0.96078,0.96187,0.95959,0.96041,30777.6
1656014400000,0.9604,0.9616,0.96021,0.96127,8351.85
1656028800000,0.96131,0.96266,0.96056,0.96105,22941.79
1656043200000,0.96108,0.9614,0.95913,0.96128,27348.88
1656057600000,0.96127,0.96323,0.95617,0.9566,36093.99
1656072000000,0.95659,0.95735,0.95214,0.95688,59107.79
1656086400000,0.9569,0.96012,0.95644,0.95806,27440.75
1656100800000,0.95806,0.95908,0.95801,0.95802,3743.03
1656273600000,0.95577,0.95823,0.95577,0.95728,8494.44
1656288000000,0.95729,0.95812,0.95638,0.95741,23143.98
1656302400000,0.95743,0.95835,0.95596,0.95663,26212.58
1656316800000,0.95663,0.96,0.95584,0.95958,32504.99
1656331200000,0.95958,0.962,0.95426,0.9552,44780.05
1656345600000,0.95519,0.95656,0.95455,0.95628,18222.73
1656360000000,0.95625,0.95669,0.95499,0.95633,5802.99
1656374400000,0.95635,0.95638,0.95504,0.95582,17516.56
1656388800000,0.95584,0.95672,0.95407,0.95498,27616.67
1656403200000,0.95498,0.9568,0.95331,0.95625,43204.62
1656417600000,0.95628,0.95866,0.95566,0.95634,54935.79
1656432000000,0.95634,0.95784,0.95556,0.95718,22904.7
1656446400000,0.95716,0.95795,0.95605,0.95675,13982.18
1656460800000,0.95675,0.95709,0.955,0.95632,25563.18
1656475200000,0.95629,0.95775,0.95511,0.95617,38421.83
1656489600000,0.95619,0.95671,0.94948,0.95084,44887.46
1656504000000,0.95087,0.95491,0.95042,0.954,52887.63
1656518400000,0.95401,0.95538,0.95347,0.95514,17324.1
1656532800000,0.95514,0.95523,0.95369,0.9541,9940.26
1656547200000,0.9541,0.95547,0.95363,0.95408,22824.6
1656561600000,0.95408,0.95743,0.95291,0.95512,32815.72
1656576000000,0.95512,0.96051,0.95391,0.95725,39062.32
1656590400000,0.95723,0.95938,0.95429,0.95508,63815.65
1656604800000,0.95509,0.95523,0.95343,0.95457,21965.26
1656619200000,0.95456,0.95558,0.9538,0.95506,13572.89
1656633600000,0.95506,0.95681,0.95483,0.95627,20338.27
1656648000000,0.95631,0.95854,0.95467,0.95826,37821.29
1656662400000,0.95823,0.9612,0.95688,0.96048,43416.04
1656676800000,0.96049,0.96412,0.95998,0.9623,68436.56
1656691200000,0.96231,0.96311,0.95927,0.9598,27063.06
1656705600000,0.95979,0.96008,0.95915,0.95918,1876.42
1656878400000,0.95907,0.95983,0.9584,0.95858,13905.14
1656892800000,0.95859,0.95941,0.958,0.95918,18488.63
1656907200000,0.95918,0.95953,0.95593,0.95921,23188.05
1656921600000,0.9592,0.96057,0.95883,0.96028,26730.39
1656936000000,0.96028,0.96169,0.95978,0.96067,25408.02
1656950400000,0.96068,0.96157,0.96034,0.96133,10273.03
1656964800000,0.96134,0.96136,0.9604,0.96094,7339.82
1656979200000,0.96095,0.96139,0.96026,0.96057,16829.88
1656993600000,0.96057,0.96256,0.95926,0.96104,23231.29
1657008000000,0.96104,0.96603,0.96046,0.9651,45196.13
1657022400000,0.96512,0.97044,0.96466,0.96888,50441.45
1657036800000,0.96889,0.9702,0.9679,0.96825,20415.97
1657051200000,0.96825,0.96883,0.96753,0.96843,9659.02
1657065600000,0.96845,0.96888,0.96714,0.96824,17256.03
1657080000000,0.96824,0.96919,0.96716,0.96841,32475.17
1657094400000,0.96843,0.97249,0.9671,0.97135,39258.12
1657108800000,0.97134,0.97435,0.96877,0.97162,59645.27
1657123200000,0.97162,0.97274,0.9697,0.97052,33956.67
1657137600000,0.97058,0.97109,0.96866,0.97021,7845.96
1657152000000,0.97022,0.97077,0.96844,0.96894,23168.99
1657166400000,0.96894,0.97164,0.96812,0.97099,26378.62
1657180800000,0.97098,0.97315,0.96977,0.97258,45700.26
1657195200000,0.97258,0.97412,0.9714,0.97344,44504.39
1657209600000,0.97344,0.97483,0.97305,0.97405,16771.31
1657224000000,0.97405,0.97435,0.97258,0.97378,8529.15
1657238400000,0.97375,0.97429,0.97226,0.97345,21002.83
1657252800000,0.97346,0.97974,0.97325,0.97756,26397.17
1657267200000,0.97756,0.97843,0.97593,0.97612,35334.16
1657281600000,0.97612,0.97926,0.97455,0.9776,65032.68
1657296000000,0.97759,0.97888,0.97605,0.97659,17411.77
1657310400000,0.97662,0.97701,0.9757,0.97575,2593.93
1657483200000,0.97519,0.97784,0.97519,0.9777,7006.09
1657497600000,0.97769,0.97968,0.97756,0.97843,19488.7
1657512000000,0.97843,0.98012,0.97792,0.97932,21455.12
1657526400000,0.97932,0.98171,0.97813,0.98102,27072.83
1657540800000,0.98103,0.98429,0.97903,0.97944,45453.14
1657555200000,0.97944,0.98281,0.97865,0.98178,17734.31
1657569600000,0.98177,0.98343,0.9815,0.98287,10157.14
1657584000000,0.98299,0.98436,0.98162,0.98285,32558.38
1657598400000,0.98287,0.98525,0.98284,0.98409,38760.03
1657612800000,0.98412,0.98582,0.98296,0.98403,44271.67
1657627200000,0.98404,0.98474,0.98035,0.98128,45193.05
1657641600000,0.98128,0.98223,0.9809,0.9821,18845.21
1657656000000,0.9821,0.98261,0.9812,0.98189,7503.55
1657670400000,0.98191,0.98293,0.98109,0.98183,22116.36
1657684800000,0.98183,0.98247,0.97842,0.97891,29989.58
1657699200000,0.97891,0.97974,0.97573,0.97573,28820.09
1657713600000,0.9757,0.98266,0.97561,0.9786,83084.92
1657728000000,0.97858,0.97946,0.97657,0.97888,30016.34
1657742400000,0.9789,0.98099,0.97683,0.98079,9280.08
1657756800000,0.98078,0.98261,0.98063,0.98145,26714.19
1657771200000,0.98143,0.98444,0.98132,0.98429,35946.96
1657785600000,0.98427,0.98622,0.98257,0.98323,47845.74
1657800000000,0.98325,0.98855,0.98212,0.98287,67215.44
1657814400000,0.98288,0.98572,0.98238,0.9837,47017.01
1657828800000,0.98369,0.98403,0.98128,0.98289,12782.51
1657843200000,0.98289,0.9833,0.98099,0.9829,17445.39
1657857600000,0.9829,0.9841,0.98024,0.98061,26195.85
1657872000000,0.98061,0.98215,0.97891,0.97915,30577.36
1657886400000,0.97917,0.98195,0.977,0.97763,61268.91
1657900800000,0.97763,0.97893,0.97661,0.97697,20626.69
1657915200000,0.97702,0.97707,0.97582,0.97586,3414.41
1658088000000,0.97626,0.97685,0.9754,0.97542,6228.16
1658102400000,0.97542,0.97572,0.97361,0.97547,18032.74
1658116800000,0.97545,0.97697,0.97434,0.97487,30021.64
1658131200000,0.97488,0.97714,0.97313,0.9768,35913.91
1658145600000,0.9768,0.97895,0.97306,0.97633,45769.5
1658160000000,0.97629,0.97751,0.97514,0.97736,19925.54
1658174400000,0.97735,0.97798,0.97645,0.97753,7738.06
1658188800000,0.97751,0.97862,0.97716,0.9778,15724.17
1658203200000,0.97779,0.97779,0.96997,0.9703,30784.49
1658217600000,0.9703,0.97101,0.96718,0.9679,44150.83
1658232000000,0.96789,0.96932,0.96536,0.96828,49891.16
1658246400000,0.96828,0.96943,0.96774,0.96911,20181.26
1658260800000,0.96912,0.96915,0.96752,0.96884,9776.17
1658275200000,0.96885,0.96908,0.96772,0.96827,13530.52
1658289600000,0.96828,0.97002,0.96756,0.96983,30367.4
1658304000000,0.96982,0.97163,0.96793,0.96988,42854.7
1658318400000,0.96989,0.97291,0.96848,0.97197,41657.39
1658332800000,0.97198,0.97357,0.9717,0.97215,24861.51
1658347200000,0.97216,0.97222,0.96997,0.97153,11214.73
1658361600000,0.97154,0.97193,0.96988,0.97047,22342.8
1658376000000,0.97047,0.97359,0.96944,0.97338,34318.52
1658390400000,0.97338,0.97389,0.97146,0.97293,44045.96
1658404800000,0.97292,0.97308,0.96673,0.9693,87142.49
1658419200000,0.96932,0.97004,0.9673,0.96732,24682.21
1658433600000,0.96734,0.9677,0.96581,0.96634,13878.52
1658448000000,0.96632,0.96856,0.96584,0.96815,21047.61
1658462400000,0.96816,0.97034,0.96681,0.96878,31538.31
1658476800000,0.9688,0.96908,0.9644,0.96484,43997.36
1658491200000,0.96484,0.96641,0.95995,0.96117,57129.54
1658505600000,0.96117,0.96402,0.9603,0.96195,32297.85
1658520000000,0.96196,0.96234,0.96063,0.96069,4053.27
1658692800000,0.96115,0.96337,0.96041,0.96319,8720.04
1658707200000,0.96321,0.96448,0.96202,0.96331,21737.84
1658721600000,0.96329,0.96544,0.96236,0.96529,30874.07
1658736000000,0.9653,0.96597,0.96177,0.96394,38962.1
1658750400000,0.96391,0.96577,0.96341,0.96523,39929.11
1658764800000,0.96522,0.96562,0.9641,0.96415,14372.22
1658779200000,0.96416,0.96471,0.96348,0.96428,6247.45
1658793600000,0.96427,0.96431,0.96224,0.96395,12729.58
1658808000000,0.96396,0.96551,0.96371,0.96467,18873.06
1658822400000,0.96466,0.96677,0.96306,0.96446,39628.17
1658836800000,0.96447,0.96587,0.96153,0.96341,37968.71
1658851200000,0.9634,0.96361,0.96203,0.9629,15835.46
1658865600000,0.9629,0.96316,0.96185,0.96227,9186.72
1658880000000,0.96227,0.96255,0.96159,0.96199,15042.8
1658894400000,0.96198,0.96376,0.96102,0.96225,20244.01
1658908800000,0.96226,0.9625,0.96044,0.96239,28357.33
1658923200000,0.96238,0.96559,0.9603,0.96523,31928.29
1658937600000,0.96523,0.96587,0.9583,0.95892,54944.95
1658952000000,0.95894,0.95981,0.9582,0.95832,12503.96
1658966400000,0.95831,0.95982,0.95715,0.9585,27076.31
1658980800000,0.95849,0.96043,0.9579,0.95893,31980.15
1658995200000,0.95892,0.96314,0.9568,0.96231,44690.26
1659009600000,0.96232,0.96305,0.95566,0.95681,77944.05
1659024000000,0.95685,0.95799,0.9544,0.95502,21239.15
1659038400000,0.95504,0.95523,0.95422,0.95436,7210.79
1659052800000,0.95437,0.95492,0.95136,0.95195,18408.46
1659067200000,0.95197,0.95302,0.95019,0.95191,34806.26
1659081600000,0.95197,0.9544,0.95142,0.95429,39711.26
1659096000000,0.95431,0.95937,0.95095,0.95126,75434.75
1659110400000,0.95125,0.9533,0.95072,0.95183,26392.23
1659124800000,0.95183,0.95206,0.95081,0.9512,6294.08
1659297600000,0.95143,0.95339,0.95052,0.95283,9518.3
1659312000000,0.95283,0.95291,0.95003,0.95104,31266.13
1659326400000,0.95104,0.95151,0.94964,0.95092,26765.38
1659340800000,0.95093,0.95185,0.94821,0.94981,37738.26
1659355200000,0.94981,0.95149,0.94816,0.94877,59063.26
1659369600000,0.94877,0.95157,0.94852,0.95007,21365.99
1659384000000,0.95007,0.95063,0.94874,0.9501,10161.34
1659398400000,0.95006,0.95037,0.94699,0.94997,37891.02
1659412800000,0.94998,0.95331,0.9494,0.95214,40312.83
1659427200000,0.95213,0.95298,0.95044,0.95239,41251.66
1659441600000,0.95237,0.9559,0.95189,0.954,67504.52
1659456000000,0.95401,0.9573,0.9534,0.95711,34697.49
1659470400000,0.95711,0.95863,0.95649,0.95834,15400.98
1659484800000,0.95836,0.95899,0.95457,0.95461,60331.83
1659499200000,0.95461,0.95887,0.95417,0.95825,52635.57
1659513600000,0.95825,0.96024,0.95695,0.9588,40299.93
1659528000000,0.9588,0.9651,0.95848,0.96324,62269.63
1659542400000,0.96323,0.96341,0.96045,0.96073,29378.57
1659556800000,0.96073,0.96145,0.95989,0.96118,7351.29
1659571200000,0.96117,0.96164,0.96012,0.96113,18293.51
1659585600000,0.96112,0.96223,0.96057,0.9613,24533.93
1659600000000,0.9613,0.9618,0.95864,0.95994,34044.87
1659614400000,0.95993,0.96058,0.95634,0.95634,58436.65
1659628800000,0.95635,0.95673,0.95432,0.95489,27309.41
1659643200000,0.95489,0.95539,0.95377,0.95399,14035.25
1659657600000,0.95398,0.95663,0.9538,0.95615,25861.35
1659672000000,0.95616,0.95739,0.95589,0.95609,25449.77
1659686400000,0.95609,0.95732,0.95372,0.95536,28787.01
1659700800000,0.95536,0.96494,0.95518,0.96345,82081.31
1659715200000,0.96345,0.96374,0.9611,0.96207,36404.36
1659729600000,0.96203,0.9622,0.96152,0.96161,3871.59
1659902400000,0.96156,0.96254,0.96081,0.96213,6568.95
1659916800000,0.96213,0.96346,0.96125,0.96129,22137.3
1659931200000,0.96129,0.96167,0.9569,0.9572,27401.97
1659945600000,0.95723,0.95923,0.95658,0.95664,30919.04
1659960000000,0.95665,0.95822,0.95214,0.95455,40982.1
1659974400000,0.95455,0.95651,0.95401,0.9559,23665.79
1659988800000,0.9559,0.95591,0.95434,0.95496,7079.41
1660003200000,0.95496,0.95554,0.95492,0.95512,15826.91
1660017600000,0.95514,0.95544,0.95324,0.95346,20013.97
1660032000000,0.95346,0.95459,0.95158,0.95453,31523.16
1660046400000,0.95453,0.95493,0.95106,0.95247,38120.51
1660060800000,0.95249,0.95459,0.95237,0.95382,15700.53
1660075200000,0.95382,0.95419,0.95268,0.95416,7887.21
1660089600000,0.95417,0.95444,0.95319,0.95356,11623.51
1660104000000,0.95355,0.95404,0.95088,0.95118,17794.87
1660118400000,0.95115,0.95244,0.94787,0.94794,29128.36
1660132800000,0.94793,0.94927,0.93932,0.94111,80669.49
1660147200000,0.94112,0.94302,0.93997,0.94274,31704.43
1660161600000,0.94274,0.94357,0.94183,0.94239,15294.86
1660176000000,0.94236,0.94447,0.94205,0.94384,19328.83
1660190400000,0.94386,0.94454,0.93994,0.94024,28982.87
1660204800000,0.94025,0.94174,0.93906,0.94019,31118.46
1660219200000,0.9402,0.94076,0.93702,0.93921,62594.44
1660233600000,0.93921,0.9423,0.9389,0.9419,25938.55
1660248000000,0.94191,0.94224,0.94068,0.94147,10293.28
1660262400000,0.94149,0.94252,0.94082,0.9416,19245.92
1660276800000,0.9416,0.94263,0.94094,0.942,22575.51
1660291200000,0.94203,0.94331,0.94073,0.94246,31288.63
1660305600000,0.94245,0.94501,0.94082,0.94304,57830.79
1660320000000,0.94305,0.94307,0.94126,0.94177,18127.09
1660334400000,0.94176,0.94204,0.94083,0.94083,3711.93
1660507200000,0.94068,0.94194,0.94009,0.94182,3484.45
1660521600000,0.94182,0.94259,0.94087,0.94199,18466.38
1660536000000,0.94199,0.94399,0.9417,0.94377,19640.46
1660550400000,0.9438,0.94669,0.9434,0.94446,34999.86
1660564800000,0.94447,0.9451,0.94185,0.94494,44548.91
1660579200000,0.94493,0.94709,0.94476,0.94642,17059.42
1660593600000,0.94642,0.94681,0.94444,0.94594,19073.6
1660608000000,0.94595,0.94687,0.94537,0.94609,15712.94
1660622400000,0.94608,0.94843,0.94548,0.94643,25817.5
1660636800000,0.94646,0.95095,0.94643,0.95016,41286.75
1660651200000,0.95016,0.95135,0.94821,0.95066,46288.38
1660665600000,0.95066,0.95116,0.94918,0.9492,19220.89
1660680000000,0.94919,0.94983,0.9484,0.94964,17406.31
1660694400000,0.94963,0.95005,0.94824,0.9495,19626.41
1660708800000,0.94949,0.95181,0.94879,0.95131,30999.43
1660723200000,0.95132,0.95339,0.94937,0.95188,39202.73
1660737600000,0.9519,0.9543,0.95112,0.95387,54396.09
1660752000000,0.95387,0.95406,0.94974,0.95145,39458.05
1660766400000,0.95144,0.952,0.95106,0.95128,13281.57
1660780800000,0.95128,0.95199,0.94972,0.95182,16707.63
1660795200000,0.95181,0.95406,0.95123,0.95353,30487.11
1660809600000,0.95352,0.95439,0.95149,0.95197,39788.94
1660824000000,0.95196,0.95484,0.95008,0.95464,62375.61
1660838400000,0.95464,0.95709,0.95428,0.95603,27946.39
1660852800000,0.95603,0.95696,0.95551,0.95666,11448.3
1660867200000,0.95666,0.95889,0.95664,0.95876,19618.75
1660881600000,0.95875,0.95921,0.95661,0.95665,31638.47
1660896000000,0.95665,0.95829,0.95526,0.95671,36435.66
1660910400000,0.95673,0.95971,0.95582,0.95906,48006.17
1660924800000,0.95905,0.95976,0.95817,0.9585,19705.81
1660939200000,0.95853,0.95924,0.95838,0.95864,2882.02
1661112000000,0.95717,0.95899,0.95708,0.95873,8923.75
1661126400000,0.95873,0.95983,0.95837,0.95874,18679.95
1661140800000,0.95875,0.96035,0.95846,0.95965,26826.81
1661155200000,0.95964,0.96048,0.95734,0.95752,41867.67
1661169600000,0.95752,0.96585,0.95746,0.96533,54658.05
1661184000000,0.96532,0.96548,0.9634,0.96404,22711.61
1661198400000,0.96403,0.96465,0.96222,0.9644,9675.81
1661212800000,0.96439,0.96538,0.96347,0.9638,20410.41
1661227200000,0.96384,0.96557,0.96361,0.96511,34969.88
1661241600000,0.96513,0.96765,0.96484,0.96685,41013.96
1661256000000,0.96686,0.96919,0.96027,0.96332,74003.95
1661270400000,0.96332,0.9649,0.96288,0.96397,30075.66
1661284800000,0.96396,0.96472,0.96311,0.96443,9168.46
1661299200000,0.96441,0.96593,0.96402,0.96548,19735.37
1661313600000,0.96549,0.96625,0.9627,0.96279,27617.24
1661328000000,0.96279,0.96454,0.96071,0.96405,43110.78
1661342400000,0.96405,0.96872,0.96317,0.96637,69439.24
1661356800000,0.96637,0.96776,0.96572,0.96636,22437.99
1661371200000,0.96636,0.96703,0.96573,0.96649,8622.27
1661385600000,0.96648,0.96704,0.96394,0.96418,22952.46
1661400000000,0.96417,0.96451,0.96165,0.96233,38273.97
1661414400000,0.96231,0.96409,0.96124,0.9639,38585.75
1661428800000,0.96389,0.96546,0.9626,0.96471,56977.22
1661443200000,0.9647,0.96537,0.96288,0.96348,27936.79
1661457600000,0.96348,0.96391,0.96222,0.96364,6160.79
1661472000000,0.96364,0.96466,0.96343,0.96371,15342.11
1661486400000,0.96368,0.96568,0.96364,0.96451,22743.75
1661500800000,0.96452,0.96593,0.96251,0.96432,31227.58
1661515200000,0.96432,0.96498,0.95772,0.96364,91875.84
1661529600000,0.96364,0.96687,0.96336,0.96648,30735.92
1661544000000,0.96648,0.96723,0.96541,0.96555,6331.6
1661716800000,0.96432,0.96876,0.96429,0.96867,9498.72
1661731200000,0.96869,0.96979,0.96804,0.96897,24774.66
1661745600000,0.96898,0.97043,0.96862,0.96933,34614.9
1661760000000,0.96933,0.97074,0.96598,0.96756,49083.04
1661774400000,0.96756,0.96998,0.9659,0.96904,61545.2
1661788800000,0.96903,0.96943,0.96751,0.96803,26008.76
1661803200000,0.96809,0.96853,0.96719,0.96725,8254.03
1661817600000,0.96726,0.96846,0.96652,0.96787,20504.31
1661832000000,0.96787,0.97229,0.9668,0.97026,39642.48
1661846400000,0.97026,0.97146,0.96864,0.97049,50401.41
1661860800000,0.9705,0.9762,0.97017,0.97447,72693.78
1661875200000,0.97447,0.9747,0.97286,0.97367,30203.75
1661889600000,0.97367,0.97454,0.97264,0.97401,6099.69
1661904000000,0.97401,0.97435,0.9729,0.97294,21179.8
1661918400000,0.97294,0.97639,0.97261,0.97636,26526.8
1661932800000,0.97636,0.98068,0.97518,0.97981,50816.91
1661947200000,0.9798,0.98015,0.97337,0.97495,76512.42
1661961600000,0.97495,0.97842,0.97464,0.97773,29103.25
1661976000000,0.97773,0.97945,0.97655,0.9792,14696.39
1661990400000,0.97919,0.98085,0.97919,0.97977,29841.93
1662004800000,0.9798,0.98069,0.97505,0.97608,35427.57
1662019200000,0.97609,0.97994,0.97435,0.97877,45895.98
1662033600000,0.97877,0.98607,0.97845,0.98376,77198.81
1662048000000,0.98377,0.9839,0.98083,0.98171,30881.67
1662062400000,0.98172,0.98194,0.98087,0.98121,10836.42
1662076800000,0.98119,0.9813,0.98059,0.98073,14528.46
1662091200000,0.98074,0.98127,0.97865,0.97913,25466.55
1662105600000,0.97913,0.98345,0.97907,0.98288,30056.31
1662120000000,0.98295,0.98589,0.9783,0.9801,74731.99
1662134400000,0.98012,0.98214,0.97997,0.98105,37222
1662148800000,0.98108,0.98209,0.98049,0.9811,6221.68
1662321600000,0.9814,0.98338,0.98068,0.98327,13665.68
1662336000000,0.98328,0.98332,0.98146,0.98255,25799.46
1662350400000,0.98254,0.98357,0.98143,0.9827,33264.42
1662364800000,0.98272,0.98369,0.97949,0.98185,39245.01
1662379200000,0.98185,0.98283,0.97963,0.97987,31117.8
1662393600000,0.97987,0.98061,0.97973,0.97999,11852.69
1662408000000,0.97999,0.98037,0.97831,0.97856,12027.06
1662422400000,0.97855,0.97861,0.97649,0.97851,25398.46
1662436800000,0.9785,0.98169,0.97807,0.97915,41467.48
1662451200000,0.97916,0.98284,0.97848,0.98171,53798.99
1662465600000,0.98174,0.98613,0.98119,0.9839,79514.37
1662480000000,0.9839,0.98531,0.98347,0.98458,35297.96
1662494400000,0.98459,0.98532,0.98285,0.98461,11325.62
1662508800000,0.9846,0.98689,0.98421,0.98617,30581.65
1662523200000,0.98618,0.98693,0.98199,0.98209,36811.5
1662537600000,0.98209,0.98606,0.98165,0.98598,44668.12
1662552000000,0.98598,0.98648,0.98007,0.98078,61683.38
1662566400000,0.98082,0.98102,0.97606,0.97621,26673
1662580800000,0.97621,0.97731,0.97606,0.97667,9878.62
1662595200000,0.97665,0.97815,0.97657,0.97706,19358.44
1662609600000,0.97706,0.97779,0.97407,0.97656,33975.49
1662624000000,0.97657,0.97703,0.97097,0.97243,48263.59
1662638400000,0.97244,0.9758,0.97078,0.9728,102899.63
1662652800000,0.9728,0.97338,0.9706,0.97078,46737.76
1662667200000,0.97079,0.97115,0.96861,0.96864,13521.91
1662681600000,0.96863,0.96873,0.96441,0.96506,34074.31
1662696000000,0.96505,0.96544,0.95909,0.95945,50581.02
1662710400000,0.95945,0.96214,0.95467,0.96209,60869.85
1662724800000,0.96209,0.96266,0.95868,0.96056,77893.43
1662739200000,0.96055,0.96151,0.95982,0.96066,33215.73
1662753600000,0.96066,0.96625,0.95961,0.96625,6200.67
1662926400000,0.95837,0.96089,0.95823,0.95967,14608.02
1662940800000,0.95967,0.96037,0.95777,0.95961,33231.57
1662955200000,0.95961,0.96077,0.95448,0.95496,58783.89
1662969600000,0.95495,0.95692,0.95321,0.95353,60129.85
1662984000000,0.95353,0.95498,0.95096,0.95197,68821.69
1662998400000,0.95196,0.95454,0.95087,0.95402,36706.15
1663012800000,0.95404,0.95423,0.95274,0.95295,8126.95
1663027200000,0.95293,0.95341,0.95165,0.95196,25682.81
1663041600000,0.95196,0.95238,0.94968,0.95021,38485.9
1663056000000,0.9502,0.95264,0.94792,0.95024,46271.14
1663070400000,0.95024,0.96323,0.94969,0.96088,101692.64
1663084800000,0.96088,0.96166,0.95812,0.96153,40992.78
1663099200000,0.96154,0.96254,0.96032,0.96061,19306.21
1663113600000,0.96061,0.9619,0.96017,0.96158,38974.59
1663128000000,0.96157,0.96272,0.95989,0.96023,63413.07
1663142400000,0.96023,0.96275,0.95887,0.96149,73329.63
1663156800000,0.96152,0.96309,0.95935,0.9612,91541.38
1663171200000,0.9612,0.96359,0.96049,0.96274,36182.22
1663185600000,0.96274,0.96284,0.96058,0.96208,9173.37
1663200000000,0.96207,0.96347,0.96182,0.96282,27933.82
1663214400000,0.96282,0.96413,0.96213,0.96245,34451.72
1663228800000,0.96246,0.96316,0.95556,0.95761,45535.06
1663243200000,0.95761,0.96123,0.95573,0.96073,72285.92
1663257600000,0.96073,0.96161,0.95905,0.96116,23791.68
1663272000000,0.96114,0.96206,0.95959,0.96188,12616.85
1663286400000,0.96188,0.96246,0.95997,0.96168,21421.68
1663300800000,0.96166,0.96521,0.96134,0.96388,39498.68
1663315200000,0.9639,0.96459,0.96035,0.96191,45412.91
1663329600000,0.96192,0.96541,0.96083,0.9647,79023.2
1663344000000,0.9647,0.96606,0.96405,0.96458,27544.37
1663358400000,0.96457,0.96493,0.96343,0.96408,4179.58
1663531200000,0.96214,0.96473,0.96214,0.96312,8763.86
1663545600000,0.96309,0.96611,0.96257,0.96578,17204.58
1663560000000,0.96577,0.96949,0.96556,0.96864,27343.82
1663574400000,0.96864,0.96887,0.96465,0.9672,37662.62
1663588800000,0.9672,0.9678,0.96444,0.96624,51684.08
1663603200000,0.96625,0.9663,0.9642,0.9642,17411.48
1663617600000,0.96421,0.96475,0.96346,0.96393,10465.43
1663632000000,0.96393,0.96527,0.96258,0.96442,25475.45
1663646400000,0.96442,0.96623,0.96227,0.96256,48299.73
1663660800000,0.96255,0.96676,0.96248,0.96544,65660.58
1663675200000,0.96545,0.9682,0.96271,0.96285,70804.1
1663689600000,0.96285,0.96446,0.96255,0.96402,31911.36
1663704000000,0.96404,0.96483,0.96231,0.96379,12498.25
1663718400000,0.96378,0.96484,0.9631,0.9644,20614.82
1663732800000,0.96441,0.96784,0.96299,0.96764,49746.76
1663747200000,0.96763,0.9683,0.96241,0.96364,42256.31
1663761600000,0.96367,0.96599,0.96263,0.96522,62160.56
1663776000000,0.96521,0.96996,0.96196,0.96607,81768.85
1663790400000,0.96607,0.96797,0.96523,0.96775,26747.23
1663804800000,0.96775,0.96925,0.96389,0.96624,42388.89
1663819200000,0.96624,0.97806,0.96202,0.97799,65778.23
1663833600000,0.97799,0.98499,0.97168,0.9813,107206.94
1663848000000,0.98131,0.98289,0.97555,0.9806,101155.52
1663862400000,0.9806,0.98066,0.97627,0.97672,44631.23
1663876800000,0.97672,0.97743,0.97564,0.9758,14779.85
1663891200000,0.9758,0.97899,0.97555,0.97867,25952.06
1663905600000,0.97867,0.97998,0.97715,0.97992,39971.91
1663920000000,0.97992,0.98315,0.97945,0.98037,77889.05
1663934400000,0.98037,0.98207,0.97558,0.98158,88490.21
1663948800000,0.9816,0.98395,0.97914,0.98179,52576.24
1663963200000,0.9818,0.98236,0.98058,0.98139,7609.32
1664136000000,0.98123,0.98307,0.97875,0.9824,16799.5
1664150400000,0.9824,0.985,0.98123,0.98494,74506.22
1664164800000,0.98492,0.98734,0.98032,0.98269,76860.33
1664179200000,0.98269,0.99239,0.98255,0.99001,78548.89
1664193600000,0.99002,0.9933,0.98532,0.99248,104765.43
1664208000000,0.99249,0.99649,0.99209,0.99302,68311.39
1664222400000,0.99302,0.99423,0.99204,0.99222,21771.69
1664236800000,0.99222,0.99283,0.99067,0.99115,44184.44
1664251200000,0.99115,0.99183,0.9868,0.98913,61779.69
1664265600000,0.98913,0.99076,0.98486,0.98653,68204.65
1664280000000,0.98656,0.99083,0.98496,0.98961,107685.22
1664294400000,0.98962,0.99234,0.98927,0.99209,52262.14
1664308800000,0.99207,0.99232,0.99061,0.99172,17639.86
1664323200000,0.99171,0.99508,0.99114,0.99464,51823.52
1664337600000,0.99464,0.99654,0.9905,0.99101,69748.03
1664352000000,0.99101,0.99404,0.98758,0.98772,109534.46
1664366400000,0.98773,0.98775,0.97521,0.97571,127375.62
1664380800000,0.97571,0.97891,0.97453,0.97605,64875.63
1664395200000,0.97605,0.97776,0.97481,0.97776,22898.92
1664409600000,0.97777,0.97969,0.97697,0.97932,39615.36
1664424000000,0.97932,0.98557,0.97884,0.98444,58317.84
1664438400000,0.98444,0.98481,0.97814,0.98038,88762.13
1664452800000,0.98038,0.98545,0.9783,0.97973,106801.95
1664467200000,0.97975,0.98104,0.97665,0.97698,42902.74
1664481600000,0.97698,0.97729,0.97375,0.97488,23635.94
1664496000000,0.97488,0.97644,0.97392,0.97627,45548.23
1664510400000,0.97629,0.97897,0.97424,0.97641,67180.91
1664524800000,0.97639,0.98167,0.97528,0.98078,86921.39
1664539200000,0.98077,0.98527,0.97768,0.98452,123603.45
1664553600000,0.98452,0.98768,0.9836,0.98659,49571.78
1664568000000,0.98659,0.9874,0.98561,0.98674,7761.11
1664740800000,0.98395,0.98677,0.98395,0.9855,14659.81
1664755200000,0.98551,0.98678,0.98341,0.98523,38953.26
1664769600000,0.98523,0.98886,0.98315,0.98784,62688.92
1664784000000,0.98786,0.99173,0.98644,0.98781,68368.13
1664798400000,0.98781,0.99407,0.98715,0.99293,103567.26
1664812800000,0.99292,0.99493,0.99167,0.99317,50587.05
1664827200000,0.99315,0.99326,0.99156,0.99276,17028.98
1664841600000,0.99276,0.99408,0.98974,0.98999,34922.31
1664856000000,0.99,0.99254,0.98715,0.9897,64093.8
1664870400000,0.9897,0.99027,0.98666,0.98781,75549.86
1664884800000,0.98779,0.98849,0.97924,0.98059,99667.83
1664899200000,0.98058,0.98097,0.97844,0.97891,49846.79
1664913600000,0.9789,0.98001,0.97861,0.9787,13732.16
1664928000000,0.97871,0.98075,0.97845,0.97992,39829.29
1664942400000,0.9799,0.98377,0.9792,0.9826,43798.3
1664956800000,0.9826,0.98539,0.98047,0.98502,48498.82
1664971200000,0.98502,0.98886,0.98095,0.98386,83757.58
1664985600000,0.98385,0.98481,0.98132,0.98324,37530.92
1665000000000,0.98323,0.98351,0.98121,0.98123,16399.64
1665014400000,0.98123,0.98215,0.97982,0.98076,33106.83
1665028800000,0.98076,0.98148,0.97801,0.97969,50061.11
1665043200000,0.97967,0.98502,0.97947,0.98388,60269.48
1665057600000,0.98389,0.99075,0.98331,0.98993,91744.6
1665072000000,0.98992,0.99132,0.98871,0.99048,54956.95
1665086400000,0.99054,0.99065,0.98807,0.98998,14813.33
1665100800000,0.98999,0.99086,0.98925,0.98953,28059.52
1665115200000,0.98954,0.9913,0.9886,0.98988,41355.77
1665129600000,0.98988,0.99139,0.98779,0.99071,50885.82
1665144000000,0.99071,0.99531,0.98986,0.9914,97486.36
1665158400000,0.9914,0.99499,0.99104,0.99464,37411.18
1665172800000,0.99463,0.99497,0.99289,0.99289,7312.73
1665345600000,0.99297,0.99499,0.99268,0.99447,15555.98
1665360000000,0.99453,0.99497,0.99314,0.99385,35554.34
1665374400000,0.99385,0.99781,0.99373,0.99737,40019.63
1665388800000,0.99737,0.99938,0.99666,0.9988,46702.42
1665403200000,0.99881,1.00028,0.99723,0.99995,62090.56
1665417600000,0.99995,1.00102,0.99878,0.99992,38372.56
1665432000000,0.99996,1.00008,0.99865,0.99944,9178.78
1665446400000,0.99945,1.00176,0.99852,1.00163,35737.46
1665460800000,1.00162,1.00208,0.99833,1.00064,47231.24
1665475200000,1.00065,1.00091,0.99522,0.99557,56525.95
1665489600000,0.99559,0.99905,0.99389,0.99393,76897.2
1665504000000,0.99393,0.99786,0.99152,0.99649,55907.44
1665518400000,0.99649,0.99771,0.99527,0.99765,12434.84
1665532800000,0.99763,0.9988,0.99658,0.99751,30950.27
1665547200000,0.99751,0.99779,0.99389,0.99394,56193.97
1665561600000,0.99395,0.99622,0.99304,0.99498,53550.23
1665576000000,0.99502,1.00037,0.99463,0.99802,75159.79
1665590400000,0.99802,0.99923,0.99563,0.99768,48134.38
1665604800000,0.99769,0.99793,0.99616,0.99756,10684.4
1665619200000,0.99761,0.99819,0.99637,0.99792,28079.72
1665633600000,0.99793,1.00017,0.99725,0.99918,28374.9
1665648000000,0.99919,1.00035,0.99584,0.99761,51371.53
1665662400000,0.99761,1.00732,0.99691,0.99869,129326.88
1665676800000,0.99868,1.00016,0.99707,0.99968,61685.46
1665691200000,0.99968,1.00175,0.99938,1.00167,17857.68
1665705600000,1.00168,1.00188,0.99805,0.99872,42801.59
1665720000000,0.99872,0.99967,0.99643,0.99802,44190.93
1665734400000,0.99804,1.00467,0.99803,1.00398,52031.61
1665748800000,1.00397,1.0059,0.9983,1.00479,100292.99
1665763200000,1.00478,1.00657,1.00356,1.0048,43959.06
1665777600000,1.00476,1.00575,1.00447,1.0046,4172.95
1665950400000,1.00391,1.00545,1.0033,1.00358,9578.22
1665964800000,1.00357,1.00449,1.00266,1.00353,27317.45
1665979200000,1.00353,1.00399,0.99996,1.00044,45639.24
1665993600000,1.00044,1.00278,0.99915,1.00178,52225.12
1666008000000,1.00178,1.00241,0.99432,0.99522,54900.45
1666022400000,0.99524,0.99671,0.99494,0.99627,26988.97
1666036800000,0.99626,0.99638,0.99479,0.99567,17694.81
1666051200000,0.99569,0.996,0.994,0.99418,25708.69
1666065600000,0.99419,0.99471,0.99185,0.99324,52160.8
1666080000000,0.99324,0.9974,0.99284,0.99587,49534.27
1666094400000,0.99619,0.99705,0.99294,0.99691,53907.16
1666108800000,0.99619,0.99695,0.99417,0.99421,31559.13
1666123200000,0.99422,0.99463,0.99278,0.99372,26018.68
1666137600000,0.99372,0.99504,0.99332,0.99496,24600.8
1666152000000,0.99496,0.99923,0.99471,0.99795,43039.91
1666166400000,0.99795,1.00429,0.99792,1.00235,46633.65
1666180800000,1.00237,1.00478,1.00205,1.00394,57633.77
1666195200000,1.00394,1.00625,1.00381,1.0045,31922.59
1666209600000,1.00451,1.00531,1.00302,1.00494,16926.54
1666224000000,1.00494,1.00636,1.00459,1.00596,21426.9
1666238400000,1.00599,1.00681,1.00374,1.00428,45624.43
1666252800000,1.00426,1.00622,1.00132,1.00205,40851.4
1666267200000,1.00205,1.00474,0.99939,1.00033,71834.88
1666281600000,1.00033,1.00497,1.00032,1.00396,39813.98
1666296000000,1.00398,1.00442,1.00259,1.00393,17155.26
1666310400000,1.00393,1.00602,1.00364,1.00573,20925.54
1666324800000,1.00573,1.00734,1.00354,1.00513,35218.95
1666339200000,1.00516,1.01241,1.00507,1.01213,48009.92
1666353600000,1.01213,1.01472,0.9982,0.99824,112462.21
1666368000000,0.99826,1.00112,0.99613,0.99774,62335.58
1666382400000,0.99774,0.99797,0.99716,0.99721,5264.89
1666555200000,0.99543,1.00151,0.99435,0.99753,35543.61
1666569600000,0.99753,0.99988,0.99689,0.99902,45493.71
1666584000000,0.99902,1.00057,0.99647,0.99982,47909.81
1666598400000,0.99976,1.00311,0.99937,1.00148,56865.47
1666612800000,1.00148,1.00287,0.99687,1.00066,90862.55
1666627200000,1.00071,1.00227,1.00036,1.00107,27116.49
1666641600000,1.00111,1.00139,0.99901,0.99958,17265.34
1666656000000,0.99953,1.00027,0.998,0.99974,40690.26
1666670400000,0.99974,1.00288,0.99959,1.0024,40318.92
1666684800000,1.0024,1.00301,1.00098,1.00199,42587.59
1666699200000,1.00199,1.00309,0.9939,0.9961,78274.82
1666713600000,0.99611,0.99739,0.99451,0.99451,36545.23
1666728000000,0.99452,0.9952,0.99409,0.99476,16382.18
1666742400000,0.99476,0.99617,0.99415,0.99458,28738.24
1666756800000,0.99459,0.995,0.98776,0.98776,47661.74
1666771200000,0.98776,0.99111,0.98536,0.9896,54292.75
1666785600000,0.98962,0.99278,0.98519,0.98638,82900.15
1666800000000,0.98636,0.98773,0.98537,0.98632,40611.88
1666814400000,0.9863,0.98659,0.98466,0.98469,31537.76
1666828800000,0.98465,0.98693,0.98409,0.9863,23904.98
1666843200000,0.98631,0.98856,0.985,0.98694,39288.95
1666857600000,0.98695,0.991,0.98579,0.99028,51769.91
1666872000000,0.99029,0.99277,0.98686,0.98986,103045.82
1666886400000,0.98986,0.99229,0.98894,0.99161,28733.66
1666900800000,0.9916,0.99187,0.9899,0.99031,26267.23
1666915200000,0.99029,0.99126,0.98826,0.98848,31787.71
1666929600000,0.98849,0.99525,0.9882,0.99454,45263.95
1666944000000,0.99453,0.99681,0.99345,0.99672,42110.62
1666958400000,0.99673,0.99794,0.99404,0.99683,74118.93
1666972800000,0.99684,0.99752,0.99539,0.99542,19805.17
1666987200000,0.99543,0.9964,0.99537,0.99537,3327.11
1667160000000,0.99556,0.99821,0.99484,0.99638,15785.48
1667174400000,0.99637,0.99747,0.99587,0.99626,21762.68
1667188800000,0.99626,0.99939,0.99613,0.99933,25861.36
1667203200000,0.99937,1.00119,0.99822,0.99936,37650.08
1667217600000,0.9994,1.00318,0.99934,1.0006,58108.12
1667232000000,1.00059,1.00189,1.00036,1.00129,36063.16
1667246400000,1.00128,1.0021,0.99957,1.00153,20837.85
1667260800000,1.00152,1.00169,0.99944,1.00064,20439.35
1667275200000,1.00062,1.00088,0.99703,0.99769,31115.02
1667289600000,0.99769,0.99772,0.99143,0.99356,39264.82
1667304000000,0.99356,1.00107,0.99155,0.99955,72659.51
1667318400000,0.99956,1.00121,0.99668,1.00005,32905.04
1667332800000,1.00006,1.00103,0.99804,0.99989,15293.68
1667347200000,0.9999,1.00016,0.99741,0.99812,20472.97
1667361600000,0.99813,0.9996,0.99764,0.99869,20543.44
1667376000000,0.99868,0.99933,0.99595,0.99607,32498.99
1667390400000,0.99603,0.99935,0.99424,0.99875,48359.53
1667404800000,0.99876,1.00398,0.99099,1.0024,75893.81
1667419200000,1.00242,1.00397,1.00026,1.00323,23664.35
1667433600000,1.00322,1.00361,1.00062,1.00161,17745.32
1667448000000,1.00158,1.00874,1.0014,1.00677,28512.58
1667462400000,1.00677,1.0144,1.00677,1.0136,51252.59
1667476800000,1.01357,1.01466,1.00894,1.01311,79076.84
1667491200000,1.01311,1.01409,1.01182,1.01307,24582.5
1667505600000,1.01306,1.01442,1.01241,1.01343,18332.34
1667520000000,1.01338,1.01348,1.01057,1.01058,20260.14
1667534400000,1.0106,1.01157,1.00823,1.01137,38084.67
1667548800000,1.01137,1.01138,1.00552,1.00609,41133.48
1667563200000,1.00609,1.01002,0.99404,0.99814,98740.6
1667577600000,0.99814,0.99949,0.99308,0.99345,43094.51
1667592000000,0.99345,0.99444,0.99323,0.99407,5148.4
1667764800000,0.99797,0.99844,0.99479,0.9967,9296.16
1667779200000,0.99672,0.9977,0.99519,0.99595,22648.76
1667793600000,0.99596,0.9969,0.9944,0.9963,25053.31
1667808000000,0.9963,0.99638,0.98912,0.98967,45086.72
1667822400000,0.98968,0.99121,0.98749,0.98929,58232.16
1667836800000,0.98929,0.99132,0.98746,0.98779,31487.86
1667851200000,0.98781,0.98921,0.9875,0.98882,14672.27
1667865600000,0.98882,0.99076,0.98763,0.99012,20444.9
1667880000000,0.99012,0.99226,0.99,0.99142,18274.54
1667894400000,0.99142,0.99162,0.98839,0.99019,39338.66
1667908800000,0.9902,0.99263,0.98416,0.98478,52412.13
1667923200000,0.98474,0.98768,0.98362,0.98591,41654.2
1667937600000,0.98591,0.98605,0.98388,0.98454,15513.07
1667952000000,0.98454,0.9867,0.98433,0.98596,20957.89
1667966400000,0.98594,0.98737,0.98499,0.98539,21352.33
1667980800000,0.9854,0.98666,0.98204,0.98238,46272.26
1667995200000,0.98234,0.9858,0.97996,0.98396,65628.51
1668009600000,0.98396,0.98658,0.98154,0.98565,38608.85
1668024000000,0.98566,0.98575,0.98344,0.98352,22011.27
1668038400000,0.98352,0.98476,0.9827,0.98365,18693.35
1668052800000,0.98364,0.98596,0.98242,0.98596,23932.72
1668067200000,0.98595,0.98985,0.98415,0.98965,46718.74
1668081600000,0.98965,0.98975,0.96587,0.9671,112558.61
1668096000000,0.96713,0.96994,0.96627,0.96628,63641.47
1668110400000,0.96626,0.96664,0.96297,0.96501,24699.75
1668124800000,0.965,0.96812,0.96422,0.96663,29535.33
1668139200000,0.96666,0.96716,0.96185,0.96283,40926.05
1668153600000,0.96285,0.96459,0.95707,0.95742,65222.82
1668168000000,0.95741,0.95774,0.94495,0.94572,78150.23
1668182400000,0.94571,0.94696,0.93966,0.9404,45690.35
1668196800000,0.94042,0.94145,0.93997,0.94088,15158.76
1668369600000,0.94144,0.94447,0.94048,0.94402,9771.74
1668384000000,0.94399,0.94561,0.94247,0.94536,39641.98
1668398400000,0.94536,0.94842,0.94523,0.94535,26352.27
1668412800000,0.94536,0.94882,0.94244,0.94711,58536.36
1668427200000,0.94711,0.94777,0.94386,0.94556,65599.73
1668441600000,0.94556,0.94615,0.94046,0.94155,37128.5
1668456000000,0.94153,0.94368,0.94108,0.9433,18093.73
1668470400000,0.9433,0.94532,0.94294,0.94512,21529.28
1668484800000,0.94513,0.94525,0.93792,0.93967,30730.65
1668499200000,0.93966,0.94166,0.93799,0.94038,58470.13
1668513600000,0.94036,0.94652,0.93557,0.94496,96324.47
1668528000000,0.94496,0.94749,0.94231,0.94234,100702.69
1668542400000,0.94235,0.94484,0.94165,0.94291,33954.14
1668556800000,0.94289,0.94582,0.94283,0.94577,42971.66
1668571200000,0.94576,0.94688,0.9422,0.94247,57168.97
1668585600000,0.94247,0.94323,0.93854,0.93989,54846.04
1668600000000,0.93988,0.94369,0.93885,0.94271,70084.23
1668614400000,0.9427,0.94562,0.94184,0.94412,40512.83
1668628800000,0.94412,0.94515,0.94356,0.94435,16477.59
1668643200000,0.94432,0.94677,0.9439,0.94604,20831.09
1668657600000,0.94604,0.94669,0.9442,0.94459,19433.47
1668672000000,0.94459,0.95093,0.94326,0.94844,43748.14
1668686400000,0.94844,0.9553,0.94712,0.95477,75616.94
1668700800000,0.95474,0.95568,0.95102,0.9519,42544.9
1668715200000,0.95193,0.9529,0.95091,0.95285,23691.22
1668729600000,0.95286,0.95298,0.95056,0.95103,29704.5
1668744000000,0.95103,0.95291,0.95083,0.95095,30951.47
1668758400000,0.95096,0.95308,0.94976,0.95259,61412.97
1668772800000,0.95261,0.95471,0.95043,0.95064,51611.84
1668787200000,0.95063,0.95421,0.9502,0.95352,25095.91
1668801600000,0.95352,0.95484,0.95309,0.95437,7892.99
1668974400000,0.95336,0.95385,0.95293,0.95335,7327.99
1668988800000,0.95333,0.95553,0.95327,0.95432,21497.17
1669003200000,0.95432,0.9574,0.95416,0.95685,27166.45
1669017600000,0.95687,0.95971,0.95548,0.95789,41181.89
1669032000000,0.95788,0.95902,0.95609,0.959,42722.96
1669046400000,0.95899,0.95959,0.95768,0.95938,25414.23
1669060800000,0.95938,0.95979,0.95796,0.95842,18263.55
1669075200000,0.95842,0.95869,0.95613,0.9567,23388.65
1669089600000,0.95672,0.95779,0.95613,0.95681,20623.59
1669104000000,0.95678,0.95817,0.95342,0.95472,47183.34
1669118400000,0.95472,0.95537,0.95087,0.95253,36860.56
1669132800000,0.95253,0.95404,0.95125,0.95218,20687.44
1669147200000,0.95218,0.95245,0.95102,0.9511,18428.83
1669161600000,0.95113,0.9521,0.9503,0.95166,21278.95
1669176000000,0.95168,0.95203,0.94883,0.94975,23782.32
1669190400000,0.94979,0.95327,0.94979,0.95113,42707.15
1669204800000,0.95113,0.95162,0.9421,0.94239,71819.88
1669219200000,0.94239,0.94467,0.94113,0.94188,54821.1
1669233600000,0.94188,0.9426,0.94077,0.94095,24251.67
1669248000000,0.94093,0.94176,0.93867,0.93881,16676.33
1669262400000,0.9388,0.94155,0.93878,0.94129,21349.21
1669276800000,0.94131,0.94451,0.94122,0.94237,39565.11
1669291200000,0.94238,0.94439,0.94129,0.94365,43490.3
1669305600000,0.94365,0.94385,0.94299,0.94321,14674.19
1669320000000,0.9432,0.94391,0.94189,0.94347,27734.55
1669334400000,0.94345,0.9446,0.94313,0.94321,17339.15
1669348800000,0.94323,0.94558,0.94218,0.94547,21205.51
1669363200000,0.9455,0.94708,0.94255,0.94705,42862.08
1669377600000,0.94706,0.94993,0.9457,0.94651,41405.15
1669392000000,0.94652,0.9468,0.94386,0.9445,38574.39
1669406400000,0.94447,0.94689,0.94397,0.94593,2071.77
1669579200000,0.94549,0.94788,0.94515,0.94733,13762.61
1669593600000,0.94732,0.94757,0.94547,0.94725,25092.71
1669608000000,0.94725,0.9474,0.94467,0.94618,19656.33
1669622400000,0.94622,0.94717,0.94044,0.9426,57951.02
1669636800000,0.94259,0.94584,0.94248,0.94497,56132.1
1669651200000,0.94499,0.9495,0.94454,0.94926,36099.4
1669665600000,0.94929,0.94972,0.94825,0.94892,18985.3
1669680000000,0.94892,0.95003,0.94656,0.94713,21133.97
1669694400000,0.94713,0.94881,0.94595,0.94759,33223.98
1669708800000,0.94761,0.95238,0.94712,0.94943,44730.05
1669723200000,0.94942,0.9545,0.94904,0.95136,52562.51
1669737600000,0.95134,0.954,0.95045,0.95366,35846.37
1669752000000,0.95369,0.95452,0.95164,0.95446,18977.76
1669766400000,0.95444,0.95463,0.95233,0.95264,26383.54
1669780800000,0.95268,0.95471,0.95113,0.95239,28084.89
1669795200000,0.95235,0.95285,0.94841,0.9497,42031.46
1669809600000,0.9497,0.95448,0.94738,0.95281,85931.47
1669824000000,0.95277,0.95294,0.94488,0.9449,92580.19
1669838400000,0.94489,0.94701,0.94311,0.94377,32239.18
1669852800000,0.94378,0.94436,0.94146,0.94273,41623.57
1669867200000,0.94274,0.94491,0.94122,0.94437,33468.8
1669881600000,0.94434,0.94599,0.94225,0.94572,47204.46
1669896000000,0.9457,0.94589,0.93664,0.93914,84508.21
1669910400000,0.93914,0.94001,0.93647,0.93656,55181.93
1669924800000,0.93655,0.93768,0.93593,0.93637,21749.81
1669939200000,0.93636,0.93851,0.93631,0.93743,19879.54
1669953600000,0.93745,0.93802,0.93467,0.9352,27167.69
1669968000000,0.93521,0.93701,0.93325,0.93326,47883.38
1669982400000,0.9334,0.94387,0.93256,0.94102,111374.79
1669996800000,0.94103,0.94142,0.93633,0.93736,43057.67
1670011200000,0.93736,0.93796,0.93627,0.93649,10892.4
1670184000000,0.93847,0.93864,0.93607,0.93639,14852.01
1670198400000,0.93639,0.93772,0.93434,0.93448,27511.81
1670212800000,0.93449,0.93689,0.93424,0.93635,18801.27
1670227200000,0.93635,0.93678,0.93299,0.93447,42067.76
1670241600000,0.93447,0.94086,0.93383,0.93825,65358.74
1670256000000,0.93826,0.94331,0.93791,0.94262,40644.94
1670270400000,0.94259,0.94348,0.94074,0.94232,17888.39
1670284800000,0.94233,0.94326,0.94086,0.94243,24236.36
1670299200000,0.94241,0.94553,0.94198,0.94341,24271.53
1670313600000,0.94341,0.94419,0.93956,0.94021,41005.9
1670328000000,0.94023,0.94238,0.93802,0.93994,55205.32
1670342400000,0.93993,0.94267,0.93804,0.942,29800.71
1670356800000,0.94201,0.94216,0.94054,0.94197,14622.68
1670371200000,0.942,0.94322,0.94149,0.94216,26005.8
1670385600000,0.94218,0.94374,0.94053,0.94064,37379.76
1670400000000,0.94064,0.9432,0.94044,0.94269,64068.23
1670414400000,0.94267,0.94284,0.93626,0.93888,96069.26
1670428800000,0.93888,0.94098,0.93886,0.9395,50655.74
1670443200000,0.93952,0.94092,0.93914,0.94031,20106.8
1670457600000,0.94034,0.94235,0.94026,0.9417,25205.41
1670472000000,0.94171,0.94245,0.93929,0.93978,31648.11
1670486400000,0.93976,0.94263,0.93951,0.94154,46256.44
1670500800000,0.94154,0.94171,0.93509,0.93616,73009.57
1670515200000,0.93617,0.93791,0.9343,0.9361,41009.57
1670529600000,0.9361,0.93666,0.93552,0.93602,12978.03
1670544000000,0.936,0.93665,0.93339,0.93376,25681.65
1670558400000,0.93374,0.9341,0.93242,0.93322,28963.41
1670572800000,0.93323,0.93492,0.93219,0.93273,36756.74
1670587200000,0.93273,0.9381,0.93226,0.93291,77754.79
1670601600000,0.93291,0.93396,0.93114,0.93339,34073.92
1670616000000,0.9334,0.93496,0.93307,0.93307,9748.46
1670788800000,0.93304,0.93515,0.93226,0.93506,3738.37
1670803200000,0.93505,0.93664,0.93498,0.93615,18452.04
1670817600000,0.9361,0.93684,0.93493,0.93516,22410.07
1670832000000,0.93516,0.93624,0.93126,0.93175,39707.15
1670846400000,0.93176,0.93629,0.93136,0.93599,47710.58
1670860800000,0.93599,0.93796,0.93496,0.93694,21207.41
1670875200000,0.93696,0.93739,0.93499,0.93574,5187.76
1670889600000,0.93572,0.93653,0.93505,0.93652,6776.08
1670904000000,0.93654,0.93681,0.93387,0.93466,8477.06
1670918400000,0.93463,0.93747,0.93391,0.93702,22508.57
1670932800000,0.93704,0.93711,0.92309,0.92647,74637.64
1670947200000,0.92644,0.92987,0.92448,0.92862,34478.07
1670961600000,0.92863,0.92947,0.92711,0.92906,13217.55
1670976000000,0.92906,0.92953,0.92842,0.92909,12731.54
1670990400000,0.92909,0.9297,0.92789,0.92919,10463.11
1671004800000,0.92919,0.92954,0.92605,0.92779,29005.92
1671019200000,0.92778,0.92843,0.92305,0.92367,38245.21
1671033600000,0.92367,0.92737,0.92153,0.92458,56412.66
1671048000000,0.92459,0.92512,0.92153,0.92436,28851.8
1671062400000,0.92435,0.9259,0.92355,0.92561,13251.52
1671076800000,0.9256,0.92703,0.92511,0.92644,11438.93
1671091200000,0.92643,0.93041,0.92449,0.92791,40735.28
1671105600000,0.92791,0.92966,0.92314,0.9284,65325.38
1671120000000,0.92842,0.93165,0.92807,0.92825,31565.15
1671134400000,0.92823,0.92912,0.92742,0.92765,11453.8
1671148800000,0.92763,0.92765,0.92535,0.9267,12909.89
1671163200000,0.92671,0.92843,0.926,0.92828,13056.78
1671177600000,0.92828,0.93065,0.92675,0.92946,30059.87
1671192000000,0.92946,0.93256,0.92909,0.93224,45078.1
1671206400000,0.93223,0.93363,0.93152,0.93301,21294.68
1671220800000,0.933,0.93428,0.93254,0.93343,8797.73
1671393600000,0.93248,0.93469,0.9324,0.93456,5059.58
1671408000000,0.93459,0.9346,0.93157,0.93253,11307.46
1671422400000,0.93252,0.93304,0.92987,0.93042,11188.42
1671436800000,0.93042,0.93195,0.92837,0.9319,23225.54
1671451200000,0.93191,0.93404,0.93109,0.93331,27035.37
1671465600000,0.93329,0.93362,0.92908,0.93006,20555.36
1671480000000,0.93006,0.93044,0.92741,0.92864,12068.13
1671494400000,0.92864,0.93071,0.92546,0.92842,30205.09
1671508800000,0.92843,0.92982,0.92737,0.9277,36631.89
1671523200000,0.9277,0.92832,0.92488,0.92596,31762.27
1671537600000,0.92596,0.92998,0.92415,0.92584,40605.64
1671552000000,0.92583,0.92787,0.92518,0.92623,22650.34
1671566400000,0.92625,0.92702,0.92529,0.92632,11660.35
1671580800000,0.92632,0.92812,0.9261,0.92767,13405.54
1671595200000,0.92767,0.92888,0.92641,0.92647,10154.46
1671609600000,0.92646,0.92713,0.92508,0.92635,23793.55
1671624000000,0.92634,0.92769,0.92384,0.92629,34840.9
1671638400000,0.92627,0.92813,0.92542,0.92603,20000.99
1671652800000,0.92603,0.92703,0.92505,0.92657,7157.75
1671667200000,0.92657,0.92678,0.92389,0.92392,9461.06
1671681600000,0.92392,0.92475,0.923,0.92432,11185.9
1671696000000,0.92434,0.92714,0.92264,0.92695,21293.17
1671710400000,0.92695,0.9307,0.92572,0.93033,38402.35
1671724800000,0.93034,0.93211,0.92935,0.93116,17228.9
1671739200000,0.93117,0.93153,0.93038,0.93108,32073.62
1671753600000,0.93104,0.93216,0.93093,0.93173,15405.44
1671768000000,0.93172,0.93195,0.93058,0.93069,11773.3
1671782400000,0.93069,0.93268,0.92954,0.93025,17355.85
1671796800000,0.93023,0.93415,0.92847,0.93347,45637.2
1671811200000,0.93346,0.93443,0.93191,0.93386,16784.6
1671825600000,0.93386,0.93424,0.93282,0.93282,6582.31
1671998400000,0.9329,0.93364,0.93239,0.93276,1110.21
1672012800000,0.93275,0.93437,0.93233,0.9327,2715.39
1672027200000,0.9327,0.93324,0.93111,0.93221,4605.26
1672041600000,0.93181,0.93294,0.93062,0.93064,5603.1
1672056000000,0.93064,0.93302,0.93063,0.93134,1825.89
1672070400000,0.93134,0.93317,0.93115,0.93156,3562.3
1672084800000,0.93156,0.93286,0.93056,0.93194,9085.62
1672099200000,0.93193,0.93231,0.93002,0.93135,15614.64
1672113600000,0.93135,0.93143,0.92938,0.93072,13114
1672128000000,0.93072,0.93212,0.92694,0.92872,21416.45
1672142400000,0.92874,0.93161,0.92709,0.92841,27928.62
1672156800000,0.92842,0.9302,0.92818,0.92929,17731.86
1672171200000,0.92926,0.92949,0.92714,0.92937,9176.69
1672185600000,0.92934,0.93063,0.92888,0.93037,8152.32
1672200000000,0.93038,0.93038,0.92906,0.92921,7952.58
1672214400000,0.92922,0.9307,0.92734,0.92763,18704.26
1672228800000,0.92764,0.92873,0.92449,0.92829,26828.74
1672243200000,0.92829,0.92884,0.92574,0.92849,19159.72
1672257600000,0.9285,0.92941,0.92675,0.92785,8898.9
1672272000000,0.92786,0.92789,0.92672,0.9272,8193.36
1672286400000,0.9272,0.92876,0.92678,0.92691,7538.63
1672300800000,0.92691,0.92721,0.9228,0.9255,19059
1672315200000,0.92549,0.9256,0.92103,0.92327,30209.26
1672329600000,0.92326,0.92442,0.92155,0.92161,15155.34
1672344000000,0.9216,0.92349,0.9216,0.92299,4978.5
1672358400000,0.923,0.92338,0.92221,0.92312,6927.09
1672372800000,0.92312,0.925,0.92278,0.92486,9618.76
1672387200000,0.92487,0.92495,0.92112,0.92258,21732.07
1672401600000,0.92258,0.92678,0.91997,0.92496,57303.15
1672416000000,0.92496,0.92554,0.92161,0.92428,42184.97
1672430400000,0.9243,0.92533,0.92347,0.92427,14199.53
1672603200000,0.92631,0.92671,0.92207,0.92327,130.96
1672617600000,0.92317,0.92441,0.92242,0.92422,1133.25
1672632000000,0.92422,0.92551,0.92116,0.92206,4153.7
1672646400000,0.92203,0.92519,0.92191,0.92401,57959.61
1672660800000,0.924,0.92575,0.9235,0.9256,20844.46
1672675200000,0.9256,0.92576,0.92363,0.92377,11152.58
1672689600000,0.92387,0.92687,0.92299,0.92392,5552.17
1672704000000,0.9238,0.92514,0.92276,0.92371,29162.88
1672718400000,0.92369,0.92717,0.92336,0.92678,13294.37
1672732800000,0.92677,0.93984,0.92654,0.93965,37723.19
1672747200000,0.93964,0.9397,0.93175,0.93819,36532.69
1672761600000,0.9382,0.93916,0.93493,0.93495,20941.94
1672776000000,0.93493,0.93664,0.93483,0.93617,10665.85
1672790400000,0.93619,0.9362,0.93304,0.93336,12504.19
1672804800000,0.93336,0.93409,0.92835,0.92941,19680.3
1672819200000,0.92943,0.92943,0.92529,0.92772,28304.57
1672833600000,0.92772,0.93144,0.92655,0.92923,42822.44
1672848000000,0.92922,0.9309,0.92682,0.92939,31450.13
1672862400000,0.92941,0.93017,0.92887,0.92968,11020.91
1672876800000,0.9297,0.92985,0.92795,0.92966,15201.74
1672891200000,0.92966,0.93079,0.9285,0.92869,14697.13
1672905600000,0.9287,0.92895,0.92604,0.92693,22623.68
1672920000000,0.92692,0.93777,0.92653,0.93747,51923.23
1672934400000,0.93747,0.93763,0.93472,0.93589,23150.62
1672948800000,0.9359,0.93683,0.93513,0.93619,14505.41
1672963200000,0.93618,0.9364,0.93507,0.93601,11359.3
1672977600000,0.93602,0.93836,0.93578,0.93807,14596.24
1672992000000,0.93809,0.9405,0.93719,0.93979,22389.31
1673006400000,0.93976,0.94086,0.93009,0.9311,62071.66
1673020800000,0.93111,0.93163,0.9271,0.92746,24219.79
1673035200000,0.9275,0.9283,0.92674,0.92752,6452.55
1673208000000,0.92735,0.92812,0.92641,0.92643,6755.73
1673222400000,0.92646,0.92795,0.9252,0.92618,15747.57
1673236800000,0.92616,0.9262,0.92377,0.92484,14897.9
1673251200000,0.92481,0.92516,0.92162,0.92392,24893.68
1673265600000,0.92393,0.92413,0.91665,0.91832,33485.06
1673280000000,0.9183,0.92092,0.91755,0.91973,20313.55
1673294400000,0.91974,0.92155,0.91956,0.92105,10106.3
1673308800000,0.92106,0.92223,0.92051,0.92181,13580.5
1673323200000,0.92181,0.92237,0.92074,0.92115,14222.8
1673337600000,0.92114,0.92207,0.91945,0.92192,21712.8
1673352000000,0.92194,0.92519,0.92048,0.92292,39203.08
1673366400000,0.9229,0.92357,0.9214,0.92287,18779.05
1673380800000,0.92288,0.92314,0.92053,0.92236,6324.18
1673395200000,0.92236,0.92353,0.92182,0.92291,9267.97
1673409600000,0.9229,0.92315,0.92043,0.9216,11129.28
1673424000000,0.92161,0.92568,0.92136,0.92543,23261.01
1673438400000,0.92542,0.93154,0.92536,0.93098,33328.91
1673452800000,0.93095,0.93315,0.92888,0.93109,20795.96
1673467200000,0.93109,0.93189,0.93035,0.93094,13890.08
1673481600000,0.93094,0.93174,0.93018,0.93125,10237.45
1673496000000,0.93126,0.93387,0.93058,0.93195,11104.6
1673510400000,0.93196,0.93482,0.93047,0.93228,21853.58
1673524800000,0.9323,0.93612,0.92657,0.92874,78420.41
1673539200000,0.92874,0.93016,0.92677,0.92863,31163.54
1673553600000,0.92865,0.92932,0.92622,0.92727,9384.71
1673568000000,0.92725,0.92975,0.92573,0.9289,14149.76
1673582400000,0.92889,0.93158,0.92707,0.92748,15052.16
1673596800000,0.92748,0.93046,0.92674,0.93002,25692.44
1673611200000,0.93003,0.93165,0.92555,0.92616,38303.44
1673625600000,0.92616,0.92874,0.92573,0.92686,21060.56
1673640000000,0.92685,0.92702,0.92564,0.92666,4639.35
1673812800000,0.9262,0.92723,0.92537,0.92688,10331
1673827200000,0.92687,0.92702,0.92184,0.92323,15111.16
1673841600000,0.92323,0.9265,0.92295,0.9255,11874.03
1673856000000,0.92549,0.92882,0.92401,0.92643,27213
1673870400000,0.92645,0.92776,0.92496,0.92616,20223.02
1673884800000,0.92616,0.92696,0.92535,0.92654,7706.5
1673899200000,0.92655,0.92664,0.92399,0.92556,5148.39
1673913600000,0.92556,0.92757,0.92512,0.92596,13404.88
1673928000000,0.92595,0.92615,0.92362,0.92372,14413.17
1673942400000,0.92373,0.92441,0.92039,0.92112,24650.83
1673956800000,0.92112,0.92322,0.91874,0.92055,43951.82
1673971200000,0.92053,0.92286,0.91977,0.92194,20909.37
1673985600000,0.92194,0.92245,0.92063,0.92195,6256.51
1674000000000,0.92194,0.92455,0.92164,0.92354,22907.31
1674014400000,0.92351,0.92384,0.91803,0.91867,24083.04
1674028800000,0.91867,0.91868,0.91235,0.91339,33794.51
1674043200000,0.91341,0.91492,0.9085,0.91299,58367.94
1674057600000,0.913,0.91719,0.91247,0.91595,25865.73
1674072000000,0.91596,0.91692,0.91461,0.91596,10692.65
1674086400000,0.91595,0.91759,0.91529,0.9156,11704.86
1674100800000,0.9156,0.91709,0.91527,0.916,14433.5
1674115200000,0.916,0.91742,0.91486,0.91643,25731.12
1674129600000,0.91643,0.91893,0.91516,0.91694,40911.45
1674144000000,0.91693,0.91715,0.9147,0.91535,19306.19
1674158400000,0.91535,0.91614,0.9147,0.91577,6316.21
1674172800000,0.91578,0.91653,0.91502,0.91633,9157
1674187200000,0.91632,0.91752,0.91565,0.91601,11689.05
1674201600000,0.91602,0.92152,0.91408,0.92043,28057.86
1674216000000,0.92043,0.92344,0.91945,0.92068,29007.08
1674230400000,0.92067,0.92251,0.92,0.92038,17024.23
1674244800000,0.92041,0.92052,0.91972,0.91998,4337.02
1674417600000,0.91859,0.91997,0.91842,0.91996,5447.6
1674432000000,0.91996,0.91996,0.91698,0.91754,11767.49
1674446400000,0.91752,0.91921,0.91668,0.9176,14387.06
1674460800000,0.91761,0.92177,0.91592,0.92127,29040.24
1674475200000,0.92126,0.924,0.92041,0.92264,31217.12
1674489600000,0.9226,0.9241,0.92141,0.92249,15360.6
1674504000000,0.92249,0.92283,0.92087,0.92167,7111.66
1674518400000,0.92167,0.922,0.92094,0.92154,6127.16
1674532800000,0.92157,0.92203,0.91951,0.91978,9778.87
1674547200000,0.91977,0.92382,0.91918,0.92276,21257.04
1674561600000,0.92274,0.92789,0.92264,0.92307,36600.62
1674576000000,0.92307,0.92449,0.92204,0.92302,14499.45
1674590400000,0.92298,0.92347,0.92113,0.92222,7068.01
1674604800000,0.9222,0.923,0.9217,0.9225,8034.6
1674619200000,0.92249,0.92441,0.92205,0.92411,11771
1674633600000,0.9241,0.92449,0.9216,0.92211,22417.18
1674648000000,0.92213,0.92301,0.9172,0.92019,30412.79
1674662400000,0.92019,0.92158,0.91759,0.9177,15327.49
1674676800000,0.9177,0.91838,0.91696,0.91714,7636.04
1674691200000,0.91712,0.91791,0.91685,0.91772,7740.97
1674705600000,0.91771,0.91843,0.9161,0.91713,11907.52
1674720000000,0.91711,0.9197,0.91662,0.91752,23407.13
1674734400000,0.91753,0.92249,0.91583,0.92188,41360.09
1674748800000,0.92186,0.92252,0.91973,0.91985,16334.08
1674763200000,0.91986,0.92054,0.91854,0.92015,9170.08
1674777600000,0.92016,0.92198,0.91919,0.9218,9260.95
1674792000000,0.92182,0.92271,0.92163,0.92247,8680.07
1674806400000,0.92246,0.92284,0.92011,0.92215,19804
1674820800000,0.92214,0.92396,0.92066,0.9231,35124.75
1674835200000,0.92307,0.92323,0.92051,0.92115,14307.38
1674849600000,0.92114,0.92154,0.92061,0.92061,3263.28
1675022400000,0.92056,0.92118,0.92004,0.92064,2955.81
1675036800000,0.92063,0.92196,0.92053,0.92126,11992.07
1675051200000,0.92127,0.92308,0.92007,0.92278,14148.97
1675065600000,0.92279,0.92284,0.91815,0.9206,21047.22
1675080000000,0.9206,0.92386,0.91986,0.92281,28315.75
1675094400000,0.9228,0.9256,0.92243,0.92542,12816.8
1675108800000,0.92541,0.92557,0.92382,0.92533,6672.15
1675123200000,0.92532,0.9254,0.92386,0.92492,9621.79
1675137600000,0.92492,0.92585,0.92464,0.92541,11923.41
1675152000000,0.92542,0.92879,0.92542,0.92665,22750.94
1675166400000,0.92664,0.92751,0.91825,0.91842,39479.76
1675180800000,0.91847,0.91974,0.91502,0.91564,18223.67
1675195200000,0.9156,0.91643,0.91512,0.91638,7906.22
1675209600000,0.91638,0.91724,0.91599,0.9164,6632.969970703125
1675224000000,0.91639,0.91675,0.91518,0.91531,9071.030029296875
1675238400000,0.9153,0.91699,0.91518,0.91575,19428.7001953125
1675252800000,0.91577,0.91712,0.91361,0.91408,28687.47998046875
1675267200000,0.91408,0.91825,0.90838,0.9093,40895.270751953125
1675281600000,0.90929,0.91031,0.90591,0.90723,25468.660278320312
1675296000000,0.90723,0.90785,0.90601,0.90727,13434.509887695312
1675310400000,0.9073,0.90801,0.90655,0.90785,10464.649780273438
1675324800000,0.90785,0.9107,0.90668,0.90921,22744.7998046875
1675339200000,0.90922,0.91345,0.90801,0.90968,60016.5302734375
1675353600000,0.90966,0.91384,0.90897,0.91362,24074.010498046875
1675368000000,0.91361,0.91389,0.91191,0.91325,11948.719848632812
1675382400000,0.91324,0.91466,0.91324,0.91412,8363.829956054688
1675396800000,0.91412,0.91572,0.91361,0.91435,9485.309936523438
1675411200000,0.91437,0.91678,0.91254,0.91329,17694.229736328125
1675425600000,0.91328,0.9269,0.91266,0.92268,62146.521240234375
1675440000000,0.92268,0.92593,0.92217,0.92549,29089.86962890625
1675454400000,0.92549,0.92641,0.92542,0.92567,5469.81982421875
1675468800000,0.92567,0.92567,0.92567,0.92567,0.0
1675483200000,0.92567,0.92567,0.92567,0.92567,0.0
1675497600000,0.92567,0.92567,0.92567,0.92567,0.0
1675512000000,0.92567,0.92567,0.92567,0.92567,0.0
1675526400000,0.92567,0.92567,0.92567,0.92567,0.0
1675540800000,0.92567,0.92567,0.92567,0.92567,0.0
1675555200000,0.92567,0.92567,0.92567,0.92567,0.0
1675569600000,0.92567,0.92567,0.92567,0.92567,0.0
1675584000000,0.92567,0.92567,0.92567,0.92567,0.0
1675598400000,0.92567,0.92567,0.92567,0.92567,0.0
1675612800000,0.92567,0.92567,0.92567,0.92567,0.0
1675627200000,0.92567,0.92773,0.92514,0.92652,9346.830078125
1675641600000,0.92654,0.92749,0.92514,0.92597,13124.869873046875
1675656000000,0.92596,0.92619,0.92471,0.92619,13322.68017578125
1675670400000,0.92619,0.92721,0.9227,0.92641,22870.98046875
1675684800000,0.9264,0.92906,0.92426,0.92818,27375.540283203125
1675699200000,0.9282,0.92868,0.92683,0.9281,16352.479736328125
1675713600000,0.9281,0.92887,0.92689,0.92801,7860.5098876953125
1675728000000,0.92799,0.92799,0.92622,0.92677,13553.629638671875
1675742400000,0.92677,0.9273,0.92579,0.92638,13326.669677734375
1675756800000,0.92637,0.92898,0.9242,0.92724,24211.08984375
1675771200000,0.92722,0.92727,0.92328,0.92332,32156.99072265625
1675785600000,0.92331,0.92492,0.91912,0.92258,60187.20947265625
1675800000000,0.92254,0.92352,0.92098,0.92162,7795.4400634765625
1675814400000,0.92162,0.92233,0.92113,0.92169,10058.81982421875
1675828800000,0.92171,0.92224,0.91875,0.91892,11894.659790039062
1675843200000,0.91892,0.92001,0.91778,0.91941,20934.51025390625
1675857600000,0.91941,0.92172,0.91848,0.92066,31555.38037109375
1675872000000,0.92067,0.92113,0.91899,0.92017,15442.599853515625
1675886400000,0.92017,0.92116,0.91963,0.92089,10163.220092773438
1675900800000,0.92089,0.92185,0.91988,0.92018,7764.1099853515625
1675915200000,0.9202,0.92022,0.91853,0.91923,14304.590087890625
1675929600000,0.91924,0.92012,0.91716,0.91942,16638.69970703125
1675944000000,0.9194,0.91958,0.91603,0.91902,25691.7099609375
1675958400000,0.91903,0.92247,0.91901,0.92232,20723.630126953125
1675972800000,0.92234,0.92283,0.92046,0.92209,7106.210021972656
1675987200000,0.92207,0.92371,0.92207,0.92353,9239.840087890625
1676001600000,0.92355,0.92367,0.9208,0.92146,17034.079956054688
1676016000000,0.92147,0.92437,0.91975,0.92277,31149.73974609375
1676030400000,0.92278,0.92457,0.92222,0.92398,35022.37060546875
1676044800000,0.924,0.92526,0.9232,0.92435,14794.590087890625
1676059200000,0.92435,0.92443,0.92293,0.92293,3528.739990234375
1676073600000,0.92293,0.92293,0.92293,0.92293,0.0
1676088000000,0.92293,0.92293,0.92293,0.92293,0.0
1676102400000,0.92293,0.92293,0.92293,0.92293,0.0
1676116800000,0.92293,0.92293,0.92293,0.92293,0.0
1676131200000,0.92293,0.92293,0.92293,0.92293,0.0
1676145600000,0.92293,0.92293,0.92293,0.92293,0.0
1676160000000,0.92293,0.92293,0.92293,0.92293,0.0
1676174400000,0.92293,0.92293,0.92293,0.92293,0.0
1676188800000,0.92293,0.92293,0.92293,0.92293,0.0
1676203200000,0.92293,0.92293,0.92293,0.92293,0.0
1676217600000,0.92293,0.92293,0.92293,0.92293,0.0
1676232000000,0.92293,0.9242,0.92287,0.92377,5138.489990234375
1676246400000,0.92376,0.92595,0.92356,0.92562,10675.190063476562
1676260800000,0.92563,0.92581,0.92188,0.92232,16799.569580078125
1676275200000,0.9223,0.9251,0.92217,0.92274,17623.47998046875
1676289600000,0.92276,0.9234,0.91989,0.92106,25701.259765625
1676304000000,0.92106,0.92195,0.9191,0.91999,10380.27001953125
1676318400000,0.92,0.92026,0.91864,0.91872,7899.420135498047
1676332800000,0.91874,0.91882,0.91788,0.91821,10749.619873046875
1676347200000,0.91821,0.91859,0.91716,0.91826,11623.64013671875
1676361600000,0.91824,0.91947,0.91576,0.9185,19851.2099609375
1676376000000,0.91851,0.92338,0.91357,0.92226,80535.0400390625
1676390400000,0.92226,0.92312,0.92023,0.92134,29985.099853515625
1676404800000,0.92134,0.92181,0.92022,0.9215,7887.7498779296875
1676419200000,0.9215,0.92335,0.92124,0.92326,9327.039916992188
1676433600000,0.92328,0.9248,0.92275,0.92408,14546.0498046875
1676448000000,0.92407,0.92458,0.92155,0.92267,23080.060302734375
1676462400000,0.92268,0.92623,0.92153,0.9254,48352.46044921875
1676476800000,0.92541,0.92587,0.92344,0.92423,16985.81005859375
1676491200000,0.92424,0.92456,0.92332,0.92338,5967.239990234375
1676505600000,0.92336,0.92405,0.92169,0.92197,12606.090087890625
1676520000000,0.92197,0.92309,0.92188,0.92247,9378.510009765625
1676534400000,0.92248,0.92335,0.92138,0.9219,18438.35009765625
1676548800000,0.92189,0.92718,0.92172,0.92588,42066.5693359375
1676563200000,0.92586,0.92599,0.92364,0.92416,18235.550048828125
1676577600000,0.92415,0.92678,0.92404,0.92662,12017.449951171875
1676592000000,0.92662,0.92854,0.9266,0.92815,9303.550048828125
1676606400000,0.92815,0.93036,0.92806,0.92898,9172.14013671875
1676620800000,0.92898,0.93317,0.92894,0.9329,24251.740234375
1676635200000,0.93289,0.93311,0.92535,0.92773,35720.92041015625
1676649600000,0.92775,0.9283,0.92448,0.92471,20272.58984375
1676664000000,0.92472,0.92479,0.92393,0.92402,4363.91015625
1676678400000,0.92402,0.92402,0.92402,0.92402,0.0
1676692800000,0.92402,0.92402,0.92402,0.92402,0.0
1676707200000,0.92402,0.92402,0.92402,0.92402,0.0
1676721600000,0.92402,0.92402,0.92402,0.92402,0.0
1676736000000,0.92402,0.92402,0.92402,0.92402,0.0
1676750400000,0.92402,0.92402,0.92402,0.92402,0.0
1676764800000,0.92402,0.92402,0.92402,0.92402,0.0
1676779200000,0.92402,0.92402,0.92402,0.92402,0.0
1676793600000,0.92402,0.92402,0.92402,0.92402,0.0
1676808000000,0.92402,0.92402,0.92402,0.92402,0.0
1676822400000,0.92402,0.92402,0.92402,0.92402,0.0
1676836800000,0.92402,0.92544,0.92384,0.92536,3332.0899658203125
1676851200000,0.92533,0.92598,0.92479,0.92499,12493.110107421875
1676865600000,0.92499,0.92503,0.92295,0.92299,11230.06005859375
1676880000000,0.92297,0.92458,0.92201,0.92238,21062.19970703125
1676894400000,0.92236,0.92447,0.92232,0.92321,22337.02978515625
1676908800000,0.92322,0.92354,0.92245,0.92291,13127.710205078125
1676923200000,0.92293,0.92334,0.92278,0.92325,8075.5299072265625
1676937600000,0.92322,0.92442,0.92294,0.924,8908.18017578125
1676952000000,0.924,0.92582,0.9235,0.92496,8791.10009765625
1676966400000,0.92494,0.92718,0.92316,0.9246,27073.4599609375
1676980800000,0.92461,0.92816,0.92382,0.92561,37809.26025390625
1676995200000,0.92561,0.92824,0.92545,0.92746,17667.670166015625
1677009600000,0.92745,0.92792,0.92583,0.92752,6963.030090332031
1677024000000,0.92753,0.9276,0.92613,0.92622,9894.909912109375
1677038400000,0.92622,0.92705,0.92523,0.92583,9261.06982421875
1677052800000,0.92581,0.92868,0.9256,0.92826,21479.12939453125
1677067200000,0.92827,0.9304,0.92596,0.92971,30522.0400390625
1677081600000,0.92973,0.93166,0.92873,0.93152,26088.639892578125
1677096000000,0.93152,0.93184,0.92945,0.93121,7567.929901123047
1677110400000,0.9312,0.93135,0.92905,0.9292,5806.050048828125
1677124800000,0.9292,0.93143,0.92896,0.93092,8604.919860839844
1677139200000,0.9309,0.93339,0.93085,0.93202,20081.7294921875
1677153600000,0.932,0.93432,0.93143,0.93328,37770.80029296875
1677168000000,0.93331,0.93486,0.93286,0.93375,17585.229736328125
1677182400000,0.93373,0.934,0.93256,0.93365,6059.010116577148
1677196800000,0.93365,0.93421,0.93255,0.93372,15942.779907226562
1677211200000,0.93371,0.93551,0.93364,0.93545,8898.079833984375
1677225600000,0.93546,0.93646,0.93406,0.93532,18085.85009765625
1677240000000,0.93532,0.93979,0.93531,0.93974,46111.900390625
1677254400000,0.93974,0.94069,0.93891,0.94056,16966.109619140625
1677268800000,0.94058,0.94121,0.93987,0.93987,4083.969970703125
1677283200000,0.93987,0.93987,0.93987,0.93987,0.0
1677297600000,0.93987,0.93987,0.93987,0.93987,0.0
1677312000000,0.93987,0.93987,0.93987,0.93987,0.0
1677326400000,0.93987,0.93987,0.93987,0.93987,0.0
1677340800000,0.93987,0.93987,0.93987,0.93987,0.0
1677355200000,0.93987,0.93987,0.93987,0.93987,0.0
1677369600000,0.93987,0.93987,0.93987,0.93987,0.0
1677384000000,0.93987,0.93987,0.93987,0.93987,0.0
1677398400000,0.93987,0.93987,0.93987,0.93987,0.0
1677412800000,0.93987,0.93987,0.93987,0.93987,0.0
1677427200000,0.93987,0.93987,0.93987,0.93987,0.0
1677441600000,0.93987,0.94069,0.93906,0.9403,2107.830032348633
1677456000000,0.94031,0.94182,0.94,0.94156,8306.829956054688
1677470400000,0.94155,0.94204,0.94061,0.94162,11431.580444335938
1677484800000,0.94164,0.94285,0.93996,0.94021,19834.759765625
1677499200000,0.9402,0.94106,0.93438,0.9371,25701.14013671875
1677513600000,0.93708,0.93848,0.93525,0.93594,12414.02001953125
1677528000000,0.93591,0.93626,0.93451,0.93572,4672.3800048828125
1677542400000,0.93571,0.93667,0.93529,0.93626,6694.8699951171875
1677556800000,0.93626,0.93884,0.93616,0.93861,10326.52001953125
1677571200000,0.93858,0.93889,0.93604,0.93781,19354.249755859375
1677585600000,0.93781,0.9384,0.93408,0.93728,30776.950439453125
1677600000000,0.93728,0.94046,0.93554,0.94042,17396.199951171875
1677614400000,0.9404,0.94229,0.94031,0.94202,8774.97998046875
1677628800000,0.94203,0.94281,0.94007,0.94032,7490.1
1677643200000,0.94031,0.94079,0.93892,0.93906,11119.33
1677657600000,0.93906,0.94017,0.93568,0.93589,26514.62
1677672000000,0.9359,0.94112,0.93501,0.93906,35527.38
1677686400000,0.93907,0.94135,0.93803,0.94028,17414.04
1677700800000,0.94028,0.94033,0.93891,0.93949,5424.51
1677715200000,0.93947,0.94225,0.9392,0.94211,10281.13
1677729600000,0.94211,0.94393,0.94189,0.94264,9291.25
1677744000000,0.94262,0.94303,0.94063,0.94073,20948.91
1677758400000,0.94073,0.94376,0.93953,0.94145,33004.06
1677772800000,0.94145,0.94396,0.94079,0.94192,16130.57
1677787200000,0.94192,0.94233,0.93956,0.94195,6739.2
1677801600000,0.94197,0.94205,0.9405,0.94115,8098.88
1677816000000,0.94117,0.9412,0.93867,0.93983,7630.76
1677830400000,0.93982,0.93982,0.93682,0.93882,21740.02
1677844800000,0.93883,0.94076,0.93698,0.9395,30281.5
1677859200000,0.9395,0.94006,0.93597,0.93611,24684.29
1677873600000,0.9361,0.9367,0.93583,0.93583,4606.26
1678046400000,0.93611,0.93702,0.93581,0.93696,3650.17
1678060800000,0.93695,0.93726,0.93532,0.93556,9626.59
1678075200000,0.93556,0.93654,0.93124,0.93207,10344.63
1678089600000,0.93208,0.93595,0.93168,0.93515,21167.43
1678104000000,0.93516,0.93538,0.93079,0.93222,27439.46
1678118400000,0.93222,0.9327,0.9305,0.93219,11445.24
1678132800000,0.9322,0.9325,0.93028,0.93069,6160.46
1678147200000,0.9307,0.93147,0.92978,0.92979,7349.86
1678161600000,0.92979,0.9303,0.92853,0.9292,9494.4
1678176000000,0.92921,0.93387,0.92892,0.93387,19563.93
1678190400000,0.93385,0.94095,0.93283,0.94022,43180.62
1678204800000,0.94024,0.94245,0.93904,0.94171,33701.08
1678219200000,0.94165,0.94233,0.94026,0.94226,6992.78
1678233600000,0.94226,0.94365,0.94178,0.94359,8312.4
1678248000000,0.94358,0.94383,0.94181,0.94216,10260.2
1678262400000,0.94217,0.9433,0.9415,0.94319,18349.41
1678276800000,0.9432,0.94356,0.93882,0.94035,40289.4
1678291200000,0.94034,0.94212,0.93888,0.94114,18555.24
1678305600000,0.94113,0.94171,0.93959,0.94083,4575.82
1678320000000,0.94083,0.94159,0.94022,0.94046,6168.41
1678334400000,0.94046,0.94072,0.93846,0.93878,8299.19
1678348800000,0.93878,0.93978,0.93666,0.93763,17347.71
1678363200000,0.93763,0.93935,0.93541,0.93675,28991.54
1678377600000,0.93675,0.93737,0.93451,0.93657,16680.9
1678392000000,0.93655,0.93655,0.93182,0.93284,17854.28
1678406400000,0.93285,0.93287,0.92844,0.92848,18529.28
1678420800000,0.92849,0.93121,0.9281,0.93,16407.39
1678435200000,0.92998,0.93161,0.92682,0.92758,24331.72
1678449600000,0.92758,0.92962,0.91744,0.91915,72748.4
1678464000000,0.91915,0.92194,0.91788,0.92115,37583.4
1678478400000,0.92118,0.92195,0.92087,0.92108,9693.63
1678651200000,0.92016,0.92016,0.91509,0.91916,12928.84
1678665600000,0.91916,0.92024,0.91516,0.91658,31053.57
1678680000000,0.91658,0.91761,0.91524,0.91593,25587.4
1678694400000,0.91591,0.91632,0.90975,0.91427,65445.34
1678708800000,0.91427,0.91576,0.90708,0.91182,86645.72
1678723200000,0.91182,0.91217,0.90935,0.91154,42155.17
1678737600000,0.91153,0.91256,0.9098,0.91252,14907.32
1678752000000,0.91255,0.91389,0.91171,0.9138,17169.34
1678766400000,0.9138,0.9145,0.91049,0.91256,30246.18
1678780800000,0.91257,0.91441,0.91001,0.91164,32263.2
1678795200000,0.91163,0.91643,0.90948,0.91375,72478.92
1678809600000,0.91373,0.91608,0.91216,0.91285,33668.93
1678824000000,0.91283,0.91466,0.91166,0.91452,31573.32
1678838400000,0.91452,0.91484,0.91224,0.91325,15936.91
1678852800000,0.91326,0.91593,0.91307,0.91454,16343.73
1678867200000,0.91453,0.92565,0.91415,0.92257,57753.56
1678881600000,0.92258,0.92485,0.91945,0.92428,86274.15
1678896000000,0.92427,0.93243,0.92356,0.93158,72239.86
1678910400000,0.93159,0.93409,0.93096,0.93148,22001.85
1678924800000,0.93149,0.932,0.92975,0.93045,34346.47
1678939200000,0.93046,0.93071,0.9244,0.92469,23756.36
1678953600000,0.92468,0.93032,0.9229,0.92681,37750.58
1678968000000,0.92681,0.93218,0.92565,0.92992,85984.72
1678982400000,0.92994,0.93196,0.92839,0.92977,40286.63
1678996800000,0.92977,0.93012,0.92876,0.92921,17678.87
1679011200000,0.92923,0.92952,0.9265,0.92705,17631.7
1679025600000,0.92706,0.92718,0.92404,0.92485,23085.16
1679040000000,0.92484,0.92789,0.92392,0.92773,32736.33
1679054400000,0.92773,0.92873,0.92629,0.92842,45471.79
1679068800000,0.92841,0.92932,0.92489,0.9264,32020.36
1679083200000,0.92639,0.92719,0.92565,0.92598,5739.55
1679256000000,0.92501,0.92792,0.92453,0.92694,21754.49
1679270400000,0.92694,0.92715,0.92537,0.92627,17708.91
1679284800000,0.92626,0.92816,0.92445,0.92765,26106.38
1679299200000,0.92766,0.93118,0.9267,0.92671,43066.09
1679313600000,0.92672,0.92753,0.92399,0.92672,31628.02
1679328000000,0.92671,0.92927,0.92549,0.92857,14873.2
1679342400000,0.92858,0.92938,0.92674,0.92918,27710.21
1679356800000,0.92923,0.92925,0.92817,0.92894,28307.85
1679371200000,0.92895,0.93165,0.92891,0.92976,16593.49
1679385600000,0.92974,0.93022,0.92328,0.92391,27644.59
1679400000000,0.9239,0.92549,0.92243,0.92379,27062.28
1679414400000,0.92376,0.92385,0.92092,0.92267,15434.52
1679428800000,0.92267,0.92267,0.92147,0.92172,10772.94
1679443200000,0.92171,0.92287,0.92116,0.92258,13166.39
1679457600000,0.92256,0.9245,0.92186,0.92297,17621.25
1679472000000,0.92298,0.92313,0.92058,0.92233,25460.77
1679486400000,0.92235,0.92454,0.92182,0.92368,21629.47
1679500800000,0.92366,0.92417,0.91468,0.91789,55560.5
1679515200000,0.9179,0.91796,0.91589,0.91662,12381.67
1679529600000,0.91662,0.91729,0.91446,0.91567,18745.45
1679544000000,0.91568,0.91659,0.91372,0.91605,26188.58
1679558400000,0.91605,0.91803,0.91186,0.91658,33016.39
1679572800000,0.91657,0.91692,0.91307,0.91442,28282.78
1679587200000,0.91445,0.91652,0.91264,0.91562,27334.18
1679601600000,0.91563,0.91695,0.91521,0.91669,16245.49
1679616000000,0.91674,0.91789,0.91621,0.91631,17452.18
1679630400000,0.91629,0.91808,0.91547,0.91764,19724.48
1679644800000,0.91764,0.92165,0.91692,0.91984,42446.35
1679659200000,0.91983,0.92012,0.9173,0.91812,38808.88
1679673600000,0.91811,0.92027,0.91749,0.91959,15424.24
1679688000000,0.91959,0.91998,0.91912,0.91919,1982.26
1679860800000,0.91608,0.91945,0.91608,0.91893,12493.3
1679875200000,0.91895,0.91992,0.91797,0.91826,13380.3
1679889600000,0.91826,0.91972,0.91706,0.91775,24111.1
1679904000000,0.91777,0.91788,0.91559,0.91636,25777.94
1679918400000,0.91634,0.91777,0.91552,0.91638,28212.88
1679932800000,0.91639,0.9169,0.91573,0.91577,10479.87
1679947200000,0.91577,0.91603,0.91499,0.91511,25397.43
1679961600000,0.91513,0.91525,0.91361,0.91394,11256.93
1679976000000,0.91395,0.91806,0.91374,0.91652,17280.52
1679990400000,0.91656,0.91853,0.9162,0.91806,14340.46
1680004800000,0.91806,0.92224,0.91694,0.91983,25818.32
1680019200000,0.91983,0.92033,0.91862,0.919,9100.46
1680033600000,0.91901,0.92087,0.91857,0.92039,3959.29
1680048000000,0.92039,0.92088,0.9196,0.92061,8874.67
1680062400000,0.92062,0.92228,0.91954,0.91995,15631.65
1680076800000,0.91994,0.92062,0.91646,0.91886,21299.12
1680091200000,0.91884,0.92126,0.91839,0.91954,27470.05
1680105600000,0.91954,0.92082,0.91861,0.91887,11008.14
1680120000000,0.91886,0.91901,0.91731,0.91824,6008.14
1680134400000,0.91824,0.91999,0.91817,0.91949,9442.63
1680148800000,0.91949,0.9196,0.91636,0.91693,19440.25
1680163200000,0.91696,0.91726,0.91447,0.91491,20752.28
1680177600000,0.91491,0.91545,0.91258,0.91405,26610.84
1680192000000,0.91406,0.91451,0.91343,0.91398,10648.95
1680206400000,0.91399,0.9142,0.91261,0.91341,7638.84
1680220800000,0.91342,0.91416,0.9124,0.91349,9821.95
1680235200000,0.91349,0.9152,0.91333,0.91472,17129.76
1680249600000,0.91472,0.91773,0.91419,0.9168,22476.21
1680264000000,0.91679,0.91711,0.91152,0.91286,33822.6
1680278400000,0.91286,0.91521,0.91281,0.91474,12850.63
1680292800000,0.91472,0.91536,0.91466,0.9148,2894.87
1680465600000,0.91467,0.91784,0.91279,0.91773,12731.21
1680480000000,0.91773,0.91823,0.91628,0.91792,14651.65
1680494400000,0.91795,0.91961,0.91701,0.91754,20734.28
1680508800000,0.91756,0.9187,0.9143,0.91434,19890.65
1680523200000,0.91434,0.91602,0.91149,0.91303,31851.4
1680537600000,0.91302,0.91399,0.91231,0.91253,9641.41
1680552000000,0.91254,0.91298,0.91181,0.91281,14966.43
1680566400000,0.91279,0.91379,0.9124,0.91372,7666.16
1680580800000,0.91369,0.91426,0.91,0.91104,18916.85
1680595200000,0.91104,0.91384,0.91072,0.91356,20637.35
1680609600000,0.91358,0.91406,0.90656,0.90707,34346.98
1680624000000,0.90706,0.90721,0.90547,0.90599,8629.53
1680638400000,0.90597,0.90616,0.90503,0.90571,4357.95
1680652800000,0.9057,0.9059,0.90527,0.90553,8616.98
1680667200000,0.90555,0.906,0.90405,0.90509,11510.42
1680681600000,0.90508,0.90581,0.90423,0.90537,14865.36
1680696000000,0.90536,0.90575,0.90057,0.90506,36179.83
1680710400000,0.90505,0.90758,0.90495,0.90638,9538.58
1680724800000,0.90638,0.90683,0.90469,0.90638,4699.31
1680739200000,0.90639,0.90746,0.90613,0.90701,6538.44
1680753600000,0.90703,0.90748,0.9036,0.90458,13605
1680768000000,0.90459,0.90567,0.90377,0.90497,16476.05
1680782400000,0.90497,0.90668,0.90383,0.9041,24016.22
1680796800000,0.90408,0.90494,0.90355,0.90463,7049.8
1680811200000,0.90463,0.9048,0.90302,0.9045,16972.86
1680825600000,0.90451,0.90482,0.9041,0.90446,4570.45
1680840000000,0.90447,0.90491,0.90339,0.90427,6511.64
1680854400000,0.90431,0.90452,0.90353,0.90398,7502.32
1680868800000,0.904,0.90808,0.90339,0.90511,21039.83
1680883200000,0.90509,0.90528,0.90338,0.90374,20623.58
1680897600000,0.90375,0.90546,0.90355,0.90494,762.22
1681070400000,0.90281,0.90482,0.90281,0.90446,6097.47
1681084800000,0.90444,0.90631,0.90432,0.90599,7804.6
1681099200000,0.906,0.9067,0.90535,0.90542,8109.92
1681113600000,0.90542,0.90703,0.90505,0.90694,11747.23
1681128000000,0.90692,0.912,0.90677,0.91127,21772.26
1681142400000,0.91126,0.91126,0.90927,0.90932,7366.69
1681156800000,0.90932,0.90973,0.90779,0.90878,10916.13
1681171200000,0.90878,0.90901,0.9077,0.90808,7458.41
1681185600000,0.90809,0.90814,0.90375,0.90486,13898.72
1681200000000,0.90487,0.90516,0.90369,0.90482,15307.4
1681214400000,0.90484,0.90589,0.90316,0.90411,19442.11
1681228800000,0.90412,0.90499,0.90276,0.90304,6428.71
1681243200000,0.90302,0.90335,0.90276,0.903,3523.2
1681257600000,0.90299,0.90331,0.90183,0.90255,5320.57
1681272000000,0.90256,0.90345,0.90168,0.90263,9547.23
1681286400000,0.90265,0.90311,0.90123,0.90187,11863.49
1681300800000,0.90186,0.90225,0.89432,0.89685,36386.54
1681315200000,0.89685,0.89698,0.89492,0.89639,11288.36
1681329600000,0.89638,0.89656,0.8942,0.89582,6334.97
1681344000000,0.89585,0.89687,0.89532,0.89677,5484.99
1681358400000,0.89679,0.89744,0.89339,0.89358,11216.11
1681372800000,0.89358,0.89358,0.88967,0.89055,18932
1681387200000,0.89056,0.89062,0.88595,0.88742,32613.04
1681401600000,0.88741,0.88891,0.8871,0.88891,6458.43
1681416000000,0.8889,0.88957,0.88863,0.88907,4162.7
1681430400000,0.88906,0.88931,0.88737,0.88767,7221.76
1681444800000,0.88766,0.88882,0.88704,0.88739,10100.67
1681459200000,0.88738,0.88971,0.88664,0.88901,13995.2
1681473600000,0.889,0.89587,0.88755,0.89562,39810.12
1681488000000,0.8956,0.8957,0.89374,0.89394,7938.02
1681502400000,0.89394,0.89418,0.89328,0.89328,2214.22
1681675200000,0.89384,0.89492,0.89383,0.89488,7634.67
1681689600000,0.89491,0.89592,0.89414,0.89439,6021.68
1681704000000,0.89439,0.89442,0.89216,0.89267,10271.64
1681718400000,0.89269,0.89508,0.89254,0.89421,14875.77
1681732800000,0.8942,0.8995,0.8931,0.89949,24453.87
1681747200000,0.89949,0.89962,0.89828,0.89848,6514.19
1681761600000,0.8985,0.89891,0.89685,0.89855,4732.36
1681776000000,0.89853,0.89856,0.89702,0.89747,8030.42
1681790400000,0.89746,0.89848,0.89613,0.89618,12670.6
1681804800000,0.89619,0.89694,0.89554,0.89557,13491.25
1681819200000,0.89555,0.89867,0.8954,0.89804,21796.13
1681833600000,0.89805,0.89812,0.89653,0.89666,5821.74
1681848000000,0.89668,0.89675,0.8944,0.89599,8075.51
1681862400000,0.89599,0.89738,0.89579,0.8966,4511.46
1681876800000,0.89658,0.89903,0.89593,0.89752,17546.43
1681891200000,0.89754,0.90027,0.89721,0.89912,19262.81
1681905600000,0.89913,0.89944,0.89584,0.89848,19262.29
1681920000000,0.89847,0.89863,0.8971,0.89778,7784.63
1681934400000,0.89777,0.89798,0.89663,0.89768,6799.79
1681948800000,0.89768,0.89829,0.89661,0.89683,5770.62
1681963200000,0.89681,0.89713,0.89487,0.89624,13522.55
1681977600000,0.89621,0.89661,0.89368,0.89536,16519.8
1681992000000,0.89535,0.89677,0.89196,0.8944,29120.69
1682006400000,0.89438,0.89443,0.8932,0.89357,7990.65
1682020800000,0.89359,0.89359,0.89184,0.89239,8286.05
1682035200000,0.8924,0.89331,0.89239,0.89314,4850.73
1682049600000,0.89315,0.89532,0.8931,0.89428,11390.16
1682064000000,0.89428,0.89448,0.89168,0.8919,16213.93
1682078400000,0.89188,0.89537,0.89075,0.89262,28273.3
1682092800000,0.89261,0.89333,0.89204,0.89212,8926.86
1682107200000,0.89211,0.89259,0.89193,0.89209,1709.86
1682280000000,0.89245,0.89245,0.89159,0.89192,3325.89
1682294400000,0.89195,0.89278,0.89155,0.89239,6598.32
1682308800000,0.89242,0.89259,0.89026,0.89057,10834.67
1682323200000,0.89057,0.89113,0.88827,0.89024,17502.96
1682337600000,0.89022,0.89076,0.88792,0.88872,19221.69
1682352000000,0.88871,0.88879,0.88756,0.88806,6294.77
1682366400000,0.88806,0.88813,0.88703,0.88706,6428.57
1682380800000,0.88705,0.8874,0.8863,0.88715,5186.59
1682395200000,0.88713,0.88921,0.88683,0.88751,11712.58
1682409600000,0.88749,0.8888,0.88602,0.8883,16159.62
1682424000000,0.88834,0.89265,0.88719,0.89252,24908.22
1682438400000,0.89253,0.89272,0.89142,0.89199,8706.16
1682452800000,0.89198,0.89216,0.88942,0.89185,8334.65
1682467200000,0.89185,0.89255,0.89116,0.8912,6490.54
1682481600000,0.8912,0.89139,0.88947,0.89096,11811.3
1682496000000,0.89095,0.89186,0.88779,0.88969,18526.64
1682510400000,0.88969,0.89112,0.88513,0.8901,30655
1682524800000,0.8901,0.892,0.88992,0.89112,10851.03
1682539200000,0.89115,0.89142,0.8898,0.89085,5927.23
1682553600000,0.89085,0.89115,0.89049,0.89089,6336.46
1682568000000,0.89092,0.89213,0.89026,0.89201,13444.83
1682582400000,0.89201,0.89397,0.89157,0.89388,14302.27
1682596800000,0.89387,0.8976,0.89192,0.8957,34539.95
1682611200000,0.89569,0.89604,0.89359,0.89412,8455.36
1682625600000,0.89412,0.89441,0.89182,0.89389,5340.85
1682640000000,0.8939,0.89473,0.89309,0.89403,7767.54
1682654400000,0.89404,0.89619,0.89329,0.89467,20239.34
1682668800000,0.89468,0.89749,0.89455,0.89605,17415.14
1682683200000,0.89602,0.89719,0.88958,0.89111,38630.86
1682697600000,0.89112,0.89405,0.89101,0.89372,9164.53
1682712000000,0.89371,0.89481,0.89371,0.89371,3631.48
1682884800000,0.89114,0.89488,0.89114,0.89472,7210.54
1682899200000,0.89472,0.89537,0.8939,0.894,5691.53
1682913600000,0.89399,0.89491,0.89268,0.89331,9807.86
1682928000000,0.89332,0.89464,0.89228,0.89281,12291.97
1682942400000,0.89282,0.89663,0.89148,0.89612,27022.87
1682956800000,0.89611,0.89664,0.89533,0.89616,5809.93
1682971200000,0.89615,0.89621,0.8945,0.89593,6603.82
1682985600000,0.89591,0.89604,0.89419,0.89528,5630.84
1683000000000,0.89528,0.8977,0.89489,0.89743,15054.28
1683014400000,0.89743,0.89948,0.89669,0.89711,18421.66
1683028800000,0.89709,0.89913,0.89304,0.89309,29410.14
1683043200000,0.8931,0.89361,0.89234,0.89273,7274.55
1683057600000,0.89271,0.89327,0.89226,0.89234,8205.7
1683072000000,0.89234,0.89272,0.8907,0.89072,4528.87
1683086400000,0.89073,0.89156,0.88885,0.88941,9618.33
1683100800000,0.8894,0.88948,0.88706,0.8887,14312.41
1683115200000,0.88869,0.89058,0.88626,0.88712,26540.22
1683129600000,0.88711,0.8877,0.88319,0.8854,31681.35
1683144000000,0.88539,0.88604,0.88254,0.88342,16252.32
1683158400000,0.88342,0.88347,0.88197,0.88301,8387.84
1683172800000,0.88299,0.88652,0.88237,0.88611,13525.53
1683187200000,0.88612,0.88818,0.88419,0.88482,19293.2
1683201600000,0.8848,0.8891,0.88382,0.8861,52060.71
1683216000000,0.88608,0.88616,0.88427,0.8858,11493.55
1683230400000,0.88579,0.88597,0.88499,0.88543,7310.99
1683244800000,0.88541,0.88565,0.8839,0.88408,4835.1
1683259200000,0.88406,0.88935,0.8834,0.88933,14298.23
1683273600000,0.88934,0.89312,0.889,0.89227,17200.45
1683288000000,0.89224,0.89734,0.89108,0.89132,38943.47
1683302400000,0.89131,0.89165,0.89007,0.89055,7092.22
1683316800000,0.89053,0.89069,0.89012,0.89023,2469.16
1683489600000,0.88939,0.8912,0.88937,0.8912,7301.81
1683504000000,0.89118,0.89121,0.88865,0.88879,5456.32
1683518400000,0.88879,0.88957,0.88693,0.88722,7900.59
1683532800000,0.88722,0.88981,0.88674,0.88921,11729.4
1683547200000,0.88922,0.89015,0.8882,0.88943,13907.88
1683561600000,0.88941,0.89003,0.88781,0.88992,5697.9
1683576000000,0.88992,0.89011,0.88731,0.88994,9327.16
1683590400000,0.88995,0.89075,0.88952,0.88952,5507.79
1683604800000,0.88951,0.89272,0.88879,0.89226,11742.5
1683619200000,0.89227,0.89345,0.89112,0.89303,12886.74
1683633600000,0.89304,0.89426,0.89103,0.89163,18152.46
1683648000000,0.89163,0.89176,0.88961,0.89039,6860.77
1683662400000,0.89037,0.89069,0.88955,0.89015,4394.59
1683676800000,0.89013,0.89017,0.88959,0.88964,3744.69
1683691200000,0.88963,0.89066,0.88859,0.88966,10194.86
1683705600000,0.88969,0.89203,0.88919,0.89188,13502.78
1683720000000,0.8919,0.89268,0.88678,0.89107,40296.81
1683734400000,0.89106,0.89121,0.8888,0.88923,8437.33
1683748800000,0.88924,0.88975,0.88736,0.88936,3037.71
1683763200000,0.88935,0.89073,0.88864,0.89072,5213.36
1683777600000,0.89073,0.89409,0.8901,0.89355,14314.31
1683792000000,0.89354,0.89499,0.89223,0.89301,19086.13
1683806400000,0.893,0.89577,0.89131,0.89531,27364.37
1683820800000,0.89529,0.8953,0.89375,0.89414,5882.21
1683835200000,0.89421,0.89431,0.8934,0.89421,4821.62
1683849600000,0.89421,0.89421,0.89248,0.89274,4886.84
1683864000000,0.89274,0.89291,0.88969,0.89234,10601.69
1683878400000,0.89234,0.89497,0.89129,0.89449,14486.3
1683892800000,0.89449,0.89748,0.89278,0.89712,26541.97
1683907200000,0.89714,0.89854,0.89712,0.89837,6740
1683921600000,0.89837,0.89872,0.89787,0.89787,3064.54
1684094400000,0.89522,0.89864,0.89506,0.89838,12790.02
1684108800000,0.89837,0.89874,0.89726,0.89769,5666.3
1684123200000,0.89769,0.89811,0.89605,0.89667,9134.9
1684137600000,0.8967,0.89762,0.89549,0.89601,11197.02
1684152000000,0.89602,0.89645,0.89458,0.89489,19297.69
1684166400000,0.89488,0.89507,0.89423,0.89507,5911.63
1684180800000,0.89505,0.89574,0.89474,0.89548,9018.99
1684195200000,0.89548,0.89567,0.89478,0.89491,4085.13
1684209600000,0.89491,0.89622,0.8929,0.8929,9448.62
1684224000000,0.89289,0.89395,0.89194,0.89382,12866.57
1684238400000,0.89382,0.89702,0.89331,0.89646,33440.61
1684252800000,0.89646,0.89655,0.89555,0.89633,6059.33
1684267200000,0.89634,0.89662,0.89549,0.89633,4631.57
1684281600000,0.89633,0.89645,0.89489,0.89565,5637.06
1684296000000,0.89564,0.89883,0.89563,0.89829,10715.92
1684310400000,0.89829,0.90075,0.89784,0.89992,16306.16
1684324800000,0.8999,0.90252,0.89829,0.89924,27824.11
1684339200000,0.89925,0.89925,0.8978,0.89823,6762.97
1684353600000,0.89828,0.89873,0.89769,0.8986,6575.62
1684368000000,0.8986,0.89888,0.89799,0.89839,5478.33
1684382400000,0.89838,0.90102,0.89833,0.90037,11024.88
1684396800000,0.90036,0.90106,0.8998,0.9001,16392.54
1684411200000,0.9001,0.90624,0.89991,0.9046,26729.38
1684425600000,0.9046,0.9057,0.90411,0.90486,5345.95
1684440000000,0.90487,0.90524,0.90447,0.90487,10879.02
1684454400000,0.90486,0.90584,0.90418,0.90479,6782.79
1684468800000,0.90481,0.90517,0.90193,0.90289,9829.26
1684483200000,0.9029,0.90361,0.90111,0.90112,14361.17
1684497600000,0.90111,0.90311,0.89742,0.89884,26277.23
1684512000000,0.89885,0.90046,0.89803,0.89973,7424.73
1684526400000,0.89973,0.90012,0.89916,0.89925,2219.83
1684699200000,0.89826,0.89904,0.8981,0.89823,2407.94
1684713600000,0.89821,0.89862,0.89697,0.89786,8062.12
1684728000000,0.89785,0.89968,0.89721,0.89739,11387.8
1684742400000,0.89739,0.89785,0.89406,0.89609,16683.49
1684756800000,0.8961,0.89935,0.89551,0.89913,27940.02
1684771200000,0.89912,0.89922,0.89689,0.898,11176.71
1684785600000,0.89801,0.89854,0.89736,0.89828,5738.51
1684800000000,0.89823,0.89908,0.89751,0.89836,5905.08
1684814400000,0.8984,0.90017,0.89787,0.89939,12228.37
1684828800000,0.89939,0.90188,0.89896,0.90144,15219.08
1684843200000,0.90143,0.90292,0.8985,0.90137,27291.34
1684857600000,0.90137,0.9022,0.90109,0.90195,7180.99
1684872000000,0.90194,0.90196,0.90045,0.90144,4829.31
1684886400000,0.90142,0.9015,0.90064,0.90081,5987.71
1684900800000,0.90082,0.90228,0.90047,0.9012,12276.23
1684915200000,0.90119,0.9037,0.90056,0.90228,16477.12
1684929600000,0.9023,0.90601,0.90161,0.90584,24957.34
1684944000000,0.90585,0.90667,0.90376,0.90496,13339.11
1684958400000,0.90496,0.90531,0.90417,0.9043,6888.41
1684972800000,0.9043,0.90642,0.90388,0.90628,6607.44
1684987200000,0.90626,0.90681,0.90501,0.90511,11735.75
1685001600000,0.90508,0.90635,0.90452,0.90492,11510.7
1685016000000,0.9049,0.90694,0.90373,0.90594,31900.45
1685030400000,0.90594,0.90731,0.9058,0.90606,8455.19
1685044800000,0.90606,0.90628,0.90456,0.90508,5782.46
1685059200000,0.90509,0.90566,0.9043,0.90463,7321.08
1685073600000,0.90463,0.90544,0.90184,0.90284,12504
1685088000000,0.90286,0.90443,0.90202,0.90251,15491.56
1685102400000,0.9025,0.90742,0.90197,0.90597,29637.66
1685116800000,0.90596,0.90596,0.90458,0.9049,5908.7
1685131200000,0.9049,0.90519,0.9046,0.9046,4650.19
1685304000000,0.904,0.90586,0.90399,0.90586,7847.27
1685318400000,0.90586,0.90618,0.90502,0.90521,3887.93
1685332800000,0.90521,0.90525,0.90403,0.90433,7413.85
1685347200000,0.90431,0.90521,0.9027,0.90354,8039.11
1685361600000,0.90354,0.90426,0.90318,0.90353,7029.27
1685376000000,0.90352,0.90449,0.90344,0.90425,2995.47
1685390400000,0.90424,0.90464,0.9036,0.90452,4343.22
1685404800000,0.90454,0.90472,0.90308,0.9041,7616.14
1685419200000,0.90411,0.90839,0.90398,0.9064,17080.69
1685433600000,0.9064,0.90662,0.90138,0.90216,21420.04
1685448000000,0.90218,0.90505,0.90171,0.90488,22762.2
1685462400000,0.90486,0.9069,0.90456,0.90571,7415.95
1685476800000,0.90572,0.90628,0.90413,0.90605,4940.99
1685491200000,0.90608,0.9082,0.90551,0.90808,6849.91
1685505600000,0.9081,0.91173,0.90764,0.91156,13449.13
1685520000000,0.91157,0.91187,0.90982,0.91007,15117.31
1685534400000,0.91006,0.91449,0.90957,0.91294,29099.91
1685548800000,0.91293,0.91471,0.91035,0.91081,13220.02
1685563200000,0.91082,0.91086,0.90981,0.90997,7120.15
1685577600000,0.90997,0.91117,0.90988,0.91088,6050.87
1685592000000,0.91088,0.91137,0.91013,0.91086,11341.19
1685606400000,0.91086,0.91107,0.90747,0.908,12402.16
1685620800000,0.90801,0.9111,0.90707,0.9077,32211.66
1685635200000,0.90771,0.90771,0.90535,0.90607,7770.04
1685649600000,0.90607,0.90617,0.90482,0.90559,9612.16
1685664000000,0.90558,0.90579,0.90418,0.90434,6400.98
1685678400000,0.90436,0.90518,0.90344,0.9051,11166.29
1685692800000,0.9051,0.90693,0.90382,0.90681,12022.05
1685707200000,0.9068,0.90884,0.90467,0.90753,35465.46
1685721600000,0.90754,0.90913,0.90752,0.90897,8086.95
1685736000000,0.90896,0.90912,0.90866,0.90866,2536.29
1685908800000,0.90712,0.90994,0.90712,0.90977,4092.29
1685923200000,0.90976,0.91053,0.90947,0.90954,6102.67
1685937600000,0.90955,0.91192,0.90946,0.91084,11951.16
1685952000000,0.91083,0.91177,0.90969,0.9106,12439.35
1685966400000,0.91058,0.91191,0.90519,0.90577,22930
1685980800000,0.90576,0.90618,0.90521,0.90589,8462.17
1685995200000,0.90588,0.90659,0.90465,0.90603,4750.16
1686009600000,0.90604,0.90617,0.90498,0.90564,3769.22
1686024000000,0.90564,0.90656,0.90331,0.90589,14982.59
1686038400000,0.90588,0.90845,0.90562,0.90823,16498.56
1686052800000,0.90825,0.90978,0.90744,0.90763,18623.92
1686067200000,0.90763,0.90794,0.90717,0.90781,4469.6
1686081600000,0.90779,0.90797,0.90705,0.90708,3162.67
1686096000000,0.90706,0.90764,0.90628,0.90678,5555.77
1686110400000,0.90679,0.90872,0.90666,0.90768,8639.77
1686124800000,0.9077,0.90821,0.90511,0.90551,12120.23
1686139200000,0.90553,0.90945,0.90428,0.90892,22907.17
1686153600000,0.90891,0.91065,0.90855,0.91065,7291.44
1686168000000,0.91063,0.91067,0.90907,0.90955,4820.79
1686182400000,0.90954,0.90958,0.90892,0.90947,4195.25
1686196800000,0.90947,0.91073,0.90859,0.90924,9657.32
1686211200000,0.90923,0.91,0.90807,0.90894,12340.44
1686225600000,0.90891,0.90893,0.89967,0.90035,30193.13
1686240000000,0.90034,0.90067,0.89893,0.89933,6890.78
1686254400000,0.89934,0.89942,0.89852,0.89894,4800.3
1686268800000,0.89893,0.89951,0.89876,0.89935,4678.18
1686283200000,0.89935,0.90037,0.89843,0.89957,9579.59
1686297600000,0.89958,0.90243,0.89955,0.90149,12984
1686312000000,0.90149,0.90279,0.8998,0.90264,21996.46
1686326400000,0.90265,0.9039,0.9024,0.90374,4976.15
1686340800000,0.90375,0.90375,0.90263,0.90272,3485.52
1686513600000,0.9029,0.90387,0.90146,0.90329,2636.36
1686528000000,0.90328,0.90455,0.90316,0.9039,6984.5
1686542400000,0.90392,0.90445,0.90176,0.90235,9438.36
1686556800000,0.90236,0.90591,0.90153,0.90574,14295.79
1686571200000,0.90576,0.91014,0.90493,0.90988,18995.4
1686585600000,0.90985,0.9109,0.90845,0.90856,8043.79
1686600000000,0.90855,0.90885,0.90815,0.90857,3679.21
1686614400000,0.90857,0.90892,0.9071,0.90712,4144.33
1686628800000,0.90711,0.90749,0.90353,0.90439,11326.16
1686643200000,0.90442,0.90669,0.90442,0.90624,12190.19
1686657600000,0.90624,0.90731,0.90315,0.90534,30041.42
1686672000000,0.90533,0.90621,0.90319,0.90532,11606.9
1686686400000,0.90532,0.90555,0.90465,0.90524,5936.64
1686700800000,0.90523,0.90565,0.9043,0.90474,7045.82
1686715200000,0.90475,0.906,0.90373,0.90436,9716.89
1686729600000,0.90434,0.90497,0.90218,0.90256,10842.64
1686744000000,0.90254,0.9026,0.89692,0.89727,17101.12
1686758400000,0.89724,0.90294,0.89651,0.90151,27963.77
1686772800000,0.90152,0.90175,0.90008,0.9002,8090.61
1686787200000,0.9002,0.90352,0.89999,0.90336,9405.72
1686801600000,0.90334,0.90559,0.90288,0.90367,11888.72
1686816000000,0.90369,0.904,0.90008,0.9022,13232.62
1686830400000,0.90221,0.90226,0.89272,0.89273,28392.84
1686844800000,0.89272,0.89272,0.89067,0.89116,7862.36
1686859200000,0.89118,0.89185,0.89102,0.89178,6201.39
1686873600000,0.89181,0.8924,0.8913,0.8922,7763.5
1686888000000,0.89221,0.89233,0.89036,0.89068,16507.99
1686902400000,0.89069,0.89258,0.89012,0.89132,17001.99
1686916800000,0.89131,0.8949,0.89051,0.89433,24653.6
1686931200000,0.89433,0.8947,0.8929,0.8946,9835.77
1686945600000,0.89462,0.89465,0.89327,0.89327,3081.5
1687118400000,0.89315,0.89472,0.8929,0.89444,18611
1687132800000,0.89443,0.89456,0.89376,0.89437,6362.11
1687147200000,0.89436,0.89496,0.89343,0.89382,12268.3
1687161600000,0.89383,0.897,0.89332,0.89432,16145.48
1687176000000,0.89431,0.89748,0.89417,0.89607,14160.09
1687190400000,0.89605,0.89634,0.89575,0.89621,5592.06
1687204800000,0.89622,0.89624,0.89507,0.89585,4394.57
1687219200000,0.89583,0.89671,0.89558,0.89656,9741.52
1687233600000,0.89655,0.89862,0.89537,0.89562,16315.24
1687248000000,0.89562,0.89791,0.89555,0.89727,16055.6
1687262400000,0.89727,0.90008,0.8965,0.89933,25595.47
1687276800000,0.89934,0.89961,0.89777,0.89812,10581.63
1687291200000,0.8981,0.89822,0.8972,0.89768,4887.54
1687305600000,0.89768,0.89889,0.89766,0.89862,6101.93
1687320000000,0.89865,0.89943,0.89807,0.89902,14494.26
1687334400000,0.89903,0.8993,0.89662,0.89731,18653.84
1687348800000,0.89732,0.89975,0.89398,0.89505,28590.17
1687363200000,0.89505,0.89546,0.89195,0.89288,11662.74
1687377600000,0.89288,0.89317,0.89218,0.8925,4347.1
1687392000000,0.89249,0.89264,0.89193,0.89212,5677.2
1687406400000,0.89213,0.89539,0.89059,0.89299,18838.19
1687420800000,0.89296,0.89503,0.89211,0.89415,25707.91
1687435200000,0.89415,0.89699,0.8927,0.89667,30262.21
1687449600000,0.89665,0.89724,0.89479,0.89482,11944.07
1687464000000,0.89482,0.89538,0.89432,0.89496,10496.17
1687478400000,0.89494,0.89713,0.8949,0.897,8045.6
1687492800000,0.89701,0.90128,0.89685,0.89995,18974.26
1687507200000,0.89991,0.901,0.89807,0.89847,19014.82
1687521600000,0.89847,0.89855,0.89451,0.89793,28448.97
1687536000000,0.89793,0.89826,0.89668,0.89689,11389.19
1687550400000,0.89688,0.89726,0.89628,0.89628,5002.48
1687723200000,0.89574,0.89661,0.89555,0.89577,8894.25
1687737600000,0.89579,0.89656,0.89511,0.89576,7938.63
1687752000000,0.89575,0.8968,0.89465,0.89518,11130.34
1687766400000,0.89516,0.89567,0.89113,0.89165,15643.74
1687780800000,0.89166,0.89541,0.8916,0.89466,17949.56
1687795200000,0.89466,0.89567,0.89455,0.89544,6391.02
1687809600000,0.89543,0.89586,0.89313,0.89573,7053.32
1687824000000,0.89575,0.89655,0.89397,0.89477,8107.86
1687838400000,0.89479,0.89601,0.89375,0.89435,11306.37
1687852800000,0.89437,0.89558,0.89373,0.89464,14098.55
1687867200000,0.89463,0.89701,0.89234,0.89416,31294.92
1687881600000,0.89415,0.89433,0.89291,0.89324,7722.95
1687896000000,0.89322,0.89378,0.89303,0.89374,4528.38
1687910400000,0.89376,0.89483,0.89318,0.89414,8360.9
1687924800000,0.89413,0.89529,0.89371,0.89507,11590.09
1687939200000,0.89508,0.89726,0.89432,0.8972,16272.91
1687953600000,0.89719,0.89868,0.8959,0.89749,27583.9
1687968000000,0.89749,0.89756,0.8957,0.89672,8673.12
1687982400000,0.89673,0.89707,0.89583,0.89672,4145.14
1687996800000,0.89673,0.89843,0.89652,0.8981,7863.24
1688011200000,0.8981,0.89896,0.89708,0.89742,12206.46
1688025600000,0.89743,0.89767,0.89431,0.89444,13785.63
1688040000000,0.89445,0.90014,0.89439,0.89845,31391.65
1688054400000,0.89845,0.89993,0.89827,0.89968,8979.69
1688068800000,0.89971,0.89972,0.8982,0.89916,5782.01
1688083200000,0.89913,0.89956,0.89826,0.89845,9929.43
1688097600000,0.89844,0.89997,0.89804,0.8996,12189.85
1688112000000,0.8996,0.90164,0.8996,0.9012,14495.22
1688126400000,0.9012,0.90129,0.89349,0.89467,30412.58
1688140800000,0.89468,0.8957,0.89413,0.89493,9788.65
1688155200000,0.89492,0.89523,0.8948,0.89489,4091.45
1688328000000,0.8932,0.89525,0.89269,0.89519,2795.07
1688342400000,0.89521,0.89571,0.89487,0.89495,5599.74
1688356800000,0.89494,0.89908,0.89405,0.89894,14210.28
1688371200000,0.89894,0.90041,0.89817,0.89902,14323.77
1688385600000,0.89901,0.8997,0.89519,0.89566,24090
1688400000000,0.89565,0.89667,0.89535,0.89654,4981.86
1688414400000,0.89652,0.89652,0.89516,0.89591,9494.29
1688428800000,0.89592,0.89666,0.89567,0.89645,5823.83
1688443200000,0.89644,0.89729,0.89515,0.8964,9063.6
1688457600000,0.89637,0.89694,0.89453,0.89589,11279.96
1688472000000,0.89589,0.8962,0.89495,0.8957,10068.59
1688486400000,0.89569,0.89735,0.89563,0.89722,4741.12
1688500800000,0.89722,0.89745,0.89568,0.89679,6524.49
1688515200000,0.89677,0.89756,0.89622,0.89738,4915.16
1688529600000,0.89737,0.89848,0.89617,0.89714,10206.88
1688544000000,0.89715,0.8991,0.89711,0.89902,14291.36
1688558400000,0.89903,0.89944,0.8962,0.89804,19563.29
1688572800000,0.89805,0.89903,0.89772,0.89874,8046.93
1688587200000,0.89872,0.89884,0.89773,0.89853,6228.44
1688601600000,0.89853,0.89905,0.89792,0.89845,6425.26
1688616000000,0.89843,0.89908,0.89653,0.89784,13632.05
1688630400000,0.89782,0.89923,0.89506,0.8954,15247.75
1688644800000,0.8954,0.89976,0.89509,0.89654,43309.59
1688659200000,0.89654,0.89654,0.8955,0.8955,9390.39
1688673600000,0.89552,0.89573,0.89468,0.89533,5105.48
1688688000000,0.89534,0.89673,0.89521,0.89604,5243.98
1688702400000,0.89606,0.89614,0.89484,0.89577,11584.63
1688716800000,0.89578,0.8965,0.8949,0.89555,16392.24
1688731200000,0.89553,0.89699,0.88873,0.88878,36187.72
1688745600000,0.88875,0.8891,0.88754,0.88887,6943.06
1688760000000,0.88888,0.88929,0.88838,0.88838,1664.59
1688932800000,0.88728,0.88961,0.88728,0.889,4364.65
1688947200000,0.88898,0.89071,0.88877,0.89053,9847.42
1688961600000,0.89053,0.89154,0.88921,0.8905,11737.86
1688976000000,0.89048,0.89055,0.88867,0.89031,12049.86
1688990400000,0.8903,0.89177,0.88664,0.88687,21873.42
1689004800000,0.8869,0.88741,0.88533,0.88563,8132.77
1689019200000,0.88561,0.88562,0.88493,0.88516,3896.36
1689033600000,0.88516,0.88528,0.88393,0.88427,5685.82
1689048000000,0.88426,0.8848,0.88178,0.88239,18471.42
1689062400000,0.88238,0.8827,0.88104,0.88192,12039.88
1689076800000,0.88193,0.88369,0.88049,0.88055,15100.43
1689091200000,0.88055,0.88063,0.87956,0.8797,6012.75
1689105600000,0.87968,0.87974,0.87858,0.87876,4835.02
1689120000000,0.87877,0.87893,0.87741,0.87831,8897.29
1689134400000,0.87833,0.8787,0.87638,0.8787,11914.72
1689148800000,0.87869,0.87921,0.87782,0.87865,16936.12
1689163200000,0.87866,0.87866,0.86588,0.86768,39214.48
1689177600000,0.8677,0.86849,0.86673,0.86736,10421.27
1689192000000,0.86737,0.86759,0.86571,0.86669,4010.33
1689206400000,0.86667,0.86709,0.86546,0.86557,6388.46
1689220800000,0.86556,0.86692,0.86277,0.86338,15829.59
1689235200000,0.8634,0.8641,0.86153,0.86282,14728.61
1689249600000,0.86281,0.86396,0.85868,0.8596,40362.18
1689264000000,0.85959,0.85972,0.8582,0.859,14735.5
1689278400000,0.85901,0.85933,0.85828,0.85911,13615.63
1689292800000,0.8591,0.85939,0.85694,0.8572,14294.3
1689307200000,0.85721,0.85979,0.8572,0.85809,19719.14
1689321600000,0.8581,0.85969,0.85657,0.85944,21305.78
1689336000000,0.85945,0.86312,0.85907,0.86167,47410.06
1689350400000,0.86165,0.86249,0.86114,0.86222,9568.97
1689364800000,0.86222,0.8624,0.86142,0.86154,4503.98
1689537600000,0.85837,0.86248,0.85837,0.862,14942.78
1689552000000,0.86202,0.86231,0.86089,0.86131,12468.45
1689566400000,0.86133,0.86146,0.85926,0.85929,16996.83
1689580800000,0.85934,0.85958,0.8578,0.8593,16822.83
1689595200000,0.85932,0.86303,0.859,0.86023,34941.76
1689609600000,0.86023,0.8608,0.85969,0.8599,5686.73
1689624000000,0.85991,0.86066,0.85919,0.86034,17499.85
1689638400000,0.86032,0.8607,0.85859,0.85869,12893.17
1689652800000,0.85868,0.86041,0.85676,0.85752,23053.49
1689667200000,0.85751,0.85968,0.8574,0.85764,20381.14
1689681600000,0.85763,0.85978,0.85543,0.85817,100177.45
1689696000000,0.85817,0.85964,0.8571,0.85773,9811.44
1689710400000,0.85772,0.85791,0.85693,0.85773,13636.4
1689724800000,0.85772,0.85838,0.85724,0.85797,12435
1689739200000,0.85797,0.85992,0.85667,0.85858,39027.99
1689753600000,0.85859,0.8594,0.85711,0.85839,38833.55
1689768000000,0.85838,0.86131,0.85707,0.85978,54027.35
1689782400000,0.85978,0.86017,0.85841,0.85867,17092.62
1689796800000,0.85866,0.85936,0.85779,0.85797,11401.84
1689811200000,0.85797,0.8582,0.85608,0.85618,21731.25
1689825600000,0.85617,0.85876,0.85604,0.85844,28841.43
1689840000000,0.85843,0.85909,0.85763,0.85901,26306.46
1689854400000,0.85901,0.86729,0.859,0.86714,57970.24
1689868800000,0.86715,0.86839,0.86646,0.86654,12056.59
1689883200000,0.86654,0.86709,0.86569,0.86624,13167.48
1689897600000,0.86626,0.86664,0.86558,0.86624,13677.62
1689912000000,0.86625,0.86723,0.86538,0.86649,21830.92
1689926400000,0.86648,0.86689,0.86491,0.86626,33651.7
1689940800000,0.86629,0.86637,0.86406,0.86582,37683.29
1689955200000,0.86581,0.86622,0.86539,0.86609,6586.62
1689969600000,0.86606,0.8662,0.86544,0.86544,18411.16
1690142400000,0.86445,0.86633,0.86398,0.86629,15722.84
1690156800000,0.86625,0.86678,0.86559,0.86616,31070.57
1690171200000,0.86616,0.86835,0.86482,0.86767,31847.17
1690185600000,0.86768,0.86825,0.86372,0.86432,31552.52
1690200000000,0.86433,0.86707,0.86387,0.86646,50661.07
1690214400000,0.86646,0.86888,0.86632,0.86872,15295.61
1690228800000,0.86875,0.87004,0.86875,0.86993,15992.42
1690243200000,0.86993,0.86995,0.86847,0.86873,12538.79
1690257600000,0.86873,0.86958,0.86755,0.86817,18785.14
1690272000000,0.86818,0.86973,0.86762,0.86836,30798.53
1690286400000,0.86837,0.86924,0.86395,0.86438,55266.41
1690300800000,0.86436,0.86564,0.86366,0.86448,10269.85
1690315200000,0.86445,0.86465,0.86274,0.86454,13352.78
1690329600000,0.86455,0.8656,0.86426,0.86453,17766.88
1690344000000,0.86452,0.86513,0.8615,0.86167,23236.54
1690358400000,0.86167,0.86326,0.86102,0.86272,22619.75
1690372800000,0.86273,0.86394,0.862,0.8625,33025.08
1690387200000,0.86251,0.86403,0.85969,0.85996,63799.69
1690401600000,0.85999,0.86174,0.85997,0.86156,13023.69
1690416000000,0.86155,0.86155,0.85802,0.8594,18682.27
1690430400000,0.85939,0.86123,0.85642,0.85679,29474.34
1690444800000,0.85682,0.85718,0.8552,0.85704,25808.71
1690459200000,0.85703,0.86944,0.85697,0.86864,146196.99
1690473600000,0.86863,0.86983,0.86606,0.86971,42102.5
1690488000000,0.86971,0.86978,0.86754,0.86886,20686.99
1690502400000,0.86888,0.87001,0.86855,0.86949,26926.49
1690516800000,0.86947,0.87364,0.86824,0.87286,41569.94
1690531200000,0.87284,0.87346,0.86698,0.8679,25268.89
1690545600000,0.86792,0.8697,0.86607,0.86869,47803.66
1690560000000,0.86869,0.87008,0.86791,0.8693,12042.17
1690574400000,0.86931,0.87073,0.86928,0.87005,9074.71
1690747200000,0.86817,0.86998,0.86817,0.86984,11927.57
1690761600000,0.86984,0.87166,0.86963,0.87136,23099.62
1690776000000,0.87136,0.87194,0.86915,0.87012,29987.32
1690790400000,0.87011,0.87167,0.86945,0.87126,19459.79
1690804800000,0.87125,0.87294,0.86648,0.86884,43416.08
1690819200000,0.86884,0.87234,0.86863,0.87204,19645.49
1690833600000,0.87203,0.87211,0.86995,0.87172,18025.47
1690848000000,0.87174,0.87318,0.8712,0.87199,12190.05
1690862400000,0.87201,0.87423,0.87122,0.87373,35987.58
1690876800000,0.87374,0.8762,0.87373,0.87539,51827.75
1690891200000,0.87537,0.87775,0.87418,0.87629,64370.21
1690905600000,0.87628,0.87669,0.87484,0.87521,9074.6
1690920000000,0.87521,0.87541,0.87137,0.87259,29278.68
1690934400000,0.87259,0.87516,0.87259,0.8749,20761.1
1690948800000,0.87486,0.87718,0.87383,0.87686,43363.28
1690963200000,0.87687,0.87872,0.87625,0.87837,27605.26
1690977600000,0.87839,0.88055,0.87717,0.87796,48903.14
1690992000000,0.87796,0.8783,0.87575,0.87779,10296.25
1691006400000,0.8778,0.87801,0.87619,0.87739,10329.26
1691020800000,0.87742,0.8781,0.87667,0.87769,16918.97
1691035200000,0.8777,0.87982,0.87743,0.87841,42221.79
1691049600000,0.87842,0.87847,0.87413,0.87615,41161.58
1691064000000,0.87616,0.87735,0.87338,0.87424,75398.24
1691078400000,0.87426,0.87554,0.87326,0.87496,15666.94
1691092800000,0.87496,0.875,0.87348,0.87429,13843.19
1691107200000,0.87434,0.87463,0.87302,0.8743,21039.33
1691121600000,0.87428,0.87709,0.87372,0.87681,18368.16
1691136000000,0.87677,0.87823,0.87619,0.8775,18554.4
1691150400000,0.8775,0.87768,0.8699,0.87127,109087.01
1691164800000,0.87127,0.8734,0.87071,0.87311,7680.58
1691179200000,0.8731,0.87321,0.8721,0.87222,10623.05
1691352000000,0.86999,0.87438,0.86999,0.87417,14786.2
1691366400000,0.87416,0.87529,0.87345,0.87488,20816.5
1691380800000,0.87488,0.87682,0.87383,0.87384,21264.51
1691395200000,0.87385,0.87734,0.87377,0.87601,15923.67
1691409600000,0.87601,0.8765,0.87334,0.87423,20229.86
1691424000000,0.87422,0.87452,0.87278,0.87295,7916.67
1691438400000,0.87296,0.87337,0.87216,0.87293,8382.06
1691452800000,0.87292,0.87471,0.87276,0.87421,25038.27
1691467200000,0.87423,0.87553,0.87199,0.8748,26098.9
1691481600000,0.8748,0.87782,0.87337,0.8773,24535.29
1691496000000,0.87723,0.87827,0.8754,0.87573,40187.97
1691510400000,0.87574,0.87624,0.875,0.87552,8421.23
1691524800000,0.8755,0.87615,0.87485,0.8756,14626.07
1691539200000,0.87559,0.87559,0.87427,0.87468,13434.87
1691553600000,0.8747,0.87496,0.87322,0.87353,24591.17
1691568000000,0.87353,0.87739,0.87315,0.87732,14143.97
1691582400000,0.87731,0.87825,0.875,0.87702,27314.65
1691596800000,0.87702,0.87751,0.87577,0.87735,13215.76
1691611200000,0.87734,0.87738,0.87629,0.87698,9617.22
1691625600000,0.87698,0.87761,0.87644,0.87686,13723.46
1691640000000,0.87687,0.87711,0.87381,0.87396,18509.36
1691654400000,0.87393,0.87402,0.87226,0.873,18324.67
1691668800000,0.87299,0.87522,0.86897,0.87361,94542.95
1691683200000,0.87361,0.8772,0.87325,0.8768,21210.94
1691697600000,0.8768,0.87685,0.875,0.87684,10656.36
1691712000000,0.87685,0.8771,0.87571,0.87598,7785.75
1691726400000,0.876,0.87743,0.87585,0.87672,21111.13
1691740800000,0.87674,0.87761,0.87437,0.87465,19884.05
1691755200000,0.87465,0.87803,0.87345,0.8765,65637.32
1691769600000,0.87648,0.87742,0.8759,0.8765,10099.6
1691784000000,0.87649,0.87685,0.87601,0.87604,6581.98
1691956800000,0.87577,0.87711,0.87553,0.87673,18834.11
1691971200000,0.87673,0.87792,0.87649,0.87744,12790.03
1691985600000,0.87745,0.87769,0.8755,0.87594,18850.78
1692000000000,0.87595,0.87806,0.87557,0.87804,20567.79
1692014400000,0.87805,0.88275,0.87712,0.87749,40738.21
1692028800000,0.87751,0.87907,0.87623,0.87843,12243.64
1692043200000,0.8784,0.87863,0.87729,0.87801,12642.03
1692057600000,0.87801,0.87866,0.87669,0.87685,36682.81
1692072000000,0.87687,0.87827,0.8764,0.87723,34965.34
1692086400000,0.87724,0.8775,0.8744,0.87712,29986.64
1692100800000,0.87715,0.87961,0.87543,0.87693,74297.5
1692115200000,0.87692,0.87888,0.87685,0.87855,12135.09
1692129600000,0.87856,0.87887,0.87744,0.87865,19460.77
1692144000000,0.87865,0.87914,0.87784,0.87846,11140.73
1692158400000,0.87845,0.879,0.87739,0.87839,18720.96
1692172800000,0.87839,0.88039,0.87771,0.88011,16378.39
1692187200000,0.88012,0.8814,0.87807,0.87865,43170.07
1692201600000,0.87867,0.88067,0.87799,0.88029,23487.42
1692216000000,0.88028,0.8803,0.8793,0.88013,26167.47
1692230400000,0.88014,0.88091,0.87999,0.88058,19970.18
1692244800000,0.88057,0.88093,0.87935,0.87965,23227.5
1692259200000,0.87967,0.87988,0.8771,0.87718,20464.85
1692273600000,0.87716,0.87962,0.87596,0.87919,49743
1692288000000,0.87918,0.88033,0.87819,0.87823,15271
1692302400000,0.87823,0.8787,0.87692,0.8783,10937.03
1692316800000,0.87828,0.87888,0.87735,0.87798,12821.21
1692331200000,0.87798,0.88045,0.87768,0.87976,23980.67
1692345600000,0.87975,0.88116,0.8792,0.88069,20184.73
1692360000000,0.88067,0.88248,0.87921,0.88169,47907.44
1692374400000,0.88168,0.88238,0.88096,0.88223,11899.83
1692388800000,0.88222,0.88272,0.88188,0.88188,10884.19
1692561600000,0.88108,0.88255,0.88107,0.88235,10876.21
1692576000000,0.88236,0.88274,0.88125,0.8821,11936.91
1692590400000,0.88211,0.88246,0.87917,0.87918,19727.43
1692604800000,0.87916,0.88053,0.87888,0.87916,22566.49
1692619200000,0.87916,0.88141,0.87873,0.87995,31125.13
1692633600000,0.87994,0.87999,0.87797,0.87828,7173.81
1692648000000,0.87826,0.87901,0.87784,0.87852,7216.26
1692662400000,0.87854,0.87908,0.87718,0.8774,10804.62
1692676800000,0.87739,0.87824,0.87693,0.87758,19055.83
1692691200000,0.87757,0.87843,0.87648,0.87801,24168.34
1692705600000,0.87801,0.88091,0.87784,0.88,40029.92
1692720000000,0.87998,0.88066,0.87947,0.88052,6327.52
1692734400000,0.88053,0.88054,0.8793,0.88014,9705.23
1692748800000,0.88017,0.88074,0.87959,0.87977,8370.56
1692763200000,0.87977,0.8815,0.87787,0.88036,27940.3
1692777600000,0.88039,0.8817,0.87905,0.88108,30630.15
1692792000000,0.88107,0.8814,0.87748,0.87851,62935.86
1692806400000,0.87851,0.87904,0.87737,0.87773,12674.99
1692820800000,0.87774,0.87826,0.87671,0.87743,18671.71
1692835200000,0.87742,0.87802,0.87651,0.87719,13522.25
1692849600000,0.8772,0.87961,0.87597,0.87942,24226.12
1692864000000,0.87941,0.88178,0.87876,0.88176,31035.97
1692878400000,0.88175,0.88387,0.88068,0.88255,41965.54
1692892800000,0.88257,0.88508,0.88248,0.88493,12222.71
1692907200000,0.88491,0.88546,0.88381,0.88523,11482.68
1692921600000,0.88525,0.88637,0.88478,0.88629,12092.91
1692936000000,0.88629,0.88685,0.88504,0.88661,19037.01
1692950400000,0.88661,0.88684,0.88486,0.88511,19739.97
1692964800000,0.88515,0.8876,0.88213,0.88599,60426.65
1692979200000,0.88599,0.88601,0.88343,0.88406,17650.78
1692993600000,0.88405,0.88472,0.88378,0.88378,2794.39
1693166400000,0.88436,0.88511,0.88334,0.88481,10135.6
1693180800000,0.88482,0.88489,0.88318,0.88338,16434.29
1693195200000,0.88339,0.88354,0.88178,0.88336,18564.81
1693209600000,0.88338,0.88472,0.88282,0.88463,21623.52
1693224000000,0.88467,0.88534,0.88311,0.88316,23863.39
1693238400000,0.88316,0.88439,0.88306,0.88358,22059.14
1693252800000,0.88357,0.88399,0.88284,0.88344,13273.81
1693267200000,0.88343,0.88343,0.88258,0.88274,11155.34
1693281600000,0.88276,0.88505,0.88276,0.88385,16519.33
1693296000000,0.88383,0.88561,0.88365,0.8851,15995.9
1693310400000,0.88508,0.88586,0.87902,0.87982,48941.92
1693324800000,0.87982,0.88025,0.87747,0.87777,16928.8
1693339200000,0.87778,0.87897,0.87758,0.87897,18505.04
1693353600000,0.87896,0.87919,0.87844,0.8787,12887.76
1693368000000,0.8787,0.87994,0.87839,0.87955,19359.05
1693382400000,0.87956,0.88031,0.87878,0.87928,30785.57
1693396800000,0.87928,0.87954,0.87445,0.87714,56093.81
1693411200000,0.87713,0.87881,0.87713,0.8786,11103.08
1693425600000,0.87859,0.87866,0.8779,0.87808,9598.46
1693440000000,0.87808,0.87842,0.8771,0.87835,9717.49
1693454400000,0.87836,0.88035,0.87827,0.88007,18802.23
1693468800000,0.88007,0.88245,0.87987,0.8814,25504.16
1693483200000,0.88139,0.88455,0.88079,0.88374,50724.06
1693497600000,0.88373,0.88384,0.88236,0.88332,14174.3
1693512000000,0.88333,0.88362,0.88224,0.88329,12540.55
1693526400000,0.88327,0.88395,0.88228,0.88355,13222.32958984375
1693540800000,0.88355,0.88432,0.88124,0.88179,22113.359497070312
1693555200000,0.88176,0.88344,0.88154,0.88334,15596.800048828125
1693569600000,0.88333,0.88581,0.87946,0.88578,90034.2607421875
1693584000000,0.88576,0.88634,0.88506,0.8859,9699.419921875
1693598400000,0.88589,0.8859,0.88533,0.88533,5754.39013671875
1693612800000,0.88533,0.88533,0.88533,0.88533,0.0
1693627200000,0.88533,0.88533,0.88533,0.88533,0.0
1693641600000,0.88533,0.88533,0.88533,0.88533,0.0
1693656000000,0.88533,0.88533,0.88533,0.88533,0.0
1693670400000,0.88533,0.88533,0.88533,0.88533,0.0
1693684800000,0.88533,0.88533,0.88533,0.88533,0.0
1693699200000,0.88533,0.88533,0.88533,0.88533,0.0
1693713600000,0.88533,0.88533,0.88533,0.88533,0.0
1693728000000,0.88533,0.88533,0.88533,0.88533,0.0
1693742400000,0.88533,0.88533,0.88533,0.88533,0.0
1693756800000,0.88533,0.88533,0.88533,0.88533,0.0
1693771200000,0.88533,0.88577,0.88489,0.88519,11330.849853515625
1693785600000,0.88519,0.88554,0.88401,0.88461,8166.97998046875
1693800000000,0.8846,0.88515,0.8832,0.88408,19384.029907226562
1693814400000,0.88407,0.88472,0.88337,0.88374,18076.77001953125
1693828800000,0.88372,0.88541,0.88358,0.88417,8634.7099609375
1693843200000,0.88415,0.88489,0.88363,0.88454,5342.759948730469
1693857600000,0.88454,0.88481,0.88222,0.8848,11570.969970703125
1693872000000,0.88479,0.88567,0.88439,0.88511,9308.579833984375
1693886400000,0.8851,0.88774,0.88488,0.88748,20116.81982421875
1693900800000,0.88749,0.88957,0.88729,0.88897,17392.240478515625
1693915200000,0.88898,0.89029,0.88758,0.88876,43063.66015625
1693929600000,0.88874,0.88988,0.88854,0.88983,10757.499877929688
1693944000000,0.88979,0.88997,0.88809,0.88939,28840.040283203125
1693958400000,0.88937,0.89028,0.88868,0.88872,15456.7099609375
1693972800000,0.88872,0.88993,0.88807,0.8898,16207.0400390625
1693987200000,0.88982,0.8905,0.88924,0.89029,14398.64013671875
1694001600000,0.89031,0.89445,0.88978,0.89243,36797.75
1694016000000,0.89244,0.89264,0.891,0.89142,8025.070068359375
1694030400000,0.8914,0.89161,0.89085,0.89135,15256.289794921875
1694044800000,0.89134,0.89178,0.8908,0.8911,16563.470092773438
1694059200000,0.8911,0.89233,0.89102,0.89148,16706.22021484375
1694073600000,0.89147,0.89277,0.89139,0.89253,12788.31005859375
1694088000000,0.89253,0.89402,0.8923,0.89274,24802.269775390625
1694102400000,0.89273,0.89316,0.89202,0.8927,10421.629638671875
1694116800000,0.89271,0.89284,0.89137,0.89267,20015.480224609375
1694131200000,0.89265,0.89267,0.89055,0.89102,24192.200439453125
1694145600000,0.89103,0.8913,0.88947,0.8909,21460.280029296875
1694160000000,0.89088,0.89214,0.89059,0.89159,17366.8701171875
1694174400000,0.89158,0.89312,0.88988,0.89282,24518.519287109375
1694188800000,0.89281,0.89362,0.89236,0.89313,42854.6494140625
1694203200000,0.89312,0.89324,0.89254,0.89254,12450.26953125
1694217600000,0.89254,0.89254,0.89254,0.89254,0.0
1694232000000,0.89254,0.89254,0.89254,0.89254,0.0
1694246400000,0.89254,0.89254,0.89254,0.89254,0.0
1694260800000,0.89254,0.89254,0.89254,0.89254,0.0
1694275200000,0.89254,0.89254,0.89254,0.89254,0.0
1694289600000,0.89254,0.89254,0.89254,0.89254,0.0
1694304000000,0.89254,0.89254,0.89254,0.89254,0.0
1694318400000,0.89254,0.89254,0.89254,0.89254,0.0
1694332800000,0.89254,0.89254,0.89254,0.89254,0.0
1694347200000,0.89254,0.89254,0.89254,0.89254,0.0
1694361600000,0.89254,0.89254,0.89254,0.89254,0.0
1694376000000,0.89254,0.89261,0.89048,0.89206,61420.42041015625
1694390400000,0.89205,0.89223,0.89107,0.89125,13594.56982421875
1694404800000,0.89126,0.89145,0.88965,0.89078,22887.779541015625
1694419200000,0.89079,0.89213,0.89067,0.89188,18019.09033203125
1694433600000,0.89186,0.89223,0.8904,0.89104,24582.110595703125
1694448000000,0.89103,0.89139,0.89017,0.89071,10704.099975585938
1694462400000,0.89071,0.89127,0.89025,0.89123,27501.19970703125
1694476800000,0.89122,0.89198,0.89043,0.89104,10877.180053710938
1694491200000,0.89104,0.89187,0.89014,0.89091,18218.059814453125
1694505600000,0.89095,0.89236,0.8906,0.8918,12458.360107421875
1694520000000,0.89181,0.89337,0.89129,0.89131,16421.999755859375
1694534400000,0.89129,0.89209,0.89071,0.89147,7976.239990234375
1694548800000,0.89147,0.89169,0.88979,0.89147,17689.299682617188
1694563200000,0.89148,0.89241,0.89073,0.89187,8092.9798583984375
1694577600000,0.89184,0.89235,0.89088,0.89193,12296.119995117188
1694592000000,0.89197,0.89326,0.89184,0.89279,14698.93994140625
1694606400000,0.89281,0.89525,0.89114,0.89251,60772.291015625
1694620800000,0.89251,0.89353,0.89171,0.89327,8874.25
1694635200000,0.89326,0.8937,0.89168,0.89342,12523.950073242188
1694649600000,0.89344,0.89353,0.89205,0.89229,11414.440063476562
1694664000000,0.89231,0.89387,0.89144,0.89357,11298.500244140625
1694678400000,0.89357,0.89385,0.89271,0.89354,15040.919677734375
1694692800000,0.89354,0.897,0.89275,0.89497,90379.541015625
1694707200000,0.89497,0.89702,0.8944,0.89581,13144.999755859375
1694721600000,0.89584,0.89626,0.89494,0.89618,25346.780029296875
1694736000000,0.89618,0.89633,0.895,0.89557,22590.7998046875
1694750400000,0.89558,0.89636,0.8946,0.89468,17810.679565429688
1694764800000,0.89465,0.89664,0.89455,0.89652,11616.5400390625
1694779200000,0.89655,0.89771,0.89521,0.896,35153.0595703125
1694793600000,0.89599,0.89742,0.89559,0.89741,9179.320068359375
1694808000000,0.89741,0.89772,0.89714,0.89756,17281.2109375
1694822400000,0.89756,0.89756,0.89756,0.89756,0.0
1694836800000,0.89756,0.89756,0.89756,0.89756,0.0
1694851200000,0.89756,0.89756,0.89756,0.89756,0.0
1694865600000,0.89756,0.89756,0.89756,0.89756,0.0
1694880000000,0.89756,0.89756,0.89756,0.89756,0.0
1694894400000,0.89756,0.89756,0.89756,0.89756,0.0
1694908800000,0.89756,0.89756,0.89756,0.89756,0.0
1694923200000,0.89756,0.89756,0.89756,0.89756,0.0
1694937600000,0.89756,0.89756,0.89756,0.89756,0.0
1694952000000,0.89756,0.89756,0.89756,0.89756,0.0
1694966400000,0.89756,0.89756,0.89756,0.89756,0.0
1694980800000,0.89756,0.89756,0.89484,0.89692,3954.68994140625
1694995200000,0.89692,0.89769,0.89629,0.89727,7524.349853515625
1695009600000,0.8973,0.89738,0.89576,0.89602,12569.740234375
1695024000000,0.89604,0.89708,0.89536,0.89675,11866.280029296875
1695038400000,0.89673,0.89822,0.89614,0.89644,19585.560302734375
1695052800000,0.89643,0.898,0.89626,0.89747,6778.43994140625
1695067200000,0.8975,0.89751,0.8961,0.89729,22570.7001953125
1695081600000,0.89728,0.89782,0.89675,0.89759,10443.039794921875
1695096000000,0.8976,0.89828,0.89477,0.89478,13929.750122070312
1695110400000,0.89478,0.89707,0.89478,0.89587,14938.64990234375
1695124800000,0.89586,0.89828,0.89499,0.89788,27244.0
1695139200000,0.89787,0.89838,0.89743,0.89771,6432.510009765625
1695153600000,0.89771,0.89786,0.89669,0.89731,16099.849853515625
1695168000000,0.89733,0.89813,0.89732,0.89803,5599.1900634765625
1695182400000,0.89802,0.89837,0.89643,0.8975,16246.760345458984
1695196800000,0.89751,0.89772,0.8961,0.89723,12959.820068359375
1695211200000,0.89723,0.89725,0.89388,0.89529,21163.489990234375
1695225600000,0.89529,0.89913,0.89316,0.89908,65790.89868164062
1695240000000,0.89908,0.89954,0.8969,0.89941,56615.5693359375
1695254400000,0.89938,0.90084,0.89929,0.89994,15983.080078125
1695268800000,0.89992,0.90692,0.89852,0.90519,29952.6005859375
1695283200000,0.9052,0.90782,0.90416,0.90513,45452.4296875
1695297600000,0.90511,0.90648,0.90202,0.9033,53710.3310546875
1695312000000,0.90328,0.90431,0.90297,0.90427,13629.85009765625
1695326400000,0.90426,0.90488,0.90335,0.90472,11356.929931640625
1695340800000,0.90472,0.90527,0.90428,0.90487,10491.75
1695355200000,0.90488,0.90699,0.90424,0.90559,28133.819946289062
1695369600000,0.90558,0.90699,0.90519,0.90648,19117.719970703125
1695384000000,0.90646,0.90656,0.90442,0.90643,28911.5302734375
1695398400000,0.90641,0.90748,0.90578,0.90716,10250.719970703125
1695412800000,0.90715,0.90749,0.90633,0.90633,4350.0
1695427200000,0.90633,0.90633,0.90633,0.90633,0.0
1695441600000,0.90633,0.90633,0.90633,0.90633,0.0
1695456000000,0.90633,0.90633,0.90633,0.90633,0.0
1695470400000,0.90633,0.90633,0.90633,0.90633,0.0
1695484800000,0.90633,0.90633,0.90633,0.90633,0.0
1695499200000,0.90633,0.90633,0.90633,0.90633,0.0
1695513600000,0.90633,0.90633,0.90633,0.90633,0.0
1695528000000,0.90633,0.90633,0.90633,0.90633,0.0
1695542400000,0.90633,0.90633,0.90633,0.90633,0.0
1695556800000,0.90633,0.90633,0.90633,0.90633,0.0
1695571200000,0.90633,0.90633,0.90633,0.90633,0.0
1695585600000,0.90633,0.9072,0.9054,0.90715,14204.52978515625
1695600000000,0.90717,0.90789,0.90697,0.90762,13675.150146484375
1695614400000,0.90762,0.91017,0.90734,0.90992,23575.0595703125
1695628800000,0.90991,0.91051,0.90859,0.9101,23342.860107421875
1695643200000,0.91008,0.91353,0.90989,0.912,30184.43017578125
1695657600000,0.91201,0.9125,0.91115,0.91196,10305.539916992188
1695672000000,0.91195,0.91217,0.91129,0.91212,16679.479858398438
1695686400000,0.91212,0.91357,0.91186,0.91288,15976.34033203125
1695700800000,0.91285,0.91504,0.91206,0.91325,21002.480224609375
1695715200000,0.91321,0.91337,0.91183,0.91272,19725.559814453125
1695729600000,0.91273,0.91469,0.9119,0.91435,31990.669921875
1695744000000,0.91434,0.91549,0.91399,0.91549,11395.859985351562
1695758400000,0.91548,0.91596,0.91433,0.91578,10128.369750976562
1695772800000,0.91579,0.91697,0.9156,0.91686,14603.509765625
1695787200000,0.91687,0.91764,0.91537,0.91626,24269.9599609375
1695801600000,0.91626,0.91931,0.91599,0.91869,20185.350341796875
1695816000000,0.91869,0.91997,0.91698,0.91992,42346.41943359375
1695830400000,0.91994,0.92249,0.9197,0.92089,34325.5595703125
1695844800000,0.92087,0.92142,0.91964,0.9208,19883.210693359375
1695859200000,0.92081,0.92164,0.92037,0.92091,11069.889892578125
1695873600000,0.92095,0.92159,0.91927,0.92038,25473.229248046875
1695888000000,0.92035,0.92082,0.91681,0.91838,33613.5
1695902400000,0.91841,0.9198,0.91468,0.91505,64017.0693359375
1695916800000,0.91503,0.91714,0.91488,0.91514,22650.06982421875
1695931200000,0.91513,0.91545,0.91405,0.91481,19377.419921875
1695945600000,0.91477,0.91553,0.91352,0.91383,16601.0498046875
1695960000000,0.91387,0.91389,0.90907,0.9096,28376.5302734375
1695974400000,0.90958,0.91315,0.90935,0.91274,36249.609375
1695988800000,0.91276,0.91633,0.9105,0.91406,82083.658203125
1696003200000,0.91406,0.9161,0.91363,0.91535,42639.01953125
1696017600000,0.91534,0.91547,0.91435,0.91458,4885.509765625
1696032000000,0.91458,0.91458,0.91458,0.91458,0.0
1696046400000,0.91458,0.91458,0.91458,0.91458,0.0
1696060800000,0.91458,0.91458,0.91458,0.91458,0.0
1696075200000,0.91458,0.91458,0.91458,0.91458,0.0
1696089600000,0.91458,0.91458,0.91458,0.91458,0.0
1696104000000,0.91458,0.91458,0.91458,0.91458,0.0
1696190400000,0.91437,0.91602,0.91414,0.91547,19313.02
1696204800000,0.91546,0.9163,0.91513,0.91557,13472.7
1696219200000,0.91557,0.91664,0.91111,0.9118,24002.99
1696233600000,0.91182,0.91463,0.91101,0.91462,33279.81
1696248000000,0.91462,0.91943,0.91435,0.91767,59816.54
1696262400000,0.91767,0.91867,0.91658,0.91751,21968.39
1696276800000,0.91751,0.91846,0.91702,0.91795,18276.79
1696291200000,0.91796,0.91924,0.91795,0.91865,20525.23
1696305600000,0.91864,0.92187,0.91852,0.92129,36550.57
1696320000000,0.92126,0.92377,0.91933,0.92232,43801.87
1696334400000,0.92232,0.9244,0.92005,0.92266,92159.02
1696348800000,0.92264,0.92266,0.92022,0.92082,32980.97
1696363200000,0.92085,0.92136,0.92017,0.92106,21385.93
1696377600000,0.92106,0.92254,0.92087,0.92236,18326.82
1696392000000,0.92235,0.92321,0.91922,0.91966,29101.2
1696406400000,0.91967,0.9206,0.91702,0.91776,33522.87
1696420800000,0.91777,0.91949,0.91437,0.91612,79933.53
1696435200000,0.91611,0.91743,0.91537,0.91591,27236.84
1696449600000,0.91591,0.91729,0.91583,0.91673,16757.39
1696464000000,0.91675,0.91706,0.9134,0.91381,20267.16
1696478400000,0.91382,0.91769,0.91358,0.91743,27622.39
1696492800000,0.91743,0.91817,0.91424,0.91438,52579.7
1696507200000,0.91437,0.91696,0.91312,0.91418,64641.17
1696521600000,0.91417,0.91438,0.91221,0.91224,31693.24
1696536000000,0.91224,0.91272,0.91192,0.91271,17445.85
1696550400000,0.91269,0.91353,0.91247,0.91323,19574.75
1696564800000,0.91322,0.91454,0.91204,0.91225,24657.98
1696579200000,0.91223,0.91332,0.9109,0.91121,38129.88
1696593600000,0.91123,0.91756,0.90728,0.90825,145528.49
1696608000000,0.90823,0.91039,0.90809,0.90948,36927.83
1696622400000,0.90948,0.91002,0.90937,0.90937,6909.26
1696795200000,0.90858,0.91011,0.90832,0.90895,21423.93
1696809600000,0.90893,0.91033,0.90793,0.91006,21055.73
1696824000000,0.91005,0.91233,0.90903,0.91179,25756.07
1696838400000,0.9118,0.91203,0.90824,0.90971,23408.93
1696852800000,0.90972,0.91037,0.90627,0.90799,38702.51
1696867200000,0.90798,0.90846,0.90492,0.90597,16084.74
1696881600000,0.90599,0.90672,0.90465,0.90501,19053.11
1696896000000,0.90501,0.90576,0.90438,0.90489,29758.96
1696910400000,0.90489,0.90727,0.90489,0.90568,38256.41
1696924800000,0.90567,0.90747,0.90339,0.90693,34833.7
1696939200000,0.90695,0.90826,0.9037,0.90394,46146.42
1696953600000,0.90393,0.90548,0.90372,0.90468,16505.87
1696968000000,0.90466,0.90493,0.90386,0.90457,25089.27
1696982400000,0.90457,0.90481,0.90365,0.90427,16201.62
1696996800000,0.90428,0.90544,0.90287,0.90419,33021.57
1697011200000,0.90417,0.90468,0.90216,0.90339,31026.44
1697025600000,0.90339,0.90486,0.90014,0.90259,66942.11
1697040000000,0.90259,0.90467,0.90198,0.9023,17954.47
1697054400000,0.90228,0.90235,0.90051,0.90103,11541.51
1697068800000,0.90106,0.90131,0.9002,0.90044,12867.74
1697083200000,0.90047,0.9016,0.89863,0.90143,23431.63
1697097600000,0.90143,0.90143,0.89935,0.90013,17352.93
1697112000000,0.90014,0.90703,0.89999,0.90646,67055.26
1697126400000,0.90645,0.90877,0.90548,0.90819,22438.78
1697140800000,0.9082,0.90854,0.90745,0.90788,14324.85
1697155200000,0.90786,0.90792,0.90675,0.90698,10294.48
1697169600000,0.90698,0.9081,0.90561,0.90647,30712.47
1697184000000,0.90646,0.90847,0.90569,0.90726,36616.96
1697198400000,0.90726,0.90726,0.90178,0.90179,57849.54
1697212800000,0.90176,0.90218,0.9002,0.90172,19233.35
1697227200000,0.90172,0.9026,0.90121,0.90121,4367.48
1697400000000,0.89989,0.90288,0.89989,0.90239,21394.69
1697414400000,0.9024,0.90254,0.90141,0.90169,10794.23
1697428800000,0.90169,0.9042,0.90108,0.9033,24956.12
1697443200000,0.90331,0.90413,0.90178,0.90205,18120.85
1697457600000,0.90205,0.90335,0.90068,0.90071,30786.58
1697472000000,0.90069,0.901,0.89957,0.89968,8753.57
1697486400000,0.89967,0.90049,0.89943,0.90045,32177.54
1697500800000,0.90043,0.90113,0.89998,0.90072,8310.78
1697515200000,0.90073,0.90216,0.9007,0.90184,11687.19
1697529600000,0.90186,0.90302,0.89944,0.89983,17286.91
1697544000000,0.89984,0.90319,0.89895,0.89953,45321.51
1697558400000,0.89953,0.90133,0.8994,0.90012,12678.59
1697572800000,0.90012,0.90071,0.89931,0.90012,25196.07
1697587200000,0.90012,0.90084,0.89888,0.89911,7250.27
1697601600000,0.89911,0.89967,0.89735,0.89918,18288.12
1697616000000,0.89919,0.90004,0.89799,0.8989,22314.96
1697630400000,0.89891,0.89968,0.89542,0.89855,40217.16
1697644800000,0.89853,0.89919,0.8972,0.8991,15908.02
1697659200000,0.89909,0.89923,0.89838,0.89881,9192.89
1697673600000,0.89878,0.89946,0.89833,0.8991,7014.65
1697688000000,0.89909,0.8997,0.8974,0.89967,16307.07
1697702400000,0.89968,0.90016,0.89658,0.89728,20066.82
1697716800000,0.89729,0.89742,0.89503,0.89555,36131.4
1697731200000,0.89556,0.89761,0.89123,0.89233,47488.53
1697745600000,0.89234,0.89263,0.89031,0.89175,20033
1697760000000,0.89175,0.89287,0.89142,0.89237,9735.4
1697774400000,0.89242,0.89349,0.89083,0.89086,16448.07
1697788800000,0.89087,0.89284,0.89019,0.8912,20879.8
1697803200000,0.89118,0.89342,0.89064,0.89185,32319.45
1697817600000,0.89186,0.89291,0.89094,0.89203,16155.99
1697832000000,0.89203,0.89265,0.8914,0.8914,9111.12
1698004800000,0.89097,0.89337,0.89054,0.89325,54905.17
1698019200000,0.89327,0.89473,0.89293,0.89469,7412.1
1698033600000,0.89472,0.89568,0.89269,0.89308,15337.16
1698048000000,0.89305,0.89322,0.89126,0.89253,18626.03
1698062400000,0.89253,0.89479,0.89128,0.89191,28114.85
1698076800000,0.8919,0.89233,0.89056,0.89143,10858.45
1698091200000,0.89144,0.89144,0.89042,0.89083,8832.43
1698105600000,0.89079,0.89122,0.88994,0.89069,5585.81
1698120000000,0.89069,0.89191,0.88878,0.89109,16735.54
1698134400000,0.89109,0.8939,0.89107,0.89309,18757.46
1698148800000,0.89308,0.89518,0.89275,0.89352,33826.89
1698163200000,0.89351,0.89401,0.89275,0.89313,10395.26
1698177600000,0.89314,0.89356,0.89188,0.89307,21101.01
1698192000000,0.89304,0.8935,0.89261,0.89294,6081.45
1698206400000,0.89293,0.89523,0.89202,0.89465,10049.53
1698220800000,0.89463,0.89646,0.89387,0.89588,14999.04
1698235200000,0.89588,0.89648,0.89417,0.89512,27899.69
1698249600000,0.89515,0.89684,0.89495,0.89652,11540.16
1698264000000,0.89651,0.89737,0.89632,0.8967,10380.84
1698278400000,0.89668,0.89826,0.89642,0.89795,8087.67
1698292800000,0.89795,0.89909,0.8978,0.89808,14324.58
1698307200000,0.89809,0.89991,0.89783,0.89831,17089.37
1698321600000,0.8983,0.89987,0.89629,0.89952,43876.61
1698336000000,0.89951,0.90042,0.89873,0.89938,13016.57
1698350400000,0.89937,0.89968,0.89745,0.89885,15758.24
1698364800000,0.89887,0.89949,0.89801,0.8983,9260.09
1698379200000,0.89828,0.90002,0.89826,0.89989,14235.51
1698393600000,0.89989,0.90246,0.89923,0.90176,17939.03
1698408000000,0.90178,0.90343,0.89999,0.90208,41176.02
1698422400000,0.90209,0.90343,0.90099,0.90159,14455.74
1698436800000,0.90158,0.90249,0.90136,0.90216,4056.12
1698609600000,0.90079,0.90261,0.90079,0.90242,9048.98
1698624000000,0.90243,0.90343,0.90241,0.90332,4230.17
1698638400000,0.90335,0.90348,0.90206,0.90341,7713.01
1698652800000,0.90348,0.90484,0.90232,0.90426,16958.59
1698667200000,0.90425,0.90446,0.90074,0.90169,28128.2
1698681600000,0.90167,0.90308,0.90136,0.90151,10042.02
1698696000000,0.90152,0.9023,0.90151,0.90205,11084.73
1698710400000,0.90206,0.90312,0.90165,0.90275,9578.81
1698724800000,0.90276,0.90295,0.90141,0.90195,9779.47
1698739200000,0.90195,0.90279,0.90094,0.90258,21100.55
1698753600000,0.9026,0.91002,0.90242,0.90999,36902.93
1698768000000,0.90995,0.91042,0.90798,0.90959,17282.25
1698782400000,0.90957,0.9106,0.90917,0.91003,11589.68
1698796800000,0.91002,0.91069,0.90936,0.9097,6135.11
1698811200000,0.90971,0.91008,0.90838,0.9092,8876.91
1698825600000,0.90919,0.9101,0.90854,0.90919,15029.9
1698840000000,0.9092,0.91037,0.90699,0.91024,39461.63
1698854400000,0.91025,0.91121,0.90764,0.9078,39056.28
1698868800000,0.90781,0.90803,0.90555,0.90555,14362.21
1698883200000,0.90553,0.9059,0.90247,0.90262,8656.09
1698897600000,0.90262,0.90493,0.9026,0.90437,10218.87
1698912000000,0.90437,0.90563,0.90274,0.90464,16928.46
1698926400000,0.9046,0.90644,0.90174,0.90611,29578.19
1698940800000,0.9061,0.90685,0.90461,0.90581,10851.16
1698955200000,0.90581,0.90615,0.90546,0.90614,34856.01
1698969600000,0.9061,0.90616,0.90529,0.90567,3995.36
1698984000000,0.90566,0.90607,0.90488,0.90595,5704
1698998400000,0.90597,0.90737,0.90393,0.90473,13302.83
1699012800000,0.90475,0.90486,0.89798,0.89837,55637.9
1699027200000,0.89836,0.89904,0.89648,0.899,12244.34
1699041600000,0.899,0.89949,0.89795,0.89795,5683.88
1699214400000,0.89851,0.89956,0.89812,0.8992,9048.59
1699228800000,0.89917,0.89958,0.89732,0.89738,8052.29
1699243200000,0.89735,0.89794,0.89629,0.89792,8962.63
1699257600000,0.89792,0.8981,0.89532,0.8972,15125.04
1699272000000,0.89721,0.89876,0.8971,0.89717,18095.23
1699286400000,0.89716,0.89885,0.89674,0.89851,8708.26
1699300800000,0.89856,0.89942,0.89841,0.89925,10708.35
1699315200000,0.89926,0.89966,0.89868,0.89957,5562.73
1699329600000,0.89957,0.90113,0.89942,0.90029,10526.74
1699344000000,0.90029,0.90154,0.89899,0.90087,16456.08
1699358400000,0.90088,0.90165,0.8992,0.90033,22444.67
1699372800000,0.90032,0.90182,0.89962,0.90027,15328.38
1699387200000,0.90025,0.90059,0.8988,0.89999,13633.32
1699401600000,0.89998,0.90107,0.89985,0.90058,6178.48
1699416000000,0.90061,0.90237,0.90047,0.90157,7130.95
1699430400000,0.90157,0.90236,0.90014,0.90036,18338.16
1699444800000,0.90035,0.90103,0.89821,0.89854,19666.21
1699459200000,0.89853,0.8999,0.89765,0.89979,16774.48
1699473600000,0.89978,0.89995,0.89863,0.89905,23155.82
1699488000000,0.89905,0.89967,0.89871,0.89928,4601.73
1699502400000,0.89928,0.9,0.89904,0.89981,6108.75
1699516800000,0.89978,0.90113,0.89916,0.90029,17385.29
1699531200000,0.90028,0.90157,0.8993,0.89933,22744.19
1699545600000,0.89933,0.90409,0.89911,0.90342,26013.45
1699560000000,0.90341,0.90385,0.90235,0.90322,19892.44
1699574400000,0.90321,0.90372,0.90295,0.9035,4275.24
1699588800000,0.90349,0.90457,0.90324,0.90401,7126.98
1699603200000,0.90399,0.90409,0.90017,0.90184,18805.22
1699617600000,0.90184,0.90375,0.90123,0.90295,26040.37
1699632000000,0.90296,0.90376,0.90188,0.90259,13288.6
1699646400000,0.90261,0.90285,0.90144,0.90163,7569.29
1699819200000,0.90154,0.90241,0.90154,0.90193,9586.02
1699833600000,0.90195,0.90261,0.90154,0.90237,4620.42
1699848000000,0.90238,0.90265,0.90121,0.90161,6437.78
1699862400000,0.90161,0.90346,0.90106,0.90329,11608.7
1699876800000,0.90326,0.9052,0.90188,0.90243,20854.8
1699891200000,0.90241,0.90274,0.90067,0.90163,15434.61
1699905600000,0.90165,0.90191,0.90097,0.90132,7447.07
1699920000000,0.9013,0.90236,0.90124,0.90234,3563.97
1699934400000,0.90233,0.9026,0.90115,0.90151,5297.85
1699948800000,0.90151,0.90269,0.90075,0.90243,13404.16
1699963200000,0.90241,0.90261,0.89145,0.89199,65309.74
1699977600000,0.89199,0.89226,0.88862,0.88865,19407.24
1699992000000,0.88866,0.88934,0.88795,0.88904,22756.37
1700006400000,0.88904,0.89027,0.88832,0.88843,6646.6
1700020800000,0.88843,0.88912,0.88769,0.88774,8684.78
1700035200000,0.88772,0.88931,0.88676,0.88774,15860.33
1700049600000,0.88774,0.88926,0.8854,0.88609,32124.47
1700064000000,0.88611,0.88881,0.88602,0.8882,12102.29
1700078400000,0.88819,0.88845,0.88642,0.88711,12129.46
1700092800000,0.88711,0.88885,0.88694,0.88868,8038.89
1700107200000,0.88868,0.88877,0.88802,0.88858,5655.26
1700121600000,0.8886,0.88964,0.88788,0.88852,17082.04
1700136000000,0.88852,0.88998,0.88541,0.88731,39105.76
1700150400000,0.88733,0.88872,0.88664,0.88854,13739.81
1700164800000,0.88855,0.88912,0.88789,0.8885,9054.04
1700179200000,0.88849,0.88912,0.88808,0.88819,6703.4
1700193600000,0.8882,0.88918,0.88807,0.88887,11630.14
1700208000000,0.88885,0.88935,0.88659,0.88751,15434.25
1700222400000,0.88753,0.88838,0.88607,0.88628,29692.22
1700236800000,0.88627,0.88729,0.8852,0.88552,16648.9
1700251200000,0.88552,0.88621,0.88505,0.88508,6976.41
1700424000000,0.88497,0.88598,0.88492,0.88594,5134.68
1700438400000,0.88595,0.88654,0.88388,0.88412,11599.96
1700452800000,0.88412,0.88488,0.883,0.88444,10896.55
1700467200000,0.88443,0.88473,0.88258,0.88375,16545.6
1700481600000,0.88377,0.88548,0.88314,0.88423,16847.1
1700496000000,0.88424,0.88507,0.88365,0.88434,14318.21
1700510400000,0.88433,0.88508,0.88414,0.88439,7861.96
1700524800000,0.8844,0.88441,0.88283,0.88291,8602.2
1700539200000,0.88293,0.88392,0.88266,0.88363,10447.72
1700553600000,0.88364,0.88456,0.88271,0.88435,15980.82
1700568000000,0.88436,0.88439,0.88191,0.88247,28108.07
1700582400000,0.88248,0.88482,0.88198,0.88373,16454.55
1700596800000,0.88374,0.88391,0.88319,0.88332,7116
1700611200000,0.88333,0.88373,0.8828,0.88327,7073.9
1700625600000,0.88327,0.88452,0.88307,0.88364,8153.54
1700640000000,0.88365,0.88621,0.88312,0.88395,17727.76
1700654400000,0.88395,0.88743,0.88198,0.88571,35237.19
1700668800000,0.88571,0.88632,0.88394,0.88395,11707.66
1700683200000,0.88396,0.88436,0.88326,0.88404,12008.34
1700697600000,0.88405,0.88405,0.88246,0.88247,5979.85
1700712000000,0.88247,0.88319,0.88228,0.88248,7291.7
1700726400000,0.88249,0.88392,0.88167,0.88374,18780.71
1700740800000,0.88374,0.8849,0.88285,0.88333,10878.9
1700755200000,0.88332,0.88406,0.88324,0.88402,3026.48
1700769600000,0.88402,0.88455,0.88271,0.88454,13097.93
1700784000000,0.88453,0.88484,0.88347,0.88413,6277.41
1700798400000,0.88413,0.88453,0.88287,0.88411,7611.81
1700812800000,0.88409,0.88441,0.88309,0.8834,12185.37
1700827200000,0.88339,0.88376,0.88106,0.88179,15874.06
1700841600000,0.88179,0.88267,0.88094,0.88161,113347.3
1700856000000,0.88163,0.88224,0.8809,0.8809,55803.63
1701028800000,0.88157,0.88247,0.88149,0.88218,7476.43
1701043200000,0.88216,0.88277,0.88134,0.88204,6502.67
1701057600000,0.88204,0.88275,0.88013,0.88095,10540.3
1701072000000,0.88096,0.88167,0.87951,0.87958,11470.77
1701086400000,0.87957,0.8816,0.87933,0.88089,22433.75
1701100800000,0.88088,0.88171,0.88018,0.88021,9906.88
1701115200000,0.88023,0.88057,0.87989,0.87997,16692.29
1701129600000,0.87996,0.88034,0.87952,0.88029,4804.2
1701144000000,0.88028,0.8809,0.88003,0.88075,7684.31
1701158400000,0.88073,0.88165,0.87979,0.8816,13860.45
1701172800000,0.8816,0.88187,0.87707,0.87827,36649.06
1701187200000,0.87827,0.87861,0.87611,0.87764,20482.21
1701201600000,0.87767,0.87888,0.877,0.87706,8356.57
1701216000000,0.87706,0.87743,0.87567,0.87692,13303.49
1701230400000,0.87694,0.87837,0.87618,0.87789,8926.45
1701244800000,0.8779,0.87804,0.87586,0.87637,19739.85
1701259200000,0.87637,0.87703,0.87318,0.87492,40873.33
1701273600000,0.87489,0.87584,0.87197,0.87288,13807.89
1701288000000,0.87287,0.87417,0.87286,0.87332,11396.54
1701302400000,0.87333,0.87356,0.87165,0.87252,7724.31
1701316800000,0.87253,0.87399,0.87185,0.8729,11901.79
1701331200000,0.8729,0.87609,0.8721,0.87525,20494.01
1701345600000,0.87523,0.87706,0.8684,0.87012,57643.59
1701360000000,0.87012,0.87636,0.86911,0.87521,31039.05
1701374400000,0.87521,0.87652,0.87416,0.87473,16103.85
1701388800000,0.87471,0.87501,0.87353,0.87496,6308.38
1701403200000,0.87496,0.87503,0.87396,0.87474,6576.9
1701417600000,0.87474,0.87494,0.87308,0.87446,18685.38
1701432000000,0.87446,0.87683,0.87214,0.87218,45117.09
1701446400000,0.87216,0.87315,0.86789,0.86926,56739.4
1701460800000,0.86927,0.86965,0.86869,0.86869,4600.08
1701633600000,0.86915,0.86924,0.86663,0.86754,12705.34
1701648000000,0.86753,0.87089,0.86751,0.87005,16183.46
1701662400000,0.87005,0.8755,0.86993,0.87502,18445.48
1701676800000,0.875,0.87509,0.87158,0.87249,24379.87
1701691200000,0.8725,0.87529,0.87118,0.87393,43935.12
1701705600000,0.87394,0.87432,0.87232,0.87315,20377.85
1701720000000,0.87313,0.87345,0.87209,0.87256,14381.04
1701734400000,0.87255,0.87293,0.8714,0.87257,8265.08
1701748800000,0.87259,0.87433,0.87178,0.87421,13518.4
1701763200000,0.87423,0.87479,0.87252,0.87405,25441.2
1701777600000,0.87404,0.87598,0.87285,0.87406,52233.25
1701792000000,0.87407,0.87659,0.87383,0.87538,25628.4
1701806400000,0.87538,0.87547,0.87432,0.87503,13067.93
1701820800000,0.87504,0.87536,0.87454,0.87474,7155.03
1701835200000,0.87475,0.87564,0.87378,0.87408,8085.42
1701849600000,0.87409,0.87598,0.87383,0.87465,24559.64
1701864000000,0.87464,0.87542,0.87288,0.87354,47473.42
1701878400000,0.87352,0.87523,0.87304,0.87482,13091.02
1701892800000,0.87483,0.87567,0.87393,0.87463,11160.47
1701907200000,0.87461,0.87539,0.87431,0.87538,6726.5
1701921600000,0.87538,0.87622,0.87372,0.87383,15380.95
1701936000000,0.87382,0.87543,0.87287,0.87497,24353.78
1701950400000,0.87497,0.87818,0.87438,0.87651,60004.65
1701964800000,0.87651,0.87685,0.87275,0.87433,28753.23
1701979200000,0.87432,0.87583,0.87429,0.87546,18683.64
1701993600000,0.87543,0.87548,0.87433,0.87502,17898.05
1702008000000,0.87501,0.87638,0.87477,0.87605,17801.57
1702022400000,0.87602,0.87618,0.87408,0.87476,22352.66
1702036800000,0.87475,0.88123,0.8744,0.87969,75653.58
1702051200000,0.87969,0.88205,0.87911,0.88033,21432.62
1702065600000,0.88034,0.88051,0.87959,0.87965,4945.05
1702238400000,0.87991,0.88039,0.87951,0.87959,10119.56
1702252800000,0.87959,0.87982,0.87876,0.87975,11873.66
1702267200000,0.87976,0.88049,0.8791,0.88036,13897.98
1702281600000,0.88035,0.8807,0.87844,0.88001,19637.46
1702296000000,0.88,0.88161,0.87913,0.87925,24874.13
1702310400000,0.87925,0.88011,0.87786,0.87832,17245.39
1702324800000,0.87833,0.87875,0.87803,0.8783,10780.75
1702339200000,0.87828,0.8784,0.87661,0.87701,5352.96
1702353600000,0.87703,0.87727,0.87546,0.87602,8233.2
1702368000000,0.87603,0.87818,0.87486,0.87516,18258.68
1702382400000,0.87514,0.87801,0.87218,0.87621,62103.08
1702396800000,0.87618,0.87644,0.87538,0.87569,14496.02
1702411200000,0.8757,0.87573,0.87477,0.87512,13800.26
1702425600000,0.87515,0.87581,0.87493,0.87577,18550.57
1702440000000,0.87576,0.87659,0.87527,0.87536,10785.26
1702454400000,0.87537,0.87702,0.87537,0.8757,16483.88
1702468800000,0.8757,0.87778,0.87489,0.87608,26552.91
1702483200000,0.87609,0.87799,0.86947,0.86956,52551.13
1702497600000,0.86955,0.87227,0.869,0.87096,37836.45
1702512000000,0.87096,0.87097,0.86652,0.86734,15425.75
1702526400000,0.86734,0.8719,0.86711,0.87153,19139.65
1702540800000,0.87152,0.87315,0.86761,0.86833,62333.59
1702555200000,0.86832,0.87119,0.86536,0.86602,63559.78
1702569600000,0.86604,0.86714,0.863,0.866,27206.25
1702584000000,0.86598,0.86761,0.86581,0.86708,12265.31
1702598400000,0.86721,0.8681,0.86548,0.86566,16270.93
1702612800000,0.86565,0.86788,0.86517,0.86704,18459.28
1702627200000,0.86702,0.86847,0.86596,0.86602,26513.94
1702641600000,0.86601,0.86985,0.86569,0.8668,50553.84
1702656000000,0.8668,0.87076,0.86643,0.87005,20602.55
1702670400000,0.87002,0.87111,0.86945,0.87017,8084.86
1702843200000,0.86929,0.87083,0.86907,0.87067,14811.69
1702857600000,0.87061,0.87113,0.8693,0.86957,8381.78
1702872000000,0.86958,0.86976,0.8682,0.86832,7989.91
1702886400000,0.86833,0.86929,0.86687,0.86705,16616.48
1702900800000,0.86703,0.86911,0.86661,0.86799,26571.11
1702915200000,0.86798,0.86847,0.86718,0.86837,11161.97
1702929600000,0.86835,0.86864,0.86637,0.8671,14824.3
1702944000000,0.86709,0.8677,0.86651,0.86658,11929.59
1702958400000,0.8666,0.86705,0.86511,0.86594,12996.09
1702972800000,0.86597,0.86742,0.86562,0.86599,17673.7
1702987200000,0.86599,0.86599,0.85926,0.85966,40198.44
1703001600000,0.85966,0.862,0.85963,0.86078,15653.02
1703016000000,0.86076,0.86114,0.85942,0.86066,19683.89
1703030400000,0.86067,0.86139,0.86036,0.86124,7202.19
1703044800000,0.86127,0.8616,0.86014,0.86092,11270.06
1703059200000,0.86089,0.86381,0.8607,0.86375,18620.93
1703073600000,0.86373,0.86505,0.86045,0.86099,27125.49
1703088000000,0.86099,0.86291,0.86048,0.86265,11410.77
1703102400000,0.86265,0.86398,0.86182,0.86266,10195.83
1703116800000,0.86263,0.86274,0.86114,0.86212,10204.51
1703131200000,0.86213,0.86272,0.86132,0.86219,8515.94
1703145600000,0.86224,0.86322,0.85899,0.85903,19687.06
1703160000000,0.85902,0.85959,0.85619,0.85679,50492.95
1703174400000,0.85679,0.85882,0.85632,0.85692,26562.57
1703188800000,0.85692,0.85723,0.85591,0.8563,17885.65
1703203200000,0.85629,0.85689,0.85568,0.85669,8768.65
1703217600000,0.85668,0.85731,0.85613,0.85644,11048.66
1703232000000,0.85642,0.85659,0.85295,0.85325,50429.4
1703246400000,0.85328,0.85645,0.85135,0.85551,127952.83
1703260800000,0.85551,0.85727,0.85471,0.85584,65731.63
1703275200000,0.85582,0.856,0.85519,0.85574,22781.64
1703448000000,0.85532,0.85532,0.85492,0.85531,52.8
1703462400000,0.85531,0.85607,0.855,0.85595,99.9
1703534400000,0.85403,0.8562,0.85403,0.85602,9730.6
1703548800000,0.85602,0.85661,0.8549,0.85504,11800.46
1703563200000,0.85505,0.85592,0.85435,0.85584,11406.13
1703577600000,0.85584,0.85792,0.8557,0.85762,37471.06
1703592000000,0.85762,0.85779,0.85375,0.85536,33421.62
1703606400000,0.85538,0.85578,0.85328,0.85344,10312.01
1703620800000,0.85343,0.85393,0.85302,0.85374,11475.01
1703635200000,0.85374,0.8545,0.85363,0.8537,5941.7
1703649600000,0.85368,0.85487,0.85281,0.85422,8297.5
1703664000000,0.85423,0.85459,0.85158,0.85285,12782.68
1703678400000,0.85284,0.85364,0.84592,0.84607,28616.43
1703692800000,0.84608,0.84609,0.84083,0.84327,36701.09
1703707200000,0.84327,0.84357,0.84217,0.84249,16273.08
1703721600000,0.84247,0.84247,0.83958,0.83976,8875.12
1703736000000,0.83979,0.84082,0.83864,0.83937,15001.52
1703750400000,0.83938,0.83965,0.83373,0.83639,42764.65
1703764800000,0.83639,0.83966,0.83323,0.83607,52918.74
1703779200000,0.83607,0.84453,0.83606,0.84338,32132.1
1703793600000,0.84339,0.84505,0.84317,0.84347,15049.31
1703808000000,0.84347,0.84356,0.84212,0.84318,36639.01
1703822400000,0.84317,0.84348,0.84076,0.8413,68362.63
1703836800000,0.84129,0.84173,0.83621,0.83631,40747.84
1703851200000,0.8363,0.84179,0.8356,0.84146,57342.47
1703865600000,0.84143,0.8432,0.83891,0.8413,42465.63
1703880000000,0.84128,0.84189,0.84058,0.84109,15024.9
1704139200000,0.83934,0.84233,0.83862,0.84194,6791.59
1704153600000,0.84192,0.84475,0.84168,0.8443,9085.64
1704168000000,0.84427,0.84611,0.84327,0.84607,15948.9
1704182400000,0.84607,0.85033,0.84385,0.8501,34216.73
1704196800000,0.85009,0.85011,0.84636,0.84867,55088.62
1704211200000,0.84864,0.85065,0.84739,0.84948,21549.77
1704225600000,0.84947,0.85052,0.84896,0.85007,11235.19
1704240000000,0.85009,0.85024,0.8489,0.84914,7144.51
1704254400000,0.84916,0.85185,0.8489,0.84984,13076.09
1704268800000,0.84987,0.85539,0.84918,0.85469,30387.03
1704283200000,0.85468,0.85482,0.85064,0.85245,52934.58
1704297600000,0.85243,0.8531,0.8501,0.85059,32882.26
1704312000000,0.85058,0.85099,0.84871,0.84917,16411.55
1704326400000,0.84917,0.85057,0.84822,0.84864,12916.04
1704340800000,0.84865,0.85009,0.84768,0.84828,16460.8
1704355200000,0.84832,0.85117,0.84773,0.85058,34617.85
1704369600000,0.85058,0.85284,0.8486,0.84965,42297.97
1704384000000,0.84965,0.852,0.84924,0.85098,15402.28
1704398400000,0.85096,0.8515,0.84908,0.85022,12684.48
1704412800000,0.85026,0.85062,0.84869,0.85053,6212.7
1704427200000,0.85052,0.85226,0.85037,0.85161,8182.24
1704441600000,0.85163,0.85379,0.85112,0.85319,26698.16
1704456000000,0.85318,0.85764,0.84548,0.8472,77344.35
1704470400000,0.84719,0.85048,0.84663,0.84954,24846.74
1704484800000,0.84955,0.85068,0.84931,0.84945,5156.79
1704657600000,0.84857,0.85131,0.84847,0.85075,7343.7
1704672000000,0.85077,0.85194,0.84978,0.85185,4570.38
1704686400000,0.85185,0.85209,0.84866,0.8501,12278.9
1704700800000,0.8501,0.85204,0.84977,0.85138,26308.87
1704715200000,0.85137,0.85172,0.84614,0.84634,30842.91
1704729600000,0.84633,0.84805,0.84599,0.84701,15171.57
1704744000000,0.84701,0.84826,0.84701,0.84803,11082.48
1704758400000,0.84802,0.8481,0.8464,0.84691,7360.58
1704772800000,0.84692,0.84867,0.84679,0.84752,8736.81
1704787200000,0.84752,0.8514,0.8475,0.85138,26525.9
1704801600000,0.85142,0.85239,0.84957,0.8522,39104.09
1704816000000,0.85221,0.85316,0.85103,0.85233,16899.25
1704830400000,0.85232,0.85273,0.85167,0.8524,11124.76
1704844800000,0.85241,0.85267,0.85186,0.85242,7674.51
1704859200000,0.85243,0.85349,0.85141,0.85224,12191.75
1704873600000,0.85223,0.8531,0.85125,0.85269,20021.42
1704888000000,0.85268,0.85322,0.8507,0.85128,27736.99
1704902400000,0.85128,0.85207,0.85094,0.85145,17848.42
1704916800000,0.85144,0.85223,0.85048,0.85052,10624.39
1704931200000,0.85051,0.85055,0.84908,0.8495,19857.81
1704945600000,0.8495,0.85065,0.84906,0.85028,8545.7
1704960000000,0.85032,0.85192,0.84998,0.8503,17076.98
1704974400000,0.85028,0.85643,0.84866,0.85462,82607.12
1704988800000,0.8546,0.8566,0.85201,0.85227,33662.46
1705003200000,0.85225,0.85406,0.85085,0.85104,37895.47
1705017600000,0.85104,0.85245,0.85104,0.85184,7095.7
1705032000000,0.85188,0.85358,0.85163,0.853,9780.29
1705046400000,0.85302,0.85408,0.85147,0.85358,22447.49
1705060800000,0.85358,0.85505,0.8488,0.85093,56904.82
1705075200000,0.85094,0.85359,0.85061,0.85254,16504.5
1705089600000,0.85252,0.85283,0.85171,0.85171,8042.04
1705262400000,0.85137,0.85348,0.85137,0.85342,5555.91
1705276800000,0.85341,0.85406,0.85221,0.85233,7070.73
1705291200000,0.85234,0.85424,0.85231,0.85409,6418.61
1705305600000,0.85408,0.85475,0.85216,0.85384,19301.5
1705320000000,0.85384,0.85572,0.85349,0.85508,17385.4
1705334400000,0.85506,0.85615,0.85452,0.85603,5100.17
1705348800000,0.85602,0.85617,0.85525,0.85601,22154.62
1705363200000,0.85602,0.85803,0.85589,0.85785,9723.67
1705377600000,0.85783,0.86043,0.85756,0.85917,12191.2
1705392000000,0.85919,0.8616,0.85829,0.86014,31355.62
1705406400000,0.86014,0.86143,0.85912,0.85923,47566.92
1705420800000,0.8592,0.86192,0.85916,0.86104,37864.53
1705435200000,0.86105,0.86165,0.8609,0.86149,14610.06
1705449600000,0.86149,0.86239,0.86074,0.86227,7528.68
1705464000000,0.86228,0.86321,0.86174,0.86235,13821.52
1705478400000,0.86236,0.86435,0.86073,0.86392,32024.79
1705492800000,0.86393,0.86848,0.86372,0.86812,42565.92
1705507200000,0.86811,0.86817,0.86505,0.86553,26269.46
1705521600000,0.86552,0.86572,0.86394,0.86429,12681.45
1705536000000,0.8643,0.86479,0.86328,0.86428,9486.77
1705550400000,0.8643,0.86507,0.86373,0.86457,11456.89
1705564800000,0.86458,0.86638,0.86393,0.86476,34931.47
1705579200000,0.86476,0.86895,0.86447,0.86883,81499.62
1705593600000,0.86883,0.86936,0.86754,0.86935,28181.92
1705608000000,0.86934,0.86936,0.86758,0.868,14916.45
1705622400000,0.86799,0.8686,0.86774,0.86801,9561.73
1705636800000,0.86802,0.86925,0.86761,0.86818,13644.3
1705651200000,0.86819,0.86934,0.86776,0.86893,23378.11
1705665600000,0.86891,0.8704,0.86778,0.86888,35582.05
1705680000000,0.8689,0.87013,0.86852,0.86898,20349.21
1705694400000,0.86897,0.86913,0.86764,0.86764,6126.76
1705867200000,0.8685,0.86909,0.86733,0.8685,6035.86
1705881600000,0.86851,0.86887,0.86764,0.86822,12409.08
1705896000000,0.86822,0.86905,0.86766,0.86877,15824.89
1705910400000,0.86879,0.86913,0.86657,0.86818,28574.44
1705924800000,0.8682,0.86953,0.86705,0.86915,30175.29
1705939200000,0.86915,0.87003,0.86812,0.86882,15103.53
1705953600000,0.8688,0.86924,0.86867,0.86916,21986.98
1705968000000,0.86916,0.86933,0.86673,0.86683,12423.33
1705982400000,0.86682,0.86706,0.86496,0.86667,19853.92
1705996800000,0.86666,0.86958,0.86646,0.86936,24824.37
1706011200000,0.86935,0.8728,0.86827,0.87146,33408.8
1706025600000,0.87145,0.87206,0.87047,0.87088,17206.5
1706040000000,0.87086,0.87111,0.86929,0.86966,7423.63
1706054400000,0.86967,0.86992,0.86927,0.86967,9256.73
1706068800000,0.86965,0.86968,0.86749,0.86789,14494.7
1706083200000,0.8679,0.868,0.86412,0.86521,37009.03
1706097600000,0.8652,0.86521,0.86062,0.86315,55248.16
1706112000000,0.86316,0.86442,0.86203,0.86319,29867.82
1706126400000,0.86318,0.86359,0.86245,0.86306,11887.63
1706140800000,0.86306,0.8649,0.86306,0.86446,13082.92
1706155200000,0.86446,0.86477,0.86259,0.86302,13489.36
1706169600000,0.863,0.86495,0.86276,0.86454,24656.94
1706184000000,0.86453,0.86793,0.86416,0.86777,74214.37
1706198400000,0.86778,0.86844,0.8666,0.86747,31246.62
1706212800000,0.86747,0.86781,0.86649,0.86711,16523.94
1706227200000,0.86711,0.86761,0.86633,0.86663,11880.39
1706241600000,0.86662,0.86846,0.86641,0.86785,15130.08
1706256000000,0.86787,0.86792,0.86185,0.86297,30849.16
1706270400000,0.86296,0.86494,0.86157,0.86302,57680.97
1706284800000,0.86301,0.86486,0.86301,0.86414,18665.58
1706299200000,0.86412,0.86426,0.86319,0.86364,8910.81
1706472000000,0.86471,0.86472,0.86344,0.86431,25083.99
1706486400000,0.86432,0.86443,0.86312,0.8634,8875.8
1706500800000,0.86339,0.8639,0.86166,0.86244,14271.66
1706515200000,0.86244,0.86326,0.86067,0.86294,23654.49
1706529600000,0.86293,0.8649,0.86228,0.86381,24761.85
1706544000000,0.86381,0.86452,0.86248,0.86267,14350.85
1706558400000,0.86264,0.86265,0.86064,0.86136,34035.28
1706572800000,0.86137,0.86183,0.86097,0.8618,8135.88
1706587200000,0.8618,0.86222,0.86106,0.86126,12786.83
1706601600000,0.86126,0.86388,0.86075,0.86273,22940.31
1706616000000,0.86274,0.86427,0.86064,0.86345,38289.97
1706630400000,0.86346,0.86375,0.86151,0.86158,14356.05
1706644800000,0.86157,0.86201,0.86139,0.86183,9391.54
1706659200000,0.8618,0.86358,0.8615,0.86315,9911.35
1706673600000,0.86316,0.86399,0.8626,0.86368,15183.23
1706688000000,0.86369,0.8643,0.86184,0.86297,25821.36
1706702400000,0.86296,0.86368,0.85504,0.858,62376.32
1706716800000,0.85799,0.86236,0.85748,0.86001,62520.25
1706731200000,0.86003,0.86435,0.85988,0.86236,43679.34
1706745600000,0.86236,0.86342,0.86183,0.86279,12023.92
1706760000000,0.86279,0.86494,0.86267,0.86401,13209.15
1706774400000,0.86402,0.86465,0.86233,0.86246,25507.68
1706788800000,0.86247,0.86397,0.86102,0.8615,56318.5
1706803200000,0.86149,0.86149,0.85707,0.85757,38712.49
1706817600000,0.85756,0.85798,0.85727,0.85758,12150.94
1706832000000,0.85761,0.85777,0.85648,0.8569,13076.1
1706846400000,0.85689,0.85761,0.85659,0.85749,15664.12
1706860800000,0.85749,0.85763,0.85528,0.85575,18578.42
1706875200000,0.85574,0.86643,0.85542,0.86551,69068.46
1706889600000,0.8655,0.86804,0.86501,0.86652,24408.33
1706904000000,0.86655,0.86697,0.86605,0.8665,6372.26
1707076800000,0.8654,0.86784,0.86532,0.86703,6993.16
1707091200000,0.86702,0.8687,0.86677,0.86751,16891.98
1707105600000,0.86752,0.86859,0.86723,0.86779,15176.79
1707120000000,0.86779,0.87051,0.86704,0.86944,24037.9
1707134400000,0.86945,0.87166,0.86895,0.87147,41334.16
1707148800000,0.87146,0.87183,0.86951,0.87044,14957.8
1707163200000,0.87046,0.87106,0.87001,0.87072,10538.59
1707177600000,0.87072,0.87077,0.87015,0.87036,12560.76
1707192000000,0.87036,0.8704,0.86897,0.86983,21637.77
1707206400000,0.86982,0.87291,0.86968,0.87217,21390.99
1707220800000,0.87216,0.87409,0.87027,0.87043,47664.88
1707235200000,0.87042,0.87123,0.86961,0.87028,26071.43
1707249600000,0.87025,0.87028,0.86905,0.86953,13343.12
1707264000000,0.86954,0.8698,0.8691,0.86963,9857.24
1707278400000,0.86966,0.87004,0.8688,0.86956,15095.76
1707292800000,0.86956,0.87294,0.86947,0.87233,28748.9
1707307200000,0.87236,0.87254,0.87038,0.87176,47179.93
1707321600000,0.87176,0.87529,0.87157,0.87447,26430.35
1707336000000,0.87446,0.87466,0.87381,0.87413,10584.67
1707350400000,0.87414,0.87421,0.87241,0.87287,11270.77
1707364800000,0.87286,0.87366,0.87255,0.87322,15944.52
1707379200000,0.87324,0.87458,0.87239,0.87432,23486.34
1707393600000,0.87432,0.87607,0.87381,0.87459,41628.45
1707408000000,0.8746,0.87482,0.87343,0.87438,21290.09
1707422400000,0.87438,0.87439,0.87302,0.87341,8447.08
1707436800000,0.87341,0.87422,0.87325,0.87414,8048.83
1707451200000,0.87412,0.87488,0.87396,0.87453,8343.09
1707465600000,0.87454,0.87617,0.87433,0.87558,19151.59
1707480000000,0.87557,0.87615,0.87309,0.87493,49160.89
1707494400000,0.87493,0.87538,0.87443,0.87532,12577.09
1707508800000,0.87533,0.87554,0.87445,0.8746,7214.2
1707681600000,0.8744,0.87455,0.874,0.87421,7187.85
1707696000000,0.87422,0.87462,0.87411,0.87456,8435.64
1707710400000,0.87457,0.87474,0.87262,0.87288,11674.48
1707724800000,0.87287,0.87591,0.87287,0.87517,21816.75
1707739200000,0.87515,0.87724,0.87495,0.87617,21925.58
1707753600000,0.87616,0.87636,0.87502,0.87595,13710.61
1707768000000,0.87595,0.87598,0.87517,0.87584,10124.18
1707782400000,0.87581,0.87668,0.87569,0.8765,6083.37
1707796800000,0.8765,0.88059,0.87552,0.87972,19264.71
1707811200000,0.87973,0.88169,0.87871,0.88032,29063.29
1707825600000,0.8803,0.88747,0.8776,0.8864,69965.78
1707840000000,0.8864,0.88802,0.88597,0.88801,24085.21
1707854400000,0.88801,0.88806,0.88644,0.88744,13722.23
1707868800000,0.88743,0.8875,0.88615,0.88652,18088.92
1707883200000,0.88652,0.88695,0.88567,0.8867,18029.18
1707897600000,0.88669,0.88854,0.88662,0.88698,16930.45
1707912000000,0.88698,0.88748,0.88568,0.88636,29770.62
1707926400000,0.88635,0.88638,0.88473,0.88566,14270.86
1707940800000,0.88565,0.88592,0.88511,0.88523,7567.84
1707955200000,0.88523,0.88577,0.88506,0.88547,11942.69
1707969600000,0.88547,0.88553,0.88321,0.88387,20003.26
1707984000000,0.88386,0.88438,0.88248,0.88293,19638.48
1707998400000,0.88294,0.88311,0.87825,0.88025,46423.1
1708012800000,0.88025,0.88137,0.87894,0.87985,27467.93
1708027200000,0.87986,0.88006,0.87935,0.87987,7321.11
1708041600000,0.87988,0.88141,0.87979,0.88124,16487.07
1708056000000,0.88123,0.88152,0.8805,0.88151,11418.18
1708070400000,0.88153,0.88172,0.8802,0.88058,11645.25
1708084800000,0.88058,0.88388,0.88014,0.88089,30045.02
1708099200000,0.88088,0.88229,0.87975,0.88097,14856.08
1708113600000,0.88098,0.88133,0.87977,0.8799,9545.28
1708286400000,0.87806,0.88099,0.87806,0.88072,4004.47
1708300800000,0.88072,0.88153,0.87963,0.88153,12500.16
1708315200000,0.88155,0.8816,0.88054,0.88136,10523.74
1708329600000,0.88136,0.88165,0.88009,0.8803,12527.89
1708344000000,0.8803,0.88204,0.87992,0.88196,9180.96
1708358400000,0.88198,0.88279,0.88163,0.88254,4170.97
1708372800000,0.88252,0.88292,0.88174,0.88277,8686.1
1708387200000,0.88277,0.88334,0.88258,0.88288,7468.08
1708401600000,0.88287,0.8834,0.88249,0.88339,7762.73
1708416000000,0.88335,0.88375,0.88052,0.88151,14000.17
1708430400000,0.88149,0.88256,0.87854,0.87996,25565.1
1708444800000,0.87998,0.88179,0.87988,0.88171,11040.46
1708459200000,0.88168,0.88208,0.88113,0.8819,7370.82
1708473600000,0.88188,0.88198,0.88044,0.88055,10856.32
1708488000000,0.88055,0.88154,0.88052,0.88105,9360.47
1708502400000,0.88109,0.88181,0.87964,0.88021,13367.5
1708516800000,0.8802,0.88083,0.87926,0.88083,17616.9
1708531200000,0.88083,0.88114,0.87881,0.87971,19870.89
1708545600000,0.8797,0.87985,0.8791,0.87914,10671.57
1708560000000,0.87917,0.87942,0.87823,0.87888,8354.53
1708574400000,0.87891,0.87899,0.87502,0.87599,12672.76
1708588800000,0.87599,0.87868,0.87421,0.87785,21358.43
1708603200000,0.87786,0.88196,0.87763,0.88185,25897.04
1708617600000,0.88185,0.8821,0.88072,0.88102,10837.2
1708632000000,0.88103,0.88123,0.87995,0.88008,7570.09
1708646400000,0.88006,0.88087,0.8798,0.88048,4368.03
1708660800000,0.88047,0.88098,0.88014,0.88049,4455.49
1708675200000,0.88048,0.8819,0.8799,0.88016,9466.55
1708689600000,0.88015,0.88164,0.87809,0.88093,15682.28
1708704000000,0.88091,0.88176,0.88024,0.88115,8275.11
1708718400000,0.88112,0.88142,0.88054,0.88054,2846.49
1708891200000,0.87931,0.88139,0.87931,0.88128,2171.71
1708905600000,0.88127,0.88219,0.88114,0.88136,4533.02
1708920000000,0.88141,0.88144,0.88034,0.88062,6069.38
1708934400000,0.88063,0.88131,0.87879,0.87968,9993.18
1708948800000,0.87965,0.88138,0.87905,0.88055,13364.29
1708963200000,0.88056,0.88124,0.88001,0.88085,6618.33
1708977600000,0.88083,0.88087,0.8796,0.88005,6238.43
1708992000000,0.88005,0.88068,0.87952,0.87954,4923.73
1709006400000,0.87956,0.88015,0.87846,0.87893,7168.9
1709020800000,0.87892,0.88077,0.87856,0.87982,11779.39
1709035200000,0.87982,0.88103,0.8785,0.87924,15254.79
1709049600000,0.87928,0.88019,0.87865,0.8797,9718.13
1709064000000,0.87971,0.87982,0.87841,0.87901,7577.43
1709078400000,0.879,0.87998,0.87893,0.87955,5015.82
1709092800000,0.87953,0.88133,0.87944,0.88077,6388.05
1709107200000,0.88076,0.88154,0.87954,0.88006,12348.09
1709121600000,0.88004,0.88105,0.87916,0.88006,18944.72
1709136000000,0.88005,0.88014,0.87838,0.87917,7473.57
1709150400000,0.87916,0.87922,0.87848,0.87872,4660.14
1709164800000,0.87871,0.8788,0.87804,0.87833,5390.64
1709179200000,0.87835,0.87932,0.878,0.87903,9300.58
1709193600000,0.87903,0.88067,0.87792,0.88005,14264.94
1709208000000,0.88007,0.88097,0.87791,0.88062,28676.55
1709222400000,0.88063,0.88451,0.88019,0.88451,16375.37
1709236800000,0.88448,0.88485,0.88413,0.88442,5878.53
1709251200000,0.88442,0.88454,0.88394,0.88409,3843.07
1709265600000,0.88411,0.88622,0.88405,0.88612,6302.3
1709280000000,0.88614,0.88702,0.88479,0.88494,18745.26
1709294400000,0.88495,0.88923,0.88444,0.88495,28819.38
1709308800000,0.88496,0.88537,0.88297,0.88316,11559.06
1709323200000,0.88317,0.88373,0.8825,0.88292,3932.73
1709496000000,0.88307,0.88365,0.88283,0.88341,6612.37
1709510400000,0.88339,0.88381,0.88248,0.88271,7565.03
1709524800000,0.88275,0.88344,0.88052,0.88091,10290.1
1709539200000,0.8809,0.88405,0.88086,0.88364,12838.61
1709553600000,0.88361,0.8864,0.88357,0.8847,15589.9
1709568000000,0.88472,0.88502,0.88385,0.88501,7457.57
1709582400000,0.88501,0.88525,0.88385,0.8852,7203.04
1709596800000,0.88522,0.8857,0.88488,0.88508,3266.35
1709611200000,0.88507,0.8865,0.88505,0.8858,4742.63
1709625600000,0.8858,0.88636,0.88504,0.8861,10277.13
1709640000000,0.88609,0.88661,0.88253,0.88266,19819.8
1709654400000,0.88265,0.88404,0.88256,0.88354,9775.45
1709668800000,0.88353,0.88383,0.88271,0.88358,5583.87
1709683200000,0.88359,0.88521,0.88358,0.88458,5500.86
1709697600000,0.88456,0.88468,0.88371,0.88417,4974.7
1709712000000,0.88416,0.88554,0.88401,0.88487,9363.01
1709726400000,0.88486,0.88513,0.8814,0.88178,23455.54
1709740800000,0.8818,0.88256,0.88041,0.88225,13048.12
1709755200000,0.88227,0.8826,0.8817,0.88203,5635.52
1709769600000,0.88202,0.88231,0.88116,0.88165,9922.57
1709784000000,0.88164,0.8819,0.88077,0.88161,10608.77
1709798400000,0.88159,0.88195,0.87915,0.87962,10939.65
1709812800000,0.87963,0.88037,0.87836,0.87896,27767.55
1709827200000,0.87895,0.87907,0.87724,0.87731,13358.38
1709841600000,0.87731,0.87794,0.87715,0.87728,8379.31
1709856000000,0.87726,0.87771,0.87667,0.8775,4864.17
1709870400000,0.87749,0.87763,0.8768,0.87729,5023.51
1709884800000,0.87728,0.87744,0.87575,0.87638,11105.27
1709899200000,0.87638,0.87823,0.87294,0.87526,32931.41
1709913600000,0.87526,0.87786,0.87521,0.87731,15539.81
1709928000000,0.87731,0.87776,0.87639,0.8764,2958.32
1710100800000,0.87497,0.8781,0.87497,0.87754,9038.57
1710115200000,0.87753,0.87778,0.87675,0.87756,6071.03
1710129600000,0.87756,0.87793,0.87584,0.87593,6945.72
1710144000000,0.87595,0.87725,0.87547,0.8763,11490.6
1710158400000,0.87629,0.87946,0.8762,0.87826,18823.95
1710172800000,0.87825,0.87879,0.87742,0.87742,8751.72
1710187200000,0.87743,0.87778,0.87703,0.87731,7956.11
1710201600000,0.87731,0.87757,0.87693,0.87737,11575.77
1710216000000,0.87739,0.87748,0.87646,0.87673,11118.05
1710230400000,0.87672,0.87691,0.87577,0.87632,10716.91
1710244800000,0.87632,0.87945,0.87468,0.8782,46878.87
1710259200000,0.87818,0.87862,0.87743,0.87744,8062.27
1710273600000,0.87746,0.87752,0.87663,0.87739,7115.1
1710288000000,0.87739,0.87773,0.87723,0.87756,8368.47
1710302400000,0.87756,0.87826,0.87743,0.87783,8517.68
1710316800000,0.8778,0.87885,0.87723,0.87757,10683.09
1710331200000,0.87755,0.87799,0.87658,0.87799,19672.21
1710345600000,0.87798,0.87895,0.87682,0.87874,15413.13
1710360000000,0.87874,0.87889,0.87828,0.87834,5286.4
1710374400000,0.87833,0.87929,0.87817,0.87925,9189.46
1710388800000,0.87924,0.88007,0.87923,0.87999,9341.39
1710403200000,0.87997,0.88021,0.87856,0.87857,10457.02
1710417600000,0.87855,0.8838,0.87817,0.88339,32918.76
1710432000000,0.88339,0.88405,0.88251,0.88353,10041.19
1710446400000,0.88352,0.88436,0.88321,0.88426,10754.98
1710460800000,0.88427,0.88502,0.88405,0.88477,11002.75
1710475200000,0.88478,0.88503,0.8841,0.88488,11638.65
1710489600000,0.88489,0.88524,0.88193,0.88198,13964.13
1710504000000,0.88197,0.8841,0.8819,0.88363,20777.99
1710518400000,0.88365,0.8845,0.88327,0.88354,8609.99
1710532800000,0.88354,0.88366,0.8833,0.88336,2438.21
1710705600000,0.88289,0.88362,0.8821,0.88354,14555.94
1710720000000,0.88355,0.88388,0.88275,0.88325,10843.23
1710734400000,0.88325,0.88414,0.88315,0.88399,9972.47
1710748800000,0.88401,0.88445,0.88213,0.8826,13135.65
1710763200000,0.88259,0.88636,0.88237,0.88619,16310.74
1710777600000,0.88619,0.88838,0.88618,0.88832,10384.13
1710792000000,0.88836,0.88842,0.88689,0.88754,10093.41
1710806400000,0.88753,0.88872,0.88745,0.88805,14606.9
1710820800000,0.88804,0.88949,0.88771,0.88941,19787.2
1710835200000,0.88941,0.88982,0.88702,0.88754,20480.99
1710849600000,0.88749,0.88872,0.88668,0.88815,15561.21
1710864000000,0.88816,0.88854,0.88746,0.88813,8952.79
1710878400000,0.88813,0.88859,0.88731,0.88855,11304.16
1710892800000,0.88855,0.88921,0.88843,0.88848,11036.98
1710907200000,0.8885,0.88979,0.88849,0.88979,15195.09
1710921600000,0.88979,0.89185,0.88958,0.89059,17088.96
1710936000000,0.89061,0.89161,0.89022,0.89114,18743.2
1710950400000,0.89111,0.89161,0.88588,0.88665,63539.07
1710964800000,0.88665,0.8871,0.88541,0.88563,17376.29
1710979200000,0.88563,0.88573,0.88389,0.88493,18211.87
1710993600000,0.88494,0.88587,0.88447,0.8853,14796.02
1711008000000,0.88531,0.8974,0.88531,0.89314,54279.1
1711022400000,0.89313,0.89927,0.89265,0.89923,49683.56
1711036800000,0.89925,0.89937,0.89784,0.89801,13441.77
1711051200000,0.89803,0.89818,0.8972,0.89773,10377.25
1711065600000,0.89772,0.89947,0.89699,0.89911,16354.26
1711080000000,0.89911,0.89958,0.89812,0.89924,18426.57
1711094400000,0.89925,0.90201,0.89901,0.90059,22436.61
1711108800000,0.90057,0.90074,0.89692,0.89829,29124.69
1711123200000,0.89828,0.89896,0.89768,0.89797,10053.57
1711137600000,0.89798,0.89798,0.89652,0.89699,4532.22
1711310400000,0.89689,0.89769,0.89669,0.89764,14459.36
1711324800000,0.89764,0.8984,0.89693,0.89767,18728.37
1711339200000,0.89768,0.89806,0.89698,0.89806,11636.35
1711353600000,0.89806,0.89864,0.89737,0.8979,12833.95
1711368000000,0.8979,0.8984,0.89688,0.89829,13916.34
1711382400000,0.89829,0.89919,0.89809,0.89908,6481.68
1711396800000,0.89908,0.89983,0.89905,0.89954,11934.64
1711411200000,0.89953,0.90055,0.89901,0.90042,8444.73
1711425600000,0.90043,0.90084,0.89953,0.90079,9566.19
1711440000000,0.9008,0.90228,0.90011,0.90206,18377.44
1711454400000,0.90205,0.90431,0.90147,0.90271,26083.69
1711468800000,0.9027,0.90412,0.90263,0.9041,9451.69
1711483200000,0.90409,0.9041,0.90332,0.90366,7623.21
1711497600000,0.90367,0.9042,0.90326,0.90393,9873.97
1711512000000,0.90393,0.90557,0.90353,0.90533,9064.32
1711526400000,0.90533,0.90685,0.90377,0.90675,20133.78
1711540800000,0.90675,0.90712,0.90504,0.90556,20190.09
1711555200000,0.90556,0.90596,0.90463,0.90465,8156.72
1711569600000,0.90467,0.90568,0.90336,0.90562,11357.5
1711584000000,0.9056,0.90641,0.90432,0.90484,12510.04
1711598400000,0.90485,0.90645,0.90457,0.90551,10287.36
1711612800000,0.90551,0.90639,0.90496,0.90562,16456.53
1711627200000,0.90562,0.90578,0.90047,0.90063,31547.22
1711641600000,0.90061,0.90223,0.89993,0.90181,13770.4
1711656000000,0.9018,0.90213,0.8996,0.9011,47166.21
1711670400000,0.90112,0.9024,0.90111,0.90215,33075.4
1711684800000,0.90206,0.90275,0.9004,0.9017,28162.53
1711699200000,0.90161,0.90205,0.90062,0.90121,28700.21
1711713600000,0.9012,0.90187,0.90082,0.90172,45382.01
1711728000000,0.90173,0.90249,0.90136,0.90161,14395.11
1711742400000,0.90172,0.90213,0.90051,0.90051,1270.69
1711915200000,0.90097,0.90229,0.90044,0.902,8413.64
1711929600000,0.90197,0.90232,0.90128,0.90158,10367.14
1711944000000,0.90158,0.90203,0.90099,0.9011,10737.86
1711958400000,0.9011,0.90208,0.90049,0.90159,8492.87
1711972800000,0.90159,0.90558,0.90134,0.90551,18901.2
1711987200000,0.9055,0.90565,0.90411,0.90446,5741.01
1712001600000,0.90446,0.90525,0.90382,0.90505,7840.5
1712016000000,0.90505,0.90638,0.90497,0.90628,8563.22
1712030400000,0.90629,0.90829,0.906,0.90771,13103.72
1712044800000,0.90774,0.90905,0.90768,0.90783,16283.75
1712059200000,0.90783,0.90857,0.90531,0.9071,25800.4
1712073600000,0.90709,0.90867,0.90667,0.90763,6131.92
1712088000000,0.90762,0.90808,0.9074,0.90778,6686.59
1712102400000,0.90779,0.9085,0.90767,0.9081,10932.5
1712116800000,0.9081,0.90952,0.90789,0.90849,11483.26
1712131200000,0.90849,0.90922,0.90789,0.90807,10908.06
1712145600000,0.90806,0.90922,0.90331,0.90385,27373.96
1712160000000,0.90383,0.90482,0.90291,0.90323,9964.03
1712174400000,0.90324,0.90324,0.90264,0.90293,5868.11
1712188800000,0.90293,0.90343,0.90266,0.90327,8664.56
1712203200000,0.90328,0.90741,0.90263,0.90665,17003.86
1712217600000,0.90666,0.90724,0.90563,0.90717,12173.45
1712232000000,0.90719,0.90747,0.90381,0.90495,17759.02
1712246400000,0.90495,0.905,0.90099,0.90125,18437.35
1712260800000,0.90124,0.90175,0.90036,0.90152,10708.08
1712275200000,0.90152,0.90258,0.90117,0.90232,12283.5
1712289600000,0.90232,0.90437,0.90154,0.90412,13621.47
1712304000000,0.90412,0.90446,0.90266,0.90344,12104.75
1712318400000,0.90344,0.90706,0.89974,0.90053,45940.93
1712332800000,0.90054,0.90262,0.90029,0.90221,11590.82
1712347200000,0.9022,0.90238,0.90124,0.90124,3740.27
1712520000000,0.89975,0.90394,0.8997,0.9032,14607.17
1712534400000,0.90319,0.90413,0.90233,0.90365,20671.7
1712548800000,0.90365,0.90484,0.90297,0.9047,15155.36
1712563200000,0.9047,0.9064,0.9043,0.90638,13669.01
1712577600000,0.90638,0.90653,0.90398,0.90515,25212.12
1712592000000,0.90514,0.90592,0.90429,0.9052,7069.06
1712606400000,0.90521,0.90562,0.90482,0.90502,7192.4
1712620800000,0.90501,0.90559,0.90472,0.9049,11366.87
1712635200000,0.9049,0.9052,0.90403,0.90499,10540.12
1712649600000,0.90499,0.90517,0.90228,0.90373,12974.49
1712664000000,0.90376,0.90402,0.90124,0.90322,25883.77
1712678400000,0.90323,0.90411,0.90289,0.90335,7400.11
1712692800000,0.90337,0.90383,0.90294,0.90304,8562.52
1712707200000,0.90303,0.90403,0.90301,0.9037,13844.24
1712721600000,0.9037,0.90426,0.9029,0.90381,12811.91
1712736000000,0.90379,0.90412,0.90311,0.90356,12384.03
1712750400000,0.90358,0.91311,0.90244,0.91273,58795.34
1712764800000,0.91274,0.91472,0.91142,0.91322,24762.42
1712779200000,0.91323,0.91339,0.91169,0.91317,14445.87
1712793600000,0.91318,0.91355,0.9123,0.91273,6115.56
1712808000000,0.91274,0.91463,0.91228,0.91372,12545.47
1712822400000,0.91373,0.91403,0.91201,0.91282,16271.48
1712836800000,0.91283,0.91291,0.9074,0.91075,43952.61
1712851200000,0.91075,0.91111,0.90859,0.90966,11326.94
1712865600000,0.90966,0.91011,0.9092,0.90979,4289.55
1712880000000,0.9098,0.91085,0.90932,0.91083,7820.03
1712894400000,0.91083,0.91279,0.91067,0.91233,13066.48
1712908800000,0.91232,0.91367,0.91211,0.91243,16043.54
1712923200000,0.91241,0.91274,0.91032,0.91203,35975.67
1712937600000,0.91202,0.9141,0.9116,0.91405,12977.04
1712952000000,0.91405,0.91452,0.91359,0.91359,2115.96
1713124800000,0.91107,0.91405,0.91107,0.91374,11883.67
1713139200000,0.91373,0.91476,0.91315,0.91402,14474.61
1713153600000,0.91402,0.91445,0.9125,0.91278,15072.91
1713168000000,0.9128,0.91386,0.91211,0.91275,16264.65
1713182400000,0.91277,0.91517,0.9124,0.91374,34535.58
1713196800000,0.91373,0.91385,0.91207,0.91226,15399.03
1713211200000,0.91226,0.91246,0.91128,0.91189,4439.76
1713225600000,0.9119,0.91364,0.91189,0.91313,10875.4
1713240000000,0.9131,0.91417,0.9117,0.91189,15217.28
1713254400000,0.91192,0.91363,0.91174,0.91213,18725.49
1713268800000,0.91213,0.91369,0.9111,0.91277,31004.78
1713283200000,0.91278,0.91396,0.91188,0.91268,22216.8
1713297600000,0.91268,0.91318,0.91214,0.91263,9549
1713312000000,0.91263,0.91275,0.91181,0.91233,8168.33
1713326400000,0.91236,0.91322,0.90993,0.91067,12936.19
1713340800000,0.91068,0.91179,0.90932,0.91088,15739.67
1713355200000,0.91087,0.91311,0.91052,0.91211,22073.14
1713369600000,0.9121,0.91225,0.90956,0.9102,17766.31
1713384000000,0.91019,0.9108,0.91014,0.91063,4384.84
1713398400000,0.91062,0.91097,0.90957,0.90965,5789.25
1713412800000,0.90967,0.91018,0.90874,0.90909,10005.81
1713427200000,0.90909,0.90923,0.90808,0.90858,12983.49
1713441600000,0.9086,0.91217,0.90846,0.91147,26191.89
1713456000000,0.91146,0.91246,0.91128,0.91244,10605.56
1713470400000,0.91247,0.91308,0.91191,0.91245,5020.06
1713484800000,0.91246,0.91267,0.90102,0.9074,50266
1713499200000,0.90743,0.90946,0.90737,0.90824,33126.93
1713513600000,0.90824,0.90946,0.90696,0.90908,20626.66
1713528000000,0.90908,0.90959,0.90713,0.90916,23333.3
1713542400000,0.90915,0.91051,0.90908,0.9102,12242.4
1713556800000,0.91021,0.91061,0.90951,0.90951,2892.61
1713729600000,0.90858,0.91127,0.90858,0.9112,7452.79
1713744000000,0.91117,0.91227,0.91016,0.91165,8683.34
1713758400000,0.91168,0.91222,0.9103,0.91035,9527.24
1713772800000,0.91036,0.91192,0.90981,0.91166,12567.44
1713787200000,0.91166,0.91236,0.91054,0.91187,13283.86
1713801600000,0.91186,0.91221,0.91069,0.91162,6638.32
1713816000000,0.91163,0.91213,0.91153,0.91187,9897.69
1713830400000,0.91185,0.91209,0.91128,0.91202,5994.58
1713844800000,0.91201,0.91299,0.90998,0.91085,12439.63
1713859200000,0.91092,0.91246,0.91048,0.91121,13988.67
1713873600000,0.91119,0.9124,0.90866,0.91168,26143.7
1713888000000,0.91166,0.91218,0.91057,0.91165,7731.28
1713902400000,0.91165,0.91201,0.91116,0.91175,4486.45
1713916800000,0.91173,0.912,0.91132,0.91176,5522.13
1713931200000,0.91176,0.91471,0.91161,0.91409,11034.87
1713945600000,0.91411,0.91513,0.91371,0.91431,8318.14
1713960000000,0.91432,0.9153,0.91201,0.91409,22074.51
1713974400000,0.91409,0.91492,0.91308,0.91471,8564.21
1713988800000,0.91469,0.91522,0.91433,0.91443,4501.61
1714003200000,0.91442,0.91482,0.91397,0.91469,5760.07
1714017600000,0.91468,0.9148,0.91272,0.91318,8119.25
1714032000000,0.91319,0.91356,0.91218,0.91339,9548.6
1714046400000,0.9134,0.91565,0.91195,0.91342,35853.25
1714060800000,0.91342,0.9141,0.9117,0.91225,12504.73
1714075200000,0.91227,0.9127,0.91165,0.91266,4910.17
1714089600000,0.9127,0.91342,0.91256,0.91312,6154.62
1714104000000,0.91313,0.9133,0.91148,0.91192,12757.8
1714118400000,0.91192,0.91246,0.90957,0.91214,19218.64
1714132800000,0.91213,0.91498,0.91058,0.91424,31577.91
1714147200000,0.91424,0.91467,0.91306,0.91378,6510.74
1714161600000,0.91378,0.91475,0.91365,0.91387,2007.09
1714334400000,0.91236,0.91422,0.91235,0.9137,2991.21
1714348800000,0.91369,0.91527,0.91252,0.91293,10795.68
1714363200000,0.91295,0.91306,0.90964,0.91148,34814.41
1714377600000,0.91149,0.91232,0.91106,0.9121,14614.39
1714392000000,0.9121,0.91325,0.9101,0.91079,18034.73
1714406400000,0.9108,0.91092,0.9088,0.91042,11512.84
1714420800000,0.91043,0.91096,0.90951,0.91079,4454.27
1714435200000,0.91077,0.91188,0.91058,0.91172,5067.85
1714449600000,0.9117,0.91332,0.91121,0.913,15619.6
1714464000000,0.91301,0.9137,0.91047,0.91251,13260.57
1714478400000,0.91251,0.91792,0.91239,0.91744,41602.04
1714492800000,0.91744,0.91937,0.91723,0.91915,9437.14
1714507200000,0.91915,0.91968,0.91783,0.9196,7544.77
1714521600000,0.91962,0.92043,0.91945,0.92038,3405.69
1714536000000,0.92037,0.9224,0.92035,0.92153,9136.03
1714550400000,0.92152,0.92195,0.91994,0.92,8462.52
1714564800000,0.92001,0.92038,0.91866,0.91949,18610.81
1714579200000,0.9195,0.92077,0.91583,0.91906,37288.14
1714593600000,0.91909,0.91925,0.91454,0.91635,18764.3
1714608000000,0.91636,0.91732,0.91607,0.91668,7872.73
1714622400000,0.91667,0.91682,0.90977,0.91175,22481.4
1714636800000,0.91175,0.91327,0.91137,0.91197,16367.81
1714651200000,0.91197,0.91379,0.91086,0.91189,31061.44
1714665600000,0.91188,0.9124,0.90976,0.91021,10845.85
1714680000000,0.91022,0.91083,0.9097,0.90974,6820.38
1714694400000,0.90971,0.91047,0.90881,0.90943,9515.15
1714708800000,0.90943,0.90968,0.90701,0.9076,12930.59
1714723200000,0.90761,0.90819,0.90661,0.90674,13360.12
1714737600000,0.90675,0.90707,0.90054,0.90474,60698.65
1714752000000,0.90475,0.90592,0.90443,0.90511,8754.49
1714766400000,0.90513,0.90536,0.90465,0.90475,1837.59
1714939200000,0.9039,0.90598,0.9037,0.90586,3590.66
1714953600000,0.90588,0.90613,0.90503,0.90586,6938.35
1714968000000,0.90588,0.90635,0.90509,0.90528,7587.06
1714982400000,0.90528,0.90596,0.90418,0.90515,9465.32
1714996800000,0.90516,0.90588,0.90355,0.90519,13233.61
1715011200000,0.90518,0.9066,0.90506,0.90642,5631.49
1715025600000,0.90641,0.90676,0.90473,0.90673,3745.41
1715040000000,0.90672,0.90764,0.90585,0.90711,6818.11
1715054400000,0.90711,0.90772,0.90601,0.9063,12044.05
1715068800000,0.90633,0.9086,0.90633,0.90725,10568.93
1715083200000,0.90722,0.90757,0.90574,0.9072,13317.11
1715097600000,0.9072,0.90934,0.90706,0.90852,7525.61
1715112000000,0.90852,0.90878,0.9079,0.90844,4555.65
1715126400000,0.90845,0.90931,0.908,0.90907,5619.24
1715140800000,0.90909,0.90927,0.90831,0.90899,7846.87
1715155200000,0.909,0.90955,0.90783,0.909,10575.21
1715169600000,0.90899,0.90923,0.9073,0.90761,12565.84
1715184000000,0.90761,0.90831,0.90747,0.90802,4735.81
1715198400000,0.90801,0.90813,0.9074,0.90787,4689.36
1715212800000,0.90789,0.90852,0.90774,0.90832,3226.43
1715227200000,0.90831,0.90903,0.90808,0.90882,4996
1715241600000,0.90882,0.90984,0.90881,0.90955,9567.61
1715256000000,0.90956,0.90956,0.90599,0.90715,20343.55
1715270400000,0.90715,0.90721,0.90564,0.90565,5271.22
1715284800000,0.90565,0.90609,0.90527,0.90588,3199.69
1715299200000,0.90586,0.90698,0.90583,0.90655,4116.91
1715313600000,0.90654,0.90704,0.90597,0.90649,6930.03
1715328000000,0.90648,0.90718,0.90558,0.90708,8516.61
1715342400000,0.9071,0.90851,0.90599,0.90635,16592.97
1715356800000,0.90634,0.90669,0.90558,0.90621,4658.64
1715371200000,0.9062,0.90655,0.90613,0.9064,648.05
1715544000000,0.90519,0.90647,0.90482,0.90646,1588.98
1715558400000,0.90648,0.90695,0.90628,0.90659,4631.9
1715572800000,0.90658,0.9069,0.90622,0.90673,6533.35
1715587200000,0.90673,0.90753,0.90573,0.90607,9443.92
1715601600000,0.90609,0.90768,0.90453,0.9075,15306.99
1715616000000,0.90752,0.90871,0.90698,0.90815,4634.38
1715630400000,0.90812,0.90835,0.90782,0.90796,2735.79
1715644800000,0.90793,0.9088,0.90792,0.90863,3668.43
1715659200000,0.90863,0.90874,0.90742,0.90808,5803.21
1715673600000,0.90808,0.9085,0.90715,0.9078,8446.05
1715688000000,0.90781,0.91021,0.90545,0.90675,29698.52
1715702400000,0.90675,0.90715,0.9064,0.90643,5794.27
1715716800000,0.90642,0.90692,0.90553,0.90689,7391.38
1715731200000,0.90689,0.90704,0.90579,0.90583,4159.07
1715745600000,0.90583,0.90621,0.90464,0.90531,7755.37
1715760000000,0.90533,0.90576,0.90443,0.90504,7934.39
1715774400000,0.90506,0.9063,0.90144,0.90411,37609.22
1715788800000,0.90411,0.90446,0.90211,0.90268,10446.07
1715803200000,0.90267,0.90269,0.90051,0.90064,13586.29
1715817600000,0.90065,0.90102,0.89876,0.90034,11211.97
1715832000000,0.90035,0.90149,0.89985,0.89997,9283.2
1715846400000,0.89997,0.9037,0.89979,0.90339,10391.11
1715860800000,0.90338,0.90567,0.90228,0.90442,21322.13
1715875200000,0.90443,0.90562,0.90433,0.9056,5281.98
1715889600000,0.90559,0.9063,0.90515,0.90604,5741.75
1715904000000,0.90602,0.90734,0.90593,0.90703,6120.5
1715918400000,0.90701,0.90829,0.90638,0.90784,7087.39
1715932800000,0.90786,0.9098,0.90784,0.90871,9111.29
1715947200000,0.90872,0.90939,0.90671,0.90798,14385.35
1715961600000,0.90797,0.90831,0.90747,0.90817,6253.54
1715976000000,0.90816,0.90915,0.90814,0.90888,1714.8
1716148800000,0.90901,0.90924,0.9081,0.90895,3417.09
1716163200000,0.90894,0.90969,0.90882,0.90929,5937.01
1716177600000,0.90928,0.90988,0.90865,0.90974,7081.62
1716192000000,0.90975,0.90996,0.90853,0.90948,8463.8
1716206400000,0.90945,0.91085,0.90786,0.9097,16680.77
1716220800000,0.90969,0.91048,0.9091,0.91047,4194.11
1716235200000,0.91049,0.91084,0.90934,0.91012,7262.14
1716249600000,0.91014,0.91161,0.9101,0.91095,4284.21
1716264000000,0.91096,0.91108,0.90956,0.91033,6412.29
1716278400000,0.91032,0.91056,0.90869,0.90933,8290.66
1716292800000,0.90931,0.9113,0.90897,0.91079,23934.34
1716307200000,0.91077,0.91139,0.9104,0.91076,6620.48
1716321600000,0.91077,0.91127,0.91041,0.91127,2406.57
1716336000000,0.91128,0.91147,0.91064,0.91128,4989.06
1716350400000,0.9113,0.91302,0.91087,0.91282,9723.76
1716364800000,0.91281,0.91579,0.91242,0.91504,11576.52
1716379200000,0.91501,0.91518,0.91324,0.91393,17518.08
1716393600000,0.91394,0.91558,0.91364,0.91538,11299.36
1716408000000,0.9154,0.91573,0.91465,0.9152,5372.58
1716422400000,0.91522,0.91532,0.91426,0.91441,6938.25
1716436800000,0.91441,0.91541,0.91404,0.91447,9721
1716451200000,0.91447,0.91489,0.91276,0.91287,10697.26
1716465600000,0.91286,0.91515,0.91261,0.91438,30381.46
1716480000000,0.91439,0.9152,0.91395,0.91467,10137.04
1716494400000,0.91468,0.91477,0.91386,0.91442,49080.65
1716508800000,0.91443,0.91539,0.91441,0.91533,4822.74
1716523200000,0.91534,0.91543,0.91427,0.91457,7234.99
1716537600000,0.91458,0.91552,0.91439,0.91514,9741.4
1716552000000,0.91515,0.91578,0.91349,0.91432,19504.93
1716566400000,0.91431,0.91476,0.91336,0.91463,6137.43
1716580800000,0.91461,0.9147,0.91452,0.91462,964.49
1716753600000,0.91382,0.91449,0.91279,0.91446,1977.95
1716768000000,0.91446,0.9146,0.91401,0.91422,2476.14
1716782400000,0.91419,0.91535,0.91414,0.91502,4671.33
1716796800000,0.91499,0.91528,0.91329,0.9143,6451.38
1716811200000,0.91432,0.91526,0.91329,0.91331,10439.15
1716825600000,0.9133,0.91367,0.91318,0.91338,3863.98
1716840000000,0.91339,0.91389,0.91311,0.91325,11006.29
1716854400000,0.91326,0.91332,0.91166,0.91191,5993.55
1716868800000,0.91192,0.91246,0.91117,0.91139,8462.81
1716883200000,0.91138,0.91213,0.90983,0.91037,11545.78
1716897600000,0.91037,0.91167,0.90852,0.9106,22097.63
1716912000000,0.9106,0.91244,0.91054,0.91198,8478.21
1716926400000,0.912,0.91248,0.91167,0.91232,10099.25
1716940800000,0.91232,0.91268,0.91183,0.91254,5858.98
1716955200000,0.91255,0.91272,0.91173,0.91189,7542.21
1716969600000,0.91187,0.91432,0.91184,0.91247,14846.8
1716984000000,0.91247,0.91354,0.91126,0.91351,20782.71
1716998400000,0.91352,0.91402,0.91323,0.9135,7319.18
1717012800000,0.9135,0.9135,0.91284,0.9132,3042.46
1717027200000,0.91322,0.91406,0.9131,0.91332,6090.97
1717041600000,0.91332,0.91341,0.90985,0.9099,16759.81
1717056000000,0.90988,0.91051,0.90594,0.9072,21001.91
1717070400000,0.9072,0.90725,0.9031,0.9036,25324.18
1717084800000,0.90361,0.90403,0.90309,0.9034,6315.67
1717099200000,0.90341,0.90353,0.903,0.90335,4535.71
1717113600000,0.90334,0.9041,0.90236,0.90383,8553.79
1717128000000,0.90384,0.90569,0.90378,0.90472,12944.03
1717142400000,0.90473,0.90689,0.90456,0.90504,15112.75
1717156800000,0.90505,0.90546,0.90022,0.90337,32812.54
1717171200000,0.90338,0.90405,0.90215,0.90217,8029.94
1717185600000,0.90218,0.90256,0.90193,0.90193,1863.93
1717358400000,0.9031,0.90311,0.90128,0.90135,4264.67
1717372800000,0.90135,0.90175,0.90047,0.90159,7336.69
1717387200000,0.90159,0.90309,0.90095,0.90258,11948.31
1717401600000,0.90258,0.90354,0.9006,0.90188,15024.14
1717416000000,0.90184,0.90194,0.89501,0.89539,28690.69
1717430400000,0.89537,0.89637,0.89503,0.89605,8623.48
1717444800000,0.89601,0.89607,0.89496,0.89506,7953.55
1717459200000,0.89504,0.89603,0.89462,0.89578,5369.37
1717473600000,0.89577,0.8972,0.8937,0.89373,15188.01
1717488000000,0.89372,0.89593,0.89255,0.89341,23697.16
1717502400000,0.8934,0.89372,0.88944,0.89035,29945.4
1717516800000,0.89034,0.89034,0.88841,0.88981,9737.86
1717531200000,0.88981,0.89036,0.88968,0.89,3651.78
1717545600000,0.89,0.89096,0.89,0.89093,5000.07
1717560000000,0.89092,0.89312,0.89077,0.89286,11244.11
1717574400000,0.89286,0.89293,0.89206,0.89241,9976.25
1717588800000,0.89242,0.89486,0.89124,0.89401,29563.39
1717603200000,0.89402,0.89454,0.89299,0.89321,6698.06
1717617600000,0.89326,0.89356,0.89252,0.89263,5436.57
1717632000000,0.89262,0.89262,0.89032,0.89061,6975.79
1717646400000,0.8906,0.89245,0.89044,0.89214,8099.38
1717660800000,0.89213,0.89304,0.89083,0.89142,8862.49
1717675200000,0.89141,0.89293,0.89022,0.89171,26486.06
1717689600000,0.89172,0.89192,0.88956,0.88989,6633.09
1717704000000,0.8899,0.88994,0.88896,0.88968,7202
1717718400000,0.88972,0.8906,0.88972,0.89027,4098.58
1717732800000,0.89027,0.89028,0.88808,0.88957,8778.06
1717747200000,0.88959,0.89004,0.88882,0.88959,10547.02
1717761600000,0.8896,0.89726,0.88871,0.89598,39374.22
1717776000000,0.89599,0.89672,0.89541,0.89666,8467.82
1717790400000,0.89666,0.89678,0.89564,0.89593,1726.18
1717963200000,0.89647,0.89764,0.89604,0.89604,4887.29
1717977600000,0.89605,0.89789,0.89575,0.89755,5142.3
1717992000000,0.89755,0.89827,0.89682,0.89722,11624.18
1718006400000,0.89718,0.89718,0.89585,0.89601,10941.06
1718020800000,0.89599,0.89748,0.89543,0.89675,14127.46
1718035200000,0.89674,0.89697,0.89614,0.89663,6601.11
1718049600000,0.89664,0.89667,0.89452,0.89654,5437.63
1718064000000,0.89655,0.89707,0.89652,0.89662,3846.24
1718078400000,0.89663,0.89728,0.8959,0.89707,6661.98
1718092800000,0.89707,0.89742,0.89605,0.89679,14889.88
1718107200000,0.89677,0.8993,0.89653,0.89875,19782.01
1718121600000,0.89875,0.89879,0.89678,0.89759,7087.96
1718136000000,0.89758,0.89797,0.89709,0.89778,4566.34
1718150400000,0.89778,0.8983,0.89744,0.89771,5241.72
1718164800000,0.89772,0.89789,0.89689,0.8969,6229.85
1718179200000,0.8969,0.89705,0.89534,0.89557,10305.3
1718193600000,0.89558,0.89564,0.88927,0.89174,42059.47
1718208000000,0.89177,0.89493,0.89067,0.89435,36368.34
1718222400000,0.89437,0.89464,0.89328,0.89416,5101.54
1718236800000,0.89415,0.89512,0.8936,0.89496,6772.78
1718251200000,0.89494,0.89604,0.89487,0.89509,8095.92
1718265600000,0.89507,0.8967,0.89482,0.89627,10730.91
1718280000000,0.89629,0.89653,0.8932,0.89343,35637.54
1718294400000,0.89345,0.89478,0.89313,0.89369,13017.67
1718308800000,0.89368,0.89407,0.89334,0.89398,4823.97
1718323200000,0.89399,0.89434,0.89319,0.89417,8481.63
1718337600000,0.89417,0.89475,0.89352,0.89376,16292.52
1718352000000,0.89377,0.89441,0.89115,0.89203,26947.23
1718366400000,0.89203,0.89297,0.88969,0.89065,36037.37
1718380800000,0.89066,0.89131,0.88944,0.89011,10637.25
1718395200000,0.8901,0.89028,0.88962,0.88962,2238.75
1718568000000,0.89051,0.89092,0.88941,0.89076,3484.7
1718582400000,0.89078,0.89089,0.89029,0.89046,5668.82
1718596800000,0.89046,0.89184,0.89024,0.89166,14293.94
1718611200000,0.89167,0.8925,0.89106,0.8924,17057.52
1718625600000,0.8924,0.8932,0.89124,0.89138,17393.42
1718640000000,0.89136,0.89148,0.88971,0.88977,7327.28
1718654400000,0.88976,0.88984,0.88828,0.88839,4566.23
1718668800000,0.88839,0.88961,0.88798,0.88945,8919.07
1718683200000,0.88946,0.88997,0.88865,0.88893,13255.91
1718697600000,0.88894,0.88923,0.88704,0.88784,14775.3
1718712000000,0.88781,0.88787,0.88265,0.88415,31675.84
1718726400000,0.88415,0.88465,0.88349,0.88403,9570.88
1718740800000,0.88402,0.88447,0.88363,0.88417,8277.07
1718755200000,0.88417,0.88433,0.8838,0.88428,4688.87
1718769600000,0.88429,0.88477,0.88338,0.88384,9698.16
1718784000000,0.88384,0.88542,0.88335,0.8841,15381.9
1718798400000,0.88408,0.8844,0.88359,0.88379,8540.01
1718812800000,0.88379,0.88475,0.88379,0.88424,1173.76
1718827200000,0.88426,0.88452,0.88344,0.8843,4616.78
1718841600000,0.88431,0.88435,0.88344,0.88384,5459.93
1718856000000,0.88383,0.88972,0.88318,0.88956,16841
1718870400000,0.88957,0.89111,0.88898,0.89082,21503.5
1718884800000,0.89083,0.89258,0.8901,0.89129,26748.16
1718899200000,0.89129,0.89146,0.8903,0.89117,7318.97
1718913600000,0.89118,0.89185,0.89056,0.89149,6768.07
1718928000000,0.89148,0.89201,0.89124,0.8913,6198.95
1718942400000,0.89129,0.89254,0.89048,0.89068,13232.75
1718956800000,0.89066,0.89275,0.89057,0.89215,15168.09
1718971200000,0.89214,0.89441,0.89167,0.89381,24133.92
1718985600000,0.89384,0.89442,0.8936,0.89424,5340.57
1719000000000,0.89424,0.89432,0.89391,0.89391,1651.05
1719172800000,0.8924,0.8944,0.8924,0.89437,3504.4
1719187200000,0.89436,0.8945,0.89319,0.89339,4943.75
1719201600000,0.89337,0.89415,0.8931,0.89367,7615.43
1719216000000,0.89367,0.89413,0.89214,0.89284,15023.6
1719230400000,0.89286,0.8941,0.89219,0.89389,16532.73
1719244800000,0.89391,0.89415,0.8927,0.89301,5795.02
1719259200000,0.89303,0.89329,0.89248,0.89322,4825.61
1719273600000,0.8932,0.8932,0.89167,0.89191,8006.45
1719288000000,0.89189,0.89364,0.89127,0.89334,8836.36
1719302400000,0.89336,0.89394,0.89269,0.89359,10402.86
1719316800000,0.89359,0.89478,0.89313,0.89442,16671.82
1719331200000,0.89441,0.89524,0.89421,0.89445,4555.79
1719345600000,0.89446,0.89531,0.89424,0.89529,4862.28
1719360000000,0.89531,0.89567,0.89462,0.89501,7120.97
1719374400000,0.895,0.89647,0.89486,0.89607,6637.19
1719388800000,0.89608,0.89828,0.89586,0.89684,11909.75
1719403200000,0.89683,0.89768,0.89529,0.89739,25328.98
1719417600000,0.89739,0.89774,0.89683,0.89726,7317.03
1719432000000,0.89726,0.89744,0.8968,0.89705,5542.49
1719446400000,0.89704,0.89747,0.89663,0.89694,4998.27
1719460800000,0.89693,0.89774,0.89647,0.89738,7542.12
1719475200000,0.89739,0.89798,0.89673,0.89787,9615.6
1719489600000,0.89786,0.89814,0.8957,0.89801,22185.4
1719504000000,0.89801,0.89877,0.89784,0.89872,6300.35
1719518400000,0.89873,0.89884,0.89759,0.89853,4211.09
1719532800000,0.89855,0.89998,0.89852,0.89928,6351.34
1719547200000,0.89927,0.90007,0.89855,0.89955,7543.91
1719561600000,0.89955,0.90016,0.89848,0.90005,11957.25
1719576000000,0.90002,0.90095,0.89793,0.89915,36055.72
1719590400000,0.89916,0.89924,0.89791,0.89827,7214.48
1719604800000,0.89828,0.89882,0.89828,0.89854,4647.39
1719777600000,0.89763,0.90038,0.89704,0.90033,6528.87
1719792000000,0.90033,0.90045,0.89885,0.89969,9351.05
1719806400000,0.89968,0.90034,0.89839,0.90024,12860.69
1719820800000,0.90026,0.90166,0.89938,0.90114,11866.06
1719835200000,0.90116,0.90442,0.89988,0.90388,26084.11
1719849600000,0.90388,0.904,0.90299,0.903,9530.26
1719864000000,0.90299,0.90325,0.90231,0.90324,6577.75
1719878400000,0.90323,0.90394,0.90303,0.90384,5806.12
1719892800000,0.90381,0.90468,0.90353,0.90355,8137.66
1719907200000,0.90352,0.90451,0.90347,0.90374,8469.31
1719921600000,0.90373,0.90494,0.90314,0.90463,27452.27
1719936000000,0.90463,0.90483,0.90363,0.90384,5234.06
1719950400000,0.90384,0.90396,0.90338,0.90372,2759.91
1719964800000,0.90372,0.90433,0.90353,0.90412,4566.95
1719979200000,0.90413,0.90501,0.90365,0.90379,6597.62
1719993600000,0.9038,0.90405,0.90255,0.90324,11048.39
1720008000000,0.90324,0.90335,0.89853,0.90071,32465.54
1720022400000,0.9007,0.90185,0.90037,0.9014,9436.78
1720036800000,0.90138,0.90168,0.90035,0.9008,6431.31
1720051200000,0.90082,0.90117,0.90029,0.90099,3914.5
1720065600000,0.901,0.90392,0.89998,0.90146,13783.31
1720080000000,0.90145,0.90169,0.89955,0.89967,9711.67
1720094400000,0.89967,0.90051,0.89912,0.89989,9657.28
1720108800000,0.8999,0.90013,0.89963,0.89993,2549.43
1720123200000,0.89994,0.90029,0.89961,0.90024,2169.33
1720137600000,0.90024,0.90032,0.89822,0.89845,10693.95
1720152000000,0.89846,0.89899,0.898,0.89801,8383
1720166400000,0.89801,0.89916,0.89786,0.89911,8100.53
1720180800000,0.89911,0.90056,0.89696,0.89755,42981.93
1720195200000,0.89754,0.89782,0.89535,0.89569,15513.25
1720209600000,0.89568,0.89588,0.89556,0.89557,1631.04
1720382400000,0.89525,0.89575,0.89426,0.89524,4328.48
1720396800000,0.89525,0.89568,0.89487,0.89529,10178.35
1720411200000,0.89529,0.89559,0.89445,0.89473,13412.99
1720425600000,0.89474,0.89669,0.89473,0.89616,15578.39
1720440000000,0.89615,0.89726,0.89558,0.89707,18230.13
1720454400000,0.89708,0.89741,0.89675,0.89738,6476.79
1720468800000,0.89738,0.89781,0.89682,0.89778,4367.31
1720483200000,0.89778,0.89903,0.89752,0.89836,4443.16
1720497600000,0.89835,0.89869,0.89787,0.89847,7392.22
1720512000000,0.89849,0.89874,0.89736,0.8981,10652.07
1720526400000,0.89809,0.89861,0.89684,0.89779,25651.38
1720540800000,0.89779,0.89797,0.89726,0.89778,10960.41
1720555200000,0.89778,0.89784,0.89734,0.89758,5696.83
1720569600000,0.89757,0.89815,0.89718,0.89731,8443.45
1720584000000,0.89731,0.89749,0.89638,0.89717,8013.65
1720598400000,0.89713,0.89822,0.89689,0.89806,8776.71
1720612800000,0.89809,0.89972,0.89786,0.8992,19435.33
1720627200000,0.89921,0.90005,0.89898,0.89957,10105.74
1720641600000,0.89958,0.89966,0.89897,0.89917,3694.27
1720656000000,0.89916,0.89921,0.89855,0.89909,6630.46
1720670400000,0.8991,0.89978,0.89869,0.89897,8642.41
1720684800000,0.89895,0.89904,0.8978,0.89795,9480.58
1720699200000,0.89796,0.89868,0.89147,0.89386,77540.67
1720713600000,0.89385,0.89645,0.89379,0.8963,14495.17
1720728000000,0.89632,0.897,0.89505,0.89607,11173.23
1720742400000,0.89609,0.89695,0.89549,0.89662,10623.27
1720756800000,0.89662,0.89663,0.8955,0.89573,10004.82
1720771200000,0.89571,0.89637,0.89541,0.89545,9928.55
1720785600000,0.89545,0.89639,0.89321,0.89418,46177.1
1720800000000,0.89418,0.89496,0.89402,0.89413,9593.4
1720814400000,0.89414,0.89457,0.89404,0.89422,1443.87
1720987200000,0.89421,0.89709,0.89364,0.89694,4439.07
1721001600000,0.89694,0.89719,0.8956,0.8957,6383.06
1721016000000,0.89569,0.896,0.8945,0.89484,8771.86
1721030400000,0.89483,0.89492,0.89338,0.89445,12881.1
1721044800000,0.89445,0.89545,0.89349,0.89487,20656.56
1721059200000,0.89488,0.89595,0.8935,0.8957,11642.36
1721073600000,0.89569,0.89584,0.89493,0.89548,3882.64
1721088000000,0.89548,0.89598,0.89545,0.8957,3728.63
1721102400000,0.89571,0.89576,0.8945,0.89503,9144.93
1721116800000,0.89502,0.89607,0.89479,0.89511,11436.11
1721131200000,0.89511,0.89787,0.89501,0.89531,23509.44
1721145600000,0.89532,0.8956,0.89348,0.89355,6654.91
1721160000000,0.89355,0.89404,0.89328,0.89346,4660.86
1721174400000,0.89346,0.89447,0.89334,0.89383,3326.06
1721188800000,0.89382,0.89409,0.89154,0.89165,12184.26
1721203200000,0.89164,0.89169,0.88605,0.88657,29542.61
1721217600000,0.88659,0.88682,0.88357,0.88458,32463.16
1721232000000,0.88459,0.885,0.8827,0.88345,13401.5
1721246400000,0.88345,0.8836,0.88196,0.88227,7519.64
1721260800000,0.88227,0.88466,0.88225,0.88461,10520.94
1721275200000,0.88462,0.88473,0.88261,0.88377,14492.6
1721289600000,0.88377,0.88452,0.88319,0.88417,14325.98
1721304000000,0.88417,0.88581,0.88313,0.88573,29401.81
1721318400000,0.88574,0.88758,0.88561,0.88723,13352.59
1721332800000,0.88726,0.88785,0.88667,0.88745,6360.3
1721347200000,0.88746,0.88894,0.88741,0.88888,5948.83
1721361600000,0.88889,0.8896,0.88741,0.88851,10982.71
1721376000000,0.88852,0.88981,0.88762,0.8891,12085.8
1721390400000,0.88909,0.88995,0.88813,0.88833,18221.03
1721404800000,0.88834,0.88946,0.88813,0.88898,8294.63
1721419200000,0.88896,0.88904,0.88861,0.88885,1370.46
1721592000000,0.88759,0.88914,0.88742,0.88802,4084.49
1721606400000,0.88802,0.88891,0.88798,0.88835,4321.34
1721620800000,0.88835,0.88898,0.88707,0.8879,11174.33
1721635200000,0.8879,0.88823,0.88731,0.88815,10300.97
1721649600000,0.88816,0.89019,0.88809,0.89001,17213.32
1721664000000,0.89003,0.89017,0.88924,0.88947,7350.11
1721678400000,0.88949,0.88982,0.8878,0.88963,7155.74
1721692800000,0.88963,0.88974,0.88888,0.88901,5853.59
1721707200000,0.889,0.89047,0.88881,0.88961,10106.43
1721721600000,0.88962,0.89158,0.88948,0.89155,14927.33
1721736000000,0.89157,0.89238,0.89073,0.89152,18002.7
1721750400000,0.89152,0.89216,0.89102,0.89152,7334.88
1721764800000,0.89152,0.89161,0.89059,0.89148,5601.68
1721779200000,0.89149,0.8921,0.89133,0.89168,7635.69
1721793600000,0.89167,0.89173,0.88973,0.89031,16221.49
1721808000000,0.89031,0.89057,0.88604,0.88644,16768.26
1721822400000,0.88643,0.88654,0.88283,0.88381,37368.2
1721836800000,0.8838,0.88604,0.8837,0.88553,10314.11
1721851200000,0.88555,0.88561,0.88449,0.88513,6957.58
1721865600000,0.88513,0.88538,0.88276,0.88279,18296.78
1721880000000,0.8828,0.88334,0.87955,0.88041,20053.39
1721894400000,0.88041,0.88127,0.87765,0.87804,24723.2
1721908800000,0.87802,0.88205,0.87792,0.8802,41949.13
1721923200000,0.88018,0.8811,0.8796,0.88091,16807.32
1721937600000,0.88088,0.88167,0.88025,0.88069,8576.43
1721952000000,0.88068,0.88136,0.88021,0.88077,10973.57
1721966400000,0.88076,0.88259,0.88067,0.88253,11694.75
1721980800000,0.88252,0.88417,0.88248,0.88335,14508.58
1721995200000,0.88335,0.88443,0.88193,0.88257,28663.73
1722009600000,0.88258,0.88374,0.88241,0.88337,9780.53
1722024000000,0.88338,0.88385,0.88316,0.88339,1838.06
1722196800000,0.8828,0.88448,0.88223,0.88446,3982.8
1722211200000,0.88447,0.88461,0.88198,0.8827,8835.98
1722225600000,0.8827,0.88491,0.88257,0.88445,10680.13
1722240000000,0.88445,0.88552,0.88412,0.885,11646.02
1722254400000,0.885,0.88711,0.88471,0.88603,15794.25
1722268800000,0.88602,0.8866,0.8857,0.88616,6111.16
1722283200000,0.88614,0.88627,0.88549,0.88613,4197.39
1722297600000,0.88613,0.88687,0.88606,0.88627,5334.29
1722312000000,0.88627,0.88752,0.88566,0.88638,9699.53
1722326400000,0.88638,0.88667,0.88532,0.88618,10186.58
1722340800000,0.88619,0.88669,0.88464,0.88523,22935.48
1722355200000,0.88521,0.88543,0.88252,0.8839,13628.53
1722369600000,0.8839,0.88391,0.88175,0.88188,13900.15
1722384000000,0.88187,0.88291,0.88063,0.88225,17113.48
1722398400000,0.88225,0.88301,0.8804,0.88109,25791.5
1722412800000,0.8811,0.88214,0.87967,0.8803,22463.13
1722427200000,0.88028,0.88078,0.87701,0.8797,36722.38
1722441600000,0.87974,0.88183,0.8772,0.87766,24719.13
1722456000000,0.87767,0.87842,0.87731,0.8782,7926.33
1722470400000,0.8782,0.87824,0.87591,0.87707,15213.51
1722484800000,0.87707,0.87747,0.87576,0.87679,19450.61
1722499200000,0.87678,0.87767,0.87537,0.87711,20563.77
1722513600000,0.87709,0.87755,0.87288,0.87442,38053.4
1722528000000,0.87443,0.87461,0.87257,0.87359,16490.16
1722542400000,0.87359,0.87362,0.87239,0.87292,8145.71
1722556800000,0.8729,0.87334,0.87186,0.87237,10144.25
1722571200000,0.87236,0.87278,0.87065,0.8718,20006.67
1722585600000,0.8718,0.87251,0.86964,0.87061,18613.23
1722600000000,0.87061,0.87119,0.85768,0.86049,79244.18
1722614400000,0.86047,0.86188,0.85861,0.85906,26102.26
1722628800000,0.85904,0.85926,0.85735,0.85779,2258.96
1722801600000,0.85903,0.85943,0.85565,0.85637,13164.41
1722816000000,0.85635,0.85724,0.85169,0.85207,41881.74
1722830400000,0.85206,0.8534,0.84474,0.8524,78136.38
1722844800000,0.85236,0.85258,0.848,0.848,38673.32
1722859200000,0.84796,0.85296,0.84319,0.85281,78044.69
1722873600000,0.85282,0.85529,0.84976,0.85024,40885.86
1722888000000,0.85024,0.85507,0.85012,0.8548,16370.15
1722902400000,0.85481,0.85644,0.85366,0.85572,27050.16
1722916800000,0.85572,0.85714,0.85325,0.85589,33408.98
1722931200000,0.85592,0.85642,0.85349,0.8539,31205.02
1722945600000,0.85389,0.85461,0.85006,0.85325,53847.55
1722960000000,0.85326,0.85419,0.85209,0.85219,19271.83
1722974400000,0.85218,0.85279,0.84993,0.85269,10844.38
1722988800000,0.8527,0.85808,0.85242,0.85786,25955.26
1723003200000,0.85787,0.85933,0.85463,0.85578,29574.67
1723017600000,0.85577,0.86403,0.85576,0.86202,23532.48
1723032000000,0.86199,0.86618,0.86037,0.86523,39744.04
1723046400000,0.86523,0.86541,0.86078,0.86162,28515.79
1723060800000,0.8616,0.8629,0.85805,0.86,16535.02
1723075200000,0.86001,0.86095,0.85724,0.85986,28529.71
1723089600000,0.85988,0.86033,0.85792,0.85884,25407.89
1723104000000,0.85885,0.85918,0.85647,0.85736,23342.57
1723118400000,0.85735,0.86738,0.85595,0.86562,58683.5
1723132800000,0.86561,0.86703,0.8653,0.86556,15104.58
1723147200000,0.86557,0.86701,0.86547,0.86696,18947.06
1723161600000,0.86696,0.86696,0.86542,0.86619,13710.03
1723176000000,0.8662,0.86716,0.86476,0.86581,15431.67
1723190400000,0.8658,0.86595,0.86375,0.86441,16077.15
1723204800000,0.86442,0.86506,0.8632,0.86386,32537.88
1723219200000,0.86387,0.86522,0.86373,0.86452,9036.07
1723233600000,0.86454,0.86536,0.86442,0.86492,2582.26
1723406400000,0.86344,0.86609,0.8625,0.86499,6382.01
1723420800000,0.86499,0.86631,0.86457,0.86629,8070.01
1723435200000,0.86628,0.86864,0.86604,0.86797,14505.8
1723449600000,0.86796,0.86959,0.86776,0.86873,14645.71
1723464000000,0.86874,0.87116,0.86597,0.86731,31690.41
1723478400000,0.86731,0.86746,0.86444,0.86482,14586.88
1723492800000,0.86485,0.86577,0.86463,0.8648,9731.26
1723507200000,0.86481,0.86673,0.86481,0.86581,6516.96
1723521600000,0.86581,0.8679,0.86581,0.867,14354.82
1723536000000,0.86699,0.86791,0.86623,0.86656,16608.66
1723550400000,0.86655,0.86797,0.86416,0.86538,36260.4
1723564800000,0.86537,0.86556,0.86366,0.86448,15575.74
1723579200000,0.86446,0.86533,0.8641,0.86508,12638.79
1723593600000,0.86505,0.86584,0.86372,0.86501,12980.97
1723608000000,0.86501,0.86547,0.86311,0.86354,13437.63
1723622400000,0.86354,0.86405,0.86202,0.863,18563.95
1723636800000,0.863,0.86607,0.86162,0.86383,49522.56
1723651200000,0.86383,0.86555,0.86354,0.86533,8353.8
1723665600000,0.8653,0.86547,0.86424,0.86501,5350.63
1723680000000,0.86503,0.86634,0.86481,0.86589,6711.17
1723694400000,0.8659,0.8659,0.86467,0.86559,9249.15
1723708800000,0.86563,0.86695,0.86562,0.86627,11247.59
1723723200000,0.86628,0.87482,0.86616,0.87126,51899.31
1723737600000,0.87122,0.87295,0.87089,0.87222,8432.85
1723752000000,0.8722,0.87282,0.87204,0.87257,8050.15
1723766400000,0.87255,0.87263,0.87096,0.87145,6818.28
1723780800000,0.87146,0.87149,0.86942,0.86967,9499.76
1723795200000,0.86969,0.86978,0.86702,0.86734,17616.72
1723809600000,0.86733,0.86965,0.86642,0.86847,31144.3
1723824000000,0.86847,0.86873,0.8666,0.86674,6907.58
1723838400000,0.86674,0.86683,0.8654,0.8658,2694.85
1724011200000,0.86518,0.86763,0.86496,0.86757,5522.79
1724025600000,0.86758,0.86772,0.86431,0.86444,12578.28
1724040000000,0.86443,0.86475,0.86154,0.8638,22392.9
1724054400000,0.86377,0.86562,0.86294,0.864,17379.95
1724068800000,0.86399,0.86633,0.86263,0.86291,25980.26
1724083200000,0.86293,0.86341,0.86224,0.86261,6692.99
1724097600000,0.86261,0.86304,0.86231,0.86254,6319.77
1724112000000,0.86255,0.86259,0.86044,0.86209,13569.37
1724126400000,0.86206,0.86248,0.85914,0.85921,14035.95
1724140800000,0.85917,0.86031,0.85883,0.85953,17607.15
1724155200000,0.85953,0.86044,0.85653,0.85766,31769.99
1724169600000,0.85765,0.8577,0.85454,0.85489,7098.35
1724184000000,0.85488,0.85491,0.85206,0.85361,7411.74
1724198400000,0.85362,0.85434,0.85209,0.85416,17354.66
1724212800000,0.85416,0.85612,0.8534,0.85575,15621.23
1724227200000,0.85572,0.85592,0.8546,0.85508,13439.03
1724241600000,0.85507,0.85567,0.85104,0.85154,44980.4
1724256000000,0.85159,0.85176,0.84947,0.85144,13014.78
1724270400000,0.85144,0.85225,0.85005,0.8511,6172.61
1724284800000,0.85112,0.85248,0.85045,0.85126,8552.96
1724299200000,0.85126,0.85173,0.8494,0.85018,15595.31
1724313600000,0.85018,0.85258,0.8489,0.85193,18620.34
1724328000000,0.85192,0.85336,0.85057,0.85177,35194.2
1724342400000,0.85177,0.85266,0.85143,0.85237,9838.34
1724356800000,0.85235,0.85254,0.85087,0.85177,6241.28
1724371200000,0.85176,0.85203,0.85038,0.8515,10601.04
1724385600000,0.8515,0.85232,0.85043,0.85099,11953.84
1724400000000,0.85099,0.85268,0.85078,0.85198,12803.14
1724414400000,0.85198,0.85413,0.84703,0.84912,54418.63
1724428800000,0.84912,0.85012,0.84706,0.84771,14276.82
1724443200000,0.84771,0.84797,0.84742,0.84763,2169.07
1724616000000,0.84726,0.84814,0.84679,0.84715,7256.44
1724630400000,0.84716,0.84757,0.84556,0.84724,15273.61
1724644800000,0.84725,0.84788,0.84623,0.84668,12607.65
1724659200000,0.84668,0.84749,0.84557,0.84734,11662.48
1724673600000,0.84735,0.84854,0.84627,0.84786,22540.72
1724688000000,0.84787,0.84802,0.8467,0.84754,8616.27
1724702400000,0.84751,0.84765,0.84632,0.84709,4431.04
1724716800000,0.84707,0.84788,0.8467,0.84739,6740.05
1724731200000,0.84739,0.8484,0.84673,0.84751,11933.53
1724745600000,0.84751,0.84779,0.84553,0.846,15481.36
1724760000000,0.84599,0.84617,0.84213,0.84391,31174.78
1724774400000,0.84389,0.84391,0.84088,0.84153,13668.3
1724788800000,0.84153,0.84192,0.84089,0.84166,8457.81
1724803200000,0.84166,0.84356,0.84151,0.84323,11041.65
1724817600000,0.84325,0.84461,0.84277,0.84321,16084.15
1724832000000,0.84321,0.84396,0.84211,0.84386,17163.34
1724846400000,0.84385,0.84517,0.84111,0.84197,28622.95
1724860800000,0.84197,0.84323,0.84187,0.84231,10476.53
1724875200000,0.84231,0.84261,0.84083,0.84182,8561.18
1724889600000,0.84183,0.84225,0.84052,0.84055,10137.33
1724904000000,0.84055,0.84234,0.83999,0.84191,14497.34
1724918400000,0.84191,0.84601,0.8419,0.84388,26880.42
1724932800000,0.84389,0.84933,0.84389,0.84665,38960.43
1724947200000,0.84665,0.84704,0.84594,0.84695,10334.31
1724961600000,0.84697,0.84744,0.84579,0.84693,8151.46
1724976000000,0.84692,0.84781,0.84666,0.84767,7677.94
1724990400000,0.84768,0.84858,0.84721,0.84751,11294.75
1725004800000,0.8475,0.84962,0.84705,0.8496,14266.03
1725019200000,0.84956,0.85099,0.84747,0.84934,39687.28
1725033600000,0.84932,0.85103,0.84924,0.85012,9213.04
1725048000000,0.85014,0.85021,0.84911,0.84952,2053.34
1725220800000,0.84828,0.85096,0.84775,0.85069,3344.49
1725235200000,0.85067,0.85094,0.8492,0.84975,6832.12
1725249600000,0.84975,0.85046,0.84847,0.84922,9798.59
1725264000000,0.84923,0.85153,0.84883,0.85121,10400.88
1725278400000,0.85123,0.85371,0.85067,0.85155,12761.58
1725292800000,0.85157,0.85183,0.85124,0.85145,952.96
1725307200000,0.85149,0.85183,0.85081,0.85139,3177.26
1725321600000,0.8514,0.85291,0.85135,0.85244,10128.44
1725336000000,0.85245,0.85373,0.85106,0.85326,17713.96
1725350400000,0.85327,0.85338,0.85147,0.85217,15992.05
1725364800000,0.85216,0.85273,0.84776,0.85027,47746.41
1725379200000,0.85028,0.85109,0.84988,0.85036,8315.87
1725393600000,0.85036,0.85087,0.84953,0.84987,9066.3
1725408000000,0.84988,0.85003,0.84825,0.84867,16082.02
1725422400000,0.84864,0.84922,0.84715,0.84769,20717.91
1725436800000,0.8477,0.85042,0.84763,0.84991,18281.34
1725451200000,0.8499,0.85184,0.84712,0.8482,40266.57
1725465600000,0.84819,0.8485,0.84646,0.84679,11644.88
1725480000000,0.84676,0.84704,0.84552,0.84605,7256.2
1725494400000,0.84605,0.84716,0.84587,0.84675,9529.6
1725508800000,0.84678,0.84732,0.84548,0.8465,15089.06
1725523200000,0.84649,0.84688,0.84572,0.84623,14658.83
1725537600000,0.84622,0.84906,0.84334,0.84529,50228.67
1725552000000,0.84529,0.84569,0.84404,0.84465,12112.13
1725566400000,0.84462,0.8447,0.84355,0.84379,4963.77
1725580800000,0.84381,0.84389,0.84288,0.84292,9127.72
1725595200000,0.8429,0.84293,0.84039,0.84207,17041.41
1725609600000,0.84206,0.84331,0.84054,0.843,15621.9
1725624000000,0.843,0.84754,0.83736,0.84282,88310.87
1725638400000,0.84282,0.84445,0.84245,0.84305,21218.59
1725652800000,0.84306,0.84348,0.84248,0.84248,3100.22
1725825600000,0.84326,0.84415,0.842,0.84404,6282.04
1725840000000,0.84402,0.84573,0.84356,0.84536,13421.53
1725854400000,0.84537,0.84751,0.84533,0.84633,18312.9
1725868800000,0.84632,0.84936,0.84599,0.84914,16075.87
1725883200000,0.84914,0.84942,0.84691,0.848,27424.67
1725897600000,0.848,0.84904,0.84769,0.84903,10904.24
1725912000000,0.84904,0.84953,0.84758,0.84947,5408.16
1725926400000,0.84945,0.84985,0.84875,0.84897,8812.37
1725940800000,0.84896,0.84908,0.84785,0.84866,11945.68
1725955200000,0.84867,0.84889,0.84716,0.84762,15978.04
1725969600000,0.8476,0.84824,0.84583,0.84592,33279.71
1725984000000,0.84592,0.84715,0.84559,0.84662,14918.26
1725998400000,0.84662,0.84711,0.8465,0.84663,5656.77
1726012800000,0.84664,0.84694,0.84406,0.84434,16003.98
1726027200000,0.84431,0.84581,0.84216,0.84563,21418.57
1726041600000,0.84564,0.84663,0.84487,0.84637,16168.76
1726056000000,0.84637,0.85154,0.84625,0.85051,63729.57
1726070400000,0.85051,0.85257,0.85001,0.85227,17633.4
1726084800000,0.85226,0.85292,0.85127,0.85268,7690.97
1726099200000,0.85269,0.85328,0.85176,0.85294,10218.71
1726113600000,0.85296,0.85447,0.85187,0.85447,14062.06
1726128000000,0.85446,0.85493,0.85292,0.85405,16564.82
1726142400000,0.85406,0.85482,0.8518,0.85271,46471.79
1726156800000,0.8527,0.85385,0.85067,0.85118,21379.71
1726171200000,0.85118,0.8514,0.84972,0.84983,9484.85
1726185600000,0.84983,0.84997,0.84854,0.84919,16915.12
1726200000000,0.84918,0.85005,0.84775,0.84824,17371.98
1726214400000,0.84824,0.84895,0.84653,0.84716,22086.82
1726228800000,0.84716,0.84819,0.84434,0.84791,39142.1
1726243200000,0.84791,0.84848,0.84752,0.84835,12298.41
1726257600000,0.84834,0.8494,0.84786,0.84796,7762.55
1726430400000,0.84625,0.84857,0.84618,0.84808,4180.88
1726444800000,0.84807,0.84809,0.84572,0.84576,7106.73
1726459200000,0.84575,0.84653,0.84418,0.84496,18560.79
1726473600000,0.84497,0.84545,0.84355,0.84439,21463.54
1726488000000,0.84438,0.84582,0.84342,0.84527,34126.99
1726502400000,0.84527,0.84592,0.84452,0.84507,11538.7
1726516800000,0.84506,0.84542,0.84431,0.84462,5843.18
1726531200000,0.8446,0.84485,0.84368,0.84432,9845.02
1726545600000,0.84435,0.84466,0.84294,0.84318,14748.16
1726560000000,0.84318,0.845,0.84305,0.84432,16405.53
1726574400000,0.8443,0.84768,0.84398,0.84692,48697.15
1726588800000,0.84693,0.8475,0.84568,0.84677,18713.52
1726603200000,0.84677,0.8474,0.84602,0.84636,5977.17
1726617600000,0.84633,0.84634,0.84496,0.84528,10121.75
1726632000000,0.84528,0.84571,0.84399,0.84438,15612.65
1726646400000,0.84438,0.84472,0.84231,0.84369,14396.38
1726660800000,0.84368,0.84632,0.8434,0.84591,27479.96
1726675200000,0.8459,0.84796,0.83903,0.84679,73054.69
1726689600000,0.84677,0.84747,0.84543,0.8473,17507.47
1726704000000,0.84731,0.85144,0.8472,0.84852,25391.09
1726718400000,0.84854,0.84909,0.84488,0.846,26642.63
1726732800000,0.846,0.84801,0.8451,0.8474,31026.89
1726747200000,0.8474,0.85059,0.84731,0.84784,54791.51
1726761600000,0.84784,0.84839,0.84622,0.84742,19071.14
1726776000000,0.84741,0.84798,0.84686,0.84781,7383.45
1726790400000,0.8478,0.84791,0.84609,0.84617,18249.15
1726804800000,0.84616,0.84805,0.84512,0.8479,28129.34
1726819200000,0.8479,0.84997,0.84706,0.84984,24154.93
1726833600000,0.84985,0.85166,0.8473,0.8496,40534.33
1726848000000,0.84961,0.8514,0.84834,0.8505,20710.86
1726862400000,0.85049,0.85078,0.84972,0.84972,5254.14
1727035200000,0.84877,0.85103,0.84877,0.85103,2889.89
1727049600000,0.85106,0.85149,0.85072,0.85083,7156.86
1727064000000,0.85088,0.85163,0.8499,0.85149,17913.55
1727078400000,0.8515,0.85177,0.84852,0.84971,20697.25
1727092800000,0.84971,0.8508,0.8473,0.84744,38798.02
1727107200000,0.84744,0.84783,0.84561,0.84685,12656.57
1727121600000,0.84687,0.84789,0.84662,0.8473,5766.89
1727136000000,0.84728,0.84747,0.84645,0.84703,11412.54
1727150400000,0.84704,0.84898,0.84685,0.84789,22468.42
1727164800000,0.84791,0.84869,0.84734,0.8481,21458.76
1727179200000,0.8481,0.84855,0.84496,0.84593,44897.51
1727193600000,0.84593,0.84606,0.84305,0.84316,17059.69
1727208000000,0.84316,0.84356,0.84151,0.84152,6867.49
1727222400000,0.84154,0.84269,0.84147,0.84192,11579.21
1727236800000,0.84192,0.84467,0.84151,0.84451,17153.19
1727251200000,0.84454,0.8497,0.84447,0.84845,22609.12
1727265600000,0.84845,0.84963,0.84656,0.84946,36359.26
1727280000000,0.84946,0.85037,0.84902,0.85028,12819.89
1727294400000,0.85027,0.85073,0.84916,0.8507,9734.2
1727308800000,0.8507,0.8509,0.84966,0.85006,11547.6
1727323200000,0.85006,0.85157,0.84576,0.84833,29071.59
1727337600000,0.84834,0.85034,0.84682,0.84724,30985.65
1727352000000,0.84722,0.85059,0.84599,0.84633,57309.07
1727366400000,0.84633,0.84742,0.84525,0.84558,15863.91
1727380800000,0.84561,0.84671,0.84552,0.84629,11045.35
1727395200000,0.84628,0.84797,0.8461,0.84707,11817.78
1727409600000,0.84708,0.84929,0.84431,0.84589,46640.07
1727424000000,0.84589,0.84641,0.84341,0.84429,28369.26
1727438400000,0.84428,0.84476,0.84064,0.84236,55305.59
1727452800000,0.84233,0.843,0.84028,0.84058,27951.3
1727467200000,0.84062,0.84082,0.84013,0.84016,8621.51
1727640000000,0.84037,0.84146,0.83998,0.84138,4953.17
1727654400000,0.84139,0.84222,0.84065,0.84196,12616.68
1727668800000,0.84195,0.84325,0.84058,0.84273,17446.85
1727683200000,0.84269,0.84475,0.84218,0.84264,25564.25
1727697600000,0.84261,0.84567,0.84257,0.84446,41775.44
1727712000000,0.84447,0.84736,0.8437,0.84627,25682.64
1727726400000,0.84626,0.84634,0.84395,0.84534,6535.28
1727740800000,0.84534,0.8466,0.84465,0.84634,11737.1
1727755200000,0.84635,0.84798,0.84538,0.84774,23000.06
1727769600000,0.84772,0.848,0.84539,0.84692,27409.33
1727784000000,0.84697,0.8482,0.8431,0.84587,66979.58
1727798400000,0.84587,0.84812,0.84543,0.84617,26199.49
1727812800000,0.84617,0.84658,0.84541,0.84619,13664.92
1727827200000,0.84618,0.84689,0.84543,0.84661,10421.3
1727841600000,0.84661,0.84663,0.84485,0.84566,20842.73
1727856000000,0.84566,0.84881,0.84493,0.8478,22239.9
1727870400000,0.84778,0.85075,0.84761,0.84954,38800.43
1727884800000,0.84954,0.84993,0.84903,0.84913,11542.74
1727899200000,0.84913,0.85003,0.84897,0.84991,8981.58
1727913600000,0.84989,0.85108,0.84977,0.84989,9889.25
1727928000000,0.8499,0.85375,0.84941,0.85198,29502.79
1727942400000,0.85201,0.85225,0.84921,0.84985,26590.58
1727956800000,0.84985,0.85425,0.84883,0.85398,59230.6
1727971200000,0.85397,0.85424,0.85191,0.85274,16927.79
1727985600000,0.85274,0.85293,0.85167,0.85181,6018.5
1728000000000,0.85182,0.85224,0.85146,0.85156,8170.77
1728014400000,0.85157,0.8523,0.84998,0.85198,16343.68
1728028800000,0.852,0.85276,0.85107,0.85148,16761.58
1728043200000,0.85148,0.86075,0.85133,0.85886,61995
1728057600000,0.85887,0.85983,0.85835,0.85843,13204.56
1728072000000,0.85844,0.85853,0.85742,0.85788,3286.16
1728244800000,0.85708,0.85975,0.85694,0.85874,4348.42
1728259200000,0.85872,0.85883,0.85728,0.85762,10791.7
1728273600000,0.85761,0.85903,0.85739,0.85754,16647.21
1728288000000,0.85755,0.85858,0.85493,0.85518,25124.16
1728302400000,0.85518,0.85652,0.85338,0.85545,39665.1
1728316800000,0.85548,0.85548,0.85363,0.85405,12576.75
1728331200000,0.85407,0.85463,0.85305,0.85452,7706.28
1728345600000,0.85454,0.85482,0.853,0.85383,15242.6
1728360000000,0.85381,0.85423,0.85301,0.85375,18713.92
1728374400000,0.85375,0.85684,0.85344,0.85656,20732.2
1728388800000,0.85655,0.85839,0.85605,0.85762,29587
1728403200000,0.8576,0.85821,0.85689,0.85777,10663
1728417600000,0.85778,0.85784,0.85619,0.85733,6457.84
1728432000000,0.85735,0.85805,0.85696,0.8578,9057.87
1728446400000,0.85778,0.85822,0.85673,0.85712,16015.74
1728460800000,0.85711,0.85807,0.85651,0.858,13379.65
1728475200000,0.85799,0.85984,0.8574,0.85951,24634.61
1728489600000,0.85951,0.86093,0.85951,0.86059,11876.55
1728504000000,0.86061,0.861,0.85847,0.8604,6458.54
1728518400000,0.86052,0.86063,0.86008,0.86042,6684.98
1728532800000,0.86044,0.86099,0.85904,0.85998,12933.02
1728547200000,0.85998,0.86125,0.85836,0.85935,15622.54
1728561600000,0.85935,0.86137,0.85573,0.85733,55944.79
1728576000000,0.85732,0.85857,0.85626,0.85648,19628.27
1728590400000,0.85647,0.85677,0.85573,0.8566,5421.51
1728604800000,0.85663,0.85744,0.85632,0.85682,5401.94
1728619200000,0.85682,0.85783,0.85642,0.85659,9740.33
1728633600000,0.85662,0.85819,0.85586,0.85744,12372.37
1728648000000,0.85744,0.85843,0.8563,0.85742,28627.57
1728662400000,0.85742,0.85742,0.85623,0.85718,5642.6
1728676800000,0.8572,0.85748,0.857,0.857,2024.54
1728849600000,0.85627,0.85832,0.85626,0.85823,2077.81
1728864000000,0.85823,0.85855,0.85795,0.85832,5054.1
1728878400000,0.85834,0.86022,0.85803,0.85936,7105.87
1728892800000,0.85939,0.86293,0.85921,0.8618,10485.5
1728907200000,0.86183,0.86414,0.86174,0.86363,17108.83
1728921600000,0.86362,0.86398,0.86248,0.86253,6606.85
1728936000000,0.86254,0.86285,0.86211,0.86234,4346.5
1728950400000,0.86238,0.86331,0.86151,0.86331,6548.15
1728964800000,0.8633,0.86366,0.86173,0.86231,12192.38
1728979200000,0.86232,0.86241,0.86065,0.86235,15344.13
1728993600000,0.86235,0.86246,0.86063,0.86215,25074.58
1729008000000,0.86217,0.86366,0.86189,0.86245,10061.71
1729022400000,0.86245,0.86272,0.86121,0.86258,6665.92
1729036800000,0.86263,0.8627,0.86163,0.86198,6394.58
1729051200000,0.86199,0.86292,0.86172,0.86254,10658.48
1729065600000,0.86257,0.86282,0.8614,0.86216,11087.12
1729080000000,0.86217,0.86562,0.86203,0.86417,19715.63
1729094400000,0.86417,0.86576,0.86399,0.86541,6713.08
1729108800000,0.8654,0.86576,0.86436,0.86541,5244.17
1729123200000,0.86539,0.86621,0.86531,0.86604,6258.43
1729137600000,0.86608,0.86695,0.86504,0.86524,9688.79
1729152000000,0.86524,0.86539,0.8631,0.86322,10685.16
1729166400000,0.86323,0.86618,0.86276,0.86536,49325.31
1729180800000,0.86538,0.86682,0.86536,0.86628,8755.31
1729195200000,0.86629,0.86632,0.86565,0.86607,4209.93
1729209600000,0.86608,0.86634,0.86563,0.86568,6997.08
1729224000000,0.86569,0.86692,0.86531,0.86663,8738.51
1729238400000,0.86663,0.86672,0.86581,0.86638,11247.71
1729252800000,0.8664,0.8669,0.86491,0.8659,18437.35
1729267200000,0.86594,0.86602,0.86498,0.86514,6469.63
1729281600000,0.86515,0.86525,0.86455,0.86467,4059.25
1729454400000,0.86385,0.86515,0.86384,0.86494,2683.12
1729468800000,0.86496,0.86538,0.86446,0.8646,9920.02
1729483200000,0.86463,0.86583,0.86459,0.86494,8946.74
1729497600000,0.86495,0.86553,0.86372,0.86383,9628.8
1729512000000,0.86385,0.86596,0.86329,0.86583,19088.53
1729526400000,0.86582,0.86624,0.86523,0.86602,7689.89
1729540800000,0.86603,0.86635,0.86536,0.86551,5893.97
1729555200000,0.86554,0.86564,0.86464,0.865,8506.28
1729569600000,0.86504,0.86568,0.86448,0.86505,11918.74
1729584000000,0.86509,0.86623,0.86483,0.86574,12638.82
1729598400000,0.86576,0.86626,0.86478,0.86538,20746.81
1729612800000,0.86539,0.86609,0.86497,0.86563,8344.48
1729627200000,0.86564,0.86579,0.86415,0.86554,5247.95
1729641600000,0.86554,0.86703,0.86553,0.86663,6664.41
1729656000000,0.86662,0.86858,0.86648,0.86791,11467.52
1729670400000,0.86794,0.86794,0.86641,0.8678,12089.53
1729684800000,0.86782,0.8682,0.86622,0.86652,19506.61
1729699200000,0.86653,0.86765,0.8661,0.86618,9254.89
1729713600000,0.86618,0.86679,0.86606,0.86677,5994.67
1729728000000,0.86678,0.86696,0.86601,0.8662,11454.62
1729742400000,0.86621,0.86714,0.86556,0.86613,15929.69
1729756800000,0.86614,0.86642,0.86503,0.86571,13847.29
1729771200000,0.86572,0.86691,0.86521,0.86676,29370.69
1729785600000,0.86678,0.86685,0.86511,0.86573,9378.57
1729800000000,0.86574,0.86597,0.8651,0.86591,3320.39
1729814400000,0.8659,0.86642,0.8657,0.86581,7209.95
1729828800000,0.86584,0.8663,0.86501,0.86618,10761.24
1729843200000,0.86622,0.86743,0.866,0.86657,11126.75
1729857600000,0.86657,0.86698,0.86534,0.8664,22065.82
1729872000000,0.86642,0.86671,0.86562,0.86642,7535
1729886400000,0.86645,0.86675,0.86623,0.86637,2006.46
1730059200000,0.86768,0.86879,0.86731,0.86847,6952.39
1730073600000,0.86849,0.86988,0.86818,0.86975,15676.37
1730088000000,0.86978,0.86997,0.86755,0.86789,12871.78
1730102400000,0.86789,0.86792,0.86592,0.86621,17530.59
1730116800000,0.86622,0.86646,0.86467,0.86582,20513.02
1730131200000,0.86582,0.86593,0.86465,0.86487,10163.21
1730145600000,0.86489,0.86542,0.86462,0.86469,5497.32
1730160000000,0.8647,0.86538,0.8643,0.86506,9241.77
1730174400000,0.86509,0.86618,0.86464,0.86616,8048.07
1730188800000,0.8662,0.86811,0.86533,0.86797,16447.6
1730203200000,0.86799,0.86982,0.86672,0.86846,33345.47
1730217600000,0.86846,0.86968,0.86727,0.86753,13910.02
1730232000000,0.86755,0.86777,0.86689,0.86721,5376.73
1730246400000,0.86722,0.86777,0.86681,0.86771,8458.95
1730260800000,0.8677,0.86777,0.86607,0.86746,10860.59
1730275200000,0.86748,0.86784,0.86588,0.86769,17431.9
1730289600000,0.8677,0.86933,0.86591,0.86639,34896.91
1730304000000,0.8664,0.8669,0.86536,0.86617,12411.46
1730318400000,0.86616,0.86669,0.8661,0.86645,7946.15
1730332800000,0.86646,0.86648,0.86538,0.86547,7892.28
1730347200000,0.86548,0.86615,0.86447,0.8655,15012.64
1730361600000,0.86549,0.86635,0.86464,0.86554,17855.89
1730376000000,0.86554,0.86631,0.86366,0.86474,48506.11
1730390400000,0.86475,0.86595,0.86333,0.86342,21438.4
1730404800000,0.86344,0.86384,0.86321,0.86353,8717.12
1730419200000,0.86354,0.86417,0.86319,0.86403,12478.87
1730433600000,0.86403,0.8685,0.86389,0.86846,14267.2
1730448000000,0.86848,0.86935,0.86732,0.86757,16948.04
1730462400000,0.86756,0.8705,0.86387,0.87036,51511.35
1730476800000,0.87037,0.87087,0.86905,0.87054,13762.63
1730491200000,0.87053,0.8711,0.86927,0.86957,3144.37
1730664000000,0.86693,0.86806,0.86693,0.86765,4034.98
1730678400000,0.86764,0.86765,0.86422,0.86449,22064.54
1730692800000,0.86452,0.86595,0.86445,0.86553,14965.96
1730707200000,0.86553,0.86561,0.86196,0.86204,17621.19
1730721600000,0.86204,0.86407,0.86146,0.86274,24597.32
1730736000000,0.86272,0.86391,0.86269,0.86363,12285.96
1730750400000,0.86364,0.86436,0.86303,0.86416,9308.16
1730764800000,0.86414,0.86429,0.86376,0.86417,16173.21
1730779200000,0.86418,0.8645,0.86354,0.86372,13312.69
1730793600000,0.86369,0.86414,0.86156,0.86166,18071.71
1730808000000,0.86166,0.86457,0.86157,0.86431,28196.4
1730822400000,0.86432,0.86464,0.86209,0.86305,14351.31
1730836800000,0.86305,0.86407,0.86211,0.86241,15654.08
1730851200000,0.86241,0.87535,0.86192,0.87333,104064.22
1730865600000,0.87334,0.87467,0.86829,0.87451,90887.85
1730880000000,0.8745,0.87693,0.87286,0.87625,58643.45
1730894400000,0.87624,0.87733,0.87403,0.87518,69607.64
1730908800000,0.87518,0.87667,0.87455,0.87606,33970.45
1730923200000,0.87607,0.87668,0.87547,0.87569,7267.21
1730937600000,0.8757,0.87739,0.87527,0.87593,18268.1
1730952000000,0.87593,0.87636,0.87358,0.8752,19120.62
1730966400000,0.8752,0.87723,0.87452,0.87678,29814.47
1730980800000,0.87676,0.87698,0.8709,0.87164,56188.91
1730995200000,0.87165,0.87514,0.87143,0.87342,31185.54
1731009600000,0.87344,0.8736,0.87157,0.87272,16530.07
1731024000000,0.87272,0.87368,0.87237,0.87288,16648.9
1731038400000,0.87288,0.87337,0.87247,0.87293,18132.91
1731052800000,0.87295,0.8738,0.87006,0.87091,29652.81
1731067200000,0.87089,0.87446,0.87083,0.87353,41591.22
1731081600000,0.87353,0.87686,0.87329,0.876,39065.49
1731096000000,0.876,0.87627,0.87518,0.87518,6550.66
1731268800000,0.87457,0.87648,0.87457,0.8761,3833.9
1731283200000,0.87611,0.87691,0.87577,0.87675,11339.88
1731297600000,0.87676,0.87828,0.87649,0.87809,16544.04
1731312000000,0.87809,0.87957,0.87768,0.87935,24407.75
1731326400000,0.87937,0.88074,0.87909,0.87989,25006.95
1731340800000,0.87988,0.88089,0.87966,0.88087,12011.91
1731355200000,0.88084,0.88095,0.87884,0.8803,6314.96
1731369600000,0.8803,0.88171,0.88025,0.88133,13441.91
1731384000000,0.88133,0.88234,0.88083,0.88157,16756.95
1731398400000,0.88157,0.88306,0.88042,0.88047,25527.06
1731412800000,0.88047,0.8828,0.88026,0.88217,36514.59
1731427200000,0.8822,0.8836,0.88177,0.8824,22603.91
1731441600000,0.8824,0.88262,0.88041,0.8821,7839.4
1731456000000,0.88208,0.88281,0.88163,0.88229,18021.08
1731470400000,0.88229,0.88371,0.88211,0.88366,13425.76
1731484800000,0.88366,0.88412,0.88206,0.88213,22852.4
1731499200000,0.88212,0.88487,0.87969,0.88338,78594.79
1731513600000,0.88339,0.88619,0.88308,0.88581,24352.54
1731528000000,0.8858,0.88632,0.88428,0.88566,10547.26
1731542400000,0.88567,0.88732,0.88545,0.8873,15796.16
1731556800000,0.88728,0.88783,0.88651,0.88725,17391.37
1731571200000,0.88724,0.89095,0.88661,0.88943,27938.79
1731585600000,0.88943,0.89064,0.88685,0.88748,55886.08
1731600000000,0.88749,0.88912,0.88649,0.88864,17450.1
1731614400000,0.88863,0.89173,0.88856,0.89044,22459.82
1731628800000,0.89044,0.89072,0.88903,0.88947,15484.25
1731643200000,0.88948,0.8896,0.88724,0.88775,17876.93
1731657600000,0.88775,0.88854,0.88678,0.88767,27718.35
1731672000000,0.88767,0.88995,0.88658,0.88788,68158.25
1731686400000,0.88789,0.88829,0.88587,0.88752,37188.49
1731700800000,0.88751,0.8887,0.88688,0.88695,8347.61
1731873600000,0.88718,0.8887,0.8864,0.88846,2525.49
1731888000000,0.88846,0.88855,0.8871,0.88792,21057.84
1731902400000,0.88792,0.88801,0.88674,0.88711,15089.9
1731916800000,0.88711,0.88777,0.8854,0.88759,26561.27
1731931200000,0.88759,0.88815,0.88508,0.88565,31124.96
1731945600000,0.88567,0.88616,0.88311,0.88349,16123.82
1731960000000,0.88349,0.88349,0.88261,0.88321,6054.01
1731974400000,0.8832,0.88359,0.8827,0.88314,16404.92
1731988800000,0.88312,0.88421,0.88287,0.88396,14194.52
1732003200000,0.88396,0.88432,0.88224,0.88343,43542.42
1732017600000,0.88344,0.88363,0.88008,0.88191,54414.82
1732032000000,0.8819,0.88445,0.88139,0.88279,18427.32
1732046400000,0.88281,0.88285,0.88115,0.88203,7062.83
1732060800000,0.88206,0.88341,0.8817,0.88328,10076.3
1732075200000,0.88328,0.88462,0.88316,0.88454,12923.85
1732089600000,0.88458,0.88619,0.88367,0.88559,24563.28
1732104000000,0.8856,0.8857,0.88359,0.88547,29370
1732118400000,0.88547,0.88586,0.88386,0.88437,16130.62
1732132800000,0.8844,0.88477,0.88359,0.8836,6439.99
1732147200000,0.88361,0.88364,0.88267,0.88271,11860.3
1732161600000,0.8827,0.88402,0.88205,0.88391,20101.5
1732176000000,0.8839,0.88428,0.88225,0.88358,33913.17
1732190400000,0.88356,0.88494,0.88247,0.88484,40022
1732204800000,0.88484,0.88696,0.88475,0.88631,30623.98
1732219200000,0.88632,0.88697,0.88601,0.88681,10431.51
1732233600000,0.8868,0.88691,0.88591,0.88608,17116.81
1732248000000,0.88608,0.88726,0.88555,0.88583,14259.55
1732262400000,0.88583,0.891,0.88514,0.88867,54689.42
1732276800000,0.88866,0.89572,0.88849,0.89361,56673.39
1732291200000,0.89361,0.89499,0.89334,0.89445,18767.83
1732305600000,0.89444,0.89475,0.89363,0.89363,5636.83
1732478400000,0.89074,0.89189,0.88967,0.89048,9559.18
1732492800000,0.89049,0.89107,0.88915,0.89014,18262.16
1732507200000,0.89018,0.8914,0.89005,0.89124,16174.91
1732521600000,0.89122,0.89168,0.88861,0.89036,29139.32
1732536000000,0.89034,0.89053,0.88481,0.88747,45480.38
1732550400000,0.88749,0.88797,0.88509,0.88566,23713.85
1732564800000,0.88567,0.88887,0.88539,0.88881,12557.73
1732579200000,0.88882,0.88944,0.88674,0.88676,35979.16
1732593600000,0.88676,0.88768,0.88621,0.88718,16579.43
1732608000000,0.88716,0.88716,0.88513,0.88614,26717.08
1732622400000,0.88613,0.88833,0.88421,0.88747,53595.39
1732636800000,0.88747,0.88865,0.8871,0.88726,26127.75
1732651200000,0.88725,0.88751,0.88592,0.88609,9192.34
1732665600000,0.8861,0.88616,0.88537,0.88577,18374
1732680000000,0.88576,0.886,0.88406,0.88448,14917.33
1732694400000,0.88447,0.88451,0.88161,0.88258,38838.62
1732708800000,0.88258,0.88415,0.88027,0.88104,54156.25
1732723200000,0.88104,0.88222,0.87973,0.88187,24642
1732737600000,0.88187,0.88233,0.88054,0.88227,12550.27
1732752000000,0.88225,0.88367,0.8822,0.88349,13751.41
1732766400000,0.88349,0.88426,0.8829,0.88388,11236.74
1732780800000,0.88389,0.88479,0.88338,0.88414,20223.65
1732795200000,0.88414,0.8844,0.88246,0.88308,16559.29
1732809600000,0.88307,0.88367,0.88269,0.88294,5948.78
1732824000000,0.88293,0.88299,0.88221,0.88238,3909.29
1732838400000,0.88237,0.88238,0.88011,0.8812,20954.05
1732852800000,0.88121,0.88171,0.87951,0.88117,17768.64
1732867200000,0.88117,0.88192,0.87974,0.88129,24654.65
1732881600000,0.88127,0.88274,0.88026,0.88096,30607.41
1732896000000,0.88095,0.88255,0.88,0.88014,35813.35
1732910400000,0.88015,0.88126,0.87992,0.88024,13944.92
1733083200000,0.8805,0.88267,0.8797,0.88211,6398.63
1733097600000,0.88212,0.88487,0.88197,0.88454,14859.73
1733112000000,0.88456,0.88536,0.88349,0.88482,16757.49
1733126400000,0.88483,0.88628,0.8841,0.88539,29476.78
1733140800000,0.88539,0.88892,0.88477,0.88773,42966.77
1733155200000,0.88771,0.88854,0.88599,0.88672,21166.33
1733169600000,0.88674,0.88695,0.88496,0.88628,11340.85
1733184000000,0.8863,0.88836,0.88623,0.88812,13561.38
1733198400000,0.88814,0.88881,0.88612,0.88674,14722.77
1733212800000,0.88672,0.88715,0.88412,0.88452,24892.33
1733227200000,0.88452,0.88613,0.88292,0.88519,43063.54
1733241600000,0.88518,0.88636,0.88431,0.88626,24960.2
1733256000000,0.88627,0.88659,0.88572,0.88634,7057.69
1733270400000,0.88634,0.88757,0.88617,0.88724,14632.96
1733284800000,0.88725,0.88744,0.88527,0.88657,16826.21
1733299200000,0.88657,0.88793,0.88566,0.88594,23355.96
1733313600000,0.88594,0.88756,0.88339,0.88369,45690.41
1733328000000,0.8837,0.88476,0.88262,0.88408,24840.84
1733342400000,0.88407,0.88462,0.88348,0.88371,8706.31
1733356800000,0.88373,0.88458,0.88362,0.88387,9910.33
1733371200000,0.88385,0.88428,0.88311,0.8835,12003.17
1733385600000,0.88351,0.88529,0.88308,0.8833,24348.35
1733400000000,0.8833,0.88405,0.87948,0.87981,42645.23
1733414400000,0.87982,0.88046,0.87787,0.87804,19067.13
1733428800000,0.87806,0.87887,0.87763,0.87829,8018.7
1733443200000,0.87829,0.87944,0.87822,0.87854,13550.45
1733457600000,0.87854,0.87966,0.87842,0.87851,11503.09
1733472000000,0.8785,0.87943,0.87706,0.87713,18075.81
1733486400000,0.87713,0.87826,0.8734,0.87714,64485.16
1733500800000,0.87712,0.8797,0.87677,0.87889,15255.25
1733515200000,0.87887,0.8789,0.87812,0.87812,4487.23
1733688000000,0.87826,0.87903,0.87785,0.87856,3350.87
1733702400000,0.87856,0.88011,0.87844,0.88007,12598.13
1733716800000,0.88008,0.88036,0.87889,0.87895,14435.7
1733731200000,0.87898,0.88014,0.87813,0.87907,20747.92
1733745600000,0.87908,0.87983,0.87605,0.87626,31219.86
1733760000000,0.87626,0.87899,0.87583,0.87868,11537.81
1733774400000,0.87867,0.87925,0.87778,0.87856,7019.15
1733788800000,0.87854,0.87917,0.87785,0.87798,16610.46
1733803200000,0.87797,0.87897,0.87705,0.87895,12949.86
1733817600000,0.87895,0.88075,0.87874,0.87977,20854.32
1733832000000,0.87977,0.88281,0.87944,0.88237,31925.51
1733846400000,0.88236,0.88313,0.8818,0.88285,15332.86
1733860800000,0.88286,0.88322,0.8821,0.88275,8340.98
1733875200000,0.88274,0.88339,0.88252,0.88333,11500.5
1733889600000,0.88333,0.88539,0.8832,0.88495,16845.06
1733904000000,0.88497,0.88519,0.8832,0.88349,28632.81
1733918400000,0.88347,0.88486,0.88106,0.88416,46395.71
1733932800000,0.88415,0.88532,0.88257,0.88477,19603.91
1733947200000,0.88477,0.88479,0.88285,0.88321,5724.23
1733961600000,0.88304,0.8842,0.88304,0.88404,13999.2
1733976000000,0.88405,0.88421,0.88161,0.88216,16562.04
1733990400000,0.88217,0.88925,0.88192,0.88687,30775.74
1734004800000,0.88687,0.89017,0.8867,0.8887,51914.97
1734019200000,0.88871,0.89143,0.88771,0.89132,18423.92
1734033600000,0.89133,0.89276,0.88902,0.89197,14139.9
1734048000000,0.89202,0.89287,0.89155,0.8928,14361.23
1734062400000,0.8928,0.89365,0.89218,0.89327,13625.96
1734076800000,0.89333,0.89453,0.89291,0.89393,23954.81
1734091200000,0.89394,0.8942,0.89145,0.89356,31698.88
1734105600000,0.89355,0.89384,0.89196,0.89269,15045.02
1734120000000,0.89267,0.89283,0.89201,0.89201,3639.31
1734292800000,0.89194,0.89313,0.8913,0.89172,4110.01
1734307200000,0.89172,0.89182,0.89093,0.89123,15539.46
1734321600000,0.89122,0.89175,0.89026,0.89163,13283.01
1734336000000,0.89163,0.89265,0.88984,0.89256,23201.46
1734350400000,0.89254,0.89483,0.89231,0.89238,29487.58
1734364800000,0.89238,0.89472,0.89216,0.8947,14387.25
1734379200000,0.8947,0.89477,0.89338,0.89399,8033.6
1734393600000,0.89398,0.89479,0.89297,0.89451,11691.3
1734408000000,0.89449,0.8965,0.89443,0.89642,14800.4
1734422400000,0.89646,0.89746,0.89606,0.89679,20167.79
1734436800000,0.8968,0.89718,0.89405,0.89437,32749.77
1734451200000,0.89437,0.89471,0.89144,0.89232,16604
1734465600000,0.89234,0.89297,0.89174,0.89245,5978.77
1734480000000,0.89248,0.89293,0.89192,0.89267,9144.85
1734494400000,0.89266,0.89374,0.89172,0.8934,11368.92
1734508800000,0.89342,0.89419,0.89314,0.8938,22138.87
1734523200000,0.8938,0.89453,0.89211,0.89287,25865.55
1734537600000,0.89288,0.90021,0.89171,0.90019,32496.32
1734552000000,0.90017,0.90214,0.8999,0.90165,24427.32
1734566400000,0.90164,0.90165,0.89953,0.90011,19989.71
1734580800000,0.9001,0.90066,0.89761,0.89828,24346.89
1734595200000,0.89831,0.89889,0.89543,0.89612,31373.22
1734609600000,0.89611,0.89845,0.89516,0.89784,46054.8
1734624000000,0.89785,0.89974,0.89682,0.89833,26344.02
1734638400000,0.89829,0.89913,0.8977,0.89896,7211.27
1734652800000,0.89895,0.89897,0.89749,0.89822,16034.3
1734667200000,0.89821,0.89868,0.89709,0.89727,19265.23
1734681600000,0.89726,0.89755,0.89353,0.8942,28668.49
1734696000000,0.89419,0.89526,0.89292,0.89455,39322.94
1734710400000,0.89455,0.89491,0.89131,0.89171,25263.74
1734724800000,0.89172,0.89332,0.89157,0.893,5650.68
1734897600000,0.8911,0.89321,0.89103,0.89303,6389.76
1734912000000,0.89303,0.89358,0.89272,0.89309,9504.99
1734926400000,0.89311,0.89493,0.893,0.89488,8646.39
1734940800000,0.89487,0.89756,0.89444,0.89663,20603.7
1734955200000,0.89664,0.90014,0.89655,0.89999,29326.04
1734969600000,0.89999,0.90012,0.8983,0.8984,17608.03
1734984000000,0.89838,0.89871,0.89802,0.89851,4928.14
1734998400000,0.89852,0.89962,0.89827,0.89951,7112.63
1735012800000,0.89951,0.90018,0.89847,0.90015,6473.31
1735027200000,0.90014,0.90084,0.89896,0.90022,11908.22
1735041600000,0.90021,0.90105,0.89945,0.90077,17367.04
1735056000000,0.90079,0.90118,0.89928,0.90042,12325.49
1735070400000,0.90042,0.9007,0.8989,0.89957,1281.82
1735084800000,0.89957,0.89977,0.89951,0.89965,140.25
1735099200000,0.8998,0.8998,0.89787,0.89927,154.68
1735156800000,0.89852,0.90002,0.89839,0.89938,4894.64
1735171200000,0.89939,0.90004,0.89918,0.89952,8808.4
1735185600000,0.89952,0.90039,0.89952,0.89975,6065.18
1735200000000,0.89974,0.90029,0.89932,0.89992,5926.4
1735214400000,0.89993,0.90097,0.89992,0.90045,16674.95
1735228800000,0.90047,0.90051,0.89842,0.89898,15081.61
1735243200000,0.89899,0.89909,0.89844,0.89896,6889.38
1735257600000,0.89896,0.89954,0.89884,0.89927,11449
1735272000000,0.89926,0.90117,0.89923,0.90043,10875.2
1735286400000,0.90045,0.90102,0.89949,0.90013,16528.13
1735300800000,0.90013,0.90158,0.89977,0.90134,23025.43
1735315200000,0.9013,0.90271,0.90091,0.90178,14632.08
1735329600000,0.90179,0.90253,0.90137,0.90186,3934.8
1735502400000,0.9012,0.90189,0.90009,0.90184,3070.77
1735516800000,0.90184,0.90193,0.90138,0.90173,10921.71
1735531200000,0.90173,0.90238,0.9014,0.90177,13421.33
1735545600000,0.90177,0.90397,0.90097,0.90235,14857.8
1735560000000,0.90235,0.90737,0.90219,0.90655,32403.18
1735574400000,0.90651,0.90731,0.90371,0.90395,17230.56
1735588800000,0.90398,0.90416,0.90326,0.90343,6147.04
1735603200000,0.90326,0.90356,0.90247,0.9028,5870.7
1735617600000,0.90293,0.90395,0.90274,0.90344,7632.57
1735632000000,0.90344,0.9052,0.90228,0.90489,19197.4
1735646400000,0.90488,0.90618,0.90404,0.90614,25087.63
1735660800000,0.90622,0.90799,0.90576,0.90777,16250.17
1735675200000,0.9078,0.9078,0.90697,0.90749,4696.99
1735761600000,0.90517,0.90777,0.90483,0.9077,3857.46
1735776000000,0.90768,0.90778,0.9046,0.90465,15084.18
1735790400000,0.90465,0.90515,0.9039,0.90467,14059.88
1735804800000,0.90467,0.90799,0.90387,0.90777,27078.43
1735819200000,0.90777,0.91085,0.90717,0.91072,33334.75
1735833600000,0.91071,0.91368,0.9107,0.9134,27101.54
1735848000000,0.91341,0.91341,0.91135,0.91202,7561.76
1735862400000,0.91203,0.91219,0.91088,0.91198,7588.78
1735876800000,0.91198,0.91244,0.90986,0.91017,11991.78
1735891200000,0.91016,0.91095,0.90857,0.90929,17400.45
1735905600000,0.9093,0.91074,0.90797,0.91061,21986.58
1735920000000,0.91062,0.91062,0.90852,0.90903,10404.93
1735934400000,0.90906,0.90923,0.90816,0.90822,3383.12
1736107200000,0.9086,0.90938,0.90822,0.90932,2188.39
1736121600000,0.90934,0.91046,0.90923,0.90934,10765.67
1736136000000,0.90934,0.90992,0.90793,0.90809,10596.67
1736150400000,0.90808,0.90815,0.90115,0.90178,34618.05
1736164800000,0.90178,0.90667,0.90079,0.90493,55736.35
1736179200000,0.9049,0.90506,0.90381,0.90443,14222.77
1736193600000,0.90442,0.90518,0.90417,0.90491,5752.05
1736208000000,0.9049,0.90596,0.90465,0.90474,10778.5
1736222400000,0.90474,0.90526,0.90224,0.90465,15964.79
1736236800000,0.90465,0.90666,0.90259,0.9059,24060.73
1736251200000,0.9059,0.90959,0.90579,0.90781,44677.75
1736265600000,0.90781,0.90914,0.90705,0.90853,28258.09
1736280000000,0.90852,0.90971,0.90819,0.90952,6018.52
1736294400000,0.9095,0.90956,0.90869,0.90934,9322.11
1736308800000,0.90935,0.91072,0.90873,0.91059,12425.77
1736323200000,0.91059,0.91257,0.91047,0.91177,27961.92
1736337600000,0.91176,0.9128,0.90982,0.91115,42470.57
1736352000000,0.9112,0.91193,0.91068,0.91169,17694.83
1736366400000,0.91169,0.91169,0.91021,0.91097,8453.29
1736380800000,0.91096,0.91139,0.90978,0.91067,13706.05
1736395200000,0.91067,0.91265,0.91019,0.91253,18510.59
1736409600000,0.91252,0.91307,0.91082,0.91215,20389.63
1736424000000,0.91215,0.9124,0.91065,0.91213,22983.89
1736438400000,0.91213,0.91297,0.9119,0.9126,7663.7
1736452800000,0.9126,0.9126,0.91104,0.91204,4743.43
1736467200000,0.91204,0.91239,0.91142,0.912,9341.89
1736481600000,0.912,0.91308,0.91195,0.91241,8682.79
1736496000000,0.91238,0.91422,0.91218,0.91378,17528.9
1736510400000,0.91378,0.91883,0.91303,0.91628,54182.59
1736524800000,0.91628,0.91792,0.91592,0.9171,21353.95
1736539200000,0.91709,0.91724,0.91603,0.91603,4104.49
1736712000000,0.91525,0.91693,0.91519,0.9169,3194.23
1736726400000,0.9169,0.9176,0.91625,0.91737,10912.29
1736740800000,0.91736,0.9179,0.91618,0.91675,11881.67
1736755200000,0.91675,0.91797,0.9154,0.91675,30410.28
1736769600000,0.91675,0.91949,0.91551,0.91944,32636.8
1736784000000,0.91947,0.92011,0.91794,0.91902,14332.36
1736798400000,0.91903,0.91904,0.91506,0.91587,8478.13
1736812800000,0.91587,0.91692,0.91578,0.91599,14715.91
1736827200000,0.91599,0.9163,0.91468,0.91514,15576.55
1736841600000,0.91515,0.91657,0.91287,0.91653,22459.35
1736856000000,0.91653,0.91734,0.91432,0.91439,46387.32
1736870400000,0.9144,0.91507,0.91242,0.91267,18241.25
1736884800000,0.91265,0.91279,0.91192,0.91246,7404.78
1736899200000,0.91247,0.91289,0.91216,0.91229,9251.54
1736913600000,0.9123,0.91265,0.91123,0.91143,15463.62
1736928000000,0.91144,0.9124,0.91091,0.91196,22324.01
1736942400000,0.91196,0.91238,0.90773,0.91171,52021.23
1736956800000,0.91171,0.91459,0.91169,0.91269,19218.15
1736971200000,0.91271,0.91297,0.91205,0.9121,5987.44
1736985600000,0.9121,0.91283,0.91119,0.91229,14614.67
1737000000000,0.9123,0.91285,0.91154,0.91189,11667.23
1737014400000,0.91188,0.91208,0.9105,0.9115,20692.46
1737028800000,0.91152,0.91361,0.91121,0.91179,43876.73
1737043200000,0.91179,0.91209,0.90997,0.91088,21483.44
1737057600000,0.91088,0.91133,0.90989,0.91085,5260.08
1737072000000,0.91113,0.91135,0.91001,0.91089,10464.62
1737086400000,0.91087,0.91296,0.91081,0.91183,10703.91
1737100800000,0.91182,0.9121,0.90958,0.91174,19721.8
1737115200000,0.91175,0.91461,0.91088,0.91364,38769.77
1737129600000,0.91365,0.91532,0.91358,0.91488,15411.86
1737144000000,0.91493,0.91523,0.91443,0.91443,3724.15
1737316800000,0.91217,0.91517,0.91217,0.91447,3682.07
1737331200000,0.91449,0.91467,0.91265,0.91267,11598.56
1737345600000,0.91268,0.91321,0.91202,0.91228,9568.42
1737360000000,0.91226,0.91385,0.91214,0.91322,19590.91
1737374400000,0.91322,0.91461,0.90676,0.9082,76717.24
1737388800000,0.90819,0.91054,0.90617,0.9064,18699.79
1737403200000,0.9064,0.90715,0.90551,0.90605,18071.74
1737417600000,0.90604,0.90975,0.90509,0.90711,35499.34
1737432000000,0.90712,0.909,0.90645,0.90847,14568.36
1737446400000,0.90847,0.91143,0.90847,0.91087,24824.6
1737460800000,0.91087,0.9113,0.90692,0.90756,40744.39
1737475200000,0.90756,0.9078,0.90619,0.90658,16039.17
1737489600000,0.90658,0.9073,0.9048,0.90666,12160.49
1737504000000,0.90666,0.90703,0.90531,0.90678,13019.47
1737518400000,0.90678,0.90723,0.90609,0.90652,11447.38
1737532800000,0.90652,0.9067,0.90322,0.90464,28783.32
1737547200000,0.90465,0.90746,0.90453,0.90674,38570.98
1737561600000,0.90674,0.90748,0.90581,0.90604,13405.24
1737576000000,0.90604,0.90676,0.90517,0.90633,8936.93
1737590400000,0.90637,0.9067,0.90562,0.90628,13167.7
1737604800000,0.90627,0.90727,0.90601,0.90693,17299.32
1737619200000,0.90693,0.90795,0.9063,0.90784,22498.67
1737633600000,0.90784,0.90971,0.90704,0.90914,50637.28
1737648000000,0.90914,0.9108,0.90605,0.90679,36208.52
1737662400000,0.90678,0.90764,0.90641,0.90713,10996.89
1737676800000,0.90745,0.9076,0.90491,0.90516,19909.01
1737691200000,0.90517,0.90595,0.904,0.90504,28944.55
1737705600000,0.90504,0.90594,0.9027,0.90537,34791
1737720000000,0.9054,0.90709,0.90437,0.90458,44736.9
1737734400000,0.90457,0.90611,0.90396,0.90597,16185.6
1737748800000,0.90599,0.90639,0.90483,0.90483,3422.96
1737921600000,0.90503,0.90695,0.90503,0.90683,4300.81
1737936000000,0.90681,0.90718,0.90565,0.90662,17614.82
1737950400000,0.90662,0.90727,0.90589,0.90652,14321.58
1737964800000,0.90655,0.90658,0.89649,0.89736,71353.22
1737979200000,0.89735,0.90125,0.89711,0.90059,48069.73
1737993600000,0.90059,0.90222,0.89952,0.90132,22042.04
1738008000000,0.90132,0.9051,0.90128,0.90444,13858.7
1738022400000,0.90443,0.90556,0.90361,0.90535,20180.01
1738036800000,0.90534,0.90664,0.90461,0.90637,12174.7
1738051200000,0.90639,0.90705,0.90531,0.90641,27234.39
1738065600000,0.90639,0.90674,0.904,0.90579,38710.13
1738080000000,0.9058,0.90581,0.90382,0.90393,15535.89
1738094400000,0.90391,0.90436,0.90369,0.9042,6039.37
1738108800000,0.90419,0.90428,0.9033,0.90343,9732.12
1738123200000,0.90342,0.90559,0.90312,0.90551,9895.67
1738137600000,0.90551,0.90691,0.90453,0.9066,21547.98
1738152000000,0.90658,0.90819,0.9056,0.90643,33004.3
1738166400000,0.90643,0.90949,0.90618,0.90719,44647.96
1738180800000,0.9072,0.90811,0.90587,0.90631,19225.07
1738195200000,0.9063,0.90677,0.90596,0.90644,15754.38
1738209600000,0.90645,0.90702,0.90615,0.90628,12183.82
1738224000000,0.90629,0.90892,0.90617,0.90859,24799.32
1738238400000,0.9086,0.90869,0.90586,0.90723,44341.19
1738252800000,0.90722,0.90918,0.90682,0.90856,14561.21
1738267200000,0.90856,0.91033,0.90814,0.90958,22011.48
1738281600000,0.90958,0.91045,0.90922,0.91021,11557.59
1738296000000,0.9102,0.91054,0.90869,0.9095,15191.27
1738310400000,0.9095,0.91153,0.90941,0.91075,28686.55
1738324800000,0.91074,0.91092,0.90741,0.90805,34039.68
1738339200000,0.90809,0.91103,0.9071,0.91048,40986.93
1738353600000,0.91049,0.91142,0.90996,0.91008,13418.9
1738526400000,0.91523,0.91595,0.91357,0.91509,12813.01
1738540800000,0.91508,0.9176,0.91427,0.91691,35206.46
1738555200000,0.91691,0.91871,0.91527,0.91862,26166.8
1738569600000,0.91864,0.91964,0.91592,0.91611,35114.06
1738584000000,0.91611,0.91617,0.91023,0.91157,60823.78
1738598400000,0.91158,0.91432,0.91073,0.91281,35145.34
1738612800000,0.91282,0.91294,0.90917,0.91153,14161.5
1738627200000,0.91154,0.91251,0.91116,0.91162,13971.42
1738641600000,0.91162,0.9131,0.91116,0.91179,19380.27
1738656000000,0.91181,0.91186,0.90819,0.90971,24218.41
1738670400000,0.90969,0.90999,0.90525,0.90579,35404.75
1738684800000,0.90578,0.90625,0.90451,0.9049,18023.93
1738699200000,0.90487,0.90544,0.90456,0.90511,6187.96
1738713600000,0.90541,0.90591,0.90438,0.90483,13833.31
1738728000000,0.90484,0.90582,0.90285,0.90376,14885.65
1738742400000,0.90378,0.90476,0.90075,0.90225,28538.03
1738756800000,0.90227,0.90333,0.90013,0.90048,38769.67
1738771200000,0.90048,0.90129,0.90013,0.90096,14864.58
1738785600000,0.90098,0.90182,0.90088,0.9014,5034.31
1738800000000,0.9014,0.90254,0.90076,0.90239,10493.77
1738814400000,0.90238,0.9035,0.90215,0.90345,11040.27
1738828800000,0.90345,0.90554,0.90315,0.90491,20940.86
1738843200000,0.90492,0.90618,0.90455,0.90511,36476.78
1738857600000,0.90512,0.90558,0.90395,0.90511,12725.52
1738872000000,0.90512,0.90526,0.9044,0.90512,6085.06
1738886400000,0.90512,0.90648,0.90468,0.90621,9942.06
1738900800000,0.9062,0.90674,0.9059,0.90622,8897.45
1738915200000,0.90627,0.90713,0.9055,0.9068,16687.54
1738929600000,0.9068,0.91015,0.90449,0.90917,51202.61
1738944000000,0.90916,0.91058,0.90866,0.90914,33644.56
1738958400000,0.90914,0.91004,0.90888,0.90923,5143.46
1739131200000,0.91017,0.91104,0.91003,0.91092,4069.42
1739145600000,0.91093,0.9122,0.91023,0.91131,13201.12
1739160000000,0.91131,0.91133,0.9104,0.91081,15063.16
1739174400000,0.91082,0.91103,0.90936,0.91022,17148.3
1739188800000,0.91021,0.91109,0.90971,0.91026,24034.13
1739203200000,0.91025,0.91164,0.91012,0.91143,12064.41
1739217600000,0.91139,0.91156,0.9097,0.91138,8088.49
1739232000000,0.91137,0.91177,0.911,0.91155,10661.5
1739246400000,0.91155,0.91185,0.91119,0.91177,11226.97
1739260800000,0.91178,0.91303,0.91107,0.91293,16814.94
1739275200000,0.91294,0.91396,0.91271,0.91322,24249.89
1739289600000,0.91323,0.91403,0.91219,0.91316,14240.24
1739304000000,0.91316,0.91354,0.9122,0.91307,6818.94
1739318400000,0.91308,0.91354,0.91252,0.91331,11011.08
1739332800000,0.91332,0.91359,0.91194,0.91221,13362.33
1739347200000,0.9122,0.9123,0.91023,0.91088,17699.97
1739361600000,0.91088,0.91555,0.91065,0.91332,44880.3
1739376000000,0.91332,0.91446,0.91129,0.91328,25614.58
1739390400000,0.91327,0.91382,0.91115,0.91342,8160.57
1739404800000,0.91342,0.914,0.91162,0.91197,14956.95
1739419200000,0.91198,0.91203,0.90881,0.90918,19453.97
1739433600000,0.90918,0.90964,0.90654,0.90754,22853.78
1739448000000,0.90754,0.90849,0.90465,0.90511,41547.55
1739462400000,0.90512,0.90624,0.90345,0.90378,23062.2
1739476800000,0.90377,0.90397,0.90242,0.90321,11939.11
1739491200000,0.90323,0.90413,0.9024,0.90396,12005.52
1739505600000,0.90394,0.90486,0.90335,0.90466,13927.91
1739520000000,0.90467,0.90487,0.90113,0.90142,23818.99
1739534400000,0.90144,0.9016,0.89718,0.89788,37438.43
1739548800000,0.89787,0.89901,0.89766,0.89859,14072.13
1739563200000,0.89862,0.89975,0.8986,0.89949,3830.98
1739736000000,0.89757,0.90011,0.89744,0.89988,5697.02
1739750400000,0.89986,0.90045,0.89913,0.90031,13636.26
1739764800000,0.90031,0.90084,0.89915,0.89992,17147.66
1739779200000,0.89992,0.9012,0.89968,0.90098,17550.75
1739793600000,0.90099,0.90177,0.90036,0.90097,14917.04
1739808000000,0.90097,0.90113,0.90021,0.90088,4838.12
1739822400000,0.90088,0.90109,0.90012,0.90073,6265.16
1739836800000,0.90071,0.9023,0.90062,0.90225,12566.66
1739851200000,0.90226,0.90341,0.901,0.90145,10245.78
1739865600000,0.90145,0.90175,0.89951,0.90161,16662.32
1739880000000,0.90162,0.90223,0.90113,0.90157,22124.55
1739894400000,0.90157,0.90408,0.9013,0.90356,10651.96
1739908800000,0.90357,0.90402,0.90218,0.90362,6887.56
1739923200000,0.90362,0.90434,0.9031,0.9033,11215.23
1739937600000,0.9033,0.9039,0.90245,0.90375,11220.79
1739952000000,0.90376,0.90511,0.90319,0.90399,19602.93
1739966400000,0.90399,0.90495,0.90232,0.90367,26274.05
1739980800000,0.90368,0.90544,0.90309,0.90379,12639.46
1739995200000,0.90382,0.9046,0.90245,0.90414,5111.69
1740009600000,0.90458,0.90459,0.90263,0.90294,16243.27
1740024000000,0.90293,0.90316,0.90205,0.9026,14539.27
1740038400000,0.9026,0.90304,0.90165,0.9023,18423.26
1740052800000,0.90231,0.90285,0.89955,0.89964,31828.56
1740067200000,0.89966,0.90031,0.89754,0.89763,15141.28
1740081600000,0.89765,0.89821,0.89755,0.89816,6484.63
1740096000000,0.89815,0.89953,0.89796,0.89808,15268.54
1740110400000,0.8981,0.89936,0.89772,0.89805,12481.26
1740124800000,0.89806,0.89941,0.89705,0.89867,22115.69
1740139200000,0.89866,0.90046,0.89786,0.89958,29936.6
1740153600000,0.89957,0.89975,0.89675,0.89721,16589.44
1740168000000,0.89721,0.89792,0.89699,0.89755,4025.54
1740340800000,0.8969,0.89849,0.89654,0.89846,7691.99
1740355200000,0.89846,0.89849,0.89533,0.89555,18761.39
1740369600000,0.89555,0.89714,0.89544,0.89706,15980.66
1740384000000,0.89705,0.89978,0.89662,0.89956,20574.45
1740398400000,0.89956,0.89974,0.89615,0.89687,28001.85
1740412800000,0.89689,0.89751,0.89589,0.89657,13413.54
1740427200000,0.89657,0.89769,0.8964,0.89733,6556.84
1740441600000,0.8973,0.89775,0.8969,0.8971,10706.8
1740456000000,0.89709,0.89739,0.8963,0.89667,13452.96
1740470400000,0.89667,0.89713,0.8949,0.89508,19647.4
1740484800000,0.8951,0.89512,0.89118,0.89343,30195.81
1740499200000,0.89344,0.89367,0.89184,0.89254,17706.18
1740513600000,0.89253,0.89301,0.89188,0.89238,5033.85
1740528000000,0.89236,0.89357,0.89159,0.8935,12328.04
1740542400000,0.89351,0.89509,0.89345,0.89436,11938.32
1740556800000,0.89436,0.89606,0.89357,0.89576,19610.95
1740571200000,0.89577,0.89645,0.89348,0.89363,30020.13
1740585600000,0.89362,0.89444,0.89244,0.89378,21610.56
1740600000000,0.89378,0.89486,0.89375,0.89446,7090.12
1740614400000,0.89447,0.89662,0.89443,0.89655,9257.47
1740628800000,0.89655,0.89736,0.8958,0.89635,14403.49
1740643200000,0.89642,0.89868,0.89625,0.89868,20608.91
1740657600000,0.89869,0.90051,0.89643,0.89914,45920.47
1740672000000,0.89913,0.89968,0.89799,0.8996,15759.26
1740686400000,0.8996,0.9001,0.89904,0.89985,5932.18
1740700800000,0.90006,0.9001,0.89822,0.89895,13901.4
1740715200000,0.89896,0.90223,0.89879,0.90162,13563.38
1740729600000,0.90164,0.90311,0.90048,0.9028,20064.39
1740744000000,0.90269,0.90299,0.90117,0.90222,31346.56
1740758400000,0.90221,0.90353,0.90093,0.90345,26422.95
1740772800000,0.90344,0.90357,0.90243,0.90243,6347.92
1740945600000,0.9021,0.90297,0.9021,0.90262,4248.16
1740960000000,0.90263,0.90298,0.9015,0.90171,15222.81
1740974400000,0.90172,0.90308,0.90146,0.90161,13288.97
1740988800000,0.9016,0.90185,0.90017,0.90155,18804.59
1741003200000,0.90155,0.90174,0.89702,0.89832,36119.89
1741017600000,0.89829,0.89849,0.89607,0.89746,20967.71
1741032000000,0.89746,0.89772,0.896,0.8968,14782.53
1741046400000,0.89681,0.89713,0.89456,0.89657,15757.79
1741060800000,0.89658,0.89673,0.89422,0.89509,17509.5
1741075200000,0.89509,0.89511,0.8896,0.88964,35632.53
1741089600000,0.88964,0.89126,0.88713,0.89034,54988.5
1741104000000,0.89034,0.89053,0.88807,0.88904,30570.32
1741118400000,0.88903,0.89028,0.8881,0.8899,13836.67
1741132800000,0.8899,0.89126,0.8897,0.8908,17736.15
1741147200000,0.89079,0.89083,0.88709,0.88767,17723.32
1741161600000,0.88767,0.88934,0.88556,0.88911,31290.87
1741176000000,0.88912,0.89034,0.8868,0.88845,56203.15
1741190400000,0.88847,0.89137,0.88749,0.89038,35696.66
1741204800000,0.89038,0.89142,0.8897,0.8907,8306.3
1741219200000,0.89071,0.89238,0.88944,0.89232,15768.19
1741233600000,0.89233,0.89254,0.88762,0.88906,21766.43
1741248000000,0.88906,0.88981,0.88517,0.88527,33308.01
1741262400000,0.8853,0.88721,0.88272,0.88598,53290.6
1741276800000,0.88599,0.88612,0.88251,0.88261,30496.11
1741291200000,0.88262,0.88418,0.88253,0.88333,8172.96
1741305600000,0.88335,0.88339,0.88141,0.88222,12715.84
1741320000000,0.88222,0.88254,0.8794,0.88044,12033.69
1741334400000,0.88047,0.88083,0.87666,0.87949,23008.98
1741348800000,0.87948,0.88188,0.87697,0.87882,59666.82
1741363200000,0.87883,0.88104,0.87676,0.87998,31772.85
1741377600000,0.87999,0.88023,0.87923,0.87923,4593.74
1741550400000,0.87821,0.88034,0.87668,0.8773,8218.96
1741564800000,0.87728,0.87893,0.87649,0.8787,11698.92
1741579200000,0.87869,0.87996,0.8779,0.87976,11807.07
1741593600000,0.87976,0.88029,0.87613,0.87668,29047.57
1741608000000,0.87669,0.8816,0.87578,0.88121,36807.55
1741622400000,0.88121,0.88213,0.88038,0.88137,20530.77
1741636800000,0.88136,0.88157,0.87932,0.87997,5088.3
1741651200000,0.87998,0.88019,0.87725,0.87918,15839.28
1741665600000,0.87918,0.88048,0.87794,0.8788,16847.34
1741680000000,0.8788,0.88253,0.87864,0.88187,26549.84
1741694400000,0.88186,0.88201,0.87864,0.87997,55008.17
1741708800000,0.87997,0.88248,0.87972,0.88209,30111.1
1741723200000,0.88208,0.88352,0.88119,0.88335,4848.16
1741737600000,0.88335,0.88379,0.88278,0.88367,7609.09
1741752000000,0.88367,0.88398,0.88206,0.88273,8796.28
1741766400000,0.88275,0.88385,0.88148,0.88251,16295.9
1741780800000,0.88251,0.88519,0.87992,0.88271,43432.75
1741795200000,0.88272,0.88323,0.88162,0.88195,12296.03
1741809600000,0.88194,0.88204,0.88112,0.88178,2696.76
1741824000000,0.88178,0.88194,0.88091,0.88154,6755.05
1741838400000,0.88155,0.88301,0.88031,0.8815,12723.2
1741852800000,0.8815,0.88303,0.88087,0.88267,16777.9
1741867200000,0.88268,0.88544,0.88066,0.88487,33731.61
1741881600000,0.88488,0.88525,0.88283,0.88329,15495.03
1741896000000,0.88329,0.8834,0.88133,0.88265,3630.15
1741910400000,0.88264,0.88452,0.88211,0.88399,9316.71
1741924800000,0.88399,0.88457,0.88333,0.88409,10911.02
1741939200000,0.88408,0.88522,0.88293,0.88499,20681.68
1741953600000,0.88499,0.88637,0.88452,0.88546,33616.09
1741968000000,0.88546,0.88555,0.88416,0.88501,8975.75
1741982400000,0.88501,0.88512,0.88466,0.88466,2848.81
1742155200000,0.88447,0.88524,0.88333,0.88413,4663.41
1742169600000,0.88412,0.88474,0.88378,0.88417,6946.68
1742184000000,0.88413,0.88467,0.88359,0.88388,9342.01
1742198400000,0.88389,0.88408,0.88214,0.88259,16490.95
1742212800000,0.88258,0.88343,0.87974,0.88117,32470.53
1742227200000,0.88117,0.88128,0.8801,0.88036,7743.3
1742241600000,0.88036,0.88133,0.87957,0.88131,3224.72
1742256000000,0.88132,0.8816,0.88078,0.88112,6626.91
1742270400000,0.88112,0.88182,0.88061,0.88089,8502.08
1742284800000,0.88091,0.88107,0.87881,0.87976,19030.41
1742299200000,0.87976,0.88063,0.87696,0.87725,33214.69
1742313600000,0.87726,0.87759,0.87587,0.87646,12022.7
1742328000000,0.87646,0.87691,0.87609,0.87678,5386.82
1742342400000,0.87677,0.8776,0.87669,0.87691,4679.13
1742356800000,0.87692,0.87777,0.87663,0.87725,12540.06
1742371200000,0.87725,0.87999,0.8769,0.87882,21973.23
1742385600000,0.8788,0.88085,0.87791,0.87998,27637.46
1742400000000,0.87995,0.8809,0.87687,0.87794,21894.54
1742414400000,0.87797,0.87806,0.87643,0.87646,6227.04
1742428800000,0.87646,0.877,0.87554,0.87602,19116.67
1742443200000,0.87601,0.87747,0.87587,0.87729,17604.29
1742457600000,0.87727,0.88272,0.87632,0.88207,35657.48
1742472000000,0.88208,0.88425,0.88189,0.88264,26261.05
1742486400000,0.88261,0.88308,0.8813,0.882,8706.2
1742500800000,0.882,0.88219,0.88074,0.88168,4712.1
1742515200000,0.88168,0.88353,0.88144,0.88343,5040.59
1742529600000,0.88341,0.88398,0.88271,0.88335,10333.14
1742544000000,0.88336,0.88398,0.88018,0.88028,19267.46
1742558400000,0.88028,0.88363,0.87962,0.88334,47169.04
1742572800000,0.88332,0.88354,0.88252,0.88319,12475.23
1742587200000,0.88318,0.88338,0.8825,0.8825,1922.08
1742760000000,0.88271,0.88345,0.88241,0.88286,4314.48
1742774400000,0.88286,0.88388,0.88273,0.88377,6102.98
1742788800000,0.88378,0.88391,0.8823,0.88238,7049.39
1742803200000,0.8823,0.88293,0.87992,0.88136,19019.28
1742817600000,0.88135,0.88456,0.88118,0.88416,24048.9
1742832000000,0.88417,0.88417,0.88284,0.88303,10180.74
1742846400000,0.88305,0.88328,0.88254,0.88273,4026.55
1742860800000,0.88274,0.88344,0.88264,0.88296,4301.85
1742875200000,0.88296,0.88483,0.8826,0.88465,6153.91
1742889600000,0.88465,0.88469,0.88142,0.88207,15862.34
1742904000000,0.88207,0.88209,0.87999,0.88191,22899.55
1742918400000,0.88191,0.88274,0.88104,0.88232,8542.25
1742932800000,0.88233,0.88276,0.88216,0.8826,3311.3
1742947200000,0.88259,0.88365,0.88249,0.88343,5014.99
1742961600000,0.88342,0.88413,0.88332,0.88351,7690.71
1742976000000,0.88357,0.88396,0.88286,0.88393,14482.51
1742990400000,0.88392,0.88467,0.8831,0.88384,24398.77
1743004800000,0.88383,0.88502,0.88306,0.88449,12673.38
1743019200000,0.88448,0.88485,0.88218,0.88422,6319.31
1743033600000,0.88421,0.88422,0.88232,0.88248,6525.88
1743048000000,0.88248,0.88472,0.88195,0.884,10335.33
1743062400000,0.88402,0.88466,0.88338,0.88367,18598.11
1743076800000,0.88367,0.88398,0.88034,0.88174,32107.53
1743091200000,0.88172,0.88246,0.88134,0.88176,11615.62
1743105600000,0.88176,0.88204,0.88028,0.88162,4542.03
1743120000000,0.88162,0.88255,0.88162,0.88246,4973.01
1743134400000,0.88246,0.88276,0.88119,0.88168,7743.97
1743148800000,0.88166,0.88341,0.88108,0.88299,13073.58
1743163200000,0.883,0.88347,0.87993,0.88082,30029.21
1743177600000,0.88085,0.88227,0.88058,0.88155,10104.13
1743192000000,0.88154,0.88157,0.87993,0.87993,1930.41
1743364800000,0.87789,0.88126,0.87789,0.88087,4794.29
1743379200000,0.88087,0.88089,0.87836,0.87888,7835.18
1743393600000,0.87887,0.88087,0.87807,0.88082,13578.61
1743408000000,0.88083,0.88184,0.88045,0.88107,18373.38
1743422400000,0.88105,0.8853,0.88098,0.88434,29036.89
1743436800000,0.88434,0.88549,0.88404,0.88448,10284.18
1743451200000,0.88449,0.88475,0.88356,0.88387,5261.78
1743465600000,0.88389,0.88389,0.88291,0.88292,6073.35
1743480000000,0.88296,0.88434,0.8826,0.88299,10339.3
1743494400000,0.88301,0.88304,0.88174,0.88261,15739.62
1743508800000,0.88262,0.88378,0.88165,0.88264,27303.01
1743523200000,0.88265,0.88417,0.88252,0.88384,10438.59
1743537600000,0.88384,0.88395,0.88118,0.8837,4826.41
1743552000000,0.88368,0.88423,0.88314,0.88337,4708.26
1743566400000,0.88338,0.88479,0.88331,0.88453,8810.63
1743580800000,0.88454,0.88482,0.883,0.88326,12902.59
1743595200000,0.88328,0.8839,0.88148,0.88186,28119.25
1743609600000,0.88186,0.8838,0.8818,0.88264,11150.37
1743624000000,0.88264,0.88392,0.87633,0.87685,33432.94
1743638400000,0.87686,0.87903,0.87494,0.87569,31708.34
1743652800000,0.87572,0.8761,0.86812,0.86838,35505.57
1743667200000,0.86837,0.86913,0.85891,0.86031,43182.97
1743681600000,0.86027,0.86084,0.85466,0.85899,61053.78
1743696000000,0.85897,0.86184,0.8588,0.85937,27262.81
1743710400000,0.85937,0.86004,0.85659,0.85913,10508.56
1743724800000,0.85915,0.85961,0.85294,0.85314,20373
1743739200000,0.85313,0.85612,0.85236,0.85515,28588.18
1743753600000,0.85514,0.857,0.84764,0.85064,66691.33
1743768000000,0.85063,0.85767,0.84887,0.85468,90791.39
1743782400000,0.85467,0.86255,0.85429,0.86175,50144.48
1743796800000,0.86175,0.86229,0.8598,0.85984,4489.32
1743969600000,0.85521,0.85586,0.84957,0.85163,26356.04
1743984000000,0.85162,0.85836,0.85139,0.85584,40582.62
1743998400000,0.85587,0.85631,0.84501,0.84805,50355.77
1744012800000,0.84804,0.85551,0.84722,0.85537,64126.41
1744027200000,0.85538,0.86735,0.85385,0.85984,107153.26
1744041600000,0.85983,0.86068,0.85551,0.85793,54424.17
1744056000000,0.85793,0.86046,0.85721,0.85975,13426.21
1744070400000,0.85974,0.86008,0.85618,0.85679,24317.66
1744084800000,0.8568,0.86012,0.85431,0.86001,27335.92
1744099200000,0.86002,0.86011,0.85436,0.85448,37097.55
1744113600000,0.85445,0.85856,0.85204,0.8561,53685.02
1744128000000,0.85607,0.85734,0.84552,0.84798,54080.73
1744142400000,0.84799,0.8493,0.84487,0.84599,23330.19
1744156800000,0.846,0.84627,0.84211,0.84385,46468.91
1744171200000,0.84384,0.84593,0.83812,0.84553,69175.51
1744185600000,0.84551,0.84661,0.83842,0.84051,63782.11
1744200000000,0.8405,0.84237,0.83589,0.84137,78612.29
1744214400000,0.84135,0.85829,0.8401,0.85703,77962.75
1744228800000,0.85702,0.85769,0.85414,0.85554,23938.16
1744243200000,0.85552,0.85577,0.85141,0.85203,35078.56
1744257600000,0.85204,0.85745,0.8495,0.84989,37934.9
1744272000000,0.8499,0.85032,0.83898,0.83978,41834.72
1744286400000,0.83981,0.83999,0.82492,0.82825,72928.6
1744300800000,0.82824,0.82938,0.82308,0.82454,54949.03
1744315200000,0.82454,0.82561,0.8204,0.82085,24289.54
1744329600000,0.82087,0.82144,0.81402,0.81716,64525.58
1744344000000,0.81717,0.82573,0.81568,0.81599,58256.01
1744358400000,0.81601,0.82124,0.811,0.81567,79803.28
1744372800000,0.81567,0.81722,0.80989,0.81535,79404.99
1744387200000,0.81539,0.81932,0.81461,0.81562,28731.85
1744401600000,0.81562,0.81606,0.81431,0.81431,5051.13
1744574400000,0.81778,0.81934,0.81687,0.81812,17823.66
1744588800000,0.8181,0.81858,0.81343,0.81713,33498.23
1744603200000,0.81713,0.81904,0.81205,0.81796,44745.22
1744617600000,0.81795,0.82069,0.81532,0.81953,35405.85
1744632000000,0.81953,0.82678,0.81191,0.81397,66568.67
1744646400000,0.81396,0.81648,0.81209,0.81353,27294.76
1744660800000,0.81353,0.81646,0.81343,0.8163,11818.46
1744675200000,0.81631,0.81806,0.81609,0.81693,14333.86
1744689600000,0.81692,0.81881,0.81495,0.81574,22089.9
1744704000000,0.81575,0.817,0.81318,0.81534,28403.11
1744718400000,0.81533,0.82118,0.8149,0.82089,43597.95
1744732800000,0.82088,0.82307,0.82026,0.82291,15179.59
1744747200000,0.82288,0.8239,0.82011,0.82055,11731.91
1744761600000,0.82053,0.82073,0.81536,0.81543,22132.92
1744776000000,0.81543,0.81734,0.81284,0.81367,31302.85
1744790400000,0.81365,0.82006,0.81334,0.81566,41913.74
1744804800000,0.81566,0.81706,0.813,0.81419,45953.23
1744819200000,0.81419,0.81662,0.81206,0.81364,28721.84
1744833600000,0.81363,0.81393,0.81216,0.81385,12902.63
1744848000000,0.81384,0.81823,0.81365,0.81701,20612.97
1744862400000,0.817,0.81992,0.81623,0.81777,24619.26
1744876800000,0.81777,0.81869,0.81598,0.81709,29616.99
1744891200000,0.81712,0.82113,0.81592,0.82033,46187.08
1744905600000,0.82032,0.8231,0.81825,0.81911,20638.86
1744920000000,0.81911,0.81954,0.81752,0.81863,6453.97
1744934400000,0.81861,0.81898,0.81741,0.81798,128967.97
1744948800000,0.81797,0.82046,0.8176,0.81808,125538.03
1744963200000,0.81807,0.81923,0.81767,0.81793,110237.82
1744977600000,0.81786,0.81854,0.81676,0.81729,90442.95
1744992000000,0.81726,0.81755,0.81618,0.81665,110375.43
1745006400000,0.81667,0.81678,0.81548,0.81564,21910.57
1745179200000,0.81597,0.81787,0.81196,0.81244,12127
1745193600000,0.81245,0.81251,0.80689,0.80866,22160.68
1745208000000,0.80868,0.80987,0.80414,0.80442,19116.93
1745222400000,0.80442,0.808,0.80391,0.80555,24312.39
1745236800000,0.80554,0.80836,0.80455,0.80685,30142.06
1745251200000,0.80685,0.80846,0.80648,0.80843,14167.32
1745265600000,0.80843,0.80931,0.80656,0.80908,7090.45
1745280000000,0.80908,0.81244,0.80716,0.80755,20320.62
1745294400000,0.80755,0.81169,0.80666,0.81053,31426.5
1745308800000,0.81052,0.81288,0.80875,0.81107,32972.84
1745323200000,0.81107,0.81508,0.81093,0.81502,38606.53
1745337600000,0.81502,0.81911,0.81408,0.81854,26753.76
1745352000000,0.81854,0.82869,0.81648,0.82611,22799.69
1745366400000,0.8261,0.8263,0.8206,0.82394,24154.04
1745380800000,0.82394,0.82439,0.82053,0.82248,31606.02
1745395200000,0.82246,0.82483,0.8197,0.82235,33331.63
1745409600000,0.82244,0.82843,0.82078,0.82709,64019.42
1745424000000,0.8271,0.83018,0.82653,0.82996,22899.5
1745438400000,0.82994,0.83111,0.8277,0.82964,8781.95
1745452800000,0.82963,0.83017,0.82756,0.82881,17212.86
1745467200000,0.82879,0.82918,0.82587,0.82676,20103.74
1745481600000,0.82677,0.82758,0.8239,0.82579,28125.65
1745496000000,0.82581,0.82843,0.82512,0.82722,39119.21
1745510400000,0.82719,0.82879,0.82648,0.82734,17170.53
1745524800000,0.82734,0.8288,0.82543,0.82852,8329.83
1745539200000,0.82853,0.83225,0.82847,0.83213,17676.88
1745553600000,0.83216,0.83342,0.82955,0.83073,31432.23
1745568000000,0.83071,0.83144,0.82817,0.8297,28882.2
1745582400000,0.8297,0.83138,0.82837,0.82851,33824.5
1745596800000,0.82851,0.82938,0.82664,0.82791,12251.27
1745611200000,0.82791,0.82849,0.82713,0.82713,2055.35
1745784000000,0.82794,0.82925,0.82594,0.8285,6047.47
1745798400000,0.82853,0.82923,0.82721,0.82824,11669.95
1745812800000,0.82825,0.83161,0.82672,0.83133,17666.78
1745827200000,0.83133,0.83186,0.82853,0.8297,21132.88
1745841600000,0.8297,0.83065,0.82425,0.82546,33868.94
1745856000000,0.82543,0.82547,0.81993,0.82059,19043.82
1745870400000,0.82059,0.8217,0.81953,0.82128,6141.9
1745884800000,0.82127,0.82394,0.8208,0.82379,12932.15
1745899200000,0.82378,0.82477,0.8221,0.82333,17653.21
1745913600000,0.82333,0.82639,0.82293,0.82566,22165.54
1745928000000,0.82566,0.82587,0.82165,0.82406,40069.03
1745942400000,0.82408,0.82484,0.82205,0.82408,16318.89
1745956800000,0.82411,0.82413,0.8224,0.82323,5347.46
1745971200000,0.82321,0.8246,0.82263,0.8239,10893.77
1745985600000,0.8239,0.82541,0.82302,0.82487,16388.33
1746000000000,0.82486,0.82631,0.82432,0.82534,21356.65
1746014400000,0.82535,0.82568,0.82135,0.82272,51625.47
1746028800000,0.82273,0.8253,0.82182,0.82522,20886.03
1746043200000,0.82523,0.82726,0.82362,0.82606,7671.03
1746057600000,0.82605,0.82786,0.82535,0.82678,9978.2
1746072000000,0.82672,0.82887,0.82653,0.82717,17909.56
1746086400000,0.82716,0.82821,0.82556,0.82791,20334.33
1746100800000,0.82793,0.83329,0.82652,0.83199,46895.3
1746115200000,0.83202,0.83242,0.82915,0.8296,17245.77
1746129600000,0.82959,0.82992,0.82856,0.829,5533.45
1746144000000,0.829,0.8318,0.82829,0.82837,11842.64
1746158400000,0.82836,0.82956,0.82611,0.82727,19911.93
1746172800000,0.82728,0.82776,0.82053,0.82345,26238.49
1746187200000,0.82343,0.82758,0.82268,0.82621,56424.72
1746201600000,0.82621,0.82802,0.82607,0.82643,21085.7
1746216000000,0.82644,0.82685,0.82602,0.82645,1903.14
1746388800000,0.82414,0.82644,0.82377,0.8242,4905.88
1746403200000,0.82419,0.82476,0.82195,0.82349,11378.64
1746417600000,0.82348,0.82748,0.82266,0.82645,21757.14
1746432000000,0.82647,0.82681,0.82231,0.82323,23760.54
1746446400000,0.82324,0.82399,0.82138,0.82389,26274.92
1746460800000,0.8239,0.82479,0.82225,0.82235,12382.82
1746475200000,0.82234,0.8227,0.82084,0.82214,4669.4
1746489600000,0.82212,0.82536,0.82212,0.82307,16469.63
1746504000000,0.82308,0.82497,0.82214,0.82393,19553.7
1746518400000,0.82392,0.8265,0.82237,0.8246,30971.9
1746532800000,0.82458,0.82581,0.82253,0.82419,34446.39
1746547200000,0.82418,0.82533,0.82126,0.82149,13836.01
1746561600000,0.82151,0.82657,0.82084,0.82591,13969.02
1746576000000,0.82592,0.82717,0.82469,0.8254,19620.62
1746590400000,0.8254,0.82567,0.82303,0.82546,18961.91
1746604800000,0.82547,0.82621,0.82252,0.82491,23010.78
1746619200000,0.82491,0.82492,0.81935,0.82139,29855.69
1746633600000,0.82142,0.82404,0.81852,0.8233,32187.37
1746648000000,0.82331,0.82437,0.8221,0.8241,6018.3
1746662400000,0.82409,0.82425,0.82233,0.82316,18464.66
1746676800000,0.82317,0.82914,0.82296,0.82728,26962.68
1746691200000,0.82726,0.82796,0.82486,0.82503,26132.48
1746705600000,0.82503,0.82985,0.82313,0.82916,48400.96
1746720000000,0.82919,0.8332,0.82885,0.83115,22771.89
1746734400000,0.83116,0.83199,0.82913,0.83164,6261.06
1746748800000,0.83164,0.83407,0.8307,0.83157,16037.18
1746763200000,0.83158,0.83207,0.82984,0.83053,20751.05
1746777600000,0.83051,0.83247,0.82989,0.83056,20856.43
1746792000000,0.83055,0.8317,0.8269,0.82979,31224.13
1746806400000,0.82978,0.83157,0.82931,0.8309,12297.61
1746820800000,0.83091,0.83162,0.83084,0.83093,3320.41
1746993600000,0.83442,0.83479,0.83333,0.83394,7801.11
1747008000000,0.83394,0.83499,0.83304,0.83333,17648.85
1747022400000,0.83334,0.84575,0.83321,0.84533,38589.29
1747036800000,0.84536,0.84749,0.84123,0.84212,51088.37
1747051200000,0.84211,0.84426,0.84099,0.84268,43341.16
1747065600000,0.84269,0.8476,0.84219,0.84525,18025.02
1747080000000,0.84522,0.8457,0.84445,0.84481,7665.94
1747094400000,0.84482,0.84494,0.84269,0.84275,17633.65
1747108800000,0.84274,0.84411,0.84061,0.84061,22134.04
1747123200000,0.84061,0.84239,0.83949,0.84194,22488.19
1747137600000,0.84192,0.84341,0.84044,0.84115,44881.18
1747152000000,0.84116,0.84254,0.83935,0.83947,15894.05
1747166400000,0.83947,0.83977,0.83858,0.83946,7192.23
1747180800000,0.83944,0.84015,0.83805,0.83846,18419.54
1747195200000,0.83845,0.83991,0.83783,0.83821,22324.67
1747209600000,0.83821,0.83825,0.83241,0.83691,45035.34
1747224000000,0.83693,0.84057,0.83602,0.83972,46116.27
1747238400000,0.83972,0.84355,0.83929,0.84309,22893.97
1747252800000,0.84312,0.84328,0.84077,0.8413,6721.87
1747267200000,0.84128,0.84178,0.83892,0.83937,17321.96
1747281600000,0.83937,0.84057,0.83696,0.83791,26308.55
1747296000000,0.83793,0.83925,0.83589,0.83886,26286.88
1747310400000,0.83886,0.83891,0.83459,0.83591,43960.75
1747324800000,0.8359,0.83733,0.83505,0.83546,15250.23
1747339200000,0.83546,0.83593,0.83476,0.83484,6846.73
1747353600000,0.83485,0.83491,0.83279,0.83411,18527.91
1747368000000,0.8341,0.83478,0.83264,0.83312,19911.06
1747382400000,0.83313,0.83797,0.83313,0.8378,20849.3
1747396800000,0.83779,0.83988,0.83646,0.83959,28445.36
1747411200000,0.8396,0.84006,0.83859,0.83908,13887.27
1747425600000,0.8391,0.8391,0.83687,0.8375,3098.71
1747598400000,0.83499,0.83622,0.83418,0.83527,6515.46
1747612800000,0.83528,0.8365,0.83442,0.83595,23788.43
1747627200000,0.83596,0.83654,0.83272,0.83355,27601.75
1747641600000,0.83354,0.8343,0.83183,0.83343,31023.22
1747656000000,0.83343,0.83466,0.83184,0.83417,34240.2
1747670400000,0.83416,0.83541,0.83406,0.83429,19194.15
1747684800000,0.83429,0.83524,0.83278,0.83502,7934.91
1747699200000,0.83502,0.83624,0.83343,0.83418,24251.58
1747713600000,0.8342,0.83456,0.83091,0.83154,29162.39
1747728000000,0.83155,0.834,0.83147,0.83291,27336.35
1747742400000,0.83292,0.83475,0.83072,0.83209,34209.42
1747756800000,0.8321,0.83287,0.82925,0.82957,20958.3
1747771200000,0.82957,0.82971,0.82587,0.8267,8920.63
1747785600000,0.8267,0.82684,0.82199,0.82257,28810.56
1747800000000,0.82258,0.82488,0.82092,0.82414,32169.09
1747814400000,0.82415,0.8263,0.8225,0.82557,31018.78
1747828800000,0.82555,0.82655,0.82378,0.82503,44092.01
1747843200000,0.82503,0.82583,0.82265,0.82578,29031.49
1747857600000,0.8258,0.82639,0.82396,0.82484,8804.93
1747872000000,0.82484,0.82563,0.82333,0.8245,22321.19
1747886400000,0.82452,0.82606,0.82435,0.82456,23270.39
1747900800000,0.82456,0.82711,0.82419,0.82591,26784.13
1747915200000,0.82591,0.82999,0.82527,0.82916,40121.17
1747929600000,0.82918,0.83062,0.82817,0.82866,19207.58
1747944000000,0.82866,0.82911,0.82785,0.82833,5830.86
1747958400000,0.8283,0.82886,0.82622,0.82657,18937.86
1747972800000,0.82659,0.82718,0.82544,0.82578,19621.21
1747987200000,0.82578,0.82698,0.82107,0.82281,37180.99
1748001600000,0.82282,0.82438,0.82098,0.8214,53627.45
1748016000000,0.82139,0.82228,0.82041,0.82076,15396.68
1748030400000,0.82076,0.82123,0.82041,0.82052,3526.67
1748203200000,0.82012,0.82271,0.82005,0.82232,11762.52
1748217600000,0.82232,0.82269,0.8192,0.82019,20085.17
1748232000000,0.8202,0.82139,0.81973,0.82136,20488.63
1748246400000,0.82133,0.82256,0.82063,0.82239,13065.58
1748260800000,0.82238,0.82327,0.81984,0.82051,12406.94
1748275200000,0.82057,0.82084,0.82013,0.82072,5456.72
1748289600000,0.82072,0.82145,0.81935,0.82036,7121.83
1748304000000,0.82034,0.82034,0.81874,0.82033,15940.45
1748318400000,0.82032,0.82529,0.81999,0.82497,27418.04
1748332800000,0.82497,0.82734,0.82423,0.82646,24684.59
1748347200000,0.82644,0.82794,0.82451,0.82779,29968.63
1748361600000,0.82778,0.82795,0.8266,0.82741,14083.8
1748376000000,0.82744,0.82753,0.82427,0.82715,6915.27
1748390400000,0.82715,0.82892,0.82638,0.8279,21231.12
1748404800000,0.82788,0.82907,0.82536,0.82585,20885.92
1748419200000,0.82584,0.82799,0.82569,0.82713,25668.32
1748433600000,0.82714,0.82857,0.82447,0.82766,35265.37
1748448000000,0.82765,0.82766,0.8265,0.82707,15256.49
1748462400000,0.82708,0.83473,0.82628,0.83262,18788.47
1748476800000,0.83264,0.83471,0.83148,0.83223,34762.86
1748491200000,0.83225,0.83378,0.82915,0.82977,26907.25
1748505600000,0.82977,0.83043,0.8272,0.82845,26359.81
1748520000000,0.82847,0.82847,0.82265,0.82275,44741.54
1748534400000,0.82275,0.82393,0.82175,0.82303,16946.94
1748548800000,0.82301,0.82337,0.82087,0.82201,8406.08
1748563200000,0.82199,0.82338,0.81987,0.82306,22676.27
1748577600000,0.82304,0.8248,0.82225,0.82394,22254.7
1748592000000,0.82395,0.82489,0.82317,0.82399,21817.9
1748606400000,0.82399,0.8245,0.82113,0.82294,48990.11
1748620800000,0.82296,0.82306,0.82119,0.82266,19646.73
1748635200000,0.82266,0.8233,0.82176,0.82176,3792.03
1748808000000,0.82241,0.82365,0.82131,0.82222,5618.97
1748822400000,0.82222,0.823,0.8209,0.82234,15830.02
1748836800000,0.82233,0.8227,0.81713,0.81793,22514.15
1748851200000,0.81793,0.81898,0.81565,0.81784,24774.07
1748865600000,0.81786,0.81911,0.81565,0.8174,34071.34
1748880000000,0.81739,0.81847,0.81662,0.81668,14078.14
1748894400000,0.8167,0.81735,0.81588,0.81592,5196.14
1748908800000,0.81593,0.81883,0.8158,0.81851,14892.92
1748923200000,0.81852,0.81866,0.81685,0.81782,17393.14
1748937600000,0.8178,0.82165,0.81762,0.82112,19345.08
1748952000000,0.82111,0.8247,0.82087,0.82426,32379.77
1748966400000,0.82426,0.82442,0.82326,0.82414,10295.61
1748980800000,0.82411,0.82415,0.82278,0.82294,4286.22
1748995200000,0.82294,0.82433,0.8224,0.82423,15706.62
1749009600000,0.82423,0.82497,0.82242,0.82317,19991.13
1749024000000,0.82318,0.82419,0.82188,0.82359,16839.65
1749038400000,0.82358,0.82365,0.81765,0.81832,37782.51
1749052800000,0.81832,0.8191,0.81699,0.81874,13281.34
1749067200000,0.81876,0.8189,0.81664,0.81813,6423.11
1749081600000,0.81814,0.8194,0.81715,0.81922,16900.39
1749096000000,0.81923,0.82052,0.8186,0.82017,15205.73
1749110400000,0.82018,0.82082,0.81879,0.81947,15756.91
1749124800000,0.81948,0.82146,0.81719,0.821,57402.66
1749139200000,0.82101,0.82141,0.819,0.82017,20962.22
1749153600000,0.82016,0.82033,0.81858,0.81928,4915.06
1749168000000,0.81929,0.82075,0.8192,0.82011,14778.48
1749182400000,0.82011,0.82196,0.82003,0.8207,15032.47
1749196800000,0.8207,0.82234,0.82069,0.82208,15587.02
1749211200000,0.82207,0.82478,0.82104,0.82201,49473.63
1749225600000,0.82201,0.82323,0.82158,0.82177,14849.45
1749240000000,0.82177,0.82236,0.82166,0.82199,1820.06
1749412800000,0.82126,0.8222,0.82082,0.82133,3421.02
1749427200000,0.82133,0.8225,0.82037,0.82117,11416.79
1749441600000,0.82119,0.82123,0.81955,0.81987,15184.34
1749456000000,0.81986,0.82148,0.81921,0.82089,15998.66
1749470400000,0.82089,0.82256,0.82037,0.82049,19965.83
1749484800000,0.82047,0.82159,0.82044,0.82147,5947.48
1749499200000,0.82148,0.82183,0.8209,0.82129,3719.4
1749513600000,0.82131,0.82415,0.82093,0.82235,13519.58
1749528000000,0.82234,0.8236,0.82097,0.82199,21418.36
1749542400000,0.822,0.82218,0.82074,0.82129,16989.1
1749556800000,0.82128,0.82296,0.82035,0.82195,23744.84
1749571200000,0.82194,0.82329,0.82176,0.82276,9068.33
1749585600000,0.82278,0.82295,0.82188,0.82203,5859.41
1749600000000,0.82202,0.8232,0.8212,0.82261,11959.94
1749614400000,0.82263,0.82344,0.82222,0.82255,12658.61
1749628800000,0.82255,0.82286,0.82134,0.82249,14547.47
1749643200000,0.82248,0.82291,0.81845,0.81947,36388.76
1749657600000,0.81947,0.82074,0.81926,0.82047,9964.96
1749672000000,0.82046,0.82073,0.81826,0.81844,8239
1749686400000,0.81845,0.81881,0.81591,0.81652,18151.67
1749700800000,0.81653,0.81757,0.81491,0.81499,18445.58
1749715200000,0.815,0.8153,0.81145,0.81259,31191.25
1749729600000,0.81261,0.8142,0.81021,0.81253,37710.55
1749744000000,0.81253,0.81289,0.81103,0.81116,14215.93
1749758400000,0.81117,0.81138,0.80763,0.80764,6295.6
1749772800000,0.80765,0.80925,0.80555,0.80908,45270.62
1749787200000,0.80908,0.81197,0.80873,0.81189,31882.89
1749801600000,0.8119,0.81482,0.81136,0.81287,27895.19
1749816000000,0.81289,0.81399,0.81109,0.8116,31409.76
1749830400000,0.81159,0.81213,0.81069,0.81086,15988.48
1749844800000,0.81086,0.8115,0.81061,0.81118,3235.52
1750017600000,0.81103,0.81233,0.81066,0.81185,31819.67
1750032000000,0.81184,0.81313,0.81077,0.813,14923.64
1750046400000,0.81302,0.8134,0.81067,0.81183,19520.91
1750060800000,0.81183,0.81276,0.81004,0.8111,16428.37
1750075200000,0.81109,0.81192,0.80885,0.81151,30937.63
1750089600000,0.81149,0.81463,0.8111,0.81458,10853.52
1750104000000,0.81459,0.81467,0.81238,0.81353,7479.68
1750118400000,0.81353,0.81459,0.81347,0.8137,18644.64
1750132800000,0.81369,0.81376,0.812,0.81256,16660.33
1750147200000,0.81256,0.81341,0.81207,0.81305,16389.53
1750161600000,0.81307,0.81644,0.81216,0.81414,29829
1750176000000,0.81412,0.81713,0.81323,0.81639,18874.85
1750190400000,0.81639,0.81724,0.81442,0.81686,6604.56
1750204800000,0.81689,0.81713,0.81602,0.81641,13881.9
1750219200000,0.8164,0.81714,0.81533,0.81654,13281
1750233600000,0.81654,0.81815,0.81643,0.81727,14924.78
1750248000000,0.81731,0.81828,0.8162,0.8174,27908.72
1750262400000,0.81738,0.81989,0.81557,0.8192,32256.71
1750276800000,0.81924,0.81938,0.81776,0.81913,8232.26
1750291200000,0.81913,0.82051,0.81871,0.81971,14732.64
1750305600000,0.81969,0.8215,0.8179,0.81863,19469.95
1750320000000,0.81864,0.81941,0.81557,0.81744,22755.9
1750334400000,0.81744,0.81943,0.81702,0.81896,19506.97
1750348800000,0.81896,0.8192,0.81571,0.81609,7743.65
1750363200000,0.81606,0.81713,0.81552,0.81639,5802.55
1750377600000,0.81637,0.81705,0.81578,0.81608,18087.84
1750392000000,0.81609,0.81703,0.81518,0.81608,16115.17
1750406400000,0.81609,0.8179,0.81572,0.81702,14137.6
1750420800000,0.81702,0.81831,0.8163,0.8175,28129.62
1750435200000,0.81751,0.81816,0.81623,0.81807,11150.02
1750449600000,0.81805,0.81836,0.81767,0.81767,2580.41
1750622400000,0.8166,0.8186,0.81643,0.81776,9333.25
1750636800000,0.81774,0.81946,0.81716,0.81768,19779.54
1750651200000,0.81769,0.81835,0.81583,0.81684,20386.99
1750665600000,0.81684,0.81909,0.81651,0.81755,19289.33
1750680000000,0.81757,0.81938,0.81218,0.81333,35428.14
1750694400000,0.81333,0.81437,0.81156,0.81182,23690.23
1750708800000,0.81182,0.81279,0.81101,0.81267,9892.15
1750723200000,0.81268,0.81309,0.81123,0.81162,17784.29
1750737600000,0.81161,0.81254,0.81042,0.81179,22104.12
1750752000000,0.81181,0.81205,0.8085,0.80852,20689.51
1750766400000,0.80854,0.80945,0.80394,0.80494,36812.87
1750780800000,0.80494,0.80567,0.80343,0.80513,12501.72
1750795200000,0.80513,0.80563,0.80434,0.80516,4963.82
1750809600000,0.80517,0.8056,0.80424,0.80555,11660.51
1750824000000,0.80555,0.80579,0.80401,0.8053,12498.33
1750838400000,0.80531,0.80799,0.805,0.80663,16968.21
1750852800000,0.80661,0.80746,0.80532,0.80572,18890.28
1750867200000,0.80566,0.80574,0.80393,0.80469,9070.52
1750881600000,0.80467,0.80519,0.80365,0.80377,6544.87
1750896000000,0.80376,0.80434,0.80235,0.80323,14074.32
1750910400000,0.80324,0.80411,0.80098,0.80134,19087.64
1750924800000,0.80134,0.8021,0.79802,0.80181,23776.16
1750939200000,0.80182,0.802,0.79845,0.799,37064.2
1750953600000,0.799,0.80008,0.79778,0.79986,13582.53
1750968000000,0.79986,0.80143,0.7986,0.80079,7324.91
1750982400000,0.80077,0.80152,0.8,0.80066,14323.5
1750996800000,0.80067,0.80178,0.79904,0.79939,15750.6
1751011200000,0.79938,0.7995,0.79777,0.79876,20399.58
1751025600000,0.79875,0.80072,0.79573,0.79892,38339.37
1751040000000,0.79893,0.80067,0.79852,0.79973,18062.48
1751054400000,0.79974,0.79975,0.79848,0.79873,2695.57
1751227200000,0.79851,0.79915,0.79811,0.79827,8541.27
1751241600000,0.79826,0.79943,0.79813,0.79921,11091.09
1751256000000,0.79921,0.79927,0.79724,0.79902,16187.38
1751270400000,0.79906,0.79936,0.79624,0.7973,20389.27
1751284800000,0.7973,0.79825,0.79382,0.79386,33158.62
1751299200000,0.79388,0.79534,0.793,0.79337,13672.14
1751313600000,0.79337,0.79345,0.79271,0.79279,5231.36
1751328000000,0.79279,0.79305,0.79145,0.79225,10194.92
1751342400000,0.79226,0.79278,0.7903,0.79035,14306.7
1751356800000,0.79037,0.79092,0.78718,0.78838,23642.11
1751371200000,0.7884,0.79357,0.78837,0.79291,37538.08
1751385600000,0.7929,0.79433,0.79202,0.79231,12715.6
1751400000000,0.79231,0.79231,0.79013,0.79066,4533.86
1751414400000,0.79066,0.79158,0.79031,0.7909,8876.66
1751428800000,0.7909,0.79342,0.79078,0.79277,12887.05
1751443200000,0.79277,0.7935,0.79189,0.79335,15111.95
1751457600000,0.79332,0.79411,0.79113,0.79216,32302.25
1751472000000,0.79215,0.79237,0.79116,0.79126,8496.85
1751486400000,0.79128,0.79208,0.79056,0.79168,4393.75
1751500800000,0.7917,0.79181,0.79092,0.79167,6695.72
1751515200000,0.79167,0.79206,0.79004,0.79136,10060.14
1751529600000,0.79137,0.79365,0.79087,0.79337,12463.29
1751544000000,0.79335,0.79864,0.79308,0.79515,41511.81
1751558400000,0.79515,0.79627,0.79498,0.79565,7808.5
1751572800000,0.79567,0.79576,0.79379,0.79426,7847.34
1751587200000,0.79426,0.79496,0.79345,0.79371,10579.62
1751601600000,0.79372,0.79404,0.79215,0.79387,11269.38
1751616000000,0.79386,0.79419,0.79295,0.79393,12034.98
1751630400000,0.79394,0.79438,0.79261,0.79324,12393.88
1751644800000,0.79327,0.79508,0.79315,0.795,57613.97
1751659200000,0.795,0.79522,0.79307,0.7931,25323.79
1751832000000,0.79362,0.79477,0.79307,0.79413,3794.78
1751846400000,0.79412,0.79487,0.7935,0.79474,12384.88
1751860800000,0.79473,0.79635,0.79438,0.79634,30297.02
1751875200000,0.79637,0.79757,0.79616,0.79738,17036.8
1751889600000,0.79737,0.79836,0.7959,0.79694,16718.22
1751904000000,0.79692,0.79905,0.7964,0.79803,18513.55
1751918400000,0.79802,0.79853,0.79678,0.79716,6513.14
1751932800000,0.79716,0.79765,0.79616,0.79629,14062.7
1751947200000,0.7963,0.7974,0.79561,0.79597,14152.43
1751961600000,0.79597,0.79771,0.79595,0.79769,13751.78
1751976000000,0.79768,0.79943,0.7969,0.79711,20758.92
1751990400000,0.7971,0.79751,0.79529,0.79613,14205.08
1752004800000,0.79613,0.79644,0.79546,0.79594,5645.84
1752019200000,0.79591,0.79768,0.79584,0.79766,11038.31
1752033600000,0.79769,0.79787,0.79592,0.79716,12178.31
1752048000000,0.79715,0.79749,0.79533,0.79735,13708.87
1752062400000,0.79734,0.79744,0.79389,0.79565,24444.24
1752076800000,0.79565,0.79575,0.79429,0.79451,8719.33
1752091200000,0.79452,0.79513,0.79249,0.79262,7376.24
1752105600000,0.79261,0.79415,0.79191,0.79402,8141.53
1752120000000,0.79402,0.795,0.79363,0.79411,10822.95
1752134400000,0.79411,0.79575,0.79371,0.79555,10816.27
1752148800000,0.79554,0.79872,0.79535,0.79708,23753.35
1752163200000,0.79709,0.79791,0.79612,0.79658,9815.88
1752177600000,0.7966,0.79687,0.79559,0.79669,6501.1
1752192000000,0.7967,0.79814,0.79656,0.79737,11080.41
1752206400000,0.79736,0.79793,0.79643,0.79662,11166.63
1752220800000,0.79661,0.79748,0.79534,0.79627,12794.55
1752235200000,0.79628,0.79742,0.7954,0.79616,21651.41
1752249600000,0.79617,0.7972,0.79595,0.79686,9251.85
1752264000000,0.79685,0.79724,0.79597,0.79597,2146.04
1752436800000,0.79714,0.7977,0.79609,0.79674,5713.61
1752451200000,0.79677,0.79738,0.79563,0.79684,9230.37
1752465600000,0.79685,0.79845,0.79682,0.79755,10646.26
1752480000000,0.79756,0.7976,0.79602,0.79607,12135.19
1752494400000,0.79608,0.79781,0.79548,0.79768,19058.93
1752508800000,0.7977,0.79821,0.79741,0.79805,9952.62
1752523200000,0.79806,0.79825,0.79694,0.79806,3885.58
1752537600000,0.79807,0.79807,0.79659,0.79693,5912.75
1752552000000,0.79692,0.79702,0.79532,0.79576,8533.92
1752566400000,0.79577,0.79702,0.79546,0.79666,10358.94
1752580800000,0.79666,0.80176,0.79552,0.80038,37752.02
1752595200000,0.8004,0.80242,0.80027,0.8019,12322.36
1752609600000,0.8019,0.80196,0.80099,0.80143,6402.21
1752624000000,0.80143,0.80212,0.80126,0.80188,7926.83
1752638400000,0.80188,0.802,0.80036,0.80134,8772.85
1752652800000,0.80134,0.80458,0.80108,0.80398,10724.26
1752667200000,0.80395,0.80613,0.79464,0.80148,55597.49
1752681600000,0.80147,0.80215,0.7991,0.80089,25893.68
1752696000000,0.80089,0.80113,0.79926,0.80093,7780.98
1752710400000,0.80095,0.80288,0.80084,0.80278,9204.93
1752724800000,0.8028,0.80562,0.80202,0.80405,11950.97
1752739200000,0.80406,0.80561,0.80289,0.80506,12354.47
1752753600000,0.80505,0.80641,0.80374,0.80434,25070.01
1752768000000,0.80434,0.80601,0.80374,0.80393,8042.55
1752782400000,0.80395,0.80447,0.80249,0.80291,5515.43
1752796800000,0.80289,0.80315,0.8021,0.80258,6512.57
1752811200000,0.80256,0.80363,0.80232,0.80233,6693.06
1752825600000,0.80232,0.80264,0.80065,0.80069,11463.89
1752840000000,0.80068,0.80088,0.79846,0.80009,20695.07
1752854400000,0.8001,0.80193,0.79979,0.80154,12378.65
1752868800000,0.80156,0.80177,0.80084,0.80087,3410.34
1753041600000,0.79972,0.8017,0.79921,0.80122,6041.5
1753056000000,0.80122,0.80221,0.80076,0.80171,10709.92
1753070400000,0.80173,0.80188,0.80016,0.80063,10219.04
1753084800000,0.80063,0.80133,0.79894,0.79902,11542.94
1753099200000,0.79901,0.79959,0.7965,0.7973,24281.94
1753113600000,0.79735,0.79837,0.79699,0.79833,22724.54
1753128000000,0.79835,0.79849,0.79728,0.7981,7213.88
1753142400000,0.79809,0.79915,0.79759,0.79828,6934.97
1753156800000,0.79827,0.79877,0.79697,0.79737,10270.79
1753171200000,0.79737,0.7978,0.79651,0.79677,10570.18
1753185600000,0.79676,0.79832,0.79258,0.79263,24675.54
1753200000000,0.79262,0.79312,0.79201,0.79245,8985.04
1753214400000,0.79246,0.79383,0.79162,0.79373,7673.59
1753228800000,0.79373,0.79403,0.79271,0.79322,14856.1
1753243200000,0.79322,0.79445,0.79149,0.79179,20926.1
1753257600000,0.79176,0.79371,0.79106,0.79333,19069.96
1753272000000,0.79331,0.79492,0.79293,0.79364,23635.98
1753286400000,0.79366,0.79471,0.79188,0.7921,15325.64
1753300800000,0.79212,0.79273,0.79164,0.79218,7234.21
1753315200000,0.79219,0.79284,0.7915,0.79206,8184.27
1753329600000,0.79209,0.79366,0.79194,0.79337,13291.78
1753344000000,0.79337,0.79513,0.79311,0.79397,12735.94
1753358400000,0.79396,0.79603,0.79306,0.79572,30169.34
1753372800000,0.79573,0.79583,0.79351,0.79479,20769.85
1753387200000,0.7948,0.79592,0.79443,0.79487,9702.91
1753401600000,0.79487,0.79673,0.7947,0.79609,9456.72
1753416000000,0.79609,0.79652,0.79472,0.79555,12328.71
1753430400000,0.79555,0.79761,0.79519,0.79675,16524.16
1753444800000,0.79675,0.79793,0.79605,0.79654,29759.7
1753459200000,0.79653,0.79684,0.79465,0.79495,9840.53
1753473600000,0.79495,0.79532,0.79449,0.79449,1764.69
1753646400000,0.79626,0.79626,0.79474,0.79542,3598.24
1753660800000,0.7954,0.79595,0.79441,0.79493,9653.54
1753675200000,0.79493,0.79898,0.79482,0.79885,15030.07
1753689600000,0.79887,0.80166,0.79784,0.80109,20296.18
1753704000000,0.80109,0.80279,0.80005,0.80251,28267.93
1753718400000,0.80252,0.80352,0.8024,0.80317,11715.66
1753732800000,0.80317,0.80378,0.80257,0.80324,8758
1753747200000,0.80322,0.80385,0.80247,0.80362,10152.84
1753761600000,0.80363,0.80713,0.80349,0.80572,17111.91
1753776000000,0.80574,0.80678,0.8037,0.80669,16605.24
1753790400000,0.8067,0.8079,0.80514,0.80708,28634.01
1753804800000,0.80708,0.80708,0.80498,0.80561,10700.32
1753819200000,0.80561,0.80622,0.80504,0.80544,7313.08
1753833600000,0.80545,0.80545,0.80378,0.80473,12274.1
1753848000000,0.80474,0.8059,0.8042,0.80476,12701.12
1753862400000,0.80476,0.80708,0.80398,0.80642,14786.18
1753876800000,0.80642,0.81239,0.80623,0.81116,36808.39
1753891200000,0.81115,0.81434,0.80863,0.81367,30349.93
1753905600000,0.81367,0.81506,0.81114,0.81391,11278.96
1753920000000,0.81327,0.81433,0.81253,0.81338,11692.42
1753934400000,0.81337,0.81358,0.81115,0.81233,13806.04
1753948800000,0.8123,0.81414,0.81168,0.81184,16246.4
1753963200000,0.81185,0.81445,0.81129,0.81225,28550.14
1753977600000,0.81224,0.81288,0.81157,0.81223,13808.44
1753992000000,0.81223,0.8141,0.81145,0.81397,10366.85
1754006400000,0.81396,0.81451,0.81259,0.81366,12770.28
1754020800000,0.81365,0.81494,0.81291,0.81471,11195.47
1754035200000,0.81471,0.8171,0.81465,0.81612,16875.89
1754049600000,0.81612,0.81692,0.80261,0.80678,95162.52
1754064000000,0.80678,0.80816,0.80432,0.80505,22115.82
1754078400000,0.80503,0.80503,0.80329,0.80382,6073.87
1754251200000,0.80304,0.80458,0.80255,0.80396,4590.09
1754265600000,0.80396,0.8068,0.80382,0.80496,13796.35
1754280000000,0.80496,0.8093,0.80474,0.80833,15840.85
1754294400000,0.80832,0.80965,0.8068,0.80753,16331.15
1754308800000,0.80752,0.80891,0.8057,0.80828,30325.82
1754323200000,0.80826,0.80877,0.80752,0.80832,10277.92
1754337600000,0.80829,0.80887,0.80553,0.80709,11331.88
1754352000000,0.80708,0.80947,0.80672,0.80945,9382.47
1754366400000,0.80946,0.81002,0.80842,0.80935,10998.65
1754380800000,0.80937,0.81177,0.80934,0.81005,17078.1
1754395200000,0.81005,0.81035,0.80648,0.80715,48387.15
1754409600000,0.80717,0.80791,0.80654,0.80725,11878.73
1754424000000,0.80725,0.80762,0.80625,0.80696,8529.63
1754438400000,0.80694,0.80787,0.80658,0.80666,6217.12
1754452800000,0.80667,0.80853,0.80644,0.80781,9510.97
1754467200000,0.8078,0.80936,0.80634,0.80696,14143.65
1754481600000,0.80697,0.80766,0.80519,0.80519,35339.45
1754496000000,0.80521,0.80782,0.80485,0.80663,13802.34
1754510400000,0.80664,0.80709,0.80571,0.80602,8324.08
1754524800000,0.80601,0.80676,0.80532,0.8055,8209.86
1754539200000,0.80551,0.80576,0.80437,0.80455,14045.87
1754553600000,0.80457,0.8089,0.80428,0.80872,20405.99
1754568000000,0.80873,0.80893,0.80691,0.8074,33475.59
1754582400000,0.80739,0.80839,0.80618,0.80644,14800.79
1754596800000,0.80642,0.80693,0.80458,0.80562,10379.81
1754611200000,0.80562,0.80728,0.80549,0.80671,13579.38
1754625600000,0.80671,0.80786,0.80641,0.80723,9831.1
1754640000000,0.80724,0.80885,0.80707,0.80798,12889.45
1754654400000,0.80799,0.8082,0.80669,0.80726,18353.2
1754668800000,0.80727,0.80861,0.80699,0.80817,9897.59
1754683200000,0.80819,0.80855,0.80772,0.80772,3178.89
1754856000000,0.80681,0.8081,0.8066,0.80749,2884.99
1754870400000,0.80749,0.80798,0.80624,0.80648,5579.4
1754884800000,0.80648,0.80797,0.80607,0.80796,7249.05
1754899200000,0.80796,0.81124,0.80787,0.81088,10364
1754913600000,0.81088,0.81317,0.81067,0.81271,16798.69
1754928000000,0.81271,0.81299,0.81214,0.81264,6740.34
1754942400000,0.81266,0.81268,0.81086,0.81205,5432.08
1754956800000,0.81209,0.81226,0.81075,0.81123,8412.7
1754971200000,0.81126,0.81167,0.80974,0.80992,11788.76
1754985600000,0.80991,0.81178,0.80913,0.81131,14425.17
1755000000000,0.81129,0.81182,0.8066,0.8081,46930.77
1755014400000,0.80811,0.8085,0.80613,0.80638,23165.85
1755028800000,0.80639,0.80684,0.80597,0.80616,11246.83
1755043200000,0.80616,0.80712,0.80607,0.80652,18271.47
1755057600000,0.80652,0.80685,0.80338,0.80365,17909.22
1755072000000,0.80365,0.80399,0.80217,0.80311,16162.4
1755086400000,0.8031,0.80495,0.80279,0.80434,18458.12
1755100800000,0.80435,0.80578,0.80419,0.80551,6462.83
1755115200000,0.80553,0.80566,0.80242,0.80475,7201.19
1755129600000,0.80475,0.80579,0.80441,0.8055,11554.36
1755144000000,0.80552,0.80671,0.80511,0.80644,14648.29
1755158400000,0.80646,0.80687,0.80504,0.80538,12575.27
1755172800000,0.80536,0.80876,0.80511,0.80781,34582.17
1755187200000,0.80781,0.80923,0.80716,0.8075,9205.2
1755201600000,0.80749,0.80803,0.80637,0.80755,4840.33
1755216000000,0.80756,0.80792,0.80647,0.80675,6924.67
1755230400000,0.80674,0.80694,0.8051,0.80525,9152.89
1755244800000,0.80525,0.80611,0.80473,0.8058,15981.71
1755259200000,0.80583,0.80689,0.80453,0.80609,31784.61
1755273600000,0.80609,0.80667,0.80574,0.80652,6227.9
1755288000000,0.8065,0.80691,0.80623,0.80635,3455.31
1755460800000,0.80516,0.80686,0.80379,0.8065,2767.71
1755475200000,0.8065,0.80696,0.8059,0.80617,5853.88
1755489600000,0.80617,0.80693,0.80544,0.80683,7328.27
1755504000000,0.80684,0.80783,0.80653,0.80724,10560.81
1755518400000,0.80723,0.80806,0.80634,0.80674,16861.05
1755532800000,0.80675,0.80779,0.80672,0.80705,5971.63
1755547200000,0.80705,0.80762,0.80633,0.80739,5544.9
1755561600000,0.80737,0.80851,0.80705,0.80744,9988.6
1755576000000,0.80746,0.8076,0.80534,0.8058,11865.43
1755590400000,0.80581,0.8063,0.8047,0.80535,20598.33
1755604800000,0.80533,0.80706,0.80486,0.80698,20873.03
1755619200000,0.80698,0.80785,0.80663,0.80767,7907.32
1755633600000,0.80769,0.808,0.80509,0.80783,8366.2
1755648000000,0.80782,0.80925,0.8078,0.80837,7710.05
1755662400000,0.80838,0.80894,0.80759,0.80803,10632.68
1755676800000,0.80804,0.80831,0.80667,0.80736,10721.06
1755691200000,0.80735,0.80735,0.80332,0.80439,26869.98
1755705600000,0.80439,0.80446,0.80308,0.80405,9759.29
1755720000000,0.80405,0.80438,0.80313,0.80409,4058.01
1755734400000,0.8041,0.80522,0.804,0.80505,7923.1
1755748800000,0.80505,0.80647,0.80463,0.80492,10652.25
1755763200000,0.80493,0.80684,0.80484,0.80657,10133.4
1755777600000,0.80657,0.80893,0.80513,0.80848,28230.45
1755792000000,0.8085,0.80903,0.80788,0.8089,6492.21
1755806400000,0.80891,0.80901,0.80679,0.80869,7764.98
1755820800000,0.80869,0.81016,0.80862,0.80993,11056.64
1755835200000,0.80991,0.81038,0.80895,0.80947,8230.17
1755849600000,0.80947,0.80983,0.80816,0.80827,10017.56
1755864000000,0.80827,0.80882,0.80017,0.80158,42951.56
1755878400000,0.80158,0.80174,0.8,0.80123,24974.64
1755892800000,0.80124,0.80158,0.80092,0.80092,2259.75
1756065600000,0.8006,0.80261,0.79988,0.80238,4750.81
1756080000000,0.80241,0.8035,0.80241,0.80265,6649.76
1756094400000,0.80264,0.80343,0.80165,0.80239,6760.9
1756108800000,0.80242,0.80283,0.80161,0.80201,12897.01
1756123200000,0.80202,0.80368,0.80193,0.80345,13471.01
1756137600000,0.80343,0.80709,0.80335,0.80681,11584.27
1756152000000,0.80682,0.80682,0.80366,0.8062,6534.57
1756166400000,0.8062,0.80663,0.8027,0.80564,16985.95
1756180800000,0.80569,0.8072,0.80486,0.80586,15727.06
1756195200000,0.80584,0.80707,0.80424,0.80467,13762.62
1756209600000,0.80466,0.80517,0.80306,0.8031,34406.73
1756224000000,0.8031,0.80397,0.80254,0.80336,20394.93
1756238400000,0.80337,0.80396,0.80269,0.80378,7188.68
1756252800000,0.8038,0.80489,0.80357,0.80469,7178.67
1756267200000,0.8047,0.80615,0.80468,0.80563,10279.64
1756281600000,0.80565,0.80762,0.80562,0.80684,14199.29
1756296000000,0.80685,0.80687,0.80298,0.80376,25024.69
1756310400000,0.80376,0.80383,0.80151,0.80238,19129.34
1756324800000,0.80238,0.80265,0.80146,0.80152,6828.8
1756339200000,0.80151,0.80184,0.80097,0.80131,6819.24
1756353600000,0.80132,0.80213,0.80107,0.80118,9077.69
1756368000000,0.80117,0.80188,0.79938,0.80113,14354.45
1756382400000,0.80113,0.80303,0.80079,0.80167,25287.79
1756396800000,0.80165,0.80181,0.79973,0.80153,8578.56
1756411200000,0.80153,0.80196,0.80047,0.80174,7003.43
1756425600000,0.80175,0.80313,0.80151,0.8025,8989.57
1756440000000,0.80251,0.80276,0.80032,0.80041,8922.79
1756454400000,0.80042,0.80292,0.79961,0.80278,12155.8
1756468800000,0.8028,0.80351,0.79853,0.79965,28881.24
1756483200000,0.79965,0.80033,0.79912,0.80009,8019.61
1756497600000,0.8001,0.80077,0.79957,0.79957,3099.37
1756670400000,0.79839,0.80111,0.79789,0.80064,3554.6
1756684800000,0.80063,0.80115,0.79933,0.79956,9753.840209960938
1756699200000,0.79956,0.79986,0.79873,0.79889,8431.040161132812
1756713600000,0.79889,0.80049,0.79858,0.80049,12637.72998046875
1756728000000,0.8005,0.80169,0.79996,0.80152,11888.670166015625
1756742400000,0.80153,0.80167,0.80018,0.80031,2776.5000915527344
1756756800000,0.80033,0.80088,0.79978,0.8002,7314.8199462890625
1756771200000,0.8002,0.80151,0.80012,0.8014,10031.170166015625
1756785600000,0.80141,0.80365,0.8008,0.80343,15416.510009765625
1756800000000,0.80344,0.80572,0.80332,0.80408,35530.73974609375
1756814400000,0.80407,0.80605,0.80193,0.80335,38412.31982421875
1756828800000,0.80336,0.80539,0.80325,0.80468,12078.079833984375
1756843200000,0.80467,0.80535,0.80243,0.8053,4095.050048828125
1756857600000,0.8053,0.80587,0.80506,0.80572,7320.849853515625
1756872000000,0.80572,0.80677,0.80448,0.80526,13139.699951171875
1756886400000,0.80526,0.80527,0.80307,0.80447,17032.560302734375
1756900800000,0.8045,0.80555,0.80268,0.80317,29540.4404296875
1756915200000,0.80318,0.80437,0.80308,0.80429,9219.449951171875
1756929600000,0.8043,0.80446,0.80216,0.80379,6459.9901123046875
1756944000000,0.80378,0.80447,0.80342,0.80437,12616.410034179688
1756958400000,0.80438,0.80548,0.80393,0.80516,10598.320190429688
1756972800000,0.80518,0.80589,0.80423,0.80547,13791.260009765625
1756987200000,0.80548,0.80683,0.80442,0.80589,32940.35009765625
1757001600000,0.80589,0.80717,0.80538,0.80557,8475.130004882812
1757016000000,0.80556,0.80576,0.80354,0.80513,9234.27001953125
1757030400000,0.80512,0.80546,0.80426,0.80442,12347.730224609375
1757044800000,0.80442,0.80484,0.80344,0.80365,8333.130126953125
1757059200000,0.80366,0.80391,0.80262,0.80345,12679.820068359375
1757073600000,0.80344,0.80344,0.79574,0.79581,60251.72998046875
1757088000000,0.79581,0.79856,0.79557,0.79823,12376.910034179688
1757102400000,0.79822,0.79852,0.79748,0.79748,2380.93994140625
1757116800000,0.79748,0.79748,0.79748,0.79748,0.0
1757131200000,0.79748,0.79748,0.79748,0.79748,0.0
1757145600000,0.79748,0.79748,0.79748,0.79748,0.0
1757160000000,0.79748,0.79748,0.79748,0.79748,0.0
1757174400000,0.79748,0.79748,0.79748,0.79748,0.0
1757188800000,0.79748,0.79748,0.79748,0.79748,0.0
1757203200000,0.79748,0.79748,0.79748,0.79748,0.0
1757217600000,0.79748,0.79748,0.79748,0.79748,0.0
1757232000000,0.79748,0.79748,0.79748,0.79748,0.0
1757246400000,0.79748,0.79748,0.79748,0.79748,0.0
1757260800000,0.79748,0.79748,0.79748,0.79748,0.0
1757275200000,0.79748,0.79952,0.79684,0.79921,6322.630065917969
1757289600000,0.7992,0.79936,0.7977,0.79812,11200.369873046875
1757304000000,0.79813,0.79842,0.79568,0.79578,11304.550048828125
1757318400000,0.79579,0.79662,0.79505,0.79563,14049.7998046875
1757332800000,0.79564,0.79564,0.79292,0.79347,20423.669921875
1757347200000,0.79347,0.79462,0.79272,0.79301,7834.2000732421875
1757361600000,0.79303,0.79365,0.79248,0.7928,6586.909912109375
1757376000000,0.7928,0.79306,0.79205,0.79295,12838.14013671875
1757390400000,0.79294,0.79407,0.79151,0.79362,15350.3896484375
1757404800000,0.79362,0.7944,0.79224,0.79421,21468.22998046875
1757419200000,0.79421,0.79646,0.79282,0.79608,29864.9599609375
1757433600000,0.79609,0.7979,0.79566,0.79754,16397.489990234375
1757448000000,0.79755,0.79779,0.79485,0.79744,5357.1099853515625
1757462400000,0.79744,0.79844,0.79721,0.79742,8417.589965820312
1757476800000,0.79741,0.79845,0.7961,0.79759,12396.75
1757491200000,0.7976,0.79843,0.79652,0.7973,13986.7900390625
1757505600000,0.79729,0.79915,0.7961,0.79788,26759.71044921875
1757520000000,0.7979,0.79944,0.79782,0.79909,6802.1099853515625
1757534400000,0.79907,0.79923,0.79777,0.79869,4883.249938964844
1757548800000,0.79871,0.79923,0.79862,0.79899,5616.85009765625
1757563200000,0.79898,0.79991,0.79865,0.79932,9516.760070800781
1757577600000,0.79933,0.79981,0.79892,0.79963,11628.369873046875
1757592000000,0.7996,0.80072,0.79481,0.79605,49254.8896484375
1757606400000,0.79604,0.79636,0.79541,0.79581,11007.569946289062
1757620800000,0.7958,0.79611,0.79404,0.79596,8117.929748535156
1757635200000,0.79602,0.79663,0.79585,0.79653,3985.570068359375
1757649600000,0.79654,0.79698,0.79549,0.79606,6955.830017089844
1757664000000,0.79607,0.79787,0.79597,0.79716,11823.9501953125
1757678400000,0.79716,0.79863,0.79638,0.79748,17887.88037109375
1757692800000,0.79747,0.79756,0.79576,0.79618,5858.14990234375
1757707200000,0.79623,0.79671,0.79587,0.79587,1998.6600341796875
1757721600000,0.79587,0.79587,0.79587,0.79587,0.0
1757736000000,0.79587,0.79587,0.79587,0.79587,0.0
1757750400000,0.79587,0.79587,0.79587,0.79587,0.0
1757764800000,0.79587,0.79587,0.79587,0.79587,0.0
1757779200000,0.79587,0.79587,0.79587,0.79587,0.0
1757793600000,0.79587,0.79587,0.79587,0.79587,0.0
1757808000000,0.79587,0.79587,0.79587,0.79587,0.0
1757822400000,0.79587,0.79587,0.79587,0.79587,0.0
1757836800000,0.79587,0.79587,0.79587,0.79587,0.0
1757851200000,0.79587,0.79587,0.79587,0.79587,0.0
1757865600000,0.79587,0.79587,0.79587,0.79587,0.0
1757880000000,0.79587,0.79676,0.79545,0.79671,2552.3899536132812
1757894400000,0.79671,0.79687,0.79619,0.79635,4176.059997558594
1757908800000,0.79632,0.79727,0.796,0.79638,5300.960021972656
1757923200000,0.79639,0.79645,0.79457,0.79485,8410.81982421875
1757937600000,0.79485,0.79557,0.7937,0.79378,13754.5
1757952000000,0.79376,0.79469,0.79361,0.79433,5676.179931640625
1757966400000,0.79432,0.79479,0.7937,0.79469,3743.7699584960938
1757980800000,0.79469,0.79478,0.79323,0.79362,8744.499877929688
1757995200000,0.79362,0.79387,0.79163,0.79208,11291.779907226562
1758009600000,0.79209,0.79264,0.78998,0.79025,16118.69970703125
1758024000000,0.79024,0.79211,0.78737,0.78769,33894.96044921875
1758038400000,0.78768,0.78772,0.78554,0.78632,17108.749755859375
1758052800000,0.78633,0.78646,0.7854,0.78594,7390.52001953125
1758067200000,0.78593,0.78713,0.78577,0.787,10715.989990234375
1758081600000,0.78698,0.78775,0.78667,0.78773,11975.129638671875
1758096000000,0.78772,0.78785,0.78627,0.78674,10936.469970703125
1758110400000,0.78674,0.78764,0.78583,0.78713,23737.94970703125
1758124800000,0.78714,0.78934,0.78288,0.78842,45335.07995605469
1758139200000,0.7884,0.78919,0.78741,0.78836,6185.649963378906
1758153600000,0.78834,0.78971,0.78831,0.7897,9300.030151367188
1758168000000,0.7897,0.79151,0.78831,0.78878,18313.460205078125
1758182400000,0.78876,0.78945,0.78713,0.78892,18254.33935546875
1758196800000,0.78891,0.79375,0.78878,0.79274,32055.529296875
1758211200000,0.79274,0.79307,0.79188,0.79272,14926.950317382812
1758225600000,0.79271,0.79299,0.79085,0.79252,12180.940063476562
1758240000000,0.79251,0.7934,0.7922,0.79256,9196.540283203125
1758254400000,0.79254,0.79477,0.792,0.79408,18068.000244140625
1758268800000,0.79407,0.7962,0.79402,0.79607,14415.5703125
1758283200000,0.79605,0.79659,0.79409,0.79486,23833.849609375
1758297600000,0.79485,0.79557,0.79455,0.79544,12381.0498046875
1758312000000,0.79545,0.79578,0.79516,0.79517,3090.550048828125
1758326400000,0.79517,0.79517,0.79517,0.79517,0.0
1758340800000,0.79517,0.79517,0.79517,0.79517,0.0
1758355200000,0.79517,0.79517,0.79517,0.79517,0.0
1758369600000,0.79517,0.79517,0.79517,0.79517,0.0
1758384000000,0.79517,0.79517,0.79517,0.79517,0.0
1758398400000,0.79517,0.79517,0.79517,0.79517,0.0
1758412800000,0.79517,0.79517,0.79517,0.79517,0.0
1758427200000,0.79517,0.79517,0.79517,0.79517,0.0
1758441600000,0.79517,0.79517,0.79517,0.79517,0.0
1758456000000,0.79517,0.79517,0.79517,0.79517,0.0
1758470400000,0.79517,0.79517,0.79517,0.79517,0.0
1758484800000,0.79517,0.79626,0.79267,0.79622,4271.719970703125
1758499200000,0.79622,0.79705,0.79605,0.79697,9907.889892578125
1758513600000,0.79699,0.79727,0.79472,0.79564,9130.140014648438
1758528000000,0.79564,0.7957,0.79308,0.79338,13750.919921875
1758542400000,0.79338,0.79443,0.79278,0.79347,18368.499755859375
1758556800000,0.79348,0.79359,0.7922,0.79231,8187.3399658203125
1758571200000,0.79231,0.79298,0.79192,0.79239,7328.800109863281
1758585600000,0.79239,0.79265,0.79095,0.7919,5841.949951171875
1758600000000,0.7919,0.79331,0.79176,0.79264,12458.080078125
1758614400000,0.79264,0.79332,0.79147,0.79219,15190.60986328125
1758628800000,0.79219,0.79315,0.79171,0.79225,22210.5
1758643200000,0.79224,0.79266,0.7909,0.79129,15950.219970703125
1758657600000,0.79127,0.79163,0.79059,0.79139,5794.97998046875
1758672000000,0.79138,0.79247,0.79125,0.79242,9211.080078125
1758686400000,0.79243,0.79329,0.79184,0.79303,10832.5302734375
1758700800000,0.79304,0.79519,0.79304,0.7944,13526.669921875
1758715200000,0.7944,0.79531,0.7937,0.79508,27383.5703125
1758729600000,0.79509,0.79571,0.79493,0.79536,8400.7900390625
1758744000000,0.79538,0.79542,0.79265,0.79481,9730.020141601562
1758758400000,0.79483,0.79509,0.79425,0.79477,4944.3499755859375
1758772800000,0.79476,0.7968,0.79464,0.79664,11146.399780273438
1758787200000,0.79665,0.7968,0.79509,0.79599,14377.940185546875
1758801600000,0.79599,0.80074,0.7955,0.80058,38910.51025390625
1758816000000,0.80059,0.80137,0.79968,0.79999,11508.750122070312
1758830400000,0.8,0.80064,0.79912,0.80007,10032.829956054688
1758844800000,0.80008,0.80067,0.79926,0.79936,6693.500061035156
1758859200000,0.79937,0.80007,0.79863,0.79986,9443.689819335938
1758873600000,0.79988,0.80033,0.7988,0.79969,12822.91015625
1758888000000,0.79971,0.79979,0.79745,0.79845,31113.029296875
1758902400000,0.79846,0.79854,0.79734,0.79748,10591.220092773438
1758916800000,0.79748,0.79816,0.79727,0.7975,5195.89990234375
1758931200000,0.7975,0.7975,0.7975,0.7975,0.0
1758945600000,0.7975,0.7975,0.7975,0.7975,0.0
1758960000000,0.7975,0.7975,0.7975,0.7975,0.0
1758974400000,0.7975,0.7975,0.7975,0.7975,0.0
1758988800000,0.7975,0.7975,0.7975,0.7975,0.0
1759003200000,0.7975,0.7975,0.7975,0.7975,0.0
1759017600000,0.7975,0.7975,0.7975,0.7975,0.0
1759032000000,0.7975,0.7975,0.7975,0.7975,0.0
1759046400000,0.7975,0.7975,0.7975,0.7975,0.0
1759060800000,0.7975,0.7975,0.7975,0.7975,0.0
1759075200000,0.7975,0.7975,0.7975,0.7975,0.0
1759089600000,0.7975,0.79796,0.79626,0.79747,10586.379943847656
1759104000000,0.79747,0.79749,0.79579,0.79614,6084.239929199219
1759118400000,0.79614,0.7969,0.79531,0.79569,9284.099975585938
1759132800000,0.79569,0.79872,0.79516,0.79788,13741.47021484375
1759147200000,0.79787,0.7982,0.79605,0.79698,30958.8603515625
1759161600000,0.79699,0.79763,0.79677,0.79743,7962.8099365234375
1759176000000,0.79744,0.79785,0.79649,0.7974,7151.3701171875
1759190400000,0.79739,0.79831,0.79721,0.79729,7258.3900146484375
1759204800000,0.7973,0.79778,0.79543,0.79603,13583.41015625
1759219200000,0.79602,0.79819,0.7952,0.79735,15529.099853515625
1759233600000,0.79733,0.79856,0.79494,0.79656,27700.990234375
1759248000000,0.79656,0.79658,0.79387,0.79597,10386.430053710938
1759262400000,0.79595,0.79658,0.79472,0.7964,8483.449829101562
1759276800000,0.79642,0.79684,0.79594,0.79597,5175.03
1759291200000,0.79596,0.79597,0.79281,0.79472,22278.23
1759305600000,0.79472,0.79844,0.79395,0.79828,22359.7
1759320000000,0.79828,0.79883,0.79577,0.79828,50081.24
1759334400000,0.79832,0.79898,0.7966,0.79697,14847.73
1759348800000,0.79697,0.79737,0.79617,0.79692,5531.02
1759363200000,0.79692,0.79742,0.79606,0.79655,6654.23
1759377600000,0.79654,0.7975,0.79593,0.79655,13407.23
1759392000000,0.79653,0.79682,0.79527,0.79571,16843.32
1759406400000,0.7957,0.8,0.79509,0.79933,35402.87
1759420800000,0.79934,0.79947,0.79712,0.79762,10481.83
1759435200000,0.79759,0.79815,0.79698,0.79703,7840.3
1759449600000,0.79702,0.79795,0.79702,0.79741,8664.82
1759464000000,0.79742,0.79798,0.79669,0.79696,10277.61
1759478400000,0.79695,0.7974,0.79575,0.79616,13392.34
1759492800000,0.79615,0.79664,0.79468,0.79487,37039.2
1759507200000,0.79486,0.79612,0.79467,0.79537,23104.6
1759521600000,0.79536,0.7955,0.79497,0.79527,2632.91
1759694400000,0.79597,0.79773,0.79579,0.79721,14785.29
1759708800000,0.79721,0.79733,0.79534,0.79568,10870.23
1759723200000,0.79568,0.79906,0.79544,0.79898,20313.24
1759737600000,0.79899,0.79935,0.79761,0.79791,27045.01
1759752000000,0.79791,0.79793,0.79477,0.79538,33521.91
1759766400000,0.79539,0.79581,0.79475,0.79495,10485.07
1759780800000,0.79496,0.79523,0.7944,0.79495,8606.91
1759795200000,0.79495,0.79576,0.79488,0.79546,9146.37
1759809600000,0.79548,0.79769,0.79529,0.79744,15061.81
1759824000000,0.79745,0.79893,0.79676,0.7986,18316.79
1759838400000,0.7986,0.79913,0.79674,0.797,21692.47
1759852800000,0.79699,0.7988,0.79661,0.79878,10172.6
1759867200000,0.79879,0.79892,0.79753,0.79863,10413.48
1759881600000,0.79862,0.80099,0.79853,0.80057,10489.17
1759896000000,0.80056,0.80184,0.80047,0.80089,11657.37
1759910400000,0.80088,0.80131,0.79939,0.8002,15646.93
1759924800000,0.80017,0.80241,0.79964,0.80197,20807.01
1759939200000,0.80196,0.80287,0.80154,0.80172,11026.79
1759953600000,0.80171,0.80207,0.80083,0.80153,6576.64
1759968000000,0.80154,0.8016,0.80024,0.80052,5723.07
1759982400000,0.80051,0.80344,0.8004,0.80331,12596.41
1759996800000,0.80332,0.80351,0.80038,0.8012,15221.42
1760011200000,0.80119,0.80661,0.80112,0.80594,34720.17
1760025600000,0.80594,0.80758,0.80551,0.80664,14049.18
1760040000000,0.80664,0.80675,0.805,0.80625,5632.35
1760054400000,0.80626,0.80667,0.80584,0.80595,7101.59
1760068800000,0.80592,0.80636,0.80508,0.80572,14100.37
1760083200000,0.80575,0.80633,0.80469,0.80633,12924.89
1760097600000,0.80633,0.80645,0.79997,0.80145,37331.56
1760112000000,0.80145,0.80212,0.80076,0.80105,16579.35
1760126400000,0.80106,0.80143,0.79855,0.7997,4259.3
1760299200000,0.79934,0.80384,0.79866,0.80229,10891.66
1760313600000,0.8023,0.80236,0.80086,0.80121,11539.5
1760328000000,0.80122,0.80275,0.79998,0.80263,17679.01
1760342400000,0.80262,0.80438,0.80247,0.8042,20046.15
1760356800000,0.80421,0.80576,0.80364,0.80423,22087.26
1760371200000,0.80424,0.80429,0.80369,0.80423,6773.34
1760385600000,0.80424,0.80446,0.8035,0.80429,5395.81
1760400000000,0.80432,0.80498,0.80346,0.80358,7609.69
1760414400000,0.80355,0.8046,0.80178,0.80423,22171.56
1760428800000,0.80423,0.80461,0.80316,0.8046,18588.04
1760443200000,0.80461,0.8048,0.80104,0.80109,33641.59
1760457600000,0.80108,0.80143,0.80023,0.80098,18042.16
1760472000000,0.80098,0.80155,0.79946,0.80145,5404.2
1760486400000,0.80149,0.80156,0.79995,0.79997,7792.9
1760500800000,0.79996,0.80023,0.79906,0.79957,10512.49
1760515200000,0.79956,0.80104,0.79904,0.80043,13226.08
1760529600000,0.80041,0.80082,0.79563,0.79713,32464.27
1760544000000,0.79713,0.7978,0.79634,0.79679,16674.23
1760558400000,0.79679,0.79723,0.79605,0.79654,6616.84
1760572800000,0.79657,0.79669,0.79328,0.7949,10630.52
1760587200000,0.79491,0.79757,0.79491,0.79698,14461.94
1760601600000,0.79697,0.79838,0.79623,0.79828,14948.13
1760616000000,0.79827,0.79846,0.79496,0.79573,25597.63
1760630400000,0.79573,0.79583,0.79236,0.79277,25728.52
1760644800000,0.79278,0.79305,0.79169,0.79192,5478.01
1760659200000,0.79192,0.79222,0.79002,0.79029,12859.76
1760673600000,0.79028,0.79063,0.78727,0.78934,31533.01
1760688000000,0.78934,0.79197,0.7884,0.79146,28239.57
1760702400000,0.79145,0.79327,0.79053,0.79192,35831.94
1760716800000,0.79192,0.79315,0.79155,0.79252,9873.29
1760731200000,0.79252,0.79368,0.79252,0.79295,3327.43
1760904000000,0.79221,0.79413,0.79092,0.79361,3498.35
1760918400000,0.79361,0.79381,0.79262,0.79294,8390.56
1760932800000,0.79292,0.7943,0.79252,0.79311,9801.44
1760947200000,0.7931,0.79343,0.79224,0.79245,11855.84
1760961600000,0.79244,0.79289,0.79059,0.79179,18856.12
1760976000000,0.79178,0.79251,0.79146,0.79218,7121.81
1760990400000,0.79218,0.79259,0.7906,0.79243,5681.05
1761004800000,0.79243,0.79319,0.79139,0.79316,8778.72
1761019200000,0.79317,0.79366,0.79178,0.79284,15624.14
1761033600000,0.79284,0.79526,0.79257,0.79465,19860.57
1761048000000,0.79465,0.79598,0.79394,0.79499,26607.38
1761062400000,0.79498,0.79641,0.79468,0.79619,12537.27
1761076800000,0.7962,0.79688,0.79477,0.79678,6224.14
1761091200000,0.79677,0.7968,0.79539,0.79584,8114.17
1761105600000,0.79583,0.79626,0.79512,0.79603,11053.2
1761120000000,0.79604,0.79718,0.79581,0.79621,13646.47
1761134400000,0.79622,0.79735,0.79513,0.79576,21016.05
1761148800000,0.79575,0.79633,0.79482,0.79619,12778.67
1761163200000,0.7962,0.79628,0.79509,0.79613,6782.93
1761177600000,0.79614,0.79747,0.79609,0.79744,5219.67
1761192000000,0.79744,0.798,0.79679,0.79714,9424.87
1761206400000,0.79716,0.79865,0.79692,0.79813,9446.82
1761220800000,0.79809,0.79811,0.7952,0.7956,18043.5
1761235200000,0.7956,0.79602,0.79496,0.79519,11129.08
1761249600000,0.7952,0.7957,0.79483,0.79509,6827.11
1761264000000,0.7951,0.79605,0.79468,0.7958,5481.51
1761278400000,0.79579,0.79652,0.79463,0.79544,9782.44
1761292800000,0.79543,0.7968,0.79533,0.79627,10920.88
1761307200000,0.79625,0.79649,0.79337,0.79576,35602.16
1761321600000,0.79576,0.79614,0.7952,0.79529,6753.11
1761336000000,0.79528,0.79568,0.79491,0.795,2655.66
1761508800000,0.79593,0.79668,0.79532,0.79606,3903.79
1761523200000,0.79606,0.79632,0.79447,0.79586,7389.25
1761537600000,0.79587,0.79704,0.79584,0.79688,7617.87
1761552000000,0.79688,0.79726,0.79521,0.79527,14308.77
1761566400000,0.79527,0.79678,0.79463,0.79646,19013.88
1761580800000,0.79646,0.79649,0.79501,0.79534,7061.86
1761595200000,0.79535,0.79557,0.7944,0.79462,6993.67
1761609600000,0.79462,0.79478,0.79358,0.79377,9078.66
1761624000000,0.79377,0.7948,0.79304,0.79442,10230.6
1761638400000,0.79445,0.79475,0.79329,0.79448,14216.33
1761652800000,0.79447,0.79668,0.79249,0.79271,22061.7
1761667200000,0.7927,0.79357,0.79247,0.79324,10421.69
1761681600000,0.79325,0.79358,0.79279,0.79283,7635.94
1761696000000,0.79284,0.79403,0.79252,0.79396,14883.82
1761710400000,0.79395,0.79558,0.79393,0.79542,11269.37
1761724800000,0.79543,0.79739,0.79528,0.79727,15411.84
1761739200000,0.79728,0.79791,0.79566,0.7958,17734.62
1761753600000,0.7958,0.802,0.7956,0.80054,34494.91
1761768000000,0.80051,0.80088,0.79854,0.80007,8455.55
1761782400000,0.80006,0.80062,0.79878,0.79918,13483.55
1761796800000,0.79916,0.7993,0.79753,0.79861,19816.77
1761811200000,0.7986,0.80076,0.79768,0.80066,18896.09
1761825600000,0.80066,0.80367,0.80036,0.80201,28154.05
1761840000000,0.802,0.80269,0.80135,0.80217,9383.2
1761854400000,0.80215,0.8023,0.80112,0.8016,6106.12
1761868800000,0.80162,0.80193,0.80087,0.80182,8574.5
1761883200000,0.80181,0.80325,0.80157,0.8027,9495.25
1761897600000,0.80271,0.80348,0.80137,0.8032,10259.58
1761912000000,0.80321,0.80487,0.80233,0.80265,24398.89
1761926400000,0.80267,0.80481,0.80252,0.80462,9968.91
1761940800000,0.80461,0.80515,0.80432,0.80435,3615.64
1762113600000,0.80135,0.80509,0.80135,0.80488,6623.67
1762128000000,0.80488,0.80527,0.80454,0.80458,5929.05
1762142400000,0.80459,0.80574,0.80381,0.8051,5900.67
1762156800000,0.8051,0.80778,0.80496,0.80711,12153.47
1762171200000,0.80712,0.80914,0.80659,0.80748,18796.65
1762185600000,0.80749,0.8079,0.80677,0.8077,9971.74
1762200000000,0.8077,0.80821,0.80702,0.80815,6603.82
1762214400000,0.80816,0.80984,0.80814,0.8089,8149.36
1762228800000,0.8089,0.80951,0.80669,0.80742,8521.36
1762243200000,0.80746,0.80952,0.80726,0.8095,14777.54
1762257600000,0.80948,0.81035,0.80819,0.80913,20681.89
1762272000000,0.80915,0.81048,0.8087,0.81043,8555.89
1762286400000,0.81044,0.8108,0.80952,0.81032,5852.2
1762300800000,0.81031,0.81054,0.80791,0.80971,10181.08
1762315200000,0.8097,0.80974,0.80863,0.80949,6745.77
1762329600000,0.80948,0.81162,0.80917,0.81001,11702.29
1762344000000,0.81,0.8124,0.80948,0.81113,20647.28
1762358400000,0.81116,0.81194,0.81015,0.81034,7578.42
1762372800000,0.81033,0.81038,0.80929,0.80983,5909.37
1762387200000,0.80983,0.81007,0.80866,0.80921,5942.17
1762401600000,0.8092,0.8097,0.8087,0.80891,4990.99
1762416000000,0.80891,0.80989,0.80826,0.80863,9248.72
1762430400000,0.80865,0.8089,0.80677,0.80691,18034.54
1762444800000,0.80693,0.8078,0.8063,0.8066,10454.27
1762459200000,0.80661,0.80668,0.80591,0.80612,6478.29
1762473600000,0.80611,0.80746,0.80608,0.80738,6808.33
1762488000000,0.80737,0.80793,0.80734,0.80744,5303.97
1762502400000,0.80744,0.80841,0.80531,0.80578,9137.13
1762516800000,0.80579,0.80622,0.80317,0.80468,21749.57
1762531200000,0.80467,0.80574,0.80362,0.80558,11064.91
1762545600000,0.80561,0.80583,0.8045,0.8045,4857.13
1762718400000,0.80347,0.8072,0.80347,0.80708,6784.57
1762732800000,0.80708,0.80709,0.80583,0.80638,7449.52
1762747200000,0.80637,0.80693,0.80497,0.80563,8272.12
1762761600000,0.80563,0.80651,0.80473,0.80586,11735.94
1762776000000,0.80585,0.80673,0.80464,0.8064,13367.52
1762790400000,0.8064,0.80657,0.80441,0.80476,8951.66
1762804800000,0.80475,0.80528,0.80414,0.80516,6774.37
1762819200000,0.80517,0.80612,0.80473,0.80502,5240.69
1762833600000,0.80503,0.80503,0.80344,0.80344,7079.76
1762848000000,0.80342,0.80403,0.80133,0.80186,11614.91
1762862400000,0.80185,0.80197,0.79858,0.79969,27633.97
1762876800000,0.7997,0.80051,0.79939,0.80039,8735.9
1762891200000,0.8004,0.80089,0.79942,0.80034,5836.58
1762905600000,0.80033,0.80096,0.80025,0.80058,5627.55
1762920000000,0.8006,0.80111,0.79958,0.79973,6417.33
1762934400000,0.79972,0.80009,0.79868,0.79878,12309.77
1762948800000,0.79876,0.79957,0.7968,0.7971,19468.19
1762963200000,0.79711,0.79786,0.79671,0.79777,13552.61
1762977600000,0.79778,0.79824,0.79716,0.79781,7738
1762992000000,0.79781,0.79883,0.79779,0.79851,8747.68
1763006400000,0.7985,0.79938,0.79633,0.79638,5845.89
1763020800000,0.7964,0.7964,0.79425,0.79587,19826.41
1763035200000,0.79586,0.79612,0.79242,0.7927,25405.53
1763049600000,0.79268,0.79291,0.79081,0.79267,19002.72
1763064000000,0.79268,0.79357,0.79144,0.79324,10088.9
1763078400000,0.79324,0.79355,0.79195,0.79236,9327.73
1763092800000,0.79237,0.7924,0.79096,0.79153,9730.04
1763107200000,0.79152,0.79261,0.79012,0.79134,17807.15
1763121600000,0.79139,0.79394,0.78778,0.79329,39754.89
1763136000000,0.79329,0.79478,0.79251,0.79396,13261.54
1763150400000,0.79398,0.79438,0.79373,0.79387,4100.1
1763323200000,0.79443,0.79483,0.79276,0.79428,3004.07
1763337600000,0.79427,0.79552,0.79409,0.79531,7630.32
1763352000000,0.79532,0.79547,0.79326,0.79333,5640.02
1763366400000,0.79331,0.79588,0.79316,0.7953,13094.35
1763380800000,0.79531,0.79618,0.79499,0.79543,16706.06
1763395200000,0.79545,0.79654,0.79513,0.79646,8219.05
1763409600000,0.79646,0.79655,0.79495,0.79625,5347.44
1763424000000,0.79624,0.7966,0.79536,0.7954,5135.9
1763438400000,0.79541,0.79557,0.79374,0.79504,10151.05
1763452800000,0.79506,0.79752,0.79417,0.7969,11861.08
1763467200000,0.79688,0.79851,0.79544,0.7985,23418.29
1763481600000,0.79851,0.80003,0.79844,0.7991,11958.1
1763496000000,0.79911,0.80032,0.79827,0.80019,5508.93
1763510400000,0.80017,0.80094,0.79944,0.79992,6872.35
1763524800000,0.79991,0.80056,0.79853,0.79933,7661.25
1763539200000,0.79933,0.80303,0.79893,0.80165,16756.47
1763553600000,0.80164,0.80505,0.80085,0.80448,22589.8
1763568000000,0.80448,0.80667,0.80431,0.8064,13446.09
1763582400000,0.80638,0.80661,0.80482,0.80539,8446.07
1763596800000,0.80539,0.80723,0.8052,0.80699,9331.88
1763611200000,0.80699,0.80704,0.80594,0.8061,6829.21
1763625600000,0.80613,0.80722,0.80546,0.8072,10969.54
1763640000000,0.80721,0.80773,0.80517,0.8065,31680.08
1763654400000,0.80647,0.80651,0.80486,0.80534,18126.33
1763668800000,0.80533,0.80637,0.80485,0.80553,5938.22
1763683200000,0.80552,0.80612,0.80457,0.80476,7583.37
1763697600000,0.80475,0.80478,0.80353,0.80417,8693.14
1763712000000,0.8042,0.80718,0.80363,0.80718,21246.28
1763726400000,0.8072,0.80865,0.8056,0.80852,30688.51
1763740800000,0.80852,0.80984,0.8075,0.80778,15271.38
1763755200000,0.80777,0.80853,0.8075,0.80831,4171.78
1763928000000,0.80682,0.80894,0.80682,0.80866,2939.84
1763942400000,0.80866,0.80918,0.80825,0.80847,5343.57
1763956800000,0.80847,0.81001,0.80787,0.80996,6330.58
1763971200000,0.80993,0.81015,0.80603,0.80702,12711.17
1763985600000,0.80701,0.80871,0.80685,0.80764,15163.66
1764000000000,0.80764,0.80918,0.80745,0.80766,8465.97
1764014400000,0.80764,0.80863,0.80759,0.80851,6188.22
1764028800000,0.80851,0.80888,0.80795,0.8088,7499.72
1764043200000,0.80879,0.80942,0.80858,0.80898,6550.97
1764057600000,0.80897,0.81016,0.80855,0.81014,11109.53
1764072000000,0.81015,0.81015,0.80574,0.80778,25750.2
1764086400000,0.80778,0.80917,0.80625,0.80639,15224.83
1764100800000,0.80641,0.8081,0.80635,0.80791,6243.47
1764115200000,0.8079,0.80812,0.80534,0.80559,10430.58
1764129600000,0.80561,0.80618,0.80414,0.80581,11226.26
1764144000000,0.80584,0.80698,0.80561,0.80676,14942.06
1764158400000,0.80674,0.80832,0.80556,0.80559,29124.44
1764172800000,0.80556,0.80567,0.80402,0.80423,12033.71
1764187200000,0.80425,0.80445,0.8034,0.80342,5913.62
1764201600000,0.80342,0.8036,0.80261,0.80359,8517.33
1764216000000,0.80358,0.80489,0.80326,0.80469,7172.88
1764230400000,0.80467,0.80621,0.80458,0.80588,9020.89
1764244800000,0.80588,0.80599,0.8049,0.80519,8255.07
1764259200000,0.80519,0.80565,0.8046,0.80492,2508.92
1764273600000,0.80488,0.80502,0.80427,0.80456,2795.88
1764288000000,0.80453,0.80551,0.80448,0.80494,24060.33
1764302400000,0.80494,0.80609,0.80433,0.8057,60290.54
1764316800000,0.80569,0.8071,0.8052,0.80585,55619.75
1764331200000,0.80586,0.8063,0.80277,0.80278,30191.94
1764345600000,0.80277,0.80392,0.80261,0.80346,9997.99
1764360000000,0.80345,0.80368,0.80303,0.8034,15289.7
1764532800000,0.80403,0.80413,0.80315,0.80335,3897
1764547200000,0.80334,0.80442,0.80238,0.80413,10253.98
1764561600000,0.80415,0.80472,0.80301,0.80342,7747.03
1764576000000,0.80344,0.80374,0.80208,0.80239,18782.05
1764590400000,0.80237,0.80328,0.79961,0.8023,27036.78
1764604800000,0.80231,0.80463,0.80194,0.80435,10572.3
1764619200000,0.80433,0.80485,0.80277,0.80476,5277.53
1764633600000,0.80476,0.80498,0.80402,0.80413,6065.62
1764648000000,0.80413,0.80489,0.80391,0.80437,5847.31
1764662400000,0.80437,0.80528,0.80397,0.80446,11197.06
1764676800000,0.80445,0.80502,0.80301,0.80445,17145.39
1764691200000,0.80445,0.80483,0.80293,0.80319,10132.72
1764705600000,0.80319,0.80329,0.80238,0.80277,5675.61
1764720000000,0.80278,0.80284,0.80185,0.80194,4514.09
1764734400000,0.80195,0.80268,0.80075,0.80218,6680.98
1764748800000,0.80218,0.80243,0.80008,0.80012,12842.78
1764763200000,0.8001,0.80118,0.7994,0.80055,28055.84
1764777600000,0.80058,0.8007,0.79914,0.79935,11332.04
1764792000000,0.79935,0.79999,0.79905,0.79976,7323.18
1764806400000,0.79974,0.80081,0.79969,0.8008,5195.61
1764820800000,0.8008,0.80145,0.80052,0.80064,6843.58
1764835200000,0.80064,0.80119,0.79952,0.79961,14532.14
1764849600000,0.79959,0.80181,0.79957,0.80086,18544.65
1764864000000,0.80086,0.8032,0.80086,0.80314,9535.54
1764878400000,0.80317,0.80393,0.80257,0.80373,5844.69
1764892800000,0.80373,0.80381,0.80305,0.80346,4560.73
1764907200000,0.80343,0.80344,0.80187,0.80262,8161.19
1764921600000,0.80261,0.80369,0.80249,0.80332,11770.43
1764936000000,0.80332,0.80455,0.8027,0.80414,22192.97
1764950400000,0.80414,0.80548,0.80409,0.80432,12002.32
1764964800000,0.80434,0.80475,0.80402,0.80456,4891.75
1765137600000,0.80337,0.80501,0.80282,0.80477,9120.65
1765152000000,0.80479,0.80481,0.8033,0.8036,5342.16
1765166400000,0.80362,0.8037,0.80279,0.80339,7192.35
1765180800000,0.80342,0.80595,0.8032,0.80566,11667.56
1765195200000,0.80566,0.80853,0.80527,0.80783,19014.14
1765209600000,0.80784,0.80825,0.80628,0.80669,10578.93
1765224000000,0.80667,0.80718,0.80625,0.80664,3851.38
1765238400000,0.80664,0.80684,0.80591,0.8061,5204.98
1765252800000,0.80609,0.80658,0.80519,0.8063,9041.45
1765267200000,0.80631,0.80686,0.80496,0.80633,13564.82
1765281600000,0.80634,0.80822,0.80567,0.80698,23432.35
1765296000000,0.80699,0.80701,0.80585,0.80586,9130.01
1765310400000,0.8059,0.8064,0.80559,0.80601,4218.85
1765324800000,0.806,0.80644,0.80588,0.8061,4215.63
1765339200000,0.80608,0.80624,0.80495,0.80505,4438.71
1765353600000,0.80502,0.80566,0.80397,0.80529,11702.66
1765368000000,0.80529,0.80533,0.8025,0.8026,17941.2
1765382400000,0.80263,0.80315,0.80068,0.80104,27482.98
1765396800000,0.80107,0.8013,0.79913,0.79929,14048.9
1765411200000,0.79929,0.79953,0.79867,0.79896,6842.2
1765425600000,0.79897,0.8001,0.79884,0.79972,6756.1
1765440000000,0.79972,0.79983,0.79632,0.7964,17945.62
1765454400000,0.79644,0.79673,0.79291,0.79338,29454.76
1765468800000,0.79337,0.79509,0.79239,0.795,22161.52
1765483200000,0.79501,0.79541,0.79388,0.79462,7718.02
1765497600000,0.79461,0.79486,0.79416,0.79482,6341.21
1765512000000,0.79481,0.79519,0.79447,0.79496,8502.24
1765526400000,0.79496,0.79557,0.79445,0.79525,11597.61
1765540800000,0.79525,0.7963,0.79449,0.79568,20386.82
1765555200000,0.79568,0.79645,0.79512,0.79585,21207.72
1765569600000,0.79587,0.79622,0.79534,0.79534,7289.67
1765742400000,0.79473,0.79616,0.79473,0.79615,4876.94
1765756800000,0.79614,0.79678,0.79535,0.79615,7179.74
1765771200000,0.79616,0.79666,0.79585,0.79656,6900.99
1765785600000,0.79659,0.79735,0.79559,0.79587,11272.34
1765800000000,0.79588,0.79643,0.79381,0.79507,20064.35
1765814400000,0.79507,0.79731,0.795,0.79659,7853.6
1765828800000,0.79661,0.79666,0.79439,0.7962,4599.98
1765843200000,0.7962,0.79631,0.79519,0.79576,6864.69
1765857600000,0.79575,0.79694,0.79569,0.79656,5897.76
1765872000000,0.79655,0.79708,0.7955,0.79551,13583.46
1765886400000,0.79548,0.79569,0.79258,0.79516,38249.49
1765900800000,0.79516,0.79608,0.79362,0.79457,16952.01
1765915200000,0.79458,0.79542,0.79415,0.79524,6597.63
1765929600000,0.79526,0.79586,0.79488,0.79566,5951.67
1765944000000,0.79569,0.79869,0.79561,0.79816,11844.76
1765958400000,0.79816,0.79873,0.79643,0.79717,14993.97
1765972800000,0.79716,0.79728,0.7935,0.79447,34768.78
1765987200000,0.79447,0.79542,0.79426,0.79521,12495.84
1766001600000,0.79523,0.7959,0.79391,0.7952,5685.3
1766016000000,0.79519,0.79559,0.79478,0.79534,5534.49
1766030400000,0.79533,0.79557,0.79468,0.79554,5231.29
1766044800000,0.79553,0.79657,0.79479,0.79524,11805
1766059200000,0.7953,0.79573,0.79275,0.79386,35115.98
1766073600000,0.79387,0.79511,0.79303,0.79399,11758.21
1766088000000,0.794,0.79437,0.79369,0.79407,4564.41
1766102400000,0.79409,0.7952,0.79401,0.79501,5665.16
1766116800000,0.79499,0.79608,0.79455,0.79552,9009.84
1766131200000,0.79551,0.79591,0.79462,0.79571,13251.72
1766145600000,0.79571,0.79621,0.79405,0.79584,21865.41
1766160000000,0.79584,0.7959,0.79449,0.79466,11811.68
1766174400000,0.79469,0.7958,0.79444,0.79486,4289.67
1766347200000,0.79391,0.79584,0.79331,0.7954,9638.21
1766361600000,0.79539,0.79549,0.79437,0.79451,14873.1
1766376000000,0.79452,0.79531,0.79426,0.79445,5458.62
1766390400000,0.79445,0.795,0.79309,0.79337,10708.82
1766404800000,0.79336,0.79379,0.79197,0.79227,16064.82
1766419200000,0.79225,0.79274,0.79156,0.79179,7757.19
1766433600000,0.79177,0.7921,0.79112,0.7915,5787.78
1766448000000,0.7915,0.79153,0.78937,0.7895,6735.33
1766462400000,0.78948,0.79079,0.78925,0.79039,11330.73
1766476800000,0.79041,0.79053,0.78722,0.78763,15115.83
1766491200000,0.78764,0.79082,0.78663,0.78979,24235.15
1766505600000,0.78979,0.78982,0.78748,0.78765,8795.9
1766520000000,0.78766,0.78801,0.78701,0.7875,6328.69
1766534400000,0.78754,0.78768,0.78616,0.78743,8273.86
1766548800000,0.78741,0.78769,0.78655,0.78751,6876.54
1766563200000,0.78751,0.78819,0.78612,0.78647,19625.5
1766577600000,0.78645,0.78895,0.78642,0.78883,14586.47
1766592000000,0.78884,0.78965,0.78793,0.78802,15164.12
1766606400000,0.78802,0.78805,0.78719,0.78738,20910.66
1766620800000,0.78738,0.78799,0.78626,0.78765,2138.67
1766635200000,0.78766,0.78779,0.78632,0.78645,3009.45
1766692800000,0.78612,0.78832,0.7861,0.78811,10480.74
1766707200000,0.78811,0.78876,0.78759,0.78835,7437.53
1766721600000,0.78836,0.78972,0.78795,0.78938,5979.17
1766736000000,0.78936,0.7903,0.78903,0.78949,6204.27
1766750400000,0.78949,0.78974,0.78785,0.78881,20960.49
1766764800000,0.7888,0.79023,0.78874,0.78903,32656.91
1766779200000,0.78902,0.78968,0.78873,0.78931,8155.73
1766952000000,0.78817,0.78951,0.78783,0.78921,5519.86
1766966400000,0.78917,0.78974,0.7882,0.7894,5895.74
1766980800000,0.78941,0.79008,0.78839,0.78868,7180.16
1766995200000,0.78869,0.79157,0.78731,0.7903,14021.72
1767009600000,0.79031,0.7909,0.78816,0.78922,25543.75
1767024000000,0.78925,0.79093,0.78908,0.78959,9396.15
1767038400000,0.7896,0.78986,0.7883,0.78881,7644.84
1767052800000,0.78881,0.78919,0.78832,0.78863,5502.16
1767067200000,0.78863,0.7893,0.78815,0.78886,5053.09
1767081600000,0.78883,0.78966,0.78758,0.78891,10133.51
1767096000000,0.78891,0.79166,0.78891,0.79077,17922.77
1767110400000,0.79078,0.79181,0.7904,0.79172,10990.23
1767124800000,0.79171,0.79237,0.79123,0.79187,3756.56
1767139200000,0.79184,0.79245,0.79157,0.79212,4038.85
1767153600000,0.79212,0.79331,0.79212,0.79298,6663.06
1767168000000,0.79298,0.7942,0.79234,0.79236,16662.82
1767182400000,0.79236,0.79409,0.7917,0.79226,22947.08
1767196800000,0.79225,0.79399,0.79194,0.79285,10558.08
1767211200000,0.79287,0.79288,0.79178,0.79242,2811.63
1767297600000,0.79136,0.79276,0.79134,0.79196,1221.51
1767312000000,0.79197,0.79217,0.7908,0.79121,4103.96
1767326400000,0.7912,0.79401,0.79119,0.79342,5028.95
1767340800000,0.79343,0.79409,0.79224,0.79305,14015.07
1767355200000,0.79305,0.79332,0.79027,0.79038,19438.58
1767369600000,0.79038,0.79269,0.79008,0.79199,9120.63
1767384000000,0.792,0.79277,0.79186,0.79188,3554.85
1767556800000,0.79107,0.79344,0.79051,0.79322,2757.7
1767571200000,0.79323,0.79493,0.79212,0.79489,8788.23
1767585600000,0.79492,0.79505,0.79368,0.7941,6680.05
1767600000000,0.7941,0.79667,0.79367,0.79464,16261.32
1767614400000,0.79465,0.79674,0.79327,0.79344,24263.82
1767628800000,0.79347,0.7935,0.79133,0.79151,13928.9
1767643200000,0.79151,0.79224,0.79113,0.79219,5421
1767657600000,0.79218,0.79263,0.79064,0.79099,6337.06
1767672000000,0.79117,0.79149,0.7906,0.79118,6626.9
1767686400000,0.79118,0.79334,0.79075,0.79319,13464.93
1767700800000,0.79319,0.7955,0.79236,0.79483,22084.02
1767715200000,0.79483,0.79591,0.79471,0.79534,19297.03
1767729600000,0.79531,0.79587,0.7946,0.79571,5221.47
1767744000000,0.79569,0.79584,0.79437,0.79483,6747.13
1767758400000,0.79481,0.79661,0.79448,0.7964,8076.96
1767772800000,0.7964,0.7968,0.79535,0.79626,12479.41
1767787200000,0.79623,0.79725,0.79512,0.79648,21815.6
1767801600000,0.79648,0.79772,0.79625,0.79743,14061.31
1767816000000,0.79743,0.79788,0.79639,0.79768,4503.6
1767830400000,0.79768,0.79798,0.79701,0.79723,4778.87
1767844800000,0.79723,0.79763,0.79691,0.79735,7093.11
1767859200000,0.79739,0.79846,0.79681,0.79711,12113.49
1767873600000,0.79713,0.79891,0.7971,0.79863,15489.56
1767888000000,0.79863,0.79994,0.79846,0.79944,8254.46
1767902400000,0.79945,0.79955,0.79831,0.799,5531.19
1767916800000,0.79901,0.80012,0.79895,0.7995,4777.1
1767931200000,0.79948,0.80032,0.79943,0.79961,5062.46
1767945600000,0.79957,0.80031,0.79933,0.79976,10837.5
1767960000000,0.79975,0.80173,0.79857,0.80103,35404.82
1767974400000,0.80102,0.80167,0.8006,0.80096,10854.99
1767988800000,0.80095,0.80124,0.80063,0.80078,3060.45
1768161600000,0.79978,0.80176,0.79978,0.80164,1727.24
1768176000000,0.80162,0.8017,0.79723,0.79905,12876.32
1768190400000,0.79906,0.79927,0.79622,0.79641,7429.96
1768204800000,0.7964,0.79786,0.79556,0.79762,14807.99
1768219200000,0.79763,0.79792,0.79563,0.79621,18354.75
1768233600000,0.79618,0.79761,0.79609,0.79699,9817.22
1768248000000,0.79699,0.79782,0.79645,0.79725,5354.68
1768262400000,0.79726,0.79801,0.79724,0.79779,5064.93
1768276800000,0.79779,0.79793,0.79679,0.79744,7007.43
1768291200000,0.79746,0.79848,0.79672,0.79822,11026.87
1768305600000,0.79825,0.80037,0.79735,0.79988,28071.89
1768320000000,0.79986,0.80156,0.79967,0.80062,13191.36
1768334400000,0.80062,0.80111,0.80049,0.80111,6241.7
1768348800000,0.80111,0.80172,0.80061,0.80084,5629.69
1768363200000,0.80085,0.80149,0.80047,0.80107,5538.83
1768377600000,0.80108,0.80273,0.80047,0.80096,14633.88
1768392000000,0.80095,0.8014,0.79868,0.79872,26932.84
1768406400000,0.7987,0.80046,0.79833,0.8004,9974.76
1768420800000,0.8004,0.80042,0.79933,0.79974,6848.92
1768435200000,0.79975,0.80053,0.79949,0.80041,6138.32
1768449600000,0.80042,0.80164,0.8004,0.8012,7943.9
1768464000000,0.80124,0.8017,0.80013,0.80116,15545.42
1768478400000,0.8012,0.80405,0.80065,0.80343,23506.11
1768492800000,0.80342,0.80365,0.80245,0.80307,10107.46
1768507200000,0.80305,0.80368,0.8024,0.80335,4085.38
1768521600000,0.80335,0.80391,0.80242,0.80243,9492.44
1768536000000,0.80243,0.80283,0.80185,0.80234,9581.57
1768550400000,0.80233,0.80269,0.80104,0.80147,11520.93
1768564800000,0.80147,0.80347,0.80058,0.80291,29238.4
1768579200000,0.8029,0.80357,0.80187,0.80335,12605.9
1768593600000,0.80334,0.80336,0.80238,0.80238,4657.74
1768766400000,0.80039,0.80246,0.79795,0.79869,9022.63
1768780800000,0.79869,0.80038,0.79795,0.79899,19660.19
1768795200000,0.79898,0.79971,0.79784,0.79933,16438.02
1768809600000,0.79934,0.80006,0.79832,0.79861,15396.86
1768824000000,0.79862,0.79879,0.7962,0.79703,15911.71
1768838400000,0.79703,0.79768,0.79676,0.79734,8300.37
1768852800000,0.79734,0.79805,0.79676,0.79791,3260.16
1768867200000,0.79791,0.79842,0.79626,0.79666,6906.29
1768881600000,0.79667,0.79675,0.79328,0.79356,11743
1768896000000,0.79355,0.79377,0.7888,0.78987,42491.06
1768910400000,0.78988,0.79204,0.78776,0.79016,48834.72
1768924800000,0.79014,0.7904,0.78858,0.79034,23707.24
1768939200000,0.79033,0.79049,0.78899,0.78962,9210.93
1768953600000,0.78963,0.7917,0.78895,0.79069,10993.86
1768968000000,0.79068,0.79189,0.79041,0.79132,11935.32
1768982400000,0.79131,0.79308,0.79057,0.791,19125.59
1768996800000,0.79102,0.79422,0.78899,0.79405,45223.99
1769011200000,0.79406,0.79685,0.79232,0.7956,25113.87
1769025600000,0.7956,0.79669,0.79498,0.79636,7916.98
1769040000000,0.79636,0.79636,0.79492,0.79497,6787.01
1769054400000,0.79496,0.79525,0.79351,0.79408,9805.93
1769068800000,0.7941,0.7946,0.7924,0.79281,17265.41
1769083200000,0.79282,0.7932,0.79074,0.79074,30448.99
1769097600000,0.79073,0.79115,0.78938,0.79004,14502.98
1769112000000,0.79005,0.79013,0.78862,0.78905,5555.54
1769126400000,0.78906,0.79048,0.78906,0.79044,6599.44
1769140800000,0.79045,0.79109,0.78938,0.79045,13829.2
1769155200000,0.79048,0.79142,0.78979,0.7904,16621.56
1769169600000,0.79039,0.79092,0.78883,0.78905,15920.51
1769184000000,0.78902,0.79,0.78152,0.7825,38309.92
1769198400000,0.78249,0.78292,0.77883,0.77972,9130.09
1769371200000,0.77616,0.77818,0.77412,0.77794,9820.25
1769385600000,0.77793,0.77934,0.77604,0.77706,20030.62
1769400000000,0.77706,0.77922,0.77632,0.77919,19292.21
1769414400000,0.7792,0.77928,0.77526,0.77731,33521.68
1769428800000,0.7773,0.77934,0.77365,0.77399,32261.35
1769443200000,0.77399,0.77706,0.77305,0.77632,23622.64
1769457600000,0.77631,0.77737,0.77581,0.7773,6312.5
1769472000000,0.77734,0.77755,0.77523,0.77698,10204.81
1769486400000,0.77698,0.77805,0.77661,0.77779,11012.27
1769500800000,0.77779,0.77838,0.77419,0.77429,26086.32
1769515200000,0.77429,0.77436,0.76596,0.76785,55519.54
1769529600000,0.76787,0.76796,0.76575,0.7665,24932.52
1769544000000,0.7665,0.76677,0.7604,0.76286,33863.13
1769558400000,0.76286,0.76644,0.76286,0.76569,14835.88
1769572800000,0.7657,0.76661,0.76281,0.76516,18834.51
1769587200000,0.76515,0.76938,0.76447,0.76818,33361.99
1769601600000,0.76819,0.77198,0.76624,0.7693,47851.05
1769616000000,0.7693,0.77272,0.76883,0.76994,34469
1769630400000,0.76995,0.77044,0.76543,0.76543,15766.59
1769644800000,0.76544,0.76797,0.76464,0.76538,16239
1769659200000,0.76538,0.76715,0.76484,0.76646,14999.36
1769673600000,0.76651,0.76864,0.76557,0.7683,25455.19
1769688000000,0.7683,0.77058,0.76572,0.76803,55402.04
1769702400000,0.76802,0.76827,0.76587,0.76643,32393.01
1769716800000,0.76645,0.76677,0.7636,0.76436,14023.29
1769731200000,0.76437,0.76999,0.76385,0.76861,26002.91
1769745600000,0.76861,0.76917,0.76703,0.7674,22561.86
1769760000000,0.76738,0.76998,0.76685,0.76694,42878.73
1769774400000,0.76696,0.77025,0.76624,0.77011,46511.38
1769788800000,0.77013,0.77302,0.76989,0.77186,40558.23
1769803200000,0.77184,0.7732,0.77184,0.7729,8594.98
1769976000000,0.77173,0.77474,0.77173,0.77372,7404.34
1769990400000,0.77373,0.77373,0.77171,0.77237,21454.72
1770004800000,0.77233,0.77366,0.7714,0.7734,20516.89
1770019200000,0.7734,0.77634,0.77261,0.77519,29978.67
1770033600000,0.7752,0.78172,0.77479,0.7815,41866.19
1770048000000,0.7815,0.78172,0.77908,0.77979,24524.38
1770062400000,0.77978,0.78042,0.77858,0.77901,9530.32
1770076800000,0.779,0.77909,0.77786,0.77835,10833.07
1770091200000,0.77833,0.77847,0.77676,0.77733,11925.28
1770105600000,0.77732,0.77888,0.77665,0.77842,18665.54
1770120000000,0.77843,0.77879,0.77499,0.77512,27999.14
1770134400000,0.77511,0.77593,0.77382,0.77555,24960.28
1770148800000,0.77553,0.77592,0.77455,0.77575,9695.8
1770163200000,0.77576,0.77656,0.77516,0.7754,8965.25
1770177600000,0.7754,0.77617,0.77454,0.77584,8839.52
1770192000000,0.77587,0.77721,0.77499,0.77648,16703.77
1770206400000,0.77647,0.77751,0.77489,0.77713,31092
1770220800000,0.77712,0.77755,0.77555,0.77653,24839.85
1770235200000,0.77656,0.77756,0.77611,0.77733,7614.7
1770249600000,0.77732,0.7781,0.7766,0.77797,14367.65
1770264000000,0.77796,0.7787,0.77739,0.77772,9894.5
1770278400000,0.77774,0.77859,0.77686,0.77741,17300.34
1770292800000,0.77743,0.77775,0.77419,0.7772,46819.68
1770307200000,0.77719,0.77801,0.77669,0.77736,16149.48
1770321600000,0.7774,0.77841,0.77709,0.77773,7454.16
1770336000000,0.77773,0.77816,0.77687,0.7773,9283.85
1770350400000,0.77729,0.77751,0.7761,0.77744,7711.16
1770364800000,0.77743,0.77858,0.77722,0.77812,13471.66
1770379200000,0.7781,0.77824,0.77504,0.77518,22179.61
1770393600000,0.77516,0.77609,0.77508,0.77536,11059.21
1770408000000,0.77538,0.77594,0.77511,0.77556,2403.71
1770580800000,0.77355,0.77711,0.77355,0.77585,3515.69
1770595200000,0.77584,0.77648,0.77477,0.77596,12637.51
1770609600000,0.77597,0.77597,0.77242,0.77297,11523.5
1770624000000,0.77298,0.77333,0.77134,0.77138,17429.27
1770638400000,0.77136,0.77136,0.76609,0.76643,36945.6
1770652800000,0.76641,0.76838,0.76573,0.76595,18913.01
1770667200000,0.76597,0.76726,0.76563,0.76701,7526.17
1770681600000,0.76703,0.76771,0.76565,0.76631,9156.15
1770696000000,0.76632,0.76757,0.76623,0.76674,8804.34
1770710400000,0.76672,0.76751,0.76526,0.76653,13903.28
1770724800000,0.76653,0.76729,0.76289,0.76505,36540.3
1770739200000,0.76504,0.76877,0.76496,0.76736,16580.15
1770753600000,0.76738,0.7688,0.76666,0.7686,5756.86
1770768000000,0.76862,0.76873,0.76611,0.76636,10681.26
1770782400000,0.76637,0.76649,0.76481,0.76573,10812.41
1770796800000,0.76571,0.76694,0.76515,0.76618,15897.59
1770811200000,0.76618,0.77299,0.76612,0.77245,63624.58
1770825600000,0.77246,0.77286,0.76963,0.7705,23327.67
1770840000000,0.77052,0.77184,0.77044,0.77121,5652.21
1770854400000,0.77118,0.77154,0.76994,0.77075,11291.57
1770868800000,0.77077,0.77248,0.77051,0.77093,13190.58
1770883200000,0.77091,0.77119,0.76686,0.76688,15998.37
1770897600000,0.76687,0.7702,0.76666,0.76771,28550.6
1770912000000,0.76768,0.77018,0.76717,0.76953,35857.04
1770926400000,0.76954,0.76978,0.76803,0.76947,6214.36
1770940800000,0.76948,0.76979,0.76884,0.76975,7285.99
1770955200000,0.76973,0.77181,0.76963,0.7705,9994.34
1770969600000,0.77056,0.77078,0.76915,0.76969,14477.16
1770984000000,0.76969,0.77031,0.767,0.77027,35514.41
1770998400000,0.77026,0.77034,0.76753,0.76826,13061.72
1771012800000,0.76825,0.76857,0.76699,0.76699,3393.79
1771185600000,0.76736,0.76858,0.76713,0.76822,3315.25
1771200000000,0.76824,0.76884,0.76804,0.76808,6815.78
1771214400000,0.76809,0.76882,0.768,0.76843,4821.48
1771228800000,0.76843,0.77012,0.76787,0.76986,11051.43
1771243200000,0.76987,0.77043,0.76897,0.76935,8629.29
1771257600000,0.76935,0.76986,0.76914,0.7692,3205.42
1771272000000,0.7692,0.76986,0.76882,0.76967,3806.01
1771286400000,0.76967,0.7701,0.76931,0.76949,5590.95
1771300800000,0.76947,0.77066,0.76875,0.77044,7079.03
1771315200000,0.77045,0.77079,0.76881,0.7704,12912.4
1771329600000,0.77041,0.77397,0.77003,0.77378,28908.58
1771344000000,0.77378,0.77381,0.77005,0.77024,14659.41
1771358400000,0.77024,0.7704,0.76945,0.77026,5286.37
1771372800000,0.77027,0.77106,0.76994,0.77105,4433.52
1771387200000,0.77105,0.77163,0.77052,0.77143,4725.89
1771401600000,0.77142,0.77213,0.77084,0.77111,11826.65
1771416000000,0.7711,0.77211,0.76996,0.77128,22219.65
1771430400000,0.7713,0.7732,0.77088,0.77265,14682.86
1771444800000,0.77264,0.77314,0.772,0.77243,5851.96
1771459200000,0.77247,0.77299,0.77206,0.77288,5360.33
1771473600000,0.77288,0.77334,0.77201,0.77232,6803.55
1771488000000,0.77231,0.77427,0.77213,0.77407,13768.15
1771502400000,0.77406,0.77625,0.77403,0.77551,28418.03
1771516800000,0.77552,0.77618,0.77472,0.7759,13693.56
1771531200000,0.77589,0.77594,0.77443,0.7754,5854.7
1771545600000,0.77539,0.77619,0.77521,0.7758,6316.13
1771560000000,0.77577,0.77624,0.77513,0.77622,6904.29
1771574400000,0.77622,0.77685,0.77499,0.77624,17321.95
1771588800000,0.77624,0.77719,0.77303,0.77437,42261.67
1771603200000,0.77437,0.77632,0.77362,0.77546,25447.32
1771617600000,0.77547,0.77606,0.77459,0.77543,4815.45
1771790400000,0.77296,0.77469,0.77165,0.77175,4400.93
1771804800000,0.77176,0.7725,0.771,0.77205,12307.13
1771819200000,0.77204,0.7729,0.77155,0.77217,8104.97
1771833600000,0.77215,0.77635,0.77203,0.77622,17649.8
1771848000000,0.77623,0.77679,0.77315,0.77417,25067.38
1771862400000,0.77416,0.7746,0.77312,0.77433,12345.65
1771876800000,0.77433,0.77483,0.77407,0.77425,6058.38
1771891200000,0.77425,0.77609,0.77415,0.77593,9156.8
1771905600000,0.77592,0.77657,0.77518,0.77551,10614.85
1771920000000,0.77552,0.77581,0.77314,0.77369,14434.71
1771934400000,0.7737,0.77506,0.77363,0.7747,21451.24
1771948800000,0.77472,0.77477,0.77302,0.77346,9321.86
1771963200000,0.77345,0.77415,0.77319,0.77385,5376.5
1771977600000,0.77386,0.77404,0.7726,0.77305,10224.91
1771992000000,0.77307,0.77327,0.77187,0.773,9154.29
1772006400000,0.77296,0.77573,0.77274,0.77545,13816.34
1772020800000,0.77544,0.77549,0.77237,0.7733,20400
1772035200000,0.77329,0.7733,0.77183,0.77287,9769.69
1772049600000,0.77286,0.77318,0.772,0.77213,6616.73
1772064000000,0.77213,0.77243,0.771,0.7721,7664.7
1772078400000,0.7721,0.77252,0.77165,0.77178,7383.87
1772092800000,0.7718,0.77536,0.77177,0.77518,12688.1
1772107200000,0.77517,0.7752,0.77314,0.77366,24400.22
1772121600000,0.77368,0.77516,0.77352,0.77401,14641.55
1772136000000,0.77401,0.77417,0.77317,0.7732,5398.6
1772150400000,0.77319,0.77388,0.77279,0.77303,8721.49
1772164800000,0.77304,0.77371,0.77242,0.77277,8710.21
1772179200000,0.77278,0.77315,0.77201,0.77219,14957.78
1772193600000,0.77219,0.77219,0.76712,0.76893,31988.93
1772208000000,0.76893,0.76917,0.76768,0.76815,13272.55
1772222400000,0.76814,0.76965,0.76786,0.76887,6228.94
1772395200000,0.76726,0.76968,0.76722,0.7695,6006.89
1772409600000,0.76952,0.76994,0.76782,0.76821,14747.78
1772424000000,0.76821,0.77345,0.76816,0.77266,19099.01
1772438400000,0.77269,0.77513,0.77107,0.77499,28025.42
1772452800000,0.77499,0.78087,0.77499,0.78022,42277.6
1772467200000,0.78023,0.78132,0.77784,0.77805,21939.4
1772481600000,0.77805,0.78022,0.77797,0.77873,16044.68
1772496000000,0.77873,0.78045,0.77842,0.78012,12097.46
1772510400000,0.78012,0.7831,0.77998,0.78284,17753
1772524800000,0.78284,0.78784,0.78267,0.78636,45471.38
1772539200000,0.78637,0.78694,0.78399,0.78486,50590.62
1772553600000,0.78488,0.78488,0.78097,0.7816,34196.34
1772568000000,0.78161,0.78277,0.78083,0.782,13362.57
1772582400000,0.78199,0.78332,0.78053,0.78068,17801.6
1772596800000,0.78066,0.78242,0.77902,0.78033,17600.38
1772611200000,0.78033,0.78347,0.77971,0.78061,30993.55
1772625600000,0.7806,0.78193,0.77943,0.77993,38510.99
1772640000000,0.77991,0.78054,0.77869,0.77878,14928.36
1772654400000,0.77877,0.77933,0.77845,0.77915,7472.67
1772668800000,0.77916,0.78031,0.7782,0.78003,12572.29
1772683200000,0.78005,0.78185,0.77985,0.78043,16184.58
1772697600000,0.78043,0.78168,0.77848,0.78013,31490.41
1772712000000,0.78013,0.78251,0.77888,0.78181,37234.69
1772726400000,0.78182,0.78372,0.7814,0.7835,27349.51
1772740800000,0.78349,0.78362,0.78042,0.78085,12126.74
1772755200000,0.78085,0.78098,0.78014,0.78026,10236.78
1772769600000,0.78027,0.78127,0.77941,0.77942,9812.08
1772784000000,0.77942,0.78226,0.77939,0.78206,23722.38
1772798400000,0.78205,0.78272,0.7779,0.77955,52794.64
1772812800000,0.77955,0.77964,0.77599,0.77709,27895.79
1772827200000,0.77708,0.77745,0.77529,0.77529,7729.65
1773000000000,0.77875,0.78135,0.77859,0.78114,10713.88
1773014400000,0.78116,0.78252,0.78086,0.78122,19897.81
1773028800000,0.78121,0.78129,0.77773,0.77812,26690.77
1773043200000,0.7781,0.78084,0.77783,0.77902,41383.64
1773057600000,0.77903,0.78073,0.77793,0.77871,46337.88
1773072000000,0.7787,0.78033,0.77692,0.77815,24423.3
1773086400000,0.77816,0.77833,0.77677,0.77795,7557.51
1773100800000,0.77796,0.77812,0.77655,0.77798,15389.35
1773115200000,0.77798,0.77825,0.77557,0.77573,13820.19
1773129600000,0.77559,0.77742,0.77506,0.77594,29803.85
1773144000000,0.77593,0.77693,0.77477,0.77527,35979.14
1773158400000,0.7753,0.77931,0.7753,0.7786,33424.68
1773172800000,0.7786,0.77899,0.7777,0.77856,5823.47
1773187200000,0.77855,0.77884,0.77715,0.77716,9425.98
1773201600000,0.77716,0.77813,0.77657,0.77775,11894.92
1773216000000,0.77775,0.77926,0.77651,0.77893,25057.99
1773230400000,0.77894,0.78055,0.77773,0.78054,42132.33
1773244800000,0.78052,0.78082,0.77933,0.77973,15838.73
1773259200000,0.77973,0.78194,0.77937,0.78172,12027.4
1773273600000,0.78173,0.78221,0.78063,0.78201,11327.22
1773288000000,0.78202,0.78233,0.78119,0.78181,11497.24
1773302400000,0.78181,0.78276,0.7801,0.78106,17508.22
1773316800000,0.78105,0.78504,0.78099,0.7844,35468.55
1773331200000,0.78441,0.78593,0.7836,0.78585,18817.52
1773345600000,0.78587,0.78631,0.78469,0.78537,6944.57
1773360000000,0.78539,0.78674,0.78467,0.78649,10695.05
1773374400000,0.7865,0.78885,0.78649,0.78865,14110.24
1773388800000,0.7886,0.78946,0.78688,0.78704,22595.65
1773403200000,0.78705,0.7899,0.78609,0.78972,34790.37
1773417600000,0.78973,0.79123,0.78917,0.79112,15833.83
1773432000000,0.79111,0.79166,0.7909,0.79115,3166.86
1773604800000,0.78858,0.79114,0.7882,0.78991,7310.04
1773619200000,0.7899,0.79003,0.78882,0.78918,9240.7
1773633600000,0.78918,0.79226,0.78909,0.79139,10665.2
1773648000000,0.79141,0.79143,0.78719,0.78763,16674.24
1773662400000,0.78763,0.78928,0.78658,0.78869,23260.29
1773676800000,0.7887,0.78897,0.78646,0.78753,19782.86
1773691200000,0.78752,0.78825,0.78602,0.78813,5194.84
1773705600000,0.78814,0.78906,0.78789,0.78858,7401.72
1773720000000,0.78861,0.78999,0.78741,0.7877,10215.03
1773734400000,0.78771,0.78804,0.78607,0.78748,16451.38
1773748800000,0.78749,0.78762,0.78543,0.78562,24016.43
1773763200000,0.78563,0.78613,0.78433,0.78508,10591.3
1773777600000,0.78509,0.78515,0.78426,0.78484,6390.07
1773792000000,0.78484,0.78571,0.78456,0.78531,9693.08
1773806400000,0.7853,0.78653,0.78498,0.78642,11120.7
1773820800000,0.78645,0.78747,0.78542,0.78564,16246.84
1773835200000,0.78562,0.78936,0.78562,0.78917,37813.62
1773849600000,0.78915,0.79285,0.78833,0.79279,21546.74
1773864000000,0.79281,0.79359,0.7919,0.79268,7992.73
1773878400000,0.79269,0.79275,0.79091,0.79202,14113.58
1773892800000,0.79203,0.79298,0.79126,0.79201,16534.64
1773907200000,0.79201,0.79578,0.79177,0.79462,42134.32
1773921600000,0.79462,0.79538,0.7902,0.79236,61172.54
1773936000000,0.79236,0.79278,0.78571,0.78825,38440.49
1773950400000,0.78824,0.78905,0.78743,0.7889,6118.02
1773964800000,0.7889,0.78938,0.78802,0.78924,8076.77
1773979200000,0.78924,0.79004,0.78866,0.78893,9382.6
1773993600000,0.78892,0.78927,0.78644,0.78682,23086.57
1774008000000,0.78683,0.79052,0.78551,0.78901,41148.32
1774022400000,0.789,0.7891,0.78736,0.78824,23041.07
1774036800000,0.78823,0.78836,0.78778,0.78778,3529.35
1774209600000,0.78759,0.78875,0.78662,0.78772,7800.29
1774224000000,0.78773,0.78953,0.78749,0.78917,20837.18
1774238400000,0.78916,0.79063,0.78873,0.78944,17469.22
1774252800000,0.78944,0.79394,0.78582,0.7896,61518.3
1774267200000,0.78962,0.79053,0.78341,0.78774,94248.56
1774281600000,0.78775,0.78824,0.78438,0.78621,33941.05
1774296000000,0.78622,0.78673,0.78592,0.78659,6473.59
1774310400000,0.78659,0.78875,0.78654,0.78841,18252.26
1774324800000,0.78839,0.78893,0.78612,0.78626,18225.51
1774339200000,0.78621,0.78815,0.78595,0.78755,28539.41
1774353600000,0.78753,0.79163,0.78712,0.79142,51519.65
1774368000000,0.79143,0.79245,0.78996,0.79017,28491.76
1774382400000,0.79019,0.79026,0.78709,0.78804,14304.99
1774396800000,0.78803,0.78941,0.78696,0.78925,13504.46
1774411200000,0.78927,0.79062,0.78899,0.78991,11632.22
1774425600000,0.78989,0.79087,0.78833,0.78876,25413.17
1774440000000,0.78876,0.79222,0.78818,0.79176,40592.38
1774454400000,0.79177,0.79241,0.79058,0.79159,23375.69
1774468800000,0.79161,0.79203,0.79081,0.79155,5044.42
1774483200000,0.79155,0.79235,0.79128,0.79171,8355.01
1774497600000,0.79172,0.79294,0.79137,0.79235,11000.66
1774512000000,0.79236,0.79366,0.79131,0.79357,17287.16
1774526400000,0.7936,0.79428,0.79238,0.79352,32190.73
1774540800000,0.79352,0.7957,0.79338,0.79569,15004.72
1774555200000,0.79569,0.79589,0.79312,0.79473,12980.92
1774569600000,0.79475,0.79559,0.79448,0.79545,10857.83
1774584000000,0.79545,0.79691,0.79481,0.79674,16065.48
1774598400000,0.79678,0.7977,0.79589,0.79747,18578.4
1774612800000,0.79749,0.79799,0.79522,0.79695,30889.05
1774627200000,0.79696,0.79909,0.79633,0.79857,17826.26
1774641600000,0.79857,0.79931,0.79841,0.79871,2698.8
1774814400000,0.79761,0.80006,0.79586,0.79981,5819.91
1774828800000,0.7998,0.79995,0.79817,0.79869,12206.91
1774843200000,0.79869,0.79998,0.79789,0.79975,11971.82
1774857600000,0.79975,0.80039,0.79844,0.79982,14877.7
1774872000000,0.79979,0.80126,0.79911,0.80006,25879.26
1774886400000,0.80007,0.80059,0.79944,0.79979,12196.63
1774900800000,0.79979,0.80007,0.79827,0.79989,6884.02
1774915200000,0.79988,0.80022,0.79788,0.79874,13252.73
1774929600000,0.79874,0.80021,0.79847,0.79989,11444.54
1774944000000,0.79989,0.80112,0.79918,0.7995,18719.18
1774958400000,0.79949,0.8042,0.79911,0.80267,46249.36
1774972800000,0.80267,0.80345,0.79936,0.79954,35189.2
1774987200000,0.79955,0.79955,0.79758,0.79768,6974.7
1775001600000,0.79772,0.79841,0.79671,0.79814,13322.39
1775016000000,0.79814,0.79816,0.79274,0.79438,20789.31
1775030400000,0.79441,0.79455,0.7916,0.79172,24549.67
1775044800000,0.79172,0.79431,0.79046,0.79324,45974.12
1775059200000,0.79325,0.79496,0.79174,0.79466,14932.28
1775073600000,0.79468,0.79474,0.79349,0.79401,5233.08
1775088000000,0.79404,0.79823,0.79279,0.7981,26642.45
1775102400000,0.79809,0.80027,0.79786,0.7989,19477.7
1775116800000,0.79889,0.80084,0.79883,0.79984,16314.26
1775131200000,0.79981,0.80045,0.7977,0.79842,44683.18
1775145600000,0.79843,0.79918,0.79792,0.79899,15983.2
1775160000000,0.79898,0.79909,0.79741,0.79864,4265.35
1775174400000,0.79865,0.79907,0.79844,0.79866,3200.23
1775188800000,0.79863,0.79887,0.79766,0.79778,3935.56
1775203200000,0.79779,0.79842,0.79772,0.79827,6585.45
1775217600000,0.79826,0.8017,0.79811,0.80009,25009.71
1775232000000,0.80011,0.80117,0.80005,0.80096,16866.37
1775246400000,0.80096,0.80101,0.79788,0.79873,3993.96
1775419200000,0.7984,0.80119,0.79798,0.80119,6878
1775433600000,0.8012,0.8018,0.80048,0.80074,9748.01
1775448000000,0.80073,0.8008,0.79669,0.7969,11949.78
1775462400000,0.79688,0.79863,0.79671,0.79792,16231.53
1775476800000,0.79794,0.79851,0.79608,0.79784,30175.53
1775491200000,0.79786,0.79875,0.79746,0.79812,21507.42
1775505600000,0.79812,0.79823,0.79716,0.79812,3274.68
1775520000000,0.79813,0.80009,0.79811,0.79931,7557.67
1775534400000,0.7993,0.79993,0.7983,0.79983,11808.68
1775548800000,0.79984,0.80004,0.79784,0.79937,24755.98
1775563200000,0.79936,0.80108,0.79878,0.79971,32133.35
1775577600000,0.7997,0.79979,0.79741,0.79786,20622.3
1775592000000,0.79787,0.79825,0.79035,0.7904,23044.41
1775606400000,0.79038,0.79171,0.78967,0.79032,23415.9
1775620800000,0.79031,0.79031,0.78725,0.78758,26187.29
1775635200000,0.78757,0.78936,0.78717,0.7884,27338.71
1775649600000,0.78837,0.78984,0.7869,0.78977,50250.95
1775664000000,0.78978,0.7926,0.78975,0.7911,19429.73
1775678400000,0.79111,0.79152,0.78966,0.79143,4457.83
1775692800000,0.79142,0.79212,0.79084,0.79124,9905.48
1775707200000,0.79125,0.79217,0.79053,0.79094,13920
1775721600000,0.79097,0.79168,0.79022,0.79039,15824.44
1775736000000,0.79038,0.79117,0.78876,0.78887,36991.68
1775750400000,0.78887,0.79057,0.78788,0.79044,19772.4
1775764800000,0.79045,0.79097,0.7874,0.79087,5550.11
1775779200000,0.79092,0.79136,0.79016,0.79027,7352.41
1775793600000,0.79027,0.79066,0.78956,0.79049,10252.87
1775808000000,0.79051,0.79062,0.78869,0.78878,19341.68
1775822400000,0.78878,0.78997,0.78545,0.78923,39306.09
1775836800000,0.78924,0.79003,0.78844,0.78906,15951.89
1775851200000,0.78905,0.7893,0.78832,0.78841,2521.8
1776024000000,0.79019,0.7934,0.78969,0.79262,6542.06
1776038400000,0.7926,0.79296,0.79172,0.79174,10374.3
1776052800000,0.79173,0.79223,0.78972,0.79,12434.01
1776067200000,0.79001,0.79103,0.7892,0.79098,14127.8
1776081600000,0.79099,0.79116,0.78697,0.78759,30912
1776096000000,0.78759,0.78768,0.78297,0.78375,18561.94
1776110400000,0.78375,0.78397,0.78167,0.78319,3796.83
1776124800000,0.78318,0.78378,0.78291,0.78301,7483.67
1776139200000,0.78301,0.78365,0.78008,0.7812,18052.95
1776153600000,0.7812,0.78173,0.77987,0.78032,20786.11
1776168000000,0.78029,0.78114,0.779,0.78098,32963.81
1776182400000,0.78099,0.78135,0.78055,0.78129,10812.37
1776196800000,0.78129,0.78137,0.78032,0.7809,4152.38
1776211200000,0.78091,0.78197,0.78067,0.78133,10417.73
1776225600000,0.78133,0.78142,0.7806,0.78105,14005.5
1776240000000,0.78105,0.78314,0.77983,0.78251,23085.61
1776254400000,0.78251,0.78293,0.78062,0.78152,29277.46
1776268800000,0.78152,0.78236,0.78124,0.78166,10991.4
1776283200000,0.78166,0.78223,0.78121,0.78129,6311.79
1776297600000,0.78128,0.7816,0.77985,0.78043,9757.33
1776312000000,0.78045,0.78218,0.78041,0.78203,13194.26
1776326400000,0.78202,0.78431,0.78186,0.78324,17471.77
1776340800000,0.78323,0.78415,0.78258,0.78334,28620.7
1776355200000,0.78332,0.78451,0.78289,0.78331,13339.31
1776369600000,0.78331,0.78354,0.78272,0.78318,3164.64
1776384000000,0.78322,0.78381,0.78289,0.78328,5846.84
1776398400000,0.78329,0.784,0.78303,0.7831,10199.26
1776412800000,0.7831,0.7834,0.78196,0.78254,14276.58
1776427200000,0.78253,0.78262,0.77749,0.7795,55321.15
1776441600000,0.7795,0.78141,0.77884,0.78131,14854.31
1776456000000,0.78131,0.78184,0.78105,0.78153,3480.9
1776628800000,0.78128,0.78392,0.78073,0.78371,4333.53
1776643200000,0.78372,0.78385,0.78204,0.78223,9505.5
1776657600000,0.78223,0.78349,0.7813,0.78225,16937.52
1776672000000,0.78226,0.78231,0.78074,0.78114,19229.2
1776686400000,0.78114,0.78192,0.77756,0.77819,37340.76
1776700800000,0.77819,0.77883,0.77792,0.77837,11440.27
1776715200000,0.77838,0.77857,0.77757,0.77852,4756.86
1776729600000,0.77851,0.77943,0.77837,0.7793,7716.95
1776744000000,0.7793,0.77962,0.77845,0.77957,12572.66
1776758400000,0.77957,0.78067,0.7792,0.77922,17414.06
1776772800000,0.77922,0.78071,0.77827,0.78008,29959.36
1776787200000,0.78007,0.78258,0.77958,0.78206,32326.71
1776801600000,0.78206,0.7823,0.77938,0.78054,7854.47
1776816000000,0.78055,0.78095,0.77987,0.78078,7833.63
1776830400000,0.78079,0.78083,0.77916,0.77981,13419.59
1776844800000,0.77978,0.782,0.77941,0.78183,18872.88
1776859200000,0.78183,0.78353,0.78146,0.78348,30612.86
1776873600000,0.78348,0.78489,0.78328,0.78475,10405.39
1776888000000,0.78475,0.78496,0.78353,0.78483,4401.17
1776902400000,0.78483,0.78585,0.78412,0.78569,15137.62
1776916800000,0.78571,0.78575,0.78409,0.78464,12736.26
1776931200000,0.78467,0.78587,0.78401,0.78443,21916.73
1776945600000,0.78443,0.78628,0.78317,0.78427,32809.88
1776960000000,0.78425,0.78732,0.78423,0.78625,27531.93
1776974400000,0.78626,0.78652,0.7846,0.78624,3958.19
1776988800000,0.78624,0.78729,0.78577,0.78695,8144.18
1777003200000,0.78694,0.78764,0.78643,0.78661,11259.3
1777017600000,0.78659,0.78712,0.78523,0.78529,21857.59
1777032000000,0.78529,0.78742,0.78455,0.78475,36142.91
1777046400000,0.78476,0.78556,0.78458,0.78494,13364.27
1777060800000,0.78495,0.78508,0.78433,0.78433,2665.14
1777233600000,0.78643,0.78666,0.7848,0.78646,3326.3
1777248000000,0.78646,0.78646,0.78437,0.78461,9369.18
1777262400000,0.78461,0.78567,0.78436,0.78473,11881.97
1777276800000,0.78473,0.78496,0.78336,0.78476,16731.66
1777291200000,0.78475,0.78483,0.78306,0.78446,25949.28
1777305600000,0.78447,0.78597,0.78444,0.78563,9015.54
1777320000000,0.78562,0.78576,0.78362,0.78528,4416.04
1777334400000,0.78529,0.78685,0.78486,0.78654,7751.46
1777348800000,0.78652,0.78967,0.78641,0.78964,17201.74
1777363200000,0.78964,0.7909,0.7882,0.79076,24968.46
1777377600000,0.79076,0.7911,0.78865,0.78878,35234.9
1777392000000,0.78877,0.78981,0.78871,0.78951,11567.32
1777406400000,0.7895,0.78951,0.78853,0.78897,2916.35
1777420800000,0.78897,0.78969,0.78825,0.78894,12342.03
1777435200000,0.78894,0.78973,0.78869,0.78915,13239.22
1777449600000,0.78918,0.79033,0.78879,0.78931,20120.98
1777464000000,0.78931,0.79159,0.78871,0.79021,32293.03
1777478400000,0.7902,0.79247,0.78977,0.79105,22722.23
1777492800000,0.79104,0.79171,0.78965,0.79055,7950.58
1777507200000,0.79054,0.79194,0.79016,0.79136,12257.02
1777521600000,0.79137,0.79229,0.79007,0.79045,17174.51
1777536000000,0.79044,0.79045,0.78442,0.785,51891.79
1777550400000,0.78501,0.78556,0.78073,0.78241,64312.14
1777564800000,0.78241,0.78283,0.78054,0.78139,16543.75
1777579200000,0.78139,0.78166,0.78048,0.78163,6650.61
1777593600000,0.78162,0.78191,0.78109,0.7815,8506.56
1777608000000,0.78151,0.78299,0.77958,0.78176,23342.23
1777622400000,0.78176,0.78204,0.77987,0.78045,20194.34
1777636800000,0.78044,0.78143,0.77787,0.77952,39740.1
1777651200000,0.77953,0.7818,0.77921,0.78163,14343.08
1777665600000,0.78164,0.78199,0.78148,0.78149,3125.69
1777838400000,0.77825,0.78129,0.77825,0.78124,3174.18
1777852800000,0.78125,0.78179,0.77993,0.78024,14390.97
1777867200000,0.78024,0.78302,0.7802,0.78274,18466.26
1777881600000,0.78275,0.78466,0.78206,0.78425,25291.09
1777896000000,0.78424,0.78432,0.78197,0.78346,31729.99
1777910400000,0.78346,0.78472,0.78303,0.78362,24164.33
1777924800000,0.78363,0.78428,0.78285,0.78402,3710.78
1777939200000,0.78401,0.78455,0.78379,0.78415,9411.2
1777953600000,0.78415,0.78478,0.78308,0.78351,16268.61
1777968000000,0.78352,0.78408,0.78243,0.78365,19595.23
1777982400000,0.78366,0.78423,0.78128,0.78217,33003.56
1777996800000,0.78218,0.78316,0.78196,0.78306,11604.02
1778011200000,0.78308,0.78338,0.78078,0.78141,7980.63
1778025600000,0.78139,0.78192,0.78097,0.78156,13742.69
1778040000000,0.78156,0.78198,0.77881,0.77976,26241.04
1778054400000,0.77977,0.78081,0.7771,0.77848,40804.88
1778068800000,0.77849,0.78039,0.77849,0.77933,40361.29
1778083200000,0.77934,0.77995,0.77824,0.77865,12209.72
1778097600000,0.77864,0.77903,0.77752,0.77884,6345.75
1778112000000,0.77888,0.77929,0.77779,0.77913,18032.01
1778126400000,0.77917,0.77927,0.77745,0.7776,24795.93
1778140800000,0.77758,0.7783,0.77711,0.77788,23198.89
1778155200000,0.77788,0.77814,0.77656,0.7777,34445.71
1778169600000,0.77768,0.78018,0.77756,0.78017,22294.17
1778184000000,0.78019,0.78083,0.77889,0.78046,9612.34
1778198400000,0.78045,0.7809,0.77992,0.78051,11877.2
1778212800000,0.7805,0.78069,0.77878,0.77917,11734.82
1778227200000,0.77916,0.77928,0.77752,0.77803,15021.39
1778241600000,0.77803,0.77875,0.77651,0.77731,32664.72
1778256000000,0.77731,0.77741,0.77613,0.77687,12433.04
1778270400000,0.77688,0.777,0.77599,0.77602,3330.39
1778443200000,0.777,0.77802,0.77643,0.77777,6249.72
1778457600000,0.77776,0.77907,0.77746,0.779,7210.74
1778472000000,0.77901,0.77949,0.77758,0.77817,10197.77
1778486400000,0.77815,0.77898,0.7775,0.77859,14833.73
1778500800000,0.7786,0.77903,0.7768,0.77726,22416.66
1778515200000,0.77727,0.77836,0.77714,0.77819,8775.64
1778529600000,0.7782,0.77846,0.77651,0.77819,4830.3
1778544000000,0.77819,0.7799,0.77819,0.77986,7934.85
1778558400000,0.77985,0.78084,0.77875,0.78074,14813.39
1778572800000,0.78074,0.78148,0.78011,0.78102,19440.04
1778587200000,0.78101,0.7823,0.78026,0.78168,29913.89
1778601600000,0.78168,0.78212,0.78022,0.78068,12461.14
1778616000000,0.78068,0.78084,0.78002,0.78052,6002.02
1778630400000,0.78054,0.78075,0.77998,0.78045,8502.33
1778644800000,0.78045,0.7817,0.78018,0.78153,8799.79
1778659200000,0.78155,0.78284,0.78116,0.78147,13827.19
1778673600000,0.78147,0.78306,0.78118,0.78244,22704.66
1778688000000,0.78245,0.78255,0.78161,0.78178,9545.13
1778702400000,0.78178,0.78184,0.78097,0.78163,6052.15
1778716800000,0.78163,0.78187,0.78126,0.78182,6139.8
1778731200000,0.78181,0.78232,0.78075,0.78227,11020.61
1778745600000,0.78229,0.78248,0.78143,0.78208,13776.73
1778760000000,0.78209,0.78348,0.78153,0.78296,22422.68
1778774400000,0.78297,0.78393,0.7828,0.78365,9036.92
1778788800000,0.78366,0.78423,0.78286,0.78422,3919.09
1778803200000,0.78422,0.7856,0.78414,0.7851,8593.05
1778817600000,0.7851,0.7863,0.78464,0.78518,15686.76
1778832000000,0.78518,0.78668,0.78382,0.78603,19990.19
1778846400000,0.78603,0.78731,0.78543,0.78682,25753.63
1778860800000,0.78681,0.78727,0.78596,0.7866,11277.65
1778875200000,0.7866,0.78695,0.78632,0.78632,1824.3
1779048000000,0.78591,0.7874,0.78585,0.78731,3114.4
1779062400000,0.78732,0.78771,0.7865,0.78675,9795.29
1779076800000,0.78674,0.7871,0.78468,0.78527,11068.42
1779091200000,0.78524,0.78649,0.78453,0.78539,13051.96
1779105600000,0.78538,0.78643,0.78441,0.78556,29412.13
1779120000000,0.78557,0.78608,0.78398,0.78448,16430.39
1779134400000,0.78447,0.78447,0.7838,0.78445,4222.47
1779148800000,0.78444,0.78574,0.78438,0.78573,7881.22
1779163200000,0.78573,0.78607,0.78511,0.78523,11078.49
1779177600000,0.78521,0.78798,0.78508,0.78761,15652.77
1779192000000,0.78765,0.79059,0.78709,0.78968,31485.1
1779206400000,0.78966,0.79013,0.78837,0.78885,14882.39
1779220800000,0.78887,0.78918,0.78804,0.78881,3780.45
1779235200000,0.78883,0.79013,0.78858,0.7895,11482.55
1779249600000,0.78949,0.79051,0.78913,0.79038,11624.16
1779264000000,0.79038,0.7906,0.78941,0.7901,12789.29
1779278400000,0.7901,0.79066,0.7857,0.78761,36144.58
1779292800000,0.7876,0.78782,0.78637,0.78694,16315.4
1779307200000,0.78694,0.7873,0.78619,0.78712,3958.9
1779321600000,0.7871,0.78756,0.78615,0.78719,8907.81
1779336000000,0.7872,0.78844,0.78665,0.78748,12221.21
1779350400000,0.78746,0.78834,0.78587,0.78819,23211.36
1779364800000,0.78819,0.79036,0.78781,0.78931,30833.1
1779379200000,0.78929,0.78949,0.78573,0.78614,26394.41
1779393600000,0.78613,0.78678,0.78577,0.78652,4970.81
1779408000000,0.78651,0.78706,0.78649,0.78669,5697.3
1779422400000,0.78668,0.78757,0.78601,0.78614,9834.19
1779436800000,0.78615,0.78699,0.78551,0.78628,14926.7
1779451200000,0.78629,0.78706,0.78461,0.78567,27670.1
1779465600000,0.78566,0.78592,0.78378,0.7848,13349.51
1779480000000,0.78481,0.78519,0.78465,0.78465,1717.67
1779652800000,0.78385,0.78441,0.78176,0.78229,4377.28
1779667200000,0.78232,0.78248,0.78156,0.78217,9396.82
1779681600000,0.78217,0.78233,0.78139,0.78196,8892.41
1779696000000,0.78194,0.78218,0.78086,0.78132,6775.18
1779710400000,0.78132,0.78345,0.78077,0.78285,10840.14
1779724800000,0.78283,0.78341,0.78247,0.78257,2686.3
1779739200000,0.78256,0.78323,0.78146,0.78323,2652.62
1779753600000,0.78322,0.78381,0.78291,0.78293,6639.67
1779768000000,0.78293,0.7852,0.78287,0.78438,10505.16
1779782400000,0.78438,0.78533,0.78396,0.7853,13279.34
1779796800000,0.78532,0.78641,0.78452,0.78599,21296.56
1779811200000,0.78599,0.78604,0.78528,0.78577,7803.27
1779825600000,0.78576,0.78584,0.78493,0.78516,4358.85
1779840000000,0.78516,0.78562,0.78491,0.78532,5982.51
1779854400000,0.78532,0.78576,0.78459,0.78561,8516.42
1779868800000,0.78563,0.78668,0.7853,0.78644,13366.82
1779883200000,0.78644,0.7872,0.78429,0.78706,36164.63
1779897600000,0.78706,0.78755,0.78648,0.78692,11484.47
1779912000000,0.78693,0.78791,0.78624,0.78785,6630.03
1779926400000,0.78786,0.78991,0.78763,0.78983,9910.44
1779940800000,0.78983,0.78989,0.78734,0.78821,12841.48
1779955200000,0.7882,0.78988,0.78804,0.78887,15096.14
1779969600000,0.78888,0.78908,0.78398,0.78451,35847.9
1779984000000,0.78451,0.78479,0.78329,0.78385,12391.59
1779998400000,0.78385,0.78405,0.78312,0.78379,3894.66
1780012800000,0.78379,0.78455,0.78305,0.78445,8679.63
1780027200000,0.78447,0.78449,0.78325,0.78371,9615.77
1780041600000,0.78371,0.78469,0.78211,0.78212,16412.89
1780056000000,0.7821,0.7828,0.7795,0.78108,37634.6
1780070400000,0.78108,0.78251,0.77992,0.78033,17311.05
1780084800000,0.78041,0.78117,0.78035,0.78061,3867.98
1780257600000,0.77988,0.78199,0.77988,0.78185,3571.43
1780272000000,0.78185,0.78334,0.78183,0.78314,13800.83
1780286400000,0.78312,0.7836,0.78198,0.78311,11279.72
1780300800000,0.7831,0.78443,0.78286,0.78397,14175.44
1780315200000,0.78397,0.78844,0.7836,0.7868,36877.73
1780329600000,0.7868,0.78747,0.78568,0.78655,13139.16
1780344000000,0.78656,0.78679,0.78557,0.78631,4946.52
1780358400000,0.78629,0.78716,0.78625,0.78646,7088.2
1780372800000,0.78646,0.78652,0.7844,0.78496,10910.11
1780387200000,0.78494,0.78617,0.78441,0.78505,13655.06
1780401600000,0.78506,0.78715,0.78498,0.78584,21592.99
1780416000000,0.78585,0.7884,0.78582,0.78695,11115.45
1780430400000,0.78696,0.78842,0.78642,0.78836,8169.25
1780444800000,0.7884,0.78843,0.78731,0.78814,7847.54
1780459200000,0.78812,0.78946,0.78804,0.78929,16477
1780473600000,0.78928,0.7895,0.7884,0.78867,16112.41
1780488000000,0.78868,0.79128,0.78863,0.79079,30372.79
1780502400000,0.79078,0.79271,0.79075,0.7921,15495.58
1780516800000,0.7921,0.79223,0.79087,0.79103,11514.51
1780531200000,0.79103,0.79142,0.79038,0.79097,8483.78
1780545600000,0.79095,0.79223,0.79026,0.79179,13432.21
1780560000000,0.79182,0.79189,0.78677,0.78707,22709.73
1780574400000,0.7871,0.78903,0.78679,0.78849,25525.37
1780588800000,0.7885,0.78949,0.78832,0.78927,8337.99
1780603200000,0.78927,0.78977,0.78835,0.78915,8393.15
1780617600000,0.78915,0.78954,0.78883,0.78923,8931.16
1780632000000,0.78923,0.78928,0.78717,0.78782,12555.86
1780646400000,0.78783,0.78838,0.78719,0.78803,16351.71
1780660800000,0.78802,0.79561,0.78788,0.79553,49383.85
1780675200000,0.79552,0.79675,0.79522,0.79602,21349.22
1780689600000,0.79602,0.79649,0.79566,0.79566,2885.14
1780862400000,0.79492,0.79721,0.79476,0.79648,3933.56
1780876800000,0.7965,0.79793,0.79552,0.7968,16806.21
1780891200000,0.79681,0.79796,0.79605,0.79789,20152.78
1780905600000,0.79791,0.79863,0.79583,0.79651,29905.07
1780920000000,0.79652,0.79762,0.7947,0.7972,38650.77
1780934400000,0.7972,0.79821,0.79698,0.79816,13677.63
1780948800000,0.79816,0.79817,0.79686,0.79817,3898.45
1780963200000,0.79818,0.79838,0.79717,0.79749,11074.76
1780977600000,0.79748,0.79759,0.79575,0.79701,15896.87
1780992000000,0.79702,0.79731,0.79548,0.79558,14445.1
1781006400000,0.79556,0.79806,0.79482,0.79713,38159.32
1781020800000,0.79711,0.79915,0.79701,0.79854,30761.6
1781035200000,0.79856,0.79934,0.79703,0.79923,5071.47
1781049600000,0.79924,0.79947,0.79861,0.79876,17889.89
1781064000000,0.79876,0.79934,0.79743,0.79841,17950.06
1781078400000,0.79839,0.79955,0.79803,0.79925,25232.47
1781092800000,0.79926,0.79947,0.79647,0.79839,50230.79
1781107200000,0.79839,0.79991,0.79775,0.79991,23108.59
1781121600000,0.7999,0.8006,0.79867,0.79995,10638.09
1781136000000,0.79994,0.79994,0.79796,0.79862,19058.61
1781150400000,0.79862,0.79921,0.79813,0.7992,14491.19
1781164800000,0.79922,0.80024,0.79876,0.7989,17139.96
1781179200000,0.79889,0.80087,0.79871,0.80065,43664.55
1781193600000,0.80066,0.80126,0.79428,0.79499,42465.35
1781208000000,0.79499,0.79517,0.79406,0.79506,8458.16
1781222400000,0.79507,0.79625,0.795,0.79567,14817.94
1781236800000,0.79566,0.79746,0.79554,0.79644,15890.26
1781251200000,0.79643,0.79654,0.79476,0.79621,25414.19
1781265600000,0.79622,0.79755,0.79579,0.7964,43945.62
1781280000000,0.7964,0.79693,0.79596,0.79671,17502.15
1781294400000,0.79669,0.79706,0.79666,0.79688,2412.68
1781467200000,0.7952,0.79613,0.79307,0.79392,9741.42
1781481600000,0.79393,0.79476,0.79323,0.79378,12859.85
1781496000000,0.79379,0.79451,0.79276,0.79324,17497.19
1781510400000,0.79334,0.7936,0.79217,0.79338,19664.33
1781524800000,0.7934,0.79379,0.79208,0.7937,24874.97
1781539200000,0.79369,0.7949,0.79339,0.79487,11253.38
1781553600000,0.79485,0.79491,0.79351,0.79448,4629.07
1781568000000,0.79451,0.79518,0.79416,0.79502,10024.21
1781582400000,0.79503,0.79595,0.79477,0.79482,10797.12
1781596800000,0.79482,0.79528,0.79398,0.79517,13404.74
1781611200000,0.79517,0.79572,0.7924,0.79279,30935.37
1781625600000,0.79277,0.79341,0.79213,0.79325,14641.54
1781640000000,0.79324,0.79337,0.79238,0.79316,4936.06
1781654400000,0.79316,0.79324,0.79216,0.79246,8607.63
1781668800000,0.79247,0.79248,0.79097,0.79113,11912.99
1781683200000,0.7911,0.79333,0.79103,0.79287,16117.52
1781697600000,0.79285,0.79394,0.79217,0.79297,26280.29
1781712000000,0.79296,0.8015,0.79239,0.8005,60385.4
1781726400000,0.80052,0.80092,0.79884,0.79939,13481.71
1781740800000,0.79938,0.79939,0.79814,0.79861,13341.25
1781755200000,0.79861,0.80074,0.79819,0.79995,19974.47
1781769600000,0.79994,0.80479,0.79981,0.80467,31508.26
1781784000000,0.80469,0.80496,0.80206,0.80401,44203.45
1781798400000,0.804,0.80617,0.80372,0.80479,25189.8
1781812800000,0.80478,0.80496,0.8037,0.8049,5892.43
1781827200000,0.8049,0.80693,0.80433,0.80687,11904.69
1781841600000,0.80687,0.80915,0.8061,0.8075,22646.54
1781856000000,0.80749,0.8076,0.80534,0.80677,18583.71
1781870400000,0.80676,0.80803,0.80594,0.80778,25912.95
1781884800000,0.80777,0.8079,0.80639,0.80672,11963.68
1781899200000,0.80672,0.807,0.80632,0.80677,7104.3
1782072000000,0.80689,0.80835,0.80685,0.80804,3049.04
1782086400000,0.80801,0.80855,0.80703,0.80831,12753.85
1782100800000,0.80831,0.80901,0.8076,0.80866,15526.81
1782115200000,0.80863,0.80914,0.8069,0.80868,20142.86
1782129600000,0.80868,0.80971,0.80729,0.80907,43455.57
1782144000000,0.80907,0.8095,0.80861,0.80864,13820.96
1782158400000,0.80863,0.80892,0.80718,0.80879,4265.05
1782172800000,0.8088,0.80922,0.80815,0.80849,13144.58
1782187200000,0.80848,0.80939,0.80776,0.80915,21775.68
1782201600000,0.80913,0.81032,0.80875,0.81014,20315.85
1782216000000,0.81013,0.81035,0.80747,0.8097,32543.99
1782230400000,0.8097,0.81061,0.80947,0.80991,13349.74
1782244800000,0.80991,0.80998,0.80919,0.80969,4555.06
1782259200000,0.80972,0.81103,0.8096,0.81023,15940.15
1782273600000,0.81025,0.81185,0.81008,0.81162,18044.54
1782288000000,0.81165,0.81307,0.81125,0.81253,23142.38
1782302400000,0.81252,0.81393,0.81145,0.81262,41437.31
1782316800000,0.81262,0.81291,0.81133,0.81274,16896.51
1782331200000,0.81275,0.81287,0.81145,0.81259,6248.64
1782345600000,0.81258,0.81304,0.81061,0.81073,13822.62
1782360000000,0.81074,0.81265,0.81056,0.81129,14644.48
1782374400000,0.81129,0.81334,0.81018,0.81315,16361.45
1782388800000,0.81314,0.81345,0.8091,0.80931,44630.37
1782403200000,0.80931,0.81034,0.80894,0.80972,18001.83
1782417600000,0.80972,0.8108,0.80809,0.81065,5896.52
1782432000000,0.81064,0.81115,0.80931,0.80944,12147.95
1782446400000,0.80942,0.80964,0.80797,0.80862,15057.05
1782460800000,0.80863,0.80916,0.80759,0.80868,21722.7
1782475200000,0.80868,0.80921,0.80654,0.80815,35538.91
1782489600000,0.80813,0.80986,0.8081,0.80945,14818.66
1782504000000,0.80944,0.81014,0.80913,0.80947,5586.37
1782676800000,0.80992,0.81032,0.80975,0.81003,2892.16
1782691200000,0.81004,0.81016,0.80936,0.80998,8568.1
1782705600000,0.80999,0.81007,0.80841,0.8088,10595.66
1782720000000,0.80879,0.80935,0.80795,0.80816,14062.21
1782734400000,0.80817,0.80897,0.80767,0.80811,26640.73
1782748800000,0.80811,0.80812,0.80715,0.80728,12061.87
1782763200000,0.80727,0.80778,0.80699,0.80777,3702.97
1782777600000,0.80778,0.80921,0.8076,0.8091,14892.23
1782792000000,0.8091,0.81008,0.80828,0.80932,16480.26
1782806400000,0.80933,0.81011,0.80846,0.80948,18570.68
1782820800000,0.80947,0.80974,0.80628,0.8082,32966.77
1782835200000,0.80821,0.80877,0.80755,0.80792,13224.85
1782849600000,0.80792,0.80875,0.80709,0.80871,6754.56
1782864000000,0.80872,0.80958,0.80858,0.80938,9831.81
1782878400000,0.80937,0.81021,0.80888,0.80954,10991.83
1782892800000,0.80955,0.81088,0.80941,0.81084,13975.66
1782907200000,0.81083,0.81199,0.80797,0.80851,40232.16
1782921600000,0.80851,0.80945,0.80777,0.8093,13372.45
1782936000000,0.80932,0.80977,0.80879,0.80919,6231.45
1782950400000,0.80919,0.80966,0.8084,0.80879,9900.78
1782964800000,0.80877,0.80889,0.80656,0.80666,17396.2
1782979200000,0.80667,0.80675,0.80395,0.80648,24664.78
1782993600000,0.80649,0.80738,0.80094,0.80218,58577.87
1783008000000,0.80218,0.80402,0.80201,0.80352,19297.9
1783022400000,0.80352,0.80444,0.80232,0.80439,8758.23
1783036800000,0.8044,0.80466,0.80246,0.80282,14265.27
1783051200000,0.80281,0.80295,0.801,0.80186,15159.02
1783065600000,0.80185,0.80335,0.80176,0.80259,12886.8
1783080000000,0.80261,0.80367,0.80233,0.80338,13287.51
1783094400000,0.80338,0.80387,0.80298,0.80377,38006.03
1783108800000,0.80378,0.8039,0.80287,0.80314,3678.88
1783281600000,0.80291,0.80402,0.80279,0.80377,2693.26
1783296000000,0.80378,0.80471,0.80332,0.80442,8874.16
1783310400000,0.80442,0.80598,0.80425,0.80461,10498.66
1783324800000,0.80462,0.80635,0.80455,0.80594,13315.87
1783339200000,0.80593,0.80728,0.80553,0.80627,20969.62
1783353600000,0.80626,0.80634,0.80464,0.80526,8972.38
1783368000000,0.80526,0.80539,0.8037,0.80508,5167.49
1783382400000,0.8051,0.80576,0.80478,0.80551,8716.69
1783396800000,0.8055,0.80681,0.80537,0.8068,10868.61
1783411200000,0.8068,0.8072,0.80595,0.80631,13181.83
1783425600000,0.80631,0.80714,0.80535,0.80693,22393.87
1783440000000,0.80692,0.80873,0.80656,0.80806,12849.61
1783454400000,0.80809,0.80906,0.80596,0.80899,4182.29
1783468800000,0.80899,0.80964,0.80819,0.80838,10761.78
1783483200000,0.80836,0.80865,0.80634,0.80663,14447.55
1783497600000,0.80664,0.80942,0.80643,0.80897,28818.97
1783512000000,0.809,0.81077,0.80799,0.81051,32298.19
1783526400000,0.8105,0.81055,0.80719,0.80779,18928.71
1783540800000,0.80781,0.80868,0.80708,0.8081,5955.39
1783555200000,0.80809,0.80809,0.80687,0.80715,8284
1783569600000,0.80717,0.80741,0.80527,0.80632,13576.46
1783584000000,0.80631,0.80795,0.80582,0.80731,14598.25
1783598400000,0.8073,0.80776,0.80604,0.80628,22577.58
1783612800000,0.80628,0.80713,0.8058,0.80699,10925.76
1783627200000,0.807,0.80704,0.80543,0.80654,4677.85
1783641600000,0.80654,0.80682,0.80302,0.80387,13851.72
1783656000000,0.80389,0.80561,0.80389,0.80536,12790.61
1783670400000,0.80537,0.80718,0.80489,0.80676,17567.67
1783684800000,0.80674,0.80876,0.80599,0.80627,28513.36
1783699200000,0.8063,0.80883,0.80593,0.80858,12071.62
1783713600000,0.80859,0.80892,0.80761,0.80834,3508.65
1783886400000,0.80695,0.81032,0.80688,0.8094,5441.86
1783900800000,0.8094,0.81085,0.80926,0.80979,14126.09
1783915200000,0.80979,0.81038,0.80845,0.80863,17950.59
1783929600000,0.80865,0.81007,0.80743,0.80953,22164.5
1783944000000,0.80953,0.81273,0.80926,0.8123,31643.51
1783958400000,0.8123,0.81461,0.81218,0.81445,18475.08
1783972800000,0.81446,0.81489,0.81404,0.81461,5607.65
1783987200000,0.81461,0.81513,0.8132,0.81352,13228.87
1784001600000,0.81352,0.81481,0.81326,0.81366,15762.39
1784016000000,0.81365,0.81379,0.81119,0.81157,20910.3
1784030400000,0.81158,0.81165,0.80604,0.80905,56638.96
1784044800000,0.80904,0.80992,0.80844,0.80944,17828.99
1784059200000,0.80944,0.80965,0.80781,0.80904,6100.53
1784073600000,0.80905,0.80945,0.80799,0.80913,9955.36
1784088000000,0.80911,0.80985,0.80837,0.80965,14245.58
1784102400000,0.80963,0.81123,0.8094,0.81103,18275.67
1784116800000,0.811,0.81142,0.80631,0.80666,32319.03
1784131200000,0.80664,0.80729,0.80335,0.8051,22567.78
1784145600000,0.80511,0.80547,0.80314,0.80467,5463.32
1784160000000,0.80466,0.80642,0.80445,0.80577,10781.39
1784174400000,0.80575,0.80643,0.80548,0.80612,11373.6
1784188800000,0.80612,0.80751,0.80601,0.80658,16353.81
1784203200000,0.80657,0.80883,0.80621,0.80793,30625.08
1784217600000,0.80793,0.80968,0.80786,0.8088,13616.57
1784232000000,0.8088,0.80899,0.80708,0.80844,6417.45
1784246400000,0.80844,0.80913,0.80807,0.80885,13108.14
1784260800000,0.80885,0.80925,0.80684,0.80721,15318.38
1784275200000,0.8072,0.80803,0.80642,0.80714,18615.29
1784289600000,0.80716,0.80802,0.80598,0.80683,25038.18
1784304000000,0.80682,0.80778,0.80682,0.80723,11564.08
1784318400000,0.80722,0.80765,0.80712,0.80741,2923.18
1784491200000,0.80772,0.80908,0.80743,0.80846,7024.22
1784505600000,0.80845,0.8085,0.80726,0.80731,7897.93
1784520000000,0.80727,0.80771,0.80609,0.8064,10333.5
1784534400000,0.80639,0.8083,0.80631,0.80777,15971.51
1784548800000,0.80778,0.81076,0.80778,0.8103,23829.13
1784563200000,0.8103,0.81067,0.80969,0.81002,10820.34
1784577600000,0.81002,0.81039,0.80935,0.80995,5012.82
1784592000000,0.80997,0.81078,0.8098,0.81064,10051.13
1784606400000,0.81064,0.81064,0.80906,0.80976,12276.87
1784620800000,0.80974,0.81075,0.8092,0.81058,14977.48
1784635200000,0.81058,0.81285,0.81044,0.8122,24171.56
1784649600000,0.8122,0.81322,0.81203,0.81263,9985.62
1784664000000,0.81262,0.81299,0.81173,0.81259,3811.34
1784678400000,0.81261,0.8133,0.8123,0.81272,10232.92
1784692800000,0.81273,0.81309,0.81133,0.81206,11479
1784707200000,0.81205,0.81292,0.81154,0.8126,14713.07
1784721600000,0.81259,0.8138,0.81133,0.81337,24082.89
1784736000000,0.81337,0.81477,0.81336,0.81445,9627.28
1784750400000,0.81445,0.81463,0.81415,0.81421,4068.09
1784764800000,0.81419,0.81428,0.81313,0.8133,10682.39
1784779200000,0.81329,0.81564,0.81298,0.81471,13445.59
1784793600000,0.81468,0.81687,0.81425,0.81599,20240.05
1784808000000,0.81601,0.81801,0.8157,0.81722,34755.33
1784822400000,0.81723,0.81729,0.81593,0.81677,13253.39
1784836800000,0.81677,0.81695,0.8147,0.81689,5841.79
1784851200000,0.8169,0.81732,0.81598,0.81698,10458.22
1784865600000,0.81698,0.81757,0.81526,0.81621,13193.25
1784880000000,0.81622,0.81802,0.81596,0.8176,16630.78
1784894400000,0.81758,0.81846,0.81628,0.81675,26311.91
1784908800000,0.81675,0.8185,0.81645,0.81831,9869.18
1784923200000,0.8183,0.81853,0.8178,0.8178,1920.43
1785096000000,0.81567,0.81688,0.81545,0.81627,2426.41
1785110400000,0.81627,0.81627,0.81385,0.81494,12440.34
1785124800000,0.81494,0.81528,0.81386,0.81527,12651.81
1785139200000,0.81528,0.81551,0.81438,0.81531,16024.44
1785153600000,0.81531,0.81897,0.81491,0.81864,28224.25
1785168000000,0.81864,0.8193,0.81762,0.81909,13925.26
1785182400000,0.81909,0.81943,0.81762,0.81935,3421.75
1785196800000,0.81936,0.81967,0.81834,0.81877,6137.31
1785211200000,0.81879,0.81995,0.81861,0.81993,9946
1785225600000,0.81994,0.82048,0.81913,0.81956,12107.48
1785240000000,0.81955,0.82034,0.81677,0.81698,22477.17
1785254400000,0.81696,0.81932,0.81674,0.81931,9628.56
1785268800000,0.8193,0.81967,0.81734,0.81945,6746.59
1785283200000,0.81946,0.81977,0.81758,0.81791,11094.42
1785297600000,0.81792,0.81886,0.8169,0.81872,11171
1785312000000,0.81873,0.82039,0.81868,0.81962,13148.41
1785326400000,0.81962,0.82048,0.81817,0.81992,24385.41
1785340800000,0.81992,0.82066,0.81336,0.81528,51243.36
1785355200000,0.81526,0.81528,0.81277,0.8134,13328.8
1785369600000,0.81344,0.81556,0.8133,0.81551,9984.44
1785384000000,0.81552,0.81747,0.81496,0.8172,12650.16
1785398400000,0.81721,0.81725,0.81197,0.81252,26982.05
1785412800000,0.81252,0.81305,0.80386,0.80569,71620.8
1785427200000,0.80571,0.80599,0.80394,0.80464,23763.02
1785441600000,0.80463,0.80592,0.80407,0.80577,7912.1
1785456000000,0.80577,0.80719,0.80539,0.80685,13373.59
1785470400000,0.80686,0.80785,0.806,0.80707,17409.64
1785484800000,0.80708,0.80992,0.80546,0.80976,24193
1785499200000,0.80976,0.81286,0.808,0.8081,52635.62
1785513600000,0.80812,0.80905,0.80718,0.80833,24332.57
1785528000000,0.80831,0.80867,0.80669,0.80712,12044.81
1785700800000,0.8056,0.80735,0.8056,0.807,6025.9
1785715200000,0.80699,0.80946,0.8056,0.8091,17961.83
1785729600000,0.80911,0.80945,0.80781,0.80836,14270.12
1785744000000,0.80838,0.80936,0.80775,0.80797,17270.18
1785758400000,0.80796,0.81152,0.80786,0.81058,30383.75
1785772800000,0.81057,0.81145,0.8098,0.81016,12579.95
1785787200000,0.81016,0.81046,0.80729,0.81035,6095.14
1785801600000,0.81035,0.81051,0.80941,0.81032,10786.64
1785816000000,0.81033,0.81059,0.80956,0.81017,13628.75
1785830400000,0.81018,0.8104,0.80846,0.80885,19173.7
1785844800000,0.80885,0.80999,0.80797,0.80915,29402.68
1785859200000,0.80914,0.8103,0.809,0.80928,12100.99
1785873600000,0.80927,0.80944,0.80857,0.80908,4492.28
1785888000000,0.80908,0.8092,0.80738,0.80777,10581.52
1785902400000,0.80777,0.80933,0.80746,0.80914,11997.86
1785916800000,0.80917,0.81012,0.80826,0.80855,15978.74
1785931200000,0.80854,0.80945,0.80636,0.80774,31220.75
1785945600000,0.80772,0.80805,0.80654,0.80723,12698.42
1785960000000,0.80723,0.80752,0.80617,0.80665,7108.21
1785974400000,0.80668,0.8073,0.80597,0.80717,8351.2
1785988800000,0.80717,0.80873,0.80706,0.80862,7902.53
1786003200000,0.80861,0.81009,0.80814,0.80965,12773.78
1786017600000,0.80966,0.81355,0.80883,0.8129,28617.55
1786032000000,0.8129,0.81311,0.81189,0.81225,12396.37
1786046400000,0.81224,0.8128,0.8113,0.81239,4000.69
1786060800000,0.81239,0.8129,0.81221,0.81257,9671.45
1786075200000,0.81257,0.8128,0.81146,0.81153,9813.48
1786089600000,0.81151,0.81167,0.80996,0.81024,13757.85
1786104000000,0.81024,0.81092,0.80565,0.80778,49551.48
1786118400000,0.80779,0.80789,0.80683,0.80753,20359.56
1786132800000,0.80751,0.80819,0.80747,0.80763,3756.71
1786305600000,0.80678,0.80837,0.80619,0.80828,5040.53
1786320000000,0.80829,0.80924,0.80798,0.80922,8282.09
1786334400000,0.80922,0.80939,0.80687,0.80715,11229.11
1786348800000,0.80716,0.80887,0.80705,0.80856,11812.13
1786363200000,0.80856,0.81026,0.80807,0.80892,23090.08
1786377600000,0.80891,0.81041,0.80885,0.81012,11764.97
1786392000000,0.81012,0.81039,0.8089,0.80981,4802.27
1786406400000,0.80982,0.81049,0.80938,0.81018,10874.01
1786420800000,0.81019,0.81119,0.80995,0.81114,12168.63
1786435200000,0.81113,0.81148,0.81007,0.81097,13034.44
1786449600000,0.81096,0.81165,0.81005,0.8109,20229.85
1786464000000,0.81087,0.81204,0.81067,0.8107,12161.4
1786478400000,0.81072,0.81124,0.80957,0.81101,6248.9
1786492800000,0.81101,0.81213,0.81098,0.81207,6640.09
1786507200000,0.81207,0.81258,0.81141,0.81235,9492.48
1786521600000,0.81236,0.81284,0.81111,0.81138,15005.7
1786536000000,0.81137,0.81223,0.80935,0.81169,41602.61
1786550400000,0.8117,0.81389,0.81157,0.81371,10848.76
1786564800000,0.81372,0.8139,0.81129,0.81318,3870.28
1786579200000,0.81317,0.81424,0.81252,0.81421,8305.58
1786593600000,0.8142,0.81455,0.81263,0.81291,10107.4
1786608000000,0.81292,0.81316,0.81154,0.8125,12746.72
1786622400000,0.81249,0.81342,0.8112,0.81294,32466.95
1786636800000,0.81294,0.81459,0.81283,0.81453,13125.88
1786651200000,0.81454,0.81467,0.8129,0.81412,3496.04
1786665600000,0.81412,0.81439,0.8136,0.81376,8764.52
1786680000000,0.81375,0.81397,0.81316,0.81348,8596.47
1786694400000,0.81348,0.81406,0.81157,0.81189,15489.69
1786708800000,0.81189,0.81242,0.81031,0.81161,37609.52
1786723200000,0.81161,0.8135,0.81148,0.81317,20860.18
1786737600000,0.81317,0.81352,0.81295,0.81295,3601.36
1786910400000,0.81081,0.81346,0.80955,0.81265,2932.86
1786924800000,0.81264,0.81265,0.81148,0.81151,12046.46
1786939200000,0.81152,0.8116,0.80773,0.80827,17153.01
1786953600000,0.80826,0.81049,0.80717,0.80983,22067.57
1786968000000,0.80982,0.81061,0.80842,0.80957,24667.03
1786982400000,0.80955,0.81168,0.80955,0.81084,11950.78
1786996800000,0.81083,0.81109,0.80858,0.81061,3329.11
1787011200000,0.81061,0.8116,0.81035,0.81154,7913.49
1787025600000,0.81154,0.81219,0.81066,0.81121,13884.26
1787040000000,0.8112,0.81273,0.81113,0.81238,11518.02
1787054400000,0.81238,0.81311,0.81114,0.81207,29865.3
1787068800000,0.81207,0.81261,0.81124,0.81252,9880.99
1787083200000,0.81253,0.81273,0.81185,0.81221,5029.64
1787097600000,0.81221,0.81278,0.81104,0.81158,10480.71
1787112000000,0.81157,0.81163,0.81018,0.81092,12679.39
1787126400000,0.81093,0.81116,0.80984,0.8102,17585.03
1787140800000,0.8102,0.81025,0.79844,0.79982,67877.87
1787155200000,0.79982,0.80043,0.79695,0.79728,33241.78
1787169600000,0.79726,0.79781,0.79684,0.79774,7637.81
1787184000000,0.79774,0.80015,0.79712,0.79949,17168.11
1787198400000,0.79948,0.8004,0.79824,0.79843,17831.1
1787212800000,0.79843,0.79881,0.79493,0.7983,26182.35
1787227200000,0.79829,0.80064,0.79717,0.79975,47463.28
1787241600000,0.79976,0.80095,0.79943,0.80053,18741.14
1787256000000,0.80053,0.80073,0.79947,0.79958,4484.97
1787270400000,0.79957,0.80028,0.79859,0.79962,15931.68
1787284800000,0.79962,0.80057,0.79894,0.80026,14491.75
1787299200000,0.80027,0.80073,0.79827,0.7993,25133.16
1787313600000,0.79928,0.80203,0.79896,0.80074,31813.05
1787328000000,0.80073,0.80141,0.80059,0.80091,13094.53
1787342400000,0.80089,0.80142,0.8008,0.8008,2621.66
1787515200000,0.8013,0.80163,0.80054,0.80056,2583.05
1787529600000,0.80055,0.80063,0.79961,0.80029,11219.53
1787544000000,0.80029,0.80222,0.80003,0.8019,17151.43
1787558400000,0.8019,0.80282,0.80109,0.80208,21420.4
1787572800000,0.80209,0.80275,0.80149,0.8024,30157.18
1787587200000,0.80242,0.80297,0.8018,0.80263,15026.1
1787601600000,0.80263,0.80272,0.8008,0.80223,6975.92
1787616000000,0.80223,0.80357,0.80199,0.80349,9760.64
1787630400000,0.80349,0.8042,0.80318,0.80401,11476.78
1787644800000,0.80398,0.80403,0.80197,0.80275,18203.03
1787659200000,0.80276,0.80315,0.80164,0.80237,25451.49
1787673600000,0.80237,0.80279,0.80112,0.80125,15353.3
1787688000000,0.80126,0.80191,0.80072,0.80176,6247.24
1787702400000,0.80177,0.80323,0.80147,0.8031,13697.53
1787716800000,0.80309,0.80386,0.80295,0.80308,9968.7
1787731200000,0.80309,0.80444,0.80284,0.80388,13523.55
1787745600000,0.80386,0.80625,0.80335,0.80542,30515.43
1787760000000,0.80541,0.80569,0.80502,0.80536,14729.3
1787774400000,0.80537,0.80545,0.80449,0.80506,4146.66
1787788800000,0.80506,0.80555,0.80487,0.80546,9516.58
1787803200000,0.80547,0.80602,0.80511,0.80594,9964.47
1787817600000,0.80593,0.80611,0.80504,0.80524,17949.82
1787832000000,0.80525,0.80529,0.80293,0.80356,26429.6
1787846400000,0.80354,0.80449,0.80339,0.80427,11960.75
1787860800000,0.80427,0.80433,0.80182,0.80377,3969
1787875200000,0.80377,0.80471,0.80374,0.80469,7730.85
1787889600000,0.80468,0.80531,0.80441,0.80456,10289.54
1787904000000,0.80456,0.80471,0.80318,0.80377,14763.23
1787918400000,0.80377,0.80867,0.80252,0.80846,55250.18
1787932800000,0.80846,0.8098,0.80837,0.80914,27755.76
1787947200000,0.80914,0.80984,0.80906,0.80926,2301.18
1788120000000,0.80705,0.80992,0.80621,0.80882,2347.15
1788134400000,0.80881,0.80914,0.80822,0.8089,11889.07
1788148800000,0.80889,0.80962,0.80747,0.80783,13361.65
1788163200000,0.80784,0.80913,0.80748,0.80845,13529.22
1788177600000,0.80846,0.80884,0.80684,0.80843,28350.98
1788192000000,0.80844,0.80853,0.80783,0.80827,36165.68
1788206400000,0.80827,0.80869,0.80712,0.80829,12677.51
1788220800000,0.80829,0.80986,0.80784,0.80985,27070.05
1788235200000,0.80984,0.81046,0.80906,0.81009,35806.67
1788249600000,0.81009,0.81086,0.80923,0.81015,53503.2
1788264000000,0.81015,0.81216,0.80965,0.81165,59887.63
1788278400000,0.81165,0.81245,0.81137,0.81137,40742.43
1788292800000,0.81138,0.8119,0.81089,0.8119,7881
1788307200000,0.8119,0.81333,0.81177,0.81282,44773.73
1788321600000,0.81282,0.81393,0.81212,0.81386,54003.72
1788336000000,0.81387,0.81565,0.81352,0.81426,48056
1788350400000,0.81425,0.81487,0.81162,0.813,82540.93
1788364800000,0.813,0.81346,0.81271,0.81281,46354.87
1788379200000,0.8128,0.81311,0.81181,0.81289,10801.69
1788393600000,0.81291,0.81304,0.81178,0.81194,53850.79
1788408000000,0.81195,0.81204,0.80829,0.80911,58112.86
1788422400000,0.8091,0.80999,0.80827,0.80868,54737.03
1788436800000,0.80867,0.80962,0.80616,0.80726,87349.92
1788451200000,0.80727,0.80772,0.8052,0.80737,43870.19
1788465600000,0.80737,0.80794,0.80597,0.80747,14189.76
1788480000000,0.80748,0.80845,0.80718,0.80829,55054.21
1788494400000,0.80828,0.80871,0.80738,0.80841,45735.58
1788508800000,0.80841,0.80963,0.80825,0.80914,41368.92
1788523200000,0.80914,0.8126,0.8082,0.80955,101748.92
1788537600000,0.80956,0.81035,0.80897,0.80971,44688.17
1788552000000,0.80972,0.81008,0.80931,0.80944,3305.07
1788724800000,0.80869,0.81031,0.80758,0.80994,5944.22
1788739200000,0.80994,0.81096,0.80941,0.81054,38189.97
1788753600000,0.81054,0.8109,0.80969,0.8098,35309.7
1788768000000,0.8098,0.81003,0.80842,0.80903,47354.14
1788782400000,0.80902,0.80954,0.80849,0.80909,35151.32
1788796800000,0.80908,0.80962,0.80891,0.80957,9040.57
1788811200000,0.80957,0.80963,0.80848,0.80888,13703.18
1788825600000,0.80889,0.80941,0.80825,0.80938,45639.54
1788840000000,0.80936,0.81119,0.80771,0.81066,49013.16
1788854400000,0.81065,0.81203,0.81061,0.81153,53194.23
1788868800000,0.81153,0.81195,0.80812,0.80909,62857.78
1788883200000,0.80911,0.80979,0.80876,0.8097,47381.54
1788897600000,0.80969,0.80982,0.80855,0.80903,16053.96
1788912000000,0.80902,0.8095,0.80861,0.80892,43037.57
1788926400000,0.80893,0.80899,0.80775,0.80818,48852.85
1788940800000,0.80817,0.81063,0.80765,0.80771,50634.79
1788955200000,0.8077,0.81096,0.80671,0.81034,81200.07
1788969600000,0.81033,0.81072,0.80941,0.81027,47861.31
1788984000000,0.81028,0.81048,0.80867,0.80992,9519.01
1788998400000,0.80994,0.81039,0.8086,0.80898,36102.38
1789012800000,0.80899,0.80957,0.80839,0.80927,34697.86
1789027200000,0.80926,0.81188,0.80923,0.81175,47978.62
1789041600000,0.81177,0.8147,0.8108,0.81128,81689.76
1789056000000,0.81128,0.81322,0.81119,0.81289,47832.85
1789070400000,0.81289,0.81351,0.81251,0.81304,15687.23
1789084800000,0.81305,0.81418,0.81239,0.81384,50070.2
1789099200000,0.81384,0.81391,0.81242,0.8136,56753.61
1789113600000,0.81359,0.8159,0.81319,0.81518,55518.09
1789128000000,0.81518,0.817,0.81372,0.81587,88471.62
1789142400000,0.81588,0.81702,0.81534,0.8166,55092.95
1789156800000,0.8166,0.81682,0.81619,0.81619,5040.23
1789329600000,0.81584,0.81721,0.81552,0.8166,9733.99
1789344000000,0.8166,0.81832,0.81632,0.8182,47193.13
1789358400000,0.8182,0.81914,0.81751,0.81869,47449.47
1789372800000,0.8187,0.81949,0.81662,0.81682,58280.06
1789387200000,0.8168,0.81916,0.81617,0.81732,69893.38
1789401600000,0.81731,0.81742,0.81529,0.81732,59371.1
1789416000000,0.81733,0.81765,0.8164,0.81725,16219.64
1789430400000,0.81726,0.81822,0.81717,0.81815,34800.28
1789444800000,0.81815,0.81858,0.81721,0.81734,43482.85
1789459200000,0.81734,0.81832,0.81665,0.81832,49942.14
1789473600000,0.81831,0.81989,0.81786,0.81895,69943.17
1789488000000,0.81895,0.81918,0.81841,0.81878,40592.59
1789502400000,0.81879,0.81933,0.81752,0.81911,10201.75
1789516800000,0.81912,0.81963,0.81871,0.81873,31469.14
1789531200000,0.81873,0.81897,0.81788,0.81875,40924.45
1789545600000,0.81873,0.81945,0.81822,0.81898,44456.93
1789560000000,0.81897,0.81942,0.81818,0.81907,57924.84
1789574400000,0.81907,0.8257,0.81759,0.82476,87327.73
1789588800000,0.82476,0.82638,0.82386,0.82534,22270.77
1789603200000,0.82533,0.82603,0.82492,0.82573,47146.08
1789617600000,0.82574,0.82586,0.82364,0.82528,47324.31
1789632000000,0.82528,0.82619,0.82502,0.82536,48799.06
1789646400000,0.82536,0.82548,0.82223,0.82445,71857.22
1789660800000,0.82444,0.82523,0.82428,0.82455,48032.75
1789675200000,0.82455,0.82497,0.82305,0.8249,14419.16
1789689600000,0.82488,0.82521,0.82344,0.8235,43750.7
1789704000000,0.82351,0.82521,0.82254,0.825,50896.65
1789718400000,0.825,0.82582,0.8241,0.82547,48966.41
1789732800000,0.82547,0.82596,0.82309,0.82416,70195.39
1789747200000,0.82416,0.82422,0.82167,0.82189,44685.8
1789761600000,0.82189,0.82215,0.82157,0.82199,4839.4
1789934400000,0.82146,0.82268,0.821,0.82258,6606.56
1789948800000,0.82259,0.82322,0.82193,0.82296,24100.06
1789963200000,0.82295,0.82388,0.82264,0.82307,27772.04
1789977600000,0.82308,0.82351,0.82076,0.82109,38341.68
1789992000000,0.82111,0.82271,0.8206,0.82136,50650.02
1790006400000,0.82136,0.82162,0.8207,0.82112,31976.7
1790020800000,0.82114,0.82118,0.82039,0.82097,9262.4
1790035200000,0.82095,0.82105,0.82026,0.82032,37249.12
1790049600000,0.82033,0.82171,0.81999,0.82169,33651.02
1790064000000,0.8217,0.82246,0.81831,0.81932,63669.37
1790078400000,0.81931,0.82199,0.81887,0.82193,62233.47
1790092800000,0.82191,0.82228,0.81962,0.82042,55564.59
1790107200000,0.82043,0.82083,0.81966,0.8208,9471.42
1790121600000,0.82079,0.82179,0.82046,0.82166,32386.42
1790136000000,0.82167,0.82267,0.8213,0.82243,34113.27
1790150400000,0.82246,0.82341,0.82181,0.8228,45723.55
1790164800000,0.82281,0.82532,0.82237,0.825,77196.55
1790179200000,0.82501,0.82602,0.82339,0.82465,54901.72
1790193600000,0.82465,0.82534,0.82375,0.8251,9945.21
1790208000000,0.8251,0.82559,0.82388,0.82436,44720.43
1790222400000,0.82438,0.82789,0.82287,0.8274,52679.47
1790236800000,0.82741,0.82839,0.82619,0.8275,67690.6
1790251200000,0.82751,0.82962,0.82706,0.82861,66621.37
1790265600000,0.82861,0.82911,0.8264,0.82791,64608.26
1790280000000,0.82793,0.82853,0.82712,0.82821,12108.93
1790294400000,0.8282,0.82928,0.82764,0.82918,28965.49
1790308800000,0.82919,0.82977,0.82826,0.82926,38889.72
1790323200000,0.82927,0.82979,0.82803,0.82843,56915.53
1790337600000,0.82843,0.82957,0.82752,0.82817,78498.65
1790352000000,0.82815,0.82916,0.82707,0.82843,62134.18
1790366400000,0.82843,0.82865,0.8283,0.8283,4889.05
1790539200000,0.82766,0.8299,0.82728,0.82968,7452.74
1790553600000,0.82967,0.83009,0.82899,0.8295,32306.49
1790568000000,0.82951,0.83145,0.8292,0.83042,35619.64
1790582400000,0.83042,0.8323,0.82963,0.83181,49220.97
1790596800000,0.83181,0.83274,0.83089,0.83219,64677.72
1790611200000,0.83219,0.83228,0.83037,0.832,50151.41
1790625600000,0.83202,0.83222,0.8295,0.8318,10216.39
1790640000000,0.83181,0.83299,0.8318,0.83289,31612.3
1790654400000,0.83291,0.83394,0.83246,0.83335,39231.71
1790668800000,0.83336,0.83494,0.83306,0.83316,50947.29
1790683200000,0.83317,0.83516,0.8327,0.83462,68517.11
1790697600000,0.83462,0.83584,0.83318,0.83391,46344.46
1790712000000,0.83391,0.8345,0.83283,0.83419,12846.71
1790726400000,0.8342,0.8346,0.83316,0.83434,35675.23
1790740800000,0.83436,0.83469,0.83267,0.83356,49581.42
1790755200000,0.83357,0.83387,0.8324,0.83354,29229.99
