timestamp,open,high,low,close,volume
1609459200000,1.07002,1.07002,1.07002,1.07002,0.0
1609545600000,1.07002,1.07002,1.07002,1.07002,0.0
1609632000000,1.07088,1.07175,1.06978,1.07151,6918.22021484375
1609718400000,1.07154,1.07208,1.06694,1.06836,154385.671875
1609804800000,1.06835,1.07189,1.06696,1.06994,164050.765625
1609891200000,1.06994,1.07063,1.068,1.06985,212512.953125
1609977600000,1.06985,1.07057,1.06721,1.06917,151295.71875
1610064000000,1.06918,1.0734,1.06874,1.0724,190059.34375
1610150400000,1.0724,1.0724,1.0724,1.0724,0.0
1610236800000,1.07182,1.07426,1.07142,1.07211,6573.89990234375
1610323200000,1.07211,1.0747,1.07044,1.07432,148603.65625
1610409600000,1.07431,1.07758,1.0733,1.07563,128699.171875
1610496000000,1.07563,1.07831,1.0736,1.07731,115817.640625
1610582400000,1.07731,1.07951,1.07615,1.07735,124217.65625
1610668800000,1.07736,1.08041,1.07659,1.07975,145535.59375
1610755200000,1.07975,1.07975,1.07975,1.07975,0.0
1610841600000,1.07928,1.08016,1.07887,1.07939,4601.35009765625
1610928000000,1.07939,1.08087,1.0784,1.07996,91221.2109375
1611014400000,1.07997,1.08421,1.07938,1.08184,120191.5
1611100800000,1.08184,1.0839,1.07866,1.07929,121785.109375
1611187200000,1.07929,1.08003,1.07494,1.07554,119023.609375
1611273600000,1.07555,1.07684,1.07341,1.07365,128093.2578125
1611360000000,1.07365,1.07365,1.07365,1.07365,0.0
1611446400000,1.07449,1.07514,1.07399,1.07422,4391.009765625
1611532800000,1.07421,1.07481,1.06961,1.07151,137015.25
1611619200000,1.07151,1.07222,1.06812,1.07109,114324.171875
1611705600000,1.0711,1.07154,1.06815,1.0709,186346.859375
1611792000000,1.0709,1.07125,1.06717,1.06921,180387.953125
1611878400000,1.06923,1.07028,1.06323,1.06373,185074.1875
1611964800000,1.06373,1.06373,1.06373,1.06373,0.0
1612051200000,1.06427,1.06477,1.06319,1.06369,6944.5400390625
1612137600000,1.06366,1.06625,1.0623,1.06541,155397.25
1612224000000,1.06543,1.06768,1.05621,1.05735,149598.15625
1612310400000,1.05735,1.0595,1.05405,1.05733,124880.390625
1612396800000,1.05731,1.06244,1.05659,1.06162,113807.6484375
1612483200000,1.06161,1.06603,1.06125,1.06526,109879.2421875
1612569600000,1.06526,1.06526,1.06526,1.06526,0.0
1612656000000,1.06624,1.06677,1.06469,1.06474,6514.16015625
1612742400000,1.06476,1.06732,1.06453,1.06658,96036.7734375
1612828800000,1.06655,1.06903,1.06521,1.06883,105546.4375
1612915200000,1.06882,1.0727,1.06875,1.07002,123898.7578125
1613001600000,1.07002,1.07298,1.06996,1.07195,85577.7890625
1613088000000,1.07195,1.07587,1.07185,1.07426,69632.21875
1613174400000,1.07426,1.07426,1.07426,1.07426,0.0
1613260800000,1.07735,1.07735,1.07517,1.07545,4195.18017578125
1613347200000,1.07542,1.07696,1.07378,1.07639,55024.48828125
1613433600000,1.0764,1.07687,1.07185,1.07609,113070.796875
1613520000000,1.07609,1.07948,1.07609,1.07854,129170.4296875
1613606400000,1.07852,1.07958,1.07519,1.07616,125490.890625
1613692800000,1.07618,1.07935,1.07572,1.07836,110777.8515625
1613779200000,1.07836,1.07836,1.07836,1.07836,0.0
1613865600000,1.07927,1.07928,1.0777,1.07853,4100.259765625
1613952000000,1.07852,1.08163,1.07642,1.08001,109663.46875
1614038400000,1.08,1.08271,1.07717,1.07753,117948.546875
1614124800000,1.07753,1.08206,1.06864,1.07167,138040.484375
1614211200000,1.07169,1.07405,1.06661,1.06793,188821.40625
1614297600000,1.06793,1.07154,1.06391,1.0646,231745.421875
1614384000000,1.0646,1.0646,1.0646,1.0646,0.0
1614470400000,1.06477,1.06713,1.06444,1.06626,7437.02001953125
1614556800000,1.06626,1.07093,1.06433,1.06858,147663.78125
1614643200000,1.06854,1.07701,1.06757,1.07285,159639.515625
1614729600000,1.07286,1.07559,1.07188,1.07264,140879.015625
1614816000000,1.07265,1.07538,1.07192,1.07479,182250.125
1614902400000,1.07478,1.07669,1.07165,1.0728,183426.1875
1614988800000,1.0728,1.0728,1.0728,1.0728,0.0
1615075200000,1.07305,1.07405,1.07199,1.07387,6951.56005859375
1615161600000,1.07383,1.07646,1.07214,1.0734,164505.4375
1615248000000,1.0734,1.07709,1.07271,1.0747,141674.90625
1615334400000,1.0747,1.07612,1.07378,1.07462,127858.6171875
1615420800000,1.07462,1.07848,1.0739,1.07745,110200.1796875
1615507200000,1.07746,1.08183,1.07733,1.08064,115119.421875
1615593600000,1.08064,1.08064,1.08064,1.08064,0.0
1615680000000,1.0805,1.08098,1.07913,1.07996,5984.2001953125
1615766400000,1.07992,1.08001,1.07421,1.07575,95839.28125
1615852800000,1.07579,1.07813,1.07475,1.07682,97566.90625
1615939200000,1.0768,1.07866,1.07478,1.07748,117724.1328125
1616025600000,1.07749,1.08403,1.07733,1.08174,154107.25
1616112000000,1.08175,1.08257,1.079,1.07979,125427.0078125
1616198400000,1.07979,1.07979,1.07979,1.07979,0.0
1616284800000,1.07968,1.08056,1.07886,1.07973,3978.81005859375
1616371200000,1.07975,1.08641,1.0782,1.08588,90982.46875
1616457600000,1.08589,1.09365,1.0852,1.08772,112224.078125
1616544000000,1.08771,1.09306,1.0873,1.08921,92615.2265625
1616630400000,1.08922,1.09079,1.088,1.08996,97134.5625
1616716800000,1.08996,1.09296,1.08906,1.09119,81610.703125
1616803200000,1.09119,1.09119,1.09119,1.09119,0.0
1616889600000,1.09192,1.09242,1.09017,1.09197,4689.41015625
1616976000000,1.09194,1.0946,1.08901,1.08979,81591.71875
1617062400000,1.08979,1.09052,1.08678,1.08817,78552.59375
1617148800000,1.08816,1.09015,1.08633,1.08749,76098.859375
1617235200000,1.08749,1.08833,1.08341,1.08451,82614.640625
1617321600000,1.08451,1.08515,1.08052,1.0811,35281.01171875
1617408000000,1.0811,1.0811,1.0811,1.0811,0.0
1617494400000,1.08236,1.08426,1.08066,1.08368,5451.22998046875
1617580800000,1.08371,1.08442,1.08178,1.08361,52959.05078125
1617667200000,1.08361,1.08748,1.08278,1.08537,79274.578125
1617753600000,1.08533,1.08656,1.08357,1.08563,78766.4921875
1617840000000,1.08563,1.08648,1.08293,1.08431,73958.8828125
1617926400000,1.08434,1.0848,1.08182,1.08325,71440.3203125
1618012800000,1.08325,1.08325,1.08325,1.08325,0.0
1618099200000,1.08228,1.08426,1.08195,1.08302,3760.75
1618185600000,1.08302,1.08473,1.08138,1.08462,70757.4296875
1618272000000,1.08463,1.08542,1.08129,1.08303,81754.7578125
1618358400000,1.08303,1.08412,1.07959,1.08193,89133.8203125
1618444800000,1.08195,1.08245,1.07914,1.08024,77521.6796875
1618531200000,1.08025,1.08414,1.07962,1.0817,63016.28125
1618617600000,1.0817,1.0817,1.0817,1.0817,0.0
1618704000000,1.08399,1.08399,1.0823,1.08231,3708.64990234375
1618790400000,1.0823,1.08331,1.07912,1.07994,75040.28125
1618876800000,1.07997,1.08226,1.07498,1.07773,89814.4609375
1618963200000,1.07771,1.07783,1.07402,1.07628,82047.71875
1619049600000,1.07631,1.07912,1.07447,1.07684,85337.0625
1619136000000,1.0768,1.07831,1.07575,1.07587,58884.98046875
1619222400000,1.07587,1.07587,1.07587,1.07587,0.0
1619308800000,1.07581,1.07709,1.0754,1.07661,3134.02001953125
1619395200000,1.07663,1.08011,1.07622,1.07845,73525.2421875
1619481600000,1.07843,1.07929,1.0765,1.07824,67571.203125
1619568000000,1.07822,1.07882,1.07145,1.07305,91185.2109375
1619654400000,1.07305,1.07424,1.07155,1.07314,84492.9375
1619740800000,1.07315,1.07728,1.07228,1.07623,79928.546875
1619827200000,1.07623,1.07623,1.07623,1.07623,0.0
1619913600000,1.07572,1.07691,1.07509,1.07679,3510.219970703125
1620000000000,1.07677,1.07889,1.07509,1.07803,75625.28125
1620086400000,1.07801,1.0821,1.07525,1.07697,104183.9765625
1620172800000,1.077,1.07859,1.07214,1.07376,75685.8984375
1620259200000,1.07373,1.0767,1.07175,1.07661,88872.3515625
1620345600000,1.0766,1.07895,1.07412,1.0767,83085.390625
1620432000000,1.0767,1.0767,1.0767,1.0767,0.0
1620518400000,1.07692,1.07785,1.07664,1.0772,3343.570068359375
1620604800000,1.0772,1.08132,1.0768,1.07829,78418.0390625
1620691200000,1.07825,1.07945,1.07686,1.07919,87821.4921875
1620777600000,1.07924,1.08042,1.07688,1.07931,110710.4375
1620864000000,1.07932,1.07939,1.07454,1.07552,85540.2265625
1620950400000,1.07552,1.0771,1.07204,1.07239,62039.21875
1621036800000,1.07239,1.07239,1.07239,1.07239,0.0
1621123200000,1.07104,1.07406,1.07104,1.07381,2299.489990234375
1621209600000,1.07378,1.07787,1.07222,1.07684,71049.203125
1621296000000,1.07685,1.07744,1.07378,1.07598,67530.1875
1621382400000,1.07599,1.07913,1.07517,1.07794,117111.8125
1621468800000,1.07796,1.08014,1.07726,1.07961,84812.171875
1621555200000,1.07963,1.08076,1.07716,1.07805,91655.8203125
1621641600000,1.07805,1.07805,1.07805,1.07805,0.0
1621728000000,1.07592,1.07837,1.07592,1.07716,4151.43017578125
1621814400000,1.07716,1.079,1.0731,1.07433,72097.6328125
1621900800000,1.0744,1.07482,1.07042,1.07277,78384.59375
1621987200000,1.07278,1.07314,1.06148,1.06347,84608.1328125
1622073600000,1.06348,1.06369,1.05999,1.06298,72454.8515625
1622160000000,1.06294,1.06559,1.06203,1.06294,79188.1875
1622246400000,1.06294,1.06294,1.06294,1.06294,0.0
1622332800000,1.06165,1.06463,1.06165,1.06427,2465.510009765625
1622419200000,1.06425,1.06594,1.06188,1.0641,58569.859375
1622505600000,1.06414,1.07021,1.06352,1.06934,81118.6171875
1622592000000,1.06934,1.07176,1.06785,1.07063,67476.5390625
1622678400000,1.07062,1.07332,1.07017,1.07204,84314.5703125
1622764800000,1.07205,1.07568,1.07052,1.07286,76127.9296875
1622851200000,1.07286,1.07286,1.07286,1.07286,0.0
1622937600000,1.07293,1.0742,1.07235,1.07376,2290.860107421875
1623024000000,1.07375,1.07476,1.07178,1.07351,70542.140625
1623110400000,1.07353,1.0762,1.07192,1.07613,66964.5625
1623196800000,1.07611,1.07782,1.07437,1.07769,49780.30859375
1623283200000,1.0777,1.07818,1.07582,1.07756,63004.80859375
1623369600000,1.07757,1.08114,1.07713,1.08051,56321.78125
1623456000000,1.08051,1.08051,1.08051,1.08051,0.0
1623542400000,1.07953,1.08053,1.07798,1.0797,2741.93994140625
1623628800000,1.0797,1.08077,1.07817,1.07956,54925.23046875
1623715200000,1.07956,1.08028,1.07701,1.07907,66749.109375
1623801600000,1.07909,1.08032,1.07626,1.07694,105171.8203125
1623888000000,1.07694,1.08028,1.07439,1.07721,103880.4765625
1623974400000,1.0772,1.08121,1.07666,1.07863,94492.59375
1624060800000,1.07863,1.07863,1.07863,1.07863,0.0
1624147200000,1.07866,1.07987,1.07789,1.07953,4858.66015625
1624233600000,1.07952,1.07993,1.07658,1.07851,91084.328125
1624320000000,1.07852,1.0787,1.0744,1.07656,74790.4375
1624406400000,1.07658,1.07772,1.07391,1.07497,62299.76171875
1624492800000,1.07493,1.07527,1.07255,1.07347,72085.890625
1624579200000,1.07347,1.07476,1.07235,1.0737,60723.1015625
1624665600000,1.0737,1.0737,1.0737,1.0737,0.0
1624752000000,1.0724,1.07441,1.07161,1.07433,3411.969970703125
1624838400000,1.07432,1.07504,1.07221,1.07364,58398.05078125
1624924800000,1.07365,1.07652,1.07285,1.07497,72473.3828125
1625011200000,1.07496,1.07598,1.07154,1.07162,68407.6328125
1625097600000,1.07162,1.07242,1.0701,1.07208,66354.46875
1625184000000,1.07209,1.07271,1.06955,1.0698,70201.1171875
1625270400000,1.0698,1.0698,1.0698,1.0698,0.0
1625356800000,1.06978,1.07036,1.06978,1.07009,3068.419921875
1625443200000,1.07016,1.07282,1.06789,1.06932,63948.53125
1625529600000,1.06932,1.07223,1.06627,1.06802,94933.8671875
1625616000000,1.06803,1.06902,1.06583,1.06702,84466.75
1625702400000,1.06701,1.0706,1.06646,1.06965,120056.0703125
1625788800000,1.06965,1.07153,1.06865,1.06987,95267.2265625
1625875200000,1.06987,1.06987,1.06987,1.06987,0.0
1625961600000,1.06869,1.07024,1.06783,1.06912,4878.009765625
1626048000000,1.06909,1.07236,1.06876,1.07034,81972.8203125
1626134400000,1.07036,1.07386,1.06952,1.07144,99303.203125
1626220800000,1.07144,1.07164,1.0618,1.06287,124903.140625
1626307200000,1.06291,1.06596,1.05759,1.05875,102099.71875
1626393600000,1.05873,1.06112,1.05559,1.05591,76833.4765625
1626480000000,1.05591,1.05591,1.05591,1.05591,0.0
1626566400000,1.05648,1.05689,1.05555,1.05625,3918.320068359375
1626652800000,1.05628,1.05906,1.05519,1.05902,118738.6484375
1626739200000,1.05903,1.06139,1.05704,1.05994,97610.0390625
1626825600000,1.05993,1.06023,1.05434,1.05632,76183.1171875
1626912000000,1.05635,1.05994,1.05562,1.05722,94835.9296875
1626998400000,1.05723,1.05852,1.05449,1.0551,59514.390625
1627084800000,1.0551,1.0551,1.0551,1.0551,0.0
1627171200000,1.05549,1.05604,1.05454,1.0551,2566.22998046875
1627257600000,1.0551,1.05593,1.05385,1.05469,72840.1015625
1627344000000,1.05467,1.05976,1.05401,1.05787,91460.3984375
1627430400000,1.05785,1.06063,1.05666,1.05988,107090.21875
1627516800000,1.05988,1.06032,1.05384,1.05492,67465.328125
1627603200000,1.05494,1.05581,1.05179,1.05287,75419.578125
1627689600000,1.05287,1.05287,1.05287,1.05287,0.0
1627776000000,1.05116,1.05363,1.05113,1.05265,4026.9599609375
1627862400000,1.05268,1.0565,1.05253,1.05349,71068.4765625
1627948800000,1.05349,1.05643,1.04936,1.04983,82746.671875
1628035200000,1.04985,1.05032,1.04672,1.04805,72890.7265625
1628121600000,1.04805,1.05041,1.04725,1.05034,60915.30078125
1628208000000,1.05032,1.05034,1.04723,1.04866,62799.53125
1628294400000,1.04866,1.04866,1.04866,1.04866,0.0
1628380800000,1.04764,1.05023,1.04764,1.04915,6368.27001953125
1628467200000,1.04913,1.0494,1.04705,1.04832,63017.4609375
1628553600000,1.04834,1.0511,1.04727,1.04823,53587.91015625
1628640000000,1.04823,1.04865,1.04551,1.04676,58353.7890625
1628726400000,1.04672,1.04873,1.04552,1.04805,48753.41015625
1628812800000,1.04803,1.0489,1.0464,1.04645,38114.19140625
1628899200000,1.04645,1.04645,1.04645,1.04645,0.0
1628985600000,1.04627,1.04683,1.04615,1.04632,3348.010009765625
1629072000000,1.04632,1.04643,1.04232,1.0442,51520.30859375
1629158400000,1.04419,1.05397,1.04193,1.04731,89279.8828125
1629244800000,1.04729,1.05405,1.0451,1.05184,97355.546875
1629331200000,1.05186,1.05367,1.04547,1.04787,109687.078125
1629417600000,1.04786,1.04797,1.04299,1.04394,68441.703125
1629504000000,1.04394,1.04394,1.04394,1.04394,0.0
1629590400000,1.04285,1.04556,1.04186,1.04505,3833.590087890625
1629676800000,1.04506,1.04716,1.04445,1.04569,68574.8515625
1629763200000,1.04568,1.0471,1.0409,1.04477,63317.6484375
1629849600000,1.04477,1.04583,1.04222,1.04363,62235.1015625
1629936000000,1.04363,1.0443,1.04019,1.04231,66809.34375
1630022400000,1.0423,1.04429,1.04089,1.04204,60802.2890625
1630108800000,1.04204,1.04204,1.04204,1.04204,0.0
1630195200000,1.04339,1.04365,1.04078,1.04325,2431.43994140625
1630281600000,1.04325,1.04386,1.04121,1.04177,46666.78125
1630368000000,1.04176,1.04192,1.03473,1.03772,79652.2265625
1630454400000,1.03771,1.04344,1.03755,1.04255,64148.03125
1630540800000,1.04254,1.04353,1.03968,1.04063,69236.7265625
1630627200000,1.04063,1.04448,1.03994,1.04085,68654.3515625
1630713600000,1.04085,1.04085,1.04085,1.04085,0.0
1630800000000,1.03939,1.04194,1.03939,1.04092,3615.949951171875
1630886400000,1.04094,1.04282,1.03987,1.04203,81239.4296875
1630972800000,1.04202,1.04527,1.03806,1.04071,81989.9921875
1631059200000,1.04066,1.04095,1.03695,1.03702,86446.5390625
1631145600000,1.03703,1.03801,1.03537,1.03712,97352.0703125
1631232000000,1.03708,1.03815,1.03311,1.03342,78794.0
1631318400000,1.03342,1.03342,1.03342,1.03342,0.0
1631404800000,1.03295,1.03511,1.032,1.03501,2618.010009765625
1631491200000,1.03498,1.03665,1.03293,1.03539,76997.2421875
1631577600000,1.03534,1.03614,1.02956,1.03133,89887.09375
1631664000000,1.03132,1.03263,1.02802,1.02935,65504.75
1631750400000,1.02936,1.03159,1.02791,1.03123,78515.8125
1631836800000,1.03122,1.03472,1.03055,1.03314,66734.7734375
1631923200000,1.03314,1.03314,1.03314,1.03314,0.0
1632009600000,1.03219,1.03354,1.03073,1.03276,2862.239990234375
1632096000000,1.0327,1.03577,1.02891,1.03446,118909.40625
1632182400000,1.03445,1.0358,1.03061,1.03298,86193.0390625
1632268800000,1.03298,1.03521,1.03084,1.03458,105620.2890625
1632355200000,1.03456,1.03534,1.03002,1.03281,79767.78125
1632441600000,1.03282,1.03561,1.03142,1.03423,73325.453125
1632528000000,1.03423,1.03423,1.03423,1.03423,0.0
1632614400000,1.0335,1.03578,1.03124,1.03543,3111.97998046875
1632700800000,1.03543,1.03924,1.0353,1.03893,87884.953125
1632787200000,1.03893,1.04312,1.03755,1.04084,106475.03125
1632873600000,1.04082,1.04646,1.04074,1.04462,109197.0
1632960000000,1.04454,1.04862,1.04454,1.04814,103259.3828125
1633046400000,1.04817,1.04912,1.04495,1.04578,102539.8203125
1633132800000,1.04578,1.04578,1.04578,1.04578,0.0
1633219200000,1.04552,1.04812,1.04552,1.04803,4205.419921875
1633305600000,1.04803,1.04855,1.04375,1.04705,96268.8125
1633392000000,1.04703,1.04772,1.04336,1.04772,85604.640625
1633478400000,1.0477,1.05298,1.04412,1.05279,110681.0
1633564800000,1.05278,1.05532,1.0519,1.05457,78415.609375
1633651200000,1.05457,1.05545,1.05256,1.05395,85686.9765625
1633737600000,1.05395,1.05395,1.05395,1.05395,0.0
1633824000000,1.05533,1.05601,1.05376,1.05381,5062.77978515625
1633910400000,1.05387,1.0594,1.05344,1.05842,77872.90625
1633996800000,1.05842,1.06114,1.05785,1.05909,80592.53125
1634083200000,1.05916,1.06045,1.05643,1.05893,84314.109375
1634169600000,1.05896,1.05971,1.05315,1.05371,74105.296875
1634256000000,1.05373,1.05398,1.0481,1.04819,74481.7109375
1634342400000,1.04819,1.04819,1.04819,1.04819,0.0
1634428800000,1.04624,1.04862,1.04522,1.04801,13563.580078125
1634515200000,1.04795,1.04857,1.0452,1.04564,77138.4296875
1634601600000,1.04567,1.04685,1.04241,1.04465,85255.4921875
1634688000000,1.04467,1.04572,1.04232,1.04398,80090.828125
1634774400000,1.04399,1.04641,1.0424,1.04298,84846.3515625
1634860800000,1.04296,1.04951,1.04157,1.04354,105763.921875
1634947200000,1.04354,1.04354,1.04354,1.04354,0.0
1635033600000,1.04305,1.04461,1.04304,1.04453,2821.14990234375
1635120000000,1.04451,1.04913,1.04353,1.04545,80559.546875
1635206400000,1.04544,1.04842,1.04484,1.04807,76815.828125
1635292800000,1.04805,1.05176,1.04656,1.047,100905.3515625
1635379200000,1.04694,1.04838,1.04557,1.04674,109957.421875
1635465600000,1.04674,1.05275,1.04674,1.04864,116116.953125
1635552000000,1.04864,1.04864,1.04864,1.04864,0.0
1635638400000,1.04863,1.04948,1.0473,1.04762,3523.89990234375
1635724800000,1.0476,1.04838,1.04439,1.04757,80546.0625
1635811200000,1.04755,1.04841,1.0405,1.04354,91408.828125
1635897600000,1.04355,1.04471,1.03901,1.04079,111734.171875
1635984000000,1.04077,1.04244,1.03941,1.04204,86866.671875
1636070400000,1.04204,1.04331,1.03879,1.03885,88938.421875
1636156800000,1.03885,1.03885,1.03885,1.03885,0.0
1636243200000,1.04002,1.04091,1.03883,1.04024,4440.990234375
1636329600000,1.04029,1.04055,1.03344,1.0351,72790.9765625
1636416000000,1.03514,1.03796,1.03298,1.03534,83474.796875
1636502400000,1.03535,1.03903,1.03424,1.03784,97215.046875
1636588800000,1.03785,1.04008,1.03555,1.03846,82355.2109375
1636675200000,1.03857,1.04108,1.03787,1.04034,61955.55859375
1636761600000,1.04034,1.04034,1.04034,1.04034,0.0
1636848000000,1.04007,1.04212,1.03885,1.04104,3397.27001953125
1636934400000,1.04103,1.04368,1.03966,1.04283,67238.59375
1637020800000,1.04277,1.04562,1.04229,1.04442,88041.828125
1637107200000,1.0444,1.04463,1.03715,1.03782,83984.4921875
1637193600000,1.03776,1.03789,1.03224,1.03335,84518.203125
1637280000000,1.03331,1.03611,1.03274,1.03346,89113.890625
1637366400000,1.03346,1.03346,1.03346,1.03346,0.0
1637452800000,1.03288,1.03487,1.03258,1.0344,2702.5400390625
1637539200000,1.0344,1.04012,1.03376,1.04003,89439.40625
1637625600000,1.04002,1.0431,1.03834,1.03876,100972.6328125
1637712000000,1.03872,1.04832,1.037,1.04754,96897.15625
1637798400000,1.04754,1.05019,1.04527,1.04806,58812.890625
1637884800000,1.04805,1.0485,1.04283,1.04365,120268.4375
1637971200000,1.04365,1.04365,1.04365,1.04365,0.0
1638057600000,1.04302,1.04654,1.04189,1.04636,6164.72021484375
1638144000000,1.04634,1.04964,1.04448,1.04607,95779.0
1638230400000,1.04607,1.04823,1.04224,1.04404,179585.546875
1638316800000,1.04403,1.04565,1.04226,1.04302,138192.28125
1638403200000,1.04303,1.04378,1.03974,1.0404,117753.4765625
1638489600000,1.04043,1.04199,1.03669,1.03703,110111.296875
1638576000000,1.03703,1.03703,1.03703,1.03703,0.0
1638662400000,1.03633,1.03873,1.0359,1.03858,5058.64013671875
1638748800000,1.03855,1.04506,1.03768,1.04437,88610.640625
1638835200000,1.04443,1.05014,1.04401,1.04951,85112.1875
1638921600000,1.04952,1.05358,1.0491,1.05295,102267.8984375
1639008000000,1.05293,1.05363,1.05094,1.05166,81319.078125
1639094400000,1.05166,1.05628,1.05024,1.05465,73898.1328125
1639180800000,1.05465,1.05465,1.05465,1.05465,0.0
1639267200000,1.05294,1.05495,1.05162,1.05439,4304.52001953125
1639353600000,1.05447,1.0565,1.05241,1.0562,69422.203125
1639440000000,1.0562,1.0562,1.05195,1.05475,84688.1875
1639526400000,1.05476,1.05968,1.05445,1.05732,118786.0625
1639612800000,1.05731,1.05962,1.05484,1.0558,111081.09375
1639699200000,1.05577,1.05904,1.05564,1.05715,99151.109375
1639785600000,1.05715,1.05715,1.05715,1.05715,0.0
1639872000000,1.05658,1.05852,1.05643,1.05721,5735.35986328125
1639958400000,1.05721,1.06011,1.05566,1.05914,111139.9296875
1640044800000,1.05916,1.05961,1.05492,1.05643,79272.9921875
1640131200000,1.05643,1.06,1.05576,1.05978,75874.3125
1640217600000,1.05973,1.06272,1.05786,1.06074,69272.46875
1640304000000,1.06074,1.06274,1.05559,1.05814,183850.640625
1640390400000,1.05814,1.05814,1.05814,1.05814,0.0
1640476800000,1.05673,1.06183,1.05672,1.06093,2469.18994140625
1640563200000,1.06091,1.06332,1.06033,1.06152,44172.46875
1640649600000,1.06154,1.06428,1.06087,1.06275,54835.12109375
1640736000000,1.0627,1.06429,1.06026,1.06124,73877.4921875
1640822400000,1.06127,1.0643,1.05692,1.06149,71711.953125
1640908800000,1.0615,1.06316,1.06036,1.06185,62474.96875
1640995200000,1.06185,1.06185,1.06185,1.06185,0.0
1641081600000,1.05881,1.06262,1.05881,1.06247,1755.05
1641168000000,1.06243,1.0626,1.05718,1.05984,66427.14
1641254400000,1.05983,1.06382,1.05855,1.06246,87150.32
1641340800000,1.06243,1.06499,1.06145,1.06298,102919.49
1641427200000,1.06293,1.06308,1.05974,1.06267,97145.11
1641513600000,1.06259,1.06326,1.05776,1.05911,73155.82
1641686400000,1.05892,1.06035,1.05745,1.05939,4292.64
1641772800000,1.0594,1.06315,1.05848,1.06113,101109.81
1641859200000,1.06119,1.06316,1.06015,1.0628,92952.51
1641945600000,1.06279,1.06482,1.06199,1.06353,90718.84
1642032000000,1.06353,1.06359,1.0599,1.0611,88401.62
1642118400000,1.06113,1.06156,1.05849,1.05903,101524.87
1642291200000,1.05923,1.06003,1.05814,1.05991,3056.08
1642377600000,1.05993,1.06135,1.05815,1.06101,66134.9
1642464000000,1.06102,1.06237,1.05975,1.06142,113578.71
1642550400000,1.06143,1.06435,1.0584,1.06429,109870.23
1642636800000,1.06426,1.07036,1.06387,1.069,103161.8
1642723200000,1.06904,1.07133,1.0676,1.06815,137675.46
1642896000000,1.06781,1.06977,1.06732,1.06917,4473.73
1642982400000,1.06916,1.07022,1.06342,1.06708,177885.27
1643068800000,1.06708,1.07112,1.06682,1.0699,177600.07
1643155200000,1.06991,1.07267,1.06791,1.06909,190562.83
1643241600000,1.06907,1.07207,1.06772,1.06837,183737.71
1643328000000,1.0685,1.07056,1.06562,1.06814,205652.95
1643500800000,1.06688,1.06855,1.06514,1.06785,5588.71
1643587200000,1.06784,1.07518,1.06763,1.07455,146442.68
1643673600000,1.07449,1.07569,1.06992,1.0748,161717.54
1643760000000,1.07477,1.077,1.07315,1.0769,129691.63
1643846400000,1.0769,1.0769,1.07052,1.07138,185387.89
1643932800000,1.07135,1.07173,1.06794,1.06931,170356.47
1644105600000,1.06958,1.0707,1.0688,1.0695,3717.08
1644192000000,1.0695,1.07442,1.06942,1.07375,137924.36
1644278400000,1.07375,1.07538,1.07158,1.07451,134060.46
1644364800000,1.07454,1.07662,1.07296,1.07448,122059.84
1644451200000,1.07449,1.07696,1.07207,1.07435,205350.87
1644537600000,1.07436,1.07496,1.07045,1.07045,236503.86
1644710400000,1.07246,1.07565,1.07098,1.07487,7619.88
1644796800000,1.07486,1.07804,1.07379,1.07768,201482.18
1644883200000,1.07767,1.07896,1.07311,1.07654,155141.62
1644969600000,1.07654,1.07958,1.07544,1.07664,143744.75
1645056000000,1.07664,1.077,1.07274,1.07432,181188.73
1645142400000,1.0743,1.07439,1.07101,1.07119,153319.3
1645315200000,1.07138,1.07218,1.07072,1.07204,5119.8
1645401600000,1.07205,1.07419,1.0709,1.07287,146188.23
1645488000000,1.07286,1.07378,1.06993,1.07191,198940.56
1645574400000,1.0719,1.07325,1.06679,1.06747,158507.83
1645660800000,1.06749,1.07242,1.06652,1.07049,313462.66
1645747200000,1.07046,1.07351,1.06759,1.07162,226367.23
1645920000000,1.07335,1.07419,1.0716,1.07366,13995.62
1646006400000,1.07366,1.07486,1.07072,1.07267,196645.09
1646092800000,1.07265,1.07501,1.07158,1.07294,192948.88
1646179200000,1.07293,1.07554,1.0718,1.07522,207605.71
1646265600000,1.07521,1.07956,1.07511,1.07725,168572.28
1646352000000,1.07725,1.07914,1.07311,1.07388,198712.11
1646524800000,1.07549,1.07594,1.07354,1.07557,9139.37
1646611200000,1.07557,1.07668,1.07087,1.07191,213484.89
1646697600000,1.0719,1.07315,1.06425,1.06813,250746.29
1646784000000,1.06814,1.07173,1.06706,1.06998,193928.56
1646870400000,1.07004,1.07267,1.06916,1.07148,171348.8
1646956800000,1.07152,1.07295,1.06848,1.07191,182357.23
1647129600000,1.06925,1.07156,1.06893,1.071,4589.56
1647216000000,1.07098,1.07111,1.06464,1.06663,169884.7
1647302400000,1.06664,1.06737,1.05999,1.06358,154094.56
1647388800000,1.06358,1.0675,1.06316,1.06698,170354.68
1647475200000,1.06696,1.07213,1.06664,1.07096,144016.33
1647561600000,1.07095,1.07403,1.07076,1.07255,130592.82
1647734400000,1.07201,1.0744,1.07199,1.07405,4222.33
1647820800000,1.07401,1.07522,1.07054,1.07503,130129.6
1647907200000,1.07507,1.07536,1.06929,1.07158,113523.37
1647993600000,1.07159,1.07634,1.07054,1.07493,118945.93
1648080000000,1.07491,1.08055,1.07415,1.07834,126258.18
1648166400000,1.07834,1.08084,1.07741,1.07903,122960.63
1648339200000,1.07902,1.08081,1.07572,1.08048,5788.6
1648425600000,1.0804,1.08743,1.0798,1.0856,144753.54
1648512000000,1.08557,1.08843,1.08133,1.08236,155031.75
1648598400000,1.08235,1.08256,1.07544,1.07617,143860.6
1648684800000,1.07609,1.08128,1.07572,1.08086,151144.79
1648771200000,1.08078,1.08597,1.07917,1.08306,119296.72
1648944000000,1.08065,1.08398,1.07917,1.08372,3695.11
1649030400000,1.08371,1.08609,1.08073,1.0859,110202.91
1649116800000,1.08589,1.09239,1.08424,1.09172,145323.26
1649203200000,1.09171,1.09214,1.08332,1.08583,176677.73
1649289600000,1.08579,1.08664,1.08195,1.08621,146236.23
1649376000000,1.08614,1.09022,1.08571,1.08867,141894.37
1649548800000,1.08722,1.09021,1.08722,1.08968,5241.01
1649635200000,1.08967,1.09059,1.08371,1.08745,149190.61
1649721600000,1.08745,1.0888,1.0856,1.08707,186654.45
1649808000000,1.08709,1.09737,1.08289,1.09555,187075.34
1649894400000,1.09555,1.09669,1.08833,1.09252,150470.46
1649980800000,1.09253,1.09365,1.08937,1.09246,128850.3
1650153600000,1.0916,1.09394,1.0916,1.09394,4943.04
1650240000000,1.09393,1.09498,1.09017,1.09232,118305.02
1650326400000,1.09231,1.09677,1.09175,1.09591,168241.74
1650412800000,1.09591,1.09979,1.09327,1.09746,168020.66
1650499200000,1.09747,1.09791,1.09389,1.09489,184669.85
1650585600000,1.09489,1.09682,1.0909,1.09143,191517.21
1650758400000,1.09322,1.09327,1.08928,1.09193,5587.93
1650844800000,1.09196,1.09199,1.08208,1.08456,214351.62
1650931200000,1.08456,1.08826,1.08392,1.08621,192172.51
1651017600000,1.08621,1.09161,1.08532,1.08888,205034.95
1651104000000,1.08887,1.09616,1.0885,1.09479,237125.68
1651190400000,1.0948,1.09775,1.0928,1.0929,167122.26
1651363200000,1.09241,1.0944,1.09087,1.0943,10451.8
1651449600000,1.09429,1.09754,1.09293,1.09422,180023.13
1651536000000,1.09426,1.10643,1.09399,1.10381,223316.98
1651622400000,1.10375,1.1109,1.10203,1.10713,233946.61
1651708800000,1.10711,1.1093,1.10396,1.10715,262425.01
1651795200000,1.10714,1.10735,1.10171,1.10335,268760.46
1651968000000,1.10151,1.10367,1.10094,1.10271,11818.38
1652054400000,1.10268,1.1052,1.09727,1.10021,293233.72
1652140800000,1.10023,1.10383,1.09837,1.10254,283137.95
1652227200000,1.10255,1.10621,1.09893,1.10214,317446.49
1652313600000,1.10216,1.10526,1.09819,1.09983,329131.16
1652400000000,1.09984,1.10581,1.09946,1.10295,198158.59
1652572800000,1.10187,1.10536,1.10186,1.10431,6104.34
1652659200000,1.10432,1.10662,1.10141,1.10475,219065.53
1652745600000,1.10466,1.10796,1.10215,1.10532,216681.29
1652832000000,1.10533,1.10664,1.10209,1.10571,203277.45
1652918400000,1.1057,1.10693,1.09899,1.10342,288674.64
1653004800000,1.10342,1.10362,1.09812,1.09851,223067.32
1653177600000,1.1,1.10065,1.09817,1.09979,6906.21
1653264000000,1.09977,1.10021,1.09684,1.09939,179817.51
1653350400000,1.09934,1.10151,1.09758,1.10141,210268.46
1653436800000,1.1014,1.10243,1.09209,1.09398,222473.68
1653523200000,1.09392,1.09677,1.09343,1.09518,166454.25
1653609600000,1.09518,1.09655,1.09333,1.09475,146805.65
1653782400000,1.09384,1.09664,1.09294,1.09567,8676.7
1653868800000,1.09571,1.09846,1.09455,1.09722,125884.95
1653955200000,1.0972,1.10362,1.0971,1.10172,185425.63
1654041600000,1.10174,1.10774,1.10112,1.1068,185500.3
1654128000000,1.10679,1.10789,1.10522,1.10755,141517.99
1654214400000,1.10755,1.10954,1.10607,1.10705,132042.54
1654387200000,1.10602,1.10781,1.10594,1.10659,5754.41
1654473600000,1.10659,1.10905,1.10556,1.10829,133758.61
1654560000000,1.10829,1.11613,1.10771,1.11425,186660.44
1654646400000,1.11424,1.11624,1.11391,1.11536,165415.26
1654732800000,1.11536,1.11537,1.11023,1.11152,192976.2
1654819200000,1.11152,1.11158,1.10749,1.1077,199318.68
1654992000000,1.1072,1.10975,1.10664,1.10766,11747.72
1655078400000,1.10767,1.1098,1.10457,1.10631,243418.16
1655164800000,1.10632,1.1097,1.10219,1.10636,261013.7
1655251200000,1.10635,1.11667,1.10602,1.11541,281059.88
1655337600000,1.11537,1.11609,1.10346,1.10703,292926.29
1655424000000,1.107,1.10882,1.09785,1.09794,227917.44
1655596800000,1.096,1.0994,1.09579,1.09892,10069.07
1655683200000,1.09894,1.10059,1.09528,1.09982,172419.66
1655769600000,1.09983,1.10218,1.0965,1.10212,211930.73
1655856000000,1.1021,1.10503,1.10065,1.10105,207653.43
1655942400000,1.10103,1.10299,1.09623,1.09827,216034.15
1656028800000,1.09829,1.09979,1.0952,1.09889,185308.6
1656201600000,1.09779,1.09995,1.09779,1.09978,8204.91
1656288000000,1.09977,1.10018,1.0953,1.09979,208337.43
1656374400000,1.09978,1.10797,1.09859,1.10696,223582.7
1656460800000,1.10697,1.10759,1.10269,1.10521,226859.62
1656547200000,1.10517,1.10896,1.10235,1.10545,232396.01
1656633600000,1.10546,1.10603,1.09657,1.09744,232821.51
1656806400000,1.09733,1.09858,1.09697,1.09764,8455.38
1656892800000,1.09763,1.10651,1.09616,1.10572,143454.01
1656979200000,1.10572,1.10775,1.10034,1.1018,228649.18
1657065600000,1.1018,1.10431,1.09832,1.10281,256611.3
1657152000000,1.10283,1.1084,1.10149,1.10826,187464.62
1657238400000,1.10825,1.10939,1.10541,1.1071,201531.55
1657411200000,1.10594,1.10785,1.10504,1.10667,10678.64
1657497600000,1.10667,1.10695,1.09937,1.10145,206177.68
1657584000000,1.10148,1.10341,1.0982,1.1019,224904.13
1657670400000,1.10192,1.1065,1.10086,1.10213,266964.48
1657756800000,1.10211,1.10686,1.09832,1.10189,281606.81
1657843200000,1.10187,1.10394,1.09741,1.102,220470.66
1658016000000,1.10266,1.10471,1.10051,1.10075,10782.22
1658102400000,1.10075,1.10822,1.09918,1.10667,184973.08
1658188800000,1.10666,1.10979,1.10578,1.10624,191648.36
1658275200000,1.10625,1.10697,1.10353,1.10633,212839.5
1658361600000,1.10632,1.11045,1.10556,1.10863,242142.55
1658448000000,1.1086,1.11095,1.10595,1.10691,220103.9
1658620800000,1.10449,1.10861,1.10427,1.10757,10223.94
1658707200000,1.10758,1.11117,1.10647,1.11068,182159.27
1658793600000,1.11068,1.11428,1.11049,1.11301,162340.67
1658880000000,1.11302,1.11769,1.10929,1.11733,189519.25
1658966400000,1.11731,1.11792,1.10875,1.11176,204862.07
1659052800000,1.11178,1.11347,1.10909,1.11079,186359.34
1659225600000,1.10995,1.11145,1.10994,1.11028,9314.58
1659312000000,1.11028,1.11261,1.10706,1.10914,202651.58
1659398400000,1.10914,1.11069,1.10067,1.10757,295963.32
1659484800000,1.10759,1.11029,1.10562,1.10685,235109.22
1659571200000,1.10685,1.10743,1.10289,1.1052,193571.63
1659657600000,1.1052,1.10785,1.10292,1.10762,176138.01
1659830400000,1.10511,1.10705,1.10511,1.10627,6190.27
1659916800000,1.10627,1.11256,1.10619,1.11091,155391.42
1660003200000,1.11092,1.11215,1.10437,1.10632,129962.88
1660089600000,1.1063,1.11232,1.103,1.1055,184925.97
1660176000000,1.1055,1.10655,1.10148,1.10377,188712.76
1660262400000,1.10378,1.10442,1.10099,1.10333,148737.86
1660435200000,1.1017,1.10409,1.10114,1.10336,6171.87
1660521600000,1.10336,1.10598,1.10153,1.10325,153686.81
1660608000000,1.10326,1.10814,1.10197,1.10675,161629.95
1660694400000,1.10671,1.10689,1.09887,1.10426,203664.12
1660780800000,1.10426,1.10742,1.10288,1.10692,201649.74
1660867200000,1.10691,1.11456,1.10585,1.11312,154564.84
1661040000000,1.10987,1.11367,1.10987,1.11362,8390.92
1661126400000,1.11363,1.11502,1.1116,1.11352,171309.75
1661212800000,1.11353,1.11559,1.11211,1.11504,207505.97
1661299200000,1.11505,1.11733,1.11262,1.11725,178043.51
1661385600000,1.11725,1.12176,1.11722,1.11999,176168.31
1661472000000,1.12,1.12549,1.11995,1.12301,188270.66
1661644800000,1.1227,1.12378,1.12092,1.12372,12482.9
1661731200000,1.12371,1.12394,1.1189,1.12165,219321.1
1661817600000,1.12165,1.12485,1.11674,1.11818,212054.28
1661904000000,1.11814,1.12193,1.1169,1.11728,222629.73
1661990400000,1.11726,1.1208,1.11453,1.1167,204442.65
1662076800000,1.1167,1.12066,1.11303,1.11351,176986.29
1662249600000,1.11399,1.11595,1.11122,1.11568,10258.31
1662336000000,1.11569,1.11601,1.11261,1.1157,116872.65
1662422400000,1.1157,1.11648,1.11245,1.11528,188535.49
1662508800000,1.11528,1.11796,1.11298,1.11359,194406.82
1662595200000,1.1136,1.11543,1.11133,1.11436,217806.5
1662681600000,1.11436,1.12115,1.11397,1.1204,199602.06
1662854400000,1.12068,1.12252,1.11846,1.11989,10835.57
1662940800000,1.11988,1.12272,1.1181,1.12155,174511.61
1663027200000,1.12155,1.12565,1.11945,1.12301,215918.73
1663113600000,1.12303,1.12376,1.12008,1.12201,207859.23
1663200000000,1.12201,1.12566,1.12046,1.12252,172458.98
1663286400000,1.12255,1.12534,1.11984,1.12016,155961.17
1663459200000,1.12,1.12313,1.11957,1.12174,13789.34
1663545600000,1.12175,1.12937,1.12152,1.12856,166289.42
1663632000000,1.12858,1.13636,1.12856,1.1339,148913.77
1663718400000,1.1339,1.13499,1.1317,1.13409,203218.98
1663804800000,1.13411,1.1369,1.13171,1.13641,240513.05
1663891200000,1.1364,1.13749,1.13291,1.13547,180600.44
1664064000000,1.13327,1.13758,1.13267,1.13756,14866.05
1664150400000,1.13756,1.14603,1.13323,1.14235,331128.19
1664236800000,1.14235,1.1433,1.13709,1.14261,313848.79
1664323200000,1.14259,1.14895,1.13601,1.1376,348191.29
1664409600000,1.13759,1.14116,1.13029,1.13347,303693.32
1664496000000,1.13347,1.14392,1.13282,1.14318,316292.79
1664668800000,1.14208,1.14405,1.13967,1.14214,14576.48
1664755200000,1.14212,1.14307,1.13609,1.1367,275023.94
1664841600000,1.13669,1.14182,1.1306,1.13513,273701.24
1664928000000,1.13514,1.13591,1.124,1.12729,275336.46
1665014400000,1.12729,1.1348,1.12444,1.13302,318312.45
1665100800000,1.13299,1.13692,1.13156,1.136,258367.41
1665273600000,1.13396,1.13526,1.13392,1.13424,12403.16
1665360000000,1.13425,1.13438,1.12676,1.12952,246129.48
1665446400000,1.12953,1.13078,1.11952,1.12198,263140.3
1665532800000,1.12199,1.12307,1.11544,1.11862,246058.92
1665619200000,1.11861,1.12048,1.11438,1.11687,289730.19
1665705600000,1.11688,1.11882,1.11454,1.11496,376529.67
1665878400000,1.11433,1.11675,1.11339,1.11575,14635.77
1665964800000,1.11576,1.11882,1.11236,1.11304,256731.87
1666051200000,1.11304,1.11344,1.10627,1.109,183192.74
1666137600000,1.10899,1.10956,1.10291,1.1061,150901.31
1666224000000,1.1061,1.10872,1.10449,1.10676,186407.76
1666310400000,1.10675,1.10998,1.10532,1.10775,162911.65
1666483200000,1.1063,1.10757,1.10386,1.10526,36047.06
1666569600000,1.10527,1.10996,1.10211,1.10919,242649.39
1666656000000,1.10915,1.11213,1.10647,1.11176,208892.37
1666742400000,1.11177,1.11751,1.11044,1.11184,242062.26
1666828800000,1.11189,1.11296,1.10557,1.10681,204320.53
1666915200000,1.10682,1.10803,1.10123,1.10277,172994.92
1667088000000,1.1011,1.10375,1.10096,1.10334,17385.46
1667174400000,1.10331,1.10553,1.09889,1.10029,141284.63
1667260800000,1.1003,1.10182,1.09192,1.09371,174679.15
1667347200000,1.09371,1.09552,1.08777,1.09024,165289.7
1667433600000,1.09021,1.09345,1.08756,1.09009,177387.8
1667520000000,1.09004,1.09596,1.0885,1.0905,211577.81
1667692800000,1.08996,1.09427,1.08698,1.0924,10203.43
1667779200000,1.0924,1.09365,1.0887,1.08996,172375.22
1667865600000,1.08996,1.09264,1.08802,1.09145,170375.61
1667952000000,1.09145,1.09703,1.09103,1.09257,193168.2
1668038400000,1.09257,1.0989,1.09155,1.09776,232510.06
1668124800000,1.09776,1.1044,1.0949,1.09525,233139.93
1668297600000,1.09678,1.09985,1.09525,1.09702,14509.44
1668384000000,1.09702,1.10042,1.09546,1.0988,175931.32
1668470400000,1.09881,1.09998,1.09466,1.09789,265548.11
1668556800000,1.0979,1.09913,1.09394,1.09572,215786.07
1668643200000,1.09572,1.0979,1.09057,1.09132,181451.66
1668729600000,1.09133,1.09133,1.08328,1.08423,150219.33
1668902400000,1.08145,1.08485,1.08144,1.08378,5923.32
1668988800000,1.08379,1.0852,1.08034,1.08344,150346.5
1669075200000,1.08342,1.08356,1.07812,1.07999,124043.31
1669161600000,1.08,1.08247,1.07452,1.07853,161728.87
1669248000000,1.07851,1.08108,1.07641,1.08072,112980.2
1669334400000,1.08066,1.08204,1.07756,1.07898,120668.12
1669507200000,1.07995,1.08105,1.0784,1.07953,5817.52
1669593600000,1.07951,1.08021,1.07511,1.0791,149448.62
1669680000000,1.0791,1.08177,1.07716,1.07841,152862.56
1669766400000,1.07848,1.07954,1.0756,1.07678,202992.85
1669852800000,1.07676,1.07862,1.0668,1.06927,216248.65
1669939200000,1.06927,1.06938,1.05884,1.05977,180667.13
1670112000000,1.06032,1.06374,1.06006,1.06371,8009.82
1670198400000,1.06371,1.0657,1.05819,1.06062,160800.9
1670284800000,1.06061,1.06575,1.0561,1.05902,141163.73
1670371200000,1.05904,1.06075,1.05308,1.05856,168882.04
1670457600000,1.05856,1.06242,1.05622,1.06241,146295.36
1670544000000,1.06239,1.0624,1.05863,1.05897,157189.37
1670716800000,1.05784,1.06085,1.05752,1.06039,5530.51
1670803200000,1.06038,1.06132,1.05547,1.05702,177457.89
1670889600000,1.05702,1.06084,1.05565,1.06016,243282.26
1670976000000,1.06016,1.06641,1.05888,1.06251,250048.72
1671062400000,1.06251,1.06343,1.05518,1.05708,237754.21
1671148800000,1.05708,1.05714,1.04696,1.04731,175006.66
1671321600000,1.05039,1.05114,1.04875,1.04954,5105.97
1671408000000,1.04957,1.05599,1.04875,1.05394,181916.22
1671494400000,1.05395,1.05651,1.05036,1.05422,287460.78
1671580800000,1.05422,1.0677,1.05378,1.06758,198905.17
1671667200000,1.06757,1.07182,1.06581,1.06789,209375.74
1671753600000,1.06789,1.06893,1.06346,1.06761,204199.33
1671926400000,1.06726,1.06803,1.06614,1.06675,61.62
1672012800000,1.0661,1.07375,1.06378,1.06932,23038.5
1672099200000,1.06931,1.0743,1.06738,1.0725,160049.77
1672185600000,1.07247,1.0765,1.06622,1.06784,166877.44
1672272000000,1.06783,1.0683,1.06225,1.06617,141641.09
1672358400000,1.06618,1.07548,1.06602,1.07278,165940.88
1672531200000,1.07182,1.07202,1.07154,1.07165,51.4
1672617600000,1.07164,1.07886,1.07152,1.07599,35438.1
1672704000000,1.07598,1.07952,1.07165,1.07656,236971.81
1672790400000,1.07656,1.08779,1.07625,1.0865,247414.36
1672876800000,1.0865,1.08731,1.0791,1.0843,245233.38
1672963200000,1.08426,1.08644,1.08175,1.08229,263173.56
1673136000000,1.08513,1.08513,1.08112,1.08404,7496.19
1673222400000,1.08404,1.08654,1.08205,1.08476,209087.27
1673308800000,1.08475,1.08561,1.07972,1.0818,190128.07
1673395200000,1.08181,1.08741,1.08101,1.08506,171673.29
1673481600000,1.08506,1.09148,1.08451,1.09071,226282.95
1673568000000,1.09068,1.0936,1.08957,1.09063,197169.7
1673740800000,1.09128,1.09323,1.09009,1.09233,5189.55
1673827200000,1.09231,1.09368,1.08772,1.09016,123922.32
1673913600000,1.09017,1.09165,1.08488,1.08621,183889.47
1674000000000,1.08621,1.08707,1.07592,1.07729,293776.2
1674086400000,1.07729,1.08177,1.07358,1.0808,213580.16
1674172800000,1.0808,1.08113,1.07588,1.0762,175697.99
1674345600000,1.07542,1.07766,1.07542,1.07621,4657.89
1674432000000,1.07621,1.08523,1.07551,1.08297,186176.56
1674518400000,1.08299,1.08601,1.08016,1.08538,172017.19
1674604800000,1.08539,1.09665,1.08539,1.09649,189160.73
1674691200000,1.09647,1.09847,1.09442,1.09603,174440.38
1674777600000,1.09604,1.09683,1.09422,1.09463,155068.88
1674950400000,1.09335,1.09522,1.0933,1.09476,5508.71
1675036800000,1.09474,1.09562,1.08962,1.09107,175670.53
1675123200000,1.09106,1.0968,1.08803,1.09524,198374.13
1675209600000,1.09525,1.09928,1.09514,1.09691,222001.15
1675296000000,1.09691,1.09726,1.0894,1.09228,249601.49
1675382400000,1.0923,1.09512,1.088,1.09382,221207.31
1675555200000,1.09273,1.0949,1.09144,1.09355,10323.33
1675641600000,1.09356,1.09749,1.0907,1.09188,198294.68
1675728000000,1.09187,1.10172,1.09052,1.10154,248992.76
1675814400000,1.1015,1.10298,1.09654,1.09724,197506.75
1675900800000,1.09725,1.09823,1.09502,1.09667,185379.65
1675987200000,1.09666,1.09828,1.09501,1.09665,208078.51
1676160000000,1.09453,1.09637,1.09453,1.09514,4324.83
1676246400000,1.09515,1.0965,1.09276,1.09555,152877.92
1676332800000,1.09555,1.10295,1.09366,1.10287,252726.46
1676419200000,1.10287,1.10315,1.09634,1.09988,205255.21
1676505600000,1.09987,1.1018,1.09617,1.09871,217778.64
1676592000000,1.0987,1.10196,1.09843,1.1012,199730.06
1676764800000,1.10048,1.10182,1.10038,1.10151,4497.15
1676851200000,1.10151,1.1087,1.10111,1.10407,111930.44
1676937600000,1.10407,1.10807,1.1001,1.10391,209242.08
1677024000000,1.1039,1.10402,1.09208,1.09443,199319.94
1677110400000,1.09443,1.09605,1.09156,1.09274,189769.74
1677196800000,1.09274,1.09392,1.09018,1.09065,190731.21
1677369600000,1.09102,1.09274,1.09019,1.09231,5311.51
1677456000000,1.09228,1.09358,1.09062,1.09341,166842.64
1677542400000,1.09342,1.09471,1.08638,1.08785,185866.37
1677628800000,1.08784,1.08835,1.0795,1.08074,233663.6
1677715200000,1.08073,1.08332,1.07994,1.08227,207631.26
1677801600000,1.08227,1.08872,1.08192,1.08747,171684.57
1677974400000,1.08502,1.08805,1.08417,1.08766,5562.97
1678060800000,1.08763,1.08923,1.08433,1.08595,156787.39
1678147200000,1.08596,1.08687,1.07416,1.0782,226086.27
1678233600000,1.07818,1.08105,1.07672,1.07841,184100.39
1678320000000,1.07841,1.08105,1.07714,1.07985,176756.39
1678406400000,1.07983,1.08049,1.0722,1.07247,292851.01
1678579200000,1.0746,1.07716,1.0724,1.07672,20180.29
1678665600000,1.07671,1.07844,1.06881,1.07094,388828.71
1678752000000,1.07097,1.07363,1.06892,1.07339,313444.38
1678838400000,1.07343,1.07667,1.06642,1.07388,334100.58
1678924800000,1.07388,1.07984,1.07185,1.07391,270690.69
1679011200000,1.07392,1.07618,1.06816,1.06842,210029.35
1679184000000,1.06646,1.07052,1.06604,1.07005,13748.94
1679270400000,1.07006,1.07601,1.06741,1.07595,231548.96
1679356800000,1.07594,1.07962,1.07357,1.07827,180228.58
1679443200000,1.0783,1.08039,1.07234,1.07493,200706.24
1679529600000,1.07491,1.07567,1.06718,1.06951,216175.4
1679616000000,1.06951,1.07298,1.06805,1.07075,206097.54
1679788800000,1.07045,1.07264,1.07037,1.07147,9903.23
1679875200000,1.07147,1.07452,1.07072,1.0735,154443.19
1679961600000,1.07349,1.07453,1.0708,1.07234,139482.65
1680048000000,1.07233,1.07474,1.06852,1.07442,146612.55
1680134400000,1.07442,1.07625,1.0697,1.07107,137185.36
1680220800000,1.07107,1.07123,1.06709,1.06835,143117.06
1680393600000,1.06739,1.07074,1.06598,1.06969,13224.46
1680480000000,1.06968,1.0791,1.0692,1.07715,165132.59
1680566400000,1.07715,1.07782,1.06822,1.07013,166722.39
1680652800000,1.07017,1.07152,1.05867,1.06302,178570.11
1680739200000,1.06301,1.06873,1.06261,1.06863,132800.68
1680825600000,1.06865,1.07028,1.06001,1.06425,78687.79
1680998400000,1.06425,1.06707,1.06425,1.06683,7194.07
1681084800000,1.06685,1.06914,1.06429,1.0676,103296.48
1681171200000,1.0676,1.07559,1.06731,1.07403,129641.39
1681257600000,1.07402,1.07787,1.07397,1.07691,158761.36
1681344000000,1.07691,1.08119,1.07443,1.07623,149494.62
1681430400000,1.07624,1.08124,1.07346,1.08025,154486.09
1681603200000,1.07942,1.08121,1.07845,1.08115,7284.28
1681689600000,1.08114,1.08495,1.08025,1.08359,134940.09
1681776000000,1.08361,1.08701,1.08069,1.0838,131565.41
1681862400000,1.0838,1.08847,1.08109,1.08801,136186.98
1681948800000,1.08799,1.09232,1.08655,1.09124,128743.17
1682035200000,1.09122,1.09302,1.08869,1.0896,123096.4
1682208000000,1.08778,1.09057,1.08778,1.08939,4886.71
1682294400000,1.08942,1.09001,1.08384,1.08545,111769.98
1682380800000,1.08544,1.08551,1.07779,1.07952,130007.59
1682467200000,1.07952,1.08015,1.07623,1.07962,147674.18
1682553600000,1.07964,1.07972,1.07512,1.07877,148525.08
1682640000000,1.07875,1.07912,1.06819,1.06959,155236.91
1682812800000,1.06897,1.07156,1.06826,1.07106,7695.65
1682899200000,1.07106,1.07651,1.07091,1.07432,116740.9
1682985600000,1.07432,1.08337,1.0707,1.07154,167359.64
1683072000000,1.07154,1.07176,1.0678,1.06966,159385.49
1683158400000,1.06964,1.07148,1.06224,1.06445,183265
1683244800000,1.06443,1.07297,1.06338,1.07211,137013.04
1683417600000,1.07121,1.07306,1.07095,1.07112,6371.98
1683504000000,1.07113,1.07377,1.06757,1.07001,99044.89
1683590400000,1.07002,1.07086,1.06619,1.06747,109592.95
1683676800000,1.06749,1.06862,1.06257,1.06437,145807.69
1683763200000,1.06438,1.06467,1.06031,1.06448,143852.2
1683849600000,1.06448,1.07412,1.06431,1.07243,115717.42
1684022400000,1.07219,1.07342,1.07153,1.07281,8181.38
1684108800000,1.07284,1.07644,1.07254,1.07328,98658.78
1684195200000,1.07328,1.07349,1.06685,1.06748,119020.04
1684281600000,1.06749,1.06784,1.06252,1.06566,127108.18
1684368000000,1.06567,1.06623,1.06069,1.06266,122134.33
1684454400000,1.06267,1.06373,1.05831,1.05922,140197.4
1684627200000,1.05845,1.0611,1.05821,1.05971,6754.27
1684713600000,1.05972,1.06006,1.0559,1.05764,132772.9
1684800000000,1.05764,1.06068,1.05626,1.05824,133385.28
1684886400000,1.05824,1.07293,1.05668,1.07183,178915.53
1684972800000,1.0718,1.0755,1.07072,1.07343,147220.56
1685059200000,1.07342,1.07859,1.0706,1.0776,129746.33
1685232000000,1.07581,1.07895,1.07563,1.07742,6030.99
1685318400000,1.07743,1.08058,1.07707,1.07996,57907.24
1685404800000,1.08,1.08246,1.07714,1.0779,133869.22
1685491200000,1.07791,1.08275,1.07765,1.08011,158164.75
1685577600000,1.08012,1.08458,1.07995,1.08457,143356.6
1685664000000,1.0846,1.09081,1.08339,1.08994,135184.22
1685836800000,1.08745,1.09045,1.08745,1.08913,5869.25
1685923200000,1.08916,1.09124,1.08852,1.08926,111541.69
1686009600000,1.08927,1.09912,1.08831,1.09885,126187.45
1686096000000,1.09885,1.10315,1.09675,1.102,131442.09
1686182400000,1.10198,1.10261,1.09824,1.10144,122729.87
1686268800000,1.10147,1.10201,1.0975,1.09916,104250.38
1686441600000,1.09869,1.10071,1.09711,1.1002,4173.63
1686528000000,1.10021,1.10398,1.10018,1.10182,96529.5
1686614400000,1.10182,1.10483,1.09839,1.09898,136033.89
1686700800000,1.09897,1.10141,1.09306,1.0965,139657.25
1686787200000,1.09652,1.10452,1.09532,1.10336,143156.45
1686873600000,1.10334,1.105,1.10127,1.10148,129663.99
1687046400000,1.10183,1.10424,1.10131,1.10291,7526.25
1687132800000,1.10291,1.1052,1.1007,1.1045,116702.25
1687219200000,1.10449,1.10494,1.09729,1.10094,156765.9
1687305600000,1.10096,1.10162,1.093,1.09537,163415.15
1687392000000,1.09536,1.09556,1.09045,1.09339,148128.89
1687478400000,1.0934,1.09364,1.08623,1.08624,156771.18
1687651200000,1.08554,1.08859,1.0855,1.08655,6692.48
1687737600000,1.08656,1.08719,1.08077,1.08285,132880.86
1687824000000,1.08286,1.08736,1.08247,1.08518,144228.88
1687910400000,1.08511,1.09078,1.07973,1.08639,146992.91
1687996800000,1.0864,1.09234,1.08517,1.09096,146635.56
1688083200000,1.09097,1.09127,1.08427,1.08482,138010.03
1688256000000,1.08487,1.08601,1.08384,1.08595,4105.96
1688342400000,1.08596,1.08616,1.08145,1.08406,120070.12
1688428800000,1.08404,1.08549,1.0779,1.07993,85730.87
1688515200000,1.07991,1.08015,1.07586,1.07728,125397.68
1688601600000,1.07726,1.07805,1.07348,1.0757,149674.83
1688688000000,1.0757,1.07773,1.07348,1.07692,143349.37
1688860800000,1.07401,1.07826,1.07401,1.07758,6154.03
1688947200000,1.07758,1.07874,1.0719,1.07582,124536.88
1689033600000,1.07581,1.08013,1.07439,1.07971,143971.9
1689120000000,1.07975,1.08315,1.07613,1.07726,166805.77
1689206400000,1.07727,1.07995,1.07501,1.07759,146573.2
1689292800000,1.07759,1.07843,1.07251,1.07298,148220.72
1689465600000,1.07182,1.07455,1.07182,1.07414,6523.97
1689552000000,1.07414,1.07816,1.07243,1.07728,116014.23
1689638400000,1.07726,1.08594,1.07618,1.08234,165819.25
1689724800000,1.08232,1.08839,1.07876,1.08108,164194.36
1689811200000,1.08109,1.09003,1.08107,1.08779,156089.56
1689897600000,1.0878,1.09139,1.08719,1.09106,130003.04
1690070400000,1.08793,1.09116,1.08789,1.0904,5501.18
1690156800000,1.09039,1.09254,1.08296,1.08582,146232.4
1690243200000,1.08584,1.09195,1.08576,1.09192,133351.44
1690329600000,1.09192,1.09206,1.08486,1.08835,173559.17
1690416000000,1.08836,1.08979,1.08151,1.08456,181838.69
1690502400000,1.08456,1.08548,1.0789,1.07923,186395.06
1690675200000,1.07936,1.0815,1.07875,1.08124,6941.76
1690761600000,1.08124,1.08335,1.07795,1.08255,122540.64
1690848000000,1.08254,1.08281,1.07218,1.07773,129395.74
1690934400000,1.07771,1.08023,1.07313,1.07478,131955.19
1691020800000,1.07479,1.07906,1.07332,1.07859,155323.65
1691107200000,1.07859,1.07966,1.07653,1.07659,136273.74
1691280000000,1.07629,1.07814,1.0758,1.07766,6834.41
1691366400000,1.07768,1.07875,1.0748,1.07616,94625.21
1691452800000,1.07615,1.07931,1.07532,1.07841,118190.03
1691539200000,1.0784,1.08079,1.07586,1.07817,112490.56
1691625600000,1.07817,1.08355,1.07751,1.08304,148102.38
1691712000000,1.08312,1.08698,1.08281,1.08483,121654.75
1691884800000,1.08275,1.08545,1.08275,1.08539,6484.02
1691971200000,1.08544,1.08655,1.08131,1.086,122958.6
1692057600000,1.08598,1.08767,1.08309,1.08394,158139.04
1692144000000,1.08392,1.08487,1.08001,1.08121,146185.5
1692230400000,1.0812,1.08227,1.07791,1.08101,147992.07
1692316800000,1.08099,1.0818,1.07874,1.08098,112064.51
1692489600000,1.0779,1.08227,1.07781,1.08212,6075.32
1692576000000,1.08212,1.08415,1.07907,1.08152,104660.23
1692662400000,1.08151,1.08254,1.07913,1.08142,114130.76
1692748800000,1.08145,1.08487,1.08044,1.0847,122971.56
1692835200000,1.08471,1.08612,1.0826,1.08327,114350.09
1692921600000,1.0833,1.08714,1.08299,1.08375,115175.06
1693094400000,1.08306,1.08555,1.08306,1.08555,4618.69
1693180800000,1.08555,1.08841,1.0851,1.08804,94868.4
1693267200000,1.08802,1.08896,1.08285,1.0852,124852.22
1693353600000,1.08522,1.08875,1.08371,1.08811,136594.75
1693440000000,1.0881,1.08962,1.0843,1.08571,127478.36
1693526400000,1.0857,1.08677,1.08322,1.08499,129384.92
1693699200000,1.08475,1.08605,1.08361,1.08563,4027.31
1693785600000,1.08566,1.08831,1.08537,1.0877,65944.02
1693872000000,1.08771,1.08773,1.08197,1.08336,125222.19
1693958400000,1.08336,1.08732,1.08322,1.08694,129603.74
1694044800000,1.08692,1.0875,1.08374,1.08488,105031.75
1694131200000,1.08484,1.08493,1.0814,1.08376,92518
1694304000000,1.08311,1.08468,1.08052,1.08404,9379.93
1694390400000,1.08404,1.08705,1.08283,1.08682,108839.87
1694476800000,1.08679,1.0887,1.08523,1.08774,96331.49
1694563200000,1.08774,1.08782,1.0838,1.08461,135093.13
1694649600000,1.08458,1.08987,1.08325,1.08928,139447.21
1694736000000,1.0893,1.09174,1.08898,1.08988,113196.38
1694908800000,1.08818,1.09084,1.08778,1.09046,3795.23
1694995200000,1.09045,1.09062,1.08678,1.08757,94898.24
1695081600000,1.08756,1.08943,1.0854,1.08637,103408.99
1695168000000,1.08638,1.08911,1.08384,1.0863,146803.94
1695254400000,1.08629,1.08672,1.07981,1.08056,139077.39
1695340800000,1.08052,1.08275,1.07872,1.08037,120049.83
1695513600000,1.07879,1.08129,1.07806,1.08125,7857.16
1695600000000,1.08126,1.08153,1.07431,1.07622,98746.2
1695686400000,1.07621,1.07667,1.07395,1.07493,130048.41
1695772800000,1.07488,1.07712,1.06891,1.07311,144863.55
1695859200000,1.07312,1.07815,1.07167,1.07749,165212.58
1695945600000,1.07746,1.07751,1.0723,1.07252,157470.07
1696118400000,1.07107,1.07371,1.07037,1.07352,7099.58
1696204800000,1.07353,1.07435,1.06848,1.07082,144121.5
1696291200000,1.07083,1.0722,1.06585,1.06683,168262.79
1696377600000,1.06683,1.07222,1.06548,1.06922,184769.78
1696464000000,1.0692,1.07181,1.06646,1.0674,151385.36
1696550400000,1.0674,1.06925,1.06519,1.06557,165100.85
1696723200000,1.06493,1.06643,1.06383,1.06642,13279.57
1696809600000,1.06639,1.06655,1.06233,1.06461,121690.4
1696896000000,1.06461,1.06686,1.06134,1.06461,153308.77
1696982400000,1.0646,1.06658,1.06301,1.06614,155924.39
1697068800000,1.06615,1.06917,1.06264,1.06669,133966.08
1697155200000,1.06669,1.07001,1.06626,1.06974,131670.91
1697328000000,1.06387,1.06926,1.0637,1.0684,7411.14
1697414400000,1.06839,1.07419,1.06672,1.07399,117304.87
1697500800000,1.07399,1.08006,1.07389,1.07933,136503.62
1697587200000,1.07934,1.0825,1.07873,1.08183,155358.18
1697673600000,1.08182,1.0844,1.07925,1.08273,176470.93
1697760000000,1.08273,1.08456,1.08201,1.083,122472.66
1697932800000,1.0817,1.08428,1.08037,1.08418,5156.76
1698019200000,1.0842,1.08473,1.08165,1.08288,111890.04
1698105600000,1.08288,1.08881,1.08281,1.08773,127473.53
1698192000000,1.08775,1.09145,1.08415,1.08657,148678.87
1698278400000,1.08658,1.08755,1.08437,1.08661,146397.58
1698364800000,1.08661,1.09065,1.08613,1.08981,119607.37
1698537600000,1.09,1.09142,1.0888,1.09123,5066.07
1698624000000,1.09127,1.09292,1.0883,1.09046,110417.59
1698710400000,1.09045,1.09304,1.0843,1.09113,134539.04
1698796800000,1.09114,1.09416,1.08654,1.0923,157889.66
1698883200000,1.09228,1.09342,1.0898,1.09018,119616.91
1698969600000,1.09018,1.09195,1.08528,1.08553,130945.75
1699142400000,1.08543,1.08749,1.08507,1.08663,3845.71
1699228800000,1.0866,1.08904,1.08548,1.08835,103128.58
1699315200000,1.08839,1.08972,1.08203,1.08345,105688.71
1699401600000,1.08347,1.08618,1.0816,1.0836,106357.55
1699488000000,1.08364,1.08426,1.07834,1.0802,121774.72
1699574400000,1.08021,1.08021,1.07782,1.07912,98332.07
1699747200000,1.0778,1.07993,1.0778,1.07968,3812.9
1699833600000,1.07968,1.085,1.07867,1.08437,79549.31
1699920000000,1.08438,1.08671,1.0816,1.08224,121634.24
1700006400000,1.08223,1.08245,1.07727,1.08002,129310.55
1700092800000,1.07997,1.08459,1.07975,1.0845,124964.33
1700179200000,1.08452,1.08817,1.08392,1.08724,109108.01
1700352000000,1.08475,1.08711,1.08455,1.08602,6461.01
1700438400000,1.086,1.08867,1.08437,1.08608,113551.51
1700524800000,1.08607,1.08687,1.08133,1.08311,120544.45
1700611200000,1.08309,1.08762,1.08283,1.08655,121198.75
1700697600000,1.08654,1.0866,1.08254,1.08452,63941.22
1700784000000,1.08455,1.08502,1.08083,1.08145,76550.35
1700956800000,1.0805,1.08294,1.0805,1.08289,2483.27
1701043200000,1.08288,1.08536,1.08123,1.08353,104456.76
1701129600000,1.08354,1.08608,1.08209,1.08296,121261.54
1701216000000,1.08297,1.08331,1.07195,1.07512,150912.52
1701302400000,1.07512,1.07662,1.07194,1.07295,148861.61
1701388800000,1.07299,1.07614,1.0701,1.07459,139456.54
1701561600000,1.07554,1.07608,1.07401,1.075,8230.69
1701648000000,1.07502,1.07666,1.07078,1.07328,138896.05
1701734400000,1.07324,1.0741,1.06724,1.06861,145834.25
1701820800000,1.06862,1.06958,1.06566,1.06692,126939.22
1701907200000,1.0669,1.07067,1.06616,1.07024,145048.23
1701993600000,1.07025,1.07513,1.06985,1.07417,152776.4
1702166400000,1.07356,1.07453,1.06988,1.07426,5115.12
1702252800000,1.07424,1.07428,1.07094,1.07214,112761.73
1702339200000,1.07215,1.07282,1.06825,1.0696,125046.36
1702425600000,1.06961,1.07945,1.06946,1.07636,147155.3
1702512000000,1.07637,1.08151,1.07513,1.07842,188067.8
1702598400000,1.07843,1.08171,1.07745,1.07897,135488.32
1702771200000,1.07888,1.08007,1.07624,1.07872,7338.33
1702857600000,1.07872,1.07984,1.07583,1.07867,107271.57
1702944000000,1.07867,1.08042,1.07689,1.07851,108843.78
1703030400000,1.07852,1.07996,1.07534,1.07766,132531.86
1703116800000,1.07768,1.0817,1.07701,1.07971,137434.27
1703203200000,1.07972,1.08128,1.07835,1.07987,129144.44
1703376000000,1.07692,1.07692,1.0769,1.0769,8.4
1703462400000,1.0763,1.08041,1.0763,1.07926,4836.67
1703548800000,1.07924,1.07924,1.07714,1.07799,80258.2
1703635200000,1.07796,1.08113,1.07758,1.07945,93413.95
1703721600000,1.07945,1.0798,1.0772,1.07748,104903.01
1703808000000,1.07747,1.07861,1.07508,1.07774,110155.94
1704067200000,1.0756,1.07838,1.0756,1.07825,3707.82
1704153600000,1.07825,1.08316,1.07806,1.0823,134133.94
1704240000000,1.0823,1.08274,1.0765,1.07716,153057.02
1704326400000,1.07715,1.07875,1.07477,1.0762,123511.88
1704412800000,1.07622,1.07646,1.073,1.07508,156644.15
1704585600000,1.07511,1.07574,1.07443,1.07477,4143.51
1704672000000,1.07474,1.07584,1.07057,1.07455,112848.96
1704758400000,1.07455,1.07586,1.06996,1.0715,117266.55
1704844800000,1.07152,1.07719,1.07124,1.07592,115854.56
1704931200000,1.07586,1.0765,1.07072,1.07301,152188.9
1705017600000,1.07302,1.07389,1.07033,1.07119,122920.42
1705190400000,1.07059,1.07385,1.06959,1.07332,6772.21
1705276800000,1.07333,1.07629,1.07241,1.07429,67949.32
1705363200000,1.07428,1.07508,1.07109,1.0729,148460.11
1705449600000,1.07287,1.0735,1.06985,1.07158,154933.9
1705536000000,1.07159,1.07548,1.06905,1.07544,130166.09
1705622400000,1.07543,1.07938,1.07519,1.0784,111646.13
1705795200000,1.07765,1.07891,1.07662,1.07795,3871.96
1705881600000,1.07794,1.08255,1.07664,1.08175,107364.78
1705968000000,1.08175,1.08325,1.07705,1.07916,128015.99
1706054400000,1.07914,1.07953,1.07512,1.07646,137905.65
1706140800000,1.07646,1.07808,1.07501,1.07753,128018.23
1706227200000,1.07752,1.08032,1.07742,1.07896,98826.01
1706400000000,1.07787,1.08011,1.07732,1.07978,6357.06
1706486400000,1.07976,1.08112,1.07457,1.0782,90304.76
1706572800000,1.0782,1.07872,1.07499,1.07541,107401.86
1706659200000,1.07542,1.07582,1.07222,1.07353,178154.9
1706745600000,1.07355,1.07422,1.06905,1.06987,154633.09
1706832000000,1.06986,1.07401,1.06976,1.07312,126948.75
1707004800000,1.07247,1.07412,1.07159,1.0728,8005.55
1707091200000,1.0728,1.07362,1.06922,1.07054,115005.8
1707177600000,1.07054,1.07369,1.06889,1.07022,115327.08
1707264000000,1.07023,1.07127,1.06537,1.06726,119999.92
1707350400000,1.06723,1.0674,1.06288,1.06297,91538.22
1707436800000,1.06295,1.06391,1.05851,1.06012,94567.9
1707609600000,1.06017,1.06309,1.05892,1.0612,6155.78
1707696000000,1.06119,1.06581,1.0609,1.06543,79169.42
1707782400000,1.06544,1.06925,1.06394,1.06528,115760.61
1707868800000,1.06528,1.06716,1.0638,1.06714,116500.91
1707955200000,1.06709,1.06853,1.06469,1.06777,107171.81
1708041600000,1.06776,1.07025,1.06567,1.06604,104314.72
1708214400000,1.06544,1.06648,1.0653,1.06551,3543.67
1708300800000,1.0655,1.06656,1.06208,1.0631,57947.73
1708387200000,1.0631,1.06478,1.06108,1.06251,104718.82
1708473600000,1.06253,1.06268,1.05919,1.06018,113031.13
1708560000000,1.06018,1.06103,1.05691,1.05877,96362.9
1708646400000,1.05876,1.06053,1.05786,1.05895,62347.56
1708819200000,1.05835,1.06137,1.05814,1.06109,3997.05
1708905600000,1.06111,1.0633,1.05836,1.06034,64121.71
1708992000000,1.06035,1.06299,1.05945,1.06062,70686.26
1709078400000,1.06063,1.06859,1.05985,1.06517,90588.03
1709164800000,1.06518,1.06947,1.06517,1.06773,93813.57
1709251200000,1.06775,1.06984,1.06666,1.06846,78534.44
1709424000000,1.06784,1.0695,1.0677,1.06942,4897.43
1709510400000,1.06942,1.06994,1.06645,1.06749,60796.06
1709596800000,1.0675,1.06938,1.06637,1.06835,90113.38
1709683200000,1.06831,1.07185,1.06814,1.07139,91513.91
1709769600000,1.07139,1.07295,1.07008,1.07158,77663.6
1709856000000,1.07158,1.07464,1.07119,1.07234,94556.86
1710028800000,1.07034,1.07297,1.07034,1.07196,5248.63
1710115200000,1.07193,1.07227,1.06894,1.07196,70773.3
1710201600000,1.07196,1.07463,1.07123,1.07441,109826.72
1710288000000,1.07441,1.07582,1.07213,1.07502,88120.75
1710374400000,1.075,1.07529,1.07159,1.07418,98960.47
1710460800000,1.07419,1.0787,1.07417,1.07796,80974.3
1710633600000,1.07693,1.07829,1.07599,1.07721,4557.96
1710720000000,1.07722,1.07858,1.07533,1.07799,67652.57
1710806400000,1.07802,1.07956,1.07612,1.07895,96739.65
1710892800000,1.07894,1.08491,1.07883,1.08346,106738.99
1710979200000,1.08347,1.0877,1.08314,1.08682,106028.36
1711065600000,1.08682,1.0874,1.08387,1.08684,83077.87
1711238400000,1.08383,1.08799,1.08226,1.0877,5528.48
1711324800000,1.08766,1.08958,1.08693,1.0895,78867.9
1711411200000,1.08952,1.09015,1.08684,1.08831,76641.71
1711497600000,1.08826,1.08873,1.0862,1.08853,77758.51
1711584000000,1.08852,1.09089,1.08805,1.09059,88507.65
1711670400000,1.09059,1.09145,1.0867,1.0867,23343.26
1711843200000,1.08682,1.09146,1.08682,1.09138,6545.38
1711929600000,1.09135,1.09169,1.08876,1.08992,62270.02
1712016000000,1.08993,1.09266,1.08987,1.09117,78906
1712102400000,1.09117,1.09367,1.09021,1.09208,89824.78
1712188800000,1.09207,1.09549,1.09118,1.093,87326.55
1712275200000,1.09299,1.09484,1.09186,1.09396,101556.92
1712448000000,1.09166,1.09427,1.09166,1.09415,5535.23
1712534400000,1.09416,1.09507,1.09215,1.09448,88490.88
1712620800000,1.09447,1.09468,1.09174,1.09276,84476.41
1712707200000,1.09272,1.09414,1.08746,1.08904,138623.25
1712793600000,1.08903,1.09087,1.08734,1.08977,106541.56
1712880000000,1.08977,1.09048,1.08765,1.08818,92911.25
1713052800000,1.0861,1.08944,1.0861,1.08914,6960.83
1713139200000,1.08914,1.09199,1.08908,1.0913,105205.17
1713225600000,1.09122,1.09198,1.08616,1.0883,135165.51
1713312000000,1.08831,1.08912,1.08536,1.08877,106583.55
1713398400000,1.08876,1.08933,1.08592,1.08825,96263.49
1713484800000,1.08825,1.09048,1.08555,1.08909,120897.8
1713657600000,1.08924,1.09001,1.08656,1.08902,4723.6
1713744000000,1.08906,1.09059,1.08768,1.08946,77677.18
1713830400000,1.08943,1.09365,1.08889,1.09302,83192.27
1713916800000,1.09302,1.09832,1.09176,1.09455,86811.13
1714003200000,1.09454,1.09598,1.09404,1.09476,90189.56
1714089600000,1.09475,1.09982,1.09382,1.09934,87806.59
1714262400000,1.09574,1.09984,1.09573,1.09981,3439.62
1714348800000,1.0998,1.10116,1.096,1.0988,110727.55
1714435200000,1.09878,1.10175,1.09548,1.10151,110373.55
1714521600000,1.10154,1.10158,1.09745,1.10127,119992.86
1714608000000,1.10129,1.10268,1.0991,1.10156,123302.17
1714694400000,1.10154,1.10225,1.09653,1.0991,126967.95
1714867200000,1.09918,1.10072,1.09816,1.10008,4719.86
1714953600000,1.10007,1.10266,1.09953,1.10219,68600.12
1715040000000,1.10216,1.10296,1.09732,1.09869,89581.04
1715126400000,1.09866,1.09881,1.09425,1.09549,73101.05
1715212800000,1.09551,1.09787,1.09505,1.09631,76345.72
1715299200000,1.09631,1.09899,1.09613,1.09622,69993.33
1715472000000,1.09634,1.09781,1.09568,1.09678,3762.18
1715558400000,1.09677,1.09965,1.09577,1.09753,61609.68
1715644800000,1.09752,1.09883,1.09531,1.09618,76916.14
1715731200000,1.09618,1.09764,1.09169,1.09304,99725.74
1715817600000,1.09303,1.09395,1.08959,1.09104,75149.88
1715904000000,1.09105,1.09224,1.08912,1.09052,61481.53
1716076800000,1.0905,1.09221,1.09031,1.09194,3595.67
1716163200000,1.09195,1.09437,1.09041,1.09241,69715.96
1716249600000,1.09243,1.09428,1.09088,1.09407,52644.47
1716336000000,1.09405,1.09415,1.08352,1.08499,67649.49
1716422400000,1.08498,1.08512,1.08183,1.0827,69729.31
1716508800000,1.08272,1.08358,1.08179,1.08239,46520.12
1716681600000,1.08177,1.08315,1.08172,1.08189,3833.46
1716768000000,1.0819,1.08301,1.08156,1.08191,32876.71
1716854400000,1.08192,1.0832,1.0805,1.08256,57646.04
1716940800000,1.08258,1.08477,1.07998,1.08182,64671.58
1717027200000,1.08182,1.08518,1.08135,1.08403,64519.07
1717113600000,1.08404,1.08472,1.08167,1.08251,65611.92
1717286400000,1.08131,1.08331,1.08131,1.08248,4544.16
1717372800000,1.08248,1.08254,1.07721,1.08023,70207.43
1717459200000,1.0802,1.08106,1.07427,1.07622,86834.27
1717545600000,1.07623,1.07731,1.07254,1.07398,70714.27
1717632000000,1.074,1.07631,1.07374,1.07628,59753.54
1717718400000,1.0763,1.07825,1.07436,1.07774,70982.1
1717891200000,1.07652,1.07828,1.07642,1.07797,3887.36
1717977600000,1.078,1.07969,1.07751,1.07809,47542.69
1718064000000,1.07805,1.07832,1.07455,1.07514,54381.22
1718150400000,1.07515,1.07822,1.07477,1.07703,100482.32
1718236800000,1.07704,1.07818,1.07333,1.07656,67876.16
1718323200000,1.07656,1.07885,1.07606,1.07647,70496.97
1718496000000,1.07688,1.07791,1.07573,1.07748,3198.78
1718582400000,1.07746,1.07984,1.07687,1.07865,50158.26
1718668800000,1.07866,1.08479,1.07811,1.08479,61205.88
1718755200000,1.08477,1.08848,1.08456,1.08727,33701.03
1718841600000,1.08729,1.08915,1.08497,1.08787,53789.86
1718928000000,1.08788,1.08867,1.08478,1.08499,49626.44
1719100800000,1.08456,1.08599,1.08297,1.08562,2738.59
1719187200000,1.0856,1.08738,1.08454,1.08725,48653.06
1719273600000,1.08727,1.08862,1.08262,1.08608,43629.36
1719360000000,1.08609,1.09432,1.08511,1.0929,67315.54
1719446400000,1.09291,1.09489,1.08959,1.09296,50466.71
1719532800000,1.09293,1.09631,1.09163,1.09442,69114.95
1719705600000,1.093,1.09561,1.093,1.09424,3067.56
1719792000000,1.09427,1.09737,1.09278,1.09725,55187.6
1719878400000,1.09723,1.09878,1.096,1.09644,51597.59
1719964800000,1.09646,1.09921,1.09613,1.0989,56254.61
1720051200000,1.09887,1.10009,1.09788,1.10002,30036.05
1720137600000,1.10002,1.10102,1.09771,1.09771,65092.07
1720310400000,1.09737,1.09861,1.09663,1.09854,4192.28
1720396800000,1.09852,1.09976,1.0979,1.09976,44451.08
1720483200000,1.09977,1.1018,1.09783,1.10024,52673.58
1720569600000,1.10025,1.11026,1.09907,1.10902,54738.87
1720656000000,1.10902,1.11142,1.10623,1.11061,92226.87
1720742400000,1.11062,1.11178,1.10758,1.1083,68105.63
1720915200000,1.10757,1.11083,1.10731,1.11071,6760.35
1721001600000,1.11071,1.11359,1.10946,1.11296,63148.18
1721088000000,1.11296,1.11514,1.10874,1.10881,73819.66
1721174400000,1.1088,1.11056,1.10437,1.1069,78149.82
1721260800000,1.10692,1.11026,1.10605,1.10936,74531.09
1721347200000,1.10935,1.11279,1.10886,1.11181,65731.21
1721520000000,1.11008,1.11251,1.10925,1.11152,5393.58
1721606400000,1.11153,1.1127,1.10946,1.11069,54757.63
1721692800000,1.1107,1.1124,1.10809,1.11076,53850.41
1721779200000,1.11076,1.11363,1.10646,1.10928,76714.79
1721865600000,1.10925,1.11131,1.10357,1.11047,102122.81
1721952000000,1.11047,1.11352,1.11042,1.11149,52761.77
1722124800000,1.11161,1.11345,1.11022,1.11276,3308.62
1722211200000,1.11277,1.11475,1.1121,1.11468,47338.69
1722297600000,1.11469,1.1148,1.1047,1.1079,65383.54
1722384000000,1.10791,1.10807,1.09608,1.10021,108902.49
1722470400000,1.1002,1.10037,1.09022,1.09387,90318.26
1722556800000,1.09385,1.09564,1.09129,1.09271,116774.98
1722729600000,1.09175,1.09505,1.09075,1.09258,11852.9
1722816000000,1.0926,1.09584,1.08428,1.09492,292730.01
1722902400000,1.09497,1.10076,1.08815,1.09044,194763.5
1722988800000,1.09045,1.09206,1.08549,1.08824,131002.16
1723075200000,1.08821,1.09758,1.08666,1.09737,113171.07
1723161600000,1.09737,1.0977,1.09258,1.09536,70278.51
1723334400000,1.09454,1.09658,1.09332,1.096,4106.08
1723420800000,1.09602,1.09612,1.09105,1.09327,66283.31
1723507200000,1.09327,1.09401,1.0902,1.09187,82146.62
1723593600000,1.09187,1.10405,1.09074,1.09982,93271.75
1723680000000,1.09979,1.10557,1.09685,1.10553,72962.14
1723766400000,1.10553,1.10566,1.09902,1.10147,48557.03
1723939200000,1.1009,1.10256,1.10052,1.10156,3879.3
1724025600000,1.10157,1.10325,1.09826,1.10067,57867.67
1724112000000,1.1007,1.10089,1.09463,1.09581,58735.08
1724198400000,1.0958,1.09828,1.09346,1.09524,66147.49
1724284800000,1.09522,1.09622,1.09111,1.09193,61397.26
1724371200000,1.09197,1.09342,1.08975,1.09001,70149.42
1724544000000,1.08962,1.09089,1.08867,1.09045,7077.01
1724630400000,1.09047,1.09216,1.08944,1.09147,66178.88
1724716800000,1.09146,1.09187,1.0851,1.08716,67518.24
1724803200000,1.08715,1.09094,1.08417,1.08574,69518.36
1724889600000,1.08575,1.08722,1.07971,1.08498,75860.72
1724976000000,1.08498,1.08807,1.08199,1.08199,58108.83
1725148800000,1.08232,1.08396,1.08163,1.08341,2598.86
1725235200000,1.0834,1.09041,1.08331,1.08937,36368.32
1725321600000,1.08936,1.09046,1.08235,1.0851,73758.62
1725408000000,1.08508,1.08647,1.08235,1.08554,74145.89
1725494400000,1.08553,1.08748,1.08187,1.08297,71057.04
1725580800000,1.08296,1.08445,1.07963,1.07988,106892.12
1725753600000,1.07869,1.08106,1.07679,1.08096,4432.82
1725840000000,1.08095,1.08569,1.08001,1.08392,59002.96
1725926400000,1.0839,1.08462,1.0804,1.08179,60076.31
1726012800000,1.0818,1.08844,1.08166,1.08831,87827.45
1726099200000,1.08832,1.08934,1.08499,1.08703,76240.13
1726185600000,1.08703,1.08946,1.08519,1.08836,63235.32
1726358400000,1.08842,1.08932,1.08614,1.08926,3934.77
1726444800000,1.08924,1.09029,1.08745,1.08969,58562.6
1726531200000,1.08968,1.09268,1.0893,1.09171,69724.96
1726617600000,1.09169,1.09194,1.0865,1.08947,105813.94
1726704000000,1.08947,1.09443,1.08899,1.09174,99947.87
1726790400000,1.09175,1.09344,1.09046,1.09089,90197.76
1726963200000,1.08959,1.09206,1.08919,1.09203,3462.4
1727049600000,1.09206,1.09434,1.08944,1.09026,75621.09
1727136000000,1.09025,1.09433,1.08625,1.08707,93554.86
1727222400000,1.08706,1.09023,1.08489,1.08998,75411.91
1727308800000,1.08999,1.09319,1.08566,1.08867,93956.27
1727395200000,1.08868,1.09235,1.08764,1.08812,80173.21
1727568000000,1.08851,1.08988,1.08721,1.08956,4730.35
1727654400000,1.08955,1.09063,1.08688,1.08982,84827.16
1727740800000,1.08983,1.09611,1.08934,1.09498,97661.01
1727827200000,1.09496,1.10005,1.09346,1.09989,74749.9
1727913600000,1.09988,1.10243,1.0987,1.10182,87411.34
1728000000000,1.10183,1.10485,1.10115,1.10304,73104.71
1728172800000,1.10049,1.10431,1.1002,1.10366,5803.67
1728259200000,1.10368,1.10544,1.10119,1.10229,80407.69
1728345600000,1.10228,1.10231,1.09695,1.09916,92903.81
1728432000000,1.09918,1.10898,1.09786,1.10664,88771.84
1728518400000,1.10662,1.10744,1.10423,1.10575,85681.87
1728604800000,1.10577,1.10642,1.10436,1.10484,42557.78
1728777600000,1.10348,1.10551,1.10199,1.10497,7164.49
1728864000000,1.10495,1.10641,1.10083,1.10415,66596.78
1728950400000,1.10416,1.10586,1.09751,1.10328,69906.93
1729036800000,1.10329,1.1048,1.09854,1.10001,72723.43
1729123200000,1.1,1.10594,1.0996,1.10536,68084.25
1729209600000,1.10536,1.10763,1.10386,1.10403,65946.4
1729382400000,1.10299,1.10538,1.10289,1.10484,2834.75
1729468800000,1.10486,1.10573,1.10159,1.10466,54381.46
1729555200000,1.10465,1.10605,1.10314,1.10553,67730.05
1729641600000,1.10553,1.10652,1.10234,1.10464,65137.7
1729728000000,1.10467,1.10561,1.10115,1.10427,78083.7
1729814400000,1.10425,1.10568,1.10385,1.10477,48033.19
1729987200000,1.10428,1.10556,1.10325,1.10436,6429.81
1730073600000,1.10435,1.10543,1.09905,1.09919,63636.07
1730160000000,1.09919,1.10062,1.09746,1.09859,65447.22
1730246400000,1.09858,1.10095,1.09632,1.10064,75403.68
1730332800000,1.10064,1.10173,1.09844,1.10136,86131.31
1730419200000,1.10136,1.10263,1.09787,1.0995,65648.55
1730592000000,1.09953,1.10191,1.09949,1.10083,6164.12
1730678400000,1.10082,1.10269,1.09842,1.10212,82625.54
1730764800000,1.10213,1.10728,1.10203,1.10362,74251.45
1730851200000,1.10366,1.10691,1.10001,1.10579,244601.76
1730937600000,1.10575,1.10888,1.10489,1.10837,131922.44
1731024000000,1.10837,1.10849,1.10222,1.10319,109282.93
1731196800000,1.10172,1.10382,1.10116,1.10377,3679.47
1731283200000,1.10379,1.10494,1.10131,1.10197,78839.31
1731369600000,1.10196,1.1031,1.09959,1.10237,108759.67
1731456000000,1.10235,1.10419,1.09974,1.10364,110014.4
1731542400000,1.10364,1.10486,1.10094,1.10345,130191.22
1731628800000,1.10347,1.10403,1.10118,1.10169,107515.24
1731801600000,1.0997,1.10251,1.09935,1.10237,3572.74
1731888000000,1.10241,1.10532,1.10167,1.10442,85948.56
1731974400000,1.10441,1.10588,1.10264,1.10504,137508.93
1732060800000,1.10502,1.10747,1.10438,1.10735,93018.53
1732147200000,1.10734,1.1115,1.10686,1.1114,99695.39
1732233600000,1.11137,1.11794,1.11107,1.11404,107548.74
1732406400000,1.11502,1.11634,1.11362,1.11557,7906.28
1732492800000,1.11557,1.11688,1.11092,1.11221,94988.65
1732579200000,1.11219,1.11285,1.10796,1.10923,115328.53
1732665600000,1.10924,1.11024,1.09918,1.10243,110431.42
1732752000000,1.10241,1.10451,1.09941,1.10353,55849.44
1732838400000,1.10355,1.10385,1.09821,1.09869,98192.44
1733011200000,1.10055,1.10144,1.09998,1.1008,5085.4
1733097600000,1.1008,1.10274,1.09804,1.10028,105506.81
1733184000000,1.10026,1.10296,1.10017,1.10248,85756.56
1733270400000,1.10246,1.10276,1.09727,1.09796,105423.71
1733356800000,1.09793,1.09859,1.09478,1.09644,78211.34
1733443200000,1.09642,1.09843,1.09412,1.09542,93536.16
1733616000000,1.09403,1.09687,1.09328,1.09604,4283.51
1733702400000,1.09602,1.10091,1.09555,1.09881,79632.8
1733788800000,1.09882,1.10017,1.09499,1.09889,83553.39
1733875200000,1.09885,1.10207,1.09809,1.10172,101518.42
1733961600000,1.10211,1.10597,1.1012,1.10406,98513.9
1734048000000,1.10409,1.10578,1.10318,1.10363,72537.68
1734220800000,1.10271,1.10354,1.10127,1.10339,3509.3
1734307200000,1.1034,1.10417,1.10029,1.10085,65690.75
1734393600000,1.10086,1.10282,1.10019,1.10075,66997.57
1734480000000,1.10075,1.1066,1.09941,1.10465,103427.29
1734566400000,1.10465,1.10809,1.10302,1.10736,108484.46
1734652800000,1.10738,1.10843,1.10509,1.10515,95892.93
1734825600000,1.10846,1.10878,1.10575,1.10646,3250.15
1734912000000,1.10649,1.10726,1.10292,1.1057,78445.24
1734998400000,1.10576,1.10608,1.10084,1.10335,58491.59
1735084800000,1.10365,1.10532,1.10161,1.10469,2027.64
1735171200000,1.10468,1.10631,1.10363,1.10622,59278.03
1735257600000,1.10619,1.10693,1.10205,1.10324,72287.76
1735430400000,1.10257,1.10473,1.10126,1.10374,3970.75
1735516800000,1.10375,1.1044,1.1005,1.1026,66086.04
1735603200000,1.1026,1.10662,1.10235,1.10576,84296.58
1735689600000,1.10345,1.10634,1.10321,1.10625,4880.69
1735776000000,1.10625,1.10911,1.10556,1.1086,91092.17
1735862400000,1.1086,1.10999,1.10726,1.10726,64922.53
1736035200000,1.1067,1.10775,1.10487,1.10741,3389.67
1736121600000,1.10739,1.10884,1.10397,1.1064,108365.66
1736208000000,1.10638,1.10724,1.10398,1.10641,90935.48
1736294400000,1.10642,1.10852,1.10395,1.10802,96618.45
1736380800000,1.10801,1.10856,1.10597,1.10658,67558.91
1736467200000,1.10654,1.10895,1.10561,1.10572,99230.2
1736640000000,1.10566,1.10669,1.10474,1.10595,3358.71
1736726400000,1.10594,1.10839,1.10401,1.1051,61048.85
1736812800000,1.10513,1.10598,1.10199,1.10494,60606.9
1736899200000,1.10491,1.10925,1.10373,1.10777,55343.63
1736985600000,1.10779,1.11021,1.1059,1.10776,68342.77
1737072000000,1.10728,1.11016,1.10645,1.1087,54860.6
1737244800000,1.10758,1.10938,1.10746,1.10872,3069.26
1737331200000,1.10872,1.10887,1.10319,1.10539,78328.57
1737417600000,1.10542,1.10693,1.10305,1.10612,100312.73
1737504000000,1.10613,1.10847,1.10565,1.10767,53113.6
1737590400000,1.10768,1.10812,1.10558,1.10676,70041.29
1737676800000,1.10697,1.10763,1.10487,1.10535,67308.19
1737849600000,1.10515,1.10557,1.10408,1.10518,4966.8
1737936000000,1.10519,1.10701,1.10434,1.1049,76102.53
1738022400000,1.10493,1.10643,1.10229,1.10362,53892.35
1738108800000,1.10362,1.10381,1.10024,1.10118,66094.63
1738195200000,1.10118,1.10335,1.10012,1.10266,61008.66
1738281600000,1.10267,1.10345,1.10073,1.10168,81485.8
1738454400000,1.10158,1.10355,1.10086,1.10265,15731.85
1738540800000,1.10263,1.10674,1.10185,1.10473,144325.85
1738627200000,1.1047,1.10788,1.10449,1.1064,65875.37
1738713600000,1.10651,1.1068,1.10349,1.10471,59310.63
1738800000000,1.10473,1.10776,1.10396,1.10694,51080.95
1738886400000,1.10696,1.10914,1.10604,1.10785,69522.09
1739059200000,1.10519,1.10841,1.10456,1.10841,7018.42
1739145600000,1.10842,1.11349,1.108,1.11277,49422.91
1739232000000,1.1128,1.11349,1.11136,1.1128,47110.61
1739318400000,1.11281,1.11424,1.11055,1.11342,71828.98
1739404800000,1.11341,1.11384,1.1112,1.11212,70006.78
1739491200000,1.11213,1.11237,1.10771,1.10832,53600.63
1739664000000,1.10905,1.10942,1.10815,1.10871,5342.67
1739750400000,1.1087,1.11027,1.10678,1.10877,37712.63
1739836800000,1.10878,1.11445,1.10862,1.11352,53129.88
1739923200000,1.11353,1.11743,1.1103,1.11194,65813.17
1740009600000,1.11217,1.11344,1.1085,1.11058,63859.14
1740096000000,1.11052,1.11077,1.10662,1.10662,63580.41
1740268800000,1.10715,1.10791,1.10607,1.10766,3125.07
1740355200000,1.10764,1.1084,1.10625,1.10686,65725.59
1740441600000,1.10686,1.10908,1.10605,1.10833,55881.58
1740528000000,1.10833,1.10883,1.10498,1.10712,59103.68
1740614400000,1.10711,1.10865,1.1059,1.10704,69690.78
1740700800000,1.10753,1.10994,1.10731,1.10893,70722.86
1740873600000,1.10844,1.1101,1.10825,1.1098,3215.16
1740960000000,1.10977,1.11062,1.10627,1.10741,73001.83
1741046400000,1.10743,1.108,1.10367,1.10722,103654.49
1741132800000,1.10717,1.10793,1.10336,1.10615,112644.32
1741219200000,1.10615,1.10668,1.10281,1.10378,95177.06
1741305600000,1.10382,1.10535,1.10108,1.10426,84953.31
1741478400000,1.10194,1.10434,1.10179,1.104,6664.92
1741564800000,1.104,1.10485,1.09964,1.10263,87060.63
1741651200000,1.10265,1.1036,1.10012,1.10211,88223.16
1741737600000,1.10208,1.10313,1.10091,1.10287,84787.96
1741824000000,1.10287,1.10352,1.10085,1.10229,94518.46
1741910400000,1.10223,1.10279,1.09958,1.09988,58385.01
1742083200000,1.09884,1.1008,1.09799,1.09968,4337.03
1742169600000,1.09968,1.10059,1.09553,1.09571,57211.41
1742256000000,1.09571,1.09622,1.09193,1.09327,52897.96
1742342400000,1.09327,1.09483,1.09155,1.09335,61080.5
1742428800000,1.09335,1.09614,1.09125,1.09388,64761.4
1742515200000,1.09392,1.09451,1.09117,1.09358,41675.06
1742688000000,1.09111,1.09484,1.09071,1.09461,3127.87
1742774400000,1.09466,1.09882,1.09431,1.0977,42534.46
1742860800000,1.09768,1.10026,1.09757,1.10006,41955.2
1742947200000,1.10002,1.10024,1.09709,1.09937,54564.82
1743033600000,1.09933,1.09995,1.09608,1.0985,56782.6
1743120000000,1.09846,1.10118,1.09803,1.09954,43960.68
1743292800000,1.09819,1.10127,1.09819,1.10079,5914.35
1743379200000,1.10078,1.10236,1.09816,1.10059,66294.63
1743465600000,1.10058,1.10307,1.09813,1.10074,58607.84
1743552000000,1.10076,1.10107,1.09271,1.09365,84560.58
1743638400000,1.0937,1.09522,1.08856,1.09285,116334.45
1743724800000,1.09285,1.0934,1.07723,1.07912,218038.65
1743897600000,1.07352,1.08048,1.07023,1.08045,48006.61
1743984000000,1.08043,1.08668,1.07562,1.08308,366393.79
1744070400000,1.08309,1.08313,1.07307,1.0794,222941.21
1744156800000,1.07945,1.09058,1.07634,1.08806,393434.05
1744243200000,1.08805,1.08874,1.08117,1.08269,283915.49
1744329600000,1.08271,1.08301,1.06934,1.07916,282539.49
1744502400000,1.08099,1.08145,1.07654,1.07971,18203.36
1744588800000,1.0797,1.07976,1.07403,1.07729,150197.3
1744675200000,1.0773,1.07753,1.07204,1.0751,120243.47
1744761600000,1.0751,1.07912,1.07078,1.07285,152524.45
1744848000000,1.07289,1.07601,1.06668,1.06984,137254.18
1744934400000,1.06982,1.07575,1.06849,1.07302,790681.69
1745107200000,1.07341,1.07367,1.0717,1.07207,10580.77
1745193600000,1.07208,1.07258,1.06728,1.0701,125737.37
1745280000000,1.07008,1.07051,1.06466,1.06976,92767.48
1745366400000,1.06978,1.0725,1.06643,1.06933,109966.24
1745452800000,1.06935,1.06979,1.06579,1.06877,96895.61
1745539200000,1.06879,1.07342,1.06867,1.07249,84510.2
1745712000000,1.07091,1.07356,1.07066,1.07268,3959.17
1745798400000,1.07269,1.07676,1.07162,1.07649,70798.26
1745884800000,1.07649,1.07835,1.07243,1.07548,64928.51
1745971200000,1.07544,1.08101,1.07523,1.07984,73677.05
1746057600000,1.07986,1.081,1.07685,1.07991,74628.52
1746144000000,1.07992,1.08459,1.07979,1.08418,77571.73
1746316800000,1.08112,1.0842,1.08109,1.08295,5318.56
1746403200000,1.08297,1.0853,1.08061,1.08375,56082.58
1746489600000,1.08378,1.08478,1.07801,1.08154,133879.42
1746576000000,1.08155,1.08276,1.07888,1.08265,110483.12
1746662400000,1.08267,1.08432,1.08037,1.08357,85475.32
1746748800000,1.08354,1.08702,1.08327,1.08454,52825
1746921600000,1.08407,1.0856,1.08243,1.08449,9860.57
1747008000000,1.08449,1.08979,1.08323,1.08714,96228.79
1747094400000,1.08713,1.09048,1.08676,1.0902,82824.29
1747180800000,1.09021,1.09105,1.08672,1.08987,90182.41
1747267200000,1.08988,1.09208,1.08795,1.09043,79789.52
1747353600000,1.09043,1.09127,1.08627,1.08862,71796.28
1747526400000,1.08563,1.08925,1.08554,1.0887,5286.53
1747612800000,1.08871,1.09077,1.08703,1.08855,61473.42
1747699200000,1.08855,1.08915,1.08215,1.08393,95577.6
1747785600000,1.08389,1.08666,1.08121,1.08406,95362.35
1747872000000,1.08406,1.08821,1.08381,1.08661,95818.3
1747958400000,1.0866,1.08829,1.0818,1.085,87630.03
1748131200000,1.08331,1.08544,1.08301,1.08497,6873.06
1748217600000,1.085,1.08556,1.07858,1.08097,50895.77
1748304000000,1.08097,1.08398,1.08012,1.0839,74721.44
1748390400000,1.08391,1.085,1.07596,1.07819,100544.9
1748476800000,1.07819,1.08231,1.07553,1.07812,90177.1
1748563200000,1.07813,1.07874,1.07593,1.07794,77718.33
1748736000000,1.07706,1.07905,1.07653,1.07851,4967.5
1748822400000,1.07854,1.07861,1.07435,1.07438,82379.67
1748908800000,1.07438,1.07784,1.07262,1.07634,84764.84
1748995200000,1.07654,1.07854,1.07494,1.07686,58799.7
1749081600000,1.07683,1.07827,1.07498,1.07743,75524.71
1749168000000,1.07741,1.07961,1.07503,1.07872,90285.46
1749340800000,1.0772,1.07927,1.0772,1.07903,5029.96
1749427200000,1.07902,1.08021,1.07622,1.07714,62367.98
1749513600000,1.07717,1.0796,1.07601,1.0773,90744.59
1749600000000,1.07733,1.0804,1.07685,1.07825,87483.29
1749686400000,1.07825,1.07874,1.07511,1.07606,108828.67
1749772800000,1.07604,1.07913,1.07445,1.0776,125457.45
1749945600000,1.07617,1.07929,1.07617,1.07877,17674.11
1750032000000,1.07878,1.07936,1.07506,1.07588,110559.48
1750118400000,1.07589,1.07789,1.07515,1.07666,91497.51
1750204800000,1.07666,1.07964,1.076,1.0792,126053.63
1750291200000,1.0792,1.08349,1.07863,1.0808,91208.57
1750377600000,1.08079,1.08325,1.07985,1.08046,100167.5
1750550400000,1.07968,1.0826,1.07919,1.08117,9758.73
1750636800000,1.08118,1.08406,1.0794,1.08055,131918.78
1750723200000,1.08054,1.08135,1.07862,1.08044,105878.93
1750809600000,1.08044,1.0805,1.07685,1.07715,95485.31
1750896000000,1.07716,1.08074,1.0769,1.08037,110646.37
1750982400000,1.08037,1.08057,1.07724,1.07801,88018.14
1751155200000,1.07752,1.0791,1.07689,1.07737,7666.53
1751241600000,1.0774,1.07998,1.07608,1.07952,90237
1751328000000,1.07953,1.07968,1.0765,1.07861,85955.42
1751414400000,1.07862,1.08206,1.07752,1.08089,76003.23
1751500800000,1.08092,1.08447,1.08012,1.08181,89156.84
1751587200000,1.08177,1.08267,1.08074,1.08078,111716.82
1751760000000,1.08022,1.0828,1.07937,1.08259,5346.18
1751846400000,1.0826,1.08441,1.0813,1.08292,86529.36
1751932800000,1.08292,1.08904,1.08247,1.08859,74000.39
1752019200000,1.08858,1.09041,1.08671,1.08939,73996.37
1752105600000,1.08944,1.0924,1.08905,1.09139,59965.57
1752192000000,1.09138,1.0953,1.09072,1.09426,80425.02
1752364800000,1.09109,1.09537,1.09106,1.09475,6161.04
1752451200000,1.09474,1.09733,1.09447,1.09592,87761.65
1752537600000,1.0959,1.09632,1.09434,1.09467,81167.95
1752624000000,1.09467,1.0989,1.09414,1.09721,102290.82
1752710400000,1.09716,1.09781,1.0921,1.09317,66464.84
1752796800000,1.09319,1.09334,1.09095,1.09139,52749.86
1752969600000,1.08956,1.09466,1.08903,1.09407,6147.85
1753056000000,1.09408,1.0949,1.09095,1.09346,62078.92
1753142400000,1.09347,1.09574,1.09141,1.09243,74352.12
1753228800000,1.09245,1.09303,1.09006,1.09155,81281.45
1753315200000,1.09152,1.09378,1.09111,1.0925,88618.08
1753401600000,1.09253,1.09325,1.09082,1.09083,54398.9
1753574400000,1.09195,1.09251,1.09112,1.09166,4027.53
1753660800000,1.09166,1.09259,1.0905,1.09197,62106.93
1753747200000,1.09194,1.09387,1.09142,1.09368,82474.76
1753833600000,1.0937,1.09371,1.09044,1.09141,108605.04
1753920000000,1.09095,1.09231,1.08944,1.09173,95312.49
1754006400000,1.09173,1.09637,1.09134,1.09325,111774.8
1754179200000,1.09127,1.09452,1.09108,1.09372,4129.59
1754265600000,1.09371,1.09658,1.09353,1.09417,74407.09
1754352000000,1.09419,1.09803,1.09367,1.09539,76908.24
1754438400000,1.0954,1.09673,1.09511,1.09637,50499.43
1754524800000,1.09638,1.0969,1.09195,1.09309,85175.69
1754611200000,1.0931,1.09646,1.09279,1.09507,66947.5
1754784000000,1.09285,1.09602,1.09281,1.0956,3016.47
1754870400000,1.09561,1.09776,1.09509,1.09661,61435.96
1754956800000,1.09662,1.09822,1.09426,1.09596,92287.43
1755043200000,1.09598,1.09667,1.09315,1.09539,42783.79
1755129600000,1.09538,1.09815,1.09448,1.09732,63907.04
1755216000000,1.09731,1.09944,1.09682,1.0984,40936.04
1755388800000,1.09789,1.09894,1.09779,1.09837,1874.82
1755475200000,1.09835,1.09897,1.09382,1.09636,38116.7
1755561600000,1.09638,1.09639,1.09263,1.09426,55749.97
1755648000000,1.09427,1.10678,1.09382,1.10415,74703.35
1755734400000,1.10415,1.10493,1.10181,1.10368,51018.08
1755820800000,1.10369,1.10677,1.10339,1.1057,74853.14
1755993600000,1.10334,1.10672,1.10318,1.10567,3397.14
1756080000000,1.10567,1.10838,1.10481,1.10811,58869.82
1756166400000,1.1081,1.11051,1.1064,1.10887,69904.71
1756252800000,1.10887,1.11149,1.1078,1.11115,57052.47
1756339200000,1.11114,1.11231,1.10837,1.10999,48956.42
1756425600000,1.10999,1.11037,1.10838,1.10866,46818.57
1756598400000,1.10817,1.11008,1.10817,1.10966,1729.03
1756684800000,1.10966,1.11114,1.10706,1.11035,34860.44
1756771200000,1.11035,1.11215,1.10868,1.11208,62687.24
1756857600000,1.11208,1.11514,1.11122,1.11286,68185.21
1756944000000,1.11282,1.1156,1.11152,1.11469,57746.31
1757030400000,1.11469,1.11482,1.11145,1.11203,56317.54
1757203200000,1.11026,1.11314,1.11026,1.11312,2898.28
1757289600000,1.11312,1.11325,1.10601,1.10972,45689.39
1757376000000,1.10971,1.11153,1.10865,1.11114,65527.75
1757462400000,1.11113,1.11377,1.10976,1.11371,65896.52
1757548800000,1.1137,1.11559,1.11289,1.11506,57888.89
1757635200000,1.11507,1.11695,1.11461,1.11591,39348.56
1757808000000,1.11358,1.11688,1.11288,1.11662,3798.63
1757894400000,1.1166,1.11805,1.11435,1.11801,31562.52
1757980800000,1.11802,1.11904,1.11395,1.11681,60179.51
1758067200000,1.11676,1.12152,1.11219,1.1209,68673.84
1758153600000,1.12094,1.12786,1.12028,1.1234,65973.48
1758240000000,1.12336,1.12604,1.1229,1.12531,47415.29
1758412800000,1.12345,1.12654,1.12227,1.12609,2523.56
1758499200000,1.12608,1.12659,1.12289,1.1247,50332.01
1758585600000,1.12469,1.1279,1.12339,1.12661,46896.43
1758672000000,1.1266,1.13397,1.12592,1.13242,67019.53
1758758400000,1.13241,1.13458,1.13076,1.13446,97189.79
1758844800000,1.13446,1.1349,1.13265,1.13323,70171.81
1759017600000,1.13025,1.13439,1.13025,1.13401,2374.04
1759104000000,1.13398,1.13855,1.13369,1.13803,75061.41
1759190400000,1.13801,1.14176,1.13578,1.14061,94862.94
1759276800000,1.14061,1.14078,1.13507,1.13635,92370.92
1759363200000,1.13638,1.13699,1.13123,1.13387,66920.76
1759449600000,1.13391,1.1343,1.1315,1.1315,71057.64
1759622400000,1.13071,1.13296,1.13027,1.13211,8563.9
1759708800000,1.1321,1.13448,1.12975,1.13281,80043.51
1759795200000,1.1327,1.13553,1.13268,1.13494,85612.37
1759881600000,1.13489,1.1444,1.13416,1.13839,84088.37
1759968000000,1.13839,1.14281,1.13656,1.1405,82236.6
1760054400000,1.1405,1.14185,1.13091,1.13127,106690.14
1760227200000,1.1313,1.13523,1.13073,1.13474,12423.4
1760313600000,1.13475,1.13912,1.13463,1.13897,84231.68
1760400000000,1.13897,1.13942,1.13194,1.13623,93970.18
1760486400000,1.1362,1.13923,1.13479,1.13856,82903.85
1760572800000,1.13854,1.13913,1.12857,1.13188,105181.34
1760659200000,1.13189,1.13426,1.1276,1.13358,135670.21
1760832000000,1.13038,1.13565,1.13036,1.13434,5201.64
1760918400000,1.13434,1.13471,1.13169,1.13443,80816.43
1761004800000,1.13444,1.13548,1.12941,1.13038,92203.67
1761091200000,1.13038,1.13123,1.12783,1.131,109573.05
1761177600000,1.131,1.13327,1.12966,1.1319,83945.78
1761264000000,1.13189,1.13314,1.12983,1.1321,97891.7
1761436800000,1.13019,1.13487,1.1298,1.1343,8544.31
1761523200000,1.1343,1.13807,1.13319,1.13565,100194.11
1761609600000,1.13564,1.13948,1.13435,1.13861,100234.57
1761696000000,1.13863,1.14278,1.13754,1.14099,137750.55
1761782400000,1.14099,1.14195,1.13843,1.14175,94721.6
1761868800000,1.14173,1.14416,1.1417,1.14283,56724.55
1762041600000,1.14239,1.14415,1.14239,1.14375,3909.97
1762128000000,1.1438,1.146,1.14361,1.14572,66861.46
1762214400000,1.14573,1.15123,1.14479,1.14931,84720.2
1762300800000,1.14927,1.15017,1.1466,1.14867,74242.38
1762387200000,1.14867,1.1513,1.14817,1.14986,99995.04
1762473600000,1.14986,1.15663,1.14951,1.15371,108566.68
1762646400000,1.15165,1.15567,1.15165,1.1556,7257.98
1762732800000,1.15557,1.15893,1.15496,1.1579,72530.06
1762819200000,1.1579,1.15845,1.15248,1.15421,68611.66
1762905600000,1.15421,1.15691,1.15211,1.15436,70650.95
1762992000000,1.15439,1.16361,1.15327,1.15516,90773.95
1763078400000,1.15516,1.15553,1.14594,1.15002,80470.77
1763251200000,1.14922,1.15108,1.14922,1.15094,2331.82
1763337600000,1.15093,1.15227,1.14656,1.14819,66931.79
1763424000000,1.1482,1.1504,1.14535,1.15011,84789.8
1763510400000,1.15011,1.15648,1.14996,1.15581,83913.48
1763596800000,1.15583,1.15721,1.14889,1.15351,103047.28
1763683200000,1.15349,1.15444,1.1494,1.14964,96336.39
1763856000000,1.14942,1.15199,1.14938,1.15129,3259.25
1763942400000,1.1513,1.1535,1.14919,1.15193,60968.81
1764028800000,1.15192,1.15318,1.14946,1.15017,76142.95
1764115200000,1.1502,1.15265,1.14065,1.14346,99992.72
1764201600000,1.14352,1.14352,1.13919,1.14069,42384.45
1764288000000,1.14068,1.14348,1.14055,1.14098,410124.55
1764460800000,1.14126,1.14245,1.14067,1.142,4110.09
1764547200000,1.142,1.14294,1.14052,1.14248,73197.25
1764633600000,1.14252,1.14584,1.14214,1.14493,58752.38
1764720000000,1.14495,1.14688,1.14217,1.14383,63687.29
1764806400000,1.14383,1.14734,1.14382,1.14704,86782.01
1764892800000,1.14705,1.15003,1.14631,1.14932,66545.38
1765065600000,1.14598,1.14956,1.14597,1.14884,10831.5
1765152000000,1.14883,1.14918,1.14552,1.14724,71825.53
1765238400000,1.14725,1.14931,1.1436,1.14879,74691.56
1765324800000,1.14877,1.15161,1.14688,1.14734,119829.17
1765411200000,1.14731,1.14759,1.144,1.14675,104683.29
1765497600000,1.14675,1.14775,1.14555,1.14563,81302.23
1765670400000,1.14462,1.14645,1.1441,1.14571,4979.39
1765756800000,1.14572,1.15187,1.14474,1.14784,74199.88
1765843200000,1.14782,1.15,1.14446,1.14663,109649.81
1765929600000,1.14663,1.14714,1.14193,1.14401,101254.04
1766016000000,1.144,1.14691,1.1437,1.14511,91675.51
1766102400000,1.14511,1.15083,1.1446,1.14769,64366.89
1766275200000,1.14749,1.15001,1.14748,1.14857,10244.11
1766361600000,1.14858,1.14944,1.14704,1.14859,68581.39
1766448000000,1.14859,1.14877,1.14591,1.14696,64278.14
1766534400000,1.14695,1.15025,1.14547,1.14585,69105.24
1766620800000,1.14596,1.1492,1.14499,1.14876,12029.57
1766707200000,1.14875,1.15215,1.14875,1.15054,62531.22
1766880000000,1.14784,1.1524,1.14771,1.15233,5386.59
1766966400000,1.15233,1.15482,1.15119,1.1526,113218.81
1767052800000,1.15266,1.15661,1.15239,1.15629,88643.86
1767139200000,1.15629,1.1605,1.15619,1.15895,91097.28
1767225600000,1.15554,1.16004,1.15553,1.15982,3138.91
1767312000000,1.15985,1.16299,1.15845,1.15974,59586.2
1767484800000,1.15759,1.16182,1.15742,1.16128,6883.18
1767571200000,1.1613,1.16153,1.15825,1.1602,78933.13
1767657600000,1.16025,1.16569,1.1579,1.16489,76557.63
1767744000000,1.16491,1.16926,1.16189,1.16417,78262.78
1767830400000,1.16416,1.16562,1.16259,1.16495,74950.9
1767916800000,1.16495,1.16738,1.16488,1.16598,80000.09
1768089600000,1.16404,1.16724,1.16372,1.16691,4173.47
1768176000000,1.16692,1.16714,1.16131,1.16188,71917.95
1768262400000,1.16187,1.1649,1.16076,1.16451,81191.33
1768348800000,1.16455,1.16611,1.15999,1.16342,83808.55
1768435200000,1.16343,1.16779,1.16314,1.16657,76337.14
1768521600000,1.16656,1.16661,1.16101,1.1613,55823.12
1768694400000,1.16063,1.16186,1.16009,1.16017,6976.18
1768780800000,1.16017,1.1611,1.15693,1.15819,58997.27
1768867200000,1.15814,1.15888,1.15241,1.15511,86645.39
1768953600000,1.15514,1.15779,1.15346,1.15694,67390.37
1769040000000,1.15695,1.16247,1.15344,1.15599,53253.54
1769126400000,1.15601,1.16139,1.15572,1.15882,46772.44
1769299200000,1.16088,1.16157,1.15789,1.15972,9036.7
1769385600000,1.15977,1.16095,1.15632,1.15798,65520.63
1769472000000,1.15797,1.16076,1.15773,1.1604,67869.16
1769558400000,1.16041,1.16331,1.15856,1.16064,101967.81
1769644800000,1.16068,1.16458,1.15634,1.15987,127592.21
1769731200000,1.15985,1.16066,1.15445,1.15597,124221.46
1769904000000,1.15424,1.1559,1.15371,1.15552,14107.27
1769990400000,1.15553,1.15929,1.1527,1.15714,132032.66
1770076800000,1.15715,1.16466,1.15661,1.16233,125677.64
1770163200000,1.16232,1.16686,1.1616,1.16618,114100.65
1770249600000,1.16615,1.16647,1.1617,1.16457,107295.67
1770336000000,1.16458,1.16629,1.16257,1.16528,67132.38
1770508800000,1.16404,1.16697,1.1635,1.1663,5985.08
1770595200000,1.16627,1.17225,1.16558,1.17033,69456.02
1770681600000,1.17034,1.17201,1.16873,1.17095,55671.3
1770768000000,1.17098,1.17871,1.17069,1.17791,92068.36
1770854400000,1.1779,1.1796,1.17268,1.17507,82713.37
1770940800000,1.17502,1.17547,1.16984,1.17025,82934.67
1771113600000,1.17045,1.17205,1.17016,1.17199,3991.18
1771200000000,1.17205,1.1751,1.17124,1.17244,32568.6
1771286400000,1.17248,1.17274,1.16787,1.17095,69244.97
1771372800000,1.17096,1.18094,1.17046,1.18042,57841.97
1771459200000,1.18041,1.18307,1.17951,1.18175,66325.21
1771545600000,1.18177,1.18581,1.18072,1.18505,78772.27
1771718400000,1.18245,1.18539,1.18229,1.18453,6026.54
1771804800000,1.18452,1.18517,1.18101,1.18455,59522.21
1771891200000,1.18455,1.18557,1.1819,1.18349,55403.83
1771977600000,1.18348,1.18914,1.18296,1.18657,54360.9
1772064000000,1.18656,1.18912,1.18535,1.18765,66424.84
1772150400000,1.18767,1.18988,1.1859,1.18597,65320.15
1772323200000,1.18252,1.18594,1.18173,1.1844,14154.44
1772409600000,1.18441,1.19528,1.18439,1.19429,109213.24
1772496000000,1.1943,1.19796,1.1886,1.19537,177474.58
1772582400000,1.19541,1.1955,1.18624,1.19167,155453.73
1772668800000,1.19167,1.19233,1.187,1.18875,149698.88
1772755200000,1.18878,1.19351,1.1883,1.19081,179516.61
1772928000000,1.18996,1.1928,1.18879,1.19084,26557.97
1773014400000,1.19085,1.19306,1.18696,1.19254,221402.14
1773100800000,1.19254,1.20195,1.1919,1.20167,187041.84
1773187200000,1.20168,1.21065,1.201,1.20923,165058.73
1773273600000,1.20925,1.21089,1.20594,1.20882,136630.05
1773360000000,1.20883,1.21196,1.20656,1.20799,106625.15
1773532800000,1.20661,1.20968,1.20571,1.20857,11081.92
1773619200000,1.20857,1.2092,1.20535,1.20734,95280.92
1773705600000,1.20735,1.21483,1.20601,1.21345,102921.83
1773792000000,1.21349,1.21435,1.20857,1.21302,135125.25
1773878400000,1.21301,1.21333,1.20433,1.20668,239531.77
1773964800000,1.20668,1.20682,1.20322,1.20389,169536.23
1774137600000,1.20263,1.2039,1.20044,1.20182,9233.26
1774224000000,1.20182,1.20527,1.19433,1.19708,324957.06
1774310400000,1.19706,1.19897,1.19327,1.19845,243440.23
1774396800000,1.19846,1.20002,1.1956,1.19571,191896.2
1774483200000,1.19571,1.20008,1.1938,1.19538,179385.3
1774569600000,1.19542,1.19734,1.19356,1.19622,169959.16
1774742400000,1.1935,1.19657,1.19265,1.19603,10636.01
1774828800000,1.19605,1.20034,1.19466,1.19735,160906.12
1774915200000,1.19733,1.20242,1.19716,1.20235,207691.1
1775001600000,1.20228,1.20531,1.20178,1.20414,169411.77
1775088000000,1.20415,1.20915,1.20256,1.20873,196721.27
1775174400000,1.20879,1.21172,1.2049,1.20955,57483.61
1775347200000,1.20713,1.21177,1.20707,1.2108,8441.93
1775433600000,1.21081,1.21196,1.20879,1.2104,133349.66
1775520000000,1.2104,1.21948,1.21022,1.21811,133674.9
1775606400000,1.2181,1.21977,1.20744,1.20833,203070.3
1775692800000,1.20834,1.20967,1.20403,1.2092,150153.97
1775779200000,1.20917,1.21148,1.20792,1.20941,79907.02
1775952000000,1.20388,1.21018,1.20336,1.20945,16223.06
1776038400000,1.20949,1.20999,1.20723,1.20904,100249.85
1776124800000,1.20898,1.20906,1.2037,1.20769,95967.38
1776211200000,1.20769,1.21383,1.2072,1.21373,127603
1776297600000,1.21372,1.21844,1.21303,1.21627,128090.41
1776384000000,1.21625,1.21911,1.21591,1.21827,122424.36
1776556800000,1.2144,1.21803,1.21414,1.21635,10363.23
1776643200000,1.21639,1.21929,1.21366,1.21465,133863.4
1776729600000,1.21464,1.21477,1.2107,1.21336,141542.12
1776816000000,1.21336,1.21341,1.20891,1.21206,140708.31
1776902400000,1.21203,1.21835,1.21172,1.21799,192269.73
1776988800000,1.21797,1.21858,1.21506,1.21567,152036.6
1777161600000,1.21235,1.21705,1.21196,1.2167,5714.46
1777248000000,1.21669,1.21772,1.2133,1.21624,169992.53
1777334400000,1.21623,1.22085,1.21549,1.22057,139607.61
1777420800000,1.22057,1.22337,1.21668,1.22057,177537.8
1777507200000,1.22054,1.22253,1.21615,1.21909,220975.19
1777593600000,1.21908,1.22129,1.21885,1.22042,163826.69
1777766400000,1.21906,1.22157,1.21805,1.22078,5206.63
1777852800000,1.22079,1.22127,1.21727,1.22056,241691.06
1777939200000,1.22056,1.22197,1.21541,1.22048,134453.06
1778025600000,1.22048,1.22064,1.21244,1.21523,217350.58
1778112000000,1.21521,1.2168,1.21036,1.21379,148593.34
1778198400000,1.21383,1.216,1.21266,1.21438,163252.52
1778371200000,1.21465,1.21609,1.2109,1.21583,7549.56
1778457600000,1.21584,1.21775,1.21365,1.21468,145904.69
1778544000000,1.21468,1.21736,1.21304,1.21596,171169.27
1778630400000,1.21595,1.22394,1.21421,1.22303,147898.14
1778716800000,1.22301,1.22349,1.21909,1.22206,136701.08
1778803200000,1.22208,1.22469,1.22107,1.22369,168512.6
1778976000000,1.22143,1.22467,1.22093,1.22245,10076.37
1779062400000,1.22241,1.22287,1.21685,1.22069,201613.52
1779148800000,1.22069,1.22107,1.21541,1.21791,179728.62
1779235200000,1.21795,1.21991,1.21676,1.2184,175214.69
1779321600000,1.21841,1.2192,1.21344,1.21603,225558.9
1779408000000,1.216,1.21869,1.21503,1.21789,150893.22
1779580800000,1.21548,1.21907,1.21522,1.21864,5247.34
1779667200000,1.21865,1.22303,1.21838,1.22284,64417.23
1779753600000,1.22287,1.22842,1.22275,1.22744,120638.07
1779840000000,1.22744,1.22811,1.20795,1.21056,185914.31
1779926400000,1.21055,1.21156,1.20451,1.20481,149763.03
1780012800000,1.20482,1.20524,1.19862,1.19866,185956.62
1780185600000,1.19798,1.20113,1.19727,1.20044,7074.02
1780272000000,1.20047,1.20723,1.20044,1.20701,167173.62
1780358400000,1.20699,1.21224,1.20629,1.21129,128445.17
1780444800000,1.2113,1.21659,1.20926,1.21511,141177.38
1780531200000,1.2151,1.21615,1.21335,1.21483,144309.03
1780617600000,1.21484,1.21618,1.21358,1.21472,146446.19
1780790400000,1.21302,1.21595,1.21265,1.2151,8216.82
1780876800000,1.21509,1.21642,1.20983,1.21294,183749.1
1780963200000,1.21298,1.21354,1.20587,1.20919,213492.45
1781049600000,1.20914,1.2093,1.20265,1.20708,228775.16
1781136000000,1.20712,1.21055,1.20424,1.20835,267404.66
1781222400000,1.20835,1.20987,1.20702,1.20752,198848.69
1781395200000,1.20754,1.20972,1.20689,1.20834,13534.85
1781481600000,1.20835,1.21477,1.20823,1.21361,99451.76
1781568000000,1.21358,1.21649,1.21025,1.21171,91800.75
1781654400000,1.2117,1.21715,1.21129,1.21539,141438.36
1781740800000,1.21537,1.21947,1.21342,1.21853,143699.67
1781827200000,1.21855,1.22298,1.21723,1.2195,118176.57
1782000000000,1.22107,1.22267,1.21957,1.22113,9463.89
1782086400000,1.22114,1.22572,1.2209,1.22466,108794.7
1782172800000,1.22469,1.22565,1.21665,1.22084,126463.61
1782259200000,1.22079,1.22337,1.21861,1.22223,159195.64
1782345600000,1.22224,1.22433,1.22065,1.2228,148881.48
1782432000000,1.2228,1.22326,1.21992,1.22214,126017.92
1782604800000,1.21788,1.22265,1.21785,1.22264,4301.82
1782691200000,1.22268,1.22276,1.21617,1.21788,127332.69
1782777600000,1.21788,1.21903,1.21558,1.21797,138898.39
1782864000000,1.21797,1.21801,1.21383,1.21412,132963.5
1782950400000,1.21407,1.21596,1.21155,1.21485,205398.06
1783036800000,1.21487,1.21568,1.21313,1.2151,108447.13
1783209600000,1.21373,1.21681,1.2136,1.21654,9635.76
1783296000000,1.21659,1.2207,1.21613,1.2199,112384.36
1783382400000,1.21991,1.22121,1.21813,1.2195,140133.31
1783468800000,1.2195,1.22012,1.21233,1.21354,242183.06
1783555200000,1.21354,1.21363,1.20389,1.20497,146650.95
1783641600000,1.20498,1.20642,1.20138,1.20579,165419.23
1783814400000,1.20495,1.20687,1.20405,1.20553,6168.74
1783900800000,1.20553,1.20607,1.19981,1.20039,162694.81
1783987200000,1.20038,1.20113,1.19422,1.20008,220821.12
1784073600000,1.20007,1.20229,1.19528,1.1984,153747.23
1784160000000,1.1984,1.19873,1.19449,1.19815,145628.77
1784246400000,1.19814,1.19829,1.1943,1.19477,178518.34
1784419200000,1.19396,1.19588,1.19381,1.19509,7114.76
1784505600000,1.19509,1.19897,1.19363,1.19612,148661.48
1784592000000,1.19612,1.20284,1.19342,1.20163,132517.4
1784678400000,1.20162,1.20298,1.1997,1.20217,169074.38
1784764800000,1.20216,1.2087,1.20189,1.20665,136261.45
1784851200000,1.20666,1.2085,1.20536,1.20615,116759.83
1785024000000,1.205,1.20666,1.20488,1.20629,6374.33
1785110400000,1.20628,1.21092,1.20494,1.21087,132014.9
1785196800000,1.21087,1.21204,1.20284,1.20629,137461.06
1785283200000,1.20629,1.20641,1.19821,1.1993,212464.12
1785369600000,1.19932,1.20038,1.19393,1.19566,246302.38
1785456000000,1.19565,1.19846,1.19226,1.19413,175180.89
1785628800000,1.19212,1.19467,1.19209,1.19459,10760.98
1785715200000,1.19458,1.19605,1.191,1.19273,165721.38
1785801600000,1.19272,1.2,1.1926,1.19921,110326.06
1785888000000,1.1992,1.20184,1.19694,1.19871,126571.21
1785974400000,1.19871,1.1999,1.19555,1.19862,132792.4
1786060800000,1.19862,1.20013,1.19714,1.19891,106023.81
1786233600000,1.19889,1.19986,1.19723,1.19957,9015.66
1786320000000,1.19955,1.20064,1.19716,1.19828,115348.92
1786406400000,1.19828,1.20171,1.19445,1.20138,94899.59
1786492800000,1.20136,1.2065,1.20128,1.20526,125230.7
1786579200000,1.20528,1.21016,1.20464,1.20668,89143.79
1786665600000,1.20666,1.20666,1.20185,1.20253,77239.3
1786838400000,1.20021,1.20309,1.1996,1.20279,5389.52
1786924800000,1.20278,1.2043,1.20001,1.20359,105629.05
1787011200000,1.20362,1.20904,1.20321,1.20571,83032.24
1787097600000,1.20569,1.20711,1.19765,1.2,157891.56
1787184000000,1.2,1.20009,1.19465,1.19577,154915.12
1787270400000,1.19576,1.19995,1.19481,1.19914,130053.69
1787443200000,1.19713,1.20095,1.19684,1.19984,8034.71
1787529600000,1.19984,1.20153,1.19798,1.19919,144205.05
1787616000000,1.19919,1.20102,1.19599,1.19897,108235.2
1787702400000,1.19897,1.20786,1.19838,1.20741,131123.95
1787788800000,1.20743,1.20959,1.20601,1.20836,128511.79
1787875200000,1.20832,1.21202,1.2072,1.21094,139668.95
1788048000000,1.20815,1.21121,1.20814,1.20935,8988.88
1788134400000,1.20935,1.21329,1.20897,1.21092,134994.6
1788220800000,1.2109,1.21378,1.21022,1.21245,141542.3
1788307200000,1.21247,1.22855,1.2119,1.22411,201384.38
1788393600000,1.22412,1.22616,1.22131,1.22357,196346.27
1788480000000,1.2236,1.22618,1.22152,1.22464,138438.02
1788652800000,1.22187,1.2254,1.22152,1.2249,5530.65
1788739200000,1.2249,1.22933,1.22473,1.22751,112529.58
1788825600000,1.22748,1.23517,1.2269,1.23236,168081.81
1788912000000,1.23237,1.23692,1.23207,1.23568,124943.76
1788998400000,1.23569,1.23635,1.23205,1.2325,162274.81
1789084800000,1.2325,1.23386,1.22771,1.23313,167748.9
1789257600000,1.2301,1.23345,1.22888,1.23066,14164.11
1789344000000,1.23067,1.23648,1.23066,1.23529,167005.12
1789430400000,1.23529,1.23928,1.23459,1.23911,153668.6
1789516800000,1.23913,1.24155,1.23698,1.23937,191294.69
1789603200000,1.23937,1.24237,1.23856,1.24225,144499.9
1789689600000,1.24228,1.24768,1.24224,1.24463,143631.42
1789862400000,1.2435,1.24517,1.2414,1.24473,4386.24
1789948800000,1.24475,1.24675,1.24294,1.24652,93767.27
1790035200000,1.24652,1.24906,1.23789,1.24241,193098.45
1790121600000,1.24251,1.24575,1.23859,1.23928,159595.23
1790208000000,1.23928,1.24096,1.2355,1.23839,218669.1
1790294400000,1.23842,1.24135,1.23751,1.23965,162979.56
1790467200000,1.23654,1.24075,1.23654,1.24038,8209.66
1790553600000,1.24039,1.24097,1.23686,1.23877,165941.94
1790640000000,1.23877,1.24367,1.23401,1.2391,169098.89
1790726400000,1.23909,1.24047,1.23053,1.2326,179708.89
1790812800000,1.2326,1.23854,1.23181,1.23681,217571.73
