timestamp,open,high,low,close,volume
1609632000000,0.77027,0.77139,0.76896,0.77109,5762.17
1609718400000,0.77109,0.77403,0.76419,0.76692,125177.98
1609804800000,0.76692,0.77773,0.76605,0.77618,135324.01
1609891200000,0.77621,0.78198,0.77327,0.78152,194727.77
1609977600000,0.78152,0.7816,0.77252,0.77682,136765.41
1610064000000,0.77683,0.77985,0.7728,0.77591,176576.35
1610236800000,0.7755,0.776,0.77115,0.77202,7078.53
1610323200000,0.7721,0.77305,0.76658,0.77068,136616.03
1610409600000,0.77067,0.77771,0.76864,0.77752,117909.16
1610496000000,0.77752,0.7781,0.77212,0.77461,106208.69
1610582400000,0.77462,0.78051,0.77281,0.77752,113434.02
1610668800000,0.77751,0.77883,0.76811,0.7698,123491.68
1610841600000,0.77076,0.77102,0.76826,0.76828,4851.16
1610928000000,0.7683,0.77039,0.76585,0.76846,96363.63
1611014400000,0.76846,0.77248,0.76842,0.77131,103503.21
1611100800000,0.77132,0.7763,0.77,0.77544,101145.35
1611187200000,0.77544,0.7782,0.77411,0.77593,109774.55
1611273600000,0.77594,0.77686,0.77016,0.77117,109290.55
1611446400000,0.77158,0.77206,0.77053,0.7713,4415.72
1611532800000,0.77135,0.7747,0.76824,0.77143,126650.74
1611619200000,0.77143,0.7754,0.76686,0.77529,101549.52
1611705600000,0.77529,0.77635,0.7641,0.76478,168079.77
1611792000000,0.76478,0.76975,0.75915,0.76703,186680.25
1611878400000,0.76703,0.77036,0.76309,0.76405,197762.45
1612051200000,0.76198,0.76302,0.76056,0.76207,9299.38
1612137600000,0.76204,0.76623,0.76119,0.76331,155375.07
1612224000000,0.7633,0.76611,0.75634,0.76055,133651.98
1612310400000,0.76054,0.76367,0.76012,0.76359,107601.01
1612396800000,0.76359,0.76474,0.75878,0.75999,105183.92
1612483200000,0.75999,0.7678,0.75826,0.76748,96588.63
1612656000000,0.76679,0.76813,0.76666,0.7678,5625.02
1612742400000,0.76783,0.77145,0.76508,0.77079,72979.15
1612828800000,0.77079,0.77426,0.77038,0.77395,87014.52
1612915200000,0.77395,0.77557,0.77169,0.77233,108591.75
1613001600000,0.77233,0.77712,0.77124,0.77513,75079.76
1613088000000,0.77512,0.77642,0.77177,0.77592,56156.84
1613260800000,0.77655,0.77674,0.77586,0.77624,3906.54
1613347200000,0.77626,0.77884,0.77592,0.7785,45706.68
1613433600000,0.77849,0.78049,0.77302,0.7735,79609.18
1613520000000,0.77351,0.77716,0.7724,0.77576,98440.08
1613606400000,0.77574,0.77893,0.77307,0.77678,100232.24
1613692800000,0.77678,0.78766,0.77572,0.78658,93365.99
1613865600000,0.78698,0.78916,0.78654,0.7882,3687.54
1613952000000,0.78819,0.7929,0.78549,0.79137,99765.23
1614038400000,0.79138,0.79344,0.788,0.79067,102892.88
1614124800000,0.79067,0.79778,0.78948,0.79752,117202.28
1614211200000,0.79751,0.80068,0.78583,0.78622,158646.39
1614297600000,0.78622,0.78715,0.76918,0.77034,214363.7
1614470400000,0.77107,0.77586,0.77067,0.77521,6193.05
1614556800000,0.77523,0.77864,0.77213,0.7773,122847.69
1614643200000,0.77729,0.78372,0.77353,0.78238,142921.97
1614729600000,0.7824,0.78379,0.7752,0.77525,137891.94
1614816000000,0.77526,0.78147,0.77041,0.77139,177236.82
1614902400000,0.77134,0.77262,0.76213,0.76815,181277.31
1615075200000,0.7691,0.7722,0.769,0.77077,6288.05
1615161600000,0.77076,0.77138,0.76358,0.76552,165276.61
1615248000000,0.76551,0.77255,0.76211,0.77149,135683.05
1615334400000,0.77148,0.77452,0.76681,0.77298,129829.44
1615420800000,0.77298,0.77934,0.77228,0.7785,109813.57
1615507200000,0.77851,0.78003,0.77239,0.77576,121907.17
1615680000000,0.77497,0.77629,0.77466,0.77613,5394.71
1615766400000,0.77617,0.77752,0.77054,0.77475,104257.58
1615852800000,0.77475,0.77571,0.77101,0.77457,95295.96
1615939200000,0.77456,0.78141,0.76987,0.7814,118252.12
1616025600000,0.78143,0.78489,0.77489,0.7752,146403.18
1616112000000,0.77523,0.77719,0.77172,0.77369,126772.68
1616284800000,0.77041,0.77296,0.77023,0.77221,6394.98
1616371200000,0.77223,0.77561,0.77044,0.77443,89317.24
1616457600000,0.77442,0.77464,0.75988,0.76062,103478.67
1616544000000,0.76063,0.7628,0.75779,0.75903,94342.31
1616630400000,0.75906,0.76138,0.75627,0.75921,109408.62
1616716800000,0.75923,0.76439,0.75873,0.76371,74686.16
1616889600000,0.76315,0.76445,0.76299,0.76366,3989.15
1616976000000,0.76366,0.76553,0.76147,0.76381,80914.03
1617062400000,0.76383,0.76635,0.75844,0.76078,84674.97
1617148800000,0.76079,0.76361,0.75878,0.75935,83589.49
1617235200000,0.75936,0.76194,0.75315,0.76161,88816.66
1617321600000,0.76162,0.76369,0.75925,0.75976,28224.29
1617494400000,0.76027,0.76205,0.76019,0.76189,6050.04
1617580800000,0.7619,0.766,0.7598,0.7657,47030.62
1617667200000,0.76566,0.76679,0.76053,0.76659,74347.38
1617753600000,0.76659,0.76765,0.76002,0.76131,84483.59
1617840000000,0.76131,0.76599,0.76022,0.76561,74691.65
1617926400000,0.76564,0.76606,0.75876,0.76168,76923.91
1618099200000,0.76135,0.76274,0.76096,0.7621,3398.83
1618185600000,0.7621,0.76351,0.75945,0.76265,70934.55
1618272000000,0.76265,0.76527,0.75846,0.76467,88897.62
1618358400000,0.76468,0.77374,0.76342,0.77244,85930.17
1618444800000,0.77243,0.77606,0.77051,0.77507,83917.2
1618531200000,0.77507,0.77588,0.77237,0.77327,68798.85
1618704000000,0.77269,0.77315,0.77127,0.77127,3260.38
1618790400000,0.77129,0.77841,0.77056,0.77641,80566.18
1618876800000,0.77643,0.78155,0.77088,0.77218,93195.73
1618963200000,0.7722,0.7762,0.76991,0.77536,84362.79
1619049600000,0.77536,0.77642,0.76902,0.77037,97511.38
1619136000000,0.77039,0.776,0.76998,0.77438,72225.2
1619308800000,0.77382,0.77523,0.77382,0.7742,3064.17
1619395200000,0.77421,0.78148,0.77414,0.77964,75107.11
1619481600000,0.77962,0.78034,0.77612,0.77671,71950.39
1619568000000,0.7767,0.78057,0.77247,0.78006,81471.77
1619654400000,0.78005,0.78175,0.77499,0.77768,78736.63
1619740800000,0.77768,0.77838,0.76955,0.77067,81658.89
1619913600000,0.77197,0.77214,0.77123,0.77197,2890.86
1620000000000,0.77199,0.77664,0.77058,0.77578,64889.61
1620086400000,0.77581,0.77605,0.76747,0.77128,97209.36
1620172800000,0.77128,0.77545,0.77036,0.77506,73462.97
1620259200000,0.77505,0.77879,0.77006,0.77867,92533.13
1620345600000,0.77864,0.78621,0.77606,0.78412,91130.38
1620518400000,0.78574,0.78619,0.78447,0.78579,3560.54
1620604800000,0.78579,0.78905,0.78264,0.78401,84508.79
1620691200000,0.78402,0.78563,0.78197,0.78371,103413.14
1620777600000,0.78375,0.78419,0.77189,0.7732,126083.36
1620864000000,0.7732,0.77458,0.76879,0.77234,116413.03
1620950400000,0.77237,0.7787,0.77137,0.77756,87265.57
1621123200000,0.77687,0.77833,0.77672,0.7778,2435.35
1621209600000,0.77778,0.77781,0.773,0.7773,84810.69
1621296000000,0.7773,0.78132,0.77674,0.77873,80322.63
1621382400000,0.77875,0.77972,0.77104,0.77195,131006.96
1621468800000,0.77196,0.77811,0.7716,0.7769,85046.52
1621555200000,0.77689,0.77823,0.77186,0.77254,77609.84
1621728000000,0.77278,0.77315,0.77227,0.77248,2461.1
1621814400000,0.77245,0.77573,0.77056,0.77503,62288.47
1621900800000,0.77502,0.77759,0.77326,0.77497,78781.01
1621987200000,0.77495,0.77955,0.77306,0.77392,81101.71
1622073600000,0.7739,0.77571,0.77226,0.7742,79993.71
1622160000000,0.7742,0.77468,0.76769,0.77078,78415.16
1622332800000,0.77084,0.77147,0.77046,0.77075,1850.34
1622419200000,0.77077,0.7746,0.77001,0.7743,57457.68
1622505600000,0.77434,0.77689,0.77304,0.77553,77354.14
1622592000000,0.77554,0.77728,0.77148,0.77436,65093.24
1622678400000,0.77438,0.77534,0.7645,0.76614,83404.63
1622764800000,0.76616,0.77448,0.76507,0.77383,70661.28
1622937600000,0.77322,0.77444,0.77222,0.77408,1294.88
1623024000000,0.77408,0.77653,0.77262,0.77559,49219.24
1623110400000,0.77557,0.77632,0.77312,0.77365,55699.91
1623196800000,0.77364,0.77618,0.77238,0.77289,52194.03
1623283200000,0.77288,0.77631,0.77169,0.77469,89179.14
1623369600000,0.77472,0.77753,0.76879,0.77019,74537.89
1623542400000,0.77036,0.77095,0.77036,0.77072,1314.13
1623628800000,0.77073,0.77255,0.76934,0.77113,60689.61
1623715200000,0.77114,0.77163,0.76737,0.76852,79048.75
1623801600000,0.76855,0.77152,0.76043,0.76144,118824.59
1623888000000,0.76143,0.76452,0.75392,0.75564,138007.7
1623974400000,0.75563,0.75606,0.74761,0.74762,139066.72
1624147200000,0.74834,0.75051,0.74796,0.7501,4969.24
1624233600000,0.75008,0.75457,0.74771,0.75342,132602.42
1624320000000,0.75342,0.7564,0.74936,0.75537,94736.34
1624406400000,0.75537,0.75986,0.75374,0.75727,97038.16
1624492800000,0.75729,0.75911,0.75651,0.75813,98144.43
1624579200000,0.75813,0.76162,0.75792,0.75895,87272.8
1624752000000,0.75738,0.7595,0.75735,0.75941,3302.75
1624838400000,0.7594,0.76013,0.75541,0.75677,78259.49
1624924800000,0.75678,0.75702,0.75071,0.75129,80536.89
1625011200000,0.75131,0.75267,0.74914,0.7497,83610.43
1625097600000,0.7497,0.75074,0.74599,0.7465,89070.79
1625184000000,0.7465,0.75326,0.74441,0.75218,90555.75
1625356800000,0.75204,0.75287,0.75171,0.75176,4064.93
1625443200000,0.75176,0.75472,0.75084,0.754,67335.82
1625529600000,0.75401,0.75985,0.74803,0.74942,117828.01
1625616000000,0.74943,0.75335,0.74623,0.74829,102094.83
1625702400000,0.74828,0.74835,0.7416,0.74325,174652.65
1625788800000,0.74327,0.74937,0.74093,0.74904,113125.99
1625961600000,0.74779,0.74926,0.74776,0.74891,3924.14
1626048000000,0.7489,0.74956,0.74478,0.74772,92758.83
1626134400000,0.74773,0.75026,0.74258,0.74393,109388.96
1626220800000,0.7439,0.74871,0.74306,0.74802,121314.05
1626307200000,0.74802,0.74843,0.74099,0.74222,111985.55
1626393600000,0.74225,0.74423,0.73917,0.7393,89991.7
1626566400000,0.73991,0.74082,0.73848,0.73877,4630.19
1626652800000,0.73878,0.73888,0.73213,0.73367,138909.42
1626739200000,0.73366,0.73567,0.72993,0.73381,114504.24
1626825600000,0.73381,0.73622,0.7289,0.73512,88869.28
1626912000000,0.73511,0.7399,0.73417,0.73799,101678.95
1626998400000,0.738,0.73895,0.73565,0.73624,75757.54
1627171200000,0.73624,0.73721,0.73552,0.73674,2063.39
1627257600000,0.73676,0.73902,0.73301,0.73835,93181.8
1627344000000,0.73835,0.73883,0.73367,0.73656,108165.94
1627430400000,0.73656,0.7381,0.73164,0.73764,126871.15
1627516800000,0.73764,0.74131,0.73589,0.73955,85777.88
1627603200000,0.73953,0.74041,0.73306,0.73415,96664.95
1627776000000,0.73323,0.73457,0.73323,0.73411,2730.65
1627862400000,0.73414,0.73817,0.73286,0.73598,79783.04
1627948800000,0.73599,0.74079,0.73569,0.73961,92645.23
1628035200000,0.73959,0.74263,0.73696,0.73818,74137.17
1628121600000,0.73818,0.74155,0.73762,0.74024,68279.05
1628208000000,0.74024,0.74041,0.7346,0.73518,70053.29
1628380800000,0.7351,0.7357,0.73297,0.73346,6378.46
1628467200000,0.73347,0.73634,0.73275,0.73294,63070.86
1628553600000,0.73294,0.73556,0.73155,0.73432,58189.99
1628640000000,0.73434,0.73888,0.73228,0.737,66263.92
1628726400000,0.737,0.73728,0.73315,0.73406,50463.13
1628812800000,0.73407,0.73809,0.73328,0.73677,43114.43
1628985600000,0.73614,0.73725,0.73614,0.73648,2265.47
1629072000000,0.73649,0.73672,0.73189,0.73386,53117.86
1629158400000,0.73386,0.73386,0.72421,0.72548,77645.37
1629244800000,0.72546,0.7269,0.72282,0.72304,75673.68
1629331200000,0.72304,0.72344,0.71419,0.71458,112995.18
1629417600000,0.71457,0.71559,0.71056,0.71347,84990.63
1629590400000,0.71213,0.71408,0.711,0.71378,3551.34
1629676800000,0.71379,0.72175,0.71379,0.72081,71566.57
1629763200000,0.7208,0.72706,0.72003,0.72481,66199.1
1629849600000,0.72483,0.728,0.72367,0.72759,66345.78
1629936000000,0.72761,0.72792,0.72338,0.72378,75244.17
1630022400000,0.72378,0.73164,0.72216,0.73089,79973.93
1630195200000,0.73029,0.73157,0.73029,0.7315,2255.84
1630281600000,0.73149,0.73181,0.7284,0.72894,51561.68
1630368000000,0.72896,0.73409,0.72876,0.73173,86750.76
1630454400000,0.73174,0.73835,0.73075,0.73654,74387.45
1630540800000,0.73654,0.74091,0.73554,0.7397,73053.77
1630627200000,0.73971,0.74775,0.73949,0.7447,83830.08
1630800000000,0.74531,0.74544,0.74424,0.74425,3170.66
1630886400000,0.74425,0.74433,0.74259,0.74358,88210.52
1630972800000,0.74357,0.7468,0.73743,0.73859,97083.8
1631059200000,0.73861,0.74036,0.73446,0.73607,99572.85
1631145600000,0.73607,0.73938,0.73465,0.73672,103737.19
1631232000000,0.73674,0.74093,0.73477,0.73512,80921.83
1631404800000,0.73473,0.73678,0.73473,0.7365,2607.14
1631491200000,0.73648,0.73753,0.73356,0.73652,83802.33
1631577600000,0.73652,0.73729,0.73129,0.73163,101522.68
1631664000000,0.73164,0.73436,0.73007,0.73408,86476.86
1631750400000,0.73407,0.73468,0.72736,0.72909,84931.61
1631836800000,0.72909,0.73212,0.72612,0.72613,87390.68
1632009600000,0.72616,0.72668,0.72589,0.7263,2386.37
1632096000000,0.7263,0.72679,0.72196,0.7259,140513.87
1632182400000,0.72591,0.72826,0.72212,0.72279,107267.98
1632268800000,0.72278,0.7296,0.72233,0.72318,132131.13
1632355200000,0.72319,0.7315,0.72224,0.72962,99859.68
1632441600000,0.72962,0.73161,0.72356,0.72577,90870.31
1632614400000,0.72525,0.72678,0.72505,0.72645,2866.45
1632700800000,0.72646,0.72934,0.72491,0.72799,107889.62
1632787200000,0.72797,0.73106,0.7225,0.72435,138368.17
1632873600000,0.72431,0.72638,0.717,0.71782,114829.43
1632960000000,0.7178,0.7257,0.71766,0.72282,130948.15
1633046400000,0.72282,0.7276,0.71916,0.72598,149254.3
1633219200000,0.72568,0.72823,0.72563,0.72742,5916.39
1633305600000,0.72741,0.73037,0.72508,0.72888,132571.98
1633392000000,0.72886,0.73006,0.72484,0.72875,105650.87
1633478400000,0.72874,0.72915,0.72254,0.72819,148576.33
1633564800000,0.72816,0.73238,0.72701,0.73162,96533.07
1633651200000,0.73159,0.73377,0.72877,0.73052,120706.68
1633824000000,0.73047,0.7312,0.72917,0.72939,3907.28
1633910400000,0.7294,0.73725,0.72934,0.73478,101934.61
1633996800000,0.73476,0.73841,0.73318,0.73328,114005.18
1634083200000,0.73329,0.7383,0.7323,0.73825,107797.92
1634169600000,0.73825,0.74262,0.73714,0.74131,88784.57
1634256000000,0.74131,0.74396,0.7403,0.74174,82309.57
1634428800000,0.74146,0.7437,0.74125,0.74237,6262.11
1634515200000,0.74238,0.74251,0.73781,0.74148,92547.53
1634601600000,0.74149,0.74851,0.74144,0.74744,93715.49
1634688000000,0.74743,0.75222,0.74647,0.75146,95491.73
1634774400000,0.75145,0.7546,0.7458,0.74628,97197.67
1634860800000,0.7463,0.75118,0.74533,0.74631,120278.34
1635033600000,0.74647,0.7471,0.7462,0.74682,3170.03
1635120000000,0.74679,0.75048,0.74641,0.74912,94573.47
1635206400000,0.74912,0.7525,0.74888,0.75119,98755.56
1635292800000,0.75119,0.75356,0.74868,0.74995,115096.27
1635379200000,0.74996,0.7555,0.74793,0.75305,137166.26
1635465600000,0.75305,0.75548,0.74998,0.75191,118105.92
1635638400000,0.75059,0.75203,0.75059,0.75173,3158.34
1635724800000,0.75172,0.75357,0.74857,0.75199,86797.99
1635811200000,0.752,0.75315,0.74198,0.74354,104353.42
1635897600000,0.74353,0.74691,0.74119,0.74684,122546.09
1635984000000,0.74683,0.74701,0.73824,0.74078,108994.93
1636070400000,0.74077,0.74117,0.73595,0.73979,121107.44
1636243200000,0.73911,0.74036,0.7391,0.73947,3025.64
1636329600000,0.73948,0.74307,0.73838,0.7414,73133.94
1636416000000,0.74142,0.74312,0.73603,0.73754,103230.75
1636502400000,0.73754,0.73929,0.73225,0.73333,121571.09
1636588800000,0.73332,0.73406,0.72859,0.729,98812.81
1636675200000,0.729,0.73347,0.72761,0.73282,80179.87
1636848000000,0.73217,0.73359,0.73217,0.73316,2084.23
1636934400000,0.73313,0.73702,0.73228,0.73447,77363.51
1637020800000,0.73447,0.73676,0.72917,0.73006,96813.68
1637107200000,0.73006,0.73044,0.72582,0.72676,97686.25
1637193600000,0.72676,0.72926,0.72491,0.72759,82328.17
1637280000000,0.72759,0.72909,0.72264,0.72298,114935.87
1637452800000,0.72344,0.72352,0.72281,0.72306,2593.94
1637539200000,0.72305,0.72729,0.72202,0.72268,100560.11
1637625600000,0.72268,0.72359,0.72064,0.72212,109702.45
1637712000000,0.72213,0.72271,0.71835,0.72011,111441.34
1637798400000,0.72009,0.72088,0.71725,0.71727,83203.42
1637884800000,0.71727,0.71772,0.71106,0.7113,160142.79
1638057600000,0.71353,0.71446,0.71142,0.71421,5448.97
1638144000000,0.71418,0.71591,0.71132,0.71449,102024.91
1638230400000,0.7145,0.71702,0.70624,0.71242,194085.15
1638316800000,0.71245,0.71727,0.70943,0.71068,128377.4
1638403200000,0.71068,0.71192,0.70835,0.7087,141300.71
1638489600000,0.70867,0.70897,0.69926,0.69951,137733.33
1638662400000,0.69978,0.70199,0.69978,0.70167,3177.21
1638748800000,0.70168,0.70541,0.7006,0.70483,91426.22
1638835200000,0.70482,0.71239,0.70391,0.71217,91486.73
1638921600000,0.7122,0.71833,0.71166,0.71682,111120.97
1639008000000,0.71681,0.71864,0.71353,0.71458,74692.44
1639094400000,0.71458,0.71819,0.71316,0.71671,80507.43
1639267200000,0.71584,0.71718,0.71574,0.7165,3368.97
1639353600000,0.71649,0.71757,0.71101,0.71306,73792.64
1639440000000,0.71306,0.71351,0.70895,0.71033,76234.79
1639526400000,0.71035,0.71771,0.70915,0.71659,110858.69
1639612800000,0.7166,0.72233,0.7145,0.71749,118497.49
1639699200000,0.71748,0.71814,0.71217,0.71217,101260.52
1639872000000,0.71271,0.71323,0.71086,0.71159,3451.04
1639958400000,0.7116,0.71272,0.70817,0.71088,124796.51
1640044800000,0.71088,0.71557,0.70981,0.71471,67546.79
1640131200000,0.7147,0.72198,0.71202,0.72115,65146.68
1640217600000,0.72113,0.72513,0.71956,0.72315,61561.73
1640304000000,0.72316,0.72434,0.72129,0.72159,63184.96
1640476800000,0.72255,0.72373,0.72181,0.72291,1517.58
1640563200000,0.72291,0.72443,0.72051,0.7235,42870.12
1640649600000,0.72353,0.72634,0.72183,0.72317,41297.73
1640736000000,0.72317,0.7272,0.72126,0.72578,58018.99
1640822400000,0.72577,0.72753,0.7243,0.72489,52458.75
1640908800000,0.72488,0.7277,0.72438,0.72641,51935.03
1640995200000,0.72641,0.72641,0.72641,0.72641,0.0
1641081600000,0.72538,0.72749,0.72538,0.72671,1199.8299560546875
1641168000000,0.72669,0.72766,0.71837,0.7195,53604.171875
1641254400000,0.71954,0.72483,0.71846,0.72382,68303.890625
1641340800000,0.72381,0.72719,0.72138,0.72201,85133.84375
1641427200000,0.72201,0.72205,0.71455,0.71619,96490.140625
1641513600000,0.71617,0.71873,0.71293,0.71776,76559.15625
1641600000000,0.71776,0.71776,0.71776,0.71776,0.0
1641686400000,0.71724,0.71841,0.71703,0.71778,2757.64990234375
1641772800000,0.71777,0.72021,0.71483,0.71794,99033.1328125
1641859200000,0.71797,0.72141,0.71544,0.72093,87773.7109375
1641945600000,0.72092,0.72922,0.71998,0.72813,90770.296875
1642032000000,0.72813,0.73138,0.72731,0.72805,83521.9375
1642118400000,0.72805,0.72931,0.71977,0.72094,96377.7265625
1642204800000,0.72094,0.72094,0.72094,0.72094,0.0
1642291200000,0.72147,0.72234,0.7207,0.72153,2628.919921875
1642377600000,0.72153,0.7229,0.7195,0.72108,59689.55078125
1642464000000,0.72108,0.72274,0.71696,0.71865,112362.390625
1642550400000,0.71869,0.72376,0.71765,0.72155,92956.203125
1642636800000,0.72155,0.7276,0.72041,0.72158,95376.296875
1642723200000,0.72159,0.72182,0.71711,0.71721,130069.8125
1642809600000,0.71721,0.71721,0.71721,0.71721,0.0
1642896000000,0.71708,0.71872,0.71708,0.71868,4300.52978515625
1642982400000,0.71869,0.7187,0.70901,0.71533,172861.21875
1643068800000,0.71535,0.7176,0.71209,0.7158,176206.546875
1643155200000,0.71578,0.71809,0.70951,0.71208,171681.71875
1643241600000,0.71207,0.71209,0.70233,0.70345,190715.3125
1643328000000,0.70349,0.70454,0.69669,0.69917,218465.21875
1643414400000,0.69917,0.69917,0.69917,0.69917,0.0
1643500800000,0.69893,0.6997,0.69866,0.69959,4262.60009765625
1643587200000,0.69959,0.70762,0.69915,0.70675,119842.0703125
1643673600000,0.70674,0.7139,0.70329,0.71332,136095.328125
1643760000000,0.71331,0.71587,0.71177,0.71201,110391.15625
1643846400000,0.71201,0.71678,0.71093,0.71417,153450.625
1643932800000,0.71418,0.7151,0.70512,0.70724,142106.171875
1644019200000,0.70724,0.70724,0.70724,0.70724,0.0
1644105600000,0.70764,0.70854,0.70746,0.70791,3512.429931640625
1644192000000,0.70794,0.71299,0.70648,0.71265,119975.3515625
1644278400000,0.71267,0.7147,0.71062,0.71446,106243.8125
1644364800000,0.71446,0.71941,0.71413,0.71765,85698.578125
1644451200000,0.71767,0.72483,0.71467,0.71609,153474.875
1644537600000,0.7161,0.71848,0.71081,0.71318,200489.71875
1644624000000,0.71318,0.71318,0.71318,0.71318,0.0
1644710400000,0.7126,0.71499,0.71254,0.71439,6316.58984375
1644796800000,0.71436,0.71461,0.70857,0.71314,212252.28125
1644883200000,0.71313,0.71561,0.71012,0.71477,141042.84375
1644969600000,0.71475,0.72075,0.7143,0.7192,137327.96875
1645056000000,0.71919,0.72171,0.7149,0.71866,187724.265625
1645142400000,0.71865,0.72275,0.71643,0.71711,156778.484375
1645228800000,0.71711,0.71711,0.71711,0.71711,0.0
1645315200000,0.71694,0.7178,0.71664,0.71712,4140.93994140625
1645401600000,0.71715,0.72223,0.71669,0.71834,158834.9375
1645488000000,0.71836,0.72331,0.71802,0.72261,189534.203125
1645574400000,0.7226,0.72835,0.72182,0.72271,140934.984375
1645660800000,0.7227,0.72287,0.70942,0.71596,345324.78125
1645747200000,0.71597,0.72373,0.71392,0.72333,230494.40625
1645833600000,0.72333,0.72333,0.72333,0.72333,0.0
1645920000000,0.71584,0.71898,0.71568,0.7185,12659.259765625
1646006400000,0.71848,0.72671,0.7167,0.72582,227726.640625
1646092800000,0.72583,0.72893,0.72376,0.72605,184959.015625
1646179200000,0.72605,0.73062,0.72429,0.72925,203354.125
1646265600000,0.72925,0.73472,0.72757,0.73354,163641.15625
1646352000000,0.73352,0.73801,0.73,0.737,198782.171875
1646438400000,0.737,0.737,0.737,0.737,0.0
1646524800000,0.73732,0.73945,0.73541,0.73935,8658.8603515625
1646611200000,0.73934,0.74408,0.73094,0.73286,256055.71875
1646697600000,0.73288,0.73476,0.72448,0.72669,247004.015625
1646784000000,0.72671,0.73369,0.72662,0.73162,168091.359375
1646870400000,0.73163,0.73671,0.7287,0.73649,172900.796875
1646956800000,0.73653,0.73661,0.72818,0.72901,163260.921875
1647043200000,0.72901,0.72901,0.72901,0.72901,0.0
1647129600000,0.72878,0.72983,0.72805,0.7296,4882.7099609375
1647216000000,0.72961,0.72966,0.71858,0.71979,140208.765625
1647302400000,0.71979,0.72269,0.71647,0.71894,139863.3125
1647388800000,0.71894,0.72965,0.71801,0.72879,168799.859375
1647475200000,0.72879,0.73927,0.72829,0.73807,158173.265625
1647561600000,0.73808,0.74174,0.73602,0.74128,111924.0703125
1647648000000,0.74128,0.74128,0.74128,0.74128,0.0
1647734400000,0.74034,0.74137,0.73995,0.74092,4376.08984375
1647820800000,0.74093,0.74243,0.73733,0.73952,120669.2734375
1647907200000,0.73951,0.74765,0.73751,0.74616,115172.5078125
1647993600000,0.74615,0.75067,0.74497,0.74984,108218.28125
1648080000000,0.74985,0.75272,0.74659,0.75096,121325.6328125
1648166400000,0.75098,0.75363,0.74945,0.75123,129363.9375
1648252800000,0.75123,0.75123,0.75123,0.75123,0.0
1648339200000,0.74998,0.7521,0.74954,0.75169,4530.02001953125
1648425600000,0.75166,0.75395,0.74662,0.74963,143155.71875
1648512000000,0.74963,0.7524,0.74555,0.75139,160211.65625
1648598400000,0.75139,0.75359,0.74935,0.75009,131136.125
1648684800000,0.75009,0.75252,0.74701,0.74911,131044.5234375
1648771200000,0.74911,0.75241,0.74721,0.74973,111439.8203125
1648857600000,0.74973,0.74973,0.74973,0.74973,0.0
1648944000000,0.74873,0.74948,0.74737,0.7485,2781.0
1649030400000,0.74851,0.75559,0.74825,0.75427,98259.5078125
1649116800000,0.75426,0.76607,0.75355,0.75848,125549.9921875
1649203200000,0.75846,0.75927,0.74855,0.75041,139884.484375
1649289600000,0.7504,0.7513,0.74663,0.74775,122800.5078125
1649376000000,0.74774,0.74922,0.74259,0.74577,105275.109375
1649462400000,0.74577,0.74577,0.74577,0.74577,0.0
1649548800000,0.74548,0.74652,0.74447,0.7445,3726.820068359375
1649635200000,0.74449,0.74601,0.74114,0.74141,118328.3515625
1649721600000,0.74141,0.74929,0.73992,0.74532,135351.640625
1649808000000,0.74532,0.74742,0.73913,0.74495,141708.125
1649894400000,0.74498,0.74679,0.73969,0.74072,136932.078125
1649980800000,0.74071,0.74125,0.73892,0.73898,61846.23046875
1650067200000,0.73898,0.73898,0.73898,0.73898,0.0
1650153600000,0.73899,0.7403,0.73831,0.73958,4608.91015625
1650240000000,0.73959,0.73967,0.73423,0.73564,90164.2421875
1650326400000,0.73561,0.73996,0.73446,0.73928,122101.7734375
1650412800000,0.73929,0.74571,0.73724,0.74435,124273.3984375
1650499200000,0.74435,0.74577,0.73589,0.73597,129427.7578125
1650585600000,0.736,0.73687,0.72342,0.72352,147784.34375
1650672000000,0.72352,0.72352,0.72352,0.72352,0.0
1650758400000,0.72498,0.72501,0.72315,0.72316,6578.509765625
1650844800000,0.72317,0.7233,0.71346,0.71761,223226.640625
1650931200000,0.71761,0.72282,0.7118,0.7141,175892.09375
1651017600000,0.71412,0.71901,0.71009,0.71211,180742.265625
1651104000000,0.71211,0.71616,0.70544,0.71087,205003.578125
1651190400000,0.71092,0.71794,0.70571,0.70581,167126.828125
1651276800000,0.70581,0.70581,0.70581,0.70581,0.0
1651363200000,0.70682,0.70752,0.70595,0.70624,9714.419921875
1651449600000,0.70625,0.70815,0.70294,0.70503,138067.984375
1651536000000,0.70503,0.71472,0.70503,0.71004,164887.65625
1651622400000,0.71003,0.72648,0.70882,0.72509,187355.5
1651708800000,0.72509,0.72657,0.70768,0.71187,233012.390625
1651795200000,0.71189,0.71347,0.70579,0.7071,265239.875
1651881600000,0.7071,0.7071,0.7071,0.7071,0.0
1651968000000,0.70624,0.70704,0.70419,0.70441,11871.5302734375
1652054400000,0.70441,0.70458,0.69429,0.69531,234630.9375
1652140800000,0.6953,0.69857,0.69102,0.69321,285551.59375
1652227200000,0.6932,0.70532,0.69256,0.69258,251535.46875
1652313600000,0.69258,0.69526,0.68284,0.68679,293715.59375
1652400000000,0.68679,0.69405,0.68625,0.69356,174913.1875
1652486400000,0.69356,0.69356,0.69356,0.69356,0.0
1652572800000,0.69174,0.69527,0.69174,0.69469,5823.2099609375
1652659200000,0.69467,0.6982,0.68718,0.69723,179218.8125
1652745600000,0.69722,0.704,0.69713,0.70296,177823.9375
1652832000000,0.70293,0.70461,0.69491,0.69575,161853.28125
1652918400000,0.69576,0.70722,0.69531,0.70411,243235.515625
1653004800000,0.70411,0.7073,0.70016,0.70381,181515.34375
1653091200000,0.70381,0.70381,0.70381,0.70381,0.0
1653177600000,0.70465,0.70688,0.7039,0.70609,7743.7001953125
1653264000000,0.70608,0.71265,0.70581,0.70858,170240.296875
1653350400000,0.70858,0.71186,0.70565,0.71008,173257.515625
1653436800000,0.71006,0.71184,0.70351,0.70889,183741.125
1653523200000,0.70888,0.71092,0.70567,0.70976,141286.34375
1653609600000,0.70977,0.71665,0.70888,0.7157,130999.953125
1653696000000,0.7157,0.7157,0.7157,0.7157,0.0
1653782400000,0.71575,0.71651,0.71446,0.71578,5405.419921875
1653868800000,0.71579,0.71994,0.71565,0.71936,107095.046875
1653955200000,0.71937,0.7203,0.71492,0.7182,160236.546875
1654041600000,0.71822,0.72298,0.71552,0.71707,154779.796875
1654128000000,0.71707,0.72701,0.71403,0.72645,128995.59375
1654214400000,0.72645,0.72826,0.72011,0.72034,129555.046875
1654300800000,0.72034,0.72034,0.72034,0.72034,0.0
1654387200000,0.72115,0.72158,0.71999,0.72002,5231.89990234375
1654473600000,0.72003,0.72313,0.71801,0.71859,108069.90625
1654560000000,0.71858,0.72461,0.71566,0.72207,158030.765625
1654646400000,0.72205,0.72337,0.7175,0.71858,141805.3125
1654732800000,0.71859,0.71938,0.7093,0.70971,163653.046875
1654819200000,0.7097,0.71375,0.70369,0.7044,192332.1875
1654905600000,0.7044,0.7044,0.7044,0.7044,0.0
1654992000000,0.70352,0.70446,0.70148,0.70192,8432.7001953125
1655078400000,0.70192,0.70337,0.69107,0.69401,224906.078125
1655164800000,0.694,0.69699,0.685,0.68868,244129.90625
1655251200000,0.6887,0.70238,0.68852,0.70172,264536.53125
1655337600000,0.70171,0.70685,0.6943,0.70395,255477.15625
1655424000000,0.70395,0.70423,0.6897,0.69322,216133.375
1655510400000,0.69322,0.69322,0.69322,0.69322,0.0
1655596800000,0.6915,0.69566,0.6915,0.69504,8119.72998046875
1655683200000,0.69501,0.69954,0.69262,0.69676,151398.40625
1655769600000,0.69674,0.69933,0.69342,0.6959,171167.5
1655856000000,0.69592,0.6961,0.68809,0.69045,184042.015625
1655942400000,0.69046,0.69258,0.68687,0.69021,201286.71875
1656028800000,0.6902,0.69573,0.68881,0.69402,161081.765625
1656115200000,0.69402,0.69402,0.69402,0.69402,0.0
1656201600000,0.69415,0.69584,0.69365,0.69438,7265.72021484375
1656288000000,0.69433,0.69482,0.69066,0.69204,195003.859375
1656374400000,0.69203,0.69641,0.69022,0.69027,214235.625
1656460800000,0.69028,0.69195,0.68611,0.68776,220658.484375
1656547200000,0.68774,0.69188,0.68529,0.68973,210902.171875
1656633600000,0.68971,0.69027,0.67634,0.68105,222648.078125
1656720000000,0.68105,0.68105,0.68105,0.68105,0.0
1656806400000,0.68038,0.68248,0.68038,0.68127,9321.7900390625
1656892800000,0.68126,0.68882,0.67931,0.68707,138675.65625
1656979200000,0.68706,0.68943,0.67612,0.67933,228573.953125
1657065600000,0.67932,0.68256,0.67614,0.67814,245762.671875
1657152000000,0.67813,0.685,0.67639,0.6847,180843.03125
1657238400000,0.68472,0.68738,0.67911,0.68538,197060.1875
1657324800000,0.68538,0.68538,0.68538,0.68538,0.0
1657411200000,0.68404,0.6854,0.68356,0.68444,8048.9501953125
1657497600000,0.6845,0.68453,0.67141,0.67398,197856.046875
1657584000000,0.67399,0.67784,0.67104,0.67453,218828.015625
1657670400000,0.67452,0.68029,0.67251,0.67319,278722.3125
1657756800000,0.67319,0.67874,0.6681,0.67557,340825.125
1657843200000,0.67555,0.68058,0.67186,0.67887,245670.984375
1657929600000,0.67887,0.67887,0.67887,0.67887,0.0
1658016000000,0.67847,0.68135,0.67838,0.68128,9907.830078125
1658102400000,0.68127,0.6854,0.67926,0.68091,194024.03125
1658188800000,0.68092,0.6912,0.68019,0.68948,219459.015625
1658275200000,0.68948,0.69297,0.68726,0.68835,200714.375
1658361600000,0.68833,0.69378,0.68585,0.69216,228950.75
1658448000000,0.69214,0.69769,0.68927,0.69227,224191.390625
1658534400000,0.69227,0.69227,0.69227,0.69227,0.0
1658620800000,0.69217,0.69264,0.69027,0.69031,8416.599609375
1658707200000,0.69032,0.69647,0.68782,0.69497,188315.484375
1658793600000,0.69501,0.69826,0.69216,0.69447,167636.0625
1658880000000,0.69447,0.70117,0.69114,0.69933,188745.578125
1658966400000,0.6993,0.70134,0.69544,0.6997,212644.765625
1659052800000,0.69973,0.70312,0.69105,0.69881,209588.6875
1659139200000,0.69881,0.69881,0.69881,0.69881,0.0
1659225600000,0.69697,0.69866,0.69671,0.697,11336.73046875
1659312000000,0.697,0.70466,0.69676,0.70234,218603.046875
1659398400000,0.70235,0.70316,0.68878,0.68897,342696.125
1659484800000,0.68903,0.6955,0.68857,0.6937,253539.625
1659571200000,0.6937,0.69893,0.69344,0.69591,230431.328125
1659657600000,0.69593,0.69742,0.68689,0.69111,226066.828125
1659744000000,0.69111,0.69111,0.69111,0.69111,0.0
1659830400000,0.68913,0.69107,0.68913,0.69024,10502.259765625
1659916800000,0.69024,0.70087,0.68974,0.6988,170174.625
1660003200000,0.6988,0.69942,0.6953,0.69537,147128.0
1660089600000,0.69536,0.71085,0.69461,0.70812,217787.8125
1660176000000,0.7081,0.71363,0.70625,0.71008,207087.59375
1660262400000,0.7101,0.71278,0.70842,0.71201,165218.0
1660348800000,0.71201,0.71201,0.71201,0.71201,0.0
1660435200000,0.71129,0.71242,0.71055,0.71148,8177.009765625
1660521600000,0.7115,0.71246,0.70105,0.70183,171912.5625
1660608000000,0.70183,0.70395,0.69905,0.70189,181952.40625
1660694400000,0.70188,0.70258,0.69104,0.69305,238295.84375
1660780800000,0.69305,0.69694,0.68984,0.69106,222933.625
1660867200000,0.6911,0.69191,0.68585,0.68712,179531.15625
1660953600000,0.68712,0.68712,0.68712,0.68712,0.0
1661040000000,0.6869,0.68775,0.68607,0.68763,10811.580078125
1661126400000,0.68764,0.69283,0.68617,0.68775,197584.625
1661212800000,0.68775,0.69628,0.68555,0.69205,242861.15625
1661299200000,0.69205,0.69283,0.68784,0.69049,198461.203125
1661385600000,0.69049,0.69907,0.69017,0.69613,212579.484375
1661472000000,0.69614,0.70084,0.68877,0.68892,252774.203125
1661558400000,0.68892,0.68892,0.68892,0.68892,0.0
1661644800000,0.68781,0.68852,0.68596,0.6864,14030.7802734375
1661731200000,0.68641,0.69255,0.68403,0.69067,270004.8125
1661817600000,0.69069,0.69556,0.6845,0.68536,280863.4375
1661904000000,0.68536,0.69036,0.68254,0.68273,315397.90625
1661990400000,0.68272,0.68452,0.67706,0.67944,315810.1875
1662076800000,0.67943,0.68543,0.67788,0.68165,270016.46875
1662163200000,0.68165,0.68165,0.68165,0.68165,0.0
1662249600000,0.67773,0.67977,0.67757,0.67885,12339.66015625
1662336000000,0.67885,0.68146,0.67722,0.68104,164743.375
1662422400000,0.68104,0.68317,0.67245,0.67272,281109.0
1662508800000,0.67276,0.67732,0.66985,0.67517,264890.3125
1662595200000,0.67519,0.67654,0.67124,0.6764,306616.28125
1662681600000,0.67638,0.68768,0.67616,0.68385,254074.8125
1662768000000,0.68385,0.68385,0.68385,0.68385,0.0
1662854400000,0.68273,0.685,0.68208,0.68449,11396.490234375
1662940800000,0.6845,0.68991,0.68236,0.68922,207519.203125
1663027200000,0.68923,0.69155,0.67246,0.674,257254.9375
1663113600000,0.674,0.67617,0.67044,0.6752,276351.46875
1663200000000,0.67524,0.67694,0.66843,0.6686,236507.109375
1663286400000,0.6686,0.67236,0.66694,0.67195,242920.046875
1663372800000,0.67195,0.67195,0.67195,0.67195,0.0
1663459200000,0.67136,0.67334,0.67099,0.67244,10786.9296875
1663545600000,0.67244,0.67349,0.66715,0.67318,198240.3125
1663632000000,0.67318,0.6747,0.66759,0.66942,221038.453125
1663718400000,0.66941,0.67044,0.66068,0.66116,295642.3125
1663804800000,0.6612,0.66703,0.65736,0.66436,361546.8125
1663891200000,0.66432,0.66552,0.65108,0.65358,325651.0625
1663977600000,0.65358,0.65358,0.65358,0.65358,0.0
1664064000000,0.65141,0.65374,0.65092,0.65301,19206.560546875
1664150400000,0.65302,0.65363,0.64371,0.64708,442397.59375
1664236800000,0.64709,0.65126,0.64134,0.64339,372943.1875
1664323200000,0.64335,0.65303,0.63626,0.65023,466754.40625
1664409600000,0.65024,0.6518,0.6435,0.65078,407985.5
1664496000000,0.65077,0.65234,0.63907,0.64023,400019.6875
1664582400000,0.64023,0.64023,0.64023,0.64023,0.0
1664668800000,0.63995,0.64278,0.63975,0.64192,17846.720703125
1664755200000,0.64192,0.65214,0.64109,0.65025,319714.6875
1664841600000,0.65026,0.6547,0.64497,0.65127,314757.625
1664928000000,0.65127,0.65256,0.6416,0.65117,336869.34375
1665014400000,0.65116,0.65404,0.63887,0.64137,411975.125
1665100800000,0.64136,0.64319,0.63537,0.63604,298244.59375
1665187200000,0.63604,0.63604,0.63604,0.63604,0.0
1665273600000,0.63569,0.63656,0.63415,0.63601,20763.490234375
1665360000000,0.63601,0.63796,0.62742,0.62953,343400.78125
1665446400000,0.62953,0.63453,0.62468,0.62641,379973.375
1665532800000,0.62641,0.62983,0.6235,0.62751,379692.84375
1665619200000,0.62747,0.63159,0.61695,0.62943,382467.6875
1665705600000,0.62943,0.63465,0.61934,0.61989,396541.4375
1665792000000,0.61989,0.61989,0.61989,0.61989,0.0
1665878400000,0.62053,0.62232,0.62021,0.62212,12731.1396484375
1665964800000,0.62212,0.63115,0.62091,0.62967,275392.59375
1666051200000,0.62966,0.63393,0.62653,0.63142,326957.25
1666137600000,0.63141,0.63236,0.62507,0.62627,257982.375
1666224000000,0.62627,0.63555,0.62278,0.62736,323914.71875
1666310400000,0.62738,0.63923,0.62096,0.63853,383296.03125
1666396800000,0.63853,0.63853,0.63853,0.63853,0.0
1666483200000,0.63939,0.64104,0.63545,0.63679,50176.48046875
1666569600000,0.63679,0.63761,0.62718,0.63269,416249.78125
1666656000000,0.63271,0.64116,0.6303,0.63834,401629.21875
1666742400000,0.63836,0.65104,0.63716,0.64951,418885.65625
1666828800000,0.64951,0.65214,0.6425,0.64497,446612.9375
1666915200000,0.64498,0.64792,0.63884,0.64116,375204.1875
1667001600000,0.64116,0.64116,0.64116,0.64116,0.0
1667088000000,0.63945,0.64086,0.63864,0.64,23227.240234375
1667174400000,0.64,0.64273,0.63675,0.64087,297021.34375
1667260800000,0.64088,0.64634,0.63764,0.63956,389458.5
1667347200000,0.63956,0.64916,0.63309,0.63372,372290.96875
1667433600000,0.63372,0.63713,0.62716,0.62873,389281.78125
1667520000000,0.62872,0.64822,0.62842,0.64729,425713.4375
1667606400000,0.64729,0.64729,0.64729,0.64729,0.0
1667692800000,0.6414,0.64461,0.64072,0.64383,13587.080078125
1667779200000,0.64383,0.64899,0.64059,0.64735,342902.84375
1667865600000,0.64735,0.65506,0.64436,0.65079,319243.34375
1667952000000,0.65079,0.65216,0.64137,0.64298,394513.03125
1668038400000,0.64298,0.6631,0.6386,0.66055,415163.3125
1668124800000,0.66057,0.67162,0.65772,0.67052,441698.59375
1668211200000,0.67052,0.67052,0.67052,0.67052,0.0
1668297600000,0.66994,0.67031,0.66677,0.66943,15158.9697265625
1668384000000,0.66942,0.67231,0.66628,0.66916,386288.375
1668470400000,0.66917,0.67969,0.6685,0.67687,511410.75
1668556800000,0.67689,0.67921,0.67192,0.67381,407772.96875
1668643200000,0.67383,0.67505,0.66334,0.66867,346312.9375
1668729600000,0.66867,0.67298,0.66609,0.66684,324879.625
1668816000000,0.66684,0.66684,0.66684,0.66684,0.0
1668902400000,0.66585,0.66829,0.66585,0.66825,5898.0
1668988800000,0.66825,0.6683,0.6584,0.66068,323059.15625
1669075200000,0.66067,0.66509,0.66037,0.66483,275299.09375
1669161600000,0.66484,0.67459,0.66334,0.67455,316874.46875
1669248000000,0.67454,0.67777,0.67307,0.67646,194088.859375
1669334400000,0.67647,0.67804,0.67201,0.67466,206248.875
1669420800000,0.67466,0.67466,0.67466,0.67466,0.0
1669507200000,0.67163,0.67278,0.67096,0.67104,8917.2001953125
1669593600000,0.67106,0.67241,0.66412,0.66509,302494.90625
1669680000000,0.66509,0.67483,0.66396,0.66826,301282.0625
1669766400000,0.6683,0.68018,0.66696,0.67986,357791.1875
1669852800000,0.67987,0.68437,0.67822,0.68098,390935.53125
1669939200000,0.68097,0.68355,0.67421,0.67914,348198.78125
1670025600000,0.67914,0.67914,0.67914,0.67914,0.0
1670112000000,0.67835,0.68123,0.67716,0.68118,8883.9296875
1670198400000,0.68118,0.68504,0.66863,0.6706,310543.125
1670284800000,0.67062,0.67437,0.66802,0.66975,296899.125
1670371200000,0.66975,0.67415,0.66682,0.67247,342110.1875
1670457600000,0.67246,0.67803,0.66978,0.67745,275686.0
1670544000000,0.67743,0.6813,0.67419,0.6793,296769.25
1670630400000,0.6793,0.6793,0.6793,0.6793,0.0
1670716800000,0.67827,0.67974,0.6778,0.6778,6147.7900390625
1670803200000,0.67782,0.67949,0.67282,0.67513,236188.296875
1670889600000,0.67512,0.68927,0.67394,0.6841,281049.84375
1670976000000,0.6841,0.68809,0.68095,0.68567,279414.90625
1671062400000,0.68566,0.68693,0.66761,0.67049,257172.609375
1671148800000,0.6705,0.67355,0.66748,0.66851,210886.15625
1671235200000,0.66851,0.66851,0.66851,0.66851,0.0
1671321600000,0.67037,0.67092,0.66824,0.66867,4003.320068359375
1671408000000,0.66868,0.67321,0.66839,0.67049,182697.0625
1671494400000,0.67048,0.67437,0.66286,0.66873,304127.4375
1671580800000,0.66873,0.67277,0.6656,0.67122,203290.4375
1671667200000,0.67122,0.6767,0.66497,0.66756,186362.375
1671753600000,0.66756,0.67244,0.66598,0.6713,193868.8125
1671840000000,0.6713,0.6713,0.6713,0.6713,0.0
1671926400000,0.66918,0.67136,0.66876,0.67057,513.5
1672012800000,0.67056,0.67562,0.66785,0.67434,15872.9697265625
1672099200000,0.67433,0.67754,0.67229,0.67284,162429.28125
1672185600000,0.67281,0.68006,0.67185,0.67463,168379.75
1672272000000,0.67464,0.67871,0.671,0.67652,141831.4375
1672358400000,0.67653,0.68203,0.67533,0.68126,189157.0625
1672444800000,0.68126,0.68126,0.68126,0.68126,0.0
1672531200000,0.67896,0.68182,0.67896,0.68131,186.18
1672617600000,0.68124,0.68181,0.67847,0.68074,48827.68
1672704000000,0.68074,0.6834,0.66874,0.6725,245311.83
1672790400000,0.67248,0.68858,0.67226,0.68282,279008.37
1672876800000,0.68282,0.68445,0.67345,0.6752,251202.78
1672963200000,0.6752,0.68863,0.67217,0.68742,269603.16
1673136000000,0.68773,0.68966,0.68732,0.68955,7345.26
1673222400000,0.68955,0.69494,0.68844,0.69088,222990.38
1673308800000,0.6909,0.69272,0.68591,0.68927,219625.99
1673395200000,0.68929,0.6925,0.68724,0.69087,168415.01
1673481600000,0.69085,0.69842,0.68707,0.69665,257620.64
1673568000000,0.69664,0.69936,0.69148,0.69676,210863.89
1673740800000,0.69681,0.69772,0.69663,0.69715,4311.93
1673827200000,0.69714,0.70187,0.69403,0.69654,138325.72
1673913600000,0.69658,0.69969,0.69292,0.69872,207941.79
1674000000000,0.69873,0.70631,0.69351,0.69433,265873.29
1674086400000,0.69432,0.69475,0.68713,0.69113,197766.68
1674172800000,0.69115,0.69732,0.69057,0.69672,159151.97
1674345600000,0.69615,0.6984,0.69591,0.69831,3729.46
1674432000000,0.6983,0.70394,0.69615,0.70283,179995.59
1674518400000,0.70284,0.70573,0.6993,0.70499,162510.55
1674604800000,0.70504,0.71221,0.70377,0.7107,171769.63
1674691200000,0.71069,0.71421,0.70788,0.71132,179755.66
1674777600000,0.71133,0.71291,0.70817,0.71064,155999.87
1674950400000,0.70944,0.71088,0.70944,0.71074,4363.43
1675036800000,0.71075,0.71198,0.70506,0.70575,173653.96
1675123200000,0.70574,0.70641,0.69832,0.70507,197744.25
1675209600000,0.70507,0.71573,0.70359,0.71469,221593.63
1675296000000,0.71467,0.71564,0.70677,0.70722,235445.41
1675382400000,0.70719,0.70723,0.69184,0.69191,228429.21
1675555200000,0.68924,0.69294,0.68916,0.69182,8106.22
1675641600000,0.69179,0.69481,0.68549,0.68883,178111.54
1675728000000,0.68884,0.69879,0.68852,0.6964,247230.92
1675814400000,0.6964,0.69959,0.69184,0.69276,174020.83
1675900800000,0.69276,0.70108,0.69207,0.6938,159373.36
1675987200000,0.6938,0.69597,0.69085,0.69143,204596.72
1676160000000,0.69135,0.6919,0.69099,0.69125,3642.32
1676246400000,0.69125,0.69731,0.68898,0.69679,156303.31
1676332800000,0.6968,0.70294,0.69209,0.69865,272711.86
1676419200000,0.69864,0.69867,0.68644,0.69059,192098.35
1676505600000,0.69061,0.69357,0.68398,0.68614,211854.3
1676592000000,0.68612,0.68839,0.68112,0.68761,188206.99
1676764800000,0.68645,0.68755,0.68634,0.68686,3740.49
1676851200000,0.68684,0.69203,0.6862,0.69081,116473.84
1676937600000,0.69082,0.69194,0.68471,0.68625,200433.59
1677024000000,0.68625,0.68645,0.67941,0.68111,190378.7
1677110400000,0.68111,0.68412,0.67808,0.68082,170119.47
1677196800000,0.68082,0.68236,0.67179,0.67219,188485.55
1677369600000,0.6728,0.67377,0.67226,0.6733,5398.48
1677456000000,0.67329,0.67442,0.66975,0.67398,153653.08
1677542400000,0.67398,0.67571,0.67032,0.67298,156909.29
1677628800000,0.67298,0.67832,0.66945,0.67587,199139.54
1677715200000,0.67588,0.67656,0.6706,0.67314,182159.23
1677801600000,0.67313,0.67743,0.67281,0.67674,152248.32
1677974400000,0.67448,0.6761,0.67436,0.67532,5296.04
1678060800000,0.67533,0.67692,0.67158,0.67306,132060.63
1678147200000,0.67307,0.67476,0.65793,0.65884,217522.09
1678233600000,0.65884,0.66287,0.65674,0.65937,159146.35
1678320000000,0.65935,0.66358,0.65755,0.65884,144483.56
1678406400000,0.65884,0.66399,0.65633,0.65781,270031.14
1678579200000,0.66118,0.66467,0.65952,0.66326,27419.84
1678665600000,0.66325,0.67163,0.6601,0.66545,392606.13
1678752000000,0.66548,0.66954,0.66312,0.66867,282716.81
1678838400000,0.66868,0.67111,0.65894,0.66169,296881.71
1678924800000,0.66168,0.66677,0.66129,0.66628,271003.33
1679011200000,0.66626,0.67242,0.66536,0.66949,175765.94
1679184000000,0.6712,0.67185,0.66909,0.67122,11521
1679270400000,0.67122,0.67296,0.66653,0.67161,162921.9
1679356800000,0.67161,0.67258,0.66491,0.66778,117516.86
1679443200000,0.66778,0.67585,0.66608,0.66967,152335.55
1679529600000,0.66968,0.67551,0.66691,0.66805,142181.83
1679616000000,0.66808,0.66939,0.66246,0.66422,138689.29
1679788800000,0.66506,0.6658,0.66357,0.66542,5696.19
1679875200000,0.66541,0.66653,0.66333,0.66586,108093.1
1679961600000,0.66585,0.67098,0.66539,0.67055,90825.73
1680048000000,0.6706,0.67127,0.66609,0.66811,96248.57
1680134400000,0.66812,0.67182,0.66611,0.67147,96245.84
1680220800000,0.67146,0.67375,0.66698,0.66829,100126.19
1680393600000,0.66829,0.6686,0.66551,0.6658,8274.43
1680480000000,0.66581,0.67928,0.66506,0.67858,129007.94
1680566400000,0.67859,0.67928,0.67203,0.67594,117968.05
1680652800000,0.67594,0.67795,0.66764,0.67158,120615.13
1680739200000,0.67157,0.67194,0.66526,0.66739,84575.72
1680825600000,0.66738,0.66907,0.66403,0.66643,41402.55
1680998400000,0.66491,0.66739,0.66491,0.66725,3390.72
1681084800000,0.66726,0.66797,0.66181,0.66477,63812.1
1681171200000,0.66476,0.66794,0.66428,0.66526,87793.79
1681257600000,0.66526,0.67228,0.66502,0.6696,110799.09
1681344000000,0.6696,0.67963,0.66849,0.67832,107426.88
1681430400000,0.67833,0.68057,0.66947,0.6704,112681.82
1681603200000,0.67017,0.67079,0.66972,0.67051,2548.53
1681689600000,0.67048,0.67188,0.66805,0.66982,93496.37
1681776000000,0.66983,0.6747,0.6697,0.67351,99420.77
1681862400000,0.67351,0.6741,0.66896,0.67047,96478.96
1681948800000,0.67047,0.6771,0.66965,0.67425,79439.6
1682035200000,0.67424,0.67427,0.66773,0.66887,74474.54
1682208000000,0.6689,0.66972,0.66887,0.66906,2286.81
1682294400000,0.66906,0.67046,0.66651,0.6703,64995.94
1682380800000,0.67029,0.6705,0.66139,0.66356,70996.16
1682467200000,0.66356,0.66388,0.6591,0.66076,93114.61
1682553600000,0.66076,0.6635,0.65949,0.66296,86581.24
1682640000000,0.66298,0.66418,0.65728,0.66112,93320.33
1682812800000,0.66118,0.66165,0.66069,0.66095,3566.82
1682899200000,0.66096,0.66677,0.66091,0.66223,66757.27
1682985600000,0.66222,0.67167,0.66201,0.66702,97181
1683072000000,0.66701,0.67028,0.664,0.66412,105290.07
1683158400000,0.66415,0.67059,0.664,0.66957,111404.32
1683244800000,0.66957,0.67566,0.66875,0.67456,86721.82
1683417600000,0.67433,0.67549,0.67433,0.67464,4074.8
1683504000000,0.67466,0.68032,0.67396,0.67801,56212.55
1683590400000,0.67799,0.67864,0.67461,0.67661,57208.31
1683676800000,0.67662,0.68176,0.67438,0.67805,84301.32
1683763200000,0.67805,0.67958,0.66884,0.6699,89305.94
1683849600000,0.66989,0.67059,0.66357,0.66392,64565.2
1684022400000,0.66447,0.66472,0.6641,0.66464,3982.66
1684108800000,0.66464,0.67084,0.66416,0.67015,59431.62
1684195200000,0.67015,0.67092,0.66497,0.66573,68784.66
1684281600000,0.66573,0.66728,0.66286,0.66553,70300.01
1684368000000,0.66556,0.66672,0.66045,0.66266,73224.24
1684454400000,0.66267,0.66748,0.66163,0.66455,83548.86
1684627200000,0.66434,0.66584,0.66419,0.66583,4418
1684713600000,0.66584,0.66672,0.66268,0.66481,74905.54
1684800000000,0.66481,0.66616,0.66067,0.66131,77711.07
1684886400000,0.66131,0.66148,0.65294,0.65427,92149.47
1684972800000,0.65426,0.65439,0.64966,0.64978,83602.59
1685059200000,0.64981,0.65438,0.649,0.65142,74175.38
1685232000000,0.65213,0.65281,0.65156,0.65244,3138.87
1685318400000,0.65242,0.65537,0.65229,0.65275,32323.33
1685404800000,0.65274,0.65591,0.65025,0.65171,81942.63
1685491200000,0.65169,0.65384,0.64579,0.65057,93076.92
1685577600000,0.65057,0.65813,0.64839,0.65773,83348.56
1685664000000,0.65774,0.6638,0.65735,0.66038,84511.43
1685836800000,0.65951,0.66052,0.65947,0.65968,4249.21
1685923200000,0.65968,0.6637,0.65788,0.66122,71220.52
1686009600000,0.66125,0.66848,0.66092,0.66798,77376.02
1686096000000,0.66798,0.67169,0.66411,0.6658,75320.52
1686182400000,0.66581,0.67176,0.66545,0.67118,69078.5
1686268800000,0.6712,0.67503,0.66923,0.67374,61571.35
1686441600000,0.67254,0.67457,0.67254,0.67442,2201.29
1686528000000,0.67443,0.67731,0.6731,0.67519,53736.24
1686614400000,0.67518,0.68066,0.67376,0.67697,90510.3
1686700800000,0.67698,0.68352,0.67553,0.67961,88658.92
1686787200000,0.67959,0.68923,0.67649,0.6879,92333.78
1686873600000,0.6879,0.68993,0.68545,0.68715,91713.49
1687046400000,0.68769,0.6882,0.68699,0.68716,3819.71
1687132800000,0.68715,0.68775,0.68333,0.68491,59512.23
1687219200000,0.6849,0.68535,0.67526,0.67894,91699.3
1687305600000,0.67893,0.68042,0.67404,0.67983,101469.14
1687392000000,0.67983,0.68056,0.67442,0.67588,89859.75
1687478400000,0.67587,0.67672,0.66623,0.66743,92377.82
1687651200000,0.66774,0.66825,0.66725,0.66805,4299.25
1687737600000,0.66804,0.66935,0.66541,0.66735,72841.17
1687824000000,0.66735,0.67203,0.66695,0.66817,86724.83
1687910400000,0.66816,0.66888,0.6596,0.65984,87701.67
1687996800000,0.65983,0.66402,0.65948,0.66165,89157.56
1688083200000,0.66167,0.66711,0.66029,0.66594,88269.78
1688256000000,0.66599,0.66636,0.66567,0.66577,1832.94
1688342400000,0.66578,0.66914,0.66366,0.66735,71917.69
1688428800000,0.66736,0.6705,0.6641,0.6693,53030.2
1688515200000,0.6693,0.66981,0.66514,0.66544,72918.43
1688601600000,0.66545,0.66876,0.65988,0.66281,98085.46
1688688000000,0.66282,0.67002,0.66191,0.66868,97327.94
1688860800000,0.66819,0.66954,0.6674,0.66875,4472.51
1688947200000,0.66874,0.66952,0.66231,0.66761,76870.2
1689033600000,0.66762,0.66948,0.66503,0.66927,84643.13
1689120000000,0.66925,0.67957,0.66822,0.67919,120308.5
1689206400000,0.67921,0.68944,0.67848,0.68878,97779.6
1689292800000,0.6888,0.68946,0.683,0.68348,95957.32
1689465600000,0.68412,0.68416,0.68264,0.68368,2836.23
1689552000000,0.68367,0.68378,0.6787,0.68096,75157.98
1689638400000,0.68095,0.68368,0.67885,0.68128,117436.82
1689724800000,0.68127,0.68191,0.67496,0.67707,118339.67
1689811200000,0.67707,0.68464,0.67699,0.67779,128395.59
1689897600000,0.67779,0.67874,0.67219,0.6726,91949.13
1690070400000,0.67273,0.67331,0.67221,0.67248,3727.92
1690156800000,0.67249,0.67557,0.67145,0.67313,102033.11
1690243200000,0.67316,0.67945,0.6725,0.67869,97713.33
1690329600000,0.6787,0.67908,0.67285,0.67606,124759.1
1690416000000,0.67604,0.68207,0.66978,0.67116,142336.43
1690502400000,0.67114,0.67121,0.66221,0.66466,143935.68
1690675200000,0.66511,0.66647,0.6643,0.66591,6250.47
1690761600000,0.66591,0.6739,0.66573,0.67156,99446.64
1690848000000,0.67155,0.67231,0.66017,0.6617,101585.24
1690934400000,0.66171,0.66295,0.65263,0.6541,100356.94
1691020800000,0.65409,0.65682,0.65137,0.656,111674.01
1691107200000,0.65599,0.66091,0.65449,0.65663,124430.95
1691280000000,0.65713,0.65746,0.65661,0.65731,4576.33
1691366400000,0.6573,0.65924,0.65548,0.65718,79952.32
1691452800000,0.6572,0.65758,0.64961,0.65326,100315
1691539200000,0.65327,0.65709,0.65196,0.65347,95384.91
1691625600000,0.65347,0.66164,0.65113,0.65113,124915.48
1691712000000,0.65114,0.65332,0.64855,0.64919,102030.93
1691884800000,0.64951,0.64984,0.64911,0.64944,4203.71
1691971200000,0.64943,0.65025,0.64534,0.64875,112387.62
1692057600000,0.64875,0.65212,0.64509,0.64569,137339.9
1692144000000,0.64571,0.64802,0.64128,0.64131,120449.81
1692230400000,0.64131,0.645,0.6364,0.64056,127256.06
1692316800000,0.64056,0.64285,0.63786,0.63997,114666.65
1692489600000,0.64054,0.64139,0.64012,0.64137,4982.28
1692576000000,0.64137,0.6421,0.63867,0.64127,100876.39
1692662400000,0.64126,0.64575,0.64029,0.64239,99285.41
1692748800000,0.64238,0.64826,0.64105,0.64802,100608.71
1692835200000,0.64803,0.64878,0.6411,0.64123,95052.22
1692921600000,0.64124,0.64408,0.63795,0.64011,112256.98
1693094400000,0.6402,0.64164,0.6402,0.64156,4443.39
1693180800000,0.64155,0.64392,0.64013,0.64275,88501
1693267200000,0.64275,0.64863,0.64008,0.64755,116199.38
1693353600000,0.64756,0.65218,0.64489,0.64786,112107.74
1693440000000,0.64785,0.65074,0.64606,0.64859,115709.39
1693526400000,0.64859,0.65215,0.6438,0.64479,118951.86
1693699200000,0.64357,0.64531,0.64357,0.64513,3232.01
1693785600000,0.64515,0.64801,0.64496,0.64569,59108.75
1693872000000,0.6457,0.64593,0.6357,0.63741,123501.99
1693958400000,0.6374,0.64042,0.63567,0.63809,123882.52
1694044800000,0.63807,0.63946,0.63617,0.63775,97372.54
1694131200000,0.63778,0.64144,0.63668,0.63746,76660.39
1694304000000,0.63823,0.64016,0.63753,0.63963,7671.91
1694390400000,0.63964,0.6449,0.63877,0.6429,97278.65
1694476800000,0.6429,0.64395,0.6408,0.64277,90093.43
1694563200000,0.64276,0.64336,0.63797,0.64203,114586.05
1694649600000,0.64203,0.64591,0.64184,0.643,131482.07
1694736000000,0.643,0.64731,0.64242,0.64268,83089.54
1694908800000,0.64331,0.64403,0.64264,0.64393,2447.71
1694995200000,0.64391,0.64484,0.64162,0.6439,81221.47
1695081600000,0.64392,0.64734,0.64274,0.64636,85953.79
1695168000000,0.64636,0.65108,0.6435,0.64355,129559.5
1695254400000,0.64353,0.64401,0.63851,0.64089,106985.15
1695340800000,0.64089,0.64648,0.64033,0.6438,102625.78
1695513600000,0.64393,0.6444,0.64357,0.64403,4333.88
1695600000000,0.64404,0.64461,0.64037,0.64215,76866.44
1695686400000,0.64215,0.64301,0.63869,0.63929,106776.08
1695772800000,0.6393,0.64086,0.63309,0.63481,101870.68
1695859200000,0.63481,0.64318,0.63468,0.64261,138462.35
1695945600000,0.64261,0.65005,0.64207,0.64285,124512.23
1696118400000,0.64211,0.64426,0.6421,0.64367,6318.49
1696204800000,0.64365,0.64446,0.63569,0.63614,104396.9
1696291200000,0.63614,0.63634,0.62851,0.6308,152322.39
1696377600000,0.63081,0.6342,0.62859,0.63281,153209.64
1696464000000,0.6328,0.63773,0.63238,0.6369,119815.17
1696550400000,0.63693,0.63998,0.63122,0.63829,135124.19
1696723200000,0.63625,0.63693,0.63441,0.63685,9656.49
1696809600000,0.63688,0.64228,0.63424,0.64208,92112.7
1696896000000,0.64207,0.64353,0.63898,0.64316,124716.65
1696982400000,0.64315,0.64449,0.63876,0.64173,111896.69
1697068800000,0.64173,0.64306,0.63067,0.63155,108417.33
1697155200000,0.63157,0.63339,0.62859,0.62941,109343.35
1697328000000,0.63016,0.6311,0.62979,0.6311,7115.91
1697414400000,0.63111,0.63446,0.63023,0.63371,86457.09
1697500800000,0.63372,0.63794,0.6336,0.63624,117672.89
1697587200000,0.63625,0.63929,0.63275,0.63326,107457.59
1697673600000,0.6333,0.63561,0.62955,0.63239,187832.12
1697760000000,0.6324,0.63252,0.6297,0.63092,94213.08
1697932800000,0.63152,0.63215,0.63092,0.63196,5488
1698019200000,0.63197,0.63483,0.62885,0.63359,96927.5
1698105600000,0.63361,0.63786,0.63349,0.63596,113963.64
1698192000000,0.63597,0.63992,0.62843,0.62933,118277.11
1698278400000,0.62934,0.63346,0.62698,0.6333,155348.29
1698364800000,0.63328,0.63675,0.63242,0.63329,98164.74
1698537600000,0.63364,0.63436,0.63321,0.6338,6362.87
1698624000000,0.63381,0.63835,0.63365,0.63675,94756.73
1698710400000,0.63673,0.63737,0.6314,0.63364,121102.11
1698796800000,0.63363,0.6422,0.63179,0.6422,145499.03
1698883200000,0.64221,0.64555,0.64124,0.64275,106901.31
1698969600000,0.64276,0.65179,0.64193,0.65105,128554.45
1699142400000,0.65033,0.65164,0.65033,0.65149,4601.77
1699228800000,0.6515,0.65226,0.64844,0.64884,87569.1
1699315200000,0.64884,0.6501,0.64036,0.64298,106425.04
1699401600000,0.64298,0.6449,0.63958,0.64067,96462.09
1699488000000,0.64071,0.64279,0.6357,0.63611,122940.82
1699574400000,0.6361,0.63665,0.63381,0.63579,111946.17
1699747200000,0.6349,0.63682,0.6349,0.63637,6138.7
1699833600000,0.63637,0.63909,0.63518,0.6379,74286.62
1699920000000,0.63793,0.65119,0.636,0.64978,124526.37
1700006400000,0.64978,0.65418,0.6483,0.6511,115549.86
1700092800000,0.65111,0.65165,0.64602,0.64686,118069.25
1700179200000,0.64688,0.65153,0.64521,0.65128,102941.7
1700352000000,0.65013,0.65182,0.65013,0.65102,4878.67
1700438400000,0.651,0.65645,0.65003,0.65597,102413.85
1700524800000,0.65595,0.65892,0.6544,0.65571,130631.97
1700611200000,0.65571,0.65692,0.65209,0.6542,118075.16
1700697600000,0.6542,0.65743,0.65417,0.65594,62016.25
1700784000000,0.65593,0.65906,0.65493,0.6581,72041.33
1700956800000,0.65753,0.65857,0.65753,0.65804,3637.96
1701043200000,0.65805,0.66137,0.65663,0.66132,92094.96
1701129600000,0.66132,0.66654,0.65958,0.66555,120856.79
1701216000000,0.66555,0.66761,0.66053,0.66168,130019.15
1701302400000,0.66169,0.66499,0.65704,0.66062,174271.64
1701388800000,0.66064,0.66752,0.65989,0.66712,123996.06
1701561600000,0.66636,0.66901,0.66634,0.66818,6889.68
1701648000000,0.66818,0.66879,0.66044,0.66166,125033.26
1701734400000,0.66166,0.66214,0.65436,0.65542,136323.52
1701820800000,0.65544,0.6597,0.65464,0.65507,131521.74
1701907200000,0.65508,0.66198,0.6525,0.65935,148653.5
1701993600000,0.65936,0.66191,0.65574,0.65746,183857.78
1702166400000,0.65665,0.65827,0.65665,0.65791,5789.43
1702252800000,0.6579,0.65823,0.65495,0.6564,108550.33
1702339200000,0.65641,0.66119,0.65392,0.6564,127270.1
1702425600000,0.65641,0.66728,0.65409,0.66648,156473.84
1702512000000,0.66648,0.67281,0.66615,0.67011,178727.14
1702598400000,0.67012,0.6728,0.66626,0.67001,129761.97
1702771200000,0.66956,0.67032,0.66926,0.66983,4572.04
1702857600000,0.66983,0.67349,0.66899,0.67034,122941.63
1702944000000,0.67036,0.6774,0.67024,0.6758,116799.73
1703030400000,0.67581,0.67787,0.67231,0.67396,127092.14
1703116800000,0.67395,0.68032,0.67355,0.67958,167905.08
1703203200000,0.67957,0.68245,0.67727,0.67957,188534.26
1703376000000,0.67816,0.67903,0.67786,0.67838,65.7
1703462400000,0.67866,0.68088,0.67684,0.68031,3825.35
1703548800000,0.68031,0.68287,0.67969,0.68236,98632.64
1703635200000,0.68237,0.68538,0.68174,0.68522,87688.27
1703721600000,0.68524,0.68706,0.68222,0.68251,137708.58
1703808000000,0.6825,0.6846,0.67806,0.68078,135233.8
1704067200000,0.68043,0.68154,0.68043,0.68089,3310.1
1704153600000,0.68091,0.68386,0.67564,0.67659,120889.65
1704240000000,0.67661,0.67704,0.67015,0.67342,161168.48
1704326400000,0.67342,0.67594,0.66961,0.67056,135657.28
1704412800000,0.67055,0.67475,0.664,0.67129,158987.05
1704585600000,0.67148,0.67162,0.67097,0.67154,2800.28
1704672000000,0.67153,0.67342,0.66771,0.67161,117631.52
1704758400000,0.67156,0.67342,0.66766,0.6684,116529.7
1704844800000,0.6684,0.67125,0.66824,0.67016,91150.27
1704931200000,0.67017,0.67258,0.66466,0.66987,154388.37
1705017600000,0.66989,0.67283,0.66774,0.66856,120863
1705190400000,0.66819,0.66911,0.66808,0.66886,5006.31
1705276800000,0.66886,0.6704,0.66491,0.66499,72310.75
1705363200000,0.665,0.66502,0.65757,0.65884,145433.5
1705449600000,0.65884,0.65942,0.65245,0.65514,127093.08
1705536000000,0.65514,0.65821,0.65246,0.65811,128618.52
1705622400000,0.65813,0.66012,0.65647,0.65935,96246.33
1705795200000,0.65885,0.66,0.65883,0.65946,4543.17
1705881600000,0.65947,0.66132,0.65646,0.657,119637.87
1705968000000,0.657,0.6612,0.65512,0.65857,115786.31
1706054400000,0.65856,0.66206,0.65654,0.65752,170201.79
1706140800000,0.65751,0.66092,0.65656,0.65816,157208.33
1706227200000,0.65814,0.66092,0.65718,0.65718,116161.19
1706400000000,0.6571,0.65824,0.65691,0.65766,4948.16
1706486400000,0.65764,0.66156,0.65728,0.6613,96737.6
1706572800000,0.6613,0.66242,0.65746,0.65945,115461.97
1706659200000,0.65945,0.66222,0.6551,0.65624,209455.51
1706745600000,0.65623,0.65784,0.65076,0.65738,179062.05
1706832000000,0.65737,0.66099,0.65018,0.65099,162795.68
1707004800000,0.651,0.65144,0.64872,0.65043,6206.24
1707091200000,0.65042,0.65198,0.64682,0.64796,133921.34
1707177600000,0.64798,0.65285,0.64792,0.65275,107067.73
1707264000000,0.65274,0.65398,0.65147,0.65197,128323.18
1707350400000,0.65196,0.65316,0.648,0.64983,100278.28
1707436800000,0.64984,0.65338,0.64868,0.65213,112342.5
1707609600000,0.65134,0.65258,0.651,0.65242,4851.59
1707696000000,0.6524,0.65426,0.65118,0.65284,61441.62
1707782400000,0.65285,0.65405,0.64422,0.64528,111134.46
1707868800000,0.64525,0.64988,0.64459,0.64983,113179.69
1707955200000,0.64983,0.6529,0.64771,0.65248,108723.05
1708041600000,0.65248,0.65442,0.6496,0.65279,117105.63
1708214400000,0.65245,0.65375,0.65245,0.65364,3541.31
1708300800000,0.65365,0.65515,0.65283,0.65303,62976.6
1708387200000,0.65303,0.65786,0.6521,0.65527,88517.27
1708473600000,0.65527,0.65729,0.65328,0.65534,141219.22
1708560000000,0.65536,0.65946,0.654,0.65581,100971.28
1708646400000,0.65582,0.65801,0.65493,0.65619,68895.69
1708819200000,0.65643,0.65664,0.65525,0.65631,2510.65
1708905600000,0.65628,0.6565,0.65304,0.65388,57774.41
1708992000000,0.65387,0.65574,0.65245,0.65432,65974.34
1709078400000,0.65432,0.65492,0.64883,0.6494,76728.23
1709164800000,0.64942,0.65306,0.64866,0.64997,108028.1
1709251200000,0.64998,0.65336,0.6489,0.65251,107964.83
1709424000000,0.65211,0.65291,0.652,0.65268,4027.45
1709510400000,0.65269,0.6535,0.65036,0.65065,67591.21
1709596800000,0.65064,0.65205,0.6477,0.65031,87591.52
1709683200000,0.65028,0.65812,0.64922,0.6566,91597.36
1709769600000,0.65659,0.66241,0.65636,0.66206,83023.93
1709856000000,0.66207,0.66671,0.66127,0.66218,112636.74
1710028800000,0.66208,0.66261,0.66174,0.66241,5093.9
1710115200000,0.66241,0.66264,0.65963,0.6614,112041.03
1710201600000,0.6614,0.66383,0.65839,0.6607,131534.73
1710288000000,0.66069,0.66347,0.65998,0.66271,88937.98
1710374400000,0.66269,0.66314,0.65699,0.6578,117430.34
1710460800000,0.65782,0.65792,0.65517,0.65569,106768.99
1710633600000,0.65571,0.65625,0.65556,0.65571,4378.52
1710720000000,0.6557,0.65736,0.65503,0.65564,66858.78
1710806400000,0.65568,0.65635,0.65036,0.65248,109491.15
1710892800000,0.65248,0.65987,0.65111,0.65985,124256.5
1710979200000,0.65983,0.66342,0.65606,0.6571,150113.8
1711065600000,0.65709,0.65763,0.65098,0.65128,116749.03
1711238400000,0.65136,0.65192,0.65103,0.65149,4310.14
1711324800000,0.6515,0.65465,0.65097,0.65374,87006.68
1711411200000,0.65376,0.65587,0.65299,0.65379,80661.53
1711497600000,0.65379,0.65379,0.65108,0.6523,100754.53
1711584000000,0.65229,0.65406,0.64849,0.65144,100024.45
1711670400000,0.65139,0.65324,0.65036,0.65076,21316.79
1711843200000,0.65119,0.6536,0.65119,0.6533,6394.58
1711929600000,0.65332,0.65384,0.64802,0.64873,66913.98
1712016000000,0.64872,0.65234,0.64846,0.65127,98565.24
1712102400000,0.65126,0.65704,0.65029,0.65678,117250.97
1712188800000,0.65678,0.66185,0.65651,0.65872,95139.92
1712275200000,0.65872,0.6592,0.65488,0.65773,124894.23
1712448000000,0.65743,0.65753,0.65675,0.65693,5608.29
1712534400000,0.65693,0.66095,0.65589,0.66046,112500.14
1712620800000,0.66045,0.6644,0.65982,0.66278,103033.97
1712707200000,0.66278,0.66309,0.64982,0.65069,186460.8
1712793600000,0.65068,0.65525,0.65015,0.654,111668.82
1712880000000,0.65402,0.65428,0.64555,0.64602,113822.81
1713052800000,0.64639,0.64783,0.64605,0.6474,5228.7
1713139200000,0.64742,0.64928,0.64373,0.64413,120663.01
1713225600000,0.64411,0.64431,0.63886,0.6412,147629.51
1713312000000,0.64119,0.64457,0.64024,0.64382,111832.32
1713398400000,0.64382,0.64562,0.6416,0.6423,114881.93
1713484800000,0.64229,0.64326,0.63618,0.64158,151195.93
1713657600000,0.64092,0.64263,0.64092,0.64247,3994.36
1713744000000,0.64249,0.64551,0.6423,0.64514,81013.19
1713830400000,0.64513,0.64898,0.64406,0.64877,92696.52
1713916800000,0.64877,0.65293,0.64828,0.64972,92251.48
1714003200000,0.64974,0.65385,0.64848,0.65214,89148.61
1714089600000,0.65215,0.65537,0.65168,0.65319,90475.36
1714262400000,0.65235,0.65417,0.6523,0.65413,2770.43
1714348800000,0.65415,0.65863,0.6536,0.656,102779.36
1714435200000,0.65599,0.65644,0.64673,0.64743,99380.26
1714521600000,0.64747,0.65398,0.64648,0.65295,116331.71
1714608000000,0.65293,0.6574,0.65152,0.65695,129324.95
1714694400000,0.65693,0.66485,0.65641,0.66081,127224.88
1714867200000,0.66145,0.6618,0.66043,0.66081,3676.87
1714953600000,0.66081,0.66381,0.66048,0.66228,61004.37
1715040000000,0.6623,0.66432,0.65861,0.65881,91259.93
1715126400000,0.65879,0.65937,0.65575,0.65772,69667.34
1715212800000,0.65771,0.66225,0.65649,0.66164,78105.01
1715299200000,0.66166,0.66219,0.65956,0.66008,75402.55
1715472000000,0.6599,0.66064,0.65989,0.65997,2871.35
1715558400000,0.65993,0.66283,0.65853,0.66106,56009.33
1715644800000,0.66105,0.66273,0.65786,0.66233,81853.62
1715731200000,0.66235,0.67013,0.66211,0.66995,98160.68
1715817600000,0.66996,0.67137,0.66537,0.66817,80743.52
1715904000000,0.66817,0.67006,0.66484,0.66922,65858.21
1716076800000,0.66904,0.67031,0.66894,0.6699,2940.4
1716163200000,0.66991,0.67089,0.66615,0.66712,72562.1
1716249600000,0.66714,0.66787,0.66461,0.66657,63643.53
1716336000000,0.66659,0.66848,0.66074,0.66179,76449.38
1716422400000,0.66181,0.66527,0.65972,0.66002,103381.41
1716508800000,0.66,0.66361,0.65917,0.66272,71775.3
1716681600000,0.66219,0.66342,0.66218,0.66222,2645.55
1716768000000,0.66223,0.66595,0.66222,0.66554,51377.04
1716854400000,0.66554,0.66794,0.66412,0.66473,81136.72
1716940800000,0.66474,0.66653,0.66056,0.66131,101712.71
1717027200000,0.66132,0.66472,0.65904,0.66292,113235.72
1717113600000,0.66293,0.66724,0.66263,0.66513,117474.35
1717286400000,0.6646,0.66563,0.6646,0.66552,4992.6
1717372800000,0.66552,0.66947,0.66321,0.66892,122406.28
1717459200000,0.66894,0.66984,0.66305,0.66451,126327.53
1717545600000,0.66453,0.6664,0.66256,0.6655,98861.82
1717632000000,0.6655,0.6683,0.6633,0.66692,80072.64
1717718400000,0.66692,0.66808,0.65785,0.65788,100323.44
1717891200000,0.65785,0.65829,0.65753,0.65815,3137.67
1717977600000,0.65816,0.66118,0.65756,0.6607,66839.14
1718064000000,0.66071,0.66132,0.65882,0.66072,78709.51
1718150400000,0.66073,0.6704,0.65968,0.66628,128200.08
1718236800000,0.66631,0.66749,0.66251,0.66306,86301.41
1718323200000,0.66307,0.66412,0.6591,0.66135,97362.58
1718496000000,0.65979,0.66174,0.65979,0.6612,2451.75
1718582400000,0.6612,0.66189,0.65849,0.66173,65593.04
1718668800000,0.66172,0.66617,0.65995,0.66608,85156.82
1718755200000,0.66606,0.6677,0.66591,0.66734,37549.88
1718841600000,0.66734,0.66789,0.66471,0.66602,73084.43
1718928000000,0.66601,0.66693,0.66312,0.66398,79057.74
1719100800000,0.66349,0.66414,0.66331,0.66342,2730.83
1719187200000,0.66343,0.66673,0.66257,0.66535,66869.87
1719273600000,0.66537,0.66723,0.66347,0.6644,62927.16
1719360000000,0.66439,0.66882,0.66356,0.66449,77742.68
1719446400000,0.66449,0.66721,0.66396,0.66495,74946.45
1719532800000,0.66497,0.66841,0.66195,0.66676,94547.89
1719705600000,0.66792,0.66804,0.66722,0.66733,4029.76
1719792000000,0.66735,0.6688,0.66435,0.66538,98901.77
1719878400000,0.66537,0.66703,0.66336,0.66681,80522.78
1719964800000,0.66683,0.67331,0.66647,0.67115,75347.6
1720051200000,0.67114,0.67313,0.67098,0.67243,33258.31
1720137600000,0.67242,0.67524,0.67093,0.67471,98783.77
1720310400000,0.67355,0.67488,0.67346,0.67458,6627.12
1720396800000,0.67456,0.67607,0.67315,0.67423,65470.4
1720483200000,0.67426,0.67473,0.67235,0.67412,65550.31
1720569600000,0.67413,0.67518,0.67314,0.67511,67671.2
1720656000000,0.67513,0.67983,0.67468,0.67694,130070.62
1720742400000,0.67692,0.67933,0.67536,0.67823,92341.53
1720915200000,0.6769,0.67783,0.67626,0.67703,5749.21
1721001600000,0.67702,0.67883,0.67521,0.6762,73842.73
1721088000000,0.6762,0.67625,0.67143,0.67314,86261.26
1721174400000,0.67312,0.67544,0.67205,0.67301,131430.09
1721260800000,0.67302,0.67431,0.66972,0.67033,89282.39
1721347200000,0.67033,0.6707,0.66797,0.66834,78380.72
1721520000000,0.6688,0.67018,0.66833,0.66954,4500
1721606400000,0.66952,0.66954,0.6631,0.66381,81638.59
1721692800000,0.66382,0.66455,0.66105,0.66115,66941.71
1721779200000,0.66116,0.66128,0.65721,0.65732,88046.02
1721865600000,0.65729,0.65737,0.65125,0.65396,122620.84
1721952000000,0.65395,0.65681,0.65394,0.65462,86229.79
1722124800000,0.65474,0.65601,0.65463,0.65525,3757.05
1722211200000,0.65524,0.6568,0.65237,0.65506,69001.33
1722297600000,0.65507,0.6562,0.65286,0.65399,74660.6
1722384000000,0.65397,0.65555,0.64792,0.6548,127261.6
1722470400000,0.6548,0.65595,0.64884,0.64931,115014.89
1722556800000,0.64931,0.65472,0.64863,0.65093,128824.05
1722729600000,0.65098,0.65173,0.64941,0.64973,10060.86
1722816000000,0.64973,0.65221,0.63481,0.65148,293237.24
1722902400000,0.65151,0.65412,0.64719,0.65139,195293.41
1722988800000,0.65139,0.65742,0.65069,0.65179,150114.35
1723075200000,0.6518,0.65942,0.65096,0.65905,122521.02
1723161600000,0.65902,0.66049,0.65662,0.65712,85788.52
1723334400000,0.65664,0.65752,0.65646,0.65683,3706.87
1723420800000,0.65682,0.66046,0.65674,0.65846,61928.16
1723507200000,0.65847,0.66388,0.65786,0.66371,79432.64
1723593600000,0.66374,0.66425,0.65897,0.65971,97619.33
1723680000000,0.65972,0.66341,0.65626,0.66117,75463.84
1723766400000,0.66117,0.6671,0.66097,0.66672,57831.36
1723939200000,0.66626,0.6676,0.66568,0.66722,3092.71
1724025600000,0.66723,0.67379,0.66715,0.67334,67172.76
1724112000000,0.67335,0.67488,0.67127,0.67458,62116.32
1724198400000,0.67459,0.67607,0.67304,0.67489,66500.56
1724284800000,0.6749,0.67523,0.66967,0.67064,68881.93
1724371200000,0.67065,0.6798,0.67044,0.67957,73787.56
1724544000000,0.67868,0.67967,0.67848,0.67869,4360.11
1724630400000,0.6787,0.67961,0.67662,0.67724,65856.56
1724716800000,0.67726,0.67951,0.67612,0.67868,70544.72
1724803200000,0.67868,0.68125,0.67639,0.67826,77913.22
1724889600000,0.67828,0.68235,0.67826,0.67953,85601.7
1724976000000,0.67954,0.68162,0.6751,0.67638,73759.16
1725148800000,0.67624,0.67724,0.67618,0.67676,2897.94
1725235200000,0.67675,0.67944,0.67564,0.67867,40016.49
1725321600000,0.67868,0.67919,0.67064,0.67128,97352.27
1725408000000,0.67128,0.6749,0.66852,0.67155,85141.33
1725494400000,0.67154,0.67412,0.67132,0.67403,76907.55
1725580800000,0.67401,0.67669,0.66594,0.66689,121637.61
1725753600000,0.66644,0.66739,0.66634,0.66693,3270.72
1725840000000,0.66692,0.66885,0.66475,0.6657,61766.28
1725926400000,0.66571,0.66762,0.66407,0.66525,69966.22
1726012800000,0.66527,0.66789,0.66217,0.66739,96969.8
1726099200000,0.66739,0.6728,0.66561,0.67256,79236.94
1726185600000,0.67255,0.67322,0.66919,0.67022,74213.49
1726358400000,0.66957,0.67136,0.66955,0.67132,3548.4
1726444800000,0.67132,0.67533,0.67054,0.67512,56480.27
1726531200000,0.67513,0.67684,0.67411,0.676,63319.65
1726617600000,0.676,0.68198,0.6742,0.67654,110572.25
1726704000000,0.67658,0.68389,0.67373,0.68088,103907.2
1726790400000,0.68089,0.68284,0.67826,0.68057,77444.5
1726963200000,0.67956,0.68106,0.67956,0.68095,2630.73
1727049600000,0.68096,0.68532,0.67999,0.68328,67079.86
1727136000000,0.68329,0.69067,0.68135,0.69054,82052.99
1727222400000,0.69053,0.69077,0.68176,0.68186,75137.33
1727308800000,0.68187,0.69044,0.68187,0.68921,88131.28
1727395200000,0.68921,0.69368,0.68675,0.69009,83740.59
1727568000000,0.69022,0.692,0.68947,0.69182,3725.57
1727654400000,0.69185,0.69418,0.68982,0.69148,84465.61
1727740800000,0.69147,0.69341,0.68561,0.6879,104627.32
1727827200000,0.68791,0.69153,0.6875,0.68837,83846.68
1727913600000,0.68837,0.68858,0.68296,0.68498,92061.81
1728000000000,0.68498,0.68517,0.67851,0.67922,80967.66
1728172800000,0.67869,0.68075,0.67865,0.67974,5089.93
1728259200000,0.67972,0.68099,0.67429,0.67551,86688.27
1728345600000,0.6755,0.67691,0.67146,0.67389,109623.12
1728432000000,0.67388,0.67616,0.67074,0.6716,102068.54
1728518400000,0.6715,0.67434,0.66993,0.67403,98803.08
1728604800000,0.67405,0.67588,0.67244,0.67485,54686.1
1728777600000,0.67354,0.67449,0.67229,0.67301,5680.49
1728864000000,0.67301,0.67446,0.67018,0.67245,67271.02
1728950400000,0.67248,0.67324,0.6673,0.6677,75745.17
1729036800000,0.6677,0.67005,0.6657,0.66641,67665.1
1729123200000,0.6664,0.67099,0.66632,0.66989,85647.79
1729209600000,0.6699,0.6719,0.66937,0.6705,60256.46
1729382400000,0.6703,0.67151,0.66999,0.67134,2949.61
1729468800000,0.67136,0.6723,0.66516,0.66537,58163.67
1729555200000,0.66535,0.66947,0.66504,0.66812,64186.04
1729641600000,0.66812,0.6691,0.66135,0.66341,92112.66
1729728000000,0.66342,0.66611,0.66206,0.66341,76375.95
1729814400000,0.66342,0.66463,0.66007,0.6601,66110.2
1729987200000,0.66117,0.66145,0.66007,0.66025,5260.77
1730073600000,0.66024,0.66099,0.65778,0.65827,57265.42
1730160000000,0.65828,0.65844,0.65447,0.65579,75587.71
1730246400000,0.65577,0.65958,0.65364,0.65722,86672.77
1730332800000,0.65722,0.65839,0.65393,0.65763,86020.07
1730419200000,0.65761,0.65909,0.65535,0.6558,79263.37
1730592000000,0.66094,0.66125,0.65841,0.65904,7422.69
1730678400000,0.65904,0.66186,0.65771,0.65833,111329.79
1730764800000,0.65834,0.66445,0.65784,0.66399,106635.65
1730851200000,0.664,0.66414,0.65119,0.65664,303095.38
1730937600000,0.65663,0.66874,0.65636,0.66745,210859.86
1731024000000,0.66744,0.66752,0.65578,0.65811,172886.08
1731196800000,0.6579,0.65862,0.65749,0.65836,4719.41
1731283200000,0.65835,0.65979,0.65621,0.65784,147709.34
1731369600000,0.65782,0.65815,0.65136,0.65291,166839.44
1731456000000,0.6529,0.65455,0.64799,0.64931,186980.74
1731542400000,0.64933,0.64954,0.64401,0.64548,210636.27
1731628800000,0.64549,0.64809,0.64424,0.64572,193793.15
1731801600000,0.64598,0.64644,0.64565,0.64644,4811.67
1731888000000,0.64645,0.65108,0.64475,0.65052,146648.15
1731974400000,0.65053,0.6541,0.64818,0.65409,186102.46
1732060800000,0.6541,0.65439,0.6484,0.65112,144170.15
1732147200000,0.65113,0.65319,0.64967,0.6509,169279.33
1732233600000,0.6509,0.65211,0.64707,0.64968,197635
1732406400000,0.65373,0.65482,0.65227,0.65389,9395.82
1732492800000,0.65388,0.65494,0.64546,0.64629,162182.5
1732579200000,0.64629,0.65072,0.64334,0.64738,180394.86
1732665600000,0.6474,0.65029,0.64587,0.64962,154228.34
1732752000000,0.64962,0.65089,0.64768,0.65066,87334.91
1732838400000,0.65066,0.65276,0.64954,0.65068,170069.61
1733011200000,0.651,0.65136,0.64973,0.65013,6182.64
1733097600000,0.65011,0.65104,0.64425,0.64743,161322.62
1733184000000,0.64741,0.65042,0.64548,0.64848,146432.63
1733270400000,0.64846,0.64879,0.63988,0.64311,184020.7
1733356800000,0.64313,0.64552,0.6421,0.64503,126664.19
1733443200000,0.64504,0.64508,0.63723,0.63868,137862.23
1733616000000,0.63881,0.64015,0.63877,0.63991,4085.31
1733702400000,0.6399,0.6471,0.63798,0.64369,126598.21
1733788800000,0.64372,0.64376,0.63648,0.63751,141197.8
1733875200000,0.6375,0.63888,0.63363,0.6383,151542.91
1733961600000,0.6382,0.6429,0.6359,0.63706,151981.04
1734048000000,0.63707,0.63833,0.63513,0.6357,123982.89
1734220800000,0.63502,0.63678,0.63502,0.63665,3582.82
1734307200000,0.63664,0.63823,0.63448,0.6376,100190.09
1734393600000,0.63761,0.63775,0.63311,0.63388,94985.56
1734480000000,0.63388,0.63388,0.61995,0.62045,152070.11
1734566400000,0.62043,0.62648,0.61985,0.62304,160765.31
1734652800000,0.62305,0.62739,0.62145,0.62476,171791.31
1734825600000,0.62558,0.62575,0.62448,0.62541,3728.45
1734912000000,0.62541,0.62646,0.62185,0.62428,110892.16
1734998400000,0.62427,0.62481,0.62191,0.62257,75665.02
1735084800000,0.62258,0.62462,0.62214,0.62428,3083.1
1735171200000,0.62428,0.62537,0.62135,0.62225,101316.19
1735257600000,0.62225,0.62256,0.61999,0.62146,96487.55
1735430400000,0.62126,0.62339,0.62105,0.62243,3550.5
1735516800000,0.62245,0.62464,0.62015,0.62146,102301.07
1735603200000,0.62178,0.62311,0.61785,0.61871,108723.72
1735689600000,0.61804,0.61939,0.61796,0.6193,3880.05
1735776000000,0.6193,0.62223,0.61878,0.62006,143902.07
1735862400000,0.62007,0.62248,0.61975,0.62148,98192.39
1736035200000,0.62094,0.62243,0.6204,0.62203,3426.91
1736121600000,0.62205,0.63018,0.62183,0.62376,152853.09
1736208000000,0.62379,0.62878,0.62268,0.62336,151620.34
1736294400000,0.62336,0.62416,0.61871,0.62105,152933.32
1736380800000,0.62105,0.62125,0.61715,0.61893,85850.15
1736467200000,0.61893,0.62055,0.61389,0.61426,145297.88
1736640000000,0.61441,0.61583,0.61414,0.61531,3342.94
1736726400000,0.61531,0.62025,0.61306,0.61904,115802.71
1736812800000,0.61906,0.62069,0.61656,0.61905,123466.43
1736899200000,0.61903,0.62461,0.61808,0.62349,113588.25
1736985600000,0.62349,0.62456,0.61916,0.62102,134996.87
1737072000000,0.62093,0.62268,0.61637,0.61896,105449.1
1737244800000,0.61964,0.61997,0.61893,0.6197,2892.4
1737331200000,0.6197,0.62862,0.61964,0.62798,122419.81
1737417600000,0.62799,0.62885,0.62077,0.62614,168007.77
1737504000000,0.62614,0.62951,0.62524,0.62724,111531.99
1737590400000,0.62723,0.62993,0.62546,0.62828,112240.01
1737676800000,0.62823,0.63303,0.62781,0.63097,136790.29
1737849600000,0.63026,0.63045,0.62905,0.6293,3678.03
1737936000000,0.62932,0.63074,0.62563,0.62591,164227.11
1738022400000,0.62591,0.62737,0.62363,0.62509,102276.52
1738108800000,0.6251,0.62553,0.62097,0.62388,136633.39
1738195200000,0.62388,0.62429,0.61984,0.62137,110718.14
1738281600000,0.62135,0.62621,0.62034,0.62058,146565.16
1738454400000,0.61611,0.61656,0.61369,0.61411,13545.21
1738540800000,0.61411,0.62367,0.60873,0.6217,214552.55
1738627200000,0.62169,0.62615,0.61702,0.62529,112373.76
1738713600000,0.62491,0.62964,0.62397,0.62833,95221.84
1738800000000,0.62833,0.62876,0.62547,0.62808,77255.82
1738886400000,0.62807,0.63004,0.62525,0.62696,118448.08
1739059200000,0.62326,0.62605,0.62326,0.62574,5991.23
1739145600000,0.62573,0.62869,0.6252,0.62695,76578.05
1739232000000,0.62697,0.63015,0.62599,0.62961,76027.47
1739318400000,0.62963,0.63089,0.62347,0.62812,102376.22
1739404800000,0.62815,0.63224,0.62544,0.6316,113766.24
1739491200000,0.63159,0.63672,0.631,0.63475,88463.09
1739664000000,0.63444,0.63562,0.63444,0.6356,3678.46
1739750400000,0.63559,0.63734,0.63484,0.63549,54736.3
1739836800000,0.63548,0.63673,0.63338,0.63518,67209.01
1739923200000,0.63517,0.63696,0.63362,0.6343,69083.19
1740009600000,0.63403,0.6408,0.63273,0.6402,92373.06
1740096000000,0.6402,0.64075,0.63513,0.63534,90247.75
1740268800000,0.63603,0.63737,0.63582,0.63684,4892.42
1740355200000,0.63685,0.63916,0.6336,0.63382,100271.41
1740441600000,0.63381,0.6356,0.63216,0.63509,104993.03
1740528000000,0.63508,0.63522,0.62953,0.63086,110866.66
1740614400000,0.63089,0.63096,0.623,0.62316,115745.5
1740700800000,0.62311,0.62374,0.61922,0.62025,115037.7
1740873600000,0.62135,0.62234,0.62077,0.62195,4533.5
1740960000000,0.62194,0.62541,0.62034,0.62152,124102.79
1741046400000,0.62153,0.62792,0.61867,0.62675,195706.93
1741132800000,0.62674,0.63418,0.62335,0.63361,177821.59
1741219200000,0.63362,0.63634,0.63199,0.63312,165042.15
1741305600000,0.63312,0.63369,0.62815,0.63031,135148.28
1741478400000,0.63068,0.63114,0.62951,0.63025,7815.82
1741564800000,0.63027,0.63305,0.62639,0.62797,129664.35
1741651200000,0.62799,0.63113,0.62584,0.62948,146494.73
1741737600000,0.62949,0.63282,0.62761,0.6328,112649.57
1741824000000,0.63279,0.63334,0.62687,0.62857,98212.6
1741910400000,0.62856,0.63309,0.62773,0.63207,90513.4
1742083200000,0.63195,0.63334,0.6315,0.63249,4437.55
1742169600000,0.63249,0.63905,0.63207,0.63803,82715.76
1742256000000,0.63802,0.63905,0.63435,0.6361,93497.17
1742342400000,0.63611,0.63661,0.6319,0.63628,95056.03
1742428800000,0.63627,0.63631,0.62707,0.63017,85716.9
1742515200000,0.63017,0.63057,0.62575,0.62676,70203
1742688000000,0.62664,0.62884,0.62663,0.62884,7743.95
1742774400000,0.62885,0.63048,0.62672,0.62862,80633.43
1742860800000,0.62861,0.6325,0.62781,0.63064,73770.52
1742947200000,0.63062,0.63301,0.6278,0.62858,90730.83
1743033600000,0.62858,0.63178,0.62853,0.63005,84527.27
1743120000000,0.63005,0.63117,0.62804,0.62829,74769.05
1743292800000,0.62843,0.62905,0.62686,0.62819,7271.55
1743379200000,0.62819,0.62999,0.62183,0.62395,101060.31
1743465600000,0.62391,0.62902,0.62314,0.62875,102402.43
1743552000000,0.62876,0.63403,0.62255,0.62633,118169.34
1743638400000,0.62632,0.63887,0.62554,0.63253,192765.34
1743724800000,0.63252,0.63314,0.59862,0.60372,321266.46
1743897600000,0.59919,0.60096,0.59319,0.59861,42224.54
1743984000000,0.59862,0.61267,0.59439,0.59963,434141.04
1744070400000,0.59966,0.60848,0.59394,0.59525,286938.21
1744156800000,0.59525,0.61751,0.59132,0.61327,368439.41
1744243200000,0.61323,0.6249,0.61152,0.62225,331880.34
1744329600000,0.62225,0.63003,0.61807,0.62865,346599.63
1744502400000,0.6303,0.63055,0.62777,0.63002,15089.01
1744588800000,0.63003,0.63423,0.62747,0.63184,183091.6
1744675200000,0.63183,0.63826,0.63183,0.63372,133023.65
1744761600000,0.6337,0.63911,0.63304,0.63685,144511.46
1744848000000,0.63686,0.63934,0.63327,0.63885,112191.16
1744934400000,0.63885,0.63928,0.63665,0.63731,525310.14
1745107200000,0.63684,0.63927,0.63659,0.63893,11445.62
1745193600000,0.63891,0.64373,0.63829,0.6421,89240.55
1745280000000,0.64211,0.64389,0.63486,0.63754,137451.99
1745366400000,0.63754,0.64351,0.63517,0.63634,141171.5
1745452800000,0.63634,0.64139,0.63432,0.63997,105081.24
1745539200000,0.63996,0.64206,0.6374,0.63957,90413.41
1745712000000,0.63835,0.64052,0.63799,0.63818,5734.73
1745798400000,0.6382,0.64347,0.63674,0.64275,91161.97
1745884800000,0.64274,0.64493,0.63744,0.63868,89288.55
1745971200000,0.63867,0.64173,0.63554,0.641,102499.35
1746057600000,0.64101,0.64268,0.63645,0.63848,87772.77
1746144000000,0.63849,0.64695,0.63815,0.64414,108932.04
1746316800000,0.64428,0.64574,0.64402,0.64433,5654.01
1746403200000,0.64435,0.64934,0.64338,0.64603,84343.36
1746489600000,0.64604,0.65141,0.64374,0.65028,99623.55
1746576000000,0.65027,0.65114,0.64205,0.64303,108146.14
1746662400000,0.64305,0.6464,0.63913,0.63931,105573.14
1746748800000,0.63929,0.6432,0.63703,0.6409,71891.68
1746921600000,0.64284,0.6431,0.64162,0.64186,8698.16
1747008000000,0.64188,0.64603,0.63535,0.6372,125556.61
1747094400000,0.63721,0.64782,0.63608,0.64716,103591.14
1747180800000,0.64717,0.65007,0.64196,0.64267,107557.9
1747267200000,0.6427,0.64571,0.639,0.64036,88264.16
1747353600000,0.64037,0.64356,0.63874,0.64003,72414.73
1747526400000,0.63957,0.64124,0.6395,0.64087,5365.11
1747612800000,0.64088,0.64645,0.63978,0.64537,75390.19
1747699200000,0.64539,0.64546,0.63912,0.64251,91335.92
1747785600000,0.64249,0.64688,0.64224,0.6432,108716.54
1747872000000,0.64325,0.64582,0.64067,0.64083,89242.38
1747958400000,0.64085,0.64991,0.64079,0.64925,93222.54
1748131200000,0.64824,0.65063,0.64821,0.65014,8213.44
1748217600000,0.65013,0.6537,0.64794,0.64796,54892.19
1748304000000,0.64795,0.64954,0.64343,0.64471,82582.56
1748390400000,0.64473,0.64529,0.64095,0.64219,94848.92
1748476800000,0.64218,0.64597,0.64067,0.64434,106886.88
1748563200000,0.64434,0.6452,0.64071,0.64283,95077.92
1748736000000,0.64326,0.64499,0.64307,0.64424,4157.6
1748822400000,0.64425,0.64999,0.6442,0.64982,81785.44
1748908800000,0.64981,0.64987,0.64439,0.64638,77192.5
1748995200000,0.64637,0.65044,0.64501,0.64891,73451.53
1749081600000,0.64891,0.65375,0.64855,0.65097,95788.19
1749168000000,0.65096,0.65166,0.64791,0.64877,86730.1
1749340800000,0.6496,0.65012,0.6494,0.64982,2928.11
1749427200000,0.64984,0.65334,0.64934,0.65161,54580.27
1749513600000,0.65163,0.65328,0.64895,0.65284,77653.87
1749600000000,0.65286,0.65455,0.64956,0.65083,75504.29
1749686400000,0.65084,0.65332,0.64768,0.65267,89547.59
1749772800000,0.65266,0.65268,0.64559,0.64821,128923.3
1749945600000,0.64801,0.64937,0.64759,0.64915,8777.17
1750032000000,0.64916,0.65516,0.64661,0.65119,84576.83
1750118400000,0.6512,0.65435,0.64656,0.64801,95510.97
1750204800000,0.648,0.65371,0.64765,0.65058,104663.02
1750291200000,0.65058,0.6509,0.64452,0.64851,79995.94
1750377600000,0.6485,0.64951,0.64445,0.64445,74129.62
1750550400000,0.6424,0.64482,0.64145,0.64454,8546.82
1750636800000,0.64454,0.64865,0.6372,0.64764,114398.87
1750723200000,0.64766,0.65191,0.64706,0.64949,109603.49
1750809600000,0.6495,0.65227,0.64839,0.65205,75718.59
1750896000000,0.6521,0.65635,0.65098,0.65463,98573.77
1750982400000,0.65466,0.65607,0.65077,0.65271,92525.76
1751155200000,0.65319,0.65383,0.65309,0.65316,4970.7
1751241600000,0.65314,0.65835,0.65224,0.65758,94915.93
1751328000000,0.65761,0.65899,0.65534,0.65792,82945.36
1751414400000,0.65792,0.65883,0.65429,0.65815,82779.75
1751500800000,0.65815,0.65861,0.65366,0.6576,88750.59
1751587200000,0.65758,0.65784,0.65453,0.65454,101455.18
1751760000000,0.65555,0.65558,0.65465,0.65497,3032.14
1751846400000,0.65497,0.65525,0.64849,0.6506,95294.19
1751932800000,0.65059,0.65576,0.65058,0.65237,108393.42
1752019200000,0.65238,0.65476,0.65092,0.65355,82971.86
1752105600000,0.65354,0.65947,0.65333,0.65929,70803.71
1752192000000,0.6593,0.65942,0.65558,0.65736,91120.65
1752364800000,0.65605,0.65771,0.65605,0.65748,4517.15
1752451200000,0.65746,0.65871,0.65391,0.65434,71636.27
1752537600000,0.65433,0.65753,0.65074,0.65181,120520.61
1752624000000,0.65182,0.65539,0.64948,0.65222,106124.11
1752710400000,0.65221,0.65232,0.64539,0.64973,100278.59
1752796800000,0.64974,0.65404,0.64963,0.65049,64173.78
1752969600000,0.65165,0.65171,0.65029,0.65119,3911.28
1753056000000,0.65119,0.6537,0.64975,0.65268,50779.53
1753142400000,0.6527,0.65592,0.65034,0.65525,63553.14
1753228800000,0.65525,0.66043,0.65497,0.66012,72543.76
1753315200000,0.66011,0.66247,0.65857,0.65942,71049.74
1753401600000,0.65942,0.65982,0.65504,0.65643,68105.1
1753574400000,0.65714,0.65764,0.65686,0.65704,3334.74
1753660800000,0.65706,0.65854,0.65125,0.65214,85000.58
1753747200000,0.65213,0.65296,0.64956,0.65128,71475.45
1753833600000,0.65128,0.65285,0.64255,0.64438,124729.86
1753920000000,0.6445,0.64759,0.6421,0.64273,102123.97
1754006400000,0.64271,0.64929,0.64185,0.64684,137070.28
1754179200000,0.64645,0.64724,0.64606,0.64687,4435.45
1754265600000,0.64684,0.64893,0.64586,0.64735,71117
1754352000000,0.64737,0.64791,0.64493,0.64715,76596.94
1754438400000,0.64715,0.65084,0.64707,0.64992,59181.45
1754524800000,0.64993,0.65409,0.64891,0.65246,83288.78
1754611200000,0.65249,0.65345,0.6511,0.65202,56530.57
1754784000000,0.65197,0.65226,0.6516,0.6516,1662.86
1754870400000,0.65161,0.65281,0.65008,0.65129,84514.04
1754956800000,0.65129,0.654,0.64814,0.65292,118583.95
1755043200000,0.65291,0.65623,0.65159,0.65504,62616.84
1755129600000,0.65504,0.65684,0.64823,0.64969,122870
1755216000000,0.64969,0.65224,0.64874,0.65035,59423.13
1755388800000,0.65073,0.65126,0.65054,0.65119,1606.02
1755475200000,0.65117,0.65239,0.6481,0.64941,63882.05
1755561600000,0.64941,0.64967,0.64492,0.64531,83871.05
1755648000000,0.64531,0.64548,0.64231,0.64348,70494.2
1755734400000,0.64347,0.64364,0.64068,0.64251,60295.13
1755820800000,0.6425,0.65006,0.64147,0.64875,83214.92
1755993600000,0.64896,0.64944,0.64834,0.64841,3195.52
1756080000000,0.64843,0.65046,0.64711,0.6481,61545.65
1756166400000,0.64811,0.65003,0.64694,0.6495,71440.65
1756252800000,0.64948,0.65125,0.6462,0.65122,70562.65
1756339200000,0.6512,0.65372,0.65053,0.65301,71675.5
1756425600000,0.65303,0.65482,0.65224,0.65364,67362.5
1756598400000,0.65429,0.6546,0.65366,0.65427,1684.49
1756684800000,0.65426,0.65597,0.65345,0.65565,44170.95
1756771200000,0.65567,0.65581,0.64826,0.65183,102612.82
1756857600000,0.65182,0.65541,0.65017,0.65444,75882.8
1756944000000,0.65445,0.65493,0.64979,0.65218,78385.66
1757030400000,0.65219,0.65884,0.65194,0.65521,109311.96
1757203200000,0.65495,0.65555,0.65456,0.65544,3792.76
1757289600000,0.65545,0.65983,0.65476,0.65974,68249.24
1757376000000,0.65974,0.66193,0.65793,0.65852,77115.35
1757462400000,0.65851,0.66352,0.65796,0.66186,74038.98
1757548800000,0.66185,0.66663,0.65895,0.66651,76434.9
1757635200000,0.66649,0.66685,0.66303,0.66483,64982.08
1757808000000,0.66275,0.66495,0.66275,0.66484,2875.41
1757894400000,0.66484,0.66744,0.66446,0.66721,57324.48
1757980800000,0.6672,0.66884,0.66595,0.66881,74893.47
1758067200000,0.66883,0.67065,0.6641,0.66517,93434.39
1758153600000,0.66518,0.66594,0.66065,0.66163,130026.86
1758240000000,0.66163,0.66191,0.65854,0.65892,82162.64
1758412800000,0.65878,0.65951,0.65824,0.65882,2820.6
1758499200000,0.65879,0.66022,0.65746,0.66006,59342.63
1758585600000,0.66006,0.66151,0.65809,0.65985,69406.66
1758672000000,0.65987,0.66276,0.65741,0.65856,83017.41
1758758400000,0.65856,0.66035,0.65255,0.65377,98085.13
1758844800000,0.65378,0.65511,0.652,0.65438,75932.27
1759017600000,0.65441,0.6552,0.65439,0.65515,1708.59
1759104000000,0.65514,0.65807,0.65472,0.65776,65818.87
1759190400000,0.65775,0.66281,0.65706,0.66102,101788.37
1759276800000,0.66104,0.66286,0.65888,0.66151,112662.99
1759363200000,0.66152,0.66241,0.65764,0.65986,81873.65
1759449600000,0.65988,0.66137,0.65885,0.66008,92159
1759622400000,0.65809,0.6594,0.65803,0.65934,7469.08
1759708800000,0.65937,0.66201,0.65898,0.6616,105219.21
1759795200000,0.6616,0.6624,0.65773,0.65796,82033.71
1759881600000,0.65796,0.65913,0.6556,0.6584,75642.13
1759968000000,0.65841,0.66119,0.65396,0.65601,94830.43
1760054400000,0.656,0.65725,0.64696,0.64696,119285.02
1760227200000,0.65105,0.65134,0.64907,0.64974,10811.3
1760313600000,0.64974,0.65325,0.64966,0.65115,73694.55
1760400000000,0.65112,0.65208,0.64399,0.64906,115818.59
1760486400000,0.64906,0.65231,0.64857,0.65073,94931.35
1760572800000,0.65073,0.65153,0.64706,0.64815,117845.13
1760659200000,0.64814,0.65022,0.64429,0.64915,116114.84
1760832000000,0.64896,0.65056,0.6487,0.65007,3189.8
1760918400000,0.65006,0.65207,0.64839,0.65157,70667.82
1761004800000,0.65155,0.65246,0.64724,0.64905,95723.9
1761091200000,0.64905,0.65117,0.64778,0.64876,91657.1
1761177600000,0.64875,0.65174,0.64783,0.65142,68907.19
1761264000000,0.65141,0.65285,0.64924,0.65108,73118.73
1761436800000,0.65399,0.65435,0.65275,0.65332,6867.84
1761523200000,0.65332,0.65604,0.65278,0.65579,74642.78
1761609600000,0.65579,0.65903,0.6544,0.65844,73329.13
1761696000000,0.65844,0.66172,0.65565,0.65762,140473.41
1761782400000,0.65761,0.65971,0.65322,0.65587,128969.3
1761868800000,0.65586,0.65597,0.65327,0.65404,75621.43
1762041600000,0.65421,0.65478,0.65377,0.65448,2440.41
1762128000000,0.65449,0.65622,0.65172,0.65379,68573.78
1762214400000,0.65378,0.65378,0.64806,0.64843,100289
1762300800000,0.64841,0.65125,0.64583,0.65091,72576.98
1762387200000,0.65093,0.65182,0.64628,0.64833,84069.22
1762473600000,0.64833,0.64987,0.64672,0.64901,90243.71
1762646400000,0.64946,0.65022,0.64884,0.65017,4490.45
1762732800000,0.65016,0.65398,0.64955,0.65342,52907.53
1762819200000,0.65342,0.65377,0.6512,0.65288,56764.12
1762905600000,0.65285,0.655,0.65156,0.65357,62123.31
1762992000000,0.65361,0.65799,0.65235,0.65263,102721.48
1763078400000,0.65262,0.6551,0.65032,0.6535,115041.69
1763251200000,0.65308,0.65355,0.65293,0.65322,2901.04
1763337600000,0.65324,0.65371,0.64817,0.64918,79588.15
1763424000000,0.6492,0.6518,0.64645,0.65081,107317.5
1763510400000,0.6508,0.65086,0.64507,0.64899,100976.46
1763596800000,0.649,0.65023,0.64358,0.64487,127286.19
1763683200000,0.64487,0.64604,0.6421,0.64539,126693.3
1763856000000,0.64559,0.64656,0.64543,0.64612,2679.17
1763942400000,0.6461,0.64683,0.64417,0.64649,66203.93
1764028800000,0.64648,0.64754,0.64358,0.64699,89925.5
1764115200000,0.64698,0.65275,0.64686,0.65229,86872.24
1764201600000,0.6523,0.65395,0.65212,0.65353,40500.46
1764288000000,0.65352,0.65588,0.65199,0.65491,251191.51
1764460800000,0.65384,0.65531,0.65357,0.6551,3208.53
1764547200000,0.65508,0.6566,0.65361,0.65413,86381.69
1764633600000,0.65415,0.65733,0.65376,0.65731,67244.77
1764720000000,0.65733,0.66039,0.65521,0.66035,80062.09
1764806400000,0.6604,0.66237,0.66017,0.6606,81622.84
1764892800000,0.66061,0.66485,0.66061,0.66382,66611.2
1765065600000,0.66321,0.66395,0.66266,0.66343,4890.27
1765152000000,0.66346,0.66488,0.66139,0.66265,61463.09
1765238400000,0.66264,0.66541,0.66078,0.6639,90321.03
1765324800000,0.66396,0.66855,0.66284,0.66731,95732.7
1765411200000,0.66732,0.66786,0.66261,0.6662,95426.15
1765497600000,0.6662,0.66767,0.6632,0.66502,91442.45
1765670400000,0.66404,0.66505,0.66316,0.6647,4411.7
1765756800000,0.66471,0.66561,0.66309,0.66409,77066.09
1765843200000,0.66411,0.66608,0.66178,0.66321,129554.22
1765929600000,0.6632,0.66331,0.65988,0.66,97691.03
1766016000000,0.66001,0.66305,0.6592,0.66132,99143.21
1766102400000,0.6613,0.66247,0.65997,0.66068,70384.09
1766275200000,0.66113,0.66146,0.66053,0.66119,2925.77
1766361600000,0.66119,0.6661,0.66102,0.6657,63445.65
1766448000000,0.66572,0.67023,0.66554,0.67017,80851.22
1766534400000,0.67021,0.67171,0.66974,0.67011,70345.48
1766620800000,0.67004,0.67134,0.66933,0.67046,9300.42
1766707200000,0.67044,0.67243,0.66967,0.6714,82772.73
1766880000000,0.66984,0.67155,0.66956,0.67142,3957.01
1766966400000,0.6714,0.67271,0.66826,0.66947,100613.63
1767052800000,0.66946,0.67175,0.66876,0.66953,69387.33
1767139200000,0.66954,0.67008,0.66593,0.66726,82478.93
1767225600000,0.66617,0.66796,0.66617,0.6678,2931.7
1767312000000,0.66783,0.67067,0.66761,0.66934,80761.31
1767484800000,0.66809,0.66929,0.66747,0.66832,5453.12
1767571200000,0.66834,0.67186,0.66626,0.67127,83016.01
1767657600000,0.67129,0.67414,0.67029,0.67342,80612.58
1767744000000,0.67345,0.67661,0.67165,0.67216,93999.07
1767830400000,0.67216,0.67251,0.66813,0.66984,76668.41
1767916800000,0.66982,0.67031,0.66631,0.66844,81122.63
1768089600000,0.66756,0.6688,0.66741,0.66856,2565.07
1768176000000,0.66854,0.6722,0.6683,0.67077,78075.27
1768262400000,0.67076,0.67269,0.66724,0.66822,90782.83
1768348800000,0.66822,0.67019,0.66726,0.66816,87284.65
1768435200000,0.66821,0.67094,0.66667,0.67005,69076.89
1768521600000,0.67004,0.67092,0.66706,0.66789,75009.99
1768694400000,0.66705,0.66904,0.66678,0.66875,6157.37
1768780800000,0.66873,0.67169,0.66763,0.6709,57422.71
1768867200000,0.6709,0.67469,0.67063,0.67305,128017.38
1768953600000,0.67307,0.67775,0.67271,0.6754,125730.03
1769040000000,0.6754,0.68441,0.67535,0.6839,82292.68
1769126400000,0.68388,0.68985,0.68339,0.68923,86634.37
1769299200000,0.69219,0.69321,0.69095,0.69138,8687
1769385600000,0.6914,0.69405,0.69056,0.69131,107518.71
1769472000000,0.69131,0.70157,0.6901,0.69962,127298.6
1769558400000,0.69962,0.70494,0.69764,0.70391,162700.95
1769644800000,0.7039,0.70938,0.69685,0.7047,194731.69
1769731200000,0.70471,0.70525,0.69397,0.69623,234625.86
1769904000000,0.69472,0.69523,0.692,0.69434,15312.15
1769990400000,0.69437,0.69703,0.69082,0.69571,219566.39
1770076800000,0.69569,0.705,0.69559,0.70225,176209.6
1770163200000,0.70224,0.70426,0.69711,0.69942,158875.94
1770249600000,0.69941,0.7007,0.69126,0.69155,190894.45
1770336000000,0.69157,0.70244,0.68967,0.70099,138433.61
1770508800000,0.70068,0.70373,0.70068,0.70354,5567.14
1770595200000,0.70354,0.70984,0.70134,0.7083,109841.66
1770681600000,0.7083,0.70903,0.7061,0.70732,99783.25
1770768000000,0.70733,0.71428,0.70712,0.71241,169588.92
1770854400000,0.71239,0.71467,0.70752,0.70875,151892.28
1770940800000,0.70873,0.7097,0.70431,0.70684,160771.14
1771113600000,0.70609,0.7072,0.70554,0.70711,3085.13
1771200000000,0.70711,0.70963,0.70669,0.70719,51478.54
1771286400000,0.7072,0.70898,0.70277,0.70814,130258.93
1771372800000,0.70813,0.70843,0.70345,0.70424,91973.09
1771459200000,0.70425,0.70798,0.70237,0.70552,127863.87
1771545600000,0.70553,0.70942,0.7015,0.70816,179061.66
1771718400000,0.70715,0.71116,0.70707,0.71115,6957.67
1771804800000,0.71113,0.71115,0.70469,0.70594,124330.85
1771891200000,0.70593,0.70732,0.70263,0.70581,95933.44
1771977600000,0.70582,0.71257,0.70567,0.71196,95098.55
1772064000000,0.71194,0.71362,0.70665,0.7102,130421.99
1772150400000,0.7102,0.71318,0.7086,0.71137,137274.02
1772323200000,0.70389,0.70858,0.70341,0.70557,13279.09
1772409600000,0.70556,0.71164,0.70445,0.71021,231397.95
1772496000000,0.71024,0.71224,0.69437,0.70384,358476.28
1772582400000,0.70387,0.70829,0.69842,0.70752,280773.47
1772668800000,0.70751,0.70888,0.69732,0.70088,271109.62
1772755200000,0.70089,0.70471,0.69764,0.70284,265007.25
1772928000000,0.69806,0.69961,0.69631,0.69684,22658.33
1773014400000,0.69682,0.70818,0.69559,0.70675,319643.6
1773100800000,0.70675,0.71679,0.70529,0.71189,255862.08
1773187200000,0.71188,0.7187,0.71161,0.71285,200827.02
1773273600000,0.71287,0.71604,0.70711,0.70757,195855.98
1773360000000,0.70755,0.70919,0.69785,0.69794,200716.2
1773532800000,0.69914,0.70062,0.69855,0.70044,11465.29
1773619200000,0.70045,0.70822,0.69963,0.70666,138811.86
1773705600000,0.70668,0.71179,0.70486,0.71081,142868.69
1773792000000,0.71082,0.7123,0.70177,0.7029,160265.23
1773878400000,0.70289,0.71085,0.69992,0.70796,294202.12
1773964800000,0.70797,0.70967,0.70048,0.70179,203567.4
1774137600000,0.69969,0.7013,0.69942,0.70097,11146.67
1774224000000,0.70097,0.70621,0.69102,0.70079,381142.06
1774310400000,0.70077,0.70146,0.6938,0.69943,325874.4
1774396800000,0.69944,0.70034,0.69388,0.69424,195302.77
1774483200000,0.69422,0.69565,0.68752,0.68859,179783.56
1774569600000,0.68857,0.69118,0.68638,0.68711,170779.83
1774742400000,0.68651,0.68682,0.68458,0.68499,11331.09
1774828800000,0.68501,0.68738,0.68329,0.68449,160383.77
1774915200000,0.6845,0.6921,0.68337,0.692,257569.9
1775001600000,0.69198,0.69632,0.68992,0.69228,194321.86
1775088000000,0.69227,0.69405,0.68593,0.69105,208995.45
1775174400000,0.69106,0.69155,0.6881,0.68833,46380.59
1775347200000,0.68832,0.68904,0.68758,0.68845,8077.2
1775433600000,0.68842,0.69377,0.6884,0.69159,121186.32
1775520000000,0.69158,0.70771,0.6898,0.7076,217389.23
1775606400000,0.70763,0.70842,0.70283,0.70384,215821.44
1775692800000,0.70385,0.70944,0.70217,0.70746,133326.38
1775779200000,0.70746,0.70934,0.70531,0.70624,103366.06
1775952000000,0.69933,0.70215,0.69863,0.70191,13083.7
1776038400000,0.70191,0.7102,0.70162,0.70986,121806.3
1776124800000,0.70987,0.71475,0.70768,0.71285,108958.3
1776211200000,0.71284,0.71774,0.71219,0.7175,108815.71
1776297600000,0.7175,0.7197,0.71461,0.71582,124307.16
1776384000000,0.7158,0.72214,0.71535,0.71662,146131.47
1776556800000,0.71215,0.71442,0.71152,0.71343,8378.78
1776643200000,0.71344,0.71823,0.71317,0.71734,122742.06
1776729600000,0.71735,0.71854,0.71297,0.71555,136639.55
1776816000000,0.71557,0.71757,0.71458,0.71571,103336.07
1776902400000,0.71571,0.71663,0.71106,0.71288,185596.83
1776988800000,0.7129,0.7155,0.71142,0.71481,118184.23
1777161600000,0.71282,0.71464,0.71281,0.71419,3892.46
1777248000000,0.71422,0.71996,0.71422,0.71901,91685.43
1777334400000,0.71903,0.71944,0.71505,0.71864,142321.75
1777420800000,0.71864,0.71893,0.71011,0.71275,177740.94
1777507200000,0.71278,0.72044,0.71097,0.72001,216579.48
1777593600000,0.72002,0.72275,0.7183,0.7198,134958.84
1777766400000,0.7211,0.72201,0.72041,0.7209,4676.11
1777852800000,0.7209,0.7217,0.71529,0.71668,169976.1
1777939200000,0.71668,0.72079,0.71353,0.72028,115066.33
1778025600000,0.7203,0.72772,0.72017,0.72347,168935.1
1778112000000,0.72346,0.72639,0.72005,0.7208,139121.28
1778198400000,0.72081,0.72486,0.71997,0.7244,120726.95
1778371200000,0.72187,0.7238,0.72172,0.72338,5389.1
1778457600000,0.72339,0.72591,0.72248,0.72453,91090.19
1778544000000,0.72453,0.72454,0.72085,0.72369,127640.7
1778630400000,0.7237,0.72713,0.72302,0.72537,110192.83
1778716800000,0.72537,0.72639,0.72129,0.72135,114359.39
1778803200000,0.72137,0.7218,0.71394,0.71462,142492.16
1778976000000,0.71429,0.71536,0.71274,0.71293,8379.23
1779062400000,0.71293,0.7184,0.71181,0.717,158735.95
1779148800000,0.71701,0.71723,0.70789,0.71037,141853.95
1779235200000,0.71035,0.71739,0.70865,0.71488,140567.88
1779321600000,0.7149,0.71681,0.70994,0.71474,166894.1
1779408000000,0.71475,0.71476,0.7116,0.71255,94746.91
1779580800000,0.71546,0.71614,0.71529,0.71564,6225.35
1779667200000,0.71563,0.71817,0.71517,0.71676,49814.41
1779753600000,0.71677,0.7176,0.71549,0.71702,74154.56
1779840000000,0.71703,0.71791,0.71234,0.71325,107771.27
1779926400000,0.71324,0.71695,0.70973,0.71628,110824.46
1780012800000,0.71629,0.72001,0.71487,0.71808,105009.91
1780185600000,0.71689,0.71834,0.71688,0.71797,5543.73
1780272000000,0.71797,0.719,0.71342,0.7164,99553.74
1780358400000,0.71641,0.71876,0.71524,0.71728,76021.27
1780444800000,0.71728,0.71813,0.71262,0.71337,100618.72
1780531200000,0.71336,0.71487,0.71222,0.71303,100876.32
1780617600000,0.71302,0.71434,0.7037,0.70454,138098.45
1780790400000,0.70219,0.70431,0.70195,0.70423,8409.84
1780876800000,0.70423,0.70778,0.70341,0.70386,186671.84
1780963200000,0.70385,0.70702,0.70046,0.70237,215883.84
1781049600000,0.70235,0.7037,0.69872,0.69934,253577.16
1781136000000,0.69934,0.70548,0.69784,0.70472,237873.92
1781222400000,0.70471,0.70595,0.70208,0.70427,183882.47
1781395200000,0.70408,0.70878,0.70408,0.70745,10009.59
1781481600000,0.70745,0.70881,0.70638,0.70712,89740.75
1781568000000,0.70712,0.70794,0.70415,0.70649,88151.33
1781654400000,0.70648,0.70749,0.69946,0.70178,138143.98
1781740800000,0.70179,0.70412,0.70005,0.70122,130011.99
1781827200000,0.70122,0.70239,0.69889,0.70096,96537.85
1782000000000,0.7007,0.70142,0.69987,0.7002,4328.76
1782086400000,0.7002,0.70188,0.69933,0.69939,107841.68
1782172800000,0.69936,0.69937,0.69065,0.69148,116290.07
1782259200000,0.6915,0.6923,0.6882,0.6898,128597.87
1782345600000,0.68981,0.6927,0.68864,0.68997,141136.28
1782432000000,0.68999,0.69167,0.68749,0.68926,156032.1
1782604800000,0.68888,0.68972,0.68798,0.68955,6569.83
1782691200000,0.68954,0.6904,0.6877,0.68817,153195.52
1782777600000,0.68815,0.69295,0.68648,0.69116,159184.11
1782864000000,0.69117,0.69156,0.68824,0.68894,165887.88
1782950400000,0.68894,0.6943,0.68838,0.69153,280840.62
1783036800000,0.69152,0.69493,0.69104,0.69388,128682.68
1783209600000,0.69305,0.69415,0.69303,0.69361,4307.18
1783296000000,0.69359,0.69597,0.69213,0.69545,122803.25
1783382400000,0.69545,0.69595,0.69151,0.69218,146383.23
1783468800000,0.69217,0.69462,0.6906,0.69355,229902.4
1783555200000,0.69356,0.69466,0.69245,0.69424,126407.79
1783641600000,0.69426,0.69693,0.69333,0.69499,148102.9
1783814400000,0.69455,0.69474,0.69316,0.69414,5754.52
1783900800000,0.69416,0.69492,0.69102,0.69189,180066.14
1783987200000,0.69191,0.69923,0.69125,0.69757,247479.97
1784073600000,0.69758,0.7021,0.6975,0.70073,165822.2
1784160000000,0.70072,0.70121,0.69859,0.69996,151365.05
1784246400000,0.69999,0.70008,0.69656,0.698,156522.9
1784419200000,0.69641,0.69785,0.69624,0.69783,10917.67
1784505600000,0.69784,0.70144,0.69744,0.70001,165445.56
1784592000000,0.7,0.70264,0.69963,0.7,116436.9
1784678400000,0.70003,0.7012,0.69797,0.6989,130002.05
1784764800000,0.69891,0.70207,0.69598,0.69666,172521.6
1784851200000,0.69667,0.70007,0.69656,0.69785,135902.84
1785024000000,0.69975,0.70061,0.69901,0.69936,7795.65
1785110400000,0.69935,0.70109,0.69843,0.69862,132447.48
1785196800000,0.69863,0.69961,0.69621,0.6974,138837.81
1785283200000,0.6974,0.69884,0.69219,0.69583,228249.86
1785369600000,0.69584,0.70328,0.69458,0.70241,248468.88
1785456000000,0.70243,0.70442,0.69909,0.7021,203453.31
1785628800000,0.70446,0.70495,0.70354,0.7045,9719.13
1785715200000,0.70451,0.70498,0.69835,0.69968,133291.05
1785801600000,0.69967,0.7049,0.69965,0.7046,137239.2
1785888000000,0.70459,0.70642,0.70391,0.70566,135455.55
1785974400000,0.70566,0.70598,0.70222,0.70327,113530.24
1786060800000,0.70326,0.70774,0.70219,0.70654,135714.98
1786233600000,0.7053,0.70679,0.70525,0.70614,6232.35
1786320000000,0.70615,0.70738,0.70507,0.70548,102110.08
1786406400000,0.70548,0.7069,0.70388,0.70632,112387.17
1786492800000,0.70635,0.70908,0.70538,0.70631,123464.8
1786579200000,0.70634,0.7067,0.70434,0.70632,86295.8
1786665600000,0.7063,0.70955,0.70551,0.7081,71394.06
1786838400000,0.70796,0.70886,0.70745,0.70846,3023.17
1786924800000,0.70847,0.71289,0.70846,0.7108,80508.13
1787011200000,0.71081,0.71195,0.70789,0.70808,75178.94
1787097600000,0.70811,0.71285,0.70665,0.71225,145528.81
1787184000000,0.71223,0.71325,0.7102,0.71185,123734.06
1787270400000,0.71184,0.71799,0.71184,0.71687,99145.19
1787443200000,0.7159,0.71713,0.71569,0.71709,4105.05
1787529600000,0.71711,0.71764,0.71401,0.71535,96153.26
1787616000000,0.71536,0.7168,0.71373,0.71638,84890.95
1787702400000,0.71638,0.71884,0.71593,0.7181,88118.91
1787788800000,0.7181,0.71974,0.71746,0.71952,77179.47
1787875200000,0.71953,0.72075,0.71552,0.7161,104187.12
1788048000000,0.7152,0.7162,0.71513,0.71585,4253.2
1788134400000,0.71589,0.71705,0.71536,0.71703,86652.36
1788220800000,0.71705,0.71805,0.71385,0.71451,102382.11
1788307200000,0.71453,0.71752,0.7121,0.71631,127850.09
1788393600000,0.71634,0.72076,0.71582,0.71997,129040.88
1788480000000,0.71999,0.72142,0.71736,0.72014,103164.14
1788652800000,0.71935,0.7208,0.7192,0.72059,2193.73
1788739200000,0.72062,0.72243,0.71974,0.72211,58927.5
1788825600000,0.72213,0.72305,0.72043,0.72206,97525.86
1788912000000,0.72206,0.72374,0.72095,0.72213,99936.16
1788998400000,0.72211,0.72222,0.71511,0.71564,121850.85
1789084800000,0.71564,0.71873,0.71496,0.71696,134822.72
1789257600000,0.71575,0.71664,0.71498,0.71511,9667.34
1789344000000,0.7151,0.71563,0.71078,0.71372,112684.54
1789430400000,0.7137,0.71373,0.71166,0.7125,80339.3
1789516800000,0.71251,0.71395,0.70745,0.70876,135895.94
1789603200000,0.70875,0.71261,0.70858,0.71146,87905.27
1789689600000,0.71145,0.71359,0.71034,0.71203,91769.92
1789862400000,0.7098,0.71249,0.70978,0.71212,2734.98
1789948800000,0.71213,0.714,0.71126,0.71175,57841.48
1790035200000,0.71176,0.71255,0.7092,0.7112,124937.31
1790121600000,0.71118,0.71162,0.70254,0.70327,122754.09
1790208000000,0.70328,0.70448,0.70037,0.70039,181919.98
1790294400000,0.70038,0.70425,0.70036,0.70223,140401.45
1790467200000,0.70044,0.70193,0.70044,0.70085,5175.22
1790553600000,0.70085,0.7039,0.70072,0.70149,160189.77
1790640000000,0.70151,0.70287,0.69656,0.69885,172587.06
1790726400000,0.69883,0.69947,0.69422,0.69454,246410.88
1790812800000,0.69455,0.6956,0.69034,0.6928,320914.38
