timestamp,open,high,low,close,volume
1609632000000,0.89588,0.89635,0.89504,0.89539,4455.67
1609718400000,0.89536,0.90486,0.89434,0.90278,138414.21
1609804800000,0.90278,0.9054,0.90134,0.90249,155538.86
1609891200000,0.90249,0.90848,0.90169,0.90559,178948.02
1609977600000,0.9056,0.90768,0.90151,0.90418,137748.23
1610064000000,0.90416,0.90452,0.8993,0.90089,155054.71
1610236800000,0.8997,0.90185,0.89937,0.90146,5430.65
1610323200000,0.90147,0.90367,0.89881,0.89917,122374.82
1610409600000,0.89918,0.89952,0.89201,0.89325,131328.44
1610496000000,0.89326,0.89341,0.88833,0.89109,128063.38
1610582400000,0.89108,0.89157,0.8869,0.88796,137666.41
1610668800000,0.88798,0.89071,0.88656,0.88843,127538.14
1610841600000,0.88798,0.88915,0.88765,0.88906,4966.17
1610928000000,0.88904,0.89247,0.88857,0.88916,96991.46
1611014400000,0.88915,0.89182,0.88831,0.88964,104774.84
1611100800000,0.88963,0.89035,0.88374,0.88636,117017.16
1611187200000,0.88636,0.88688,0.88294,0.88608,117633.26
1611273600000,0.88608,0.89182,0.88596,0.88943,101450.15
1611446400000,0.88938,0.8895,0.88886,0.88898,2340.87
1611532800000,0.88899,0.88965,0.88681,0.88786,116303.59
1611619200000,0.88786,0.89043,0.88466,0.88515,111053.76
1611705600000,0.88516,0.88566,0.88122,0.88525,149695.29
1611792000000,0.88523,0.88835,0.88267,0.8831,138863.96
1611878400000,0.88309,0.88702,0.88252,0.88567,151874.02
1612051200000,0.88487,0.88525,0.8845,0.88504,4970.1
1612137600000,0.88502,0.88513,0.88044,0.88236,117118.16
1612224000000,0.88235,0.88367,0.87951,0.88117,112289.42
1612310400000,0.88119,0.88259,0.87971,0.88211,105180.48
1612396800000,0.88211,0.88392,0.87475,0.87518,115828.51
1612483200000,0.87514,0.87773,0.87381,0.87675,100855.1
1612656000000,0.8772,0.87768,0.87645,0.87696,8232.69
1612742400000,0.87696,0.87927,0.87616,0.87678,93812.32
1612828800000,0.87677,0.8797,0.87619,0.87695,109190.65
1612915200000,0.87692,0.87798,0.8751,0.87617,92753.28
1613001600000,0.8762,0.87878,0.87525,0.87826,73111.47
1613088000000,0.87826,0.8791,0.87435,0.87451,70400.7
1613260800000,0.87497,0.87527,0.87383,0.87384,6161.47
1613347200000,0.87386,0.87397,0.87168,0.87188,60954.53
1613433600000,0.87188,0.87384,0.86969,0.87052,88553.37
1613520000000,0.87055,0.8719,0.86796,0.86865,93566.4
1613606400000,0.86863,0.86999,0.86409,0.86569,86591.67
1613692800000,0.86571,0.86782,0.864,0.86457,78793.63
1613865600000,0.8641,0.86507,0.8641,0.86435,12147.21
1613952000000,0.86436,0.86608,0.86329,0.86462,82656.08
1614038400000,0.8646,0.86538,0.86047,0.86051,83251.76
1614124800000,0.86051,0.8616,0.85391,0.86023,117500.2
1614211200000,0.86023,0.8699,0.85962,0.86816,142305.44
1614297600000,0.86816,0.87307,0.8656,0.8667,180346.72
1614470400000,0.86581,0.86678,0.86477,0.86517,9134.68
1614556800000,0.86517,0.86611,0.86197,0.86496,117014.06
1614643200000,0.86497,0.8667,0.86367,0.86604,114455.81
1614729600000,0.86604,0.8668,0.86218,0.86528,116556.15
1614816000000,0.86529,0.86535,0.85958,0.8613,150543.98
1614902400000,0.86129,0.86517,0.86021,0.86101,149454
1615075200000,0.86205,0.86259,0.86039,0.86105,12285.19
1615161600000,0.86105,0.86176,0.85657,0.85739,125400.89
1615248000000,0.85738,0.8586,0.85501,0.85665,115609.91
1615334400000,0.85666,0.85788,0.85495,0.85594,107124.74
1615420800000,0.85593,0.85817,0.85478,0.85646,104343.43
1615507200000,0.85646,0.85988,0.85537,0.85858,110618.77
1615680000000,0.85785,0.85851,0.85772,0.85782,6104.49
1615766400000,0.8578,0.85998,0.85541,0.85808,91325
1615852800000,0.85808,0.86393,0.85583,0.85612,104076.38
1615939200000,0.85612,0.8605,0.85401,0.85741,120998.63
1616025600000,0.85738,0.85843,0.8533,0.85591,127168.67
1616112000000,0.85593,0.859,0.85352,0.85805,110634.08
1616284800000,0.85751,0.8592,0.85751,0.859,3707.22
1616371200000,0.859,0.86277,0.85765,0.86096,92111.05
1616457600000,0.86093,0.86451,0.85974,0.8622,115504.71
1616544000000,0.86219,0.86453,0.86139,0.86293,105794.25
1616630400000,0.86292,0.86412,0.85609,0.85658,108447.39
1616716800000,0.8566,0.85714,0.85345,0.85455,86638.07
1616889600000,0.85453,0.85557,0.85453,0.85474,2623.26
1616976000000,0.85473,0.85624,0.85056,0.85435,96091.49
1617062400000,0.85434,0.85564,0.8523,0.8528,87515.05
1617148800000,0.85281,0.85374,0.85023,0.85064,96291.01
1617235200000,0.85062,0.85331,0.84927,0.85131,94146.96
1617321600000,0.8513,0.85198,0.84972,0.85021,94393.62
1617494400000,0.85035,0.85109,0.84987,0.85079,5266.41
1617580800000,0.85078,0.85094,0.84717,0.84933,53204.9
1617667200000,0.84935,0.85921,0.84856,0.85848,93785.27
1617753600000,0.85848,0.86632,0.85816,0.8639,105125.54
1617840000000,0.86391,0.86807,0.86212,0.8676,86778.31
1617926400000,0.86759,0.86974,0.86462,0.86808,75961.2
1618099200000,0.86681,0.86828,0.8668,0.8678,3660.61
1618185600000,0.86779,0.86951,0.86395,0.86605,73190.22
1618272000000,0.86605,0.87113,0.86404,0.86878,89804.82
1618358400000,0.86878,0.86983,0.86686,0.86972,86083.3
1618444800000,0.86971,0.86974,0.86698,0.86837,83608.21
1618531200000,0.86834,0.87191,0.86494,0.86494,78371.53
1618704000000,0.86515,0.86627,0.86515,0.86616,3158.72
1618790400000,0.86616,0.86722,0.85885,0.86064,93149
1618876800000,0.86065,0.86433,0.8605,0.86326,89584.54
1618963200000,0.86326,0.86444,0.86125,0.86403,82143.16
1619049600000,0.86402,0.87023,0.86343,0.86815,98433.19
1619136000000,0.86815,0.87176,0.86715,0.87116,81864.62
1619308800000,0.8712,0.87193,0.87105,0.8719,2452.04
1619395200000,0.87189,0.87192,0.86822,0.8693,80835.31
1619481600000,0.86929,0.87011,0.86739,0.86949,74639.72
1619568000000,0.86948,0.87074,0.86853,0.86961,94600.49
1619654400000,0.8696,0.87016,0.8674,0.86908,85918.61
1619740800000,0.86909,0.87175,0.86814,0.8697,100060.97
1619913600000,0.87061,0.87086,0.86985,0.87036,2188.54
1620000000000,0.87033,0.87095,0.86645,0.8673,71110.29
1620086400000,0.8673,0.86891,0.86455,0.86509,98764.44
1620172800000,0.8651,0.8651,0.86233,0.86325,76129.96
1620259200000,0.86326,0.86983,0.8629,0.86824,95713.21
1620345600000,0.86823,0.87006,0.8665,0.86948,98698.85
1620518400000,0.86799,0.86918,0.86675,0.86676,4701.87
1620604800000,0.86676,0.8672,0.85866,0.85911,93726.94
1620691200000,0.85912,0.86134,0.85815,0.85909,91940.22
1620777600000,0.8591,0.85973,0.85602,0.85883,107707.45
1620864000000,0.85883,0.86171,0.85842,0.85978,108382.37
1620950400000,0.85977,0.86271,0.85959,0.86124,81271.88
1621123200000,0.86066,0.86166,0.86061,0.86163,2806.47
1621209600000,0.86159,0.86316,0.85912,0.85921,75511.5
1621296000000,0.8592,0.86188,0.85817,0.86147,78558.84
1621382400000,0.86146,0.86431,0.86094,0.86266,105942.05
1621468800000,0.86266,0.86423,0.86117,0.86183,84687.86
1621555200000,0.86183,0.86294,0.8583,0.86033,90561.77
1621728000000,0.85981,0.86146,0.85963,0.86141,3379.69
1621814400000,0.86141,0.86495,0.86073,0.86284,81412.58
1621900800000,0.86285,0.86713,0.86185,0.8659,95081.24
1621987200000,0.86591,0.86604,0.86288,0.86373,87449.39
1622073600000,0.86373,0.86464,0.85785,0.85843,100958.64
1622160000000,0.85842,0.86064,0.85748,0.85881,95594.87
1622332800000,0.85943,0.85971,0.85849,0.85962,1696.77
1622419200000,0.85964,0.86143,0.85905,0.85979,68120.18
1622505600000,0.85979,0.86452,0.85846,0.86307,103319.89
1622592000000,0.86307,0.8639,0.85998,0.86154,86738.58
1622678400000,0.86153,0.86188,0.85855,0.85976,100975.52
1622764800000,0.85977,0.86003,0.8565,0.85879,93640.13
1622937600000,0.85857,0.85916,0.85801,0.85892,2124.64
1623024000000,0.85892,0.86125,0.85778,0.85991,71803.84
1623110400000,0.85991,0.86271,0.85932,0.86026,77206.01
1623196800000,0.86027,0.86379,0.85887,0.86298,63865.83
1623283200000,0.86298,0.86421,0.85843,0.85897,102365.59
1623369600000,0.85895,0.86058,0.8568,0.85772,75920.92
1623542400000,0.85813,0.85829,0.85749,0.85772,2454.49
1623628800000,0.8577,0.86055,0.8572,0.85907,67282.41
1623715200000,0.85907,0.86282,0.85827,0.861,76068.03
1623801600000,0.86101,0.86113,0.857,0.8574,103727.75
1623888000000,0.8574,0.858,0.85417,0.8547,125864.57
1623974400000,0.8547,0.86002,0.85428,0.8591,118439.68
1624147200000,0.85731,0.85987,0.85706,0.8591,3894.37
1624233600000,0.85911,0.86014,0.85474,0.85543,102076.54
1624320000000,0.85545,0.85822,0.85474,0.85567,91248.73
1624406400000,0.85568,0.8564,0.85303,0.85411,75081.24
1624492800000,0.8541,0.85917,0.85333,0.85707,83442.61
1624579200000,0.85707,0.86044,0.85681,0.85949,68472.28
1624752000000,0.85774,0.85993,0.85774,0.85927,2400.38
1624838400000,0.85929,0.85966,0.8566,0.85947,71563.08
1624924800000,0.85946,0.86091,0.85871,0.85979,76352.29
1625011200000,0.8598,0.86091,0.85677,0.85734,86467.02
1625097600000,0.85733,0.86154,0.85635,0.86088,85318.09
1625184000000,0.86088,0.86102,0.85737,0.85752,83185.97
1625356800000,0.85769,0.85777,0.85714,0.85715,3125.21
1625443200000,0.85715,0.8582,0.85609,0.85627,66045.71
1625529600000,0.85628,0.85763,0.85351,0.85638,99664.96
1625616000000,0.85638,0.85828,0.85385,0.85455,90483.18
1625702400000,0.85456,0.86179,0.85449,0.85902,109170.06
1625788800000,0.85901,0.85966,0.8539,0.85395,104901.26
1625961600000,0.85457,0.85509,0.85409,0.85419,3673.82
1626048000000,0.85421,0.85665,0.85356,0.85421,87306.14
1626134400000,0.85421,0.85577,0.85195,0.85291,99590.31
1626220800000,0.8529,0.85431,0.85031,0.85392,96208.12
1626307200000,0.85393,0.85676,0.85105,0.85413,95574.71
1626393600000,0.85412,0.85797,0.85235,0.85737,79642.6
1626566400000,0.85609,0.85844,0.85609,0.85821,2191.76
1626652800000,0.85819,0.86414,0.85688,0.86262,114849.15
1626739200000,0.86261,0.86696,0.86194,0.86403,104324.29
1626825600000,0.86404,0.86584,0.85948,0.85996,77379.01
1626912000000,0.85996,0.86095,0.85393,0.8547,91145.95
1626998400000,0.85471,0.85843,0.85469,0.85608,69223.39
1627171200000,0.85472,0.85579,0.85472,0.85572,2265.19
1627257600000,0.85572,0.85733,0.85338,0.85373,77060.75
1627344000000,0.85375,0.85558,0.85082,0.85147,77697.38
1627430400000,0.85148,0.85226,0.84995,0.85179,85641.97
1627516800000,0.85178,0.85197,0.84997,0.85149,65055.85
1627603200000,0.8515,0.85372,0.85098,0.85337,72685.67
1627776000000,0.85293,0.85392,0.85293,0.85391,2209.13
1627862400000,0.8539,0.85579,0.85299,0.85477,69202.08
1627948800000,0.85478,0.85504,0.8521,0.85283,67656.57
1628035200000,0.85282,0.85322,0.85045,0.85219,67798.4
1628121600000,0.8522,0.85279,0.84903,0.84959,66778.72
1628208000000,0.84959,0.84989,0.84697,0.84736,55280.35
1628380800000,0.84656,0.84772,0.84656,0.84714,7177.58
1628467200000,0.84715,0.84861,0.84606,0.84751,64920.08
1628553600000,0.84751,0.84802,0.84498,0.84704,53658.69
1628640000000,0.84703,0.84838,0.84607,0.84675,58923.36
1628726400000,0.84675,0.85043,0.846,0.8497,51237.13
1628812800000,0.84969,0.85179,0.84956,0.85033,43582.23
1628985600000,0.85029,0.85079,0.85021,0.85066,2503.72
1629072000000,0.85067,0.85151,0.84835,0.85091,51009.78
1629158400000,0.85091,0.85363,0.85078,0.85216,53832.35
1629244800000,0.85217,0.85328,0.85054,0.85153,56352.06
1629331200000,0.85151,0.85677,0.85051,0.85661,75456.58
1629417600000,0.85662,0.85896,0.8564,0.85823,54752.27
1629590400000,0.85761,0.85892,0.85761,0.85847,2483.55
1629676800000,0.85844,0.85936,0.85502,0.85574,57882.3
1629763200000,0.85575,0.85725,0.85423,0.85631,52036.02
1629849600000,0.85631,0.85693,0.85476,0.8552,52389.68
1629936000000,0.8552,0.85835,0.85494,0.85788,59455.58
1630022400000,0.85788,0.85886,0.85577,0.85682,64278.5
1630195200000,0.85645,0.85763,0.85645,0.85723,3745.12
1630281600000,0.85726,0.85816,0.8561,0.85731,41489.55
1630368000000,0.85731,0.85985,0.85652,0.85872,68121.12
1630454400000,0.85874,0.86025,0.85734,0.85975,53726.64
1630540800000,0.85976,0.86005,0.85764,0.85813,44437.6
1630627200000,0.85813,0.85937,0.85619,0.85665,59517.26
1630800000000,0.85602,0.85765,0.85601,0.85763,2783.9
1630886400000,0.85763,0.85856,0.85659,0.85792,53962.08
1630972800000,0.85791,0.86133,0.8575,0.85945,64283.55
1631059200000,0.85945,0.86027,0.85746,0.85848,60691.81
1631145600000,0.85848,0.85882,0.85234,0.85432,68642.2
1631232000000,0.8543,0.85449,0.852,0.85337,58068.42
1631404800000,0.8529,0.85385,0.85238,0.85344,2088.66
1631491200000,0.85343,0.85383,0.851,0.85341,54452.52
1631577600000,0.85339,0.85514,0.85105,0.8547,62607.39
1631664000000,0.85469,0.85622,0.85284,0.85341,56916.16
1631750400000,0.85341,0.85473,0.85003,0.85265,61049.86
1631836800000,0.85262,0.85529,0.85218,0.85349,56546.48
1632009600000,0.85243,0.85465,0.85243,0.85432,2548.35
1632096000000,0.85433,0.85942,0.85404,0.8583,93555.55
1632182400000,0.85829,0.85948,0.85629,0.85829,73428.05
1632268800000,0.85831,0.86129,0.85709,0.85828,88085.16
1632355200000,0.85826,0.85894,0.85363,0.85556,78393.37
1632441600000,0.85556,0.85765,0.85491,0.85651,59955.05
1632614400000,0.85741,0.8577,0.85545,0.85758,2953.07
1632700800000,0.85758,0.85771,0.85271,0.8536,73150.38
1632787200000,0.85361,0.86405,0.8525,0.86295,108309.23
1632873600000,0.86294,0.86582,0.86123,0.864,89267.78
1632960000000,0.86399,0.86425,0.85773,0.85925,100272.32
1633046400000,0.85927,0.86236,0.85441,0.85525,96488.45
1633219200000,0.85436,0.85648,0.85435,0.85527,3162.91
1633305600000,0.85526,0.85728,0.85309,0.85367,80177.55
1633392000000,0.85367,0.85448,0.85028,0.85091,74108.49
1633478400000,0.85092,0.85267,0.84946,0.85011,95796.63
1633564800000,0.85007,0.85222,0.84738,0.84868,70732.28
1633651200000,0.84868,0.85004,0.84778,0.84962,67605.94
1633824000000,0.84922,0.84974,0.84907,0.84936,2555.46
1633910400000,0.84936,0.85023,0.84718,0.85001,56811.64
1633996800000,0.85,0.85181,0.84731,0.84924,64787.76
1634083200000,0.84925,0.84976,0.84726,0.84839,73267.27
1634169600000,0.84839,0.84872,0.84542,0.84793,60553.74
1634256000000,0.84793,0.84864,0.84234,0.84402,60957.91
1634428800000,0.84206,0.84346,0.84206,0.84267,5667.06
1634515200000,0.84267,0.84636,0.84247,0.84544,65397.82
1634601600000,0.84544,0.84631,0.84209,0.84329,63067.09
1634688000000,0.84327,0.84606,0.84219,0.84299,63183.57
1634774400000,0.84298,0.84434,0.84219,0.84288,65016.25
1634860800000,0.84287,0.84687,0.8421,0.84592,78106.34
1635033600000,0.84588,0.84663,0.84531,0.84571,2113.33
1635120000000,0.8457,0.84654,0.84268,0.8434,65202.22
1635206400000,0.84339,0.84342,0.84022,0.84239,69042.51
1635292800000,0.84237,0.84644,0.84201,0.84457,92208.84
1635379200000,0.84458,0.84755,0.84224,0.84659,109613.38
1635465600000,0.84659,0.84724,0.84328,0.84456,92859.56
1635638400000,0.84453,0.84516,0.84445,0.84455,3135.99
1635724800000,0.84456,0.84992,0.8442,0.84945,83722.56
1635811200000,0.84945,0.85133,0.8492,0.85033,86086.89
1635897600000,0.85032,0.85124,0.84722,0.84814,91666.58
1635984000000,0.84816,0.85645,0.84618,0.85539,104856.66
1636070400000,0.8554,0.85947,0.85481,0.85661,104841.99
1636243200000,0.85699,0.85762,0.85618,0.85744,9026.64
1636329600000,0.85744,0.85882,0.85353,0.85427,74622.97
1636416000000,0.85427,0.85606,0.85201,0.85498,81485.16
1636502400000,0.85494,0.85643,0.85317,0.85634,114695.38
1636588800000,0.85633,0.85732,0.85427,0.85647,89336.47
1636675200000,0.85647,0.85651,0.85251,0.85277,77300.29
1636848000000,0.85288,0.85327,0.85259,0.85274,5970.24
1636934400000,0.85274,0.85372,0.84697,0.84756,81849.87
1637020800000,0.84756,0.8482,0.84239,0.84297,95944.15
1637107200000,0.84298,0.8436,0.83847,0.83902,94720.45
1637193600000,0.839,0.84264,0.8383,0.84208,84830.86
1637280000000,0.84206,0.84263,0.83852,0.83912,112431.5
1637452800000,0.83909,0.83975,0.83868,0.83931,6355.85
1637539200000,0.83932,0.84034,0.83802,0.83909,94436.01
1637625600000,0.83904,0.84309,0.83849,0.84065,97599.91
1637712000000,0.84063,0.84144,0.83847,0.84036,94652.31
1637798400000,0.84035,0.84358,0.83987,0.84195,93195.21
1637884800000,0.84193,0.84956,0.84166,0.84738,149266.82
1638057600000,0.84721,0.84843,0.8456,0.84641,5791.95
1638144000000,0.84641,0.84839,0.84458,0.84809,103377.99
1638230400000,0.8481,0.85378,0.84729,0.85212,164513.16
1638316800000,0.85212,0.85295,0.84925,0.85243,125435.58
1638403200000,0.85243,0.85262,0.84891,0.85004,102053.24
1638489600000,0.85005,0.85504,0.84927,0.85483,126965.16
1638662400000,0.85422,0.85448,0.85289,0.854,3692.44
1638748800000,0.854,0.85416,0.85001,0.85075,82805.94
1638835200000,0.85075,0.85124,0.84885,0.85099,92024.52
1638921600000,0.85099,0.8599,0.85087,0.85874,120015.47
1639008000000,0.85875,0.85901,0.85356,0.85396,79731.29
1639094400000,0.85395,0.85528,0.85241,0.85247,88718.63
1639267200000,0.85301,0.85366,0.85277,0.85313,4467.32
1639353600000,0.85313,0.85498,0.85003,0.85392,86549.09
1639440000000,0.85392,0.85527,0.85056,0.85087,83846.53
1639526400000,0.85086,0.85277,0.84855,0.85124,133919
1639612800000,0.85124,0.85279,0.84531,0.85064,122403.94
1639699200000,0.85064,0.85271,0.84856,0.8486,108231.22
1639872000000,0.84824,0.84995,0.84824,0.84981,4335.1
1639958400000,0.8498,0.85502,0.84952,0.85367,99164.19
1640044800000,0.85367,0.85487,0.84977,0.85063,87107.79
1640131200000,0.85062,0.85106,0.84768,0.84835,82116.21
1640217600000,0.84834,0.84979,0.84153,0.84452,76278.96
1640304000000,0.84451,0.84635,0.84308,0.84308,211648.85
1640476800000,0.84388,0.84505,0.84322,0.84481,1650
1640563200000,0.84479,0.84548,0.84206,0.84283,48052.97
1640649600000,0.84283,0.8433,0.84018,0.84209,57298.55
1640736000000,0.8421,0.84241,0.84024,0.84159,71181.26
1640822400000,0.84158,0.84161,0.83794,0.8388,67676.66
1640908800000,0.83878,0.84146,0.83677,0.84073,67828.03
1640995200000,0.84073,0.84073,0.84073,0.84073,0.0
1641081600000,0.83937,0.84121,0.83906,0.84103,2795.550048828125
1641168000000,0.84103,0.84187,0.83717,0.8382,75425.7890625
1641254400000,0.8382,0.83943,0.83356,0.83387,90159.8671875
1641340800000,0.83387,0.83721,0.83344,0.83437,90064.390625
1641427200000,0.83438,0.83721,0.83412,0.83456,105342.0
1641513600000,0.83458,0.83654,0.83367,0.83529,83558.96875
1641600000000,0.83529,0.83529,0.83529,0.83529,0.0
1641686400000,0.83531,0.83596,0.83513,0.83528,2680.260009765625
1641772800000,0.83528,0.83566,0.83317,0.83429,95024.2421875
1641859200000,0.83428,0.83493,0.83234,0.83367,93498.046875
1641945600000,0.83366,0.83548,0.83278,0.83459,85739.890625
1642032000000,0.83458,0.83601,0.83361,0.83538,90617.9921875
1642118400000,0.83537,0.8362,0.8341,0.8341,99714.2578125
1642204800000,0.8341,0.8341,0.8341,0.8341,0.0
1642291200000,0.83423,0.83494,0.83398,0.83454,4956.080078125
1642377600000,0.83453,0.83616,0.83421,0.836,72260.90625
1642464000000,0.836,0.83785,0.83253,0.83297,118313.59375
1642550400000,0.83296,0.83413,0.83128,0.83345,101673.2734375
1642636800000,0.83341,0.83385,0.8305,0.83197,102339.4921875
1642723200000,0.83197,0.83764,0.8318,0.83647,116800.78125
1642809600000,0.83647,0.83647,0.83647,0.83647,0.0
1642896000000,0.83643,0.83693,0.83608,0.8366,3260.1201171875
1642982400000,0.83662,0.84223,0.83505,0.83946,153556.875
1643068800000,0.83946,0.84013,0.83575,0.83662,135770.984375
1643155200000,0.8366,0.83702,0.83414,0.83462,136441.859375
1643241600000,0.83462,0.83574,0.83202,0.8324,161815.59375
1643328000000,0.83239,0.83337,0.8305,0.83174,143940.125
1643414400000,0.83174,0.83174,0.83174,0.83174,0.0
1643500800000,0.83161,0.83217,0.83142,0.83202,5601.64013671875
1643587200000,0.83205,0.83581,0.83045,0.83516,135784.59375
1643673600000,0.83513,0.83598,0.83178,0.83345,119137.4609375
1643760000000,0.83345,0.83508,0.83226,0.83298,97550.078125
1643846400000,0.83296,0.84164,0.82845,0.84093,157596.078125
1643932800000,0.84091,0.84698,0.84058,0.84593,146866.21875
1644019200000,0.84593,0.84593,0.84593,0.84593,0.0
1644105600000,0.84642,0.84677,0.84525,0.84637,3767.080078125
1644192000000,0.8464,0.84778,0.84381,0.84511,118426.15625
1644278400000,0.84512,0.84568,0.84124,0.84298,111856.421875
1644364800000,0.84299,0.84503,0.84127,0.84392,89211.21875
1644451200000,0.8439,0.84458,0.84104,0.84217,142967.484375
1644537600000,0.84217,0.8423,0.83591,0.83629,155250.484375
1644624000000,0.83629,0.83629,0.83629,0.83629,0.0
1644710400000,0.83661,0.83759,0.83557,0.83747,8715.75
1644796800000,0.83747,0.83866,0.83461,0.83543,151562.515625
1644883200000,0.83542,0.83995,0.83506,0.83855,124509.40625
1644969600000,0.83855,0.84019,0.83648,0.8373,110367.1171875
1645056000000,0.83733,0.8377,0.83337,0.8346,145037.0625
1645142400000,0.83461,0.83559,0.83258,0.83259,109291.5
1645228800000,0.83259,0.83259,0.83259,0.83259,0.0
1645315200000,0.83298,0.83303,0.83247,0.83257,5565.4501953125
1645401600000,0.83258,0.83512,0.83102,0.8318,104002.0390625
1645488000000,0.8318,0.83826,0.83103,0.83366,134387.796875
1645574400000,0.83365,0.83538,0.83249,0.83461,105456.4609375
1645660800000,0.83459,0.83779,0.83055,0.83682,257529.59375
1645747200000,0.8368,0.84063,0.83453,0.84026,168768.390625
1645833600000,0.84026,0.84026,0.84026,0.84026,0.0
1645920000000,0.83519,0.83689,0.83449,0.83602,20837.80078125
1646006400000,0.83602,0.83823,0.83416,0.83546,198757.578125
1646092800000,0.83546,0.83672,0.83157,0.83472,176058.390625
1646179200000,0.83472,0.836,0.82878,0.82942,200053.421875
1646265600000,0.82945,0.82995,0.82746,0.82879,136546.34375
1646352000000,0.82879,0.82899,0.82301,0.82551,169292.015625
1646438400000,0.82551,0.82551,0.82551,0.82551,0.0
1646524800000,0.82618,0.82634,0.82245,0.82294,12246.009765625
1646611200000,0.82293,0.83045,0.82022,0.82856,263286.65625
1646697600000,0.82855,0.83468,0.8278,0.83193,256529.875
1646784000000,0.83196,0.84173,0.83164,0.8398,191437.625
1646870400000,0.83982,0.84356,0.83664,0.84049,197053.796875
1646956800000,0.84046,0.8419,0.836,0.83652,182564.9375
1647043200000,0.83652,0.83652,0.83652,0.83652,0.0
1647129600000,0.83701,0.83845,0.83652,0.83768,6426.330078125
1647216000000,0.83768,0.84293,0.83739,0.84105,161054.53125
1647302400000,0.84106,0.84554,0.83856,0.84069,162594.546875
1647388800000,0.84068,0.84287,0.83823,0.83868,191398.65625
1647475200000,0.8387,0.84577,0.83669,0.84341,148013.171875
1647561600000,0.84341,0.84374,0.83769,0.83827,128446.9765625
1647648000000,0.83827,0.83827,0.83827,0.83827,0.0
1647734400000,0.83796,0.83913,0.83793,0.83908,4919.41015625
1647820800000,0.83909,0.8416,0.836,0.83651,112661.84375
1647907200000,0.83651,0.83715,0.83079,0.83135,157451.375
1647993600000,0.83135,0.83425,0.82956,0.83338,133079.8125
1648080000000,0.83337,0.83498,0.8316,0.83427,134840.765625
1648166400000,0.83427,0.83695,0.83237,0.83287,137005.96875
1648252800000,0.83287,0.83287,0.83287,0.83287,0.0
1648339200000,0.83241,0.8339,0.83216,0.83359,5148.72998046875
1648425600000,0.8336,0.83995,0.83216,0.83901,155515.796875
1648512000000,0.83901,0.84817,0.8385,0.84707,189419.875
1648598400000,0.84706,0.84977,0.845,0.84952,167891.609375
1648684800000,0.8495,0.8512,0.84142,0.84226,159769.875
1648771200000,0.84227,0.84405,0.84077,0.84179,123518.8828125
1648857600000,0.84179,0.84179,0.84179,0.84179,0.0
1648944000000,0.84235,0.84285,0.84184,0.84282,4080.5400390625
1649030400000,0.84281,0.84305,0.83614,0.83692,107695.7734375
1649116800000,0.83691,0.83733,0.8325,0.83393,132538.65625
1649203200000,0.83394,0.83531,0.83256,0.83379,144068.875
1649289600000,0.83378,0.83644,0.8311,0.83126,138518.09375
1649376000000,0.83124,0.8362,0.8307,0.834,114726.1484375
1649462400000,0.834,0.834,0.834,0.834,0.0
1649548800000,0.8373,0.83739,0.83501,0.83527,6375.8701171875
1649635200000,0.83528,0.83796,0.83425,0.83517,126963.5234375
1649721600000,0.83517,0.83603,0.83191,0.8326,151624.828125
1649808000000,0.83259,0.83432,0.82879,0.83045,139351.734375
1649894400000,0.83045,0.83144,0.82495,0.82792,199569.890625
1649980800000,0.82793,0.82837,0.8261,0.8273,304021.40625
1650067200000,0.8273,0.8273,0.8273,0.8273,0.0
1650153600000,0.82738,0.82869,0.82681,0.82817,6554.6298828125
1650240000000,0.82817,0.8296,0.82756,0.82869,81638.296875
1650326400000,0.82867,0.83145,0.82792,0.82938,129024.40625
1650412800000,0.82938,0.8335,0.82828,0.83015,133647.34375
1650499200000,0.83015,0.83666,0.82953,0.83185,140298.0625
1650585600000,0.83185,0.84152,0.83175,0.84071,149171.390625
1650672000000,0.84071,0.84071,0.84071,0.84071,0.0
1650758400000,0.84131,0.84263,0.84086,0.84257,8324.1796875
1650844800000,0.84256,0.84409,0.83969,0.84093,185766.625
1650931200000,0.84094,0.84664,0.83926,0.84584,161703.203125
1651017600000,0.84586,0.8464,0.83887,0.84163,175309.453125
1651104000000,0.84161,0.846,0.8382,0.84257,198260.453125
1651190400000,0.84257,0.84296,0.83808,0.83834,156873.65625
1651276800000,0.83834,0.83834,0.83834,0.83834,0.0
1651363200000,0.83859,0.83859,0.83757,0.83803,8066.31005859375
1651449600000,0.83803,0.84171,0.83666,0.84077,132512.625
1651536000000,0.84076,0.84301,0.83717,0.84206,131399.0625
1651622400000,0.84206,0.84498,0.83959,0.84172,165553.5
1651708800000,0.84173,0.85452,0.84114,0.8525,200872.046875
1651795200000,0.85248,0.85911,0.8509,0.8544,209221.375
1651881600000,0.8544,0.8544,0.8544,0.8544,0.0
1651968000000,0.85358,0.85453,0.8535,0.85442,6469.8701171875
1652054400000,0.85442,0.85709,0.85154,0.85624,181112.59375
1652140800000,0.85623,0.85783,0.85349,0.85545,191656.625
1652227200000,0.85545,0.85929,0.85249,0.8592,206036.734375
1652313600000,0.8592,0.86183,0.84926,0.8503,213829.5625
1652400000000,0.85032,0.8528,0.84846,0.84887,153327.03125
1652486400000,0.84887,0.84887,0.84887,0.84887,0.0
1652572800000,0.84916,0.84932,0.84806,0.84826,9875.009765625
1652659200000,0.84825,0.85335,0.84619,0.84687,141529.34375
1652745600000,0.84689,0.84742,0.83927,0.84474,151188.65625
1652832000000,0.84473,0.84938,0.84335,0.84835,129734.359375
1652918400000,0.84837,0.8495,0.84472,0.8488,195442.453125
1653004800000,0.84879,0.84925,0.84478,0.84491,158356.859375
1653091200000,0.84491,0.84491,0.84491,0.84491,0.0
1653177600000,0.84564,0.84619,0.84515,0.84525,5183.60009765625
1653264000000,0.84524,0.85034,0.84326,0.85009,152710.5625
1653350400000,0.85005,0.85866,0.84797,0.85571,153951.28125
1653436800000,0.85569,0.85615,0.84836,0.84905,152296.09375
1653523200000,0.84904,0.85289,0.84846,0.85056,140253.9375
1653609600000,0.85056,0.85152,0.84808,0.84947,129255.5
1653696000000,0.84947,0.84947,0.84947,0.84947,0.0
1653782400000,0.84934,0.85002,0.84864,0.84982,3544.47998046875
1653868800000,0.84982,0.85279,0.84944,0.85197,104693.2265625
1653955200000,0.85197,0.85285,0.84892,0.85133,155867.453125
1654041600000,0.85133,0.85439,0.85032,0.85317,134832.375
1654128000000,0.85315,0.85497,0.85099,0.85458,108993.6796875
1654214400000,0.85458,0.85841,0.85405,0.85779,97152.6484375
1654300800000,0.85779,0.85779,0.85779,0.85779,0.0
1654387200000,0.85626,0.85867,0.85626,0.85863,5095.18017578125
1654473600000,0.85864,0.8589,0.85251,0.85352,115215.0078125
1654560000000,0.85352,0.8584,0.84918,0.84977,147543.234375
1654646400000,0.84979,0.85641,0.84963,0.85455,141434.8125
1654732800000,0.85456,0.85915,0.84855,0.85,173867.1875
1654819200000,0.84995,0.85489,0.84905,0.8538,180541.234375
1654905600000,0.8538,0.8538,0.8538,0.8538,0.0
1654992000000,0.85173,0.8553,0.85173,0.85446,12579.759765625
1655078400000,0.85447,0.85938,0.85309,0.85771,229210.15625
1655164800000,0.85769,0.87157,0.85516,0.86896,250581.3125
1655251200000,0.86895,0.87207,0.85648,0.85887,272820.8125
1655337600000,0.85887,0.86329,0.85109,0.8539,290731.46875
1655424000000,0.8539,0.85949,0.85219,0.85809,229813.546875
1655510400000,0.85809,0.85809,0.85809,0.85809,0.0
1655596800000,0.85688,0.85864,0.85686,0.85781,8042.25
1655683200000,0.8578,0.86114,0.85701,0.85862,154136.828125
1655769600000,0.85864,0.86099,0.85677,0.85867,165520.765625
1655856000000,0.85866,0.86249,0.85739,0.86222,197308.203125
1655942400000,0.86226,0.86409,0.85733,0.85798,206039.46875
1656028800000,0.85797,0.86015,0.85611,0.85969,147598.953125
1656115200000,0.85969,0.85969,0.85969,0.85969,0.0
1656201600000,0.85925,0.86026,0.85925,0.86022,7946.77978515625
1656288000000,0.86023,0.86295,0.8577,0.86245,159219.4375
1656374400000,0.86245,0.86458,0.86107,0.86327,197518.03125
1656460800000,0.86328,0.86611,0.86,0.86117,189399.671875
1656547200000,0.86117,0.86199,0.85505,0.86164,193581.515625
1656633600000,0.86164,0.86783,0.8612,0.86147,191263.546875
1656720000000,0.86147,0.86147,0.86147,0.86147,0.0
1656806400000,0.86041,0.86218,0.86041,0.86212,6793.7099609375
1656892800000,0.86213,0.86266,0.85947,0.86116,137660.046875
1656979200000,0.86117,0.86233,0.85427,0.85815,211098.015625
1657065600000,0.85814,0.86024,0.85321,0.85418,220893.984375
1657152000000,0.85418,0.85536,0.84445,0.84528,188408.734375
1657238400000,0.84529,0.84751,0.84402,0.84596,196072.015625
1657324800000,0.84596,0.84596,0.84596,0.84596,0.0
1657411200000,0.84612,0.8465,0.84519,0.846,6436.47021484375
1657497600000,0.846,0.84897,0.8439,0.8442,185415.390625
1657584000000,0.84423,0.84841,0.84325,0.8444,196951.515625
1657670400000,0.84442,0.84678,0.84029,0.84575,243579.875
1657756800000,0.84572,0.84987,0.84401,0.84671,240708.5625
1657843200000,0.84673,0.85134,0.84641,0.84963,185610.828125
1657929600000,0.84963,0.84963,0.84963,0.84963,0.0
1658016000000,0.84901,0.84997,0.84901,0.84917,10037.2900390625
1658102400000,0.84918,0.85046,0.84572,0.84911,182541.578125
1658188800000,0.8491,0.85396,0.84765,0.85231,223536.84375
1658275200000,0.85234,0.85403,0.84919,0.85063,208664.25
1658361600000,0.85064,0.8584,0.85044,0.85197,241139.625
1658448000000,0.85197,0.8523,0.84862,0.85044,220447.171875
1658534400000,0.85044,0.85044,0.85044,0.85044,0.0
1658620800000,0.8498,0.85141,0.8498,0.85091,6681.64013671875
1658707200000,0.85092,0.85241,0.84748,0.84808,176905.953125
1658793600000,0.84805,0.84912,0.84014,0.84147,177521.09375
1658880000000,0.84148,0.84257,0.83753,0.83906,192876.671875
1658966400000,0.83905,0.84032,0.83456,0.83721,235362.34375
1659052800000,0.83723,0.8415,0.83681,0.83949,224401.6875
1659139200000,0.83949,0.83949,0.83949,0.83949,0.0
1659225600000,0.83811,0.83988,0.83798,0.83904,8523.8798828125
1659312000000,0.83903,0.8399,0.83522,0.83723,227734.328125
1659398400000,0.83723,0.83998,0.83393,0.83627,285579.78125
1659484800000,0.83628,0.8373,0.83415,0.83668,243531.3125
1659571200000,0.83668,0.84368,0.8344,0.84272,241500.765625
1659657600000,0.84272,0.84526,0.84101,0.84305,205016.015625
1659744000000,0.84305,0.84305,0.84305,0.84305,0.0
1659830400000,0.84301,0.84367,0.84267,0.84332,6648.52001953125
1659916800000,0.84333,0.84446,0.84097,0.84381,200569.09375
1660003200000,0.8438,0.84614,0.84332,0.84555,180143.59375
1660089600000,0.84556,0.847,0.84178,0.84337,234415.59375
1660176000000,0.84336,0.84699,0.84296,0.84621,260087.09375
1660262400000,0.84621,0.84922,0.84457,0.84504,202746.890625
1660348800000,0.84504,0.84504,0.84504,0.84504,0.0
1660435200000,0.84466,0.84579,0.84466,0.84545,4868.9599609375
1660521600000,0.84543,0.84703,0.84185,0.84274,187844.296875
1660608000000,0.84275,0.84394,0.84014,0.84076,205752.8125
1660694400000,0.84076,0.84498,0.83864,0.84487,209837.140625
1660780800000,0.84485,0.8466,0.84246,0.84557,216556.5
1660867200000,0.84556,0.85111,0.84534,0.84851,183127.1875
1660953600000,0.84851,0.84851,0.84851,0.84851,0.0
1661040000000,0.84703,0.84929,0.84703,0.84908,9060.76953125
1661126400000,0.84909,0.84914,0.84344,0.84461,219759.0
1661212800000,0.84461,0.84531,0.84147,0.84239,220799.296875
1661299200000,0.8424,0.84564,0.84077,0.84537,211033.546875
1661385600000,0.84536,0.84608,0.84232,0.84331,221878.109375
1661472000000,0.84331,0.85022,0.84297,0.84867,232546.421875
1661558400000,0.84867,0.84867,0.84867,0.84867,0.0
1661644800000,0.84881,0.8504,0.84846,0.84995,13761.6796875
1661731200000,0.84996,0.85495,0.84958,0.85395,207059.375
1661817600000,0.85399,0.86033,0.85212,0.85966,232311.203125
1661904000000,0.85967,0.8661,0.85709,0.86552,237214.265625
1661990400000,0.86553,0.86697,0.86095,0.86173,252370.609375
1662076800000,0.86173,0.86762,0.86135,0.86451,223935.671875
1662163200000,0.86451,0.86451,0.86451,0.86451,0.0
1662249600000,0.86415,0.86468,0.86267,0.86354,13997.91015625
1662336000000,0.86353,0.86541,0.85971,0.86031,190582.71875
1662422400000,0.86031,0.86203,0.85662,0.85977,269098.84375
1662508800000,0.85975,0.86885,0.85968,0.86764,255376.828125
1662595200000,0.86764,0.87114,0.86539,0.86883,290067.875
1662681600000,0.86884,0.8706,0.86591,0.86652,229590.25
1662768000000,0.86652,0.86652,0.86652,0.86652,0.0
1662854400000,0.86753,0.86836,0.86617,0.86658,13399.3798828125
1662940800000,0.86658,0.87219,0.86489,0.86649,247970.765625
1663027200000,0.86648,0.86935,0.86473,0.86741,264947.625
1663113600000,0.86741,0.86834,0.86252,0.86463,270914.46875
1663200000000,0.86462,0.87228,0.86418,0.87211,208103.59375
1663286400000,0.87212,0.87838,0.87153,0.87685,263073.15625
1663372800000,0.87685,0.87685,0.87685,0.87685,0.0
1663459200000,0.87612,0.877,0.87612,0.87645,9331.5498046875
1663545600000,0.87644,0.87871,0.87472,0.87636,199304.9375
1663632000000,0.87636,0.87824,0.87239,0.87608,254293.078125
1663718400000,0.87608,0.87637,0.87086,0.87326,292528.875
1663804800000,0.87325,0.87597,0.86901,0.87348,345983.1875
1663891200000,0.87349,0.89351,0.87105,0.89235,339513.21875
1663977600000,0.89235,0.89235,0.89235,0.89235,0.0
1664064000000,0.895,0.89816,0.8938,0.89731,27378.75
1664150400000,0.8973,0.92792,0.88519,0.89336,588741.8125
1664236800000,0.89336,0.89845,0.88959,0.89445,474681.90625
1664323200000,0.89445,0.90654,0.8853,0.89603,575166.8125
1664409600000,0.89603,0.89786,0.87807,0.87973,527067.4375
1664496000000,0.87973,0.88497,0.87517,0.87729,448038.375
1664582400000,0.87729,0.87729,0.87729,0.87729,0.0
1664668800000,0.87569,0.88004,0.87473,0.87933,18420.30078125
1664755200000,0.87931,0.88305,0.86699,0.86722,414607.0625
1664841600000,0.86722,0.87442,0.86486,0.87178,412065.21875
1664928000000,0.87178,0.87763,0.86932,0.87273,433269.625
1665014400000,0.87271,0.88189,0.87175,0.87696,466242.78125
1665100800000,0.87697,0.88066,0.87356,0.87791,386545.28125
1665187200000,0.87791,0.87791,0.87791,0.87791,0.0
1665273600000,0.87711,0.87952,0.87696,0.87904,20287.650390625
1665360000000,0.87905,0.88134,0.87442,0.87646,349723.28125
1665446400000,0.87646,0.88598,0.87246,0.88462,386294.90625
1665532800000,0.88464,0.88666,0.8725,0.87421,373961.375
1665619200000,0.87425,0.87663,0.86032,0.86416,394610.46875
1665705600000,0.8642,0.87144,0.86124,0.86942,361655.96875
1665792000000,0.86942,0.86942,0.86942,0.86942,0.0
1665878400000,0.86527,0.86737,0.865,0.86631,17336.109375
1665964800000,0.86631,0.86861,0.85785,0.86701,345756.25
1666051200000,0.86932,0.87174,0.86849,0.87023,76042.3828125
1666137600000,0.86941,0.8729,0.86794,0.87126,306722.96875
1666224000000,0.87122,0.87565,0.86732,0.87128,361593.96875
1666310400000,0.87128,0.87801,0.87122,0.87273,353072.375
1666396800000,0.87273,0.87273,0.87273,0.87273,0.0
1666483200000,0.8656,0.87069,0.8656,0.86959,39943.890625
1666569600000,0.8696,0.87637,0.86613,0.87414,336242.5625
1666656000000,0.87414,0.87565,0.86646,0.86925,303708.0625
1666742400000,0.86925,0.86991,0.86453,0.86708,353673.65625
1666828800000,0.86707,0.86879,0.86084,0.86176,334391.625
1666915200000,0.86172,0.86508,0.85709,0.85772,301732.8125
1667001600000,0.85772,0.85772,0.85772,0.85772,0.0
1667088000000,0.85752,0.85875,0.85752,0.85841,12567.5302734375
1667174400000,0.85841,0.86253,0.85716,0.86196,253219.15625
1667260800000,0.86195,0.86239,0.85926,0.85971,303844.71875
1667347200000,0.85971,0.86295,0.85841,0.86204,287415.9375
1667433600000,0.86203,0.87425,0.86072,0.87267,308001.90625
1667520000000,0.87266,0.87844,0.86991,0.87528,329795.09375
1667606400000,0.87528,0.87528,0.87528,0.87528,0.0
1667692800000,0.87508,0.87732,0.87466,0.87611,13257.0703125
1667779200000,0.8761,0.879,0.86898,0.86993,279398.59375
1667865600000,0.86997,0.87435,0.86909,0.87252,252549.4375
1667952000000,0.87252,0.88275,0.87146,0.88121,308180.0
1668038400000,0.88122,0.88129,0.86992,0.87138,338759.59375
1668124800000,0.87139,0.87778,0.87104,0.87424,324914.875
1668211200000,0.87424,0.87424,0.87424,0.87424,0.0
1668297600000,0.87365,0.87657,0.8735,0.87527,13962.8095703125
1668384000000,0.87527,0.88219,0.87264,0.87802,309423.625
1668470400000,0.87802,0.88049,0.87084,0.87177,359664.28125
1668556800000,0.87177,0.8775,0.87123,0.87224,308125.96875
1668643200000,0.87223,0.8772,0.86945,0.8736,269492.1875
1668729600000,0.8736,0.87361,0.86777,0.86777,221374.6875
1668816000000,0.86777,0.86777,0.86777,0.86777,0.0
1668902400000,0.86747,0.86924,0.86715,0.86907,10183.2197265625
1668988800000,0.86906,0.86966,0.86552,0.86618,225631.734375
1669075200000,0.86618,0.86801,0.86314,0.86678,200946.015625
1669161600000,0.86679,0.87004,0.85857,0.86247,227484.8125
1669248000000,0.86247,0.86341,0.85715,0.85914,197161.09375
1669334400000,0.85914,0.86148,0.85764,0.85973,198121.015625
1669420800000,0.85973,0.85973,0.85973,0.85973,0.0
1669507200000,0.85828,0.86032,0.85828,0.8599,10652.8203125
1669593600000,0.8599,0.86749,0.85859,0.86477,231490.875
1669680000000,0.86477,0.86517,0.86064,0.86409,230979.09375
1669766400000,0.8641,0.86602,0.86201,0.86307,249135.890625
1669852800000,0.86308,0.86413,0.85466,0.85871,275187.40625
1669939200000,0.85872,0.86078,0.8555,0.85645,214688.796875
1670025600000,0.85645,0.85645,0.85645,0.85645,0.0
1670112000000,0.85621,0.85836,0.85621,0.8574,5006.7001953125
1670198400000,0.8574,0.86339,0.85655,0.86078,204243.640625
1670284800000,0.86077,0.86322,0.85753,0.86263,227300.28125
1670371200000,0.86263,0.86426,0.85975,0.86085,226858.4375
1670457600000,0.86084,0.86462,0.86044,0.86271,212582.953125
1670544000000,0.86272,0.8637,0.85618,0.85855,213401.046875
1670630400000,0.85855,0.85855,0.85855,0.85855,0.0
1670716800000,0.85861,0.85977,0.85776,0.85974,3849.409912109375
1670803200000,0.85976,0.86165,0.85738,0.85905,183049.3125
1670889600000,0.85905,0.8605,0.85612,0.85992,245164.265625
1670976000000,0.85992,0.86165,0.85737,0.85958,245383.796875
1671062400000,0.85957,0.87281,0.85932,0.8726,267056.75
1671148800000,0.8726,0.87714,0.87036,0.87191,225293.453125
1671235200000,0.87191,0.87191,0.87191,0.87191,0.0
1671321600000,0.87051,0.87106,0.87014,0.8704,9606.8603515625
1671408000000,0.8704,0.87365,0.86899,0.87301,184728.90625
1671494400000,0.87301,0.87708,0.87084,0.87165,281430.3125
1671580800000,0.87167,0.87892,0.8715,0.87833,194603.40625
1671667200000,0.87834,0.88337,0.87658,0.88058,183646.953125
1671753600000,0.88059,0.88242,0.87832,0.88147,180136.109375
1671840000000,0.88147,0.88147,0.88147,0.88147,0.0
1671926400000,0.88052,0.88099,0.87942,0.87973,2005.8299560546875
1672012800000,0.87943,0.88133,0.8781,0.8805,61469.5
1672099200000,0.8805,0.88625,0.88001,0.88444,177439.09375
1672185600000,0.88443,0.88604,0.87935,0.8836,173978.3125
1672272000000,0.88362,0.88593,0.88218,0.88426,154345.515625
1672358400000,0.88424,0.88767,0.8822,0.8847,194660.015625
1672444800000,0.8847,0.8847,0.8847,0.8847,0.0
1672531200000,0.88372,0.88395,0.88261,0.8832,223.66
1672617600000,0.8832,0.88724,0.88282,0.88494,88911.99
1672704000000,0.88492,0.88623,0.87824,0.88112,248357.28
1672790400000,0.88112,0.88204,0.87763,0.8796,233610.35
1672876800000,0.8796,0.88628,0.87957,0.88337,226719.73
1672963200000,0.88336,0.88706,0.87967,0.88001,227004.49
1673136000000,0.87974,0.88058,0.8793,0.87966,7637.83
1673222400000,0.87966,0.88235,0.87687,0.88079,214570.25
1673308800000,0.8808,0.88458,0.88011,0.88352,201716.06
1673395200000,0.88352,0.88813,0.88284,0.88531,171692.8
1673481600000,0.88533,0.88946,0.88317,0.88885,245541.73
1673568000000,0.88883,0.88964,0.88502,0.88578,195493.42
1673740800000,0.88533,0.88595,0.885,0.88536,9984.37
1673827200000,0.88537,0.88785,0.88461,0.88704,148889.99
1673913600000,0.887,0.88866,0.8773,0.87832,194772.48
1674000000000,0.8783,0.88033,0.8734,0.87445,240491.65
1674086400000,0.87444,0.87868,0.87215,0.87415,176246.86
1674172800000,0.87415,0.87859,0.87407,0.87558,140454.86
1674345600000,0.87577,0.87602,0.87533,0.87561,7125.2
1674432000000,0.87561,0.88147,0.87556,0.87813,143713.99
1674518400000,0.87813,0.88465,0.87667,0.88299,138989.32
1674604800000,0.88299,0.88517,0.87912,0.87992,133270.24
1674691200000,0.8799,0.88145,0.87714,0.87737,128839.07
1674777600000,0.87736,0.88042,0.87636,0.8766,120997.58
1674950400000,0.87659,0.877,0.87588,0.87663,4599.66
1675036800000,0.87662,0.88029,0.87619,0.87845,137717.68
1675123200000,0.87846,0.88293,0.87712,0.88232,158070.06
1675209600000,0.88233,0.8897,0.88166,0.88892,188986.55
1675296000000,0.88892,0.8955,0.88765,0.89219,223981.46
1675382400000,0.8922,0.89786,0.89122,0.89535,194669.08
1675555200000,0.89573,0.89634,0.89543,0.89576,9772.52
1675641600000,0.89576,0.89633,0.89139,0.89208,148060.13
1675728000000,0.89207,0.89402,0.88972,0.89011,180636.14
1675814400000,0.89011,0.89104,0.88645,0.88762,141813.02
1675900800000,0.88763,0.88838,0.88381,0.88634,154916.04
1675987200000,0.8863,0.88722,0.88235,0.88521,199725.7
1676160000000,0.88477,0.88594,0.88442,0.88589,5067.13
1676246400000,0.88591,0.88746,0.88228,0.8831,120655.02
1676332800000,0.8831,0.88477,0.88007,0.88174,187808.91
1676419200000,0.88175,0.8902,0.88153,0.88813,183522.86
1676505600000,0.88812,0.89091,0.88694,0.89059,182513.51
1676592000000,0.89059,0.89282,0.88727,0.88795,141292.12
1676764800000,0.88789,0.88845,0.88782,0.88812,13748.59
1676851200000,0.88812,0.8891,0.88685,0.88727,107705.37
1676937600000,0.88727,0.88864,0.87781,0.87954,172049.62
1677024000000,0.87953,0.8822,0.87834,0.88025,147585.61
1677110400000,0.88024,0.88234,0.87929,0.88179,135462.97
1677196800000,0.88179,0.88355,0.87978,0.88293,159543.45
1677369600000,0.88183,0.88312,0.88171,0.88305,5028.08
1677456000000,0.88305,0.88356,0.87878,0.87948,135386.11
1677542400000,0.87948,0.88117,0.87545,0.87893,157727.44
1677628800000,0.87893,0.88963,0.87873,0.88699,240227.33
1677715200000,0.88701,0.88917,0.88558,0.88685,147930.88
1677801600000,0.88684,0.88689,0.88253,0.88254,105932.73
1677974400000,0.88248,0.88335,0.88233,0.88333,6850.08
1678060800000,0.88333,0.8887,0.88303,0.8885,119911.01
1678147200000,0.8885,0.89248,0.88562,0.8918,155246.44
1678233600000,0.89179,0.89217,0.88946,0.89023,136633.3
1678320000000,0.89022,0.89134,0.88653,0.88779,119223.42
1678406400000,0.88779,0.88893,0.88196,0.88404,192892.3
1678579200000,0.88337,0.88517,0.88285,0.88436,25228.13
1678665600000,0.88437,0.8863,0.87901,0.88121,291279.11
1678752000000,0.88122,0.8836,0.87772,0.88273,232166.75
1678838400000,0.88274,0.88435,0.87178,0.87688,287755.03
1678924800000,0.87688,0.88189,0.87473,0.87635,237156.67
1679011200000,0.87637,0.87829,0.87445,0.87543,147785.28
1679184000000,0.8731,0.87637,0.87309,0.87624,11883.44
1679270400000,0.87623,0.87683,0.8727,0.87324,153721.13
1679356800000,0.87326,0.88395,0.87299,0.88114,132507.91
1679443200000,0.88114,0.8855,0.87712,0.88517,160308.63
1679529600000,0.88518,0.88651,0.88094,0.88215,153693.25
1679616000000,0.88216,0.88263,0.87767,0.87941,137321.99
1679788800000,0.87993,0.88067,0.87923,0.8801,8248.97
1679875200000,0.88008,0.88035,0.87755,0.87878,104357.08
1679961600000,0.87878,0.88066,0.87706,0.879,106040.68
1680048000000,0.87901,0.88113,0.87805,0.88072,103076.52
1680134400000,0.88073,0.8828,0.87793,0.88025,113749.63
1680220800000,0.88025,0.88075,0.87764,0.8787,115519.92
1680393600000,0.8784,0.87943,0.87799,0.87918,10334.3
1680480000000,0.87919,0.88066,0.87707,0.87807,117058.06
1680566400000,0.87808,0.87855,0.87289,0.87662,118352.75
1680652800000,0.87665,0.8785,0.87373,0.87478,108089.1
1680739200000,0.8748,0.87852,0.87386,0.87782,85164.66
1680825600000,0.87783,0.87903,0.8765,0.87745,81905.62
1680998400000,0.8758,0.87826,0.87488,0.8778,4795.19
1681084800000,0.87781,0.8791,0.8763,0.87708,88263.86
1681171200000,0.87708,0.87892,0.87624,0.8782,87323.56
1681257600000,0.87821,0.88191,0.87819,0.88026,99913.48
1681344000000,0.88025,0.88384,0.87916,0.88231,93714.48
1681430400000,0.88231,0.88593,0.88227,0.88531,99596.68
1681603200000,0.88452,0.8859,0.88418,0.88568,3814.83
1681689600000,0.88568,0.88638,0.88087,0.88286,92426.63
1681776000000,0.88285,0.88332,0.8809,0.88325,93173.34
1681862400000,0.88325,0.88376,0.87913,0.88114,95646.13
1681948800000,0.88114,0.8825,0.88047,0.88161,93106.24
1682035200000,0.88161,0.88609,0.88127,0.88277,81375.38
1682208000000,0.88254,0.88329,0.88248,0.88299,2428.17
1682294400000,0.88298,0.88591,0.88249,0.88458,81197.24
1682380800000,0.88462,0.88748,0.88368,0.88425,91130.01
1682467200000,0.88425,0.88732,0.88365,0.88561,99797.76
1682553600000,0.88561,0.88717,0.88158,0.88269,93350.26
1682640000000,0.8827,0.88388,0.87634,0.87634,113515.29
1682812800000,0.87608,0.87696,0.87608,0.87675,5139.94
1682899200000,0.87674,0.87942,0.87596,0.87851,77116.39
1682985600000,0.87852,0.88269,0.87832,0.88247,98424.39
1683072000000,0.88246,0.88347,0.87946,0.88064,107070.28
1683158400000,0.88063,0.88133,0.87455,0.876,117485.29
1683244800000,0.87602,0.87674,0.87126,0.87202,75853.73
1683417600000,0.87156,0.87258,0.87107,0.87232,3959.73
1683504000000,0.87233,0.87462,0.87039,0.87179,58521.89
1683590400000,0.8718,0.87182,0.8677,0.86847,69116.12
1683676800000,0.8685,0.87005,0.86693,0.86985,80277.31
1683763200000,0.86986,0.87343,0.86608,0.87239,90991.73
1683849600000,0.8724,0.87318,0.86929,0.87141,74456.29
1684022400000,0.87066,0.87174,0.86977,0.87157,4729.91
1684108800000,0.87158,0.87185,0.86691,0.86813,63182.36
1684195200000,0.86814,0.87181,0.86812,0.87029,71107.73
1684281600000,0.87029,0.87205,0.86679,0.8682,72191.83
1684368000000,0.86821,0.87017,0.86705,0.8681,72283.4
1684454400000,0.86811,0.86952,0.86679,0.86793,81843.31
1684627200000,0.86747,0.86874,0.86714,0.8684,3134.46
1684713600000,0.86842,0.87042,0.86805,0.86936,72990.23
1684800000000,0.86937,0.87186,0.86673,0.86729,79214.74
1684886400000,0.86729,0.87093,0.86484,0.86941,94560.79
1684972800000,0.86943,0.87069,0.86654,0.87064,78315.53
1685059200000,0.87064,0.87094,0.86762,0.86847,72137.56
1685232000000,0.86743,0.86868,0.8672,0.86843,5561.33
1685318400000,0.86844,0.86946,0.86523,0.86705,36752.32
1685404800000,0.86706,0.86729,0.86278,0.86456,81766.93
1685491200000,0.86455,0.86481,0.85831,0.85919,96749.98
1685577600000,0.85921,0.86041,0.85669,0.85897,82160.66
1685664000000,0.85896,0.86049,0.85779,0.85971,71391.71
1685836800000,0.85795,0.86067,0.85795,0.86045,3592.87
1685923200000,0.86049,0.86357,0.86004,0.8615,73441.49
1686009600000,0.86151,0.86242,0.85996,0.86068,65685.23
1686096000000,0.86069,0.86125,0.85833,0.8603,71375.04
1686182400000,0.86032,0.86134,0.85804,0.8585,72415.93
1686268800000,0.85851,0.859,0.85405,0.85405,59854.79
1686441600000,0.85403,0.85453,0.85384,0.85447,3618.87
1686528000000,0.85447,0.86064,0.85406,0.8599,68866.78
1686614400000,0.8599,0.86123,0.85527,0.85583,82304.27
1686700800000,0.85582,0.856,0.85406,0.85567,76455.4
1686787200000,0.85567,0.85914,0.85433,0.8561,85845.49
1686873600000,0.8561,0.85656,0.85211,0.85307,71212.27
1687046400000,0.85152,0.85295,0.85152,0.85254,3409.43
1687132800000,0.85254,0.85473,0.85181,0.85378,49675.98
1687219200000,0.85379,0.85805,0.85273,0.85538,75895.13
1687305600000,0.85537,0.86082,0.85242,0.86063,92198.37
1687392000000,0.86064,0.86357,0.85726,0.85943,91976.81
1687478400000,0.85944,0.86077,0.85352,0.85637,85632
1687651200000,0.85647,0.85734,0.85617,0.85674,4795.35
1687737600000,0.85674,0.85945,0.85422,0.85827,72756.43
1687824000000,0.85825,0.86133,0.85673,0.85967,69166.77
1687910400000,0.85965,0.86579,0.85937,0.86335,85008.65
1687996800000,0.86334,0.86428,0.86093,0.86154,73706.68
1688083200000,0.86154,0.8617,0.85757,0.859,80948.54
1688256000000,0.85783,0.85923,0.85779,0.85921,5367.32
1688342400000,0.85921,0.86052,0.85802,0.8597,69208.27
1688428800000,0.85971,0.85973,0.85462,0.85566,45670.61
1688515200000,0.85564,0.85755,0.85345,0.8544,73593.92
1688601600000,0.8544,0.85636,0.85203,0.85459,91737.98
1688688000000,0.85458,0.85536,0.85245,0.85419,84482.03
1688860800000,0.85296,0.85439,0.85296,0.85419,2987.22
1688947200000,0.85418,0.85838,0.85416,0.85546,64085.1
1689033600000,0.85547,0.8561,0.85021,0.8515,69905.74
1689120000000,0.8515,0.8575,0.85053,0.85717,78975.23
1689206400000,0.85719,0.85744,0.85345,0.85486,78624.54
1689292800000,0.85487,0.85767,0.85472,0.85744,65217.77
1689465600000,0.85527,0.85773,0.85527,0.85765,3522.05
1689552000000,0.85765,0.85982,0.85714,0.85965,55320.31
1689638400000,0.85965,0.86147,0.85765,0.86143,80948.37
1689724800000,0.86143,0.87007,0.86127,0.86603,94531.41
1689811200000,0.86604,0.86978,0.86466,0.86492,73015.87
1689897600000,0.86488,0.86793,0.86335,0.86517,70897.16
1690070400000,0.86484,0.86586,0.86436,0.86549,2610.97
1690156800000,0.86548,0.86553,0.86188,0.86341,79454.09
1690243200000,0.86343,0.86366,0.85633,0.857,72077.25
1690329600000,0.857,0.85863,0.85567,0.85691,80099.76
1690416000000,0.85691,0.85993,0.8544,0.85808,105727.73
1690502400000,0.85807,0.85891,0.85494,0.85725,99931.18
1690675200000,0.85658,0.85784,0.85544,0.85758,6222.49
1690761600000,0.85759,0.85905,0.85562,0.85697,69274.93
1690848000000,0.85696,0.86155,0.855,0.8603,81988.05
1690934400000,0.8603,0.86286,0.85841,0.86038,86698.56
1691020800000,0.86039,0.86551,0.85962,0.86117,102965.77
1691107200000,0.86118,0.86477,0.86009,0.86336,85082.93
1691280000000,0.86257,0.86354,0.86215,0.86298,5873.58
1691366400000,0.86298,0.86362,0.85982,0.8608,65124.55
1691452800000,0.86082,0.86248,0.85888,0.85993,83670.19
1691539200000,0.85994,0.86344,0.8589,0.86296,70177.78
1691625600000,0.86296,0.86674,0.86234,0.8667,87695.22
1691712000000,0.86671,0.86688,0.86176,0.86203,76408.03
1691884800000,0.86148,0.86245,0.86143,0.86202,3624.03
1691971200000,0.86202,0.86324,0.85868,0.85981,78300.22
1692057600000,0.8598,0.86091,0.85691,0.85848,88497.15
1692144000000,0.85847,0.85927,0.85295,0.85433,79312.81
1692230400000,0.85437,0.85568,0.85223,0.85299,83137.91
1692316800000,0.853,0.85575,0.85275,0.85352,79057.03
1692489600000,0.8522,0.85396,0.85185,0.8535,3565.34
1692576000000,0.8535,0.85627,0.85326,0.85399,75236.37
1692662400000,0.854,0.85451,0.85125,0.85193,71270.17
1692748800000,0.85194,0.85653,0.84922,0.85421,98927.57
1692835200000,0.8542,0.85817,0.85379,0.85754,81159.68
1692921600000,0.85756,0.85854,0.856,0.85812,82935.96
1693094400000,0.8562,0.85821,0.85619,0.85756,4761.93
1693180800000,0.85756,0.85986,0.85737,0.85838,55273.89
1693267200000,0.8584,0.86098,0.85648,0.86014,81616.52
1693353600000,0.86014,0.86103,0.85752,0.85977,81179.85
1693440000000,0.85976,0.85978,0.85426,0.85567,85318.38
1693526400000,0.85566,0.85728,0.85476,0.8555,76999.89
1693699200000,0.85506,0.85594,0.85453,0.85579,2811.54
1693785600000,0.85577,0.85595,0.85425,0.85489,33931.93
1693872000000,0.85488,0.85764,0.85217,0.85319,76538.36
1693958400000,0.85319,0.85798,0.8528,0.85793,76217.27
1694044800000,0.85794,0.8601,0.85697,0.85743,72254.61
1694131200000,0.85743,0.8592,0.85683,0.85792,61066.23
1694304000000,0.85728,0.85893,0.85728,0.85804,6650.09
1694390400000,0.85807,0.85932,0.85576,0.85923,64163.34
1694476800000,0.85923,0.86122,0.85694,0.86082,63550.99
1694563200000,0.86083,0.86303,0.85875,0.85928,79404.55
1694649600000,0.85928,0.86154,0.85653,0.85757,84927.09
1694736000000,0.85758,0.86153,0.85687,0.86063,63100.98
1694908800000,0.85889,0.86097,0.85889,0.86046,1780.18
1694995200000,0.86047,0.86353,0.85983,0.86339,52685.02
1695081600000,0.86339,0.86362,0.86083,0.86183,56684.82
1695168000000,0.86183,0.86591,0.86174,0.86388,88234
1695254400000,0.86388,0.86928,0.86268,0.86716,91086.55
1695340800000,0.86715,0.87,0.86596,0.86962,76815.58
1695513600000,0.86813,0.86986,0.86672,0.86982,8697.35
1695600000000,0.86981,0.87021,0.8666,0.86719,58101.77
1695686400000,0.86718,0.87058,0.86675,0.87009,66036.29
1695772800000,0.8701,0.87022,0.86481,0.8656,81523.93
1695859200000,0.86561,0.86608,0.86299,0.86542,83858.54
1695945600000,0.86543,0.86801,0.86418,0.86644,76884.14
1696118400000,0.8652,0.86713,0.86506,0.86635,3854.51
1696204800000,0.86636,0.86749,0.86526,0.86678,68323.55
1696291200000,0.86679,0.8691,0.8655,0.86678,78943.27
1696377600000,0.86677,0.86822,0.86392,0.86565,84370.36
1696464000000,0.86565,0.86739,0.86388,0.86529,76942.34
1696550400000,0.86532,0.86626,0.86365,0.86501,81207.55
1696723200000,0.86369,0.86524,0.86363,0.86464,7979.1
1696809600000,0.86467,0.86579,0.86126,0.86353,65977.25
1696896000000,0.86355,0.86555,0.86139,0.86282,78851.43
1696982400000,0.86283,0.86425,0.86102,0.86257,78612.82
1697068800000,0.86257,0.86517,0.8621,0.86478,83148.07
1697155200000,0.86477,0.86643,0.86333,0.86521,70301.47
1697328000000,0.86389,0.8661,0.86377,0.86561,5894.61
1697414400000,0.86561,0.86714,0.8639,0.86422,65594.71
1697500800000,0.86423,0.86903,0.86423,0.86814,82312.27
1697587200000,0.86814,0.86881,0.866,0.86791,80865.61
1697673600000,0.86789,0.87245,0.86771,0.87232,91721.14
1697760000000,0.87232,0.87403,0.87058,0.87074,72081.89
1697932800000,0.87073,0.87112,0.87055,0.87056,2855.99
1698019200000,0.87054,0.87254,0.8698,0.87103,68827.32
1698105600000,0.87103,0.87131,0.86827,0.87109,80420.02
1698192000000,0.87108,0.87334,0.8704,0.87303,76659.49
1698278400000,0.87304,0.87341,0.8691,0.8704,76572.74
1698364800000,0.87041,0.87266,0.86952,0.8713,73634.44
1698537600000,0.87023,0.87199,0.87018,0.8719,3583.63
1698624000000,0.8719,0.87405,0.87071,0.87253,69333.98
1698710400000,0.87254,0.87537,0.86978,0.87061,79157.56
1698796800000,0.8706,0.87119,0.86821,0.86903,83782.91
1698883200000,0.86901,0.87355,0.86865,0.87085,80782.09
1698969600000,0.87085,0.87211,0.86634,0.8664,78858.52
1699142400000,0.86629,0.86733,0.86606,0.86732,2563.86
1699228800000,0.86733,0.86861,0.86494,0.86828,67404.01
1699315200000,0.86828,0.87037,0.8677,0.87016,65681.79
1699401600000,0.87014,0.8719,0.86956,0.87183,66119.68
1699488000000,0.87181,0.87312,0.86928,0.87312,78861.26
1699574400000,0.87313,0.87551,0.87154,0.8738,65191.07
1699747200000,0.87294,0.87422,0.87294,0.8741,4444.31
1699833600000,0.87408,0.87409,0.87073,0.87141,55388.5
1699920000000,0.87142,0.87305,0.86886,0.87066,77959.6
1700006400000,0.87065,0.87401,0.87012,0.87379,77106.68
1700092800000,0.87377,0.87656,0.87245,0.87417,68730.43
1700179200000,0.87415,0.87627,0.87349,0.87568,66219.12
1700352000000,0.87527,0.87583,0.875,0.87565,5330.36
1700438400000,0.87566,0.87651,0.87346,0.87494,65266.79
1700524800000,0.87494,0.87514,0.86923,0.87031,70388.32
1700611200000,0.87031,0.8725,0.86917,0.87173,71408.72
1700697600000,0.87175,0.87239,0.86803,0.86997,48135.42
1700784000000,0.86998,0.87069,0.86693,0.86719,72175.49
1700956800000,0.86804,0.8685,0.86742,0.86821,1605.65
1701043200000,0.8682,0.86881,0.86575,0.86733,64021.85
1701129600000,0.86734,0.86832,0.86521,0.86555,77373.94
1701216000000,0.86556,0.86628,0.86333,0.86432,73403.71
1701302400000,0.86432,0.86491,0.8613,0.86229,94917.46
1701388800000,0.86229,0.86344,0.85577,0.85593,77400.79
1701561600000,0.85539,0.85674,0.85539,0.85639,4797.23
1701648000000,0.85639,0.85847,0.85622,0.85781,77452.57
1701734400000,0.8578,0.85879,0.85571,0.85697,79745.99
1701820800000,0.85697,0.85741,0.8553,0.85725,69335.32
1701907200000,0.85724,0.8584,0.85542,0.85712,86162.18
1701993600000,0.85713,0.85882,0.85637,0.85755,92756.2
1702166400000,0.85688,0.8581,0.85688,0.85746,2982.15
1702252800000,0.85747,0.85879,0.85487,0.8575,62275.18
1702339200000,0.85748,0.86081,0.85572,0.85908,81785.29
1702425600000,0.85908,0.86291,0.85872,0.86221,91114.97
1702512000000,0.86221,0.86337,0.85866,0.86079,118807.73
1702598400000,0.86081,0.86167,0.8571,0.8592,93951.22
1702771200000,0.85832,0.86001,0.85832,0.85973,3817.94
1702857600000,0.85974,0.86461,0.85917,0.86325,75623.86
1702944000000,0.86324,0.86363,0.85979,0.86241,80300.36
1703030400000,0.86242,0.86682,0.86175,0.86572,90434.3
1703116800000,0.86573,0.86851,0.86566,0.86771,94785.8
1703203200000,0.86771,0.86777,0.86502,0.8672,88979.64
1703376000000,0.86482,0.86524,0.86482,0.86495,43.8
1703462400000,0.86495,0.86775,0.86448,0.86733,4920.58
1703548800000,0.86732,0.8686,0.8665,0.86762,45279.28
1703635200000,0.86761,0.86989,0.86668,0.86774,64642.36
1703721600000,0.86775,0.87142,0.86688,0.86905,92078.4
1703808000000,0.86904,0.87006,0.86597,0.8666,91056.73
1704067200000,0.86692,0.8679,0.86682,0.86704,2658.04
1704153600000,0.86703,0.86821,0.86454,0.86676,89217.09
1704240000000,0.86678,0.86759,0.86047,0.86209,95069.01
1704326400000,0.86207,0.86392,0.86099,0.86312,84671.56
1704412800000,0.86313,0.86338,0.8599,0.86005,91632.38
1704585600000,0.8598,0.86057,0.8598,0.86031,2658.66
1704672000000,0.86029,0.86207,0.85786,0.85932,68100.92
1704758400000,0.8593,0.86071,0.8586,0.86001,67879.29
1704844800000,0.86,0.86204,0.85954,0.86102,65232.25
1704931200000,0.86105,0.86171,0.85882,0.85939,100703.38
1705017600000,0.85936,0.8606,0.85849,0.85867,83452.72
1705190400000,0.8582,0.85946,0.85819,0.85935,3769.63
1705276800000,0.85936,0.86117,0.85888,0.86071,53858.62
1705363200000,0.8607,0.86198,0.85907,0.86073,88160.9
1705449600000,0.86072,0.86179,0.85675,0.8587,90798.82
1705536000000,0.85871,0.85912,0.85531,0.85587,87546.06
1705622400000,0.85586,0.85926,0.8558,0.85749,63169.67
1705795200000,0.8574,0.85785,0.8568,0.85768,5258.4
1705881600000,0.85768,0.85826,0.85512,0.85601,61735.25
1705968000000,0.85599,0.85651,0.85461,0.85545,76229.24
1706054400000,0.85545,0.85609,0.85356,0.85553,79839.52
1706140800000,0.85551,0.8564,0.85207,0.85351,79753.48
1706227200000,0.85352,0.85476,0.85247,0.85424,66427.74
1706400000000,0.85349,0.8544,0.85321,0.8539,6894.57
1706486400000,0.85391,0.85434,0.85128,0.85219,66060.02
1706572800000,0.85219,0.85673,0.85165,0.85408,68768.27
1706659200000,0.85407,0.85476,0.85125,0.85207,102906.65
1706745600000,0.85207,0.85584,0.85202,0.8531,90004.67
1706832000000,0.85309,0.85475,0.85202,0.85385,80130.96
1707004800000,0.85364,0.85421,0.85257,0.85403,8341.85
1707091200000,0.85404,0.85717,0.85287,0.85691,82119.04
1707177600000,0.8569,0.85696,0.85302,0.85341,78173.65
1707264000000,0.85344,0.85399,0.85155,0.85335,67911.22
1707350400000,0.85335,0.85444,0.85264,0.85396,67394.04
1707436800000,0.85396,0.8547,0.85319,0.85385,62409.41
1707609600000,0.85321,0.85444,0.85315,0.85443,4437.92
1707696000000,0.85442,0.85464,0.85212,0.85306,57057.66
1707782400000,0.85306,0.85348,0.84997,0.85049,81864.1
1707868800000,0.85047,0.85485,0.84979,0.8539,75275.64
1707955200000,0.85391,0.85698,0.85349,0.85506,65005.63
1708041600000,0.85506,0.85648,0.85359,0.85515,78404.3
1708214400000,0.85376,0.85527,0.85371,0.85511,2921.56
1708300800000,0.85512,0.85605,0.85368,0.85598,48362.07
1708387200000,0.856,0.85778,0.85455,0.85618,74686.87
1708473600000,0.85618,0.85713,0.85566,0.85612,70510.56
1708560000000,0.85613,0.8575,0.85417,0.85491,82157.34
1708646400000,0.8549,0.85515,0.8528,0.85346,50862.63
1708819200000,0.85395,0.85399,0.8534,0.85383,2440.8
1708905600000,0.85384,0.85609,0.85367,0.8554,47497.06
1708992000000,0.85539,0.8567,0.85426,0.85496,54895.34
1709078400000,0.85495,0.85654,0.85458,0.856,62763.73
1709164800000,0.85599,0.85701,0.85501,0.85577,80080.92
1709251200000,0.85575,0.85757,0.85542,0.85609,59361.35
1709424000000,0.85603,0.85661,0.85589,0.85632,5623.26
1709510400000,0.85632,0.85662,0.85448,0.85533,53445.01
1709596800000,0.85532,0.85605,0.8535,0.85447,64105.38
1709683200000,0.85444,0.85627,0.85408,0.85579,51951.92
1709769600000,0.8558,0.85626,0.85236,0.85462,56851.14
1709856000000,0.85463,0.85481,0.85036,0.85042,57339.33
1710028800000,0.85005,0.85133,0.84983,0.85118,3592.61
1710115200000,0.85118,0.85347,0.85092,0.85268,57827
1710201600000,0.8527,0.85544,0.85254,0.85396,72867.57
1710288000000,0.85397,0.85594,0.85379,0.85558,66314.13
1710374400000,0.85557,0.85567,0.85298,0.85387,71196.2
1710460800000,0.85388,0.85528,0.85368,0.8548,58375.69
1710633600000,0.85443,0.85504,0.85386,0.85485,3029.24
1710720000000,0.85485,0.85622,0.85352,0.85433,51182.45
1710806400000,0.85434,0.85556,0.85294,0.85402,70269.12
1710892800000,0.85403,0.85577,0.85345,0.85455,70806.66
1710979200000,0.85456,0.85822,0.8529,0.85791,89197.74
1711065600000,0.85792,0.8602,0.85673,0.85756,67492.13
1711238400000,0.85647,0.85812,0.85644,0.85786,3534.95
1711324800000,0.85786,0.85844,0.85639,0.85757,88834.22
1711411200000,0.85758,0.85881,0.85689,0.8578,111688.51
1711497600000,0.8578,0.85851,0.85612,0.85693,105757.57
1711584000000,0.85694,0.85705,0.85384,0.85495,140512.37
1711670400000,0.85496,0.85541,0.85296,0.85389,105999.08
1711843200000,0.85297,0.85449,0.85295,0.85402,11073.77
1711929600000,0.85402,0.8563,0.85388,0.85578,92592.89
1712016000000,0.85579,0.85749,0.85403,0.85621,98091.04
1712102400000,0.85621,0.85823,0.85567,0.85664,97706.31
1712188800000,0.85664,0.85804,0.85642,0.85731,96758.7
1712275200000,0.85732,0.8586,0.8571,0.85725,91104.28
1712448000000,0.85756,0.858,0.85733,0.85782,5313.36
1712534400000,0.85783,0.85842,0.85716,0.8581,91424.1
1712620800000,0.85811,0.85821,0.85517,0.85652,77704
1712707200000,0.85653,0.85706,0.85465,0.85676,116132.26
1712793600000,0.85678,0.85693,0.85392,0.85432,74778.78
1712880000000,0.85434,0.85515,0.85281,0.85448,82691.87
1713052800000,0.85357,0.85474,0.85311,0.85437,7250.04
1713139200000,0.85437,0.85525,0.85218,0.85364,84274.46
1713225600000,0.8536,0.85497,0.85278,0.85441,109368.05
1713312000000,0.85441,0.85719,0.85205,0.8567,93494.25
1713398400000,0.85671,0.85709,0.85509,0.85581,75554.53
1713484800000,0.8558,0.86153,0.85544,0.86132,96616.11
1713657600000,0.85992,0.86165,0.85958,0.86114,3427.32
1713744000000,0.86113,0.86438,0.86082,0.86264,62639.76
1713830400000,0.86265,0.86445,0.85823,0.85931,77314.64
1713916800000,0.85929,0.85997,0.85788,0.85874,68980.03
1714003200000,0.85875,0.85917,0.85643,0.8576,87742.43
1714089600000,0.8576,0.85836,0.85541,0.85541,71626.97
1714262400000,0.85529,0.8562,0.85529,0.85586,2700.5
1714348800000,0.85587,0.85609,0.85272,0.85309,71658.31
1714435200000,0.8531,0.85547,0.85283,0.854,77200.29
1714521600000,0.85401,0.85581,0.85363,0.85487,70431.02
1714608000000,0.85488,0.85648,0.85463,0.85567,77445.2
1714694400000,0.85569,0.85861,0.85478,0.85759,78158.76
1714867200000,0.85724,0.85785,0.85688,0.85784,1914.28
1714953600000,0.85783,0.85812,0.85519,0.85726,49972.68
1715040000000,0.85725,0.85997,0.85715,0.85985,59100.15
1715126400000,0.85986,0.86176,0.85875,0.86018,54947.9
1715212800000,0.86017,0.86203,0.85906,0.86079,67982.47
1715299200000,0.86081,0.86104,0.85929,0.8597,53708.01
1715472000000,0.85963,0.86015,0.85949,0.86007,2344.48
1715558400000,0.86007,0.86086,0.85851,0.8592,50323.57
1715644800000,0.8592,0.8614,0.85866,0.85927,62459.82
1715731200000,0.85927,0.85998,0.8571,0.85807,69944.21
1715817600000,0.85808,0.85872,0.85672,0.85762,57897.72
1715904000000,0.85762,0.85801,0.85542,0.85557,50831.44
1716076800000,0.85512,0.8561,0.85508,0.85565,2505.83
1716163200000,0.85563,0.85675,0.8535,0.85446,49925.09
1716249600000,0.85445,0.85508,0.85316,0.85396,70101.2
1716336000000,0.85394,0.85413,0.85017,0.85096,51919.23
1716422400000,0.85097,0.8527,0.84991,0.85176,77383.74
1716508800000,0.85174,0.85317,0.85118,0.85147,57743.86
1716681600000,0.85089,0.85177,0.85066,0.85176,1773.65
1716768000000,0.85177,0.85201,0.8493,0.85038,42624.53
1716854400000,0.85036,0.85175,0.84843,0.85052,77245.25
1716940800000,0.85052,0.85167,0.84834,0.85058,75956.52
1717027200000,0.85059,0.85171,0.84983,0.85089,73583.72
1717113600000,0.85089,0.85403,0.85006,0.85125,70395.24
1717286400000,0.85083,0.85175,0.85066,0.85153,2018.29
1717372800000,0.85153,0.85352,0.85094,0.85143,67397.2
1717459200000,0.85144,0.85245,0.84992,0.85194,79096.36
1717545600000,0.85192,0.85202,0.8495,0.84993,67086.31
1717632000000,0.84994,0.85243,0.84985,0.85138,66565.78
1717718400000,0.85137,0.85201,0.84886,0.84909,79613.81
1717891200000,0.84567,0.84694,0.84502,0.84681,3829.7
1717977600000,0.84681,0.84713,0.84396,0.84575,62168.67
1718064000000,0.84574,0.84676,0.84159,0.843,66158.61
1718150400000,0.84301,0.84513,0.84177,0.84496,81805.35
1718236800000,0.84495,0.84578,0.84109,0.84189,69772.2
1718323200000,0.84189,0.84406,0.8397,0.8436,87286
1718496000000,0.84252,0.84411,0.84248,0.84378,2437.04
1718582400000,0.84379,0.84611,0.84363,0.84471,68372.23
1718668800000,0.84469,0.84644,0.84402,0.84507,74491.05
1718755200000,0.84506,0.84544,0.84296,0.84485,52238.87
1718841600000,0.84484,0.84607,0.84341,0.84563,69148.86
1718928000000,0.84563,0.84651,0.84425,0.84524,75605.38
1719100800000,0.84466,0.84595,0.84423,0.84566,2631.87
1719187200000,0.84565,0.84777,0.84488,0.84621,75587
1719273600000,0.84621,0.84628,0.84256,0.84428,65322.53
1719360000000,0.84428,0.84633,0.84327,0.84615,80367.36
1719446400000,0.84616,0.84752,0.84532,0.8468,78303.6
1719532800000,0.84681,0.84818,0.84574,0.84713,85141.88
1719705600000,0.84809,0.84921,0.84749,0.84868,4439.19
1719792000000,0.84867,0.84989,0.84685,0.84902,77208.55
1719878400000,0.84902,0.84954,0.84572,0.84711,66775.77
1719964800000,0.8471,0.8478,0.84498,0.84649,64722.85
1720051200000,0.8465,0.84753,0.846,0.8475,36601.51
1720137600000,0.8475,0.84779,0.84512,0.84529,63656.6
1720310400000,0.84355,0.84538,0.84287,0.84532,4776.09
1720396800000,0.84534,0.84599,0.8439,0.84508,52130.09
1720483200000,0.8451,0.84597,0.84418,0.84563,53588.48
1720569600000,0.84563,0.84591,0.84219,0.84277,48268.48
1720656000000,0.84276,0.84318,0.84067,0.84136,83770.23
1720742400000,0.84136,0.84214,0.83915,0.83927,68606.59
1720915200000,0.83842,0.83975,0.83827,0.83944,5361.44
1721001600000,0.83945,0.84115,0.83891,0.84027,56296.62
1721088000000,0.84027,0.84103,0.83976,0.84003,57369.76
1721174400000,0.84003,0.8411,0.83826,0.84099,71409.67
1721260800000,0.841,0.84222,0.84031,0.84177,55415.03
1721347200000,0.84175,0.84326,0.84126,0.84243,57861.12
1721520000000,0.84148,0.84287,0.84118,0.84271,6641.07
1721606400000,0.84272,0.8431,0.84134,0.84206,54432.43
1721692800000,0.84208,0.84263,0.83955,0.84097,49371.58
1721779200000,0.84097,0.84176,0.8376,0.84024,69342.86
1721865600000,0.84024,0.84408,0.84022,0.84407,74370.24
1721952000000,0.84408,0.84493,0.84278,0.84322,49809.19
1722124800000,0.84356,0.84379,0.84186,0.84344,2560.3
1722211200000,0.84344,0.84603,0.84067,0.84128,67895.02
1722297600000,0.84128,0.84292,0.84127,0.84247,61503.76
1722384000000,0.84247,0.84485,0.84104,0.84211,90426.01
1722470400000,0.8421,0.84749,0.8421,0.84743,102538.1
1722556800000,0.84743,0.85348,0.84741,0.852,109083.97
1722729600000,0.85187,0.8532,0.85087,0.85317,5319.09
1722816000000,0.85317,0.86191,0.85317,0.8563,184271.23
1722902400000,0.85629,0.86157,0.85616,0.86135,137719.56
1722988800000,0.86137,0.86229,0.85755,0.86156,97686.34
1723075200000,0.86156,0.86247,0.85509,0.85632,97459.65
1723161600000,0.85633,0.85787,0.85494,0.85542,65281.72
1723334400000,0.85497,0.85599,0.85406,0.85596,2653.92
1723420800000,0.85595,0.85684,0.85364,0.85631,68418.94
1723507200000,0.8563,0.85637,0.85229,0.85466,86096.43
1723593600000,0.85467,0.85923,0.85427,0.85859,84660
1723680000000,0.85859,0.85869,0.85149,0.85326,70344.29
1723766400000,0.85325,0.85349,0.85099,0.85176,58281.76
1723939200000,0.85091,0.85202,0.85049,0.85152,2797.88
1724025600000,0.85152,0.85341,0.85081,0.8534,67504.02
1724112000000,0.85339,0.85403,0.85149,0.85372,78969.92
1724198400000,0.85372,0.85442,0.85055,0.852,86164.67
1724284800000,0.852,0.85206,0.8473,0.84875,83999.8
1724371200000,0.84874,0.84924,0.84517,0.84676,82681.76
1724544000000,0.84592,0.84726,0.84554,0.84673,5070.67
1724630400000,0.84672,0.8475,0.84499,0.8463,75549.26
1724716800000,0.84631,0.84675,0.84282,0.84318,71187
1724803200000,0.84319,0.84344,0.841,0.84317,79907.54
1724889600000,0.84316,0.84327,0.84021,0.8416,82784.61
1724976000000,0.84159,0.84277,0.83998,0.84144,85091.66
1725148800000,0.84054,0.84149,0.84019,0.84115,2106.94
1725235200000,0.84118,0.84323,0.84116,0.8422,45187.62
1725321600000,0.8422,0.84344,0.84057,0.84254,86237.36
1725408000000,0.84253,0.8435,0.84158,0.84295,80913.16
1725494400000,0.84296,0.84376,0.84177,0.84325,74145.11
1725580800000,0.84326,0.84467,0.84111,0.84398,114122.02
1725753600000,0.84398,0.84439,0.84361,0.84423,3275.83
1725840000000,0.84425,0.8447,0.84328,0.84425,80007.99
1725926400000,0.84426,0.84473,0.84192,0.84249,72528.7
1726012800000,0.84249,0.84633,0.84245,0.84444,96561.59
1726099200000,0.84442,0.84553,0.84335,0.84358,87850.29
1726185600000,0.84357,0.84526,0.84269,0.8436,89306.18
1726358400000,0.84289,0.84434,0.84239,0.84408,2745.93
1726444800000,0.84408,0.84433,0.84163,0.84243,69130.39
1726531200000,0.84245,0.84539,0.84178,0.84467,78637.57
1726617600000,0.84464,0.84529,0.84039,0.84173,117925.82
1726704000000,0.84174,0.84228,0.83914,0.84022,110477.59
1726790400000,0.84023,0.84064,0.83774,0.8378,95917.73
1726963200000,0.83746,0.83833,0.83746,0.83824,3726.75
1727049600000,0.83823,0.83864,0.83207,0.83232,105139.99
1727136000000,0.83233,0.83391,0.83169,0.83341,91721.26
1727222400000,0.83342,0.83717,0.83335,0.83593,105273.13
1727308800000,0.83595,0.83597,0.8318,0.83338,100282.09
1727395200000,0.83339,0.83496,0.83213,0.83415,110984.68
1727568000000,0.8339,0.83486,0.83388,0.83457,2990.38
1727654400000,0.83456,0.83598,0.83077,0.83246,111020.72
1727740800000,0.83245,0.8345,0.83106,0.83347,122541.26
1727827200000,0.83349,0.8338,0.83153,0.83281,84203.59
1727913600000,0.83283,0.84341,0.83234,0.8405,119446.19
1728000000000,0.84049,0.84061,0.83528,0.83597,112318.99
1728172800000,0.83465,0.83632,0.83465,0.83593,5396.29
1728259200000,0.83594,0.83993,0.83555,0.83869,105265.63
1728345600000,0.83868,0.84043,0.83695,0.83823,118690.38
1728432000000,0.83823,0.83883,0.83641,0.83735,111953.71
1728518400000,0.83736,0.83852,0.83541,0.83703,112343.77
1728604800000,0.83704,0.83832,0.8364,0.83671,80988.01
1728777600000,0.83609,0.83733,0.83607,0.8371,2525.67
1728864000000,0.8371,0.83735,0.83399,0.8348,72819.75
1728950400000,0.8348,0.83508,0.8324,0.83298,96696.01
1729036800000,0.83298,0.83799,0.83258,0.83583,98100.39
1729123200000,0.83583,0.83643,0.83123,0.83204,115469.08
1729209600000,0.83204,0.83357,0.82947,0.83229,91546.95
1729382400000,0.83083,0.83287,0.83083,0.83264,3395.02
1729468800000,0.83264,0.83392,0.83215,0.83301,79326.97
1729555200000,0.83302,0.83464,0.83112,0.83168,92536.32
1729641600000,0.83169,0.83515,0.8303,0.83463,108600.15
1729728000000,0.83462,0.83487,0.83143,0.83438,102897.59
1729814400000,0.83439,0.83498,0.8326,0.83271,83707.57
1729987200000,0.83194,0.83324,0.83153,0.83315,3802.23
1730073600000,0.83314,0.8343,0.8323,0.83371,85181.42
1730160000000,0.8337,0.83402,0.82961,0.83153,114748.34
1730246400000,0.83154,0.83801,0.8313,0.83788,132118.7
1730332800000,0.83788,0.84475,0.83532,0.84387,135370.33
1730419200000,0.84388,0.84427,0.83689,0.83837,113227.52
1730592000000,0.83816,0.83964,0.83816,0.83938,3221.25
1730678400000,0.83938,0.84185,0.83846,0.83935,130667.03
1730764800000,0.83934,0.83975,0.83754,0.83826,109582.61
1730851200000,0.83825,0.83841,0.83129,0.83301,309225.76
1730937600000,0.83301,0.83397,0.83059,0.83146,183005.76
1731024000000,0.83146,0.83255,0.82918,0.82919,130443.29
1731196800000,0.82917,0.82967,0.82916,0.82943,4262.8
1731283200000,0.82943,0.83018,0.82598,0.82824,121409.36
1731369600000,0.82824,0.8335,0.82755,0.83348,164916.74
1731456000000,0.83347,0.83451,0.82996,0.83142,178120.18
1731542400000,0.83143,0.83234,0.83063,0.83122,177739.6
1731628800000,0.83123,0.8359,0.83118,0.83486,165922.4
1731801600000,0.83345,0.83514,0.83321,0.83491,4134.35
1731888000000,0.83489,0.83729,0.83397,0.83557,143551.5
1731974400000,0.83558,0.83753,0.83316,0.83554,162771.95
1732060800000,0.83554,0.83583,0.83128,0.83325,134235.2
1732147200000,0.83325,0.8341,0.83148,0.83185,154070.31
1732233600000,0.83184,0.83462,0.82675,0.83091,185462.24
1732406400000,0.83189,0.83359,0.8311,0.83211,10805.45
1732492800000,0.83211,0.83611,0.8309,0.83334,167646.06
1732579200000,0.83334,0.83645,0.83299,0.83437,200377.15
1732665600000,0.83436,0.83552,0.83236,0.8331,171229.14
1732752000000,0.83311,0.83389,0.83044,0.83177,115876.7
1732838400000,0.83179,0.83315,0.82985,0.82998,181404.43
1733011200000,0.82997,0.83037,0.82954,0.83008,7681.71
1733097600000,0.83006,0.83032,0.82695,0.82949,188888.99
1733184000000,0.8295,0.83123,0.82833,0.82918,161957.67
1733270400000,0.82918,0.83013,0.82687,0.82765,161270.52
1733356800000,0.82764,0.83007,0.8272,0.82959,149642.85
1733443200000,0.82959,0.83004,0.82788,0.82877,142220.76
1733616000000,0.82757,0.82902,0.82757,0.82875,4177.72
1733702400000,0.82874,0.82885,0.82689,0.82783,129954.06
1733788800000,0.82782,0.8283,0.82376,0.824,125002.57
1733875200000,0.82401,0.82514,0.82198,0.82298,152467.31
1733961600000,0.82287,0.82721,0.82268,0.82614,160712.43
1734048000000,0.82614,0.83218,0.82601,0.8319,138796.73
1734220800000,0.83053,0.83239,0.83049,0.83229,4576.2
1734307200000,0.83228,0.83274,0.82725,0.82869,124443.94
1734393600000,0.82869,0.82953,0.82492,0.82564,96776.59
1734480000000,0.82562,0.82779,0.82297,0.8236,120265.85
1734566400000,0.82358,0.8293,0.8222,0.8293,142376.32
1734652800000,0.8293,0.83126,0.82707,0.82973,107595.53
1734825600000,0.82934,0.83132,0.82934,0.82998,4666.59
1734912000000,0.82999,0.83121,0.82773,0.83011,80082.81
1734998400000,0.83012,0.83022,0.82703,0.82814,58407.75
1735084800000,0.82749,0.8297,0.82703,0.82899,2959.77
1735171200000,0.829,0.83242,0.82863,0.83182,55564.9
1735257600000,0.83183,0.83284,0.82818,0.82836,91032.67
1735430400000,0.82834,0.82976,0.82807,0.82913,2765.37
1735516800000,0.82913,0.8299,0.8272,0.82894,90353.59
1735603200000,0.82922,0.83075,0.82626,0.82733,90967.17
1735689600000,0.82563,0.82771,0.82522,0.82683,2912.27
1735776000000,0.82672,0.83251,0.8266,0.82936,123832.81
1735862400000,0.82935,0.83029,0.82845,0.82911,81776.26
1736035200000,0.82747,0.82988,0.82747,0.82937,3762.58
1736121600000,0.82938,0.83174,0.82852,0.82996,136392.09
1736208000000,0.82995,0.83053,0.82858,0.82888,131707.09
1736294400000,0.82888,0.83515,0.82832,0.83447,158439.17
1736380800000,0.83446,0.84062,0.83421,0.83715,123228.28
1736467200000,0.83716,0.83934,0.83636,0.83888,130779.84
1736640000000,0.83831,0.83938,0.83831,0.83928,4230
1736726400000,0.8393,0.8424,0.83817,0.83907,145095.58
1736812800000,0.83907,0.84504,0.83865,0.84396,132499.12
1736899200000,0.84394,0.84618,0.83987,0.8409,131679.17
1736985600000,0.84088,0.84376,0.84073,0.84174,123098.57
1737072000000,0.84195,0.84533,0.84177,0.84368,119837.25
1737244800000,0.84314,0.84459,0.84306,0.84435,4678.05
1737331200000,0.84435,0.84731,0.84363,0.84499,145263
1737417600000,0.84495,0.84622,0.84306,0.84331,162565.03
1737504000000,0.84332,0.84634,0.8433,0.8452,105606.55
1737590400000,0.84518,0.84574,0.84276,0.84325,114941.72
1737676800000,0.84306,0.84619,0.84005,0.84005,131212.68
1737849600000,0.84015,0.84067,0.83957,0.84017,4278.3
1737936000000,0.84016,0.84204,0.83797,0.83822,134137.08
1738022400000,0.83822,0.83956,0.83784,0.83811,98647.38
1738108800000,0.83812,0.83873,0.83603,0.83694,122796.54
1738195200000,0.83692,0.839,0.83593,0.8369,110429.82
1738281600000,0.83689,0.8374,0.8354,0.8356,137129.42
1738454400000,0.83272,0.83373,0.831,0.83369,16950.26
1738540800000,0.8337,0.83453,0.82911,0.83061,235204.1
1738627200000,0.83062,0.833,0.82966,0.8314,128179.1
1738713600000,0.83132,0.83357,0.8304,0.83173,122399.68
1738800000000,0.83173,0.8378,0.83147,0.83516,123984.39
1738886400000,0.83517,0.83551,0.83183,0.83255,142288.85
1739059200000,0.83096,0.83218,0.83027,0.83209,7173.42
1739145600000,0.83208,0.83357,0.83093,0.83335,93057.08
1739232000000,0.83333,0.83524,0.83195,0.83225,97800.47
1739318400000,0.83226,0.83558,0.83204,0.83464,127896.81
1739404800000,0.83464,0.8356,0.83131,0.83256,146316.36
1739491200000,0.83258,0.83376,0.83155,0.83336,106054.57
1739664000000,0.83197,0.83364,0.8319,0.83342,4430.53
1739750400000,0.83342,0.83389,0.82947,0.83073,82860.39
1739836800000,0.83072,0.83091,0.82649,0.8276,107220.62
1739923200000,0.82756,0.82892,0.82712,0.82826,110358.6
1740009600000,0.82811,0.82916,0.82695,0.82876,120274.74
1740096000000,0.82878,0.82917,0.8265,0.82777,114185.66
1740268800000,0.82753,0.82873,0.82687,0.82803,5600.84
1740355200000,0.82801,0.83018,0.82752,0.8291,141179.6
1740441600000,0.82911,0.83022,0.82852,0.83018,120133.34
1740528000000,0.83017,0.83051,0.82654,0.82704,129236.53
1740614400000,0.82704,0.82742,0.82411,0.82484,140195.32
1740700800000,0.82511,0.82668,0.82418,0.82469,127890.73
1740873600000,0.82597,0.82663,0.8256,0.82617,5631.1
1740960000000,0.82616,0.82664,0.82471,0.82547,138015.56
1741046400000,0.82548,0.8312,0.82536,0.8302,168604.87
1741132800000,0.83021,0.83804,0.82987,0.83736,200042.26
1741219200000,0.83738,0.84107,0.83595,0.83726,202948.83
1741305600000,0.83725,0.84176,0.83716,0.83816,192035.59
1741478400000,0.83757,0.83982,0.83757,0.83973,14244.78
1741564800000,0.83973,0.84204,0.8377,0.84182,209119.55
1741651200000,0.84183,0.84491,0.84149,0.84314,201214.21
1741737600000,0.84313,0.84414,0.83916,0.83962,170510.72
1741824000000,0.83962,0.84038,0.83602,0.83774,161307.34
1741910400000,0.83775,0.84279,0.83737,0.84089,130509.48
1742083200000,0.84016,0.84165,0.84016,0.84155,4451.05
1742169600000,0.84156,0.84165,0.83978,0.84085,88713.72
1742256000000,0.84084,0.84282,0.84053,0.84138,101882.72
1742342400000,0.84137,0.842,0.83804,0.83864,114745.94
1742428800000,0.83866,0.839,0.83504,0.83707,102668.66
1742515200000,0.83708,0.83851,0.83671,0.8371,98836.64
1742688000000,0.83809,0.83837,0.83718,0.83831,4137.77
1742774400000,0.8383,0.83839,0.83453,0.83585,109793.21
1742860800000,0.83586,0.83629,0.8332,0.83338,97314.28
1742947200000,0.83339,0.83741,0.83322,0.83405,102054.44
1743033600000,0.83406,0.83486,0.83231,0.83391,101342.69
1743120000000,0.83391,0.83689,0.83152,0.83647,87038.82
1743292800000,0.83601,0.83691,0.83568,0.83657,6497.27
1743379200000,0.83657,0.83791,0.83492,0.8373,112776.51
1743465600000,0.83729,0.83784,0.8347,0.83534,107451.63
1743552000000,0.83534,0.83874,0.83222,0.83581,129927.19
1743638400000,0.83579,0.84482,0.83486,0.8438,226799.19
1743724800000,0.84381,0.85238,0.84332,0.8496,285916.24
1743897600000,0.84755,0.85318,0.8466,0.85076,31108.83
1743984000000,0.85075,0.85899,0.84874,0.85716,344565.86
1744070400000,0.85718,0.85944,0.85293,0.85846,217000.11
1744156800000,0.85846,0.8662,0.85258,0.85383,343139.2
1744243200000,0.85386,0.86662,0.8519,0.86645,273786.49
1744329600000,0.86646,0.87382,0.86464,0.86792,382797.41
1744502400000,0.86359,0.86745,0.863,0.86681,15352.81
1744588800000,0.86685,0.8694,0.8589,0.86055,197905.36
1744675200000,0.86055,0.86056,0.85245,0.85356,149926.65
1744761600000,0.85355,0.86163,0.85339,0.86113,159937.03
1744848000000,0.86116,0.86141,0.85513,0.85696,150478.46
1744934400000,0.85696,0.85822,0.85551,0.85662,743491.09
1745107200000,0.85791,0.86046,0.85667,0.85984,12261.84
1745193600000,0.85984,0.86238,0.85797,0.86052,125144.31
1745280000000,0.86052,0.86086,0.85385,0.85515,165081.68
1745366400000,0.85516,0.85831,0.853,0.85405,177377.04
1745452800000,0.85406,0.85652,0.85271,0.85328,123227.53
1745539200000,0.85329,0.85473,0.85108,0.85317,106800.16
1745712000000,0.85326,0.85379,0.85294,0.85363,5687.49
1745798400000,0.85363,0.85446,0.84888,0.84907,112780.54
1745884800000,0.84907,0.85116,0.84862,0.84929,112497.84
1745971200000,0.84929,0.85382,0.84817,0.84999,128804.46
1746057600000,0.84997,0.85103,0.84795,0.85022,97097.37
1746144000000,0.85024,0.85405,0.849,0.85117,121184.78
1746316800000,0.85145,0.85327,0.85107,0.8531,4755.85
1746403200000,0.8531,0.85323,0.85052,0.85108,95166.19
1746489600000,0.85109,0.85201,0.84616,0.84927,116335.94
1746576000000,0.84926,0.8522,0.84881,0.85045,114785.36
1746662400000,0.85044,0.85223,0.84582,0.84796,129801.26
1746748800000,0.84794,0.84921,0.84543,0.84543,78684.17
1746921600000,0.84361,0.84542,0.84309,0.84512,7293.09
1747008000000,0.84513,0.84575,0.84049,0.84197,137875.05
1747094400000,0.84195,0.84269,0.84017,0.84076,107663.29
1747180800000,0.84077,0.8436,0.84043,0.84298,117035.35
1747267200000,0.84298,0.84406,0.84025,0.84125,99053.74
1747353600000,0.84127,0.84323,0.83933,0.84032,87106.84
1747526400000,0.84082,0.84155,0.84073,0.8409,4810.41
1747612800000,0.84087,0.84268,0.84023,0.84077,100135.25
1747699200000,0.84075,0.8429,0.84049,0.84254,88960.72
1747785600000,0.84255,0.84589,0.84223,0.84434,119120.08
1747872000000,0.84433,0.84489,0.83971,0.84072,122592.75
1747958400000,0.84072,0.84186,0.83798,0.83896,120008.23
1748131200000,0.83979,0.84079,0.83953,0.84016,7996.53
1748217600000,0.84017,0.84084,0.83844,0.8395,64862.44
1748304000000,0.8395,0.8398,0.83727,0.83886,96078.73
1748390400000,0.83885,0.84018,0.83551,0.83623,106884.29
1748476800000,0.83621,0.8431,0.83621,0.84273,112337.01
1748563200000,0.84272,0.84369,0.84027,0.84313,112237.61
1748736000000,0.84226,0.84366,0.84226,0.84289,4588
1748822400000,0.8429,0.84497,0.84231,0.84476,97206.05
1748908800000,0.84476,0.84499,0.84072,0.84132,85671.51
1748995200000,0.84131,0.84309,0.84069,0.84278,100116.29
1749081600000,0.84278,0.84475,0.84106,0.84343,112426.96
1749168000000,0.84342,0.8442,0.84167,0.84211,92679.81
1749340800000,0.84142,0.84281,0.84129,0.84256,2795.32
1749427200000,0.84258,0.84296,0.84112,0.84296,68175.63
1749513600000,0.84294,0.84682,0.84174,0.8467,80714.45
1749600000000,0.84672,0.84886,0.84629,0.84829,85208.6
1749686400000,0.84831,0.85461,0.84768,0.85176,104071.79
1749772800000,0.85176,0.8531,0.84928,0.85077,140911.26
1749945600000,0.8494,0.85153,0.84931,0.85153,11000.66
1750032000000,0.85151,0.85315,0.85068,0.85148,100737.16
1750118400000,0.85148,0.85555,0.85118,0.85495,107997.21
1750204800000,0.85495,0.85641,0.8537,0.85548,127119.82
1750291200000,0.85548,0.85598,0.85297,0.85415,88899.13
1750377600000,0.85415,0.85682,0.85257,0.8565,88256.97
1750550400000,0.85415,0.85661,0.85415,0.85592,10062.85
1750636800000,0.85593,0.85748,0.85454,0.85619,125613.3
1750723200000,0.85617,0.85651,0.85147,0.85286,119142.4
1750809600000,0.85287,0.85382,0.85123,0.8534,88053.95
1750896000000,0.85339,0.85393,0.85108,0.85191,119889.02
1750982400000,0.85192,0.85524,0.85078,0.85396,105528.48
1751155200000,0.85494,0.85518,0.85414,0.85474,6261.94
1751241600000,0.85474,0.85861,0.85392,0.85833,95578.34
1751328000000,0.85832,0.85972,0.85568,0.85877,97126.42
1751414400000,0.85877,0.86699,0.85771,0.86438,103295.85
1751500800000,0.86435,0.86541,0.86047,0.86117,97931.32
1751587200000,0.86119,0.86371,0.86095,0.86212,103243.94
1751760000000,0.86155,0.863,0.86155,0.86292,3836.07
1751846400000,0.86293,0.86433,0.85916,0.86142,90597.35
1751932800000,0.86142,0.86429,0.8609,0.86292,98888.34
1752019200000,0.86294,0.86325,0.86056,0.86315,81409.03
1752105600000,0.86316,0.86339,0.86096,0.86163,80780.55
1752192000000,0.86164,0.86668,0.86088,0.86625,94442.8
1752364800000,0.86401,0.86576,0.86363,0.86562,5048.51
1752451200000,0.86562,0.86927,0.86537,0.8687,81689.17
1752537600000,0.86868,0.86961,0.86579,0.86664,87023.42
1752624000000,0.86665,0.86977,0.86473,0.86762,119171.84
1752710400000,0.86761,0.86794,0.86295,0.86475,82446.71
1752796800000,0.86474,0.86711,0.86473,0.86646,67822.24
1752969600000,0.86471,0.8671,0.86471,0.86687,5427.46
1753056000000,0.86687,0.86736,0.865,0.86692,74674.33
1753142400000,0.86691,0.86935,0.86637,0.8681,78468.12
1753228800000,0.86808,0.8685,0.86464,0.867,97854
1753315200000,0.867,0.87099,0.86657,0.87013,93998.36
1753401600000,0.87012,0.87431,0.86965,0.87356,88747.31
1753574400000,0.87512,0.8754,0.87466,0.87476,4450.79
1753660800000,0.87477,0.87521,0.86634,0.86797,97768.45
1753747200000,0.86796,0.86849,0.86401,0.86497,93709.77
1753833600000,0.86495,0.86587,0.8609,0.86187,119565.4
1753920000000,0.86208,0.8659,0.86106,0.86474,101983.46
1754006400000,0.86475,0.87294,0.86433,0.87222,137371.53
1754179200000,0.8715,0.87298,0.87121,0.8718,4392.16
1754265600000,0.87178,0.87216,0.86866,0.87107,86535.38
1754352000000,0.87107,0.87128,0.86791,0.87063,88258.09
1754438400000,0.87064,0.87317,0.86962,0.87311,77148.61
1754524800000,0.87311,0.87435,0.86631,0.86804,100620.91
1754611200000,0.86805,0.86816,0.86504,0.86507,76808.56
1754784000000,0.86491,0.8664,0.86491,0.86638,2640.75
1754870400000,0.86639,0.8672,0.86339,0.86469,73446.59
1754956800000,0.8647,0.86544,0.8618,0.86468,106880.81
1755043200000,0.8647,0.86535,0.86055,0.86209,79708.52
1755129600000,0.86211,0.86248,0.85958,0.86106,95319.16
1755216000000,0.86107,0.86376,0.86054,0.86331,72500.98
1755388800000,0.8635,0.86409,0.86291,0.86352,2340.08
1755475200000,0.86353,0.86397,0.86183,0.86375,56327.35
1755561600000,0.86375,0.86478,0.86191,0.86328,55655.42
1755648000000,0.86327,0.86673,0.86082,0.86526,64490.22
1755734400000,0.86526,0.86656,0.86457,0.86545,67086.37
1755820800000,0.86546,0.86717,0.86393,0.86617,75510.04
1755993600000,0.86657,0.86701,0.86568,0.8667,3701.65
1756080000000,0.86669,0.8671,0.86082,0.86321,57663.05
1756166400000,0.86319,0.86492,0.86221,0.86347,88861.82
1756252800000,0.86348,0.86398,0.86093,0.86249,69603.71
1756339200000,0.86251,0.86482,0.86149,0.86453,73740.58
1756425600000,0.86453,0.86737,0.86351,0.86513,77506.57
1756598400000,0.86608,0.86611,0.86498,0.86569,2178.07
1756684800000,0.86567,0.867,0.86376,0.86476,51419.53
1756771200000,0.86476,0.87127,0.86412,0.86928,111171.75
1756857600000,0.86929,0.87112,0.86692,0.86755,88259.9
1756944000000,0.86755,0.86806,0.8659,0.86703,76442.3
1757030400000,0.86702,0.86869,0.86646,0.86728,90972.05
1757203200000,0.86708,0.86825,0.86653,0.86801,5037.9
1757289600000,0.86802,0.86846,0.86625,0.86832,70696.06
1757376000000,0.8683,0.86839,0.86518,0.86547,82866.98
1757462400000,0.86548,0.86553,0.86374,0.86468,86532.38
1757548800000,0.86468,0.86623,0.86349,0.86434,97955.04
1757635200000,0.86433,0.86642,0.86396,0.86498,74450.52
1757808000000,0.864,0.86535,0.864,0.86517,3604.9
1757894400000,0.86517,0.86539,0.86321,0.86482,58445.75
1757980800000,0.8648,0.86965,0.86446,0.86947,92792.14
1758067200000,0.86948,0.86951,0.86533,0.8676,107089.61
1758153600000,0.86761,0.86987,0.86641,0.86969,107339.28
1758240000000,0.86968,0.87284,0.86897,0.87158,91214.45
1758412800000,0.87125,0.8724,0.87086,0.87174,6549.78
1758499200000,0.87173,0.8734,0.87084,0.87317,67767.78
1758585600000,0.8732,0.87454,0.87168,0.87361,79763.83
1758672000000,0.87363,0.87447,0.87199,0.87304,74798.05
1758758400000,0.87305,0.8751,0.87223,0.87446,88940.24
1758844800000,0.87449,0.87482,0.87206,0.87298,74574.48
1759017600000,0.87234,0.87339,0.87234,0.87295,3747.53
1759104000000,0.87296,0.87443,0.87152,0.87312,70402.23
1759190400000,0.87314,0.87449,0.87227,0.8729,87507.28
1759276800000,0.87292,0.87416,0.86893,0.87047,108406.64
1759363200000,0.87046,0.87294,0.87015,0.87193,74597.08
1759449600000,0.87193,0.87295,0.87064,0.87072,64253.14
1759622400000,0.87157,0.87275,0.87007,0.87189,9293.63
1759708800000,0.87187,0.87225,0.86734,0.86836,74353.69
1759795200000,0.86837,0.87046,0.86684,0.86827,66874.26
1759881600000,0.86825,0.8684,0.86533,0.86781,76328.08
1759968000000,0.8678,0.86983,0.8674,0.86936,86978.6
1760054400000,0.86937,0.8725,0.8691,0.86959,99854.97
1760227200000,0.86911,0.87067,0.86885,0.86991,7612.61
1760313600000,0.86992,0.87069,0.86677,0.86747,69318.13
1760400000000,0.86748,0.87218,0.86663,0.87097,100868.43
1760486400000,0.87097,0.87209,0.86835,0.86883,78074.69
1760572800000,0.86885,0.87041,0.86641,0.87018,88518.95
1760659200000,0.87016,0.87247,0.86765,0.86773,97408.38
1760832000000,0.86821,0.86867,0.8677,0.86833,2808.13
1760918400000,0.86834,0.86949,0.86745,0.86865,64581.87
1761004800000,0.86865,0.86939,0.86651,0.86786,85699.6
1761091200000,0.86787,0.87123,0.86753,0.86939,82595.85
1761177600000,0.86937,0.87211,0.86815,0.87169,66714.83
1761264000000,0.87168,0.87468,0.87057,0.8733,77406.28
1761436800000,0.87267,0.87337,0.87238,0.87306,4310.86
1761523200000,0.87305,0.87362,0.87197,0.87333,67538.52
1761609600000,0.87334,0.87893,0.87249,0.87785,83331.33
1761696000000,0.87784,0.88176,0.87774,0.87935,115827.25
1761782400000,0.87933,0.8813,0.87886,0.87935,100436.85
1761868800000,0.87936,0.88174,0.87681,0.87681,75385.36
1762041600000,0.87737,0.87814,0.87711,0.87761,6472.38
1762128000000,0.87762,0.87835,0.87602,0.87695,64806.99
1762214400000,0.87694,0.8821,0.87642,0.882,81050.93
1762300800000,0.88198,0.88294,0.87991,0.88075,71492.85
1762387200000,0.88071,0.88181,0.87869,0.87885,88266.04
1762473600000,0.87885,0.8816,0.8781,0.8781,85199.8
1762646400000,0.87842,0.87861,0.87746,0.87836,6003.67
1762732800000,0.87836,0.87944,0.87663,0.87732,70807.87
1762819200000,0.87732,0.88131,0.87727,0.88094,72284.68
1762905600000,0.88093,0.88382,0.88044,0.88292,72088.93
1762992000000,0.88294,0.88483,0.88049,0.88419,90888.32
1763078400000,0.88418,0.88651,0.88128,0.8819,99104.03
1763251200000,0.88194,0.883,0.88174,0.8826,2883.05
1763337600000,0.8826,0.88287,0.87924,0.88099,74717.04
1763424000000,0.881,0.88237,0.88014,0.88078,87546.64
1763510400000,0.88079,0.88396,0.88069,0.88353,88105.72
1763596800000,0.88351,0.88367,0.87954,0.88152,88870.72
1763683200000,0.88154,0.88311,0.87799,0.87866,109876.99
1763856000000,0.87838,0.87904,0.87779,0.87867,2678.43
1763942400000,0.87868,0.88197,0.87852,0.87895,76407.66
1764028800000,0.87896,0.87986,0.87653,0.87887,101791.71
1764115200000,0.87889,0.88177,0.87516,0.87591,116732.34
1764201600000,0.8759,0.87699,0.87455,0.87608,57941.17
1764288000000,0.87606,0.87726,0.87477,0.87542,261354.24
1764460800000,0.87623,0.87669,0.87533,0.87624,5229.93
1764547200000,0.87625,0.87934,0.87591,0.87867,98988.26
1764633600000,0.87869,0.88016,0.87833,0.87959,77732.33
1764720000000,0.87958,0.87988,0.87337,0.87401,85164.46
1764806400000,0.87403,0.87537,0.87215,0.87395,85082.39
1764892800000,0.87395,0.87415,0.87244,0.87291,68917.56
1765065600000,0.87272,0.87372,0.87272,0.87351,4604.79
1765152000000,0.87349,0.87522,0.87247,0.87345,71932.41
1765238400000,0.87345,0.87471,0.87202,0.87406,75411.25
1765324800000,0.87407,0.87509,0.87242,0.87394,90167.7
1765411200000,0.87395,0.87705,0.87383,0.87661,83840.13
1765497600000,0.87663,0.8792,0.87605,0.87764,77059.24
1765670400000,0.87611,0.87812,0.87611,0.878,4459.69
1765756800000,0.87799,0.87876,0.87704,0.87844,75182.88
1765843200000,0.87844,0.87954,0.87441,0.87512,116314.13
1765929600000,0.87512,0.87966,0.87496,0.87793,108616.44
1766016000000,0.87792,0.87874,0.87351,0.87604,101426.22
1766102400000,0.87604,0.87735,0.87489,0.87489,90765.06
1766275200000,0.87461,0.87561,0.87461,0.87518,8408.64
1766361600000,0.87518,0.87532,0.87231,0.87342,89648.89
1766448000000,0.87341,0.87369,0.87194,0.8728,86180.48
1766534400000,0.87282,0.87313,0.87075,0.87181,85151.06
1766620800000,0.8718,0.87345,0.87012,0.8723,10413.53
1766707200000,0.87232,0.87357,0.8716,0.87181,69835.35
1766880000000,0.87045,0.87279,0.87045,0.87217,6895.66
1766966400000,0.87217,0.87397,0.87094,0.87143,102948.66
1767052800000,0.87143,0.87363,0.87026,0.8722,72002.54
1767139200000,0.87219,0.87459,0.8715,0.87158,82639.92
1767225600000,0.87152,0.87244,0.87137,0.87209,3778.62
1767312000000,0.87207,0.8725,0.87003,0.87037,76929.93
1767484800000,0.87051,0.87107,0.86994,0.87102,3631.86
1767571200000,0.87101,0.87106,0.86525,0.86563,85178.79
1767657600000,0.86564,0.86632,0.8644,0.86571,78049.13
1767744000000,0.86572,0.86784,0.86535,0.86756,67488.26
1767830400000,0.86757,0.86909,0.86695,0.86762,61228.49
1767916800000,0.86762,0.86863,0.86664,0.86783,71041.43
1768089600000,0.86747,0.8683,0.86728,0.86782,1793.97
1768176000000,0.86783,0.86923,0.86608,0.86639,74441.26
1768262400000,0.86639,0.86744,0.86513,0.86712,68090.48
1768348800000,0.86713,0.8673,0.86567,0.86641,74682.49
1768435200000,0.8664,0.86785,0.86531,0.86754,77047.56
1768521600000,0.86754,0.86798,0.86602,0.86663,88181.87
1768694400000,0.86716,0.86772,0.86665,0.86732,7536.9
1768780800000,0.86732,0.86859,0.86657,0.86734,73493.67
1768867200000,0.86734,0.87311,0.86698,0.8725,126839.49
1768953600000,0.87248,0.87454,0.8695,0.86991,113567.59
1769040000000,0.86992,0.87326,0.86924,0.87066,88723.85
1769126400000,0.87065,0.87086,0.86578,0.86664,98068.46
1769299200000,0.86749,0.86969,0.86683,0.86791,9771.73
1769385600000,0.8679,0.86867,0.8668,0.86826,119437.18
1769472000000,0.86824,0.87156,0.86704,0.86949,153583.1
1769558400000,0.8695,0.86967,0.86487,0.86644,152874.64
1769644800000,0.86643,0.8671,0.86493,0.86665,145089.56
1769731200000,0.86665,0.86751,0.86549,0.86552,169446.44
1769904000000,0.86517,0.86661,0.86517,0.86615,10481.88
1769990400000,0.86616,0.86738,0.8622,0.86289,158604.31
1770076800000,0.86289,0.86364,0.86194,0.8626,109890.14
1770163200000,0.86259,0.86498,0.86122,0.86478,118267.65
1770249600000,0.8648,0.87208,0.86453,0.87095,133187.8
1770336000000,0.87095,0.87134,0.86728,0.86779,89210.47
1770508800000,0.86797,0.86935,0.86783,0.86896,4262.54
1770595200000,0.86895,0.87413,0.86855,0.86996,112282.35
1770681600000,0.86995,0.87215,0.86858,0.87196,87934.87
1770768000000,0.87194,0.87237,0.86827,0.87164,117580.67
1770854400000,0.87165,0.87173,0.86937,0.87152,105897.37
1770940800000,0.87153,0.87211,0.86882,0.86882,94653.97
1771113600000,0.869,0.86986,0.86894,0.86951,4486.49
1771200000000,0.86952,0.86995,0.86865,0.86957,44308.04
1771286400000,0.86957,0.87488,0.86944,0.87373,85328.46
1771372800000,0.87374,0.87384,0.87167,0.87349,75659.5
1771459200000,0.8735,0.87515,0.87311,0.8743,89956.37
1771545600000,0.87432,0.87485,0.8725,0.87371,108323.75
1771718400000,0.87345,0.87491,0.8731,0.87442,6792.43
1771804800000,0.87441,0.87493,0.87274,0.87381,103442.15
1771891200000,0.8738,0.8743,0.87073,0.87238,70761.78
1771977600000,0.8724,0.87315,0.87055,0.87144,76687.45
1772064000000,0.87144,0.8758,0.87114,0.87484,86234.79
1772150400000,0.87481,0.8789,0.87454,0.87569,99246.15
1772323200000,0.87677,0.87785,0.8764,0.87716,11802.7
1772409600000,0.87717,0.87873,0.87168,0.87217,168932.03
1772496000000,0.87216,0.87393,0.86882,0.86959,196596.55
1772582400000,0.86959,0.87124,0.86855,0.87022,146952.16
1772668800000,0.87023,0.87117,0.86846,0.869,164715.8
1772755200000,0.86899,0.8692,0.86575,0.8658,163356.19
1772928000000,0.86539,0.86632,0.86511,0.86614,17189.96
1773014400000,0.86612,0.86766,0.86436,0.86531,198012.98
1773100800000,0.8653,0.86608,0.86417,0.86521,140302.95
1773187200000,0.86521,0.86572,0.86196,0.86249,124230.26
1773273600000,0.8625,0.86367,0.8617,0.86283,116047.37
1773360000000,0.86283,0.86541,0.86197,0.863,118286.43
1773532800000,0.86154,0.86396,0.86109,0.86322,9285.52
1773619200000,0.86321,0.86499,0.86249,0.86368,103416.84
1773705600000,0.86365,0.86452,0.86269,0.86374,103811.85
1773792000000,0.86376,0.86507,0.86278,0.86417,132899.25
1773878400000,0.86416,0.86486,0.86114,0.86231,178212.55
1773964800000,0.86228,0.86789,0.86145,0.86702,120861.76
1774137600000,0.86595,0.86793,0.86502,0.86702,8579.59
1774224000000,0.86701,0.8679,0.86306,0.86458,231733.6
1774310400000,0.86457,0.86592,0.86375,0.86566,163777.56
1774396800000,0.86566,0.86679,0.86445,0.86512,124359.04
1774483200000,0.86512,0.86622,0.86365,0.86493,111129.56
1774569600000,0.86493,0.86788,0.86469,0.86751,106026.45
1774742400000,0.86712,0.86839,0.86641,0.86805,8831.93
1774828800000,0.86804,0.86981,0.86722,0.86971,110863.8
1774915200000,0.86973,0.87424,0.86759,0.8739,156824.62
1775001600000,0.87388,0.87422,0.87034,0.87123,148765.28
1775088000000,0.87122,0.8734,0.87089,0.87233,142516.77
1775174400000,0.87234,0.87318,0.87113,0.87113,54399.67
1775347200000,0.87313,0.87342,0.87247,0.87285,5725.57
1775433600000,0.87283,0.87295,0.87092,0.87203,90494.35
1775520000000,0.87203,0.87405,0.8712,0.87198,157244.3
1775606400000,0.87199,0.87241,0.86857,0.8705,166186.77
1775692800000,0.8705,0.87133,0.87009,0.87055,101931.94
1775779200000,0.87054,0.87186,0.86987,0.87073,81212.05
1775952000000,0.87113,0.87182,0.87011,0.87162,9396.82
1776038400000,0.87161,0.87219,0.86961,0.87055,91408.26
1776124800000,0.87056,0.87137,0.86843,0.86912,92701.37
1776211200000,0.86912,0.87018,0.86757,0.86985,92825.02
1776297600000,0.86985,0.87125,0.86895,0.87097,90598.87
1776384000000,0.87098,0.8723,0.86989,0.86989,109303.76
1776556800000,0.86989,0.8708,0.86928,0.87063,7608.28
1776643200000,0.87062,0.87157,0.8699,0.87088,104027.17
1776729600000,0.87086,0.87198,0.86889,0.86929,114613.71
1776816000000,0.86929,0.86943,0.86582,0.86707,90917.7
1776902400000,0.86706,0.86785,0.86532,0.86757,118917.39
1776988800000,0.86758,0.86825,0.86575,0.86583,89083.22
1777161600000,0.86544,0.86641,0.8652,0.86618,3777.71
1777248000000,0.86618,0.86757,0.8647,0.86592,85428.73
1777334400000,0.86591,0.86782,0.86531,0.86643,103202.16
1777420800000,0.86643,0.86737,0.86525,0.86623,105925.98
1777507200000,0.86622,0.86661,0.86162,0.86228,163838.4
1777593600000,0.86226,0.86405,0.86199,0.86295,96506.62
1777766400000,0.86303,0.86364,0.86284,0.86334,4682.92
1777852800000,0.86335,0.8648,0.86287,0.86401,118408.39
1777939200000,0.86403,0.86421,0.86196,0.86339,92969.59
1778025600000,0.86337,0.86489,0.86274,0.86434,129102.91
1778112000000,0.86435,0.86557,0.86363,0.86534,114167.3
1778198400000,0.86536,0.86558,0.86383,0.8643,78712.22
1778371200000,0.8661,0.86694,0.86528,0.86558,5440.33
1778457600000,0.86558,0.86631,0.86294,0.86575,78624.21
1778544000000,0.86577,0.86974,0.86527,0.86695,104619.58
1778630400000,0.86695,0.86762,0.86475,0.86608,79058.83
1778716800000,0.86609,0.87175,0.86569,0.87084,89558.88
1778803200000,0.87085,0.87289,0.87008,0.87225,105583.71
1778976000000,0.87146,0.87293,0.87131,0.87256,5037.93
1779062400000,0.87254,0.87296,0.86652,0.86767,107960.14
1779148800000,0.86767,0.86867,0.86551,0.8664,88033.07
1779235200000,0.86642,0.86676,0.86424,0.86529,99740.28
1779321600000,0.8653,0.86565,0.86394,0.86493,107340.65
1779408000000,0.86492,0.86525,0.86296,0.86333,72697.36
1779580800000,0.86394,0.86452,0.86325,0.86351,5439.09
1779667200000,0.86353,0.86363,0.86138,0.86215,50464.46
1779753600000,0.86215,0.86503,0.86214,0.86481,69798.73
1779840000000,0.86483,0.86669,0.86478,0.86591,83255.77
1779926400000,0.86592,0.86737,0.86571,0.8667,92132.34
1780012800000,0.86669,0.86813,0.86548,0.86617,92194.72
1780185600000,0.86538,0.86658,0.86538,0.86595,8519.11
1780272000000,0.86594,0.8662,0.86355,0.86442,89971.45
1780358400000,0.8644,0.86498,0.8628,0.8638,71206.3
1780444800000,0.8638,0.86473,0.86313,0.8646,86210.35
1780531200000,0.8646,0.86562,0.86408,0.86509,80556.97
1780617600000,0.86509,0.86548,0.86302,0.86336,103657.71
1780790400000,0.86285,0.86428,0.86285,0.86399,5883.28
1780876800000,0.864,0.86514,0.86321,0.86455,112045.48
1780963200000,0.86456,0.8647,0.8623,0.86263,104826.08
1781049600000,0.86262,0.86336,0.86196,0.86326,115894.09
1781136000000,0.86327,0.86439,0.86205,0.8629,115288.6
1781222400000,0.8629,0.86362,0.86252,0.86252,105160.76
1781395200000,0.86251,0.8646,0.86251,0.86267,10222.81
1781481600000,0.86267,0.86518,0.86245,0.86399,84209.91
1781568000000,0.864,0.86509,0.86364,0.86473,76195.11
1781654400000,0.86472,0.86599,0.86436,0.86509,106081.5
1781740800000,0.86509,0.86819,0.86481,0.86789,116873.33
1781827200000,0.86789,0.86808,0.8657,0.86667,95830.41
1782000000000,0.86834,0.8687,0.8677,0.86783,3905.96
1782086400000,0.86785,0.86794,0.86135,0.86257,105928.71
1782172800000,0.86256,0.86347,0.86147,0.86204,89689.32
1782259200000,0.86204,0.86283,0.86025,0.86244,105120.32
1782345600000,0.86244,0.86261,0.86102,0.8615,97501.54
1782432000000,0.86151,0.86513,0.86105,0.86229,133811.98
1782604800000,0.86142,0.86292,0.86142,0.86269,7349.38
1782691200000,0.86269,0.86321,0.86107,0.86156,144488.12
1782777600000,0.86157,0.86241,0.86044,0.86132,165286.1
1782864000000,0.86132,0.86177,0.85623,0.8568,179437.25
1782950400000,0.85681,0.8574,0.85458,0.85633,217466.22
1783036800000,0.85634,0.8574,0.85613,0.8564,145455.72
1783209600000,0.85599,0.85676,0.85599,0.85648,9465.83
1783296000000,0.85651,0.85686,0.85383,0.85419,137530.66
1783382400000,0.85421,0.85543,0.85327,0.85423,150716.56
1783468800000,0.85423,0.8555,0.85191,0.85269,169800.69
1783555200000,0.85269,0.85407,0.85177,0.85232,154189.6
1783641600000,0.85232,0.85254,0.85085,0.8514,154613.94
1783814400000,0.85156,0.85213,0.85128,0.85189,11617.55
1783900800000,0.85189,0.85407,0.85151,0.85266,207736.52
1783987200000,0.85266,0.85445,0.85175,0.85274,243119.05
1784073600000,0.85275,0.85343,0.84547,0.84717,189539.31
1784160000000,0.84718,0.84929,0.84688,0.84912,154121.88
1784246400000,0.84915,0.85141,0.84914,0.85003,152299.81
1784419200000,0.84906,0.85037,0.84892,0.84988,13355.12
1784505600000,0.84988,0.85079,0.84829,0.8499,159735.84
1784592000000,0.8499,0.85384,0.84903,0.85225,146909.61
1784678400000,0.85222,0.85398,0.85165,0.85315,141271.31
1784764800000,0.85316,0.85466,0.85281,0.85455,177286.55
1784851200000,0.85457,0.85539,0.853,0.8532,179194.12
1785024000000,0.85382,0.85427,0.85316,0.85345,10721.28
1785110400000,0.85346,0.85595,0.85344,0.85545,164666.62
1785196800000,0.85546,0.8571,0.85451,0.85689,165109.8
1785283200000,0.8569,0.85851,0.85616,0.85784,204851.17
1785369600000,0.85782,0.85858,0.85512,0.85602,233920.97
1785456000000,0.85602,0.85657,0.85422,0.85506,249347.05
1785628800000,0.85544,0.85601,0.85495,0.85561,16101.04
1785715200000,0.85561,0.85731,0.85533,0.85697,167742.45
1785801600000,0.85698,0.85752,0.85603,0.85732,153703.69
1785888000000,0.85732,0.85802,0.85662,0.85799,157487.38
1785974400000,0.858,0.8582,0.85576,0.85646,121752.73
1786060800000,0.85647,0.85796,0.85626,0.85638,141906.92
1786233600000,0.85666,0.85691,0.85613,0.85664,13937.29
1786320000000,0.85664,0.85679,0.85361,0.85455,119813.77
1786406400000,0.85455,0.85508,0.85391,0.85446,132597.53
1786492800000,0.85446,0.8546,0.85285,0.85406,142962.02
1786579200000,0.85406,0.85526,0.85382,0.85494,105678.29
1786665600000,0.85495,0.85509,0.85399,0.85463,104328.4
1786838400000,0.85341,0.85478,0.85341,0.85435,5068.21
1786924800000,0.85435,0.85595,0.8542,0.85475,97798.1
1787011200000,0.85474,0.85598,0.8546,0.85517,99580.67
1787097600000,0.85517,0.85842,0.85508,0.85836,119576.83
1787184000000,0.85837,0.85849,0.85617,0.85664,134249.6
1787270400000,0.85664,0.85761,0.8555,0.8555,128341.8
1787443200000,0.85597,0.8563,0.85552,0.85558,6719.46
1787529600000,0.85559,0.85621,0.85407,0.85555,103682.72
1787616000000,0.85554,0.85616,0.8546,0.8555,108719.83
1787702400000,0.85549,0.85741,0.85519,0.8572,96811.08
1787788800000,0.85721,0.85787,0.85647,0.85707,109097.78
1787875200000,0.85707,0.85765,0.85543,0.85555,119006.27
1788048000000,0.8556,0.85589,0.85524,0.85585,5585.38
1788134400000,0.85587,0.85751,0.85535,0.85749,93671.08
1788220800000,0.85749,0.8578,0.85599,0.85768,102905.28
1788307200000,0.85768,0.85941,0.85676,0.85925,109406.11
1788393600000,0.85924,0.86076,0.85844,0.8595,121221.02
1788480000000,0.85949,0.85976,0.85817,0.8589,117525.48
1788652800000,0.85841,0.85923,0.85832,0.85915,3660.65
1788739200000,0.85914,0.85952,0.85722,0.85831,71755.88
1788825600000,0.85832,0.85885,0.85705,0.85851,81688.11
1788912000000,0.85851,0.8595,0.85799,0.85859,100177.23
1788998400000,0.85858,0.85998,0.85806,0.85939,102638.32
1789084800000,0.85939,0.85966,0.8569,0.8569,116524.17
1789257600000,0.85651,0.85757,0.85651,0.85712,20611.42
1789344000000,0.85714,0.85734,0.85413,0.85534,137594.67
1789430400000,0.85536,0.85668,0.85524,0.85641,121442.46
1789516800000,0.85639,0.85812,0.85577,0.85698,177300.67
1789603200000,0.85698,0.86066,0.85612,0.85917,150679.48
1789689600000,0.85916,0.85943,0.85721,0.85725,157250.55
1789862400000,0.85765,0.85799,0.85703,0.85726,11748.01
1789948800000,0.85726,0.85819,0.85717,0.85747,129358.79
1790035200000,0.85747,0.85828,0.85681,0.85791,168995.48
1790121600000,0.8579,0.85995,0.85766,0.85974,171788.88
1790208000000,0.85973,0.86101,0.8593,0.861,189369.95
1790294400000,0.861,0.86119,0.85969,0.85969,138562.83
1790467200000,0.85972,0.86025,0.85942,0.86009,12440.51
1790553600000,0.8601,0.86021,0.85637,0.85787,169774.61
1790640000000,0.85789,0.85854,0.85643,0.85716,155996.58
1790726400000,0.85717,0.85731,0.8534,0.85393,186051.27
1790812800000,0.85392,0.85472,0.85058,0.85226,250122.77
1790899200000,0.85227,0.85269,0.84946,0.84946,198496.88
1791072000000,0.8501,0.85042,0.84958,0.84983,6781.93
1791158400000,0.84984,0.84993,0.84577,0.84856,194304.06
1791244800000,0.84856,0.8493,0.84742,0.8482,168601.14
