timestamp,open,high,low,close,volume
1609632000000,1.22396,1.22527,1.22296,1.225,6989.462
1609718400000,1.22499,1.23096,1.22385,1.22525,244606.3337
1609804800000,1.22525,1.23056,1.2247,1.22984,193568.31
1609891200000,1.22985,1.23494,1.22655,1.23382,269830.4965
1609977600000,1.23384,1.23443,1.2245,1.22691,195084.4519
1610064000000,1.2269,1.22845,1.21929,1.22174,235964.633
1610236800000,1.22175,1.22284,1.21821,1.2187,15988.9347
1610323200000,1.21869,1.21998,1.21321,1.21605,185504.912
1610409600000,1.21605,1.22097,1.21371,1.22085,157612.4336
1610496000000,1.22087,1.22227,1.21399,1.21619,172759.1305
1610582400000,1.21618,1.21784,1.2111,1.21506,194298.373
1610668800000,1.21505,1.21624,1.20747,1.20748,164729.69
1610841600000,1.20838,1.20865,1.2066,1.20662,5839.6972
1610928000000,1.20661,1.20867,1.20535,1.20776,119422.25
1611014400000,1.20775,1.21448,1.20772,1.21391,178228.6875
1611100800000,1.21392,1.21581,1.20767,1.21144,168179.9125
1611187200000,1.21145,1.2173,1.21093,1.21654,164673.6625
1611273600000,1.21654,1.21894,1.21515,1.21667,139074.2627
1611446400000,1.21688,1.21716,1.21622,1.21668,4778.5141
1611532800000,1.2167,1.21832,1.21158,1.21426,162031.3761
1611619200000,1.21427,1.21758,1.21076,1.21632,146230.405
1611705600000,1.21632,1.21696,1.20585,1.21027,202691.47
1611792000000,1.21028,1.21424,1.20807,1.21209,198588.075
1611878400000,1.21209,1.2156,1.20944,1.21298,191330.835
1612051200000,1.21297,1.21326,1.21204,1.21227,6872.5494
1612137600000,1.21225,1.21363,1.2056,1.20676,165569.82
1612224000000,1.20676,1.20877,1.20115,1.20365,147916.46
1612310400000,1.20365,1.205,1.2004,1.20412,119397.115
1612396800000,1.20413,1.20427,1.19574,1.19662,123758.4372
1612483200000,1.19659,1.20498,1.19522,1.20481,120889.9175
1612656000000,1.20375,1.2055,1.20356,1.20483,15699.0079
1612742400000,1.20484,1.2066,1.20196,1.20522,104199.05
1612828800000,1.20522,1.21218,1.20491,1.21161,133499.03
1612915200000,1.21162,1.2144,1.21088,1.2119,129989.7762
1613001600000,1.21189,1.21494,1.21134,1.21304,88196.3025
1613088000000,1.21306,1.21332,1.20815,1.21177,81669.755
1613260800000,1.21244,1.21251,1.21191,1.21204,3240.6985
1613347200000,1.21206,1.21451,1.21167,1.2132,67330.5
1613433600000,1.21319,1.21693,1.20859,1.2088,122475.055
1613520000000,1.20879,1.20982,1.20232,1.20455,127748.65
1613606400000,1.20454,1.20958,1.20355,1.20917,118499.33
1613692800000,1.20917,1.21444,1.20823,1.21167,118566.995
1613865600000,1.21151,1.21292,1.21141,1.21247,5489.62
1613952000000,1.21246,1.21693,1.20911,1.21638,133388.405
1614038400000,1.21637,1.21801,1.21353,1.21506,123305.625
1614124800000,1.21506,1.21745,1.21092,1.21693,161180.135
1614211200000,1.21696,1.22433,1.21559,1.21577,235388.7535
1614297600000,1.21579,1.21826,1.20621,1.20704,305265.805
1614470400000,1.20702,1.20919,1.20699,1.20903,8260.37
1614556800000,1.20905,1.21011,1.20276,1.20484,153278.155
1614643200000,1.20485,1.20943,1.19916,1.20848,162621.889
1614729600000,1.2085,1.21132,1.20427,1.20464,182492.71
1614816000000,1.20463,1.2063,1.19605,1.19672,215954.635
1614902400000,1.19671,1.19687,1.18932,1.19128,242281.405
1615075200000,1.19177,1.19319,1.19168,1.19263,6671.0675
1615161600000,1.19262,1.19321,1.18442,1.18508,184844.19
1615248000000,1.18509,1.19156,1.18355,1.18967,167708.7303
1615334400000,1.18967,1.19296,1.18688,1.19242,153883.4804
1615420800000,1.19242,1.19899,1.19156,1.19808,153547.7869
1615507200000,1.19809,1.19884,1.19099,1.19476,152735.99
1615680000000,1.19451,1.19542,1.19433,1.195,6576.98
1615766400000,1.19501,1.19674,1.1911,1.19263,121796.1165
1615852800000,1.19263,1.19518,1.18819,1.1902,127974.595
1615939200000,1.19018,1.19873,1.18861,1.19825,137365.5975
1616025600000,1.19827,1.19888,1.19061,1.19174,178340.08
1616112000000,1.19175,1.19371,1.18738,1.19031,135306.28
1616284800000,1.18712,1.189,1.18708,1.18835,7679.4999
1616371200000,1.18837,1.19468,1.18744,1.19322,113512.6425
1616457600000,1.19323,1.19407,1.1836,1.18396,123346.4695
1616544000000,1.18399,1.18508,1.18089,1.18127,126095.37
1616630400000,1.18128,1.18277,1.17617,1.17756,137243.3366
1616716800000,1.17756,1.18049,1.17716,1.17918,94770.24
1616889600000,1.17917,1.17935,1.17855,1.17874,3732.035
1616976000000,1.17874,1.17939,1.17606,1.17685,107822.285
1617062400000,1.17684,1.17737,1.17112,1.17231,101727.79
1617148800000,1.1723,1.17598,1.1704,1.1727,108988.6342
1617235200000,1.17271,1.17825,1.17125,1.17772,100309.915
1617321600000,1.17772,1.17866,1.1749,1.17603,70427.3887
1617494400000,1.17544,1.17678,1.17532,1.17676,5377.8648
1617580800000,1.17674,1.18194,1.17379,1.18169,60541.9605
1617667200000,1.18168,1.18776,1.17951,1.18737,92598.87
1617753600000,1.18737,1.19147,1.18608,1.18723,94196.8687
1617840000000,1.18724,1.19274,1.18609,1.19153,88307.4275
1617926400000,1.19151,1.19201,1.18669,1.18977,83829.32
1618099200000,1.18903,1.19038,1.18901,1.18958,3354.3898
1618185600000,1.18957,1.1919,1.1871,1.19115,79048.37
1618272000000,1.19117,1.19557,1.18776,1.19538,99118.295
1618358400000,1.19541,1.19872,1.19509,1.19832,94040.085
1618444800000,1.1983,1.19932,1.1956,1.19692,88820.2401
1618531200000,1.19692,1.19946,1.19503,1.19805,76098.22
1618704000000,1.19722,1.19771,1.19679,1.19689,3320.6859
1618790400000,1.19688,1.2048,1.19424,1.20424,97833.748
1618876800000,1.20424,1.20797,1.20224,1.20324,97173.22
1618963200000,1.20323,1.20436,1.19985,1.20372,85542.4
1619049600000,1.20372,1.20694,1.19936,1.20143,106768.76
1619136000000,1.20144,1.20999,1.20127,1.20938,80323.62
1619308800000,1.20913,1.20981,1.20888,1.20892,3822.68
1619395200000,1.20893,1.21167,1.20608,1.20793,79990.1457
1619481600000,1.20794,1.20927,1.20567,1.20892,81974.4
1619568000000,1.2089,1.21353,1.2056,1.21348,104873.5329
1619654400000,1.2135,1.21498,1.21021,1.21245,99067.91
1619740800000,1.21243,1.21265,1.20165,1.20169,97894.51
1619913600000,1.20309,1.20328,1.20245,1.20271,2660.9241
1620000000000,1.20272,1.2076,1.2013,1.20588,81052.325
1620086400000,1.2059,1.20598,1.19989,1.20144,108198.115
1620172800000,1.20145,1.20265,1.19859,1.20074,83296.649
1620259200000,1.20076,1.20716,1.19929,1.20651,94613.492
1620345600000,1.20651,1.21713,1.20527,1.21615,128365.69
1620518400000,1.21601,1.21769,1.216,1.21704,5874.595
1620604800000,1.21704,1.21782,1.21271,1.21405,99020.755
1620691200000,1.21406,1.21815,1.2123,1.2144,104612.225
1620777600000,1.21441,1.2152,1.20655,1.20777,164454.885
1620864000000,1.20776,1.2106,1.20514,1.20767,123832.654
1620950400000,1.20768,1.21477,1.20708,1.2142,97519.59
1621123200000,1.2145,1.21511,1.21368,1.21498,2788.83
1621209600000,1.21497,1.21687,1.21259,1.21563,81134.365
1621296000000,1.21561,1.22339,1.21534,1.22223,95033.83
1621382400000,1.22225,1.22451,1.21598,1.21704,122026.234
1621468800000,1.21704,1.223,1.21689,1.22249,91295.29
1621555200000,1.2225,1.22396,1.21607,1.21778,95459.74
1621728000000,1.21778,1.21843,1.21722,1.21805,4772.278
1621814400000,1.21805,1.22298,1.21749,1.2214,79873.031
1621900800000,1.2214,1.22664,1.22113,1.22468,96703.55
1621987200000,1.22468,1.22629,1.2182,1.2192,90989.68
1622073600000,1.2192,1.22149,1.21751,1.21927,86079.32
1622160000000,1.21927,1.22048,1.21325,1.21905,95929.69
1622332800000,1.2199,1.21998,1.2189,1.21892,2690.425
1622419200000,1.21893,1.22343,1.21832,1.22325,58569.8892
1622505600000,1.22325,1.22542,1.2211,1.22174,81726.645
1622592000000,1.22172,1.22265,1.2164,1.22094,77789.705
1622678400000,1.22094,1.22141,1.21181,1.213,97645.145
1622764800000,1.21299,1.21856,1.21039,1.21644,91499.62
1622937600000,1.21601,1.21676,1.21596,1.21666,2331.72
1623024000000,1.21665,1.22017,1.21448,1.21905,56767.002
1623110400000,1.21905,1.21941,1.21642,1.21724,76115.2337
1623196800000,1.21725,1.22179,1.21714,1.21784,53522.5744
1623283200000,1.21782,1.21945,1.21433,1.21725,114796.27
1623369600000,1.21726,1.21929,1.20925,1.21072,76244.2
1623542400000,1.21045,1.21121,1.21027,1.21095,3083.8301
1623628800000,1.21096,1.21305,1.20942,1.21218,56985.045
1623715200000,1.21218,1.21473,1.21013,1.21245,69731.52
1623801600000,1.21246,1.21347,1.19865,1.1995,120454.28
1623888000000,1.19949,1.20062,1.18916,1.1913,137577.72
1623974400000,1.19129,1.19249,1.18472,1.18592,137533.87
1624147200000,1.18542,1.18754,1.18542,1.18705,6660.06
1624233600000,1.18703,1.19213,1.18476,1.19119,111964.715
1624320000000,1.19119,1.19526,1.18808,1.19364,90359.8
1624406400000,1.19364,1.197,1.19113,1.19296,89353.585
1624492800000,1.19297,1.19562,1.19176,1.19278,81788.18
1624579200000,1.19278,1.19751,1.19261,1.19347,73314.33
1624752000000,1.19296,1.19419,1.19296,1.19414,2960.95
1624838400000,1.19415,1.19444,1.19022,1.19286,82983.485
1624924800000,1.19287,1.19295,1.18775,1.19002,87514.895
1625011200000,1.19003,1.1909,1.1845,1.18558,98200.885
1625097600000,1.18559,1.18842,1.18373,1.18457,97891.395
1625184000000,1.18455,1.18741,1.1807,1.18622,93312.29
1625356800000,1.18598,1.18685,1.18555,1.18556,4983.06
1625443200000,1.18556,1.18804,1.18513,1.18624,59904.285
1625529600000,1.18623,1.18951,1.18068,1.18221,98055.2
1625616000000,1.18222,1.18364,1.17815,1.17929,98325.66
1625702400000,1.17928,1.18678,1.17834,1.18463,137221.475
1625788800000,1.18463,1.1881,1.18249,1.1871,95232.41
1625961600000,1.18751,1.18768,1.1865,1.18722,4242.3005
1626048000000,1.18722,1.18802,1.1836,1.18627,75972.6
1626134400000,1.18627,1.18751,1.17721,1.17748,92556.2947
1626220800000,1.17747,1.18387,1.17717,1.18329,80246.91
1626307200000,1.18329,1.18506,1.17962,1.18112,79818.105
1626393600000,1.18114,1.18221,1.17921,1.18047,71386.31
1626566400000,1.18054,1.18138,1.18033,1.18125,2502.4838
1626652800000,1.18125,1.18244,1.17636,1.17917,103838.7457
1626739200000,1.17917,1.18024,1.17555,1.17813,104203.95
1626825600000,1.17811,1.18046,1.17518,1.17922,78190.685
1626912000000,1.17925,1.18304,1.17572,1.17722,115912.6072
1626998400000,1.17722,1.17865,1.17544,1.17683,66091.65
1627171200000,1.17681,1.17743,1.17671,1.17728,1805.3745
1627257600000,1.17729,1.18172,1.17632,1.18047,74770.1976
1627344000000,1.18046,1.18409,1.17698,1.18203,70108.295
1627430400000,1.18205,1.18494,1.17721,1.18454,95631.15
1627516800000,1.18453,1.18942,1.18406,1.18903,65088.6304
1627603200000,1.18902,1.19085,1.18515,1.18667,78399.05
1627776000000,1.18641,1.18694,1.18621,1.18661,1640.0225
1627862400000,1.18662,1.18968,1.18587,1.1874,65757.145
1627948800000,1.18738,1.18932,1.18535,1.18694,60676.2493
1628035200000,1.18693,1.18996,1.18326,1.18371,59235.195
1628121600000,1.18373,1.18572,1.1828,1.18332,52814.69
1628208000000,1.18332,1.18333,1.17543,1.17596,55120.83
1628380800000,1.1758,1.1761,1.17422,1.17474,6173.8
1628467200000,1.17477,1.17689,1.17344,1.1736,48502.48
1628553600000,1.17359,1.17427,1.17095,1.17195,75410.48
1628640000000,1.17195,1.17541,1.17059,1.17417,61035.42
1628726400000,1.17415,1.17481,1.17236,1.17356,45681.19
1628812800000,1.17357,1.18045,1.17302,1.17933,42818.65
1628985600000,1.17934,1.18007,1.17915,1.1794,2797.23
1629072000000,1.17939,1.18006,1.17672,1.17776,43659.31
1629158400000,1.17776,1.17846,1.17017,1.17091,59330.87
1629244800000,1.17092,1.17427,1.16936,1.17026,59219.22
1629331200000,1.17027,1.17041,1.16656,1.16763,63221.79
1629417600000,1.16762,1.17044,1.16638,1.16951,50357.185
1629590400000,1.16935,1.17008,1.16925,1.16968,3915.91
1629676800000,1.16969,1.17501,1.1695,1.17441,55611
1629763200000,1.17439,1.1765,1.17272,1.17526,47142.495
1629849600000,1.17527,1.17745,1.1726,1.17717,59247.81
1629936000000,1.17716,1.17789,1.17458,1.17533,64898.498
1630022400000,1.17534,1.18022,1.17348,1.1791,90960.79
1630195200000,1.17937,1.18003,1.17898,1.17983,1418.27
1630281600000,1.17982,1.18097,1.17827,1.17965,54548.62
1630368000000,1.17961,1.1845,1.17952,1.18098,66283.83
1630454400000,1.18098,1.18571,1.17935,1.18407,63143.895
1630540800000,1.18407,1.1876,1.18342,1.18736,49871
1630627200000,1.18736,1.1909,1.18655,1.18773,71338.23
1630800000000,1.1876,1.18862,1.1876,1.18854,1582.24
1630886400000,1.18854,1.18857,1.18557,1.18731,41182.8825
1630972800000,1.1873,1.18851,1.18358,1.18429,68103.2085
1631059200000,1.18428,1.18511,1.18019,1.18188,77623.41
1631145600000,1.18186,1.18412,1.18051,1.1823,81298.655
1631232000000,1.1823,1.1851,1.18092,1.18101,64082.67
1631404800000,1.18111,1.18157,1.18087,1.18115,1815.18
1631491200000,1.18114,1.18169,1.177,1.18096,59781.95
1631577600000,1.18095,1.18458,1.18,1.18023,70351.0985
1631664000000,1.18024,1.18318,1.17991,1.1819,68102.12
1631750400000,1.18189,1.18204,1.17504,1.17648,67633.6275
1631836800000,1.17647,1.17888,1.17235,1.17239,69247.26
1632009600000,1.17288,1.17305,1.17232,1.17292,1296.62
1632096000000,1.17293,1.17364,1.17001,1.17266,85294.275
1632182400000,1.17267,1.17486,1.17147,1.17228,69831.5867
1632268800000,1.17228,1.17555,1.16843,1.1687,84003.43
1632355200000,1.16871,1.175,1.16834,1.17398,79458.48
1632441600000,1.17397,1.17476,1.17005,1.17181,56255.98
1632614400000,1.17253,1.17261,1.1716,1.17224,4061.73
1632700800000,1.17224,1.1725,1.16846,1.16956,110005.98
1632787200000,1.16956,1.17031,1.16682,1.1686,115357.91
1632873600000,1.16858,1.169,1.15894,1.16014,108726.13
1632960000000,1.16015,1.16096,1.15624,1.15736,101703.31
1633046400000,1.15735,1.16072,1.15628,1.15923,88879.7
1633219200000,1.15954,1.1611,1.15931,1.16065,3242.17
1633305600000,1.16065,1.164,1.15876,1.1616,75420.315
1633392000000,1.16161,1.16198,1.15804,1.15955,71096.865
1633478400000,1.15954,1.15977,1.15291,1.15549,90764.865
1633564800000,1.15548,1.1572,1.15474,1.15592,57539.66
1633651200000,1.15591,1.15861,1.15413,1.15721,68510.97
1633824000000,1.15674,1.15759,1.15636,1.15653,2478.44
1633910400000,1.15655,1.15867,1.15478,1.15532,54960.925
1633996800000,1.15533,1.15703,1.15242,1.15304,64930.78
1634083200000,1.15305,1.15994,1.15299,1.15968,77197.06
1634169600000,1.15966,1.16242,1.15839,1.15903,94220.01
1634256000000,1.15903,1.16185,1.15881,1.15983,90915.49
1634428800000,1.15903,1.16052,1.15903,1.15963,3638.58
1634515200000,1.15965,1.16223,1.15717,1.16131,69977.19
1634601600000,1.16133,1.16693,1.1613,1.16313,60866.725
1634688000000,1.16313,1.16586,1.16168,1.16523,62795.4
1634774400000,1.16522,1.16674,1.16194,1.16246,74249.42
1634860800000,1.16249,1.16556,1.1621,1.16395,107175.35
1635033600000,1.16382,1.1645,1.16356,1.16391,1844.38
1635120000000,1.16393,1.16649,1.15907,1.16087,74192.5443
1635206400000,1.16087,1.16257,1.15848,1.15962,66809.6625
1635292800000,1.15962,1.16259,1.15849,1.15982,77705.88
1635379200000,1.15984,1.16921,1.15821,1.16821,108857.025
1635465600000,1.16821,1.16899,1.1535,1.15529,96377.06
1635638400000,1.15576,1.15642,1.15553,1.15562,2837.03
1635724800000,1.15562,1.1609,1.1546,1.15995,76937.765
1635811200000,1.15996,1.16133,1.15751,1.1579,69798.1758
1635897600000,1.1579,1.16164,1.15622,1.16152,100237.7485
1635984000000,1.16152,1.1616,1.15282,1.15552,85742.4242
1636070400000,1.15553,1.15731,1.15132,1.15631,90782.56
1636243200000,1.15566,1.15698,1.15559,1.15682,7957.75
1636329600000,1.15681,1.15949,1.15503,1.15877,57902.155
1636416000000,1.15877,1.16087,1.15698,1.1594,68638.975
1636502400000,1.1594,1.15952,1.14759,1.14856,101928.19
1636588800000,1.14856,1.14875,1.14428,1.14474,68505.25
1636675200000,1.14477,1.1462,1.14328,1.14413,68731.895
1636848000000,1.14473,1.14473,1.14411,1.14412,1091.1756
1636934400000,1.1441,1.14638,1.13562,1.13668,77609.375
1637020800000,1.1367,1.13856,1.13089,1.13179,90616.205
1637107200000,1.1318,1.13321,1.12635,1.13178,84537.765
1637193600000,1.13178,1.1374,1.13137,1.13676,79078.5504
1637280000000,1.13677,1.13692,1.12499,1.12794,115105.51
1637452800000,1.12873,1.12907,1.12715,1.12752,2796.006
1637539200000,1.12752,1.12904,1.12306,1.12417,96423.745
1637625600000,1.12415,1.1275,1.12259,1.12445,95128.68
1637712000000,1.12444,1.12552,1.11859,1.12025,100446.485
1637798400000,1.12025,1.12296,1.12025,1.12091,52743.0766
1637884800000,1.12091,1.13301,1.12067,1.13071,135977.9859
1638057600000,1.13004,1.13134,1.12803,1.12925,7123.8736
1638144000000,1.12925,1.13003,1.12583,1.12925,97294.98
1638230400000,1.12925,1.13828,1.12349,1.13299,162822.825
1638316800000,1.13298,1.13596,1.13025,1.13187,116507.995
1638403200000,1.13189,1.13476,1.12953,1.13057,86957.285
1638489600000,1.13057,1.13333,1.12665,1.13117,120087.5
1638662400000,1.13046,1.13129,1.13014,1.1304,4161.65
1638748800000,1.1304,1.13101,1.12663,1.12834,74957.935
1638835200000,1.12833,1.12984,1.12275,1.12723,69268.929
1638921600000,1.12725,1.13547,1.12667,1.13441,86371.81
1639008000000,1.13441,1.13442,1.12783,1.12936,60460.825
1639094400000,1.12935,1.13239,1.12651,1.13146,72798.04
1639267200000,1.131,1.13192,1.13038,1.13106,2021.22
1639353600000,1.13106,1.1314,1.126,1.12834,71885.445
1639440000000,1.12834,1.13238,1.12535,1.12575,79117.445
1639526400000,1.12575,1.12991,1.12215,1.12902,114363.5
1639612800000,1.12903,1.13603,1.12811,1.13336,81915.0125
1639699200000,1.13335,1.13488,1.1235,1.1237,71973.485
1639872000000,1.12371,1.12439,1.12344,1.12428,1881.89
1639958400000,1.12426,1.13037,1.12363,1.12771,69729.605
1640044800000,1.12771,1.13026,1.12607,1.12871,62656.7536
1640131200000,1.12872,1.13423,1.12644,1.13265,62054.835
1640217600000,1.13263,1.13422,1.129,1.13228,67964.062
1640304000000,1.13227,1.13433,1.13031,1.13102,192166.5753
1640476800000,1.13101,1.1326,1.13076,1.13231,2786.4967
1640563200000,1.13233,1.13344,1.13028,1.13294,38860.35
1640649600000,1.13293,1.13331,1.12895,1.1313,44411.8491
1640736000000,1.13131,1.13688,1.12737,1.13595,66789.935
1640822400000,1.13595,1.13597,1.12984,1.13222,55366.06
1640908800000,1.13219,1.13863,1.13032,1.13667,48312.07
1641081600000,1.1369,1.13782,1.13649,1.13727,2816.3684
1641168000000,1.13726,1.13755,1.12797,1.13017,83782.2
1641254400000,1.13016,1.13224,1.12721,1.12827,101693.5775
1641340800000,1.12826,1.13463,1.12769,1.13105,97800.3525
1641427200000,1.13104,1.13318,1.12845,1.12949,108688.455
1641513600000,1.12947,1.13647,1.12899,1.13593,83255.735
1641686400000,1.13515,1.13602,1.13497,1.13534,4986.0583
1641772800000,1.13533,1.1358,1.12847,1.13299,88736.635
1641859200000,1.13297,1.13752,1.1313,1.13658,67545.03
1641945600000,1.13657,1.14526,1.13547,1.14394,79072.805
1642032000000,1.14393,1.14817,1.14357,1.14564,72076.17
1642118400000,1.14564,1.14827,1.13984,1.1409,75134.1014
1642291200000,1.14118,1.14156,1.14056,1.14112,2648.6
1642377600000,1.14111,1.14344,1.13917,1.141,48767.285
1642464000000,1.14099,1.14214,1.13146,1.13286,89386.6325
1642550400000,1.13289,1.13571,1.13187,1.13429,71207.76
1642636800000,1.13427,1.13688,1.13031,1.13128,76293.315
1642723200000,1.13129,1.13596,1.13009,1.13418,70294.93
1642896000000,1.13396,1.1345,1.13365,1.13409,3555.84
1642982400000,1.1341,1.1341,1.12904,1.13236,101149.545
1643068800000,1.13235,1.1324,1.12631,1.13028,82894.312
1643155200000,1.13028,1.13107,1.12354,1.12405,103115.85
1643241600000,1.12405,1.12432,1.11312,1.11445,107559.7
1643328000000,1.11446,1.11735,1.11213,1.1145,107494.82
1643500800000,1.11422,1.11524,1.1138,1.11519,2783.23
1643587200000,1.11519,1.12478,1.1144,1.12292,97010.79
1643673600000,1.12293,1.12786,1.12209,1.1273,86148.94
1643760000000,1.12728,1.133,1.12665,1.12992,69272.662
1643846400000,1.12992,1.14514,1.12672,1.14355,130913.47
1643932800000,1.14352,1.14837,1.14115,1.14477,104207.63
1644105600000,1.14638,1.14646,1.14513,1.14544,2999.39
1644192000000,1.14545,1.14587,1.14151,1.1441,89963.867
1644278400000,1.14411,1.14487,1.13961,1.14205,76737.462
1644364800000,1.14208,1.14477,1.14024,1.14211,67298.49
1644451200000,1.14211,1.14948,1.13748,1.14112,119376.69
1644537600000,1.1411,1.1418,1.13296,1.13463,131907.95
1644710400000,1.13369,1.13672,1.13365,1.13643,11039.1737
1644796800000,1.13642,1.1369,1.12799,1.13056,119558.13
1644883200000,1.13057,1.13681,1.13031,1.13551,93222.83
1644969600000,1.1355,1.13957,1.13449,1.13728,86250.15
1645056000000,1.13726,1.1386,1.1323,1.13637,120507.1561
1645142400000,1.13636,1.13769,1.1314,1.13203,84897.65
1645315200000,1.13186,1.13253,1.13131,1.13164,4043.8445
1645401600000,1.1317,1.13905,1.12963,1.13092,78902.17
1645488000000,1.13092,1.13667,1.1288,1.13287,110971.43
1645574400000,1.13286,1.13588,1.13001,1.13053,70139.2664
1645660800000,1.13055,1.1306,1.11062,1.11905,224361.485
1645747200000,1.11906,1.12739,1.11659,1.12719,142601.25
1645920000000,1.11237,1.11882,1.11225,1.118,27451.53
1646006400000,1.11801,1.12464,1.11421,1.12141,172332.2
1646092800000,1.1214,1.12329,1.10896,1.11322,142121.025
1646179200000,1.11321,1.11437,1.10573,1.11123,167074.1639
1646265600000,1.11119,1.11152,1.10334,1.10656,108914.71
1646352000000,1.10656,1.10665,1.08856,1.09311,160056.4075
1646524800000,1.09199,1.09287,1.08634,1.08736,11048
1646611200000,1.08734,1.09325,1.08059,1.0866,240241.0416
1646697600000,1.0866,1.09582,1.08489,1.08978,204118.2
1646784000000,1.08984,1.10951,1.08965,1.10733,137082.8099
1646870400000,1.10732,1.11212,1.0976,1.10133,176460.08
1646956800000,1.10132,1.10435,1.09018,1.09099,170900.28
1647129600000,1.09205,1.09387,1.09099,1.09316,10330.4257
1647216000000,1.09317,1.09938,1.09005,1.09426,193947.22
1647302400000,1.09426,1.10196,1.0926,1.09667,230290.774
1647388800000,1.09668,1.10466,1.095,1.10214,247695.07
1647475200000,1.10216,1.11375,1.10201,1.1099,156209.25
1647561600000,1.10991,1.11186,1.1003,1.10492,158708.8
1647734400000,1.10561,1.10584,1.10408,1.10424,7806.052
1647820800000,1.10423,1.10701,1.10102,1.10167,147074.54
1647907200000,1.10166,1.10457,1.09608,1.10293,216645.2862
1647993600000,1.10296,1.10397,1.09639,1.10058,154713.3424
1648080000000,1.10058,1.10136,1.09659,1.10083,169420.2917
1648166400000,1.10086,1.10376,1.09797,1.09805,200813.5225
1648339200000,1.09845,1.09869,1.09772,1.09812,11802.06
1648425600000,1.09814,1.09995,1.09446,1.09911,206053.02
1648512000000,1.09911,1.1137,1.0969,1.10909,271959.3786
1648598400000,1.1091,1.1171,1.10878,1.11613,275576.16
1648684800000,1.11611,1.11848,1.10608,1.10726,186689.66
1648771200000,1.10727,1.10757,1.10279,1.10427,185489.52
1648944000000,1.10301,1.10456,1.10301,1.10454,3377.119
1649030400000,1.10458,1.10544,1.09603,1.09749,91184.0456
1649116800000,1.09748,1.09886,1.09,1.09058,84877.59
1649203200000,1.09058,1.09379,1.08745,1.08975,131970.29
1649289600000,1.08975,1.09383,1.08602,1.0864,183585.428
1649376000000,1.08638,1.08917,1.08364,1.08744,114940.65
1649548800000,1.09202,1.09202,1.08841,1.08841,10483.9938
1649635200000,1.08842,1.09332,1.08727,1.08769,133205.601
1649721600000,1.08769,1.09036,1.08211,1.0826,232661.55
1649808000000,1.08259,1.08973,1.08088,1.0895,219749.3108
1649894400000,1.08951,1.09233,1.07575,1.08209,290588.8726
1649980800000,1.08211,1.08236,1.07964,1.08057,146622.2726
1650153600000,1.08029,1.08216,1.08009,1.08139,18369.93
1650240000000,1.08138,1.08156,1.07698,1.07799,146901.7662
1650326400000,1.07799,1.08145,1.0761,1.07941,191619.3
1650412800000,1.07942,1.0867,1.07838,1.08493,157752.4998
1650499200000,1.08491,1.09362,1.08234,1.08349,245183.441
1650585600000,1.08349,1.08515,1.07707,1.07947,212066.48
1650758400000,1.08041,1.08153,1.0796,1.08093,13955.3554
1650844800000,1.08093,1.08119,1.06966,1.07124,287526.294
1650931200000,1.07124,1.07386,1.06348,1.06424,228761.998
1651017600000,1.06425,1.06546,1.05145,1.05541,252843.84
1651104000000,1.05541,1.05647,1.0471,1.05029,273854.32
1651190400000,1.05032,1.05928,1.05019,1.05409,218584.6976
1651363200000,1.05444,1.05597,1.05343,1.05349,22358.041
1651449600000,1.05347,1.05682,1.04901,1.05096,249807.11
1651536000000,1.05095,1.05776,1.04921,1.05251,218568.32
1651622400000,1.05252,1.06309,1.05059,1.06202,310246.86
1651708800000,1.06206,1.06417,1.04925,1.05394,319134.66
1651795200000,1.05394,1.05988,1.04826,1.05452,379182.1
1651968000000,1.05398,1.05426,1.05307,1.0532,12168.63
1652054400000,1.05319,1.05924,1.04951,1.05631,248349.18
1652140800000,1.05633,1.05852,1.05253,1.05289,229402.8836
1652227200000,1.05289,1.05771,1.05017,1.05117,321295.28
1652313600000,1.05116,1.05292,1.03539,1.03784,352489.09
1652400000000,1.03783,1.04195,1.03496,1.04116,146726.01
1652572800000,1.03952,1.04138,1.03906,1.0398,15217.8984
1652659200000,1.03984,1.0443,1.03889,1.0439,194208.2
1652745600000,1.0439,1.05556,1.04318,1.05487,237872.24
1652832000000,1.05485,1.05636,1.04597,1.04729,143223.43
1652918400000,1.04729,1.0607,1.0465,1.05795,271508.53
1653004800000,1.05795,1.0599,1.05328,1.0561,178569.45
1653177600000,1.05601,1.05777,1.05552,1.05689,17368.37
1653264000000,1.05688,1.06973,1.05679,1.06837,217196.76
1653350400000,1.06836,1.07485,1.06608,1.07326,162452.17
1653436800000,1.07326,1.07365,1.06421,1.06869,180347.0153
1653523200000,1.06866,1.07344,1.06624,1.07324,154686.47
1653609600000,1.07324,1.0765,1.06968,1.07317,131310.91
1653782400000,1.07347,1.0736,1.07261,1.0729,8193.33
1653868800000,1.07291,1.07867,1.07267,1.07729,135166.83
1653955200000,1.07731,1.07744,1.06789,1.0734,242933.94
1654041600000,1.0734,1.07393,1.06271,1.06509,174077.82
1654128000000,1.06509,1.0751,1.06447,1.075,125109.17
1654214400000,1.075,1.07643,1.0704,1.07169,105040.33
1654387200000,1.07167,1.07298,1.07117,1.07252,8368.6701
1654473600000,1.07254,1.07518,1.06838,1.06896,121397.77
1654560000000,1.06896,1.07142,1.06519,1.06972,171174.48
1654646400000,1.06975,1.07484,1.06713,1.07168,149952.68
1654732800000,1.07168,1.07738,1.0611,1.0619,244857.24
1654819200000,1.0619,1.06422,1.05057,1.05137,182108.09
1654992000000,1.0513,1.05201,1.04861,1.04907,29199.9858
1655078400000,1.04907,1.04955,1.03997,1.04148,267660.39
1655164800000,1.04148,1.04846,1.0397,1.04367,254901.19
1655251200000,1.04368,1.05077,1.0359,1.04573,389854.7189
1655337600000,1.04573,1.06014,1.03808,1.05464,331903.33
1655424000000,1.05465,1.0552,1.04444,1.04934,272412.06
1655596800000,1.04731,1.04926,1.04729,1.04898,6417.232
1655683200000,1.04897,1.05458,1.04848,1.05172,158781.75
1655769600000,1.05173,1.05824,1.05131,1.05312,177035.02
1655856000000,1.05311,1.06057,1.04687,1.05646,241049.032
1655942400000,1.05646,1.0581,1.04826,1.05192,292499.45
1656028800000,1.05192,1.05712,1.0512,1.05519,150660.6
1656201600000,1.05479,1.05746,1.05457,1.05665,13871.31
1656288000000,1.05665,1.0615,1.05502,1.05797,197796.9
1656374400000,1.05797,1.06061,1.05032,1.0522,276169.01
1656460800000,1.05219,1.05354,1.04352,1.04456,304391.2404
1656547200000,1.04456,1.04887,1.03824,1.04783,261501.595
1656633600000,1.04783,1.04783,1.03658,1.04262,165758.9
1656806400000,1.04174,1.0437,1.04142,1.04322,7595.94
1656892800000,1.04322,1.04627,1.0417,1.04326,166751.04
1656979200000,1.04325,1.04485,1.0235,1.02565,287939.83
1657065600000,1.02564,1.02765,1.01614,1.01843,259766.944
1657152000000,1.01841,1.02209,1.01439,1.01683,117532.07
1657238400000,1.01682,1.01912,1.0072,1.01822,222545.81
1657411200000,1.01697,1.01834,1.01648,1.01672,6178.7531
1657497600000,1.01674,1.01675,1.00336,1.00458,305613.43
1657584000000,1.00456,1.00738,0.99999,1.003,340173.65
1657670400000,1.003,1.01222,0.99979,1.00342,391916.128
1657756800000,1.00341,1.00503,0.99521,1.00263,482193.29
1657843200000,1.00263,1.00979,1.00068,1.00821,251956.27
1658016000000,1.00811,1.00978,1.00785,1.00972,7999.49
1658102400000,1.00972,1.02011,1.00812,1.01463,227759.52
1658188800000,1.01464,1.0269,1.01195,1.02307,284255.71
1658275200000,1.02308,1.02729,1.01553,1.01807,216206.19
1658361600000,1.01808,1.02781,1.01531,1.022,297965.434
1658448000000,1.022,1.02553,1.01297,1.02119,322511.02
1658620800000,1.02083,1.02185,1.01989,1.01991,15456.23
1658707200000,1.01992,1.02578,1.01784,1.02229,311380.78
1658793600000,1.02229,1.025,1.01074,1.01285,262714.4
1658880000000,1.01285,1.02206,1.00966,1.02052,253451.1505
1658966400000,1.02052,1.02343,1.01138,1.01918,307912.47
1659052800000,1.0192,1.02542,1.0146,1.02248,420713.9
1659225600000,1.02098,1.0224,1.02053,1.02102,22907.7874
1659312000000,1.02102,1.02751,1.02075,1.02627,531573.295
1659398400000,1.02629,1.02939,1.01545,1.01563,646780.82
1659484800000,1.01562,1.02102,1.01226,1.01565,615301.26
1659571200000,1.01563,1.02537,1.01542,1.02472,464582.03
1659657600000,1.02472,1.02482,1.01415,1.01825,376920.31
1659830400000,1.01726,1.01786,1.01691,1.01719,8896.79
1659916800000,1.01718,1.02217,1.0159,1.01978,229718.11
1660003200000,1.01976,1.02472,1.01885,1.02079,248252.98
1660089600000,1.02077,1.03685,1.0202,1.02986,430065.34
1660176000000,1.02986,1.03642,1.02752,1.03203,481441.44
1660262400000,1.03202,1.03251,1.0238,1.0259,399294.08
1660435200000,1.02551,1.02629,1.02534,1.02534,14567.78
1660521600000,1.02533,1.02682,1.01533,1.01613,402592.06
1660608000000,1.01614,1.01948,1.01225,1.01694,420079.17
1660694400000,1.01696,1.02029,1.01453,1.01773,433023.99
1660780800000,1.01774,1.01929,1.00795,1.00893,393069.9922
1660867200000,1.00893,1.00954,1.00318,1.00326,371412.24
1661040000000,1.00366,1.00404,1.00302,1.0036,24606.22
1661126400000,1.00361,1.00466,0.9926,0.9938,417896.689
1661212800000,0.99381,1.00181,0.99002,0.99662,525663.02
1661299200000,0.99661,0.99993,0.99099,0.99677,470321.65
1661385600000,0.99677,1.00334,0.9949,0.99706,498651.15
1661472000000,0.99704,1.00898,0.99463,0.99623,418092.43
1661644800000,0.99657,0.9967,0.99349,0.99359,27554.48
1661731200000,0.99362,1.00291,0.99141,1.00107,408628.93
1661817600000,1.00105,1.00547,0.99818,1.00234,539462.41
1661904000000,1.00233,1.0079,0.99712,1.0038,558629.52
1661990400000,1.0038,1.00485,0.99107,0.99514,533883.47
1662076800000,0.99515,1.00335,0.99449,0.99515,537444.43
1662249600000,0.99285,0.99347,0.9903,0.99077,31957.733
1662336000000,0.99075,0.99518,0.98772,0.995,392830.576
1662422400000,0.99501,0.99862,0.98638,0.9897,611605.5
1662508800000,0.98971,1.00128,0.98756,0.99976,527865.9
1662595200000,0.99981,1.00294,0.99303,1.00097,512439.26
1662681600000,1.00096,1.01131,1.00083,1.00425,346953
1662854400000,1.01039,1.01039,1.00596,1.00702,23794.68
1662940800000,1.00703,1.01977,1.00629,1.0129,387476.29
1663027200000,1.0129,1.0187,0.99554,0.99778,549671.336
1663113600000,0.99779,1.00234,0.99595,0.9982,635055.57
1663200000000,0.99819,1.00177,0.99556,0.99874,491298.74
1663286400000,0.99876,1.00363,0.99448,1.00146,493561.86
1663459200000,1.00072,1.00285,1.00047,1.0022,18417.5
1663545600000,1.00219,1.00322,0.99657,1.00297,382032.55
1663632000000,1.00297,1.00504,0.9955,0.9971,427114.362
1663718400000,0.9971,0.9975,0.98128,0.98313,652419.3
1663804800000,0.98316,0.99074,0.9808,0.98383,784096.2
1663891200000,0.98384,0.98517,0.9668,0.96885,704859.69
1664064000000,0.96666,0.97098,0.96666,0.96855,33420.79
1664150400000,0.96854,0.97013,0.95503,0.962,1023484.52
1664236800000,0.96201,0.96707,0.95689,0.95953,687162.78
1664323200000,0.95953,0.97508,0.95357,0.97054,964531.16
1664409600000,0.97055,0.98437,0.96353,0.98291,712695.99
1664496000000,0.98292,0.98537,0.97346,0.98013,555819.61
1664668800000,0.97933,0.98086,0.97891,0.97932,29276.65
1664755200000,0.97931,0.98445,0.97525,0.98334,702902.12
1664841600000,0.98335,0.99995,0.9806,0.99836,585299.0124
1664928000000,0.99839,0.99947,0.98346,0.99116,551133.73
1665014400000,0.99115,0.99264,0.97862,0.97888,715901.003
1665100800000,0.97888,0.98167,0.97259,0.97388,638962.33
1665273600000,0.97336,0.97395,0.97274,0.97342,28964.7
1665360000000,0.97343,0.97531,0.96815,0.9711,487474.81
1665446400000,0.97112,0.97745,0.96698,0.97004,779376.8
1665532800000,0.97004,0.97346,0.96678,0.97046,759747.56
1665619200000,0.97046,0.98057,0.96315,0.97671,792624.07
1665705600000,0.97669,0.98086,0.9707,0.97182,788521.12
1665878400000,0.97201,0.9743,0.97182,0.97395,33260.92
1665964800000,0.97395,0.9852,0.97197,0.98435,640690.92
1666051200000,0.98434,0.98755,0.98124,0.98625,706946.5
1666137600000,0.98625,0.98667,0.97571,0.97652,669104.57
1666224000000,0.97653,0.98454,0.97544,0.97782,713252.75
1666310400000,0.97785,0.98689,0.97048,0.98613,880018.3
1666483200000,0.98712,0.9899,0.98308,0.98595,85661.54
1666569600000,0.98594,0.98935,0.98067,0.98842,871401.68
1666656000000,0.98842,0.99768,0.98484,0.99616,672168.93
1666742400000,0.99617,1.00934,0.99434,1.00932,653239.5
1666828800000,1.00932,1.00934,0.99575,0.99668,603275.36
1666915200000,0.99668,0.9998,0.99265,0.99631,611405.01
1667088000000,0.99464,0.9962,0.99454,0.99543,30263.8393
1667174400000,0.99543,0.99656,0.98717,0.98856,450843.4
1667260800000,0.98856,0.99539,0.98527,0.98772,409025.53
1667347200000,0.98772,0.99757,0.98098,0.98138,586630.61
1667433600000,0.98141,0.98394,0.97299,0.97488,594813.91
1667520000000,0.97491,0.99664,0.97472,0.9956,635651.65
1667692800000,0.99036,0.99446,0.99001,0.99281,37536.43
1667779200000,0.99282,1.0034,0.99175,1.00173,584552.48
1667865600000,1.00172,1.00963,0.99715,1.00804,524208.66
1667952000000,1.00804,1.0088,0.99927,1.0019,619189.84
1668038400000,1.0019,1.02218,0.99354,1.01914,702955.48
1668124800000,1.01915,1.0364,1.0163,1.03538,649651.68
1668297600000,1.03354,1.03411,1.03141,1.03266,27155.27
1668384000000,1.03266,1.03584,1.02713,1.03196,630287.9
1668470400000,1.03196,1.04808,1.02799,1.03572,858243.29
1668556800000,1.03574,1.04384,1.03307,1.03932,830625.75
1668643200000,1.03933,1.04065,1.03051,1.03607,603557.27
1668729600000,1.03606,1.03959,1.03134,1.03235,532628.29
1668902400000,1.03227,1.0333,1.03213,1.03304,17527.86
1668988800000,1.03304,1.03327,1.02227,1.0245,569675.33
1669075200000,1.02451,1.03106,1.02417,1.03104,496679.22
1669161600000,1.03105,1.04191,1.02963,1.04175,598475.68
1669248000000,1.04178,1.04484,1.03816,1.04074,449358.62
1669334400000,1.04074,1.04291,1.03546,1.03926,468115.58
1669507200000,1.03716,1.03809,1.03653,1.03666,18148.3
1669593600000,1.03667,1.04967,1.033,1.03433,458326.1
1669680000000,1.03432,1.03942,1.03188,1.03235,673293.75
1669766400000,1.03234,1.04299,1.029,1.04229,746345.264
1669852800000,1.04228,1.05393,1.03929,1.05278,774293.64
1669939200000,1.05278,1.05448,1.0428,1.05325,680635.54
1670112000000,1.05303,1.05436,1.05303,1.05433,17032.17
1670198400000,1.05437,1.05948,1.048,1.04963,572656.08
1670284800000,1.04966,1.05326,1.04591,1.04671,607321.44
1670371200000,1.04671,1.05496,1.04431,1.05117,590705.24
1670457600000,1.05118,1.05647,1.04895,1.05555,527450.39
1670544000000,1.05554,1.05881,1.05027,1.05316,507626.71
1670716800000,1.05264,1.05372,1.05179,1.05209,12888.04
1670803200000,1.05209,1.058,1.05057,1.05413,425951.11
1670889600000,1.05412,1.06731,1.05278,1.06242,501172.42
1670976000000,1.06241,1.0695,1.06187,1.06757,535307.442
1671062400000,1.06758,1.07361,1.05921,1.06385,538041.59
1671148800000,1.06386,1.0663,1.05839,1.05839,457650.95
1671321600000,1.05895,1.05959,1.05824,1.05842,23419.33
1671408000000,1.05842,1.06578,1.05757,1.06121,351935.42
1671494400000,1.0612,1.06584,1.05788,1.0625,590165
1671580800000,1.0625,1.06455,1.05901,1.06077,402207.9
1671667200000,1.06077,1.06593,1.0573,1.0601,383312.47
1671753600000,1.0601,1.06328,1.05867,1.06172,375076.92
1671926400000,1.06114,1.06237,1.06064,1.06191,4623.65
1672012800000,1.06196,1.06459,1.05979,1.06397,52254.73
1672099200000,1.06398,1.06694,1.06113,1.06369,281483.94
1672185600000,1.06369,1.06742,1.06065,1.06288,349688.48
1672272000000,1.06287,1.06902,1.06109,1.06601,316411.33
1672358400000,1.06602,1.07131,1.06385,1.07026,393454.318
1672531200000,1.0697,1.07066,1.06788,1.07005,7410.38
1672617600000,1.07007,1.07087,1.06499,1.06765,132616.06
1672704000000,1.06764,1.06801,1.05194,1.05455,524145.77
1672790400000,1.05453,1.06354,1.0545,1.06061,429927.24
1672876800000,1.06058,1.06314,1.05148,1.05208,455223.66
1672963200000,1.05209,1.0648,1.04823,1.06413,432905.04
1673136000000,1.06406,1.06628,1.06381,1.06627,14276.54
1673222400000,1.06628,1.07605,1.06513,1.07326,409019.09
1673308800000,1.07324,1.07592,1.07119,1.07382,404914.79
1673395200000,1.07383,1.07762,1.07254,1.07652,402476.8
1673481600000,1.07652,1.08668,1.07297,1.08595,640656.85
1673568000000,1.08595,1.08679,1.07803,1.08302,480450.83
1673740800000,1.08288,1.0835,1.08201,1.08225,12216.62
1673827200000,1.08224,1.08741,1.08013,1.08294,296384.85
1673913600000,1.08294,1.08693,1.07744,1.07893,489717.3
1674000000000,1.07891,1.08873,1.07661,1.07972,365147.58
1674086400000,1.07974,1.08398,1.07821,1.08333,211439.65
1674172800000,1.08332,1.08587,1.08022,1.08549,156504.04
1674345600000,1.08678,1.08696,1.08611,1.08643,11689.1875
1674432000000,1.08639,1.09267,1.08461,1.08711,177250
1674518400000,1.08711,1.08978,1.08349,1.08897,320408.13
1674604800000,1.08899,1.09236,1.08571,1.09206,390895.74
1674691200000,1.09206,1.09293,1.08505,1.0893,370194.09
1674777600000,1.0893,1.09001,1.08377,1.08649,300754.27
1674950400000,1.08643,1.08724,1.08595,1.08717,3631.56
1675036800000,1.08718,1.09137,1.08389,1.08499,208046.3375
1675123200000,1.085,1.08747,1.08019,1.08606,309289.73
1675209600000,1.08605,1.10327,1.0852,1.10124,460773.57
1675296000000,1.10123,1.10266,1.08851,1.09043,479788.59
1675382400000,1.09044,1.09399,1.07924,1.07929,509132.07
1675555200000,1.0782,1.07981,1.07817,1.07891,17048.275
1675641600000,1.0789,1.07987,1.07092,1.07289,367723.49
1675728000000,1.07288,1.07664,1.0669,1.07301,497537.76
1675814400000,1.07303,1.07607,1.07092,1.07151,341167.37
1675900800000,1.07152,1.07907,1.07093,1.0739,344332.7
1675987200000,1.07391,1.07525,1.06661,1.06754,401909.41
1676160000000,1.06808,1.06821,1.06708,1.06771,9208.85
1676246400000,1.06771,1.07322,1.06553,1.07308,316037.45
1676332800000,1.07308,1.08044,1.07066,1.0735,544867.47
1676419200000,1.07351,1.07443,1.06604,1.06912,441191.39
1676505600000,1.06913,1.07222,1.06544,1.06653,451026.14
1676592000000,1.06653,1.06982,1.06126,1.06929,406117.055
1676764800000,1.06849,1.06933,1.06822,1.06838,16735.32
1676851200000,1.0684,1.07044,1.06701,1.06821,221425.52
1676937600000,1.06821,1.0698,1.06372,1.06512,444103.51
1677024000000,1.06513,1.06638,1.05989,1.06053,374775.48
1677110400000,1.06053,1.06275,1.05769,1.05972,380038.89
1677196800000,1.05973,1.06141,1.05359,1.0545,468216.36
1677369600000,1.05451,1.0555,1.05439,1.05533,6401.74
1677456000000,1.05533,1.06198,1.05328,1.06094,331453.59
1677542400000,1.06094,1.06451,1.05726,1.05766,316241.19
1677628800000,1.05767,1.06913,1.05651,1.06684,463407.22
1677715200000,1.06684,1.06726,1.05764,1.05983,431361.31
1677801600000,1.05982,1.06384,1.05882,1.06337,363851.54
1677974400000,1.06228,1.06288,1.06228,1.06254,8875.97
1678060800000,1.06255,1.06942,1.06219,1.06854,333209.29
1678147200000,1.06853,1.06943,1.0546,1.05481,464536.97
1678233600000,1.05482,1.05738,1.05241,1.05488,401590.94
1678320000000,1.05488,1.0591,1.05378,1.05856,361174.2
1678406400000,1.05855,1.07004,1.05738,1.06387,574189.01
1678579200000,1.06808,1.0703,1.0674,1.0681,47134.832
1678665600000,1.06811,1.07484,1.065,1.07228,757345.06
1678752000000,1.07228,1.07494,1.06787,1.07267,579266.37
1678838400000,1.07267,1.07597,1.05158,1.05814,683847.15
1678924800000,1.05814,1.06353,1.0551,1.06135,609332.77
1679011200000,1.06136,1.06852,1.06116,1.06647,329402.585
1679184000000,1.06885,1.06886,1.06661,1.06804,12101.36
1679270400000,1.06806,1.07309,1.06311,1.07185,483794.45
1679356800000,1.07185,1.07886,1.07038,1.07727,397985.68
1679443200000,1.07725,1.09124,1.0759,1.08688,459070.98
1679529600000,1.08689,1.09296,1.0824,1.08345,524225.71
1679616000000,1.08347,1.0837,1.07131,1.07566,537575.13
1679788800000,1.07752,1.07798,1.07648,1.07776,17995.06
1679875200000,1.07775,1.08076,1.07449,1.08062,334577.45
1679961600000,1.08061,1.08485,1.08033,1.08388,332271.4
1680048000000,1.0839,1.08713,1.08177,1.08425,306759.32
1680134400000,1.08424,1.09262,1.08235,1.09041,286139.31
1680220800000,1.0904,1.09257,1.08368,1.08386,347826.25
1680393600000,1.08398,1.0844,1.08011,1.08023,19590.87
1680480000000,1.08024,1.09165,1.07882,1.09066,337520.09
1680566400000,1.09067,1.09733,1.08828,1.09575,373178.84
1680652800000,1.09576,1.09695,1.0891,1.09029,337709.95
1680739200000,1.09029,1.09375,1.08845,1.09194,275627.94
1680825600000,1.09195,1.0924,1.08762,1.09029,82552.27
1680998400000,1.0898,1.09134,1.0898,1.09129,9989.51
1681084800000,1.09132,1.09171,1.08313,1.08687,209433.81
1681171200000,1.08687,1.09279,1.0867,1.09163,296045.28
1681257600000,1.09163,1.10004,1.09147,1.09968,333075.89
1681344000000,1.09967,1.10676,1.09767,1.10516,295949.24
1681430400000,1.10517,1.10758,1.09722,1.09922,339943.44
1681603200000,1.09888,1.09942,1.09832,1.09843,10756.23
1681689600000,1.09844,1.09997,1.09091,1.09244,292665.3
1681776000000,1.09245,1.09828,1.09222,1.09748,287247.33
1681862400000,1.09749,1.0984,1.09172,1.09516,313160.72
1681948800000,1.09517,1.09895,1.09334,1.09676,336195.08
1682035200000,1.09676,1.09936,1.0938,1.09874,323575.02
1682208000000,1.09913,1.09962,1.09864,1.09916,10191.61
1682294400000,1.09916,1.1057,1.09658,1.1057,295865.98
1682380800000,1.10573,1.1067,1.09641,1.09779,344205.79
1682467200000,1.09778,1.10952,1.09683,1.1045,394510.68
1682553600000,1.1045,1.10634,1.0992,1.10315,345804.17
1682640000000,1.10315,1.10449,1.09624,1.10144,413651.91
1682812800000,1.1024,1.1027,1.101,1.10105,12342.8
1682899200000,1.10106,1.10355,1.09643,1.09687,245771.45
1682985600000,1.09687,1.10137,1.09422,1.10107,354493.85
1683072000000,1.1011,1.10916,1.10048,1.10685,406548.63
1683158400000,1.10686,1.10917,1.0986,1.10229,451732.6
1683244800000,1.10229,1.10477,1.09667,1.10162,331816.43
1683417600000,1.10209,1.10228,1.10141,1.10181,11067.47
1683504000000,1.10182,1.10535,1.09953,1.09965,248384.27
1683590400000,1.09962,1.10007,1.0941,1.09645,276978.9
1683676800000,1.09644,1.10068,1.09414,1.09824,322000.31
1683763200000,1.09826,1.09981,1.09,1.09122,366860.17
1683849600000,1.09122,1.09354,1.08476,1.08477,269783.35
1684022400000,1.0861,1.08618,1.08453,1.08527,7661.46
1684108800000,1.08526,1.08908,1.0848,1.08735,266445.82
1684195200000,1.08736,1.09046,1.0855,1.08653,328214.01
1684281600000,1.08653,1.08736,1.08102,1.08378,327769.93
1684368000000,1.08377,1.08479,1.07624,1.07749,315434.66
1684454400000,1.07749,1.08287,1.076,1.08019,358651.87
1684627200000,1.08043,1.08241,1.08043,1.08218,8384.09
1684713600000,1.08219,1.08313,1.07955,1.08104,337025.5
1684800000000,1.08105,1.08204,1.07601,1.07691,330235.0525
1684886400000,1.0769,1.08012,1.07421,1.07555,385449.89
1684972800000,1.07556,1.07556,1.07073,1.07234,357658.47
1685059200000,1.07233,1.07585,1.07018,1.07227,330324.46
1685232000000,1.07201,1.07292,1.07158,1.07214,11618.83
1685318400000,1.07214,1.07434,1.07054,1.07067,140625.72
1685404800000,1.07067,1.07465,1.06725,1.07316,333132.27
1685491200000,1.07316,1.07356,1.06352,1.06933,330368.62
1685577600000,1.06934,1.07684,1.06617,1.07604,336325.03
1685664000000,1.07603,1.07789,1.0705,1.07063,292329.08
1685836800000,1.07098,1.07107,1.06937,1.06967,12345.9
1685923200000,1.0697,1.07224,1.06744,1.07113,254750.28
1686009600000,1.07112,1.07328,1.06669,1.06984,241590.15
1686096000000,1.06985,1.07396,1.06682,1.07069,250364.96
1686182400000,1.0707,1.07869,1.07009,1.07818,255503.28
1686268800000,1.07819,1.0785,1.07428,1.07456,223916.56
1686441600000,1.07459,1.07515,1.07431,1.07499,6871.17
1686528000000,1.07499,1.079,1.0733,1.07622,261315.7
1686614400000,1.07621,1.08234,1.07591,1.07895,300967.29
1686700800000,1.07896,1.0864,1.07739,1.08427,306830.88
1686787200000,1.08427,1.09525,1.08036,1.09455,317371.69
1686873600000,1.09455,1.09704,1.09178,1.09376,291957.19
1687046400000,1.09302,1.09429,1.09301,1.09397,7841.86
1687132800000,1.09398,1.09462,1.0907,1.09235,197192.78
1687219200000,1.09234,1.09461,1.08921,1.09198,343024.17
1687305600000,1.09197,1.09923,1.09058,1.09915,352557.22
1687392000000,1.09916,1.10122,1.09485,1.09554,332281.51
1687478400000,1.09555,1.09585,1.08443,1.08905,340811.48
1687651200000,1.09042,1.0907,1.08978,1.09062,15091.85
1687737600000,1.09064,1.092,1.08873,1.09099,265861.96
1687824000000,1.09097,1.09766,1.09021,1.09575,333943.98
1687910400000,1.09574,1.09621,1.08968,1.09151,345603.69
1687996800000,1.09151,1.09414,1.08601,1.08673,345963.05
1688083200000,1.08673,1.09317,1.08352,1.09095,361727.73
1688256000000,1.09094,1.0913,1.09064,1.09075,8639.25
1688342400000,1.09075,1.09339,1.08702,1.09128,282266.22
1688428800000,1.09127,1.09163,1.08768,1.08824,164440.12
1688515200000,1.08827,1.09078,1.08509,1.08551,288019.59
1688601600000,1.08554,1.09006,1.08337,1.08896,399617.5
1688688000000,1.08895,1.09731,1.08669,1.09646,357005.67
1688860800000,1.09593,1.09697,1.09563,1.09669,12034.1
1688947200000,1.0967,1.10058,1.09434,1.10052,306352.92
1689033600000,1.10053,1.10269,1.09768,1.10136,304282.18
1689120000000,1.10137,1.11405,1.10119,1.11405,368371.03
1689206400000,1.11406,1.12296,1.11298,1.12234,356645.95
1689292800000,1.12235,1.12448,1.12041,1.12235,334041.75
1689465600000,1.12284,1.1234,1.12232,1.12273,9704.02
1689552000000,1.12271,1.12487,1.12033,1.12373,216791.1
1689638400000,1.12374,1.12756,1.12089,1.12281,349562.38
1689724800000,1.12282,1.124,1.11742,1.12049,334472.54
1689811200000,1.12048,1.12291,1.11184,1.11344,312279.43
1689897600000,1.11345,1.11449,1.11079,1.11244,266379.36
1690070400000,1.11197,1.11321,1.11197,1.11243,6832.94
1690156800000,1.11244,1.11469,1.10597,1.1063,328370.89
1690243200000,1.1063,1.10868,1.10207,1.10499,305316.98
1690329600000,1.105,1.11066,1.10377,1.10779,358697.37
1690416000000,1.10778,1.11496,1.09658,1.09781,479071.78
1690502400000,1.0978,1.10475,1.09435,1.10125,430192.07
1690675200000,1.10206,1.10282,1.10095,1.10238,8122.86
1690761600000,1.10239,1.10458,1.09931,1.09966,302688.87
1690848000000,1.09967,1.10192,1.09523,1.10075,308942.35
1690934400000,1.10078,1.1008,1.09178,1.09435,372278.66
1691020800000,1.09433,1.09628,1.09122,1.0951,397523.67
1691107200000,1.09509,1.10419,1.09349,1.10029,349194.54
1691280000000,1.10141,1.10151,1.1001,1.10024,12282.99
1691366400000,1.10024,1.10117,1.09654,1.10026,229154.3
1691452800000,1.10026,1.10111,1.0929,1.09592,308568.72
1691539200000,1.09592,1.09953,1.09552,1.09771,275670.62
1691625600000,1.09771,1.1065,1.09673,1.09815,358179.69
1691712000000,1.09815,1.10049,1.09429,1.09433,295037.17
1691884800000,1.09493,1.09517,1.09401,1.09432,6858.71
1691971200000,1.09431,1.096,1.08747,1.09077,301227.46
1692057600000,1.09076,1.09524,1.08969,1.09038,338767.46
1692144000000,1.09038,1.09345,1.08714,1.08743,306112.41
1692230400000,1.08744,1.0918,1.08563,1.08743,247696.4
1692316800000,1.08742,1.08938,1.0845,1.08678,281368.69
1692489600000,1.08672,1.08785,1.08664,1.08749,7350.95
1692576000000,1.08747,1.09136,1.08695,1.08975,246257.71
1692662400000,1.08974,1.09303,1.08329,1.08464,238743.46
1692748800000,1.08465,1.08713,1.08025,1.08654,302015.49
1692835200000,1.08655,1.08764,1.07928,1.0799,259027
1692921600000,1.07989,1.08417,1.07658,1.07906,279186.68
1693094400000,1.07957,1.0801,1.07933,1.07968,8922.97
1693180800000,1.07969,1.08298,1.07961,1.08255,187948.64
1693267200000,1.08255,1.08919,1.07822,1.08691,276132.66
1693353600000,1.08691,1.09454,1.08551,1.09294,306989.62
1693440000000,1.09292,1.09394,1.08347,1.08424,277058.99
1693526400000,1.08422,1.08819,1.07716,1.07717,290722.6
1693699200000,1.07748,1.07815,1.07716,1.07756,5037.46
1693785600000,1.07758,1.08087,1.07731,1.07913,125170.52
1693872000000,1.07912,1.07982,1.07062,1.07244,284976.08
1693958400000,1.07246,1.07488,1.07025,1.07238,272315.19
1694044800000,1.07238,1.07317,1.06861,1.06973,220591.54
1694131200000,1.06975,1.07438,1.06941,1.06974,249996.46
1694304000000,1.07147,1.07204,1.07075,1.07162,10922.38
1694390400000,1.07165,1.07593,1.07099,1.07476,222001.23
1694476800000,1.07476,1.07692,1.07055,1.07531,224377.74
1694563200000,1.0753,1.07648,1.0711,1.07327,303261.85
1694649600000,1.07327,1.07521,1.06318,1.0635,319678.2
1694736000000,1.06349,1.06877,1.06332,1.06576,253386.89
1694908800000,1.06588,1.0669,1.06578,1.06679,5661.08
1694995200000,1.0668,1.06986,1.06546,1.06919,192605.83
1695081600000,1.06918,1.0718,1.06746,1.06813,193391.09
1695168000000,1.06814,1.07368,1.06478,1.06498,281368.55
1695254400000,1.06498,1.06734,1.06167,1.06603,312974.2
1695340800000,1.06603,1.06716,1.0615,1.06419,262651.21
1695513600000,1.06513,1.06518,1.06424,1.06482,7854.38
1695600000000,1.06482,1.06555,1.05753,1.05912,224163.21
1695686400000,1.05912,1.0609,1.0562,1.05691,237552.07
1695772800000,1.05691,1.0574,1.0488,1.05052,299983.86
1695859200000,1.05053,1.05788,1.0491,1.05621,344744.69
1695945600000,1.05622,1.06169,1.05579,1.05694,313679.66
1696118400000,1.05672,1.05721,1.05578,1.0564,12294.28
1696204800000,1.05641,1.05919,1.04752,1.04798,288263.78
1696291200000,1.04798,1.04933,1.04483,1.04686,318485.2
1696377600000,1.04684,1.05321,1.04514,1.05069,333178.31
1696464000000,1.05068,1.05518,1.05,1.05462,296469.62
1696550400000,1.05463,1.05999,1.04824,1.05828,379225.98
1696723200000,1.05529,1.05682,1.05494,1.05661,12822.01
1696809600000,1.05662,1.05796,1.05194,1.05786,235006.24
1696896000000,1.05788,1.06198,1.05542,1.06042,374356.26
1696982400000,1.06043,1.06346,1.05806,1.06234,326301.66
1697068800000,1.06234,1.06397,1.05257,1.05355,290358.85
1697155200000,1.05358,1.05584,1.04954,1.05073,301277.41
1697328000000,1.05083,1.05253,1.05025,1.0522,12664.06
1697414400000,1.05221,1.05627,1.05156,1.05543,220112.37
1697500800000,1.05543,1.05948,1.05328,1.05727,281288.71
1697587200000,1.05726,1.05941,1.05231,1.05379,288211.5
1697673600000,1.05381,1.06163,1.05282,1.05863,362883.15
1697760000000,1.05862,1.06035,1.05649,1.05927,263167.94
1697932800000,1.0595,1.05968,1.05883,1.05896,8350.37
1698019200000,1.05893,1.06779,1.05714,1.06698,268384.3
1698105600000,1.06699,1.06942,1.0583,1.05949,270309.14
1698192000000,1.05952,1.06067,1.05601,1.05661,247538.9
1698278400000,1.05661,1.05691,1.05221,1.05638,287134.77
1698364800000,1.05637,1.0597,1.05354,1.05605,215605.23
1698537600000,1.05644,1.05749,1.05588,1.05618,7605.18
1698624000000,1.05618,1.0625,1.05471,1.06138,228351.22
1698710400000,1.06139,1.06748,1.05574,1.0578,318746.86
1698796800000,1.05778,1.05867,1.05167,1.05866,374997.15
1698883200000,1.05866,1.06675,1.05837,1.06155,285187.17
1698969600000,1.06158,1.07467,1.06146,1.07295,277715.47
1699142400000,1.07232,1.07334,1.07207,1.07313,3880.14
1699228800000,1.07316,1.07562,1.07149,1.07182,206932.19
1699315200000,1.07184,1.07193,1.0664,1.06956,244627.9
1699401600000,1.06956,1.0716,1.06593,1.07112,228082.43
1699488000000,1.07113,1.07254,1.06601,1.06669,278652.36
1699574400000,1.06671,1.06927,1.0656,1.06848,223192.04
1699747200000,1.06818,1.06906,1.06799,1.06905,5575.71
1699833600000,1.06902,1.07061,1.0665,1.07012,184355.69
1699920000000,1.07013,1.08875,1.06928,1.08777,298120.41
1700006400000,1.08776,1.08858,1.08315,1.08541,276391.7925
1700092800000,1.08542,1.08955,1.083,1.08529,261803.16
1700179200000,1.0853,1.09148,1.08247,1.09138,256575.61
1700352000000,1.09095,1.0911,1.09054,1.09055,6802.85
1700438400000,1.09054,1.09517,1.08974,1.09446,229176.87
1700524800000,1.09447,1.09651,1.09001,1.09169,266621.22
1700611200000,1.0917,1.09229,1.08522,1.08878,290509.21
1700697600000,1.0888,1.09303,1.0887,1.09038,158985.84
1700784000000,1.09037,1.09486,1.08949,1.09341,176773.26
1700956800000,1.09438,1.09474,1.09384,1.09396,4636
1701043200000,1.09397,1.09592,1.09251,1.09589,246260.59
1701129600000,1.09589,1.10088,1.09344,1.10039,294814.3
1701216000000,1.10041,1.10171,1.09601,1.09732,317981.36
1701302400000,1.09731,1.09838,1.08794,1.08916,339794.76
1701388800000,1.08917,1.09127,1.08287,1.08788,340589.68
1701561600000,1.08771,1.08948,1.08766,1.08857,14945.93
1701648000000,1.08858,1.08865,1.0804,1.08373,306548.77
1701734400000,1.08373,1.08474,1.07781,1.07932,336612.97
1701820800000,1.07933,1.08047,1.07586,1.07661,269724.1
1701907200000,1.07664,1.08175,1.07552,1.07895,351043.24
1701993600000,1.07896,1.08005,1.07236,1.07592,364118.02
1702166400000,1.07592,1.07676,1.07556,1.07651,3853.29
1702252800000,1.07653,1.07789,1.07415,1.07653,234562.13
1702339200000,1.07653,1.08279,1.07612,1.07982,278615.87
1702425600000,1.07983,1.08965,1.07731,1.08825,340496.24
1702512000000,1.08826,1.10092,1.08791,1.09932,482539.57
1702598400000,1.09934,1.10036,1.08885,1.08922,358983.13
1702771200000,1.08973,1.0898,1.0892,1.08948,6411.22
1702857600000,1.08948,1.09311,1.08939,1.09231,246913.62
1702944000000,1.09231,1.09873,1.09148,1.09792,282074.8
1703030400000,1.09793,1.09793,1.09298,1.09432,263444.43
1703116800000,1.09433,1.10125,1.09352,1.10056,349869.6
1703203200000,1.10057,1.10401,1.09938,1.10135,348653.4
1703376000000,1.10108,1.10159,1.10108,1.10149,94.5
1703462400000,1.10149,1.1023,1.09933,1.10186,7792.98
1703548800000,1.10187,1.1045,1.10085,1.10422,182196.3
1703635200000,1.10422,1.11226,1.10286,1.11082,208841.19
1703721600000,1.11081,1.11394,1.10552,1.10677,272568.58
1703808000000,1.10678,1.10842,1.10339,1.10374,293551.44
1704067200000,1.10427,1.10447,1.10356,1.10365,3923.96
1704153600000,1.10366,1.10432,1.09375,1.09416,277225.32
1704240000000,1.09416,1.09654,1.08929,1.09258,327367.45
1704326400000,1.09259,1.09721,1.0916,1.09462,281486.65
1704412800000,1.09461,1.09984,1.08767,1.09392,356942.45
1704585600000,1.09386,1.09456,1.09349,1.09415,4674.37
1704672000000,1.09413,1.09788,1.09226,1.09497,252675.2
1704758400000,1.09497,1.09663,1.09103,1.09317,275837.01
1704844800000,1.09316,1.09747,1.09228,1.0974,257606.65
1704931200000,1.09742,1.1,1.09302,1.09824,419645.95
1705017600000,1.09823,1.09868,1.09359,1.09483,308572.61
1705190400000,1.0948,1.09502,1.0944,1.09451,5573.34
1705276800000,1.09451,1.09675,1.09335,1.09449,200078.97
1705363200000,1.09447,1.09461,1.0862,1.08784,397047.02
1705449600000,1.08786,1.0886,1.08445,1.0886,342285.13
1705536000000,1.08861,1.09067,1.08466,1.08799,365222.9075
1705622400000,1.088,1.08983,1.08656,1.0896,258487.7
1705795200000,1.08906,1.08976,1.08878,1.0892,5146
1705881600000,1.0892,1.09094,1.08768,1.08772,233830.14
1705968000000,1.08776,1.09162,1.08215,1.08572,278337.18
1706054400000,1.08573,1.09323,1.08514,1.0881,357244.5
1706140800000,1.08811,1.09018,1.08216,1.08454,364079.33
1706227200000,1.08455,1.08854,1.08128,1.08504,288642.46
1706400000000,1.08468,1.0849,1.08414,1.08422,11513.13
1706486400000,1.08423,1.085,1.07958,1.08336,221235.8
1706572800000,1.08336,1.08573,1.08119,1.08428,289288.94
1706659200000,1.08429,1.08874,1.07949,1.08039,444658.94
1706745600000,1.08039,1.08761,1.07799,1.08742,420186.16
1706832000000,1.08741,1.08974,1.07804,1.07849,341685.48
1707004800000,1.07854,1.07858,1.07698,1.07796,10488.33
1707091200000,1.07796,1.07861,1.07231,1.0741,269536.18
1707177600000,1.07409,1.07623,1.07225,1.07566,284149.05
1707264000000,1.07569,1.07838,1.07556,1.07754,288848.32
1707350400000,1.07754,1.07889,1.07416,1.07776,255929.22
1707436800000,1.07775,1.07951,1.07621,1.07821,262254.08
1707609600000,1.07767,1.07983,1.07766,1.07979,12133.99
1707696000000,1.0798,1.08055,1.07559,1.07717,197293.68
1707782400000,1.07718,1.07985,1.07005,1.07083,294618.1
1707868800000,1.07083,1.07344,1.06949,1.07319,257117.26
1707955200000,1.07321,1.07847,1.07246,1.07726,300766.8
1708041600000,1.07726,1.07874,1.07319,1.07749,261144.07
1708214400000,1.07718,1.0785,1.07718,1.0784,4106.93
1708300800000,1.07838,1.07894,1.07621,1.07754,127185.56
1708387200000,1.07753,1.08387,1.07615,1.08098,277768.64
1708473600000,1.081,1.08243,1.07899,1.08202,247378.83
1708560000000,1.08201,1.08882,1.08026,1.08253,232500.54
1708646400000,1.08253,1.08395,1.08117,1.08174,176731.02
1708819200000,1.08318,1.08322,1.08182,1.0819,3850.15
1708905600000,1.08188,1.08597,1.08126,1.08503,158873.79
1708992000000,1.08504,1.08659,1.0833,1.0841,132221.69
1709078400000,1.08411,1.08458,1.07966,1.08383,184660.4
1709164800000,1.08384,1.08558,1.07958,1.08055,257108.77
1709251200000,1.08055,1.08432,1.07981,1.08368,205237.5
1709424000000,1.08359,1.0844,1.0835,1.08416,9784.9
1709510400000,1.08417,1.08667,1.08377,1.08541,149961.52
1709596800000,1.0854,1.0876,1.08403,1.08555,160823.34
1709683200000,1.08554,1.09153,1.08421,1.08995,194114.365
1709769600000,1.08994,1.09513,1.08678,1.09509,201537.94
1709856000000,1.0951,1.09812,1.09183,1.09348,222218.99
1710028800000,1.09411,1.09436,1.09359,1.09426,8995.56
1710115200000,1.09427,1.0948,1.09145,1.09304,177772.82
1710201600000,1.09306,1.09438,1.09023,1.09267,267183.19
1710288000000,1.09268,1.09638,1.09201,1.0953,227112.7
1710374400000,1.09529,1.09547,1.08806,1.08827,250906.99
1710460800000,1.08828,1.08996,1.0873,1.08869,182723.53
1710633600000,1.08905,1.08911,1.08817,1.08835,7451.51
1710720000000,1.08836,1.09061,1.08661,1.08732,147342.77
1710806400000,1.08732,1.08765,1.08347,1.08616,186297.06
1710892800000,1.08617,1.09374,1.08364,1.09373,221949.91
1710979200000,1.09373,1.09426,1.08554,1.08618,187206.02
1711065600000,1.08622,1.08679,1.08017,1.08065,182000.17
1711238400000,1.08068,1.08104,1.08046,1.08071,4197.02
1711324800000,1.08071,1.08424,1.08021,1.0837,140109.72
1711411200000,1.0837,1.08643,1.08242,1.08325,149484.77
1711497600000,1.08326,1.0839,1.08101,1.08123,149759.9
1711584000000,1.08123,1.08265,1.07751,1.07911,196483.27
1711670400000,1.07912,1.08051,1.07678,1.07898,166423.83
1711843200000,1.07882,1.07965,1.07848,1.0793,8405.0725
1711929600000,1.07932,1.07987,1.07309,1.07372,128463.32
1712016000000,1.0737,1.0779,1.07246,1.07679,188699.13
1712102400000,1.07678,1.08407,1.0764,1.0838,198946.44
1712188800000,1.0838,1.08765,1.08317,1.08364,204810.67
1712275200000,1.08363,1.08479,1.07913,1.08352,229596.03
1712448000000,1.08347,1.08379,1.08272,1.08297,6612.67
1712534400000,1.08297,1.08634,1.08208,1.0862,173636.53
1712620800000,1.0862,1.0885,1.08477,1.08588,165759.51
1712707200000,1.08587,1.08665,1.07288,1.0741,264906.03
1712793600000,1.07411,1.07564,1.06992,1.0726,235850.96
1712880000000,1.0726,1.07281,1.06226,1.06385,200889.19
1713052800000,1.06352,1.06514,1.06309,1.0646,11819.8
1713139200000,1.06461,1.06651,1.06202,1.06247,229845.08
1713225600000,1.06246,1.06535,1.0601,1.0621,280769.7
1713312000000,1.0621,1.06796,1.0606,1.06689,187931.82
1713398400000,1.0669,1.069,1.06402,1.06425,177804.28
1713484800000,1.06424,1.06775,1.06104,1.06526,282983.22
1713657600000,1.06495,1.06614,1.06456,1.06575,5360.68
1713744000000,1.06577,1.06706,1.06239,1.06537,132695.95
1713830400000,1.06537,1.07112,1.06385,1.07024,181946.03
1713916800000,1.07025,1.07142,1.06779,1.06999,148341.8
1714003200000,1.07001,1.07402,1.06783,1.07267,185174.21
1714089600000,1.07267,1.07527,1.06738,1.06911,178917.02
1714262400000,1.06898,1.0707,1.06898,1.07069,8217.09
1714348800000,1.0707,1.07337,1.06902,1.07147,231955.11
1714435200000,1.07146,1.07353,1.06635,1.06659,210579.21
1714521600000,1.0666,1.07326,1.06494,1.0717,223286.57
1714608000000,1.0717,1.07308,1.06742,1.07298,208141.2
1714694400000,1.073,1.08124,1.07243,1.07594,233591.53
1714867200000,1.076,1.07646,1.07575,1.07583,4344.63
1714953600000,1.07582,1.07907,1.07553,1.07672,124096.37
1715040000000,1.07671,1.07873,1.07473,1.07498,143286.14
1715126400000,1.07498,1.07574,1.0735,1.07468,129172.89
1715212800000,1.07468,1.07858,1.07239,1.07817,150705.37
1715299200000,1.07817,1.079,1.07603,1.07694,122836.68
1715472000000,1.07721,1.07752,1.07663,1.07702,6523.05
1715558400000,1.07701,1.08068,1.07658,1.0792,112697.05
1715644800000,1.07922,1.08256,1.07669,1.08138,124593.02
1715731200000,1.08137,1.08901,1.0813,1.08883,159634.37
1715817600000,1.08883,1.08949,1.08544,1.08677,139361.29
1715904000000,1.08679,1.08784,1.08356,1.08674,109193.78
1716076800000,1.08664,1.08741,1.0864,1.08724,4133.39
1716163200000,1.08725,1.08844,1.0854,1.08602,110132.54
1716249600000,1.08603,1.08747,1.08425,1.0854,158805.08
1716336000000,1.08539,1.08633,1.08174,1.0825,160683.19
1716422400000,1.08251,1.0861,1.08048,1.08116,179595
1716508800000,1.08115,1.08578,1.08054,1.0846,118493.78
1716681600000,1.0845,1.08513,1.0843,1.08466,3254.15
1716768000000,1.08467,1.08674,1.08405,1.08614,85149.02
1716854400000,1.08615,1.0889,1.08511,1.08512,166378.85
1716940800000,1.08512,1.08588,1.07996,1.08011,165289.64
1717027200000,1.08011,1.08451,1.07883,1.08312,183096.33
1717113600000,1.08312,1.08822,1.08112,1.0845,182075.27
1717286400000,1.08462,1.08544,1.08453,1.08526,7738.47
1717372800000,1.08526,1.09098,1.08278,1.09071,173492.49
1717459200000,1.09072,1.0916,1.0859,1.08817,181035.8
1717545600000,1.08816,1.08915,1.08544,1.08739,154652.67
1717632000000,1.08738,1.0902,1.08619,1.08916,156122.85
1717718400000,1.08915,1.09018,1.07993,1.08017,223660.28
1717891200000,1.07783,1.07798,1.07644,1.07788,10918.14
1717977600000,1.07788,1.07814,1.07327,1.07633,161486.72
1718064000000,1.07635,1.07734,1.07194,1.07399,179222.42
1718150400000,1.07398,1.08521,1.07346,1.08127,299913.15
1718236800000,1.08126,1.08163,1.07328,1.07374,207516.46
1718323200000,1.07374,1.07449,1.06676,1.07025,241051.94
1718496000000,1.07028,1.07089,1.06995,1.07025,9709.81
1718582400000,1.07026,1.0741,1.06863,1.07398,179870.12
1718668800000,1.074,1.07615,1.07099,1.07386,162470.87
1718755200000,1.07385,1.07533,1.07248,1.0747,98342.42
1718841600000,1.07469,1.07483,1.07012,1.07059,172379.91
1718928000000,1.07059,1.07205,1.0671,1.06918,190134.39
1719100800000,1.06849,1.06955,1.06849,1.06877,6850.18
1719187200000,1.06878,1.07463,1.06837,1.07322,134179.03
1719273600000,1.07322,1.07441,1.06906,1.07091,143344.69
1719360000000,1.0709,1.07179,1.0666,1.06797,178067.9
1719446400000,1.06798,1.07264,1.0677,1.07076,191719.81
1719532800000,1.07078,1.07246,1.06852,1.07119,223614.49
1719705600000,1.07438,1.07455,1.0732,1.07349,9805.2
1719792000000,1.0735,1.07763,1.07197,1.07365,216721.66
1719878400000,1.07364,1.07491,1.071,1.0748,184071.19
1719964800000,1.0748,1.08168,1.07363,1.0791,182634.24
1720051200000,1.0791,1.0814,1.07836,1.08103,93775.86
1720137600000,1.08105,1.08426,1.07993,1.0837,202201.37
1720310400000,1.08014,1.08329,1.07998,1.08256,15078.61
1720396800000,1.08255,1.0845,1.08146,1.08305,189898.08
1720483200000,1.08307,1.08333,1.08054,1.08142,189245.04
1720569600000,1.08142,1.08365,1.08108,1.08333,166144.16
1720656000000,1.08332,1.08999,1.08322,1.0874,253734.25
1720742400000,1.0874,1.09113,1.08617,1.09054,216838.65
1720915200000,1.08852,1.0895,1.08818,1.08856,11550.11
1721001600000,1.08857,1.09222,1.08833,1.08981,213064.52
1721088000000,1.0898,1.09054,1.08715,1.0902,217542.57
1721174400000,1.09019,1.0948,1.0895,1.09402,244733.99
1721260800000,1.09402,1.09407,1.08935,1.09003,230650.65
1721347200000,1.09002,1.09003,1.08756,1.08779,199438.06
1721520000000,1.08861,1.09027,1.08807,1.08988,13140.67
1721606400000,1.08988,1.08998,1.0873,1.08889,192598.12
1721692800000,1.08888,1.08967,1.08438,1.08496,189405.6
1721779200000,1.08495,1.08664,1.08256,1.08378,228190.99
1721865600000,1.08379,1.08699,1.08282,1.08513,274995.29
1721952000000,1.08514,1.08681,1.0842,1.08547,162987.35
1722124800000,1.08553,1.08599,1.08527,1.08527,8300.38
1722211200000,1.08524,1.087,1.08028,1.0819,164242.98
1722297600000,1.08191,1.08356,1.07982,1.08157,197086.5936
1722384000000,1.08156,1.08493,1.08019,1.08238,310163.47
1722470400000,1.08235,1.08354,1.07774,1.07864,315519.76
1722556800000,1.07864,1.09265,1.07818,1.09098,360021.55
1722729600000,1.09225,1.09234,1.09028,1.09103,18971.81
1722816000000,1.09104,1.10088,1.08923,1.09505,641533
1722902400000,1.09506,1.09631,1.09037,1.09259,392868.21
1722988800000,1.09259,1.09366,1.09053,1.09273,222867.66
1723075200000,1.09275,1.09451,1.08814,1.09149,232184.8
1723161600000,1.09147,1.09313,1.0909,1.09167,138599.96
1723334400000,1.09142,1.09196,1.091,1.09127,7496.49
1723420800000,1.09125,1.09393,1.09116,1.09361,150361.75
1723507200000,1.0936,1.09996,1.09137,1.09959,181948.95
1723593600000,1.09958,1.10473,1.09863,1.10116,228926.84
1723680000000,1.10117,1.10154,1.09495,1.09723,180963.47
1723766400000,1.09723,1.10296,1.09718,1.10211,142233.51
1723939200000,1.10265,1.1034,1.10227,1.10246,7464.12
1724025600000,1.10246,1.10875,1.10231,1.10854,203563.35
1724112000000,1.10855,1.11317,1.10719,1.11275,284701.72
1724198400000,1.11274,1.1174,1.10992,1.11548,178203.16
1724284800000,1.11549,1.11646,1.1098,1.1116,132188.71
1724371200000,1.11159,1.12008,1.11055,1.1191,135905.62
1724544000000,1.11854,1.11948,1.11854,1.11892,5784.6
1724630400000,1.11892,1.12015,1.115,1.11644,190717.29
1724716800000,1.11646,1.11905,1.11501,1.11769,165115.25
1724803200000,1.11769,1.118,1.1105,1.11244,191983.72
1724889600000,1.11245,1.11399,1.10556,1.108,239697.25
1724976000000,1.10802,1.1095,1.10438,1.10456,267039.84
1725148800000,1.10462,1.10496,1.1044,1.10446,8172.49
1725235200000,1.10445,1.10773,1.10419,1.1067,133689.74
1725321600000,1.10671,1.10702,1.10263,1.10485,254620.53
1725408000000,1.10485,1.10951,1.104,1.10801,213760.73
1725494400000,1.108,1.11197,1.10746,1.1111,235680.24
1725580800000,1.11111,1.11556,1.10656,1.10825,353066.74
1725753600000,1.10781,1.10908,1.10781,1.10867,13890.97
1725840000000,1.10864,1.1091,1.10331,1.10352,207885.91
1725926400000,1.10352,1.10496,1.10151,1.102,188020.67
1726012800000,1.102,1.10549,1.10019,1.10102,283663.07
1726099200000,1.10101,1.10791,1.10055,1.10789,262998.76
1726185600000,1.10786,1.11017,1.10721,1.10732,226141.63
1726358400000,1.10757,1.10894,1.10743,1.10873,8289.98
1726444800000,1.10872,1.11374,1.10867,1.11291,197616.85
1726531200000,1.11291,1.11461,1.11109,1.1122,263987.91
1726617600000,1.11221,1.11891,1.10966,1.11139,331023.09
1726704000000,1.1114,1.11787,1.10683,1.11593,391011.28
1726790400000,1.11593,1.11818,1.1136,1.11626,290373.32
1726963200000,1.1158,1.11647,1.1158,1.11591,6471.67
1727049600000,1.11589,1.11672,1.10831,1.11109,266436.91
1727136000000,1.1111,1.1191,1.11033,1.11909,261990
1727222400000,1.11907,1.1214,1.11215,1.11296,236810.73
1727308800000,1.11297,1.11893,1.11257,1.11769,239758.45
1727395200000,1.1177,1.1203,1.11248,1.11619,334313.29
1727568000000,1.11582,1.11723,1.11526,1.11689,8642.05
1727654400000,1.11688,1.12089,1.11136,1.11365,290774.61
1727740800000,1.11365,1.11439,1.10458,1.10644,285087.75
1727827200000,1.10645,1.10828,1.10325,1.10458,259640.67
1727913600000,1.10459,1.10468,1.10082,1.10351,326843.3
1728000000000,1.1035,1.10395,1.09512,1.09739,274027.8
1728172800000,1.0962,1.09717,1.0962,1.09705,12480.08
1728259200000,1.09705,1.09868,1.09542,1.09742,267158.89
1728345600000,1.09742,1.09971,1.09608,1.09753,227349.53
1728432000000,1.09754,1.09787,1.09362,1.0941,175270.29
1728518400000,1.0941,1.09548,1.09,1.09334,275171.17
1728604800000,1.09335,1.09537,1.0926,1.09353,178691.72
1728777600000,1.0931,1.09335,1.09221,1.0923,7255.55
1728864000000,1.09231,1.09366,1.08881,1.0909,172299.83
1728950400000,1.0909,1.09167,1.08819,1.08832,171935.26
1729036800000,1.08832,1.09014,1.08532,1.08587,182070
1729123200000,1.08588,1.08737,1.0811,1.08291,258621.13
1729209600000,1.08291,1.08694,1.08274,1.08655,200346.26
1729382400000,1.08605,1.08717,1.08605,1.08681,5088.08
1729468800000,1.08682,1.08688,1.08111,1.08153,185331.81
1729555200000,1.08151,1.0838,1.07926,1.07962,195235.15
1729641600000,1.07962,1.08066,1.07612,1.07803,236714.85
1729728000000,1.07804,1.08298,1.07706,1.08237,255087.99
1729814400000,1.08239,1.08392,1.0793,1.07945,156041.89
1729987200000,1.07933,1.08015,1.07866,1.0796,13450.16
1730073600000,1.0796,1.08276,1.07819,1.08176,204877.75
1730160000000,1.08175,1.08263,1.07688,1.08197,259009.87
1730246400000,1.08196,1.08713,1.08079,1.08582,295543.73
1730332800000,1.08581,1.08881,1.08441,1.08839,280171.08
1730419200000,1.08838,1.09057,1.08317,1.08327,277724.83
1730592000000,1.08778,1.08811,1.08719,1.08727,11347.11
1730678400000,1.08728,1.09147,1.08699,1.08735,265973.13
1730764800000,1.08736,1.09369,1.08724,1.09339,201794.86
1730851200000,1.09338,1.09339,1.06824,1.07315,827139.76
1730937600000,1.07316,1.08247,1.07129,1.07954,392345.79
1731024000000,1.07954,1.07974,1.06868,1.07182,361911.41
1731196800000,1.07093,1.07169,1.07075,1.07132,6688.48
1731283200000,1.07131,1.07277,1.06286,1.06631,217681.44
1731369600000,1.0663,1.06631,1.05951,1.06166,300467.61
1731456000000,1.06166,1.0654,1.05556,1.05657,300053.4492
1731542400000,1.05656,1.05825,1.0496,1.05295,378347.6944
1731628800000,1.05295,1.0593,1.05163,1.05394,365381.32
1731801600000,1.0528,1.05384,1.0528,1.05362,4535.42
1731888000000,1.05362,1.06071,1.05302,1.05945,241144.55
1731974400000,1.05945,1.0608,1.05233,1.0607,375095.2
1732060800000,1.0607,1.06097,1.05068,1.05456,283601.28
1732147200000,1.05457,1.05548,1.04622,1.0469,346410.46
1732233600000,1.04689,1.04981,1.03325,1.04193,385064.14
1732406400000,1.04806,1.05013,1.04618,1.04793,23692.89
1732492800000,1.04792,1.05303,1.04428,1.04437,410984.57
1732579200000,1.04437,1.05447,1.0425,1.04918,449962.46
1732665600000,1.04918,1.05876,1.04744,1.05619,372116.98
1732752000000,1.05619,1.05627,1.05275,1.056,244857.93
1732838400000,1.05601,1.05971,1.05414,1.05748,369604.64
1733011200000,1.05711,1.05733,1.05336,1.05439,11421.03
1733097600000,1.05439,1.05463,1.04607,1.05008,432331.27
1733184000000,1.05008,1.0535,1.04807,1.05099,356571.61
1733270400000,1.05098,1.05439,1.04723,1.05123,384114.1
1733356800000,1.05124,1.05896,1.05081,1.05865,307284.78
1733443200000,1.05864,1.06298,1.05423,1.05673,328132.74
1733616000000,1.05544,1.05692,1.05544,1.05656,5853.05
1733702400000,1.05657,1.05944,1.0532,1.05541,266677.51
1733788800000,1.05542,1.0568,1.04984,1.05311,254603.4
1733875200000,1.05312,1.05393,1.04802,1.05061,331612.73
1733961600000,1.05057,1.05308,1.04637,1.04736,244940.03
1734048000000,1.04736,1.05241,1.04531,1.05017,177393.68
1734220800000,1.04854,1.05107,1.04847,1.05096,8104.372
1734307200000,1.05095,1.05247,1.04745,1.0517,205933.3627
1734393600000,1.0517,1.05343,1.0479,1.04944,148950.13
1734480000000,1.04943,1.05127,1.03439,1.03506,195102.51
1734566400000,1.03506,1.04222,1.03504,1.03643,271645.01
1734652800000,1.03644,1.04474,1.03429,1.04254,275341.51
1734825600000,1.04308,1.04451,1.04279,1.04336,7548.82
1734912000000,1.04335,1.04452,1.03842,1.0404,210045.54
1734998400000,1.04041,1.04098,1.03835,1.03952,145359.39
1735084800000,1.03952,1.04106,1.03951,1.03991,5854.9
1735171200000,1.0399,1.04301,1.03905,1.04216,143620.6274
1735257600000,1.04216,1.0444,1.04049,1.04225,223390.02
1735430400000,1.04247,1.04346,1.04247,1.04292,3144.25
1735516800000,1.04297,1.04583,1.03717,1.04013,212069.9
1735603200000,1.04057,1.04243,1.0344,1.03531,165848.25
1735689600000,1.03503,1.03577,1.03462,1.03516,5723.27
1735776000000,1.03508,1.03756,1.02237,1.02678,209224.98
1735862400000,1.02679,1.03099,1.02646,1.03066,128869.88
1736035200000,1.03015,1.0308,1.02932,1.03051,2260.84
1736121600000,1.03051,1.04367,1.02955,1.03831,239269.77
1736208000000,1.03831,1.04343,1.03388,1.03415,263560.53
1736294400000,1.03416,1.03575,1.02731,1.03132,312194.59
1736380800000,1.03133,1.03214,1.02836,1.02964,208235.27
1736467200000,1.02965,1.03118,1.02127,1.024,270304.12
1736640000000,1.02357,1.02468,1.02357,1.02429,5847.32
1736726400000,1.0243,1.02774,1.01772,1.02639,248510.71
1736812800000,1.02637,1.03086,1.02384,1.03062,195261.4
1736899200000,1.03061,1.03544,1.0259,1.0295,233023.85
1736985600000,1.0295,1.03149,1.02604,1.03005,249564.83
1737072000000,1.03012,1.03306,1.02652,1.0271,234827.98
1737244800000,1.02792,1.02812,1.02663,1.02804,7298.3
1737331200000,1.02805,1.04342,1.02782,1.04208,233227.78
1737417600000,1.04209,1.04353,1.0342,1.04057,212080.96
1737504000000,1.04057,1.04573,1.03998,1.04077,173613.22
1737590400000,1.04076,1.04378,1.03719,1.04166,183464.76
1737676800000,1.04155,1.05213,1.04115,1.04919,197965.89
1737849600000,1.04763,1.04851,1.04651,1.04673,4930.96
1737936000000,1.04673,1.0533,1.04283,1.04369,249921.96
1738022400000,1.04369,1.04564,1.04137,1.04271,183466.72
1738108800000,1.04272,1.04434,1.03822,1.04245,208189.56
1738195200000,1.04244,1.04677,1.0385,1.03966,189473.2
1738281600000,1.03968,1.0434,1.03496,1.03602,233365.7708
1738454400000,1.02327,1.02698,1.02324,1.02467,21261.3
1738540800000,1.02467,1.03503,1.02103,1.03279,274498.83
1738627200000,1.03279,1.03874,1.02721,1.03778,175607.47
1738713600000,1.03712,1.04424,1.03696,1.03985,161834.17
1738800000000,1.03985,1.04053,1.03523,1.0385,137304.7345
1738886400000,1.03849,1.04124,1.03049,1.0326,188258.8994
1739059200000,1.02918,1.03134,1.02839,1.03095,8759.44
1739145600000,1.03096,1.03363,1.02982,1.03005,124362.03
1739232000000,1.03006,1.03813,1.02919,1.0363,133877.19
1739318400000,1.03638,1.04298,1.03168,1.0392,192947.4
1739404800000,1.0392,1.04685,1.03727,1.04614,199525.22
1739491200000,1.04614,1.0514,1.0447,1.04913,107842.09
1739664000000,1.04858,1.04938,1.04847,1.04883,2564.39
1739750400000,1.04886,1.05062,1.04667,1.04848,53758.8052
1739836800000,1.04847,1.04862,1.0435,1.04479,75192.39
1739923200000,1.0448,1.04613,1.04009,1.04228,111392.36
1740009600000,1.04205,1.05054,1.04185,1.05001,155512.3145
1740096000000,1.04999,1.05047,1.04492,1.0457,151868.019
1740268800000,1.04706,1.04846,1.04618,1.04736,6813.65
1740355200000,1.04738,1.05282,1.04527,1.04611,162066.66
1740441600000,1.04611,1.05227,1.0456,1.05204,162941.31
1740528000000,1.05205,1.05287,1.04747,1.04876,191228.5881
1740614400000,1.04877,1.04893,1.03882,1.03924,188834.97
1740700800000,1.03936,1.04198,1.03597,1.03747,188454.83
1740873600000,1.04032,1.04208,1.03992,1.04119,8691.64
1740960000000,1.04119,1.05036,1.03883,1.04851,198344.66
1741046400000,1.04851,1.06369,1.04708,1.0623,246473.35
1741132800000,1.0623,1.07965,1.06018,1.07941,286728.57
1741219200000,1.07942,1.08534,1.07655,1.07871,273702.33
1741305600000,1.07872,1.08884,1.0781,1.08292,228376.31
1741478400000,1.08312,1.08653,1.08269,1.086,12990.51
1741564800000,1.08602,1.08744,1.08051,1.0839,218816.25
1741651200000,1.0839,1.09471,1.08354,1.09136,199731.03
1741737600000,1.09137,1.09314,1.08755,1.08852,201519.43
1741824000000,1.08852,1.0897,1.08222,1.08548,180282.73
1741910400000,1.08543,1.09125,1.08304,1.08765,164343.72
1742083200000,1.08766,1.0885,1.08744,1.08792,6558.41
1742169600000,1.08794,1.09297,1.08685,1.0918,135363.29
1742256000000,1.0918,1.09545,1.08924,1.09385,169611.2502
1742342400000,1.09386,1.09449,1.08603,1.09115,172859.49
1742428800000,1.09116,1.09171,1.08145,1.08532,162759.86
1742515200000,1.08535,1.08611,1.0797,1.08121,155310.4
1742688000000,1.0813,1.08367,1.08115,1.08358,5683.19
1742774400000,1.08358,1.08579,1.07813,1.08022,160341.85
1742860800000,1.08022,1.083,1.07767,1.07888,179609.76
1742947200000,1.07889,1.08025,1.07328,1.07409,142166.66
1743033600000,1.07411,1.0821,1.07407,1.08006,134263.69
1743120000000,1.08005,1.08447,1.07644,1.08237,123196.42
1743292800000,1.08228,1.0829,1.08049,1.08234,11788.92
1743379200000,1.08235,1.08492,1.07838,1.08173,164767.51
1743465600000,1.08174,1.08299,1.07782,1.0794,140243.58
1743552000000,1.07947,1.09242,1.078,1.09041,173666.41
1743638400000,1.09038,1.11462,1.08795,1.1045,298193.13
1743724800000,1.10448,1.11076,1.09242,1.09573,410182.29
1743897600000,1.08894,1.10006,1.08792,1.09832,27775.11
1743984000000,1.09833,1.10498,1.09007,1.09146,416802.55
1744070400000,1.09147,1.09916,1.08886,1.09773,297855.94
1744156800000,1.09771,1.10948,1.09132,1.09507,489370.33
1744243200000,1.09504,1.12623,1.09499,1.12576,337371.75
1744329600000,1.12574,1.14736,1.12466,1.13554,446818.56
1744502400000,1.13108,1.13546,1.13108,1.1342,21988.05
1744588800000,1.13419,1.14244,1.12956,1.1336,257720.31
1744675200000,1.1336,1.13789,1.12639,1.12932,228887.86
1744761600000,1.1293,1.14127,1.12925,1.13953,254127.67
1744848000000,1.13955,1.13967,1.13349,1.13715,202026.19
1744934400000,1.13717,1.13972,1.13578,1.13901,408531.0821
1745107200000,1.13946,1.14582,1.13925,1.14488,22114.86
1745193600000,1.14491,1.15729,1.14488,1.15137,201095.36
1745280000000,1.15139,1.1547,1.13077,1.13504,271037.97
1745366400000,1.13502,1.14399,1.13102,1.13292,247678.18
1745452800000,1.13293,1.13975,1.13212,1.13725,163090.05
1745539200000,1.13725,1.13885,1.13155,1.13628,165168.78
1745712000000,1.13636,1.13644,1.13398,1.13448,6614.3
1745798400000,1.13449,1.14248,1.13292,1.14075,134135.79
1745884800000,1.14076,1.14199,1.137,1.13902,151269.89
1745971200000,1.13904,1.13994,1.1317,1.13219,170061.37
1746057600000,1.13221,1.13409,1.12657,1.12955,139110.42
1746144000000,1.12955,1.13808,1.1274,1.12946,186873.05
1746316800000,1.12987,1.13278,1.12905,1.1321,8833.25
1746403200000,1.13212,1.13646,1.12969,1.1312,175679.52
1746489600000,1.13121,1.13808,1.12797,1.13397,175577.79
1746576000000,1.13396,1.1378,1.12917,1.13027,185134.96
1746662400000,1.13032,1.13361,1.12118,1.12267,195727.91
1746748800000,1.12268,1.12928,1.11964,1.1246,139764.11
1746921600000,1.119,1.12363,1.119,1.12276,10697.02
1747008000000,1.12281,1.12426,1.10651,1.10953,232069.92
1747094400000,1.10954,1.11971,1.10948,1.11856,166503.5
1747180800000,1.11858,1.12655,1.11645,1.11812,196989.32
1747267200000,1.11811,1.12279,1.117,1.11918,150648.91
1747353600000,1.11915,1.12195,1.11308,1.11612,135030.27
1747526400000,1.11749,1.11939,1.11711,1.11884,7876.095
1747612800000,1.11885,1.12879,1.11721,1.12321,153720.59
1747699200000,1.1232,1.129,1.12178,1.12881,135167.5
1747785600000,1.12881,1.13628,1.12866,1.13318,160878.47
1747872000000,1.13318,1.13448,1.12558,1.12819,163379.63
1747958400000,1.12818,1.13754,1.12787,1.13592,144725.8
1748131200000,1.13617,1.13816,1.13585,1.13744,12726.16
1748217600000,1.13747,1.14185,1.13688,1.13883,108211.3
1748304000000,1.13885,1.14071,1.1323,1.13366,145465.5518
1748390400000,1.13367,1.13454,1.12103,1.12296,172442.35
1748476800000,1.12294,1.13843,1.1223,1.13765,174301.56
1748563200000,1.13768,1.13897,1.13123,1.13453,160631.3
1748736000000,1.13439,1.13602,1.13435,1.13526,9268.6
1748822400000,1.13527,1.14538,1.13524,1.14531,139498.98
1748908800000,1.1453,1.14544,1.13639,1.1384,122583.6695
1748995200000,1.13838,1.14344,1.13568,1.14205,145279.76
1749081600000,1.14209,1.14948,1.14045,1.14533,157418.23
1749168000000,1.14532,1.14572,1.13715,1.13935,142921.49
1749340800000,1.13952,1.14111,1.13903,1.14061,4784.39
1749427200000,1.14063,1.14391,1.13864,1.14261,98861.77
1749513600000,1.1426,1.14475,1.13729,1.14372,114634.24
1749600000000,1.14375,1.15129,1.14052,1.15099,107117.96
1749686400000,1.15102,1.16311,1.15017,1.16084,133388.57
1749772800000,1.16083,1.16143,1.1489,1.15457,170771.86
1749945600000,1.15309,1.15469,1.15256,1.15376,13630.35
1750032000000,1.15376,1.16147,1.15238,1.15534,135969.7
1750118400000,1.15536,1.15796,1.14743,1.14816,143958.18
1750204800000,1.14817,1.153,1.14608,1.14758,153027.91
1750291200000,1.14758,1.15125,1.14461,1.15113,101801.41
1750377600000,1.15112,1.15439,1.1495,1.15189,102496.57
1750550400000,1.14602,1.15073,1.14544,1.14995,10413.67
1750636800000,1.14995,1.16082,1.14533,1.15979,166520.62
1750723200000,1.15977,1.16417,1.15798,1.16121,129654.97
1750809600000,1.1612,1.16845,1.15898,1.16831,96781.26
1750896000000,1.16832,1.17449,1.16673,1.1693,112735.99
1750982400000,1.16931,1.17539,1.16837,1.17162,96528.66
1751155200000,1.17287,1.17385,1.17215,1.17263,6397.29
1751241600000,1.17264,1.17907,1.17075,1.17863,105399.5
1751328000000,1.17862,1.18298,1.17611,1.1805,115191.37
1751414400000,1.18048,1.18098,1.17467,1.17985,109752.07
1751500800000,1.17985,1.181,1.17169,1.17688,108589.11
1751587200000,1.1769,1.17873,1.17561,1.17719,84127.09
1751760000000,1.17793,1.17825,1.17732,1.178,2644.38
1751846400000,1.17805,1.17901,1.16868,1.17363,106860.29
1751932800000,1.17365,1.1765,1.16825,1.17233,108965.23
1752019200000,1.17233,1.17396,1.16895,1.17378,86976.75
1752105600000,1.17375,1.17494,1.16623,1.17018,107761.3284
1752192000000,1.17016,1.17138,1.16645,1.16852,85612.36
1752364800000,1.16658,1.16843,1.16611,1.16822,6009.17
1752451200000,1.16822,1.16978,1.16541,1.1665,83778.523
1752537600000,1.1665,1.16925,1.15927,1.1607,119141.08
1752624000000,1.16073,1.17212,1.15623,1.16353,149202.3
1752710400000,1.16353,1.16361,1.15566,1.1615,107200.678
1752796800000,1.16151,1.16716,1.16119,1.16207,75653.48
1752969600000,1.16236,1.1634,1.16221,1.16294,4815.38
1753056000000,1.16296,1.17166,1.16145,1.16945,84599.07
1753142400000,1.1695,1.17607,1.16788,1.17378,77177.18
1753228800000,1.17377,1.17789,1.17109,1.17733,96130.8
1753315200000,1.17732,1.17887,1.17303,1.17545,89743.31
1753401600000,1.17548,1.17609,1.17028,1.17396,84426.67
1753574400000,1.17552,1.17686,1.17507,1.17554,4400.2
1753660800000,1.17554,1.177,1.1585,1.15963,94411.61
1753747200000,1.1596,1.15989,1.15188,1.15506,106375.16
1753833600000,1.15506,1.15725,1.14008,1.1421,154109.87
1753920000000,1.14278,1.14606,1.14058,1.14217,96436.67
1754006400000,1.14217,1.15969,1.13915,1.1583,147618.93
1754179200000,1.1591,1.15963,1.15779,1.15876,6442.13
1754265600000,1.15876,1.15887,1.15497,1.15838,101186.45
1754352000000,1.1584,1.15876,1.15277,1.15784,96402.79
1754438400000,1.15781,1.16683,1.15642,1.1663,86827.43
1754524800000,1.16628,1.16986,1.16108,1.16768,131304.21
1754611200000,1.16768,1.16792,1.16287,1.16368,78995.3
1754784000000,1.16444,1.16508,1.16426,1.16475,2971.04
1754870400000,1.16474,1.16754,1.159,1.1616,119138.81
1754956800000,1.16162,1.16971,1.15986,1.16775,120879.49
1755043200000,1.16774,1.17301,1.16703,1.1712,84748.68
1755129600000,1.1712,1.1715,1.16309,1.16504,130446.88
1755216000000,1.16506,1.17151,1.16467,1.17026,75602.35
1755388800000,1.17101,1.17157,1.17038,1.17059,2826.37
1755475200000,1.17061,1.17106,1.16561,1.16679,67121.98
1755561600000,1.16678,1.16928,1.1639,1.16415,67288.04
1755648000000,1.16413,1.16736,1.16221,1.16507,72280.64
1755734400000,1.16507,1.16626,1.1601,1.16122,89681.7
1755820800000,1.16122,1.17425,1.15828,1.17148,100779.306
1755993600000,1.17203,1.17259,1.17074,1.17083,2792.494
1756080000000,1.17077,1.17204,1.16028,1.16144,71376.24
1756166400000,1.16145,1.16652,1.16021,1.16368,117009.36
1756252800000,1.1637,1.16477,1.1574,1.16473,94225.76
1756339200000,1.16474,1.16972,1.16289,1.16785,86969.62
1756425600000,1.16786,1.17089,1.16507,1.16826,88950.41
1756598400000,1.16935,1.16959,1.16845,1.169,2229.65
1756684800000,1.16899,1.17362,1.16879,1.17147,54396.3
1756771200000,1.17148,1.17156,1.16127,1.16327,162221.71
1756857600000,1.16327,1.1682,1.16081,1.16608,120767.88
1756944000000,1.16611,1.16694,1.16298,1.16567,86473.82
1757030400000,1.16566,1.17593,1.16522,1.17141,105280.75
1757203200000,1.17111,1.17197,1.17036,1.17121,5254.1066
1757289600000,1.17122,1.17728,1.17046,1.17684,73964.66
1757376000000,1.17685,1.17799,1.16972,1.1702,122659.92
1757462400000,1.1702,1.17306,1.16824,1.17024,94291.01
1757548800000,1.17023,1.1746,1.16589,1.17329,103376.42
1757635200000,1.17329,1.17475,1.17013,1.17301,88650.04
1757808000000,1.17303,1.17344,1.17249,1.17253,2187.96
1757894400000,1.17256,1.17744,1.1716,1.17628,77233.66
1757980800000,1.17627,1.18783,1.17572,1.18709,113796.27
1758067200000,1.18711,1.19186,1.18077,1.18251,131279.95
1758153600000,1.18253,1.18482,1.175,1.17889,149058.81
1758240000000,1.1789,1.17925,1.17286,1.17405,92024.7
1758412800000,1.17449,1.17477,1.17357,1.17365,2813.74
1758499200000,1.17363,1.18037,1.17262,1.18004,81193.93
1758585600000,1.18002,1.18199,1.17787,1.18153,98759.36
1758672000000,1.18153,1.18163,1.1728,1.17423,107342.91
1758758400000,1.17422,1.17538,1.16454,1.16616,109668.7884
1758844800000,1.16615,1.17072,1.16579,1.17005,90258.09
1759017600000,1.16986,1.17097,1.16986,1.17048,3577.75
1759104000000,1.17047,1.17544,1.17044,1.17305,87619.07
1759190400000,1.17307,1.17615,1.17119,1.17344,98058.74
1759276800000,1.17342,1.17785,1.17154,1.17327,140358.238
1759363200000,1.17325,1.17583,1.16829,1.17244,88827.57
1759449600000,1.17245,1.17591,1.17146,1.17382,78892.16
1759622400000,1.17209,1.17275,1.1706,1.17116,10249.64
1759708800000,1.17121,1.17307,1.16516,1.17092,124403.88
1759795200000,1.17093,1.1711,1.16474,1.16526,82813.43
1759881600000,1.16527,1.1653,1.15983,1.1629,94311.58
1759968000000,1.16289,1.1648,1.1542,1.15652,109981.12
1760054400000,1.1565,1.16305,1.1559,1.16149,105434.01
1760227200000,1.16138,1.1615,1.15918,1.16015,7588.74
1760313600000,1.16012,1.16297,1.15574,1.15658,78546.03
1760400000000,1.15657,1.16148,1.15423,1.16032,107588.87
1760486400000,1.1603,1.16519,1.16017,1.16456,91914.41
1760572800000,1.16455,1.16994,1.16425,1.16988,111266.96
1760659200000,1.16989,1.17283,1.16496,1.16509,136514.92
1760832000000,1.16646,1.16655,1.16515,1.16578,6338.6
1760918400000,1.16579,1.16753,1.16382,1.16439,76422.19
1761004800000,1.16438,1.1655,1.15975,1.15993,115211.79
1761091200000,1.15996,1.16224,1.15767,1.16071,83209.85
1761177600000,1.16071,1.16213,1.15853,1.16171,69111.31
1761264000000,1.1617,1.1649,1.16008,1.16266,84431.29
1761436800000,1.16346,1.16362,1.16253,1.1631,4608.44
1761523200000,1.16308,1.16547,1.16176,1.16508,61097.4
1761609600000,1.16508,1.16686,1.16255,1.16568,82156.93
1761696000000,1.16568,1.1666,1.15773,1.16028,125334.84
1761782400000,1.16027,1.16374,1.1547,1.15714,108589.24
1761868800000,1.15714,1.15775,1.15214,1.1537,73402.52
1762041600000,1.15294,1.15383,1.1525,1.15274,11738.6
1762128000000,1.15273,1.15413,1.1505,1.15184,75066.72
1762214400000,1.15183,1.15334,1.14729,1.1485,83162.21
1762300800000,1.14849,1.14978,1.14687,1.14957,83753.5
1762387200000,1.14956,1.15522,1.1493,1.15485,95498.54
1762473600000,1.15485,1.1591,1.15294,1.15656,81200.49
1762646400000,1.15562,1.15582,1.15413,1.15433,5698.64
1762732800000,1.15434,1.15829,1.15409,1.15565,68009
1762819200000,1.15566,1.16057,1.15468,1.15867,68685.4
1762905600000,1.15865,1.15977,1.15627,1.15915,70570.97
1762992000000,1.15915,1.16559,1.15789,1.163,97423.88
1763078400000,1.163,1.16536,1.1606,1.16172,102283.804
1763251200000,1.16143,1.16244,1.16114,1.16147,2726.42
1763337600000,1.16147,1.16149,1.15818,1.15899,72479.61
1763424000000,1.15898,1.16076,1.15713,1.158,93337.26
1763510400000,1.158,1.15971,1.15178,1.15392,99209.93
1763596800000,1.15392,1.15499,1.15013,1.15334,101736.31
1763683200000,1.15338,1.15524,1.14909,1.15155,115651.22
1763856000000,1.15128,1.15143,1.15058,1.15073,2709.03
1763942400000,1.15074,1.15503,1.15018,1.152,71212.85
1764028800000,1.15201,1.15859,1.15114,1.15648,108585.88
1764115200000,1.15648,1.16021,1.1547,1.16017,108027.31
1764201600000,1.16018,1.16132,1.15763,1.15996,51613.66
1764288000000,1.15995,1.16075,1.1555,1.15973,177674.44
1764460800000,1.1594,1.16078,1.15912,1.1601,3303.65
1764547200000,1.16011,1.16522,1.15893,1.16066,93031.96
1764633600000,1.16069,1.1629,1.1591,1.1628,74084.42
1764720000000,1.1628,1.16775,1.16277,1.16661,95673.2
1764806400000,1.16662,1.16819,1.16409,1.16431,79510.51
1764892800000,1.16433,1.16717,1.16279,1.16388,75198.78
1765065600000,1.16373,1.16461,1.16341,1.16404,3352.39
1765152000000,1.16406,1.16718,1.16163,1.16407,76027.47
1765238400000,1.16405,1.16571,1.16149,1.16278,78858.33
1765324800000,1.1628,1.17027,1.16214,1.17013,111512.73
1765411200000,1.17013,1.17627,1.16821,1.17407,101996.75
1765497600000,1.17407,1.17497,1.17195,1.17396,90937.78
1765670400000,1.17358,1.17406,1.17277,1.17369,4068.76
1765756800000,1.1737,1.17688,1.17264,1.17533,93566.7
1765843200000,1.17535,1.1804,1.1735,1.17492,114095.99
1765929600000,1.1749,1.1758,1.1703,1.17414,109582.46
1766016000000,1.17415,1.17627,1.17123,1.17246,107383.54
1766102400000,1.17247,1.17377,1.17021,1.17103,84265.09
1766275200000,1.17149,1.17169,1.17058,1.17103,5528.74
1766361600000,1.17098,1.17693,1.17093,1.17634,76073.198
1766448000000,1.17635,1.18021,1.17628,1.17946,94474.17
1766534400000,1.17946,1.18079,1.17695,1.17714,84866.82
1766620800000,1.17708,1.17843,1.17663,1.17833,9746.23
1766707200000,1.17839,1.17966,1.17615,1.1768,83292.5
1766880000000,1.17631,1.17777,1.17631,1.17722,3047.56
1766966400000,1.17723,1.1789,1.17493,1.17722,96547.12
1767052800000,1.17721,1.17797,1.17431,1.17456,67185.16
1767139200000,1.17455,1.17592,1.17199,1.17455,86578.16
1767225600000,1.17387,1.17507,1.17387,1.17506,3652.99
1767312000000,1.17509,1.17649,1.17132,1.17199,88828.62
1767484800000,1.17203,1.17219,1.16999,1.1705,4246.75
1767571200000,1.1705,1.17286,1.16588,1.17144,108176.92
1767657600000,1.17144,1.17428,1.16837,1.16868,101256.44
1767744000000,1.1687,1.17025,1.16727,1.16767,90868.38
1767830400000,1.16768,1.16828,1.16425,1.16578,65478.22
1767916800000,1.16579,1.16604,1.16179,1.16298,83148.84
1768089600000,1.16296,1.16348,1.1623,1.16235,1680.31
1768176000000,1.16237,1.16984,1.16216,1.16673,86687.37
1768262400000,1.16673,1.16776,1.1634,1.1642,84617.54
1768348800000,1.16421,1.16615,1.16354,1.16449,84814.15
1768435200000,1.1645,1.16455,1.1593,1.16088,83253.1
1768521600000,1.16087,1.16273,1.15843,1.1595,97524
1768694400000,1.15815,1.16268,1.15777,1.16241,9014.51
1768780800000,1.1624,1.16487,1.16043,1.16393,85755.55
1768867200000,1.16395,1.17688,1.16324,1.1727,164079.84
1768953600000,1.1727,1.1743,1.16697,1.16728,129703.53
1769040000000,1.16727,1.17591,1.16727,1.17538,90835.914
1769126400000,1.17537,1.18336,1.17283,1.1828,113910.46
1769299200000,1.18661,1.18976,1.18506,1.18602,10062.52
1769385600000,1.18601,1.19069,1.18347,1.18738,149513.19
1769472000000,1.18736,1.20822,1.18502,1.20227,195945.88
1769558400000,1.20227,1.20257,1.18957,1.19808,189148.98
1769644800000,1.19807,1.19964,1.19059,1.19674,183837.31
1769731200000,1.19673,1.19729,1.18489,1.1849,227228.12
1769904000000,1.18492,1.18569,1.18395,1.18461,10395.42
1769990400000,1.18464,1.18747,1.17758,1.17987,189092.4
1770076800000,1.17986,1.18288,1.178,1.18155,123469.35
1770163200000,1.18155,1.18379,1.17903,1.18015,123473.55
1770249600000,1.18014,1.18218,1.17749,1.17764,133280.72
1770336000000,1.17763,1.1826,1.17654,1.18115,93957.37
1770508800000,1.18106,1.18277,1.18097,1.18266,5032.9
1770595200000,1.18267,1.19266,1.18159,1.19036,129340.22
1770681600000,1.19035,1.19285,1.18866,1.18876,109657.05
1770768000000,1.18877,1.19272,1.18331,1.18746,144243.61
1770854400000,1.18747,1.18899,1.18522,1.18691,127501.08
1770940800000,1.18689,1.18846,1.18469,1.18655,101364.9
1771113600000,1.18751,1.18755,1.18631,1.18667,2707.28
1771200000000,1.18667,1.18703,1.18462,1.18503,48307.77
1771286400000,1.18505,1.18573,1.18049,1.18507,89569.53
1771372800000,1.18507,1.18535,1.17818,1.17885,84270.7
1771459200000,1.17884,1.18075,1.17418,1.17682,97918.45
1771545600000,1.17683,1.18074,1.17432,1.17814,125606.52
1771718400000,1.17906,1.18346,1.17901,1.18333,5747.05
1771804800000,1.18333,1.18344,1.17744,1.17929,105382.12
1771891200000,1.17928,1.17963,1.1766,1.17738,85586.62
1771977600000,1.17738,1.18163,1.17709,1.1815,80558.98
1772064000000,1.18149,1.18288,1.17737,1.18031,88900.55
1772150400000,1.1803,1.18268,1.17887,1.18122,98371.81
1772323200000,1.17751,1.17876,1.17568,1.1759,9668.59
1772409600000,1.1759,1.17958,1.16717,1.16944,169778.73
1772496000000,1.16945,1.17067,1.153,1.16104,227813.1
1772582400000,1.16106,1.16546,1.15745,1.16346,161962.02
1772668800000,1.16346,1.16473,1.15587,1.16064,194134.69
1772755200000,1.16064,1.16213,1.15457,1.1617,184612.6
1772928000000,1.15442,1.15573,1.1521,1.15243,17029.7
1773014400000,1.15241,1.16454,1.15069,1.16163,251668.12
1773100800000,1.16163,1.16672,1.16027,1.16111,192265.08
1773187200000,1.16115,1.16453,1.15396,1.15425,165919.02
1773273600000,1.15424,1.15662,1.15096,1.15207,144946.83
1773360000000,1.15208,1.15296,1.14108,1.14161,144394.56
1773532800000,1.14218,1.14391,1.14156,1.14353,10216.15
1773619200000,1.14354,1.15248,1.14139,1.14983,126293.59
1773705600000,1.14984,1.15471,1.14658,1.15387,120127.61
1773792000000,1.15389,1.15551,1.14496,1.14632,139412.81
1773878400000,1.14631,1.16161,1.14429,1.15763,223466.25
1773964800000,1.1576,1.15805,1.15245,1.15694,156373.6
1774137600000,1.15385,1.15647,1.1535,1.15618,7699.46
1774224000000,1.1562,1.16397,1.14843,1.1608,286692.06
1774310400000,1.16079,1.16282,1.15569,1.16136,217511.8
1774396800000,1.16137,1.16305,1.15552,1.15614,156860.47
1774483200000,1.15613,1.15722,1.15196,1.15343,138747.4
1774569600000,1.15341,1.15476,1.15018,1.15059,127400.41
1774742400000,1.15047,1.15047,1.14873,1.14916,7400.26
1774828800000,1.14917,1.15211,1.1443,1.14564,120377.71
1774915200000,1.14565,1.15744,1.14471,1.15736,185958.7
1775001600000,1.15737,1.16271,1.15547,1.15896,176442.1
1775088000000,1.15895,1.16055,1.1509,1.15414,173889.48
1775174400000,1.15414,1.15489,1.15105,1.15105,42869.88
1775347200000,1.15216,1.15233,1.15048,1.15096,7783.63
1775433600000,1.15096,1.15713,1.15062,1.15407,110398.4
1775520000000,1.15407,1.16902,1.15239,1.16862,178495.6
1775606400000,1.16865,1.17217,1.16433,1.16589,210244.34
1775692800000,1.16591,1.17234,1.16503,1.16913,120346.36
1775779200000,1.16913,1.17392,1.16773,1.17216,99971.38
1775952000000,1.16739,1.16805,1.16638,1.16748,9064.748
1776038400000,1.1675,1.17666,1.16709,1.17665,120793.94
1776124800000,1.17666,1.18111,1.17561,1.17982,112725.72
1776211200000,1.17981,1.18079,1.17718,1.18065,116006.79
1776297600000,1.18067,1.18238,1.17668,1.17809,111705.56
1776384000000,1.17809,1.18491,1.17601,1.17616,139756.52
1776556800000,1.17432,1.17453,1.17288,1.17386,8064.57
1776643200000,1.17389,1.17908,1.17369,1.1784,129743.06
1776729600000,1.17841,1.17861,1.17191,1.17439,146995.5
1776816000000,1.17436,1.17626,1.17029,1.17056,109280.5
1776902400000,1.17054,1.17164,1.16691,1.16834,171102.27
1776988800000,1.16836,1.17229,1.16727,1.17192,120060.86
1777161600000,1.16947,1.1712,1.16928,1.17054,3289.56
1777248000000,1.17056,1.17548,1.17056,1.17229,100363.58
1777334400000,1.17231,1.17269,1.16774,1.17176,131781.11
1777420800000,1.17175,1.17204,1.16611,1.16845,150506.7
1777507200000,1.16846,1.17416,1.16551,1.17287,213021.39
1777593600000,1.17287,1.17851,1.17153,1.17169,136179.31
1777766400000,1.17461,1.17489,1.17248,1.17257,5003.21
1777852800000,1.17256,1.17389,1.16809,1.16915,179611.9
1777939200000,1.16915,1.17253,1.16764,1.17144,121491.42
1778025600000,1.17149,1.17966,1.17111,1.17478,173747.3
1778112000000,1.17478,1.17783,1.17224,1.17305,170173.48
1778198400000,1.17305,1.1788,1.17244,1.17838,102440.15
1778371200000,1.1752,1.177,1.17447,1.17671,5159.17
1778457600000,1.17671,1.17878,1.17485,1.17784,78615.25
1778544000000,1.17783,1.17783,1.17216,1.17349,106685.95
1778630400000,1.17348,1.17417,1.16954,1.17157,77517.23
1778716800000,1.17155,1.17214,1.16613,1.16615,91820.11
1778803200000,1.16616,1.16634,1.16168,1.16234,102335.15
1778976000000,1.16179,1.16236,1.16117,1.16134,4933.81
1779062400000,1.16137,1.16616,1.16082,1.16547,111754.31
1779148800000,1.16547,1.16558,1.15919,1.16067,104569.52
1779235200000,1.16067,1.1645,1.15826,1.16245,117371.84
1779321600000,1.16247,1.16353,1.15763,1.16177,127862.27
1779408000000,1.16178,1.1619,1.15881,1.15989,75357.64
1779580800000,1.16388,1.16461,1.16297,1.16416,5820.6
1779667200000,1.16415,1.16527,1.16296,1.16356,53313.18
1779753600000,1.16358,1.16451,1.16163,1.16362,75285.03
1779840000000,1.16363,1.16614,1.16158,1.16174,95467.88
1779926400000,1.16175,1.1661,1.15861,1.16523,100868.08
1780012800000,1.16523,1.16857,1.16248,1.16546,83916.63
1780185600000,1.16527,1.16607,1.16483,1.16485,5584.55
1780272000000,1.16486,1.16648,1.16067,1.16352,90905.26
1780358400000,1.16352,1.16555,1.16134,1.16211,65701.07
1780444800000,1.16209,1.16335,1.15945,1.16088,88162.77
1780531200000,1.1609,1.16451,1.15984,1.16122,75142.31
1780617600000,1.16121,1.16442,1.15179,1.15193,105837.28
1780790400000,1.15093,1.15227,1.15081,1.15219,5497.12
1780876800000,1.15218,1.15545,1.14999,1.15279,110666.36
1780963200000,1.15279,1.1578,1.15269,1.1535,107640.89
1781049600000,1.15348,1.15731,1.15255,1.15352,129226.62
1781136000000,1.15352,1.15896,1.15028,1.15754,144558.4
1781222400000,1.15754,1.15894,1.15569,1.15641,118965.24
1781395200000,1.15731,1.16174,1.1573,1.16027,8892.98
1781481600000,1.16027,1.16221,1.15835,1.15911,86111.62
1781568000000,1.15912,1.16196,1.15748,1.16096,82371.87
1781654400000,1.16094,1.16166,1.14778,1.15068,116124.41
1781740800000,1.15067,1.15282,1.14512,1.14582,133950.44
1781827200000,1.14582,1.14806,1.14178,1.14683,73686.09
1782000000000,1.14603,1.14668,1.14543,1.14623,3581.89
1782086400000,1.14624,1.14735,1.14189,1.14266,101596.44
1782172800000,1.14266,1.1439,1.13755,1.13789,94359.21
1782259200000,1.13789,1.1382,1.13245,1.13539,107952.39
1782345600000,1.1354,1.13879,1.13333,1.13612,105498.36
1782432000000,1.13613,1.14338,1.1354,1.13827,105176.12
1782604800000,1.13809,1.13879,1.13798,1.13852,4544.17
1782691200000,1.13851,1.14306,1.13808,1.14189,120059.83
1782777600000,1.14189,1.14366,1.13825,1.14129,127450.25
1782864000000,1.14128,1.14139,1.13617,1.13774,126671.23
1782950400000,1.13773,1.14727,1.13749,1.14224,160787.02
1783036800000,1.14224,1.14623,1.14204,1.14337,112840.17
1783209600000,1.14378,1.14379,1.1432,1.14365,7850.32
1783296000000,1.14366,1.14479,1.14083,1.14414,94431.99
1783382400000,1.14413,1.14473,1.13999,1.14013,109447.26
1783468800000,1.14015,1.14315,1.1391,1.14212,143519.7
1783555200000,1.14214,1.14491,1.14198,1.1433,100378.22
1783641600000,1.14331,1.14606,1.14114,1.14122,116860.58
1783814400000,1.14022,1.1406,1.13877,1.14041,8696.63
1783900800000,1.14042,1.14457,1.13752,1.13832,140693.8
1783987200000,1.13834,1.14623,1.1378,1.14242,151499.83
1784073600000,1.14244,1.14825,1.14059,1.14698,132193.36
1784160000000,1.14699,1.14762,1.1431,1.14449,113795.73
1784246400000,1.14451,1.14521,1.14243,1.14382,98552.8
1784419200000,1.14234,1.14312,1.14234,1.14272,5561.97
1784505600000,1.14276,1.14495,1.14023,1.14157,101988.54
1784592000000,1.14156,1.14286,1.13942,1.14022,84442.72
1784678400000,1.1402,1.14215,1.13986,1.14113,94983.16
1784764800000,1.14114,1.14356,1.13637,1.13763,124739.12
1784851200000,1.13761,1.14011,1.13648,1.13666,104196.92
1785024000000,1.1392,1.13999,1.13875,1.13944,8197.903
1785110400000,1.13948,1.14181,1.13664,1.13691,109741.65
1785196800000,1.13691,1.14052,1.13531,1.13859,96125.44
1785283200000,1.13861,1.14748,1.13744,1.14667,146104.16
1785369600000,1.14669,1.15369,1.14342,1.15228,172449.16
1785456000000,1.15231,1.15471,1.1455,1.15202,161663.12
1785628800000,1.15446,1.15587,1.15419,1.15436,12516.01
1785715200000,1.15437,1.1556,1.15002,1.15069,126657.38
1785801600000,1.15069,1.1534,1.15022,1.1532,108003.29
1785888000000,1.15318,1.15594,1.15266,1.15569,121624.31
1785974400000,1.1557,1.15594,1.15145,1.15239,95096.6
1786060800000,1.15239,1.15808,1.15176,1.15558,114549.33
1786233600000,1.15614,1.15645,1.15542,1.15554,5761.896
1786320000000,1.15556,1.15656,1.15359,1.15461,93669.98
1786406400000,1.15461,1.15497,1.15312,1.15434,86340.39
1786492800000,1.15434,1.15628,1.15197,1.15276,104661.79
1786579200000,1.15278,1.15454,1.15117,1.15336,92900.19
1786665600000,1.15337,1.15854,1.15319,1.15682,96477.1
1786838400000,1.15628,1.15757,1.15614,1.15736,3688.589
1786924800000,1.15736,1.16141,1.15709,1.15825,100879.39
1787011200000,1.15827,1.15882,1.15665,1.1576,95574.11
1787097600000,1.15763,1.16801,1.157,1.16741,148699.12
1787184000000,1.16742,1.17105,1.16692,1.16875,155376.83
1787270400000,1.16874,1.17115,1.16687,1.16784,119928.71
1787443200000,1.16724,1.16823,1.16724,1.16823,5838.631
1787529600000,1.16823,1.16871,1.16552,1.16678,120909.46
1787616000000,1.16679,1.16795,1.1651,1.16741,108632.15
1787702400000,1.16742,1.16767,1.16419,1.16554,100302.67
1787788800000,1.16554,1.16598,1.16364,1.16535,97297.07
1787875200000,1.16535,1.16589,1.15777,1.15828,129541.24
1788048000000,1.15758,1.15892,1.15758,1.15886,6102.61
1788134400000,1.15886,1.16206,1.15846,1.16181,107587.23
1788220800000,1.16181,1.16244,1.15847,1.15904,104781.47
1788307200000,1.15904,1.16091,1.15662,1.1585,127327.87
1788393600000,1.15849,1.16412,1.15835,1.16278,149089.12
1788480000000,1.16279,1.16331,1.15847,1.16113,129169.4
1788652800000,1.16093,1.1616,1.1605,1.16132,2585.25
1788739200000,1.16132,1.16358,1.16073,1.16276,85606.4
1788825600000,1.16278,1.16359,1.16079,1.16277,117377.49
1788912000000,1.16276,1.16541,1.16201,1.16338,133119.3
1788998400000,1.16337,1.16418,1.15921,1.1611,133929.3
1789084800000,1.1611,1.16174,1.15693,1.15971,151304.48
1789257600000,1.15944,1.15972,1.15894,1.15932,7705.42
1789344000000,1.15933,1.15956,1.1523,1.15477,149361.94
1789430400000,1.15477,1.15518,1.1527,1.15365,110294.29
1789516800000,1.15365,1.15565,1.14549,1.14684,158318.6
1789603200000,1.14682,1.14977,1.1456,1.14755,125483.53
1789689600000,1.14756,1.14918,1.14547,1.1483,120295.43
1789862400000,1.14808,1.14847,1.14754,1.14783,4560.96
1789948800000,1.14783,1.14957,1.14619,1.14636,104365.15
1790035200000,1.14636,1.14781,1.14293,1.14479,145895.61
1790121600000,1.14477,1.14489,1.137,1.13814,146075.38
1790208000000,1.13816,1.13991,1.1359,1.13735,183353.61
1790294400000,1.13736,1.1411,1.13682,1.13904,146453.86
1790467200000,1.13811,1.13853,1.13735,1.13779,5298.75
1790553600000,1.1378,1.13912,1.13531,1.13708,145107.48
1790640000000,1.13707,1.13716,1.13118,1.13405,145626.72
1790726400000,1.13404,1.13803,1.13222,1.13268,165522.31
1790812800000,1.13269,1.13366,1.12149,1.12479,218228.23
