timestamp,open,high,low,close,volume
1609632000000,140.73,141.304,140.73,141.244,7487.15
1609718400000,141.247,141.275,139.687,139.958,235561.33
1609804800000,139.956,140.149,139.508,139.924,220940.01
1609891200000,139.924,140.57,139.752,140.352,294138.14
1609977600000,140.349,140.99,140.103,140.839,242264.41
1610064000000,140.839,141.376,140.733,140.928,251793.27
1610236800000,140.759,140.968,140.619,140.702,6751.1
1610323200000,140.7,140.932,140.334,140.824,212168.13
1610409600000,140.821,142.028,140.745,141.785,202737.43
1610496000000,141.783,142.257,141.522,141.692,191372.8
1610582400000,141.692,142.235,141.625,142.076,202902.78
1610668800000,142.074,142.111,140.954,141.041,181508.77
1610841600000,141.082,141.195,140.966,141.013,7899.16
1610928000000,141.014,141.087,140.354,140.851,171540.44
1611014400000,140.853,141.774,140.829,141.756,154875.9
1611100800000,141.756,142.336,141.082,141.524,166031.27
1611187200000,141.524,142.215,141.423,142.098,163074.86
1611273600000,142.095,142.2,141.508,141.928,138814.66
1611446400000,142.001,142.085,141.886,142.032,7616.32
1611532800000,142.035,142.322,141.65,141.904,166035.53
1611619200000,141.906,142.452,141.277,142.354,158769.1
1611705600000,142.354,142.856,142.195,142.362,186528.44
1611792000000,142.362,143.262,142.186,143.148,195274.91
1611878400000,143.146,143.953,142.991,143.423,206851.75
1612051200000,143.597,143.641,143.374,143.432,11802.78
1612137600000,143.434,144.096,143.319,143.429,151848.59
1612224000000,143.428,143.772,143.127,143.457,147618.83
1612310400000,143.454,143.683,143.108,143.312,130020.44
1612396800000,143.313,144.388,142.834,144.34,147492.38
1612483200000,144.341,144.887,144.25,144.66,131909.01
1612656000000,144.44,144.815,144.438,144.783,14979.81
1612742400000,144.789,144.93,144.406,144.616,120139.12
1612828800000,144.615,144.667,144.032,144.483,131646.68
1612915200000,144.485,145.063,144.365,144.689,137862.45
1613001600000,144.688,144.902,144.571,144.669,106901.22
1613088000000,144.668,145.473,144.494,145.335,108318.43
1613260800000,145.263,145.748,145.263,145.714,23443.78
1613347200000,145.714,146.644,145.643,146.61,98649.18
1613433600000,146.609,147.565,146.517,147.339,156702.95
1613520000000,147.333,147.362,146.415,146.771,148007.37
1613606400000,146.771,147.785,146.547,147.566,128663.88
1613692800000,147.566,148.154,147.281,147.616,108975.72
1613865600000,147.672,148.051,147.671,148.037,15534.36
1613952000000,148.034,148.292,147.541,147.717,124650.18
1614038400000,147.717,148.669,147.659,148.666,121472.58
1614124800000,148.667,150.104,148.64,149.884,158272.82
1614211200000,149.883,150.439,148.476,148.983,202655.74
1614297600000,148.982,149.075,147.399,148.284,230914.63
1614470400000,148.335,148.88,148.28,148.789,13647.96
1614556800000,148.791,149.297,148.335,148.818,150262.83
1614643200000,148.818,149.191,148.111,148.967,154106.98
1614729600000,148.967,149.695,148.882,149.049,169206.63
1614816000000,149.049,150.728,149.041,149.976,228359.31
1614902400000,149.972,150.366,149.353,149.908,230929.82
1615075200000,149.419,150.356,149.419,150.146,14866.76
1615161600000,150.147,150.695,149.679,150.55,203380.99
1615248000000,150.557,151.278,150.489,150.776,212854.31
1615334400000,150.775,151.188,150.64,151.069,183703.24
1615420800000,151.069,151.879,150.968,151.866,176722.62
1615507200000,151.865,152.234,151.226,151.706,175190.99
1615680000000,151.653,152.021,151.511,151.992,10585.02
1615766400000,151.991,152.111,151.198,151.665,162498.38
1615852800000,151.664,151.748,150.785,151.573,155962.14
1615939200000,151.573,152.196,151.338,152.184,176703.74
1616025600000,152.185,152.548,151.455,151.663,206034.11
1616112000000,151.66,151.797,150.562,150.929,166895.81
1616284800000,150.279,150.814,150.252,150.606,8293.4
1616371200000,150.609,150.93,150.328,150.752,128936.31
1616457600000,150.753,150.777,148.911,149.013,164599.7
1616544000000,149.007,149.442,148.523,148.913,151157.41
1616630400000,148.914,150.132,148.907,150.077,152114.18
1616716800000,150.077,151.542,150.034,151.227,129435.85
1616889600000,151.29,151.425,151.072,151.402,7534
1616976000000,151.4,151.806,150.578,151.288,137836.91
1617062400000,151.286,151.94,151.149,151.615,137774.08
1617148800000,151.611,152.781,151.552,152.679,155421.47
1617235200000,152.679,153.068,152.288,153.01,151866.98
1617321600000,153.011,153.198,152.698,152.963,168877.36
1617494400000,152.902,153.075,152.835,153.065,8667.49
1617580800000,153.067,153.363,152.881,153.301,93982.84
1617667200000,153.3,153.412,151.599,151.845,148889.31
1617753600000,151.844,152.071,150.655,150.954,155801.69
1617840000000,150.954,151.088,149.88,150.143,136959.96
1617926400000,150.146,150.933,149.586,150.263,121456.18
1618099200000,150.245,150.455,150.096,150.4,6711.51
1618185600000,150.4,150.586,149.752,150.434,112099.71
1618272000000,150.433,150.825,149.665,149.863,134594.38
1618358400000,149.862,150.453,149.582,150.028,123494.83
1618444800000,150.026,150.199,149.682,149.807,124362.2
1618531200000,149.807,150.628,149.381,150.544,127189.11
1618704000000,150.427,150.525,150.217,150.223,7417.55
1618790400000,150.226,151.316,149.887,151.254,166268.74
1618876800000,151.254,151.978,150.554,150.71,151280.38
1618963200000,150.71,150.968,150.041,150.512,133027.14
1619049600000,150.508,150.649,149.305,149.438,143529.31
1619136000000,149.437,149.95,149.056,149.677,126039.71
1619308800000,149.682,149.812,149.565,149.57,7296.56
1619395200000,149.571,150.379,149.533,150.336,133965.92
1619481600000,150.336,151.261,150.145,151.192,127921.91
1619568000000,151.193,151.565,151.008,151.41,150487.36
1619654400000,151.411,152.406,151.329,151.921,133921.31
1619740800000,151.922,152.111,150.869,150.988,137534.16
1619913600000,150.858,151.112,150.79,151.015,3124.42
1620000000000,151.023,151.927,151.02,151.662,112058.2
1620086400000,151.661,152.055,150.995,151.828,152609.97
1620172800000,151.828,152.23,151.714,151.907,116936.53
1620259200000,151.904,152.119,151.245,151.529,154283.17
1620345600000,151.529,152.112,151.261,151.845,168007.14
1620518400000,152.018,152.458,151.926,152.441,7896.86
1620604800000,152.44,154.023,152.39,153.805,175649.42
1620691200000,153.804,153.958,153.144,153.672,165166.48
1620777600000,153.67,154.429,153.52,154.205,190236.52
1620864000000,154.207,154.335,153.462,153.825,166505.47
1620950400000,153.824,154.285,153.608,154.145,121478.31
1621123200000,154.089,154.292,153.825,154.289,3860.3
1621209600000,154.286,154.55,153.73,154.546,133719.29
1621296000000,154.549,154.828,154.411,154.448,138191.17
1621382400000,154.451,154.808,153.536,154.134,195638.49
1621468800000,154.133,154.443,153.617,154.41,143576.44
1621555200000,154.411,154.674,154.008,154.15,137356.82
1621728000000,154.085,154.155,153.963,154.003,4600.13
1621814400000,154.003,154.156,153.767,154.076,121736.4
1621900800000,154.071,154.446,153.772,153.858,146701.6
1621987200000,153.857,154.344,153.77,154.09,127281.84
1622073600000,154.086,156.073,153.838,155.959,161337.86
1622160000000,155.958,156.055,155.583,155.829,147620.25
1622332800000,155.602,155.913,155.511,155.837,2517.73
1622419200000,155.838,155.864,155.297,155.769,99210.93
1622505600000,155.763,155.93,154.758,154.99,140222.64
1622592000000,154.988,155.5,154.961,155.302,121469.51
1622678400000,155.3,155.814,155.292,155.592,128747.94
1622764800000,155.592,155.749,155.028,155.04,120818.69
1622937600000,155.027,155.272,154.77,155.262,4380.08
1623024000000,155.262,155.278,154.546,154.897,113110.64
1623110400000,154.896,155.089,154.552,154.886,109809.74
1623196800000,154.885,155.312,154.478,154.672,102227.94
1623283200000,154.674,155.21,154.127,155.01,163381.13
1623369600000,155.011,155.205,154.638,154.736,117643.98
1623542400000,154.584,154.906,154.536,154.887,4514.8
1623628800000,154.892,155.343,154.317,155.258,110531.22
1623715200000,155.258,155.482,154.53,154.997,115366.44
1623801600000,154.997,155.375,154.67,154.95,167853.15
1623888000000,154.952,155.009,153.141,153.763,185481.97
1623974400000,153.763,153.764,151.984,152.094,175164.28
1624147200000,152.061,152.322,151.92,152.255,7103.88
1624233600000,152.255,153.769,151.309,153.686,179310.25
1624320000000,153.685,154.464,153.093,154.351,134174.41
1624406400000,154.348,155.153,154.233,155.044,133013.09
1624492800000,155.043,155.14,153.823,154.353,134922.71
1624579200000,154.356,154.53,153.594,153.757,99990.8
1624752000000,153.666,153.999,153.633,153.979,3802.91
1624838400000,153.977,154.222,153.384,153.498,108749.27
1624924800000,153.5,153.518,152.608,152.975,111433.78
1625011200000,152.973,153.751,152.662,153.669,137543.9
1625097600000,153.674,153.968,153.349,153.505,129135.61
1625184000000,153.503,153.73,153.079,153.485,132876.61
1625356800000,153.407,153.742,153.285,153.717,9147.86
1625443200000,153.716,153.725,153.457,153.649,108783.02
1625529600000,153.65,154.068,152.351,152.671,149522.3
1625616000000,152.67,153.17,152.285,152.666,157956.05
1625702400000,152.666,152.687,150.661,151.409,195090.82
1625788800000,151.411,153.148,151.169,153.026,189512.87
1625961600000,152.943,153.235,152.923,153.18,7166.57
1626048000000,153.18,153.343,152.407,153.199,149668.11
1626134400000,153.2,153.482,152.413,152.678,163461.91
1626220800000,152.678,153.296,152.292,152.409,168409.78
1626307200000,152.408,152.801,151.603,151.8,173542.05
1626393600000,151.8,152.607,151.423,151.478,129180.64
1626566400000,151.393,151.527,151.149,151.221,5906.76
1626652800000,151.226,151.306,149.326,149.712,183203.67
1626739200000,149.713,149.972,148.457,149.866,172412.88
1626825600000,149.865,151.338,149.284,151.166,140364.8
1626912000000,151.165,151.91,150.734,151.691,141159.49
1626998400000,151.689,152.157,151.534,151.952,119167.21
1627171200000,151.932,152.159,151.905,152.075,4450.97
1627257600000,152.071,152.604,151.4,152.506,130634.38
1627344000000,152.507,152.537,151.57,152.427,133864.03
1627430400000,152.429,152.988,152.174,152.807,145855.83
1627516800000,152.806,153.441,152.509,152.773,118283.94
1627603200000,152.771,153.21,152.435,152.45,118645.78
1627776000000,152.419,152.559,152.198,152.449,3873.2
1627862400000,152.448,152.858,151.533,151.782,112753.8
1627948800000,151.783,152.197,151.162,151.677,115755.55
1628035200000,151.676,152.511,151.51,152.133,119108.27
1628121600000,152.136,153.029,152.113,152.854,109145.66
1628208000000,152.853,153.245,152.653,152.895,96887.56
1628380800000,152.868,152.985,152.818,152.893,12056.36
1628467200000,152.893,153.065,152.574,152.758,97531.76
1628553600000,152.757,153.313,152.616,153.015,93079.31
1628640000000,153.013,153.293,152.862,153.048,91506.08
1628726400000,153.048,153.196,152.314,152.472,83053.97
1628812800000,152.472,152.552,151.915,151.915,70931.58
1628985600000,151.796,152.196,151.743,151.977,6491.49
1629072000000,151.979,151.98,150.919,151.272,102299.91
1629158400000,151.273,151.295,150.172,150.502,105501.86
1629244800000,150.5,151.402,150.434,150.95,96106.68
1629331200000,150.948,151.212,149.541,149.612,124441.24
1629417600000,149.611,149.881,149.181,149.513,94632.23
1629590400000,149.202,149.699,149.198,149.647,6082.46
1629676800000,149.648,150.756,149.641,150.506,103369.22
1629763200000,150.507,151.006,150.053,150.595,90862.04
1629849600000,150.591,151.453,150.442,151.37,96981.64
1629936000000,151.37,151.592,150.609,150.76,102949.88
1630022400000,150.762,151.516,150.459,151.147,107755.91
1630195200000,151.068,151.23,150.997,151.197,5692.5
1630281600000,151.196,151.313,150.943,151.27,63041.24
1630368000000,151.27,151.591,151.06,151.344,125937.38
1630454400000,151.344,151.944,151.324,151.607,112464.94
1630540800000,151.608,152.192,151.346,152.119,97272.97
1630627200000,152.119,152.292,151.77,152.019,104541.09
1630800000000,151.936,152.158,151.919,152.123,3392.66
1630886400000,152.121,152.253,151.793,151.976,84975.26
1630972800000,151.973,152.22,151.495,151.974,118257.62
1631059200000,151.971,152.087,151.459,151.732,107855.86
1631145600000,151.734,152.168,151.417,151.902,116574.16
1631232000000,151.901,152.638,151.778,152.001,103825.4
1631404800000,151.838,152.12,151.823,152.109,4665.2
1631491200000,152.105,152.324,151.907,152.203,101891.38
1631577600000,152.201,152.848,151.324,151.495,117821.42
1631664000000,151.494,151.553,150.825,151.47,118867.43
1631750400000,151.47,151.567,150.87,151.353,108379.1
1631836800000,151.352,151.925,150.945,150.973,106875.37
1632009600000,150.895,151.09,150.787,150.978,3335.53
1632096000000,150.977,151.045,149.16,149.506,135227.36
1632182400000,149.503,150.13,148.952,149.069,130328.22
1632268800000,149.068,149.958,149.01,149.537,152066.35
1632355200000,149.536,151.478,149.524,151.372,126148.61
1632441600000,151.372,151.731,150.997,151.319,122092.53
1632614400000,151.231,151.462,151.126,151.392,3737.37
1632700800000,151.393,152.196,151.115,152.02,124209.61
1632787200000,152.018,152.568,150.537,151.02,172302.19
1632873600000,151.021,151.188,149.907,150.292,163204.76
1632960000000,150.292,150.945,149.801,150.122,158358.88
1633046400000,150.121,150.74,149.226,150.415,171444.42
1633219200000,150.333,150.632,150.073,150.548,7262.89
1633305600000,150.55,151.52,150.211,150.99,160837.87
1633392000000,150.991,152.047,150.744,151.906,156727.26
1633478400000,151.904,152.157,150.809,151.421,180059.37
1633564800000,151.42,152.089,151.028,152.071,128468.03
1633651200000,152.071,152.935,152.002,152.793,147849.61
1633824000000,152.624,152.963,152.624,152.869,8913.19
1633910400000,152.867,154.504,152.854,154.102,134887.82
1633996800000,154.102,154.822,153.681,154.141,155604.81
1634083200000,154.142,154.952,154.11,154.87,161183.74
1634169600000,154.871,155.74,154.826,155.582,124996.97
1634256000000,155.582,157.414,155.569,156.968,140390.51
1634428800000,156.885,157.379,156.851,157.324,15834.48
1634515200000,157.325,157.331,156.606,156.978,160648.66
1634601600000,156.979,158.053,156.872,157.981,144436.47
1634688000000,157.984,158.215,157.015,158.102,129916.28
1634774400000,158.103,158.165,156.774,157.006,148447.04
1634860800000,157.011,157.656,155.924,156.116,159634.76
1635033600000,155.982,156.435,155.982,156.422,5605.55
1635120000000,156.424,156.815,156.153,156.572,155271.77
1635206400000,156.574,157.77,156.506,157.175,141381.96
1635292800000,157.175,157.265,155.703,156.225,181665.43
1635379200000,156.227,156.773,155.913,156.77,195328.59
1635465600000,156.771,157.097,155.785,155.964,179450.9
1635638400000,155.918,156.324,155.892,156.301,8651.77
1635724800000,156.303,156.489,155.604,155.781,151288.02
1635811200000,155.783,155.832,154.661,155.171,156677.36
1635897600000,155.171,156.245,154.959,156.202,162233.5
1635984000000,156.2,156.213,153.115,153.758,167385.51
1636070400000,153.761,153.761,152.808,153.015,160988.85
1636243200000,152.756,153.14,152.754,153.08,13103.58
1636329600000,153.078,153.653,152.703,153.611,134803.63
1636416000000,153.61,153.628,152.737,153.102,162275.09
1636502400000,153.105,153.738,152.576,152.766,205362.67
1636588800000,152.763,153.009,152.374,152.418,135633.84
1636675200000,152.416,152.932,152.405,152.727,138487.85
1636848000000,152.83,153.013,152.747,152.919,8409.37
1636934400000,152.918,153.278,152.625,153.049,128382.7
1637020800000,153.044,154.312,153.036,154.257,155160.61
1637107200000,154.251,154.731,153.648,154.02,165982.51
1637193600000,154.021,154.305,153.704,154.265,133338.86
1637280000000,154.266,154.447,152.514,153.244,198800.26
1637452800000,153.129,153.385,153.09,153.32,15492.16
1637539200000,153.323,154.053,153.121,153.786,162411.63
1637625600000,153.784,154.212,153.278,153.998,170852.71
1637712000000,153.996,154.145,153.362,153.829,160836.8
1637798400000,153.829,154.058,153.133,153.194,133628.99
1637884800000,153.189,153.242,150.696,150.781,301580.14
1638057600000,151.203,151.912,151.031,151.705,17333.27
1638144000000,151.703,151.866,150.684,151.518,203779.3
1638230400000,151.515,151.624,149.722,150.632,305926.84
1638316800000,150.632,151.432,149.52,149.874,225183.82
1638403200000,149.872,150.792,149.784,150.307,212572.05
1638489600000,150.307,150.752,148.975,149.229,193221.91
1638662400000,149.209,149.686,149.182,149.609,9057.59
1638748800000,149.609,150.602,149.349,150.479,171238.28
1638835200000,150.479,151.125,150.12,150.365,134445.71
1638921600000,150.362,150.695,149.357,150.159,174457.99
1639008000000,150.158,150.315,149.485,150.009,123403.98
1639094400000,150.011,150.509,149.667,150.445,152407.76
1639267200000,150.305,150.481,150.194,150.479,10350.07
1639353600000,150.477,150.752,149.869,150.063,122413.88
1639440000000,150.064,150.577,149.762,150.466,132666.76
1639526400000,150.465,151.474,150.273,151.37,172871.19
1639612800000,151.365,152.631,151.089,151.427,184496.63
1639699200000,151.43,151.71,150.424,150.474,166104.19
1639872000000,150.449,150.548,150.163,150.167,8434.33
1639958400000,150.165,150.4,149.521,150.135,189926.74
1640044800000,150.137,151.408,149.886,151.244,124512.03
1640131200000,151.242,152.577,151.099,152.356,128401.33
1640217600000,152.357,153.705,152.298,153.414,116229.11
1640304000000,153.415,153.552,152.963,153.182,239580.04
1640476800000,153.035,153.304,152.933,153.241,2862.43
1640563200000,153.242,154.457,153.16,154.288,65783.38
1640649600000,154.286,154.58,153.998,154.19,83648.84
1640736000000,154.19,155.143,154.053,155.14,183305.14
1640822400000,155.143,155.663,154.912,155.302,105861.27
1640908800000,155.302,156.009,154.993,155.543,96853.46
1641081600000,155.466,155.776,155.458,155.688,3591.83
1641168000000,155.684,155.916,154.883,155.485,120315.81
1641254400000,155.482,157.426,155.372,157.18,154031.68
1641340800000,157.181,157.766,156.572,157.399,156780.77
1641427200000,157.396,157.466,156.082,156.792,151512.11
1641513600000,156.79,157.179,156.737,157.004,121008.15
1641686400000,156.737,157.161,156.727,157.136,5192.72
1641772800000,157.137,157.372,155.943,156.534,125596.55
1641859200000,156.537,157.31,156.413,157.225,140213.35
1641945600000,157.224,157.705,156.752,157.162,134682.82
1642032000000,157.166,157.458,156.305,156.484,143962.54
1642118400000,156.484,156.523,155.453,156.116,168893.29
1642291200000,156.005,156.314,155.985,156.288,8325.89
1642377600000,156.288,156.714,156.194,156.358,102302.69
1642464000000,156.356,156.899,155.472,155.785,179890.32
1642550400000,155.786,156.229,155.396,155.608,166000.25
1642636800000,155.609,156.06,154.846,154.988,158582.01
1642723200000,154.988,155.016,153.905,154.036,173956.86
1642896000000,153.996,154.242,153.925,154.235,7103.47
1642982400000,154.236,154.484,152.899,153.784,224727.52
1643068800000,153.786,154.011,153.114,153.86,233623.37
1643155200000,153.861,154.733,153.668,154.491,204446.25
1643241600000,154.489,154.716,153.817,154.42,251373.97
1643328000000,154.422,154.953,154.086,154.351,217912.87
1643500800000,154.411,154.542,154.368,154.48,8493.77
1643587200000,154.472,155.327,154.388,154.768,197627.68
1643673600000,154.767,155.202,154.483,155.168,173060
1643760000000,155.164,155.434,154.805,155.145,163828.25
1643846400000,155.144,156.498,155.041,156.313,213985.56
1643932800000,156.31,156.501,155.557,155.82,205977.87
1644105600000,156.027,156.078,155.906,155.927,8379.96
1644192000000,155.929,156.162,155.13,155.754,175789.11
1644278400000,155.754,156.719,155.751,156.504,187319.69
1644364800000,156.503,156.854,156.192,156.43,145725.27
1644451200000,156.431,158.062,156.243,157.237,236784.2
1644537600000,157.233,157.705,155.857,156.496,253515.33
1644710400000,156.323,156.858,156.304,156.831,12092.54
1644796800000,156.83,156.844,155.302,156.341,260190.88
1644883200000,156.343,156.824,155.962,156.577,198706.84
1644969600000,156.58,157.111,156.346,156.72,179278.22
1645056000000,156.715,156.992,156.044,156.374,245083.32
1645142400000,156.372,157.287,156.211,156.216,195898.85
1645315200000,156.227,156.332,156.08,156.241,10248.21
1645401600000,156.242,156.746,155.51,155.8,165608.76
1645488000000,155.802,156.507,155.568,156.394,234103.1
1645574400000,156.396,156.77,155.597,155.628,167816.72
1645660800000,155.624,155.884,153.362,154.498,387052.52
1645747200000,154.501,155.177,154.151,154.832,254904.65
1645920000000,153.978,154.631,153.858,154.557,22692.66
1646006400000,154.556,154.99,153.949,154.462,244744.58
1646092800000,154.463,154.686,152.656,153.137,214934.78
1646179200000,153.131,154.919,152.811,154.747,253324.53
1646265600000,154.744,155.224,153.861,154.167,205356.42
1646352000000,154.169,154.216,151.462,151.932,239434.54
1646524800000,151.941,152.106,151.583,151.866,18426.43
1646611200000,151.866,152.228,151.031,151.276,292273.94
1646697600000,151.278,152.007,150.975,151.576,274635.3
1646784000000,151.575,152.849,151.575,152.817,208897.51
1646870400000,152.817,152.991,151.877,152.22,211585.39
1646956800000,152.221,153.397,152.01,152.887,215539.84
1647129600000,152.932,153.453,152.831,153.371,8843.35
1647216000000,153.369,154.187,153.179,153.795,193978.09
1647302400000,153.794,154.686,153.225,154.32,214587.2
1647388800000,154.321,156.283,154.246,156.186,235177.97
1647475200000,156.185,156.702,155.449,155.904,213230.04
1647561600000,155.904,157.222,155.884,156.962,173728.25
1647734400000,156.815,157.125,156.761,156.937,7125.47
1647820800000,156.937,157.511,156.37,157.487,150890.29
1647907200000,157.488,161.019,157.461,160.963,235723.71
1647993600000,160.963,161.093,159.032,159.94,196433.28
1648080000000,159.939,161.491,159.58,161.426,214710.95
1648166400000,161.424,161.432,159.847,160.832,231065.46
1648339200000,160.676,161.18,160.669,161.063,9698.51
1648425600000,161.063,164.627,160.761,161.903,340548.52
1648512000000,161.901,162.615,160.252,161.202,322997.6
1648598400000,161.202,161.202,159.035,160.295,320528.45
1648684800000,160.294,160.873,159.433,160.032,325775.36
1648771200000,160.03,161.181,160.007,160.608,252415.85
1648944000000,160.56,160.837,160.514,160.7,10715.49
1649030400000,160.699,161.3,160.272,161.016,189545.74
1649116800000,161.014,161.966,160.5,161.704,235034.44
1649203200000,161.703,162.271,161.52,161.694,263086.28
1649289600000,161.695,162.351,161.394,162.173,234436.97
1649376000000,162.167,162.237,161.64,161.978,216803.33
1649548800000,161.524,162.164,161.524,162.087,9618.55
1649635200000,162.081,163.84,161.926,163.413,267996.08
1649721600000,163.412,163.623,162.784,163.067,273640.5
1649808000000,163.067,164.848,162.988,164.449,296718.68
1649894400000,164.449,164.922,164.028,164.83,290019.48
1649980800000,164.83,165.406,164.651,164.948,430997.71
1650153600000,164.903,165.418,164.866,165.313,15133.55
1650240000000,165.312,165.418,164.633,165.378,185032.2
1650326400000,165.381,168.332,165.276,168.305,294026.97
1650412800000,168.303,168.423,166.424,167.253,327496.48
1650499200000,167.251,167.904,166.971,167.279,291459.92
1650585600000,167.282,167.58,164.797,164.996,310748.64
1650758400000,164.757,165.309,164.751,164.972,16947.36
1650844800000,164.97,165.168,162.049,162.748,372319.45
1650931200000,162.749,163.593,159.621,160.098,366583.75
1651017600000,160.098,161.382,160.077,161.054,368103.99
1651104000000,161.062,164.246,160.883,163.012,406281.97
1651190400000,163.013,163.983,162.382,163.188,340810.03
1651363200000,163.195,163.882,163.179,163.403,23922.14
1651449600000,163.404,163.823,162.28,162.613,281072.54
1651536000000,162.612,163.406,162.347,162.63,262267.91
1651622400000,162.626,163.567,161.775,163.04,276861.69
1651708800000,163.044,163.171,160.436,161.101,373278.35
1651795200000,161.101,161.6,160.31,160.994,380601.75
1651968000000,161.054,161.294,160.85,161.136,18773.75
1652054400000,161.132,162.179,160.155,160.829,358202.53
1652140800000,160.827,161.513,160.034,160.439,396215.06
1652227200000,160.437,161.304,158.797,158.84,387849.55
1652313600000,158.838,159.045,155.594,156.948,464849.39
1652400000000,156.949,158.488,156.663,158.394,320755.02
1652572800000,158.106,158.746,158.106,158.618,21395.92
1652659200000,158.618,159.271,157.426,158.936,274731.9
1652745600000,158.936,161.846,158.858,161.612,288867.13
1652832000000,161.609,161.737,157.883,157.909,287108.52
1652918400000,157.913,159.915,157.871,159.332,399161.24
1653004800000,159.336,160.195,158.725,159.685,344160.89
1653177600000,159.459,160.122,159.287,159.899,12308.96
1653264000000,159.899,161.003,159.401,160.625,284406.44
1653350400000,160.621,160.843,157.986,158.938,297477.71
1653436800000,158.937,160.297,158.383,160.028,304013.24
1653523200000,160.029,160.826,159.011,160.359,272527.75
1653609600000,160.352,160.648,159.815,160.505,226445.35
1653782400000,160.255,160.804,160.255,160.665,8843.08
1653868800000,160.666,161.665,160.326,161.567,207596.42
1653955200000,161.567,162.351,160.936,162.304,322933.1
1654041600000,162.303,163.318,161.965,162.432,288935.25
1654128000000,162.434,163.458,162.107,163.434,239385.37
1654214400000,163.433,164.089,163.054,163.369,202357.15
1654387200000,163.42,163.592,163.263,163.264,14394.66
1654473600000,163.265,165.658,162.906,165.518,235979.71
1654560000000,165.518,167.255,165.278,167.182,304658.66
1654646400000,167.176,168.693,166.972,168.608,316652.99
1654732800000,168.605,168.72,166.695,167.883,343642.15
1654819200000,167.885,167.885,165.165,165.439,319798.8
1654992000000,165.393,165.825,165.347,165.465,24724.77
1655078400000,165.465,166.119,162.244,162.988,421975.69
1655164800000,162.987,164.308,161.332,162.469,458591.09
1655251200000,162.47,163.311,161.722,163.196,492802.81
1655337600000,163.19,163.843,159.983,163.536,527040.36
1655424000000,163.536,166.217,162.966,164.898,479471.81
1655596800000,164.866,165.556,164.781,165.433,22151.71
1655683200000,165.432,165.652,164.465,165.463,335462.12
1655769600000,165.466,167.835,165.337,167.167,348485.04
1655856000000,167.169,167.442,165.759,166.612,393546.9
1655942400000,166.612,166.888,164.652,165.281,408199.74
1656028800000,165.277,166.305,164.8,165.904,331229.54
1656201600000,165.53,166.238,165.53,165.877,17480.36
1656288000000,165.877,166.523,165.122,166.126,356158.52
1656374400000,166.122,166.928,165.703,165.801,390413.16
1656460800000,165.799,166.337,165.402,165.7,412329.82
1656547200000,165.699,165.816,164.801,165.126,379174.71
1656633600000,165.126,165.309,161.566,163.526,394921.96
1656806400000,163.687,163.999,163.339,163.347,21162.8
1656892800000,163.344,164.742,162.996,164.572,275982.28
1656979200000,164.564,165.273,161.58,161.981,385708.28
1657065600000,161.979,162.577,160.387,162.074,449237.38
1657152000000,162.074,163.649,161.575,163.489,350052.13
1657238400000,163.489,163.927,161.815,163.682,371528.07
1657411200000,163.495,163.953,163.473,163.782,13218.38
1657497600000,163.781,164.463,163.035,163.505,344082.94
1657584000000,163.499,163.545,161.824,162.401,381350.13
1657670400000,162.396,164.114,162.394,163.276,408857.8
1657756800000,163.277,165.185,163.149,164.553,452893.85
1657843200000,164.551,164.694,163.644,164.284,339567.06
1658016000000,164.325,164.54,164.228,164.426,19107.54
1658102400000,164.426,166.089,164.16,165.192,337071.39
1658188800000,165.193,165.976,164.712,165.848,355846.26
1658275200000,165.848,166.239,165.126,165.65,327390.56
1658361600000,165.651,165.977,164.406,164.421,419969.59
1658448000000,164.423,165.141,162.994,163.308,391566.03
1658620800000,163.231,163.602,163.106,163.403,16674.71
1658707200000,163.404,165.085,162.986,164.416,336837.18
1658793600000,164.424,164.96,163.466,164.837,328483.38
1658880000000,164.838,166.33,164.733,165.537,360801.67
1658966400000,165.537,165.695,162.856,163.598,420565.72
1659052800000,163.599,163.891,161.526,162.226,418009.68
1659225600000,161.981,162.495,161.961,162.276,14874.83
1659312000000,162.276,162.314,161.015,161.055,415683.8
1659398400000,161.054,162.332,159.432,161.913,515752.13
1659484800000,161.912,163.055,161.201,162.554,460919.23
1659571200000,162.551,163.927,161.105,161.233,416155.76
1659657600000,161.235,163.362,161.172,162.925,362410.65
1659830400000,162.867,163.187,162.794,162.887,19762.92
1659916800000,162.887,163.836,162.557,162.945,358833.9
1660003200000,162.946,163.663,162.613,163.198,278436.73
1660089600000,163.204,163.58,161.671,162.159,385403.29
1660176000000,162.157,162.442,161.254,162.194,407045.7
1660262400000,162.198,162.784,161.797,161.898,321673.75
1660435200000,161.745,162.069,161.592,161.661,12204.86
1660521600000,161.666,161.808,160.337,160.503,323370.01
1660608000000,160.501,162.737,160.077,162.398,323486.99
1660694400000,162.398,163.561,162.165,162.545,330489.68
1660780800000,162.548,163.236,161.678,162.014,371065.18
1660867200000,162.014,162.835,161.626,161.911,334375.17
1661040000000,161.714,162.027,161.71,161.94,17604.04
1661126400000,161.94,162.524,161.152,161.855,337862.11
1661212800000,161.854,162.304,160.795,161.754,379253.53
1661299200000,161.754,161.885,160.827,161.625,344061.39
1661385600000,161.624,161.984,161.312,161.438,328500.23
1661472000000,161.441,162.678,161.224,161.638,345092.15
1661644800000,161.433,161.607,161.323,161.482,22920.33
1661731200000,161.481,162.637,161.447,162.504,359412.29
1661817600000,162.501,162.58,161.491,161.766,422295.35
1661904000000,161.767,161.894,160.889,161.572,417242.78
1661990400000,161.573,161.857,160.964,161.747,392701.49
1662076800000,161.753,162.485,161.143,161.384,319527.6
1662249600000,160.915,161.272,160.729,161.23,21187.59
1662336000000,161.228,162.519,160.655,162.395,291381.37
1662422400000,162.398,165.251,162.242,164.771,402934.15
1662508800000,164.772,166.304,164.177,166.014,451529.45
1662595200000,166.017,166.253,164.877,165.738,440228.39
1662681600000,165.74,166.232,164.296,165.197,471796.97
1662854400000,165.419,165.794,165.132,165.647,18835.01
1662940800000,165.647,167.033,165.375,166.652,413595.16
1663027200000,166.654,167.617,165.985,166.165,463857.51
1663113600000,166.165,166.423,164.747,164.985,497209.28
1663200000000,164.984,165.724,164.101,164.139,391621.49
1663286400000,164.14,164.492,162.731,163.183,358429.2
1663459200000,163.076,163.426,163.059,163.218,20157.14
1663545600000,163.217,163.936,162.933,163.857,270491.89
1663632000000,163.857,164.433,163.131,163.408,362658.29
1663718400000,163.407,163.936,162.061,162.366,438233.18
1663804800000,162.365,164.425,159.106,160.224,589830.97
1663891200000,160.223,160.376,155.366,155.366,506296.7
1664064000000,154.963,155.61,154.647,154.889,40360.11
1664150400000,154.889,157.205,148.819,155.519,721223.94
1664236800000,155.537,156.354,154.34,155.2,581290.14
1664323200000,155.198,157.079,152.536,156.398,685537.52
1664409600000,156.401,161.727,155.598,161.321,629328.15
1664496000000,161.321,162.164,159.421,161.586,553842.02
1664668800000,161.442,161.916,161.094,161.225,31330.12
1664755200000,161.234,163.882,160.557,163.852,533202.24
1664841600000,163.852,165.569,163.411,164.707,520519.47
1664928000000,164.705,165.708,162.595,164.012,530175.95
1665014400000,164.009,164.437,161.07,161.877,548423.79
1665100800000,161.871,162.594,160.762,161.112,465794.94
1665273600000,161.145,161.159,160.808,161.051,30932.78
1665360000000,161.051,161.548,160.456,161.373,429043.96
1665446400000,161.379,162.657,159.72,159.937,520357.21
1665532800000,159.942,163.311,159.804,162.92,562974.13
1665619200000,162.919,167.271,162.308,166.471,549100.12
1665705600000,166.469,167.206,165.027,166.261,540269.71
1665878400000,166.62,167.144,166.48,167.077,30529.74
1665964800000,167.078,170.085,166.616,169.096,508440.38
1666051200000,169.096,169.793,167.564,169.23,545424.58
1666137600000,169.228,169.295,167.615,167.892,455458.04
1666224000000,167.89,169.72,167.408,168.505,568600.21
1666310400000,168.51,169.563,164.939,166.696,605696.59
1666483200000,168.088,169.791,165.452,167.323,62063.81
1666569600000,167.324,169.492,167.241,168.318,493049.11
1666656000000,168.317,169.939,167.835,169.543,505933.78
1666742400000,169.54,170.59,169.31,170.017,599691.84
1666828800000,170.016,170.055,168.718,169.151,572627.09
1666915200000,169.151,171.357,168.867,171.254,510057.7
1667088000000,170.823,171.375,170.811,171.371,25037.95
1667174400000,171.368,172.113,170.332,170.556,413788.32
1667260800000,170.557,170.944,169.469,169.935,483617.68
1667347200000,169.933,170.069,168.131,168.339,491470.08
1667433600000,168.338,168.338,165.09,165.743,481603.59
1667520000000,165.743,166.967,165.08,166.814,507768.38
1667692800000,166.13,166.581,165.811,166.369,21450.49
1667779200000,166.369,169.082,166.347,168.796,447359.38
1667865600000,168.795,169.062,167.295,167.824,451281.04
1667952000000,167.826,168.31,165.951,166.181,510155.54
1668038400000,166.177,167.444,164.355,165.736,553995.75
1668124800000,165.731,166.083,163.022,164.176,612445.9
1668297600000,164.169,164.967,163.956,164.675,21876.99
1668384000000,164.671,165.698,163.676,164.622,519099.77
1668470400000,164.619,166.19,164.409,165.065,650330.26
1668556800000,165.064,166.378,164.97,165.982,503818.26
1668643200000,165.978,166.536,165.165,166.511,449021.29
1668729600000,166.512,167.308,166.112,166.778,372232.88
1668902400000,166.843,166.976,166.608,166.694,14262.37
1668988800000,166.694,168.097,166.09,168.03,377545.33
1669075200000,168.027,168.283,167.332,167.876,335091.99
1669161600000,167.875,168.993,167.741,168.149,371140.32
1669248000000,168.147,168.273,167.147,167.863,315531.69
1669334400000,167.861,168.782,167.626,168.067,318953.03
1669507200000,167.991,168.184,167.927,167.984,23775.81
1669593600000,167.985,168.045,165.828,165.89,419585.79
1669680000000,165.89,166.664,165.513,165.738,394135.84
1669766400000,165.737,167.39,165.442,165.841,471567.28
1669852800000,165.849,167.216,164.501,165.66,516404.79
1669939200000,165.658,165.975,164.024,165.05,452648.04
1670112000000,164.847,165.374,164.696,165.339,12039.2
1670198400000,165.337,166.822,165.273,166.51,402835.87
1670284800000,166.51,167.48,165.966,166.066,429940.79
1670371200000,166.065,167.413,165.947,166.503,433890.14
1670457600000,166.502,167.331,166.273,167.148,369435.7
1670544000000,167.145,168.048,166.141,167.508,398167.51
1670716800000,167.2,167.484,167.187,167.265,12096.23
1670803200000,167.269,169.016,167.063,168.709,317182.77
1670889600000,168.708,169.267,167.088,167.486,403155.85
1670976000000,167.484,168.372,166.714,168.091,412960.91
1671062400000,168.092,168.833,167.617,167.917,380405.83
1671148800000,167.918,167.998,165.91,165.91,311463.4
1671321600000,165.092,166.08,165.031,166.051,11130.04
1671408000000,166.051,166.895,165.462,166.473,301757.94
1671494400000,166.472,167.009,158.583,160.742,477958.11
1671580800000,160.739,161.026,159.461,159.855,289204.58
1671667200000,159.849,160.242,158.785,159.29,274384.94
1671753600000,159.289,160.518,159.15,159.969,243947.64
1671926400000,159.999,160.128,159.923,159.971,203.37
1672012800000,159.961,160.757,159.466,160.406,99635.13
1672099200000,160.403,160.94,160.166,160.522,195847.68
1672185600000,160.52,162.333,160.509,161.21,238705.08
1672272000000,161.209,161.469,160.045,160.232,236845.91
1672358400000,160.231,160.282,157.819,158.582,291240.6
1672531200000,157.928,158.152,157.928,158.152,3
1672617600000,158.187,158.449,157.265,157.766,106906.95
1672704000000,157.766,157.898,155.342,157.102,379987.86
1672790400000,157.103,160.17,156.495,159.442,415274.19
1672876800000,159.442,160.023,158.497,158.755,379375.81
1672963200000,158.755,160.013,158.743,159.75,364061.54
1673136000000,159.232,159.991,159.232,159.739,13791.96
1673222400000,159.74,161.225,159.298,160.482,391887.62
1673308800000,160.485,160.928,160.035,160.54,347697.93
1673395200000,160.54,161.202,160.22,160.36,248601.65
1673481600000,160.362,160.502,157.628,157.797,372942.92
1673568000000,157.797,157.923,155.635,156.34,321691.02
1673740800000,155.953,156.67,155.953,156.507,8274.67
1673827200000,156.507,157.071,156.176,156.664,218610.03
1673913600000,156.676,158.017,156.579,157.568,308274.76
1674000000000,157.571,161.52,157.476,158.705,424031.29
1674086400000,158.702,159.233,157.561,159.069,278658.75
1674172800000,159.069,161.28,159.035,160.508,247043.01
1674345600000,160.516,160.849,160.447,160.512,7476.89
1674432000000,160.512,161.801,160.355,161.652,244301.86
1674518400000,161.652,161.764,159.983,160.564,226254.03
1674604800000,160.565,160.921,159.5,160.4,233041.35
1674691200000,160.399,161.73,160,161.133,265881.5
1674777600000,161.132,161.266,160.402,160.937,192397.56
1674950400000,160.555,161.016,160.519,160.99,7884.79
1675036800000,160.993,161.412,160.197,161.136,234644.97
1675123200000,161.137,161.168,159.757,160.14,220501.88
1675209600000,160.137,160.664,158.903,159.297,272018.01
1675296000000,159.299,159.608,157.153,157.354,294160.97
1675382400000,157.357,158.741,156.721,158.106,252045.27
1675555200000,159.404,159.422,158.432,159.037,13126.03
1675641600000,159.037,159.942,158.71,159.485,235492.68
1675728000000,159.485,159.565,157.419,157.966,299813.67
1675814400000,157.967,158.83,157.6,158.582,232692.52
1675900800000,158.583,159.502,158.11,159.331,247487.71
1675987200000,159.335,159.624,157.521,158.39,264411.35
1676160000000,158.225,158.634,158.225,158.529,6087.69
1676246400000,158.529,161.189,158.409,160.788,199555.92
1676332800000,160.787,162.172,160.096,161.893,322537.89
1676419200000,161.899,161.972,160.75,161.172,256251.38
1676505600000,161.172,161.506,160.461,160.534,256902.94
1676592000000,160.535,161.639,160.487,161.536,214972.18
1676764800000,161.342,161.587,161.342,161.548,12213.6
1676851200000,161.546,161.717,161.16,161.708,120455.67
1676937600000,161.708,163.751,161.427,163.464,244511.07
1677024000000,163.466,163.557,162.262,162.544,230885.45
1677110400000,162.547,162.843,161.427,161.767,210627.87
1677196800000,161.768,163.114,161.192,162.95,250478.21
1677369600000,163.015,163.094,162.794,163.013,6602.74
1677456000000,163.017,164.451,162.601,164.425,210278.63
1677542400000,164.428,166.004,163.44,164.057,232355.87
1677628800000,164.06,164.501,162.856,163.782,253907.67
1677715200000,163.78,163.927,163.061,163.363,249280.42
1677801600000,163.36,163.639,163.086,163.589,201627.77
1677974400000,163.462,163.632,163.394,163.587,10455.7
1678060800000,163.586,163.783,162.972,163.527,196905.11
1678147200000,163.525,163.852,162.01,162.477,258154.39
1678233600000,162.477,162.976,161.698,162.588,218149.15
1678320000000,162.589,162.628,161.605,162.584,202926.09
1678406400000,162.582,164.229,161.939,162.396,369841.46
1678579200000,162.109,163.063,161.398,162.973,31346.8
1678665600000,162.976,163.043,160.033,161.915,485833.16
1678752000000,161.916,164.075,161.853,163.34,400014.24
1678838400000,163.335,164.133,159.198,160.369,472426.48
1678924800000,160.37,162.102,158.546,161.493,375324.89
1679011200000,161.491,162.178,160.105,160.481,281609.38
1679184000000,160.867,161.303,160.583,161.191,22804.34
1679270400000,161.195,161.719,158.951,161.261,338575.68
1679356800000,161.263,162.254,160.75,161.848,237965.44
1679443200000,161.847,163.333,160.779,161.049,302563.29
1679529600000,161.051,161.846,159.925,160.704,339527.79
1679616000000,160.707,160.735,158.254,159.847,332158.98
1679788800000,159.429,160.303,159.429,160.216,15789.95
1679875200000,160.215,161.841,159.758,161.372,245703.78
1679961600000,161.369,161.772,160.724,161.577,235925.32
1680048000000,161.58,163.678,161.534,163.167,243294.23
1680134400000,163.165,165.056,162.966,164.976,235374.63
1680220800000,164.976,165.461,163.619,163.705,244354.35
1680393600000,164.26,164.365,163.701,163.832,21445.43
1680480000000,163.831,164.897,163.419,164.339,245613.52
1680566400000,164.342,166.399,164.175,164.176,246725.41
1680652800000,164.175,164.671,162.766,163.127,253900.69
1680739200000,163.124,164.105,162.889,163.745,199272.43
1680825600000,163.741,164.311,163.452,163.949,126196.25
1680998400000,164.004,164.276,163.783,164.202,10425.55
1681084800000,164.203,165.51,163.981,165.382,172931.02
1681171200000,165.381,166.189,165.184,166.048,201387.65
1681257600000,166.047,166.589,165.377,166.245,220181.62
1681344000000,166.243,166.838,165.395,165.926,207285.91
1681430400000,165.928,166.221,165.404,166.058,213552.18
1681603200000,165.961,166.186,165.928,166.153,9176.85
1681689600000,166.154,166.624,165.683,166.36,196014.84
1681776000000,166.353,167.007,166.159,166.537,198817.45
1681862400000,166.533,167.964,166.48,167.417,205998.55
1681948800000,167.416,167.699,166.639,166.69,195215.18
1682035200000,166.687,167.003,165.506,166.836,179982.41
1682208000000,166.681,166.897,166.668,166.749,6435.73
1682294400000,166.75,167.714,166.535,167.588,169396.67
1682380800000,167.586,167.952,165.418,165.981,203523.07
1682467200000,165.982,167.006,165.641,166.407,247129.36
1682553600000,166.401,167.497,166.308,167.056,222880.46
1682640000000,167.059,171.163,166.437,171.102,301010.44
1682812800000,170.856,171.385,170.856,171.288,13911.9
1682899200000,171.277,172.09,170.984,171.708,168228.35
1682985600000,171.702,172.324,169.943,170.279,238883.7
1683072000000,170.279,170.372,168.903,169.11,254950.97
1683158400000,169.111,169.531,168.052,168.783,275313.84
1683244800000,168.782,170.612,168.665,170.284,180441.03
1683417600000,170.249,170.865,170.249,170.739,9566.43
1683504000000,170.739,171.063,170.175,170.371,158282.16
1683590400000,170.369,170.848,169.849,170.788,175993.74
1683676800000,170.783,171.174,169.098,169.305,189133.1
1683763200000,169.302,169.731,167.834,168.212,221603.38
1683849600000,168.205,169.127,168.184,168.927,151109.55
1684022400000,168.791,169.139,168.765,169.111,15234.55
1684108800000,169.108,170.615,169.034,170.368,158616.94
1684195200000,170.368,170.828,169.393,170.31,164658.98
1684281600000,170.31,172.004,170.103,171.755,165920.85
1684368000000,171.755,172.156,171.185,172.049,173646.62
1684454400000,172.047,172.499,171.24,171.609,191128.63
1684627200000,171.583,171.807,171.387,171.575,7043.96
1684713600000,171.575,172.573,171.196,172.407,177111.19
1684800000000,172.406,172.622,171.278,172.102,190969.28
1684886400000,172.102,172.786,171.223,172.299,211393.89
1684972800000,172.299,172.769,171.981,172.428,197404.47
1685059200000,172.43,173.734,172.2,173.587,163442.26
1685232000000,173.35,173.96,173.35,173.917,11017.15
1685318400000,173.919,173.929,172.943,173.438,66936.71
1685404800000,173.44,174.273,172.984,173.51,186858.99
1685491200000,173.507,173.64,172.519,173.151,206552.7
1685577600000,173.152,174.156,173.013,173.787,177496.02
1685664000000,173.783,174.672,173.746,174.2,163666.74
1685836800000,174.127,174.36,174.089,174.285,6975.42
1685923200000,174.285,174.336,172.844,173.318,152593.18
1686009600000,173.315,173.769,172.67,173.41,138996.28
1686096000000,173.41,174.428,172.66,174.109,158748.66
1686182400000,174.109,174.512,173.9,174.405,154464.16
1686268800000,174.405,175.538,174.388,175.269,138580.77
1686441600000,174.971,175.449,174.97,175.32,5287.84
1686528000000,175.315,175.764,174.345,174.521,140290.7
1686614400000,174.522,176.869,174.452,176.672,183654.76
1686700800000,176.664,177.415,176.436,177.343,186350.58
1686787200000,177.343,179.393,177.326,179.318,201201.74
1686873600000,179.32,182.038,178.819,181.874,203651.98
1687046400000,181.58,182.121,181.58,182.019,7701.8
1687132800000,182.019,182.091,181.187,181.529,107354.26
1687219200000,181.535,182.083,179.917,180.423,184335.05
1687305600000,180.423,181.596,179.917,180.935,216749.74
1687392000000,180.93,182.555,180.705,182.31,203560.77
1687478400000,182.309,182.94,181.241,182.751,198242.05
1687651200000,182.294,182.825,182.273,182.704,9045.51
1687737600000,182.703,182.988,181.68,182.345,173966.39
1687824000000,182.345,183.759,182.231,183.371,183547.32
1687910400000,183.371,183.593,182.138,182.53,192369.45
1687996800000,182.527,182.876,182.205,182.625,191203.07
1688083200000,182.626,183.871,182.194,183.184,193349.72
1688256000000,183.167,183.338,183.05,183.28,7515.82
1688342400000,183.281,183.751,183.091,183.519,166373.44
1688428800000,183.518,183.906,183.226,183.637,94045.87
1688515200000,183.64,184.008,183.149,183.563,155179
1688601600000,183.57,184,182.495,183.443,230348.71
1688688000000,183.441,183.547,182.012,182.397,189877.15
1688860800000,182.302,182.656,182.294,182.56,7697.03
1688947200000,182.562,183.214,181.091,181.766,166511.56
1689033600000,181.767,181.986,180.795,181.225,179180.47
1689120000000,181.22,181.269,179.462,179.758,221921.43
1689206400000,179.758,181.458,179.486,181.251,201162.9
1689292800000,181.247,182.28,180.194,181.656,203385.65
1689465600000,181.518,181.813,181.39,181.531,5861.25
1689552000000,181.526,182.142,180.566,181.326,154551.28
1689638400000,181.323,181.84,180.357,181.189,198195.45
1689724800000,181.189,181.621,179.814,180.607,190451.32
1689811200000,180.608,180.706,179.696,180.017,180008.19
1689897600000,180.014,182.519,179.903,182.256,179488.7
1690070400000,181.879,182.287,181.878,182.177,5823.32
1690156800000,182.175,182.336,180.743,181.338,177234.33
1690243200000,181.336,182.003,181.147,181.676,168727.52
1690329600000,181.672,181.937,180.904,181.45,193890.97
1690416000000,181.45,181.919,177.405,177.654,259430.51
1690502400000,177.652,181.488,176.303,181.297,282725.77
1690675200000,181.034,181.347,180.897,180.915,9325.38
1690761600000,180.915,183.183,180.868,182.619,193702.35
1690848000000,182.618,183.246,182.292,182.909,188039.9
1690934400000,182.907,183.123,181.746,182.328,189796.86
1691020800000,182.323,182.758,180.416,181.325,239475.31
1691107200000,181.317,181.737,180.643,180.694,189009.78
1691280000000,180.469,180.974,180.446,180.862,9225.82
1691366400000,180.859,182.205,180.573,182.172,133502.97
1691452800000,182.172,182.952,181.373,182.56,173978.2
1691539200000,182.557,183.016,182.362,182.798,142090.35
1691625600000,182.8,184.237,182.702,183.521,186871.79
1691712000000,183.522,184.237,183.441,183.996,138953.56
1691884800000,183.792,184.121,183.792,183.874,7443.42
1691971200000,183.875,184.777,183.458,184.49,155137.8
1692057600000,184.484,185.32,184.335,184.938,191476.21
1692144000000,184.938,186.323,184.69,186.242,167863.41
1692230400000,186.242,186.465,185.557,185.735,172995.15
1692316800000,185.735,185.883,184.549,185.108,157763.66
1692489600000,184.843,185.209,184.843,185.153,6104.36
1692576000000,185.153,186.654,184.88,186.599,137771.78
1692662400000,186.602,186.761,185.487,185.583,135085.24
1692748800000,185.585,185.937,183.363,183.999,181818.83
1692835200000,184,184.763,183.563,183.88,149063.33
1692921600000,183.883,184.403,183.349,184.173,155985.02
1693094400000,184.111,184.512,184.11,184.481,4749.35
1693180800000,184.479,184.724,184.173,184.697,103594.36
1693267200000,184.696,185.259,184.062,184.455,162296.34
1693353600000,184.451,186.054,184.39,185.686,175462.61
1693440000000,185.683,185.807,184.074,184.339,173448.34
1693526400000,184.339,184.555,183.532,184.021,165147.28
1693699200000,183.974,184.129,183.836,183.91,4456.31
1693785600000,183.909,185.078,183.87,184.962,71649.74
1693872000000,184.959,185.78,184.064,185.344,155288.95
1693958400000,185.343,185.601,184.242,184.61,154324.77
1694044800000,184.611,184.766,183.367,183.795,147755.58
1694131200000,183.793,184.459,183.056,184.23,155643.39
1694304000000,183.169,183.781,182.948,183.734,14626
1694390400000,183.735,183.902,182.672,183.444,189894.53
1694476800000,183.444,183.919,182.936,183.812,137969.65
1694563200000,183.81,184.383,183.184,184.004,166755.34
1694649600000,184.002,184.067,182.508,182.859,169090.35
1694736000000,182.856,183.906,182.766,183.021,135886.61
1694908800000,182.85,183.316,182.746,183.305,3754.76
1694995200000,183.305,183.339,182.673,182.786,100880.84
1695081600000,182.781,183.487,182.712,183.113,114086.96
1695168000000,183.113,183.342,182.436,182.828,165675.02
1695254400000,182.826,182.94,180.724,181.496,169906.87
1695340800000,181.496,182.301,181.199,181.579,162620.74
1695513600000,181.552,181.725,181.42,181.691,16433.48
1695600000000,181.691,181.951,181.401,181.746,120662.21
1695686400000,181.745,181.806,180.964,181.034,133976.3
1695772800000,181.042,181.672,180.878,181.407,155954.24
1695859200000,181.41,182.419,181.054,182.244,159546.46
1695945600000,182.244,183.016,181.88,182.162,179475.99
1696118400000,182.2,182.432,182.092,182.314,8809.03
1696204800000,182.31,182.813,180.952,181.179,141284.44
1696291200000,181.176,181.37,178.028,180.165,187347.29
1696377600000,180.166,181.25,179.557,180.811,182957.02
1696464000000,180.815,181.066,180.276,180.938,172824.54
1696550400000,180.942,182.972,180.838,182.652,185679.73
1696723200000,181.888,182.298,181.826,182.25,12823.45
1696809600000,182.244,182.31,181.249,181.692,125273.2
1696896000000,181.695,182.781,181.536,182.647,179398.16
1696982400000,182.647,183.742,182.479,183.531,175662.06
1697068800000,183.532,183.811,182.276,182.471,156876.65
1697155200000,182.475,182.938,181.267,181.523,150907.61
1697328000000,181.146,181.811,181.144,181.78,8179.23
1697414400000,181.783,182.733,181.52,182.657,133889.54
1697500800000,182.657,182.799,180.984,182.377,157016.62
1697587200000,182.374,182.807,181.786,181.832,156542.55
1697673600000,181.832,182.512,181.166,181.788,168726.59
1697760000000,181.788,182.366,181.282,182.21,137858.26
1697932800000,182.093,182.317,181.98,182.304,4815.88
1698019200000,182.308,183.467,182.079,183.455,122515.07
1698105600000,183.454,183.752,182.048,182.25,139254.04
1698192000000,182.25,182.444,181.584,181.64,127004.3
1698278400000,181.644,182.577,181.107,182.478,158907.57
1698364800000,182.477,182.496,181.037,181.342,134697.83
1698537600000,181.03,181.409,181.03,181.367,5517.65
1698624000000,181.363,181.873,180.76,181.352,127921.93
1698710400000,181.352,184.353,181.322,183.852,183454.76
1698796800000,183.851,183.993,182.935,183.415,188188.55
1698883200000,183.412,183.719,182.723,183.437,159701.95
1698969600000,183.439,185.015,183.219,184.912,150886.81
1699142400000,184.743,184.992,184.627,184.9,3881.37
1699228800000,184.898,185.957,184.863,185.132,118262.06
1699315200000,185.125,185.455,184.638,184.845,123413.18
1699401600000,184.846,185.666,184.541,185.32,133243.51
1699488000000,185.317,185.89,184.811,184.878,155839.6
1699574400000,184.878,185.336,184.63,185.221,114830.66
1699747200000,184.946,185.27,184.801,185.225,3955
1699833600000,185.225,186.307,185.205,186.215,104965.27
1699920000000,186.211,188.282,186.084,187.993,154045.65
1700006400000,187.992,188.231,187.171,187.82,158948.57
1700092800000,187.82,187.909,186.823,187.081,145910.56
1700179200000,187.081,187.137,185.309,186.416,160044.1
1700352000000,186.16,186.757,186.018,186.742,5945.08
1700438400000,186.74,186.781,184.624,185.593,166248.74
1700524800000,185.595,186.09,184.454,185.821,175228.52
1700611200000,185.819,187.015,185.739,186.656,192401.4
1700697600000,186.654,187.585,186.276,187.534,87610.91
1700784000000,187.529,188.656,187.096,188.192,108312.77
1700956800000,188.232,188.494,188.181,188.455,3075.94
1701043200000,188.456,188.521,187.403,187.51,148985.89
1701129600000,187.511,187.868,186.816,186.952,184741.94
1701216000000,186.95,187.528,186.429,186.684,207454.53
1701302400000,186.683,187.557,186.223,186.934,220263.08
1701388800000,186.931,187.514,186.187,186.568,198377.86
1701561600000,186.262,186.474,185.995,186.03,12942.39
1701648000000,186.031,186.331,185.065,186.085,208623.42
1701734400000,186.085,186.184,185.056,185.357,196982.4
1701820800000,185.358,185.805,184.77,184.82,162934.64
1701907200000,184.818,184.821,178.527,181.553,268520.3
1701993600000,181.55,182.034,179.538,181.881,329798.55
1702166400000,181.489,182.036,181.489,182.014,7438.37
1702252800000,182.013,184.32,181.923,183.336,179087.47
1702339200000,183.336,183.439,182.264,182.616,186547.4
1702425600000,182.614,183.14,179.267,180.21,235331.48
1702512000000,180.204,181.726,178.329,181.697,336322.94
1702598400000,181.694,181.723,179.814,180.181,233726.18
1702771200000,180.063,180.369,179.806,180.345,5126.73
1702857600000,180.342,181.174,180.171,180.537,168621.39
1702944000000,180.526,184.17,180.034,183.206,222671.69
1703030400000,183.206,183.331,180.985,181.383,251157.39
1703116800000,181.383,181.401,179.774,180.122,236381.94
1703203200000,180.12,181.323,179.933,180.793,239285.29
1703462400000,180.586,180.828,180.185,180.694,6180.76
1703548800000,180.697,181.326,180.501,181.324,75504.67
1703635200000,181.322,182.183,180.962,181.038,127420.86
1703721600000,181.039,181.378,178.99,180.108,158059.12
1703808000000,180.109,180.525,179.3,179.489,146419.02
1704067200000,179.168,179.622,179.143,179.6,4496.25
1704153600000,179.601,180.646,178.731,179.451,170733.17
1704240000000,179.45,181.747,179.166,181.213,201149.49
1704326400000,181.211,183.774,181.005,183.583,188831.01
1704412800000,183.583,184.298,183.389,183.95,227405.82
1704585600000,183.613,184.22,183.613,184.036,4004.29
1704672000000,184.038,184.136,183.015,183.756,160660.06
1704758400000,183.754,183.825,182.748,183.577,175234.15
1704844800000,183.573,185.821,183.566,185.715,157543.85
1704931200000,185.713,186.159,185.081,185.41,242144.12
1705017600000,185.41,185.653,184.468,184.761,197991.7
1705190400000,184.524,184.885,184.497,184.851,4608.22
1705276800000,184.849,185.749,184.693,185.378,111051.34
1705363200000,185.377,186.178,184.946,186.08,215175.34
1705449600000,186.08,188.118,185.865,187.786,220732.98
1705536000000,187.786,188.29,187.308,188.279,192187.48
1705622400000,188.276,188.928,187.404,188.182,169316.48
1705795200000,187.937,188.364,187.837,188.102,6019.97
1705881600000,188.103,188.384,187.753,188.23,151305.24
1705968000000,188.23,188.907,187.329,188.137,197141.75
1706054400000,188.134,188.468,187.115,187.694,193030.17
1706140800000,187.69,188.186,187.148,187.691,185955.49
1706227200000,187.693,188.556,187.329,188.162,153617.76
1706400000000,188.012,188.136,187.891,188.13,9203.03
1706486400000,188.126,188.285,187.106,187.478,133805.45
1706572800000,187.476,187.508,186.508,187.032,150202.83
1706659200000,187.034,187.593,185.949,186.394,262393.81
1706745600000,186.391,186.728,185.221,186.669,228270.7
1706832000000,186.674,187.729,186.428,187.434,185456.85
1707004800000,187.257,187.606,187.228,187.442,8381.18
1707091200000,187.437,187.592,186.165,186.324,168536.23
1707177600000,186.324,186.775,186.168,186.296,182868.36
1707264000000,186.296,187.259,186.252,186.975,171301.31
1707350400000,186.979,188.479,186.863,188.368,173685.8
1707436800000,188.372,188.859,188.22,188.485,146238.53
1707609600000,188.294,188.544,188.256,188.508,6283.35
1707696000000,188.508,188.715,187.846,188.643,123456.68
1707782400000,188.643,190.068,188.434,189.758,181268.72
1707868800000,189.756,189.823,188.746,189.206,170287.51
1707955200000,189.207,189.207,187.943,188.919,168796.66
1708041600000,188.916,189.509,188.852,189.23,159747.76
1708214400000,189.171,189.34,189.062,189.34,5918
1708300800000,189.34,189.383,188.9,189.149,90778.53
1708387200000,189.147,189.72,189.064,189.325,157806.1
1708473600000,189.327,190.043,189.149,189.997,145282.37
1708560000000,189.994,190.832,189.848,190.515,164373.91
1708646400000,190.516,191.137,190.393,190.64,120174.78
1708819200000,190.538,190.776,190.482,190.687,5368.44
1708905600000,190.683,191.311,190.328,190.976,114318.85
1708992000000,190.974,190.984,190.36,190.846,119071.6
1709078400000,190.847,190.928,190.258,190.748,128731.48
1709164800000,190.744,190.749,189.043,189.484,175892.54
1709251200000,189.485,190.391,189.471,189.941,142319.31
1709424000000,189.704,190.089,189.704,190.059,7060.09
1709510400000,190.06,191.188,189.773,190.908,101271.72
1709596800000,190.919,191.032,190.306,190.621,129363.24
1709683200000,190.631,190.686,189.852,190.093,124136.95
1709769600000,190.092,190.092,188.226,189.458,163689.73
1709856000000,189.457,189.713,188.38,189.05,169804.34
1710028800000,188.988,189.125,188.579,188.709,7569.26
1710115200000,188.712,188.988,187.953,188.081,134545.25
1710201600000,188.084,189.194,187.972,188.873,168796.07
1710288000000,188.874,189.541,188.407,188.927,144556.64
1710374400000,188.923,189.514,188.581,189.014,164306.24
1710460800000,189.014,190.024,188.583,189.788,138079.64
1710633600000,189.562,189.888,189.534,189.631,4848.96
1710720000000,189.633,190.149,189.529,189.81,106849.41
1710806400000,189.81,192.163,189.581,192.062,170495.26
1710892800000,192.056,193.526,192.034,192.909,166343.03
1710979200000,192.909,193.501,191.8,191.967,188205
1711065600000,191.964,192.232,190.379,190.762,144525.76
1711238400000,190.68,190.74,190.337,190.608,6809.17
1711324800000,190.607,191.562,190.43,191.281,105906.92
1711411200000,191.277,191.67,191.095,191.206,98174.11
1711497600000,191.207,191.524,190.499,190.821,134766.66
1711584000000,190.82,191.312,190.561,191.11,129661.85
1711670400000,191.11,191.198,190.741,190.835,75008.83
1711843200000,190.992,191.347,190.878,191.328,7413.04
1711929600000,191.327,191.338,190.169,190.189,76395.67
1712016000000,190.184,190.713,190.032,190.575,164825.95
1712102400000,190.572,191.928,190.414,191.767,141537.95
1712188800000,191.763,192.239,191.008,191.217,129097.01
1712275200000,191.216,191.628,190.668,191.574,165250.89
1712448000000,191.282,191.603,191.282,191.474,5595.06
1712534400000,191.47,192.216,191.365,192.176,131348.2
1712620800000,192.182,192.848,192.082,192.403,126043.4
1712707200000,192.403,192.938,191.466,191.741,198569.24
1712793600000,191.743,192.575,191.557,192.323,163464.76
1712880000000,192.325,192.397,189.988,190.812,162567.37
1713052800000,190.302,191.055,190.246,191.008,8994.01
1713139200000,191.007,192.713,190.885,191.932,177985.57
1713225600000,191.939,192.809,191.639,192.296,190150.69
1713312000000,192.291,192.837,191.671,192.188,162282.82
1713398400000,192.189,192.779,191.891,192.251,142384.77
1713484800000,192.251,192.722,190.296,191.239,196641.09
1713657600000,191.222,191.394,190.954,191.359,7504.12
1713744000000,191.36,191.695,190.31,191.181,112514.82
1713830400000,191.181,192.844,190.825,192.719,133303.98
1713916800000,192.719,193.631,192.41,193.449,125101.23
1714003200000,193.449,194.942,193.449,194.634,164603.94
1714089600000,194.636,197.925,193.949,197.751,200196.2
1714262400000,196.887,198.009,196.887,197.899,12313.89
1714348800000,197.9,200.52,193.593,196.338,295782.12
1714435200000,196.339,197.37,196.094,197.002,200415.73
1714521600000,197.001,197.419,191.739,195.22,195570.92
1714608000000,195.219,195.744,191.708,192.017,310765.09
1714694400000,192.014,192.554,191.35,191.927,246099.66
1714867200000,191.752,192.749,191.592,192.689,8258.74
1714953600000,192.691,193.762,192.438,193.708,128233.93
1715040000000,193.711,194.126,192.985,193.482,148278.54
1715126400000,193.484,194.504,193.353,194.106,135646.72
1715212800000,194.102,194.858,193.83,194.624,171311.67
1715299200000,194.625,195.335,194.593,195.054,133147.09
1715472000000,194.753,195.156,194.706,195.126,5835.56
1715558400000,195.122,196.276,194.718,196.213,133777.11
1715644800000,196.214,197.054,195.718,196.961,152944.88
1715731200000,196.96,197.088,195.661,195.781,194832.12
1715817600000,195.778,196.95,195.038,196.903,180465.92
1715904000000,196.905,197.852,196.786,197.646,124851.39
1716076800000,197.361,197.979,197.294,197.906,6295.98
1716163200000,197.905,198.776,197.382,198.776,114937.45
1716249600000,198.774,198.902,198.221,198.613,146310.78
1716336000000,198.614,199.536,198.523,199.365,125526.49
1716422400000,199.363,199.888,198.979,199.235,166406.98
1716508800000,199.235,200.061,199.02,199.891,122424.59
1716681600000,199.945,199.98,199.728,199.749,5170.23
1716768000000,199.746,200.422,199.605,200.307,74590.55
1716854400000,200.307,200.674,200.149,200.642,129565.55
1716940800000,200.639,200.734,200.039,200.142,143370.17
1717027200000,200.141,200.142,198.749,199.828,186516.34
1717113600000,199.823,200.51,199.23,200.406,185601.19
1717286400000,200.049,200.49,200.049,200.312,6173.7
1717372800000,200.312,200.642,199.217,199.94,196078.38
1717459200000,199.939,200.414,197.196,198.114,228980.54
1717545600000,198.112,199.743,198.09,199.467,198226.79
1717632000000,199.463,199.933,198.824,199.145,188333.08
1717718400000,199.144,199.806,198.39,199.351,205384.4
1717891200000,199.323,199.75,199.231,199.6,8253.19
1717977600000,199.601,200.042,198.933,199.848,135485.57
1718064000000,199.844,200.391,199.675,200.148,150283.74
1718150400000,200.148,200.93,199.923,200.641,195137.63
1718236800000,200.641,201.314,199.684,200.382,170131.92
1718323200000,200.377,201.609,198.915,199.599,246154.55
1718496000000,199.457,199.912,199.4,199.829,10029.54
1718582400000,199.827,200.499,199.054,200.483,152288.74
1718668800000,200.483,200.841,199.937,200.591,159835.84
1718755200000,200.601,201.116,200.401,200.919,88059.42
1718841600000,200.911,201.382,200.756,201.204,136926.7
1718928000000,201.2,202.04,200.437,201.961,155826.91
1719100800000,201.788,202.09,201.73,202.074,8014.71
1719187200000,202.074,202.699,201.088,202.524,150266.85
1719273600000,202.524,202.719,201.954,202.557,130804.3
1719360000000,202.557,203.143,202.409,202.724,156596.36
1719446400000,202.726,203.379,202.493,203.19,147547.69
1719532800000,203.187,203.585,202.559,203.366,188558.33
1719705600000,203.329,203.556,203.167,203.538,7224.75
1719792000000,203.537,204.732,203.368,204.23,167758.62
1719878400000,204.231,204.946,203.872,204.886,147090.73
1719964800000,204.887,206.161,204.846,205.975,138601.68
1720051200000,205.97,206.004,205.286,205.801,78058.73
1720137600000,205.805,206.437,204.975,205.991,139880.21
1720310400000,205.573,205.97,205.434,205.711,6255.13
1720396800000,205.711,206.659,205.286,206.139,114383.86
1720483200000,206.139,206.581,205.855,206.305,112590.74
1720569600000,206.307,207.813,206.286,207.706,86619.12
1720656000000,207.703,208.106,203.805,204.537,198965.91
1720742400000,204.522,206.333,204.135,204.974,241600.89
1720915200000,204.943,205.394,204.826,205.248,10365.37
1721001600000,205.248,205.301,204.124,205.098,133021.4
1721088000000,205.097,205.78,205.011,205.504,135413.47
1721174400000,205.504,205.684,202.089,202.497,208877.1
1721260800000,202.488,203.861,202.226,203.524,191677.21
1721347200000,203.523,204.221,202.944,203.368,151176.92
1721520000000,203.104,203.594,203.104,203.582,14255.07
1721606400000,203.584,203.603,201.881,202.885,152717.11
1721692800000,202.882,202.918,200.659,200.938,165302.06
1721779200000,200.952,201.174,197.764,198.513,224926.56
1721865600000,198.511,198.797,195.854,197.575,316359.67
1721952000000,197.575,199.135,196.856,197.782,212198.06
1722124800000,197.529,198.447,197.524,198.325,13305.06
1722211200000,198.332,198.602,196.777,197.818,213182.18
1722297600000,197.814,199.459,195.631,195.968,223600.82
1722384000000,195.963,197.58,192.154,192.509,427171.36
1722470400000,192.513,193.251,189.566,189.9,381250.99
1722556800000,189.89,190.499,187.37,187.578,384099.13
1722729600000,187.463,187.58,185.716,186.162,29175.87
1722816000000,186.164,186.529,180.081,186.431,515871.06
1722902400000,186.433,187.089,182.8,183.581,441669.14
1722988800000,183.581,188.068,183.383,185.515,384068.29
1723075200000,185.523,188.412,184.465,188.24,397599.9
1723161600000,188.237,188.295,186.47,187.071,283636.65
1723334400000,186.909,187.596,186.909,187.491,15096.75
1723420800000,187.49,189.324,187.142,187.753,198994.65
1723507200000,187.756,189.508,187.648,189.043,228011.66
1723593600000,189.042,189.427,187.857,188.864,235003.12
1723680000000,188.868,192.007,188.746,191.884,187266.16
1723766400000,191.886,192.005,190.361,191.022,180060.93
1723939200000,190.837,191.601,190.743,191.553,7926.23
1724025600000,191.551,191.621,188.227,190.559,225434.08
1724112000000,190.556,191.263,188.924,189.403,233618.41
1724198400000,189.405,191.453,188.954,189.969,244942.26
1724284800000,189.967,191.918,189.682,191.451,211782.65
1724371200000,191.454,192.027,190.266,190.761,220386
1724544000000,190.353,190.68,189.601,190.171,24165.61
1724630400000,190.17,190.783,189.493,190.621,204823.62
1724716800000,190.62,191.916,190.514,190.823,178889.54
1724803200000,190.824,191.445,190.234,190.547,189927.72
1724889600000,190.546,191.536,190.304,190.741,203627.33
1724976000000,190.748,192.016,190.49,191.854,160319.89
1725148800000,191.584,192.49,191.518,192.217,10588.82
1725235200000,192.216,193.471,191.327,192.826,107506.07
1725321600000,192.827,193.355,190.257,190.607,213096.84
1725408000000,190.603,190.843,188.223,188.392,238554.07
1725494400000,188.392,189.781,188.062,188.924,236526.38
1725580800000,188.924,189.455,186.501,186.813,290904.66
1725753600000,186.694,187.16,186.404,187.103,17199.99
1725840000000,187.1,188.119,186.545,187.142,219601.96
1725926400000,187.141,188.093,185.719,186.031,202070.78
1726012800000,186.031,186.196,183.712,185.966,291516.89
1726099200000,185.966,186.726,185.223,185.835,279904.85
1726185600000,185.834,185.934,184.359,184.835,237041.6
1726358400000,184.556,185.028,184.37,184.997,10813.58
1726444800000,185,186.506,183.755,185.984,208069.39
1726531200000,185.984,187.442,185.281,186.975,236325.44
1726617600000,186.973,188.481,185.822,188.399,291792
1726704000000,188.402,190.387,188.162,189.733,318718.58
1726790400000,189.731,191.987,188.675,191.631,289995.37
1726963200000,191.613,191.863,191.327,191.795,13383.44
1727049600000,191.805,192.432,190.126,191.728,241364.26
1727136000000,191.726,193.316,191.331,191.927,236740.88
1727222400000,191.927,193.261,191.875,192.665,246776.3
1727308800000,192.655,194.583,192.501,194.56,260980.86
1727395200000,194.554,195.962,189.996,190.104,342685.19
1727568000000,189.957,191.287,189.951,191.078,12065.73
1727654400000,191.091,192.31,189.55,192.246,282562.45
1727740800000,192.243,193.353,189.843,190.776,320667.5
1727827200000,190.774,194.879,190.406,194.391,268185.12
1727913600000,194.389,195.169,192.123,192.778,281004.98
1728000000000,192.774,195.522,191.724,195.143,276185.32
1728172800000,194.784,195.611,194.784,195.253,14271.67
1728259200000,195.251,195.251,193.09,193.805,262073.94
1728345600000,193.814,194.366,192.881,193.95,242170.39
1728432000000,193.954,195.244,193.582,194.89,187488.65
1728518400000,194.875,195.494,193.566,194.225,261012.27
1728604800000,194.226,195.226,193.854,194.843,148249.6
1728777600000,194.633,194.995,194.56,194.811,7326.98
1728864000000,194.813,195.72,194.623,195.633,129632.96
1728950400000,195.633,195.661,194.638,194.771,205868
1729036800000,194.773,195.274,193.7,194.288,188490.94
1729123200000,194.291,195.596,193.827,195.359,212508.75
1729209600000,195.359,196.043,194.749,195.119,184871.93
1729382400000,194.886,195.327,194.781,195.255,7251.36
1729468800000,195.266,195.883,194.562,195.537,217565.57
1729555200000,195.537,196.515,195.098,196.206,194589.48
1729641600000,196.204,198.43,196.166,197.301,254668.7
1729728000000,197.299,197.625,196.423,196.889,257138.64
1729814400000,196.892,197.78,196.382,197.425,239231.05
1729987200000,198.388,198.565,197.822,198.182,25516.3
1730073600000,198.184,199.348,197.796,198.682,222152.82
1730160000000,198.691,199.705,198.033,199.408,254417.19
1730246400000,199.409,199.8,198.197,198.558,279901.06
1730332800000,198.556,198.899,195.366,196.002,337284
1730419200000,196.002,198.368,195.868,197.603,264724.07
1730592000000,197.387,197.817,197.171,197.246,10800.73
1730678400000,197.245,197.724,196.491,197.254,248408.27
1730764800000,197.252,197.865,196.996,197.502,228474.77
1730851200000,197.502,199.517,197.329,198.781,607117.55
1730937600000,198.777,199.551,198.294,198.858,349579.93
1731024000000,198.858,198.915,196.731,197.174,279943.58
1731196800000,196.849,197.53,196.849,197.481,6673.06
1731283200000,197.487,198.455,197.427,197.63,203344.27
1731369600000,197.629,198.051,196.845,196.972,299300.25
1731456000000,196.976,197.803,196.648,197.482,310273.66
1731542400000,197.482,198.241,197.069,198.201,345760.52
1731628800000,198.201,198.442,194.29,194.764,406150.97
1731801600000,194.803,195.242,194.41,195.139,14262.94
1731888000000,195.136,196.142,194.352,196.02,321982.25
1731974400000,196.026,196.407,193.557,196.395,346859.05
1732060800000,196.397,197.78,196.114,196.499,272499.89
1732147200000,196.499,196.542,193.968,193.994,348979.93
1732233600000,193.994,194.802,192.844,193.948,361529.79
1732406400000,194.091,194.308,193.784,194.116,19913.81
1732492800000,194.116,194.619,193.252,193.464,351029.93
1732579200000,193.465,193.721,192.03,192.283,389003.58
1732665600000,192.282,192.4,190.684,191.847,356782.67
1732752000000,191.847,192.468,191.593,191.928,209456.01
1732838400000,191.927,191.953,190.145,190.424,363831.45
1733011200000,190.315,190.61,190.211,190.337,21521.85
1733097600000,190.346,191.285,188.469,189.255,316986.47
1733184000000,189.253,190.372,188.077,189.612,254438.42
1733270400000,189.614,191.524,189.349,191.201,289308.72
1733356800000,191.198,192.21,190.335,191.549,248561.78
1733443200000,191.549,192.366,190.714,191.164,228977.86
1733616000000,190.848,191.28,190.848,191.081,7801.34
1733702400000,191.082,193.405,190.591,192.99,198850.65
1733788800000,192.99,194.105,192.446,194.038,220997.94
1733875200000,194.035,194.786,192.514,194.351,258070.13
1733961600000,194.191,194.986,192.921,193.431,249429.26
1734048000000,193.442,194.455,192.849,193.931,220936.09
1734220800000,193.6,193.902,193.579,193.749,9079.11
1734307200000,193.751,195.88,193.641,195.537,196636.2
1734393600000,195.534,195.889,194.65,195.183,212605.82
1734480000000,195.185,195.767,194.053,194.365,249395.11
1734566400000,194.364,198.948,194.316,197.006,363029.74
1734652800000,197.007,197.288,195.742,196.518,303693.73
1734825600000,196.283,196.771,196.283,196.771,10836.29
1734912000000,196.771,197.066,196.439,196.885,194315.1
1734998400000,196.885,197.622,196.472,196.635,152803.4
1735084800000,196.579,197.367,196.504,197.067,9413.04
1735171200000,197.067,198,197.01,197.63,136346.62
1735257600000,197.632,198.708,197.202,198.448,223190.29
1735430400000,198.293,198.652,198.106,198.585,3033.43
1735516800000,198.582,198.947,196.315,197,236377.99
1735603200000,196.999,197.186,195.734,196.659,229740.61
1735689600000,196.575,197.516,196.575,197.422,12736.75
1735776000000,197.425,197.47,194.188,194.795,271340.15
1735862400000,194.799,195.529,194.637,195.4,186696.98
1736035200000,195.108,195.788,195.037,195.682,8290.86
1736121600000,195.684,197.441,195.674,197.321,252264.51
1736208000000,197.325,198.249,196.869,197.397,263990.34
1736294400000,197.391,197.541,195.111,195.488,256583.73
1736380800000,195.493,195.604,193.474,194.361,218668.29
1736467200000,194.361,194.764,192.197,192.503,318056.01
1736640000000,192.296,192.729,192.292,192.704,7419.12
1736726400000,192.692,192.749,190.067,192.404,293614.31
1736812800000,192.401,192.986,191.474,192.977,302115.16
1736899200000,192.981,192.985,191.083,191.24,277980.12
1736985600000,191.241,191.537,189.685,189.901,304157.8
1737072000000,190.071,190.6,189.325,190.14,246128.34
1737244800000,190.027,190.446,190.019,190.292,9044.91
1737331200000,190.295,192.006,189.877,191.467,281239.78
1737417600000,191.467,192.28,190.469,192.148,350313.05
1737504000000,192.149,193.008,191.691,192.614,236471.74
1737590400000,192.627,192.996,192.262,192.658,263717.96
1737676800000,192.882,194.745,192.063,194.668,304846.18
1737849600000,194.085,194.324,193.843,193.989,9261.37
1737936000000,193.99,194.64,192.15,192.879,359984.7
1738022400000,192.879,194.019,192.765,193.519,264802.19
1738108800000,193.522,193.754,192.479,193.26,286641.68
1738195200000,193.259,193.281,191.315,191.398,268928.28
1738281600000,191.4,193.026,191.181,192.26,302930.07
1738454400000,190.222,191.322,190.222,190.912,31279.39
1738540800000,190.926,193.155,190.017,193.037,469797.9
1738627200000,193.037,193.165,191.759,192.629,294394.39
1738713600000,192.281,192.559,190.285,190.827,289811.39
1738800000000,190.825,190.895,187.941,187.962,270147.66
1738886400000,187.962,189.575,187.042,187.717,309685.13
1739059200000,187.023,188.179,186.952,188.156,11813.9
1739145600000,188.156,189.139,187.528,187.599,224137.86
1739232000000,187.59,190.209,187.243,190.209,194642.85
1739318400000,190.209,192.673,190.139,192.018,266466.67
1739404800000,192.017,193.049,191.167,192.21,284239.14
1739491200000,192.211,192.495,191.471,191.618,205977.11
1739664000000,191.515,191.736,191.231,191.274,8379.62
1739750400000,191.274,191.395,190.624,191.119,155724.93
1739836800000,191.118,192.156,190.922,191.783,192564.29
1739923200000,191.78,192.106,190.091,190.461,213113.79
1740009600000,190.273,190.318,188.676,189.371,252267.91
1740096000000,189.371,190.933,188.139,188.532,240805.3
1740268800000,188.354,189.018,188.354,188.966,8816.38
1740355200000,188.956,189.577,188.219,189.136,252138.76
1740441600000,189.137,189.737,188.152,188.87,260019.3
1740528000000,188.871,189.853,188.386,188.773,256070.44
1740614400000,188.779,190.101,188.462,188.635,320764.48
1740700800000,189.054,190.31,187.673,189.404,315656.59
1740873600000,189.513,190.304,189.461,190.043,12086.79
1740960000000,190.043,191.972,188.811,189.635,330898.28
1741046400000,189.642,191.891,188.24,191.708,410586.85
1741132800000,191.697,192.321,190.869,191.901,402124.9
1741219200000,191.9,192.546,189.872,190.855,396146.67
1741305600000,190.85,191.423,189.652,191.26,356871.23
1741478400000,190.868,191.039,190.603,190.852,20280.5
1741564800000,190.852,190.946,188.994,189.361,341349.55
1741651200000,189.36,191.689,188.786,191.63,386456.68
1741737600000,191.633,193.1,191.246,192.245,266670.69
1741824000000,192.253,192.337,190.733,191.675,255067.46
1741910400000,191.677,192.744,191.449,192.212,213299.1
1742083200000,192.216,192.409,191.955,192.093,12447.21
1742169600000,192.094,194.018,191.975,193.965,200911.13
1742256000000,193.963,194.898,193.801,194.267,200326.59
1742342400000,194.267,194.703,193.025,193.137,232786.05
1742428800000,193.142,193.221,192.053,192.685,201290.55
1742515200000,192.688,193.583,192.008,192.829,209534.32
1742688000000,192.577,193.473,192.405,193.439,8199.99
1742774400000,193.441,194.914,193.255,194.843,196025.58
1742860800000,194.843,194.994,193.621,194.093,175002.31
1742947200000,194.097,194.784,193.463,193.759,212776.61
1743033600000,193.755,195.969,193.544,195.365,217944.12
1743120000000,195.362,195.711,193.724,193.871,211807.1
1743292800000,193.622,193.784,193.065,193.563,16115.43
1743379200000,193.56,193.995,192.728,193.709,289396.07
1743465600000,193.711,193.904,192.205,193.496,269842.7
1743552000000,193.493,195.766,192.286,192.903,303627.6
1743638400000,192.9,193.661,190.669,191.427,536339.5
1743724800000,191.427,191.753,187.525,189.526,610879.53
1743897600000,186.529,187.889,186.084,187.734,66271.14
1743984000000,187.739,190.075,187.116,188.175,704565.54
1744070400000,188.173,188.94,186.121,186.481,543456.43
1744156800000,186.481,189.822,184.365,189.034,677132.71
1744243200000,189.032,189.417,186.346,186.745,574411.76
1744329600000,186.748,188.191,186.011,187.729,587231.35
1744502400000,188.23,188.444,187.772,187.999,37143.5
1744588800000,188.001,189.197,186.571,188.639,435959.69
1744675200000,188.642,189.567,188.54,189.317,322839.49
1744761600000,189.31,189.637,187.456,187.757,322124.88
1744848000000,187.755,189.364,187.662,188.822,315225.12
1744934400000,188.815,189.144,188.688,188.854,769718.46
1745107200000,188.507,188.74,188.079,188.515,22764.65
1745193600000,188.512,188.835,187.991,188.478,254791.41
1745280000000,188.478,189.947,187.459,189.387,316588.7
1745366400000,189.387,190.308,188.22,189.94,360654.33
1745452800000,189.938,190.504,189.294,190.378,229580.37
1745539200000,190.381,191.717,190.049,191.202,219983.13
1745712000000,190.856,191.333,190.824,191.171,12726.9
1745798400000,191.169,191.544,190.653,191.013,214319.42
1745884800000,191.014,191.34,190.392,190.789,205982.51
1745971200000,190.786,191.255,189.979,190.511,231267.89
1746057600000,190.505,193.455,190.33,193.176,250622.07
1746144000000,193.177,193.744,191.468,192.315,300248.1
1746316800000,191.82,192.291,191.805,191.939,10713.48
1746403200000,191.941,192.044,190.808,190.983,213112.71
1746489600000,190.981,191.346,190.23,191.045,227971.97
1746576000000,191.049,191.661,190.656,191.194,227280.85
1746662400000,191.192,193.496,190.985,193.221,259068.47
1746748800000,193.219,193.466,192.346,193.333,153240.53
1746921600000,193.718,194.049,193.694,193.738,14846.86
1747008000000,193.739,195.792,193.623,195.362,273236.74
1747094400000,195.357,196.381,194.774,196.254,209952.84
1747180800000,196.255,196.402,194.232,194.484,284088.51
1747267200000,194.491,194.597,193.426,193.653,194495.17
1747353600000,193.65,193.798,193.028,193.401,165144.46
1747526400000,192.717,193.369,192.717,193.227,10903.72
1747612800000,193.23,194.067,192.761,193.663,209601.5
1747699200000,193.665,194.207,192.911,193.337,195168.46
1747785600000,193.339,193.572,192.565,192.84,243906.95
1747872000000,192.84,193.584,191.888,193.026,248844.29
1747958400000,193.026,193.554,192.061,192.951,236336.71
1748131200000,192.629,193.518,192.549,193.349,19128.24
1748217600000,193.345,194.034,193.254,193.474,122807.32
1748304000000,193.475,195.621,193.055,194.776,187146.61
1748390400000,194.774,195.914,194.374,195.669,210925.26
1748476800000,195.672,196.311,194.046,194.052,226792.39
1748563200000,194.053,194.657,193.383,193.757,230914.26
1748736000000,193.461,193.756,193.37,193.655,8779.64
1748822400000,193.654,193.895,192.981,193.082,187799.66
1748908800000,193.082,194.777,192.726,194.587,157002.12
1748995200000,194.589,195.231,193.257,193.398,177223.98
1749081600000,193.399,195.501,193.322,194.924,200374.79
1749168000000,194.926,196.185,194.805,195.892,177925.73
1749340800000,195.759,195.901,195.69,195.864,5293.74
1749427200000,195.861,196.142,195.438,195.943,127291.26
1749513600000,195.945,196.439,194.771,195.634,158065.28
1749600000000,195.633,196.242,195.287,195.613,172662.58
1749686400000,195.612,195.773,194.711,195.009,196729.63
1749772800000,195.008,195.972,193.753,195.573,250688.51
1749945600000,195.106,196.057,194.912,195.867,13075.77
1750032000000,195.866,196.684,195.397,196.304,170555.42
1750118400000,196.304,196.844,194.776,195.233,192878.14
1750204800000,195.23,195.341,194.328,194.433,202729.8
1750291200000,194.439,196.022,194.008,195.716,149829.57
1750377600000,195.711,196.702,195.677,196.424,142547.06
1750550400000,196.488,196.714,196.125,196.428,14354.28
1750636800000,196.425,198.196,196.299,197.648,235343.98
1750723200000,197.645,197.648,196.938,197.318,194627.82
1750809600000,197.318,198.574,197.039,198.375,146420.2
1750896000000,198.375,198.616,197.706,198.562,192885.35
1750982400000,198.552,198.801,198.002,198.416,174955.28
1751155200000,197.655,198.437,197.655,198.234,10688.34
1751241600000,198.232,198.455,197.207,197.451,164906.92
1751328000000,197.453,197.753,196.274,197.07,181434.53
1751414400000,197.068,197.545,195.357,195.886,177014.97
1751500800000,195.885,198.102,195.747,197.747,160283.9
1751587200000,197.747,197.86,196.897,197.004,204337.29
1751760000000,197.301,197.419,197.055,197.234,6034.53
1751846400000,197.238,199.001,196.777,198.737,156939.37
1751932800000,198.735,199.532,198.669,199.509,174957.35
1752019200000,199.509,199.823,198.545,198.666,151631.21
1752105600000,198.663,199.251,198.294,198.64,153769.29
1752192000000,198.639,199.441,198.229,198.812,168199.34
1752364800000,198.437,198.98,198.431,198.778,9642.54
1752451200000,198.776,198.813,198.097,198.438,152636.92
1752537600000,198.434,199.521,198.201,199.256,157257.79
1752624000000,199.262,199.733,197.934,198.459,219034.65
1752710400000,198.461,199.546,198.451,199.375,155366.85
1752796800000,199.373,199.97,199.244,199.49,117597.29
1752969600000,198.419,199.41,198.419,199.15,11578.14
1753056000000,199.146,199.236,198.402,198.826,121820.62
1753142400000,198.827,199.289,197.427,198.436,137264.48
1753228800000,198.431,199.083,197.744,198.716,179358.13
1753315200000,198.713,198.854,198.128,198.58,177894.67
1753401600000,198.58,199.077,198.125,198.357,159555.52
1753574400000,198.275,198.729,198.254,198.583,9162.63
1753660800000,198.583,199.209,198.175,198.328,162185.41
1753747200000,198.331,198.458,197.726,198.191,165114.06
1753833600000,198.193,198.421,197.441,197.866,207020.22
1753920000000,197.805,199.514,196.96,199.182,202465.32
1754006400000,199.176,199.3,195.329,195.686,258312.91
1754179200000,195.414,195.848,195.284,195.835,10950.36
1754265600000,195.835,196.528,195.023,195.195,174237.19
1754352000000,195.195,196.457,195.027,196.18,156465.47
1754438400000,196.178,197.074,196.092,196.616,140721.37
1754524800000,196.606,198.017,196.234,197.461,178924.88
1754611200000,197.456,198.826,197.373,198.641,137343.83
1754784000000,198.275,198.673,198.154,198.492,4476.27
1754870400000,198.49,199.11,198.176,199.016,106444.61
1754956800000,199.017,200.081,198.989,199.554,169522.03
1755043200000,199.552,200.276,199.423,199.861,126029.86
1755129600000,199.862,200.158,198.589,199.802,170228.7
1755216000000,199.805,199.85,198.908,199.436,111184.81
1755388800000,199.369,199.769,199.349,199.582,4580.31
1755475200000,199.581,200.267,199.362,199.803,108777.43
1755561600000,199.804,199.861,198.805,199.221,118837.75
1755648000000,199.223,199.446,197.855,198.329,129085.44
1755734400000,198.329,199.223,198.12,199.075,130360.18
1755820800000,199.073,199.524,198.317,198.664,154498.44
1755993600000,198.407,199.012,198.321,198.927,8375.5
1756080000000,198.922,199.289,198.453,198.873,127992.25
1756166400000,198.866,199.054,198.27,198.744,177294.81
1756252800000,198.757,199.185,198.641,198.956,138004.1
1756339200000,198.957,199.132,198.166,198.339,151124.35
1756425600000,198.339,198.66,197.942,198.496,150040.02
1756598400000,198.254,198.738,198.218,198.657,4326.9
1756684800000,198.664,199.558,198.613,199.254,107741.34
1756771200000,199.256,200.265,198.315,198.825,203283.31
1756857600000,198.821,199.723,198.481,198.885,167419.36
1756944000000,198.881,199.819,198.765,199.53,148391.62
1757030400000,199.529,199.787,198.667,199.051,186396.24
1757203200000,199.916,200.269,199.672,200.111,14902.28
1757289600000,200.11,200.343,199.36,199.727,156314.04
1757376000000,199.733,199.87,198.786,199.277,161394.46
1757462400000,199.276,199.803,199.212,199.41,150191.17
1757548800000,199.411,200.058,199.328,199.848,173154.28
1757635200000,199.841,200.479,199.655,200.149,133158.62
1757808000000,199.917,200.301,199.862,200.136,3554.85
1757894400000,200.134,200.746,199.921,200.478,101773.08
1757980800000,200.477,200.717,199.614,199.886,158192.67
1758067200000,199.884,200.353,199.473,200.185,178939.14
1758153600000,200.186,201.261,200.132,200.559,189222.85
1758240000000,200.561,200.593,199.209,199.282,172289.47
1758412800000,199.021,201.522,199.018,199.382,11661.9
1758499200000,199.392,199.792,199.352,199.64,128267.06
1758585600000,199.641,199.965,199.143,199.616,148625.04
1758672000000,199.615,200.243,199.459,200.094,131644.52
1758758400000,200.093,200.345,199.582,199.854,162989.94
1758844800000,199.851,200.513,199.694,200.316,139246.53
1759017600000,200.136,200.416,200.076,200.316,4611.36
1759104000000,200.323,200.328,199.34,199.663,129546.82
1759190400000,199.667,199.768,198.553,198.98,168945.22
1759276800000,198.976,199.216,197.914,198.274,195165.61
1759363200000,198.271,198.612,197.486,197.866,150295.75
1759449600000,197.865,198.862,197.862,198.739,127605.3
1759622400000,200.722,201.004,200.222,200.914,21320.81
1759708800000,200.911,202.817,200.773,202.748,187822.48
1759795200000,202.751,204.148,202.107,204.058,146406.21
1759881600000,204.061,205.32,203.906,204.628,164851.81
1759968000000,204.631,204.874,203.307,203.566,186461.46
1760054400000,203.563,203.709,201.803,201.83,222732.73
1760227200000,202.516,203.089,202.347,202.786,17857.89
1760313600000,202.785,203.256,202.62,203.253,150022.72
1760400000000,203.249,203.515,201.327,202.091,203791.45
1760486400000,202.092,202.715,201.587,202.367,164348.63
1760572800000,202.371,203.429,201.708,201.852,206165.76
1760659200000,201.854,202.243,200.675,202.172,216559.87
1760832000000,201.848,202.673,201.698,202.603,9401.12
1760918400000,202.605,203.108,201.828,202.156,141447.93
1761004800000,202.159,203.526,201.81,202.982,184521.87
1761091200000,202.983,203.262,201.92,202.906,174163.47
1761177600000,202.909,203.79,202.872,203.372,133617.36
1761264000000,203.375,203.987,203.081,203.449,142560.62
1761436800000,203.513,204.059,203.462,203.912,10029.76
1761523200000,203.918,204.237,203.537,203.698,131132.99
1761609600000,203.699,203.708,201.462,201.479,163993.02
1761696000000,201.479,201.954,200.562,201.51,199243.33
1761782400000,201.511,203.259,200.981,202.522,201050.57
1761868800000,202.521,202.919,201.842,202.497,140653.7
1762041600000,202.052,202.626,202.052,202.516,10003.99
1762128000000,202.52,202.802,201.911,202.539,115439.17
1762214400000,202.539,202.672,199.874,199.934,188678.92
1762300800000,199.934,201.239,199.064,201.113,166842.7
1762387200000,201.112,201.379,200.295,200.971,166069.46
1762473600000,200.977,202.092,200.649,201.941,192288.13
1762646400000,202.13,202.322,201.829,202.143,9549.6
1762732800000,202.144,203.236,201.787,203.043,162770.92
1762819200000,203.04,203.281,202.324,202.643,149301.39
1762905600000,202.644,203.563,202.599,203.092,149455.84
1762992000000,203.095,204.067,202.963,203.376,202782.03
1763078400000,203.38,203.952,202.34,203.481,218819.61
1763251200000,203.227,203.509,203.1,203.421,6817.58
1763337600000,203.421,204.525,203.131,204.272,156229.33
1763424000000,204.275,204.739,203.693,204.474,218263.58
1763510400000,204.475,205.364,203.976,205.033,207629.95
1763596800000,205.034,206.858,204.8,205.91,234226.12
1763683200000,205.906,206.051,204.288,204.759,243594.01
1763856000000,204.616,205.217,204.616,205.192,7042.89
1763942400000,205.19,205.906,205.037,205.633,182596.72
1764028800000,205.63,205.99,204.997,205.522,192275.29
1764115200000,205.521,207.189,205.332,206.904,222124.53
1764201600000,206.902,207.192,206.425,206.929,105915.08
1764288000000,206.93,207.206,206.142,206.462,530756.64
1764460800000,206.4,206.759,206.254,206.403,9999.79
1764547200000,206.404,206.42,205.191,205.476,232437.05
1764633600000,205.474,206.252,205.384,205.913,153854.19
1764720000000,205.915,207.341,205.779,207.035,161588.23
1764806400000,207.036,207.354,206.341,206.666,184055.55
1764892800000,206.666,207.294,206.186,207.06,155743.07
1765065600000,206.47,207.039,206.47,206.965,6991.16
1765152000000,206.964,207.807,206.588,207.689,157003.05
1765238400000,207.692,208.945,207.589,208.593,161487.07
1765324800000,208.597,208.895,208.227,208.524,176201.47
1765411200000,208.527,208.653,207.902,208.267,183933.17
1765497600000,208.262,208.745,207.876,208.307,156463.65
1765670400000,208.195,208.478,208.147,208.347,7849.13
1765756800000,208.352,208.444,207.087,207.413,147001.94
1765843200000,207.414,207.996,206.765,207.784,213796.23
1765929600000,207.782,208.404,207.054,207.944,172183.24
1766016000000,207.943,209.009,207.836,208.208,178980.17
1766102400000,208.214,211.057,208.196,210.975,199737.36
1766275200000,210.617,210.98,210.511,210.862,14378.08
1766361600000,210.873,211.589,210.62,211.279,170737.12
1766448000000,211.276,211.303,210.285,210.954,170787.38
1766534400000,210.955,211.03,209.816,210.272,143123.24
1766620800000,210.259,210.893,210.11,210.86,17920.51
1766707200000,210.86,211.506,210.621,211.276,118810.65
1766880000000,210.832,211.258,210.768,211.202,15882.01
1766966400000,211.204,211.344,210.432,210.719,177423.85
1767052800000,210.721,211.093,210.312,210.61,139472.89
1767139200000,210.6,211.215,210.255,211.056,133663.09
1767225600000,210.689,211.347,210.574,211.161,5992.75
1767312000000,211.162,211.438,210.747,211.019,122068.37
1767484800000,210.638,211.013,210.638,210.967,6555.02
1767571200000,210.965,211.989,210.51,211.93,179927.56
1767657600000,211.928,212.145,211.263,211.488,165547.48
1767744000000,211.487,211.753,210.816,210.882,158490.52
1767830400000,210.881,211.156,210.304,210.764,151608.75
1767916800000,210.761,212.057,210.758,211.567,183437.52
1768089600000,211.668,211.865,211.603,211.802,3711.64
1768176000000,211.8,213.01,211.642,212.722,158816.58
1768262400000,212.725,214.291,212.715,213.73,168301.27
1768348800000,213.73,214.11,212.548,212.915,194836.53
1768435200000,212.914,213.306,211.939,212.205,168680.38
1768521600000,212.204,212.257,211.378,211.412,156074.56
1768694400000,210.708,211.256,210.636,211.147,16001.39
1768780800000,211.15,212.39,210.888,212.238,152965.94
1768867200000,212.238,213.492,211.841,212.559,243500.22
1768953600000,212.56,212.76,211.583,212.617,210470.94
1769040000000,212.618,214.008,212.377,213.944,174976.48
1769126400000,213.946,214.852,212.083,212.354,262646.88
1769299200000,211.462,212.052,210.8,211.996,16057.59
1769385600000,211.999,212.075,209.609,211.12,268797.62
1769472000000,211.118,211.753,209.785,210.845,296420.7
1769558400000,210.837,212.03,210.063,211.66,315081.3
1769644800000,211.662,212.164,210.042,211.449,282974.94
1769731200000,211.452,212.467,211.296,211.743,341417.78
1769904000000,211.87,212.67,211.811,212.279,17253.54
1769990400000,212.269,212.679,211.283,212.569,283696.88
1770076800000,212.568,213.473,212.54,213.401,227759.34
1770163200000,213.405,215.003,213.356,214.106,228023.81
1770249600000,214.108,214.234,211.778,212.01,258695.38
1770336000000,212.007,214.053,211.602,213.929,167721.06
1770508800000,214.003,214.41,213.353,214.006,12555.05
1770595200000,214.016,214.032,212.121,213.612,269304.25
1770681600000,213.615,213.724,210.449,210.622,191194
1770768000000,210.621,210.643,208.175,208.789,238341.64
1770854400000,208.789,209.554,207.558,208.069,248489.77
1770940800000,208.062,209.329,207.992,208.478,204221.48
1771113600000,208.151,208.578,208.141,208.523,7784.15
1771200000000,208.522,209.678,208.49,209.247,94313.11
1771286400000,209.245,209.293,207.229,207.684,180802.22
1771372800000,207.683,209.213,207.617,208.742,143917.48
1771459200000,208.745,209.534,208.079,208.886,170688.33
1771545600000,208.887,209.677,208.383,208.99,206845.06
1771718400000,208.842,209.081,208.725,208.853,13305.55
1771804800000,208.86,209.222,208.139,208.719,168988.17
1771891200000,208.72,210.84,208.691,210.401,150664.25
1771977600000,210.401,212.116,209.999,211.724,165656.95
1772064000000,211.722,211.781,210.214,210.264,172667.44
1772150400000,210.265,210.826,209.792,210.372,177065.34
1772323200000,209.125,210.059,209.125,209.962,20484.26
1772409600000,209.961,211.376,209.345,210.859,309612.03
1772496000000,210.86,211.355,209.213,210.625,376367.1
1772582400000,210.627,210.668,209.482,209.858,303218.8
1772668800000,209.858,210.62,209.176,210.435,322580.2
1772755200000,210.435,211.633,210.256,211.612,323813.2
1772928000000,210.765,211.105,210.597,210.742,42866.11
1773014400000,210.743,212.176,210.651,211.923,410829.62
1773100800000,211.923,212.408,211.583,212.163,328077.12
1773187200000,212.165,213.298,212.121,212.887,256088.36
1773273600000,212.887,213.024,212.32,212.606,249321.94
1773360000000,212.605,212.872,211.063,211.149,242644.55
1773532800000,210.996,211.393,210.941,211.36,12005.01
1773619200000,211.358,212.113,210.8,211.842,195573.33
1773705600000,211.84,212.476,211.626,212.257,186437.39
1773792000000,212.256,212.724,211.691,211.973,246202.83
1773878400000,211.978,212.348,210.792,212.004,359094.2
1773964800000,212.006,212.768,211.75,212.384,230318.88
1774137600000,211.892,212.29,211.63,212.208,14394.37
1774224000000,212.209,213.301,211.574,212.769,438202.22
1774310400000,212.768,212.981,212.253,212.898,322146.06
1774396800000,212.899,213.209,212.629,212.99,220733.92
1774483200000,212.993,213.301,212.697,212.981,201637.7
1774569600000,212.978,213.095,212.224,212.501,201735.97
1774742400000,212.314,212.611,212.084,212.109,12942.31
1774828800000,212.113,212.133,210.197,210.542,202800.05
1774915200000,210.538,211.213,209.614,209.943,272523.12
1775001600000,209.943,211.437,209.866,211.08,275455.66
1775088000000,211.078,211.276,210.339,210.978,250805.62
1775174400000,210.981,211.296,210.27,210.477,68949.86
1775347200000,210.393,210.744,210.278,210.672,11371.73
1775433600000,210.679,211.536,210.596,211.326,137878.25
1775520000000,211.319,212.785,211.229,212.691,259514.95
1775606400000,212.691,213.149,212.142,212.469,277299.7
1775692800000,212.468,213.845,212.42,213.642,183109.67
1775779200000,213.643,214.58,213.542,214.376,138289.67
1775952000000,213.592,214.108,213.522,213.867,18452.09
1776038400000,213.868,215.361,213.805,215.184,154873.27
1776124800000,215.186,215.782,214.903,215.563,157802.75
1776211200000,215.562,215.901,215.183,215.552,155763.8
1776297600000,215.549,215.715,215.056,215.326,156781.77
1776384000000,215.327,215.687,213.996,214.367,186215.34
1776556800000,214.132,214.613,214.098,214.572,11458.5
1776643200000,214.571,215.093,214.318,214.929,176746.9
1776729600000,214.934,215.414,214.597,215.299,185690.64
1776816000000,215.3,215.656,214.917,215.297,149477.6
1776902400000,215.306,215.73,214.771,215.119,207349.95
1776988800000,215.116,215.767,214.938,215.654,153209.17
1777161600000,215.324,215.706,215.297,215.642,5201.92
1777248000000,215.644,216.047,215.517,215.737,135636.6
1777334400000,215.737,215.822,214.942,215.777,174412.45
1777420800000,215.774,216.275,215.482,216.076,175506.39
1777507200000,216.079,216.592,210.435,213.531,347209.22
1777593600000,213.529,214.043,211.796,213.169,241361.56
1777766400000,213.057,213.19,213.004,213.079,5139.33
1777852800000,213.081,213.613,211.756,212.72,216203.7
1777939200000,212.72,214.07,212.549,213.925,167371.4
1778025600000,213.923,214.224,210.747,212.723,296726.6
1778112000000,212.724,213.117,212.281,212.608,205211.98
1778198400000,212.621,213.706,212.536,213.528,143102.38
1778371200000,212.492,213.287,212.082,213.238,7354.77
1778457600000,213.242,214.417,213.226,213.905,135555.55
1778544000000,213.906,214.197,212.743,213.403,188766.02
1778630400000,213.407,213.691,212.878,213.522,143852.36
1778716800000,213.52,213.701,211.877,212.079,160875.06
1778803200000,212.081,212.093,211.285,211.496,197815.92
1778976000000,211.163,211.545,211.099,211.415,13307.56
1779062400000,211.42,213.547,211.375,213.379,206268.73
1779148800000,213.38,213.505,212.64,213.042,184895.89
1779235200000,213.037,213.61,212.622,213.444,201399.56
1779321600000,213.444,213.817,213.171,213.583,203772.45
1779408000000,213.583,214.039,213.448,213.772,136651.2
1779580800000,213.55,214.296,213.546,214.283,7449.79
1779667200000,214.279,214.675,214.042,214.515,70833.02
1779753600000,214.516,214.672,214.07,214.258,127038.48
1779840000000,214.258,214.475,213.895,214.069,142550.06
1779926400000,214.067,214.126,213.32,214.12,156538.98
1780012800000,214.12,214.629,213.582,214.251,145311.8
1780185600000,214.317,214.443,214.246,214.353,20678.67
1780272000000,214.354,215.001,214.164,214.869,175369.56
1780358400000,214.873,215.524,214.785,215.213,129769.91
1780444800000,215.213,215.376,214.42,214.75,158333.62
1780531200000,214.751,215.153,214.36,214.749,141034.1
1780617600000,214.748,215.606,213.521,213.84,184920.19
1780790400000,213.389,213.812,213.319,213.804,10469.96
1780876800000,213.799,214.038,212.929,213.573,202514.39
1780963200000,213.572,214.79,213.492,214.458,187815.56
1781049600000,214.46,215.23,214.329,214.49,211533.12
1781136000000,214.489,214.942,213.867,214.8,205763.98
1781222400000,214.8,215.018,214.562,214.763,191144.67
1781395200000,214.503,215.162,214.245,215.135,10732.01
1781481600000,215.135,215.369,214.84,214.97,144220.47
1781568000000,214.97,215.558,214.52,215.365,139492.95
1781654400000,215.367,215.434,213.157,213.609,182331.77
1781740800000,213.609,214.055,212.415,212.928,215002.25
1781827200000,212.931,213.556,212.457,213.357,162469.9
1782000000000,212.545,213.26,212.545,213.212,9078.15
1782086400000,213.211,214.672,213.2,214.029,196488.88
1782172800000,214.032,214.208,212.974,213.301,163310.77
1782259200000,213.298,213.496,212.538,212.95,170506.47
1782345600000,212.95,213.723,212.805,213.369,174274.66
1782432000000,213.371,213.811,213.207,213.396,161602.86
1782604800000,213.438,213.556,213.301,213.505,4839.44
1782691200000,213.504,214.768,213.398,214.595,134994.84
1782777600000,214.593,215.771,214.187,215.485,175233.86
1782864000000,215.484,215.935,215.106,215.831,150081.95
1782950400000,215.83,216.066,214.625,215.348,244067.19
1783036800000,215.346,215.522,214.691,215.328,135416.48
1783209600000,215.151,215.598,215.151,215.581,6162.76
1783296000000,215.578,217.157,215.572,217.103,123907.83
1783382400000,217.103,217.207,216.262,216.686,139578.48
1783468800000,216.689,217.828,216.524,217.696,209155.9
1783555200000,217.696,218.007,217.353,217.782,130418.66
1783641600000,217.781,217.797,216.456,216.669,197634.6
1783814400000,216.449,216.766,216.401,216.696,10558.92
1783900800000,216.697,217.307,216.647,216.818,201753.31
1783987200000,216.824,217.387,216.677,217.277,217444.16
1784073600000,217.278,219.604,217.099,219.419,170511.81
1784160000000,219.419,219.534,218.67,218.847,154719.73
1784246400000,218.848,218.938,217.991,218.491,158144.69
1784419200000,218.272,218.53,218.2,218.499,9551.98
1784505600000,218.511,218.833,218.035,218.235,149954.5
1784592000000,218.233,218.724,217.517,218.316,156158.98
1784678400000,218.321,218.41,217.83,218.121,182248.3
1784764800000,218.125,218.622,217.943,218.099,204187.81
1784851200000,218.099,218.474,217.964,218.236,228242.12
1785024000000,218.061,218.489,217.949,218.438,14474.98
1785110400000,218.439,218.516,217.472,217.649,231156.53
1785196800000,217.649,217.99,217.522,217.718,180833.7
1785283200000,217.719,218.557,217.155,218.281,268579.94
1785369600000,218.281,218.679,212.325,215.611,393621.06
1785456000000,215.612,216.325,211.916,212.145,469715.8
1785628800000,212.025,212.981,211.942,212.594,36863.86
1785715200000,212.594,212.891,209.559,211.521,361231.53
1785801600000,211.52,212.328,211.146,212.116,245236.69
1785888000000,212.112,212.556,211.695,212.279,237110.98
1785974400000,212.281,213.297,212.264,213.149,196106.1
1786060800000,213.148,213.261,211.46,212.846,257469.98
1786233600000,212.725,213.053,212.501,212.987,18041.26
1786320000000,212.986,215.245,212.957,215.03,210226.11
1786406400000,215.027,215.227,214.757,215.16,201675.16
1786492800000,215.161,215.379,214.535,215.05,219790.72
1786579200000,215.051,215.226,214.783,215.07,193539.4
1786665600000,215.07,215.893,214.871,215.621,239505.11
1786838400000,215.431,215.713,215.431,215.686,13878.04
1786924800000,215.687,216.155,215.405,215.894,219000.84
1787011200000,215.894,216.213,215.866,215.972,210563.02
1787097600000,215.972,215.972,214.826,215.23,370866.5
1787184000000,215.229,216.898,215.199,216.774,354747.34
1787270400000,216.772,217.105,216.452,216.908,308744.3
1787443200000,216.608,216.989,216.149,216.92,13474.46
1787529600000,216.921,217.168,216.663,217.012,303291.38
1787616000000,217.01,217.467,216.948,217.255,278199.66
1787702400000,217.255,217.325,216.246,216.501,272104.1
1787788800000,216.504,216.766,216.259,216.597,245955.62
1787875200000,216.595,217.053,216.335,216.584,261051.67
1788048000000,216.448,216.84,216.41,216.792,16298.78
1788134400000,216.791,216.794,216.076,216.436,278996.28
1788220800000,216.435,216.834,216.325,216.477,241386.19
1788307200000,216.477,216.583,213.696,214.233,375124.03
1788393600000,214.234,214.317,209.958,210.546,496471.06
1788480000000,210.552,211.815,209.758,211.189,438635.72
1788652800000,210.695,211.206,210.685,211.134,15676.59
1788739200000,211.134,211.198,208.346,208.377,308305.2
1788825600000,208.383,209.038,207.093,207.824,442882.56
1788912000000,207.824,208.333,207.38,208.029,421483.53
1788998400000,208.03,208.884,207.822,208.68,351191.56
1789084800000,208.68,208.911,207.3,207.716,388167.06
1789257600000,207.28,207.912,207.271,207.5,37099.86
1789344000000,207.503,208.767,207.455,208.468,387791.25
1789430400000,208.467,209.342,208.439,209.169,283768.5
1789516800000,209.168,209.467,208.339,208.807,287133.5
1789603200000,208.807,208.974,207.867,208.556,289144.56
1789689600000,208.555,211.276,208.541,210.095,356610.47
1789862400000,209.801,210.345,209.781,210.19,26786.02
1789948800000,210.192,210.762,209.676,210.378,238633.56
1790035200000,210.377,210.892,209.513,210.1,329883.12
1790121600000,210.1,210.176,209.422,209.505,273693.53
1790208000000,209.504,210.141,208.768,209.806,306066.34
1790294400000,209.807,209.823,208.003,208.296,275183.06
1790553600000,208.006,208.592,207.836,208.247,13456.62
