timestamp,open,high,low,close,volume
1609632000000,1.27136,1.27347,1.27136,1.27229,3351.28
1609718400000,1.27228,1.27976,1.26647,1.27809,106819.93
1609804800000,1.27809,1.27894,1.26557,1.26758,104188.74
1609891200000,1.26758,1.27234,1.26296,1.26647,170530.51
1609977600000,1.26653,1.27336,1.26642,1.26848,98692.02
1610064000000,1.26848,1.27427,1.26583,1.26846,117789.56
1610236800000,1.27015,1.27338,1.26867,1.27268,4056.83
1610323200000,1.2727,1.28349,1.27184,1.27731,97832.39
1610409600000,1.2773,1.27912,1.27065,1.27071,86668.36
1610496000000,1.27071,1.27465,1.26799,1.26971,79459.83
1610582400000,1.26972,1.27073,1.26245,1.26468,74401.88
1610668800000,1.26469,1.2764,1.26357,1.27276,91147.74
1610841600000,1.27287,1.27715,1.27258,1.27714,4400.89
1610928000000,1.27715,1.27988,1.2742,1.2749,87689.7
1611014400000,1.27488,1.27638,1.27149,1.27211,66108.33
1611100800000,1.27211,1.27323,1.2606,1.26282,78751.37
1611187200000,1.26284,1.26491,1.25885,1.26487,73273.05
1611273600000,1.26488,1.27403,1.2641,1.27287,74211.47
1611446400000,1.27134,1.27365,1.27076,1.27262,3311.84
1611532800000,1.27256,1.27788,1.2687,1.27375,82673.63
1611619200000,1.27376,1.27822,1.26894,1.26923,70022.59
1611705600000,1.26923,1.28225,1.26847,1.2818,137300.5
1611792000000,1.2818,1.2881,1.27878,1.28303,132522.47
1611878400000,1.283,1.28743,1.27373,1.27718,152242.32
1612051200000,1.27865,1.2819,1.27856,1.28004,6803.34
1612137600000,1.28007,1.28642,1.27611,1.2849,128747.33
1612224000000,1.2849,1.28695,1.27785,1.27867,106624.35
1612310400000,1.27869,1.2811,1.2763,1.27844,89803.55
1612396800000,1.27844,1.28451,1.2777,1.28249,79723.44
1612483200000,1.28249,1.28325,1.2752,1.27532,72698.76
1612656000000,1.27565,1.27665,1.27537,1.27602,4593.48
1612742400000,1.27599,1.27824,1.27342,1.27386,70767.24
1612828800000,1.2739,1.2766,1.26889,1.2698,79965.2
1612915200000,1.2698,1.27104,1.26672,1.26968,84775.59
1613001600000,1.26969,1.27104,1.26599,1.26996,66941.33
1613088000000,1.26997,1.27628,1.26765,1.26908,53388.72
1613260800000,1.26833,1.269,1.2682,1.26886,3174.04
1613347200000,1.26888,1.26912,1.26306,1.26353,39228.03
1613433600000,1.26354,1.27121,1.26092,1.27118,72939.93
1613520000000,1.27121,1.2746,1.26867,1.26998,89200.83
1613606400000,1.26995,1.27306,1.2665,1.2681,69989.41
1613692800000,1.26808,1.27137,1.25941,1.26108,71151.27
1613865600000,1.26113,1.2618,1.25974,1.26007,2874.94
1613952000000,1.26009,1.26535,1.25801,1.2611,77932.53
1614038400000,1.2611,1.26469,1.25785,1.25945,87524.39
1614124800000,1.25944,1.2598,1.25046,1.25124,99418.7
1614211200000,1.25124,1.26144,1.24676,1.26136,139386.09
1614297600000,1.26135,1.27484,1.25868,1.27346,170801.48
1614470400000,1.27284,1.2737,1.26922,1.26972,6547.57
1614556800000,1.26972,1.27129,1.26398,1.26404,103337.98
1614643200000,1.26407,1.2698,1.25997,1.26357,113595.1
1614729600000,1.26356,1.26748,1.25927,1.26745,113864.88
1614816000000,1.26747,1.26936,1.25749,1.26791,171094.7
1614902400000,1.26792,1.2737,1.26454,1.2653,159763.98
1615075200000,1.26505,1.26565,1.26219,1.26321,5412.44
1615161600000,1.26319,1.26998,1.26254,1.2658,135180.53
1615248000000,1.26582,1.26855,1.25902,1.2646,119637.51
1615334400000,1.26459,1.2683,1.26081,1.2621,115195.6
1615420800000,1.26211,1.26249,1.25202,1.25362,81332.36
1615507200000,1.25361,1.25729,1.24618,1.24733,87705.7
1615680000000,1.24735,1.24821,1.24686,1.2469,3575.64
1615766400000,1.24691,1.25128,1.24404,1.24775,78948.22
1615852800000,1.24775,1.24999,1.24334,1.24428,75926.46
1615939200000,1.24428,1.24931,1.23876,1.23876,88575.26
1616025600000,1.23877,1.25264,1.23647,1.24936,108369.6
1616112000000,1.24937,1.25475,1.24616,1.24978,90583.63
1616284800000,1.25185,1.25312,1.25168,1.25235,3445.99
1616371200000,1.25236,1.2541,1.24731,1.25211,57181.23
1616457600000,1.2521,1.25976,1.25184,1.25887,80524.46
1616544000000,1.25886,1.26086,1.25426,1.25787,75728.01
1616630400000,1.25785,1.26284,1.25461,1.26046,93959.82
1616716800000,1.26046,1.26081,1.25603,1.25807,68243.33
1616889600000,1.25694,1.2586,1.25694,1.25851,1678.88
1616976000000,1.25849,1.26267,1.25797,1.259,62509.56
1617062400000,1.25901,1.26468,1.25801,1.26214,65367.52
1617148800000,1.26213,1.26285,1.25391,1.25643,68469.74
1617235200000,1.25645,1.26017,1.25397,1.2547,66886.34
1617321600000,1.25469,1.25814,1.25278,1.25695,25165.41
1617494400000,1.25724,1.25881,1.25629,1.25642,2885
1617580800000,1.25641,1.25942,1.25016,1.252,43199.69
1617667200000,1.25202,1.25826,1.25165,1.25717,60733
1617753600000,1.25719,1.26345,1.25656,1.26133,76877.21
1617840000000,1.26132,1.26268,1.25558,1.25634,60325.44
1617926400000,1.25632,1.26106,1.25251,1.25264,66601.24
1618099200000,1.25336,1.25372,1.25257,1.25335,4408.72
1618185600000,1.25336,1.25736,1.25303,1.25625,59665.96
1618272000000,1.25624,1.26288,1.25266,1.25368,65227.59
1618358400000,1.25369,1.2576,1.24998,1.2517,62902.15
1618444800000,1.25176,1.25582,1.24765,1.25451,68358.72
1618531200000,1.2545,1.25591,1.24939,1.25056,56679.33
1618704000000,1.25045,1.25183,1.25044,1.25183,1577.03
1618790400000,1.25183,1.25438,1.24709,1.25233,74348.59
1618876800000,1.25229,1.26231,1.24784,1.26118,86251.75
1618963200000,1.26118,1.26532,1.24595,1.2504,81281.64
1619049600000,1.25042,1.25346,1.24727,1.25024,80740.29
1619136000000,1.25024,1.25092,1.24605,1.24744,62820.94
1619308800000,1.24758,1.24894,1.24742,1.24891,2278.75
1619395200000,1.24892,1.24904,1.23839,1.23958,67259.96
1619481600000,1.23958,1.24184,1.23882,1.24065,56467.66
1619568000000,1.24067,1.24177,1.23013,1.23028,71480.52
1619654400000,1.2303,1.23215,1.22744,1.22758,66506.16
1619740800000,1.2276,1.23223,1.22656,1.22865,75923.82
1619913600000,1.22875,1.22906,1.22787,1.22799,1225.83
1620000000000,1.22797,1.23186,1.22664,1.228,54705.91
1620086400000,1.22797,1.23513,1.22768,1.2301,78138.32
1620172800000,1.2301,1.23059,1.22514,1.22686,60442.42
1620259200000,1.22683,1.22879,1.21415,1.2156,73941.99
1620345600000,1.21553,1.21932,1.21195,1.21246,71769.79
1620518400000,1.21208,1.21332,1.21097,1.2116,3580.74
1620604800000,1.21161,1.21301,1.20785,1.20938,73360
1620691200000,1.20938,1.21259,1.20777,1.20973,86994.27
1620777600000,1.20973,1.21376,1.20455,1.21202,113691.01
1620864000000,1.21202,1.22025,1.21035,1.21702,100189.6
1620950400000,1.21702,1.21785,1.20804,1.21007,70283.65
1621123200000,1.21104,1.21185,1.21038,1.21122,2453.05
1621209600000,1.21123,1.21359,1.20604,1.20616,77878.78
1621296000000,1.20618,1.2081,1.20124,1.20726,67342.6
1621382400000,1.20724,1.21429,1.20536,1.21311,115068.29
1621468800000,1.21313,1.21441,1.2049,1.20629,76135.89
1621555200000,1.20629,1.20943,1.20271,1.20614,76886.65
1621728000000,1.20662,1.20766,1.2056,1.20697,2460.75
1621814400000,1.20699,1.20851,1.20404,1.20499,65569.73
1621900800000,1.20497,1.20781,1.20286,1.2066,83161.96
1621987200000,1.20661,1.21356,1.20429,1.21298,75509.59
1622073600000,1.21298,1.21418,1.20562,1.20706,75071.48
1622160000000,1.20706,1.21197,1.20626,1.20693,69829.74
1622332800000,1.20648,1.20799,1.20647,1.2078,1527.09
1622419200000,1.20779,1.20915,1.20463,1.20607,66895.54
1622505600000,1.20606,1.20772,1.20064,1.20706,65249.76
1622592000000,1.20705,1.20914,1.2029,1.20402,52067.6
1622678400000,1.20403,1.21196,1.20298,1.21093,64693.53
1622764800000,1.21094,1.21328,1.20701,1.20726,62261.31
1622937600000,1.20697,1.20797,1.20697,1.20756,1018.59
1623024000000,1.20755,1.21063,1.20567,1.20865,52584.64
1623110400000,1.20867,1.21171,1.20707,1.21127,61926.27
1623196800000,1.21132,1.21173,1.20576,1.21144,57107.67
1623283200000,1.21143,1.21246,1.20696,1.20958,76115.49
1623369600000,1.20957,1.2177,1.20797,1.21583,68546.73
1623542400000,1.21584,1.21641,1.2154,1.21598,1532.67
1623628800000,1.21594,1.21712,1.21277,1.21427,65120.83
1623715200000,1.21425,1.22037,1.21291,1.21855,72284.93
1623801600000,1.21855,1.22832,1.21564,1.2278,105903.07
1623888000000,1.22785,1.23777,1.22619,1.23451,119575.87
1623974400000,1.23451,1.24804,1.23387,1.24601,120657.89
1624147200000,1.24638,1.24666,1.24412,1.24501,4490.04
1624233600000,1.24501,1.24866,1.23529,1.23693,108481.35
1624320000000,1.23697,1.24029,1.23013,1.23108,84335.45
1624406400000,1.23107,1.23282,1.22519,1.23047,78149.18
1624492800000,1.23047,1.23406,1.22821,1.23219,73010.63
1624579200000,1.23219,1.23293,1.22717,1.2291,57677.79
1624752000000,1.22919,1.23046,1.22901,1.22908,1464.93
1624838400000,1.22908,1.23476,1.22873,1.23347,63322.12
1624924800000,1.23347,1.24027,1.23312,1.23966,63947.66
1625011200000,1.23965,1.24232,1.23552,1.23937,73427.25
1625097600000,1.23935,1.24452,1.23644,1.24403,65210.53
1625184000000,1.24404,1.24493,1.23088,1.23206,75835.79
1625356800000,1.23192,1.23322,1.23164,1.23307,2921.46
1625443200000,1.23307,1.23713,1.23235,1.23406,53048.64
1625529600000,1.23407,1.24944,1.23023,1.24581,90980.47
1625616000000,1.24583,1.2519,1.24227,1.24818,104167.41
1625702400000,1.24818,1.25899,1.2478,1.25307,134787.33
1625788800000,1.25307,1.25564,1.24402,1.24412,109163.11
1625961600000,1.24432,1.24549,1.24422,1.24482,2417.47
1626048000000,1.24483,1.25141,1.2448,1.24558,88162.91
1626134400000,1.24562,1.25393,1.24418,1.25213,99276.53
1626220800000,1.25213,1.25258,1.24256,1.25159,107972.77
1626307200000,1.25158,1.26131,1.25008,1.25914,109000.59
1626393600000,1.25915,1.26204,1.25605,1.26117,82129.84
1626566400000,1.26059,1.26226,1.26025,1.26173,2882.13
1626652800000,1.26174,1.28072,1.2617,1.27496,134657.69
1626739200000,1.27496,1.27864,1.26708,1.26752,118760.82
1626825600000,1.26753,1.27297,1.25252,1.2571,92770.57
1626912000000,1.2571,1.2594,1.25286,1.25636,92610.88
1626998400000,1.25636,1.26067,1.25545,1.25581,68615.09
1627171200000,1.25567,1.25725,1.25567,1.25679,1957.67
1627257600000,1.2568,1.259,1.25276,1.25426,82891.64
1627344000000,1.25429,1.26041,1.25376,1.25908,94570.87
1627430400000,1.25906,1.26022,1.25151,1.25198,110312.43
1627516800000,1.25196,1.25299,1.24312,1.24491,78640.67
1627603200000,1.24495,1.24909,1.24217,1.24661,89765.62
1627776000000,1.24784,1.24803,1.24639,1.24669,2877.6
1627862400000,1.24668,1.25145,1.24525,1.25008,74535.44
1627948800000,1.25008,1.25754,1.24888,1.2533,87078.99
1628035200000,1.25332,1.25625,1.25152,1.2544,69362.56
1628121600000,1.2544,1.25448,1.24743,1.25013,73167.77
1628208000000,1.25013,1.25809,1.24941,1.25509,70166.1
1628380800000,1.2546,1.25793,1.2544,1.25724,5541.96
1628467200000,1.25723,1.25875,1.25312,1.2575,77885.39
1628553600000,1.25751,1.25891,1.25159,1.25191,62755.11
1628640000000,1.25192,1.2548,1.2489,1.25074,62976.08
1628726400000,1.25073,1.2533,1.25003,1.25198,61993.66
1628812800000,1.25197,1.25319,1.25011,1.25102,43934.68
1628985600000,1.25143,1.25197,1.25115,1.25181,1438.7
1629072000000,1.2518,1.25839,1.25169,1.25712,59840.87
1629158400000,1.25711,1.26486,1.25701,1.26268,90228.27
1629244800000,1.26269,1.2663,1.25977,1.26629,85591.81
1629331200000,1.26628,1.28324,1.26595,1.28312,130429.95
1629417600000,1.2831,1.29487,1.28138,1.28199,102382.55
1629590400000,1.28083,1.28325,1.28083,1.28254,1965.29
1629676800000,1.28256,1.28259,1.26422,1.26527,78124.21
1629763200000,1.26527,1.26575,1.25783,1.25967,68408.35
1629849600000,1.25968,1.26433,1.25854,1.25889,69938.19
1629936000000,1.25888,1.26952,1.25882,1.26856,72327.01
1630022400000,1.26855,1.27077,1.26051,1.26104,83570.16
1630195200000,1.26169,1.26223,1.26078,1.26117,5211.04
1630281600000,1.26117,1.26337,1.25731,1.26087,72366.77
1630368000000,1.26089,1.26529,1.25688,1.26162,92898.25
1630454400000,1.26165,1.26366,1.258,1.26212,80571.54
1630540800000,1.26211,1.26377,1.25477,1.25527,68460.74
1630627200000,1.25524,1.25586,1.24932,1.25213,91292.39
1630800000000,1.2525,1.25311,1.25124,1.25309,1673.35
1630886400000,1.25306,1.25587,1.25228,1.2534,59447.75
1630972800000,1.25342,1.26555,1.2519,1.26463,87381.92
1631059200000,1.26461,1.27617,1.26258,1.26936,100306.54
1631145600000,1.26937,1.27272,1.26222,1.26653,104211.56
1631232000000,1.26654,1.26944,1.25821,1.26898,81792.89
1631404800000,1.26809,1.26877,1.26731,1.26799,1943.57
1631491200000,1.26799,1.26948,1.26375,1.26483,76259.85
1631577600000,1.26485,1.26979,1.26008,1.26907,89469.92
1631664000000,1.26905,1.2708,1.26173,1.26181,88271.91
1631750400000,1.26182,1.26992,1.26159,1.26815,78929.4
1631836800000,1.26811,1.27722,1.26361,1.27655,87208.87
1632009600000,1.27575,1.27779,1.27373,1.27656,2578.08
1632096000000,1.27656,1.28956,1.27593,1.28025,135834.89
1632182400000,1.28024,1.28482,1.27421,1.28163,104677.18
1632268800000,1.28163,1.28258,1.26975,1.27859,117006.18
1632355200000,1.27861,1.27956,1.2633,1.26622,100424.5
1632441600000,1.26622,1.27299,1.26405,1.26471,82141.13
1632614400000,1.26482,1.26569,1.26396,1.26495,2196.23
1632700800000,1.26495,1.26723,1.26095,1.26262,95824.16
1632787200000,1.2626,1.27067,1.25935,1.26769,131862.53
1632873600000,1.26769,1.27742,1.26679,1.2754,127988.63
1632960000000,1.27539,1.27567,1.26296,1.2684,138893.3
1633046400000,1.26844,1.27383,1.26274,1.26416,134353.15
1633219200000,1.26397,1.26445,1.26133,1.26263,3174.99
1633305600000,1.26261,1.26542,1.25573,1.25893,126996.79
1633392000000,1.25897,1.26293,1.25449,1.25831,97563.91
1633478400000,1.25832,1.26476,1.25808,1.25855,126207.07
1633564800000,1.25859,1.25991,1.25396,1.25472,85716.22
1633651200000,1.25473,1.25622,1.24512,1.2466,99195.11
1633824000000,1.24728,1.24861,1.24647,1.24842,2934.72
1633910400000,1.24844,1.24915,1.24458,1.24807,70881.6
1633996800000,1.24807,1.24979,1.24339,1.24772,88819.62
1634083200000,1.24769,1.24783,1.24297,1.24383,81908
1634169600000,1.24383,1.24385,1.23543,1.2375,77941.74
1634256000000,1.23751,1.2397,1.23361,1.2358,69803.17
1634428800000,1.23641,1.23741,1.23482,1.23739,3661.51
1634515200000,1.23739,1.24094,1.23504,1.23722,79608.22
1634601600000,1.23723,1.23738,1.23109,1.23551,71705.56
1634688000000,1.23549,1.23663,1.23068,1.23248,80063.77
1634774400000,1.23248,1.23834,1.22879,1.23707,84351.91
1634860800000,1.23709,1.23896,1.23203,1.2362,94901.18
1635033600000,1.23645,1.23789,1.23634,1.23714,2827.8
1635120000000,1.23719,1.23995,1.23377,1.23787,76429.2
1635206400000,1.23787,1.23958,1.23499,1.2391,77319.52
1635292800000,1.2391,1.2431,1.22997,1.23696,112719.94
1635379200000,1.23697,1.2382,1.23293,1.23468,117668.42
1635465600000,1.23467,1.24079,1.23273,1.23823,101504.18
1635638400000,1.23804,1.23861,1.2376,1.23833,2136.51
1635724800000,1.23833,1.2403,1.23514,1.23735,81870.42
1635811200000,1.23734,1.24244,1.2371,1.24073,80583.24
1635897600000,1.24069,1.24569,1.23772,1.23778,103968.44
1635984000000,1.23776,1.24713,1.23768,1.24523,91756.07
1636070400000,1.24522,1.24793,1.24355,1.24512,89570.99
1636243200000,1.24458,1.24547,1.24442,1.2451,1457
1636329600000,1.2451,1.24653,1.24354,1.24421,62945.93
1636416000000,1.24418,1.24858,1.24282,1.24362,74010.83
1636502400000,1.24356,1.25034,1.23869,1.24869,101403.33
1636588800000,1.24869,1.25964,1.24816,1.25886,87523.27
1636675200000,1.25887,1.26043,1.25408,1.25452,69601.3
1636848000000,1.25404,1.25506,1.25374,1.25454,2467.6
1636934400000,1.25457,1.25555,1.25011,1.25143,67738.17
1637020800000,1.25145,1.25679,1.24922,1.25656,85505.08
1637107200000,1.25659,1.26221,1.25399,1.2611,98915.61
1637193600000,1.26109,1.26467,1.25926,1.26037,82007.61
1637280000000,1.26035,1.26621,1.25842,1.26378,96075.31
1637452800000,1.2639,1.26547,1.2639,1.26542,2959.08
1637539200000,1.26538,1.27048,1.26277,1.27014,93493.5
1637625600000,1.27015,1.27446,1.26595,1.26759,123792.28
1637712000000,1.26758,1.27098,1.26506,1.26615,96868.72
1637798400000,1.26616,1.26766,1.26401,1.2664,57604.78
1637884800000,1.26638,1.27991,1.26606,1.27858,149603.3
1638057600000,1.27439,1.27632,1.27247,1.27251,7086.06
1638144000000,1.27253,1.2793,1.27199,1.27376,116305.37
1638230400000,1.27377,1.28367,1.27316,1.27745,183510.29
1638316800000,1.27745,1.28294,1.27124,1.28112,122372.48
1638403200000,1.28112,1.28368,1.2778,1.28175,143679.49
1638489600000,1.28176,1.28537,1.27435,1.28431,133648.76
1638662400000,1.28286,1.28365,1.28171,1.28174,4227.77
1638748800000,1.28173,1.28422,1.27526,1.2762,99209.04
1638835200000,1.27619,1.27672,1.26343,1.26459,78824.52
1638921600000,1.2646,1.26661,1.26063,1.26517,109810.67
1639008000000,1.26517,1.27215,1.26495,1.27061,80278.22
1639094400000,1.27065,1.27389,1.26789,1.27203,92948.08
1639267200000,1.27251,1.27304,1.27171,1.27207,5169.34
1639353600000,1.27206,1.28209,1.27052,1.28079,89804.76
1639440000000,1.28079,1.28673,1.27968,1.28669,90178.36
1639526400000,1.28666,1.29373,1.28277,1.28368,123427.25
1639612800000,1.28367,1.28573,1.27632,1.27806,134683
1639699200000,1.27803,1.29011,1.27779,1.28893,128181.61
1639872000000,1.28885,1.29015,1.2874,1.28987,4491.6
1639958400000,1.28987,1.29633,1.28865,1.29362,140994.98
1640044800000,1.29361,1.29456,1.29096,1.2923,97575.69
1640131200000,1.2923,1.29236,1.28305,1.28514,75083.57
1640217600000,1.28513,1.28532,1.27976,1.28263,64211.18
1640304000000,1.28264,1.28343,1.27848,1.27981,212185.62
1640476800000,1.28038,1.28167,1.28035,1.28154,1855.33
1640563200000,1.28155,1.28468,1.27726,1.27877,38935.66
1640649600000,1.2788,1.28313,1.27816,1.28148,47704.85
1640736000000,1.2815,1.28345,1.27825,1.27828,56447.27
1640822400000,1.27827,1.28123,1.27333,1.27449,65682.43
1640908800000,1.2745,1.27504,1.26201,1.26356,74870.31
1641081600000,1.26327,1.26595,1.26243,1.2659,1981.47
1641168000000,1.26588,1.27785,1.26445,1.2751,119764.69
1641254400000,1.2751,1.27655,1.26668,1.27045,93800.9
1641340800000,1.27044,1.27658,1.26912,1.27597,97823.88
1641427200000,1.27598,1.28134,1.27062,1.27298,112629.66
1641513600000,1.27301,1.27304,1.26314,1.26388,98388.78
1641686400000,1.26405,1.26558,1.26326,1.26475,3620.67
1641772800000,1.26474,1.26973,1.26097,1.26655,114184.41
1641859200000,1.26653,1.26698,1.25666,1.25773,94902.41
1641945600000,1.25776,1.25793,1.2495,1.25028,89091.31
1642032000000,1.25022,1.25203,1.24527,1.25079,83335.5
1642118400000,1.25079,1.257,1.24702,1.25462,105472.24
1642291200000,1.25359,1.25563,1.25306,1.2541,4577.74
1642377600000,1.25411,1.25515,1.24996,1.25156,70202.7
1642464000000,1.25155,1.2563,1.24856,1.24975,127086.69
1642550400000,1.24977,1.25243,1.24497,1.25104,127626.26
1642636800000,1.25098,1.25148,1.24528,1.25003,97748.84
1642723200000,1.25003,1.25872,1.24979,1.25738,141696.26
1642896000000,1.25782,1.25802,1.2561,1.2561,8365.64
1642982400000,1.25615,1.27014,1.25539,1.26256,198380.28
1643068800000,1.26254,1.26687,1.25969,1.26166,207732.31
1643155200000,1.26166,1.26877,1.2559,1.26558,226911.78
1643241600000,1.26564,1.27476,1.26496,1.27466,237062.6
1643328000000,1.27466,1.27962,1.27124,1.27621,220394.68
1643500800000,1.2767,1.27762,1.27588,1.27593,4827.96
1643587200000,1.27591,1.27749,1.26814,1.27174,151498.46
1643673600000,1.27171,1.2726,1.26546,1.26898,132283.85
1643760000000,1.26897,1.27059,1.26494,1.26865,107062.55
1643846400000,1.2686,1.2715,1.26573,1.26784,145713.93
1643932800000,1.26784,1.27871,1.26624,1.27619,154557.93
1644105600000,1.27434,1.27518,1.27434,1.27457,2519.01
1644192000000,1.27455,1.27559,1.26572,1.26653,140119.85
1644278400000,1.26655,1.27204,1.2664,1.27058,115174.88
1644364800000,1.27053,1.27148,1.2665,1.26758,77006.18
1644451200000,1.26757,1.2734,1.26355,1.27335,138401.49
1644537600000,1.27333,1.27533,1.2669,1.27317,188505.63
1644710400000,1.27305,1.27412,1.27199,1.27238,5025.68
1644796800000,1.27238,1.27835,1.27191,1.27288,199589.2
1644883200000,1.27285,1.27742,1.27005,1.27247,144924.65
1644969600000,1.27248,1.27252,1.26634,1.26955,128099.16
1645056000000,1.26957,1.27338,1.2674,1.27084,173072.45
1645142400000,1.27085,1.27605,1.26729,1.27503,131069.82
1645315200000,1.2745,1.27611,1.2743,1.27561,3770.51
1645401600000,1.27559,1.27656,1.27213,1.27569,123477.18
1645488000000,1.27567,1.27827,1.27183,1.27666,166150.46
1645574400000,1.27666,1.2768,1.26812,1.27334,119251.84
1645660800000,1.27335,1.28771,1.27312,1.28073,332873.03
1645747200000,1.28072,1.28201,1.26931,1.26933,197146.71
1645920000000,1.2761,1.27669,1.27302,1.27553,7177.54
1646006400000,1.27556,1.28095,1.26592,1.26668,223702.5
1646092800000,1.26663,1.27497,1.26529,1.27241,164121.86
1646179200000,1.27235,1.27447,1.26274,1.26462,182746.01
1646265600000,1.2646,1.26923,1.25865,1.26706,152737.14
1646352000000,1.26706,1.27914,1.26692,1.27249,203491.63
1646524800000,1.27206,1.27556,1.27121,1.27142,8419.15
1646611200000,1.27144,1.28201,1.26848,1.27986,253418.33
1646697600000,1.27986,1.29006,1.27955,1.28904,252661.05
1646784000000,1.28909,1.2892,1.27976,1.27986,186765.52
1646870400000,1.27987,1.28415,1.27499,1.27559,164462.93
1646956800000,1.27558,1.27935,1.26933,1.27465,176557.13
1647129600000,1.27183,1.27439,1.27182,1.2735,8340.11
1647216000000,1.27349,1.28264,1.27328,1.2821,169310.2
1647302400000,1.28208,1.28709,1.2758,1.27707,157952.3
1647388800000,1.27708,1.2778,1.26738,1.26873,167781.53
1647475200000,1.26874,1.26982,1.26122,1.26319,131254.97
1647561600000,1.26315,1.26463,1.25888,1.26009,102868.83
1647734400000,1.26001,1.26124,1.25951,1.26059,3262.28
1647820800000,1.26059,1.26214,1.25647,1.25877,109924.98
1647907200000,1.25876,1.26237,1.25639,1.25829,108052.85
1647993600000,1.2583,1.26053,1.25418,1.25591,90198.76
1648080000000,1.25589,1.25857,1.25091,1.25201,101243.83
1648166400000,1.252,1.25526,1.2465,1.24732,99222.72
1648339200000,1.24841,1.24867,1.2468,1.24865,4671.86
1648425600000,1.24864,1.25924,1.24729,1.25212,111899.38
1648512000000,1.25211,1.25297,1.24692,1.24979,123696.51
1648598400000,1.24978,1.25082,1.24293,1.24833,103977.16
1648684800000,1.24834,1.25329,1.24637,1.25016,100355.77
1648771200000,1.25012,1.25392,1.248,1.2509,90591.35
1648944000000,1.25112,1.2527,1.25091,1.25267,2231.05
1649030400000,1.25265,1.25282,1.24678,1.24856,71170.7
1649116800000,1.24858,1.24975,1.24024,1.24841,86782.88
1649203200000,1.24841,1.25663,1.24787,1.25637,118275.81
1649289600000,1.25634,1.26112,1.25378,1.25867,104342.74
1649376000000,1.25863,1.26187,1.25639,1.25639,85052.26
1649548800000,1.25635,1.25806,1.25606,1.25803,3353.11
1649635200000,1.25806,1.26439,1.25723,1.26396,112253.49
1649721600000,1.26397,1.26613,1.2581,1.26347,119433.99
1649808000000,1.26348,1.26759,1.25546,1.25679,116510.38
1649894400000,1.25675,1.26418,1.25205,1.26086,131884.14
1649980800000,1.26092,1.26205,1.25903,1.26083,203614.59
1650153600000,1.26091,1.26212,1.26064,1.26141,4224.58
1650240000000,1.26138,1.26435,1.25992,1.26001,93547.24
1650326400000,1.26003,1.26466,1.2568,1.26041,126929.38
1650412800000,1.26041,1.26241,1.24718,1.24874,125364.66
1650499200000,1.24872,1.25922,1.24583,1.25918,128010.87
1650585600000,1.25917,1.27257,1.25845,1.27087,147150.22
1650758400000,1.27186,1.27275,1.26951,1.27231,5362
1650844800000,1.27226,1.27769,1.2715,1.27378,159433.65
1650931200000,1.27376,1.28279,1.26837,1.28061,140499.47
1651017600000,1.2806,1.28537,1.27777,1.28146,148758.34
1651104000000,1.28149,1.28792,1.27906,1.28034,150519.39
1651190400000,1.28034,1.286,1.27183,1.28536,145071.13
1651363200000,1.28291,1.28617,1.28246,1.28547,6030.68
1651449600000,1.28549,1.29135,1.2846,1.28705,122471.42
1651536000000,1.28705,1.28931,1.28248,1.28336,132683.77
1651622400000,1.28336,1.28533,1.27293,1.27374,142720.97
1651708800000,1.27374,1.28677,1.27132,1.28275,182515.21
1651795200000,1.28272,1.29123,1.28123,1.28994,204098.27
1651968000000,1.29044,1.29198,1.29012,1.29183,8213.83
1652054400000,1.29184,1.30182,1.29075,1.30098,186809.2
1652140800000,1.30101,1.3052,1.29613,1.30315,219585.28
1652227200000,1.30316,1.30388,1.29206,1.2995,219182.82
1652313600000,1.29947,1.30761,1.29765,1.30249,252169.97
1652400000000,1.30258,1.30307,1.28983,1.29024,165111.94
1652572800000,1.29126,1.29187,1.28997,1.29048,9739.84
1652659200000,1.29053,1.29811,1.2836,1.28497,175463.96
1652745600000,1.28498,1.2858,1.28034,1.28057,139181.63
1652832000000,1.28055,1.28952,1.27946,1.28878,150570.97
1652918400000,1.28874,1.28877,1.27824,1.28185,211887.74
1653004800000,1.28184,1.28679,1.2776,1.28357,155157.41
1653177600000,1.28305,1.28427,1.28113,1.28149,6712.31
1653264000000,1.28149,1.28182,1.27622,1.2787,138725.25
1653350400000,1.27875,1.28722,1.27787,1.28228,147360.6
1653436800000,1.28229,1.28845,1.28019,1.28196,177354.62
1653523200000,1.28194,1.2848,1.27677,1.27745,144352.94
1653609600000,1.27744,1.27824,1.27172,1.27197,116721.17
1653782400000,1.27176,1.27284,1.27147,1.27252,4955.09
1653868800000,1.2725,1.2726,1.26503,1.26567,91128.9
1653955200000,1.26567,1.26864,1.26287,1.26367,154839.29
1654041600000,1.26364,1.26763,1.26054,1.26671,147909.3
1654128000000,1.26667,1.26855,1.25639,1.25709,119998.95
1654214400000,1.25711,1.2595,1.25508,1.25911,118112.58
1654387200000,1.25932,1.25963,1.25785,1.25875,4531.42
1654473600000,1.25876,1.26008,1.25348,1.25817,103293.92
1654560000000,1.25816,1.26181,1.25232,1.2536,121033.19
1654646400000,1.25358,1.25646,1.25172,1.25536,116990.68
1654732800000,1.25533,1.27046,1.25488,1.27022,140966.37
1654819200000,1.27022,1.28121,1.26808,1.27745,163120.17
1654992000000,1.27753,1.28003,1.27726,1.27962,7353.24
1655078400000,1.27967,1.29002,1.27931,1.289,230934.56
1655164800000,1.28899,1.29746,1.28658,1.29474,223325.22
1655251200000,1.2947,1.29952,1.2862,1.28716,231934.52
1655337600000,1.28711,1.297,1.286,1.2955,216957.73
1655424000000,1.29547,1.30785,1.29401,1.30211,177819.45
1655596800000,1.30212,1.30361,1.29953,1.30002,6850.84
1655683200000,1.30002,1.30247,1.29749,1.29837,115373.96
1655769600000,1.29838,1.29847,1.29054,1.29322,126181.09
1655856000000,1.29323,1.29959,1.29115,1.29624,152064.14
1655942400000,1.29628,1.30172,1.29358,1.29894,182227.38
1656028800000,1.29896,1.29992,1.28878,1.28878,130990.42
1656201600000,1.28905,1.28994,1.28837,1.28987,6892
1656288000000,1.28989,1.29159,1.28637,1.28713,148530.73
1656374400000,1.28712,1.28943,1.28189,1.28733,152556.93
1656460800000,1.28734,1.28998,1.28436,1.28834,165594.57
1656547200000,1.28834,1.29328,1.28608,1.28721,186061.68
1656633600000,1.28721,1.29657,1.28662,1.28854,159172.05
1656806400000,1.28747,1.28933,1.28686,1.28886,4860.37
1656892800000,1.28892,1.29024,1.28367,1.28579,91010.04
1656979200000,1.28579,1.30832,1.28431,1.30317,172855.77
1657065600000,1.30318,1.30775,1.30114,1.30371,184862.66
1657152000000,1.3037,1.30554,1.29624,1.29673,145030.68
1657238400000,1.29671,1.30346,1.29355,1.29365,154510.54
1657411200000,1.29442,1.29553,1.29398,1.29476,4830.31
1657497600000,1.29477,1.30514,1.29466,1.2997,135698.4
1657584000000,1.2997,1.30502,1.29837,1.30324,165713.22
1657670400000,1.30324,1.30601,1.2936,1.29993,212830.68
1657756800000,1.29991,1.32233,1.29708,1.31075,262121.49
1657843200000,1.31076,1.31351,1.30131,1.3022,181266.1
1658016000000,1.30153,1.30235,1.30049,1.30073,5684.66
1658102400000,1.30073,1.30244,1.2898,1.29791,145150.69
1658188800000,1.29791,1.29881,1.28654,1.28733,173035.14
1658275200000,1.28735,1.29064,1.28544,1.28863,160884.05
1658361600000,1.28866,1.29366,1.28592,1.28795,211914.07
1658448000000,1.28796,1.29274,1.28217,1.29117,164467.98
1658620800000,1.29182,1.29254,1.29114,1.29254,4988.76
1658707200000,1.29252,1.2946,1.28343,1.28507,148765.39
1658793600000,1.28506,1.29008,1.28153,1.28752,132530.83
1658880000000,1.28753,1.29109,1.28078,1.28176,155231.91
1658966400000,1.28177,1.28696,1.27945,1.28063,180665.46
1659052800000,1.28063,1.28547,1.27881,1.27925,165474.96
1659225600000,1.27974,1.28203,1.27946,1.28138,6956.68
1659312000000,1.28138,1.28555,1.27668,1.28435,203182.26
1659398400000,1.28435,1.28886,1.28331,1.28871,286228.65
1659484800000,1.28875,1.28913,1.28317,1.28544,220683.31
1659571200000,1.28546,1.28755,1.28175,1.2869,198317.44
1659657600000,1.28691,1.29841,1.28633,1.29289,206720.63
1659830400000,1.29268,1.29464,1.29251,1.29431,6697.31
1659916800000,1.29431,1.29495,1.28381,1.28549,159415.58
1660003200000,1.28549,1.28999,1.28428,1.28849,170672.82
1660089600000,1.28848,1.28947,1.27505,1.27739,185132.45
1660176000000,1.27739,1.27912,1.27272,1.2763,186260.78
1660262400000,1.27628,1.28024,1.27386,1.27721,152300.72
1660435200000,1.27664,1.27803,1.27557,1.278,7213.59
1660521600000,1.27801,1.29335,1.27715,1.29042,161626.85
1660608000000,1.29041,1.29279,1.28302,1.28452,172048.29
1660694400000,1.28451,1.29359,1.28265,1.29178,215187.17
1660780800000,1.29179,1.29668,1.288,1.29468,199629.38
1660867200000,1.29468,1.30085,1.29446,1.29918,168351.42
1661040000000,1.29842,1.30035,1.29786,1.29999,5001.37
1661126400000,1.29998,1.30604,1.29708,1.30487,173458.62
1661212800000,1.30487,1.30626,1.29331,1.29586,219578.11
1661299200000,1.29587,1.30181,1.29555,1.29703,209457.16
1661385600000,1.29702,1.2975,1.28945,1.29387,201361.92
1661472000000,1.2939,1.30425,1.29036,1.30314,210374.15
1661644800000,1.30302,1.30675,1.30278,1.30618,15990.07
1661731200000,1.30615,1.30751,1.29899,1.30016,219785.92
1661817600000,1.30016,1.31076,1.29714,1.30903,271875.72
1661904000000,1.3091,1.31448,1.30625,1.31422,281492.99
1661990400000,1.31422,1.32074,1.31398,1.31476,249590.17
1662076800000,1.31476,1.31691,1.30739,1.31239,219226.82
1662249600000,1.31245,1.31477,1.3122,1.31417,8834.75
1662336000000,1.31417,1.31731,1.31259,1.31295,122988.46
1662422400000,1.31295,1.31697,1.30956,1.31548,224958.93
1662508800000,1.31548,1.32082,1.31096,1.31289,241480.22
1662595200000,1.31289,1.31588,1.30762,1.30809,244247.01
1662681600000,1.30808,1.30821,1.29813,1.30192,223921.72
1662854400000,1.3044,1.30441,1.30148,1.30232,6690.41
1662940800000,1.30233,1.30357,1.29628,1.29809,211876.85
1663027200000,1.29808,1.31806,1.29533,1.31667,299642.12
1663113600000,1.31667,1.32057,1.31384,1.31593,321578.71
1663200000000,1.31591,1.32515,1.31537,1.32483,277603.51
1663286400000,1.32483,1.33071,1.32274,1.32628,248972.25
1663459200000,1.32633,1.3277,1.3251,1.32578,8221.24
1663545600000,1.32579,1.33434,1.32419,1.32426,220586.59
1663632000000,1.32427,1.33746,1.32265,1.33639,214307.69
1663718400000,1.33639,1.34848,1.33568,1.34783,328030.08
1663804800000,1.34783,1.35439,1.34081,1.34723,354682.14
1663891200000,1.34723,1.36118,1.34672,1.3579,316909.41
1664064000000,1.35983,1.36138,1.35758,1.35786,12674.99
1664150400000,1.35786,1.38076,1.35584,1.37118,400425.98
1664236800000,1.37118,1.3775,1.36389,1.37224,373320.63
1664323200000,1.37224,1.38326,1.36007,1.3629,441394.36
1664409600000,1.36289,1.37551,1.36265,1.36744,412100.08
1664496000000,1.36741,1.38376,1.36575,1.38305,374001.8
1664668800000,1.38085,1.38274,1.37773,1.37828,18317.87
1664755200000,1.37828,1.38051,1.36187,1.36255,384754.9
1664841600000,1.36255,1.36636,1.35021,1.35068,342951.27
1664928000000,1.35068,1.36949,1.35028,1.35956,329540.22
1665014400000,1.35956,1.37546,1.3564,1.37411,345431.82
1665100800000,1.37413,1.37605,1.3675,1.37372,310587.79
1665273600000,1.37465,1.37537,1.37296,1.37311,12737.79
1665360000000,1.3731,1.37821,1.37021,1.37721,285722.55
1665446400000,1.3772,1.38547,1.3714,1.37919,379885.47
1665532800000,1.37919,1.38298,1.37593,1.38177,367413.3
1665619200000,1.38189,1.39769,1.37059,1.37636,401124.2
1665705600000,1.3764,1.38975,1.37029,1.38773,400109.66
1665878400000,1.38695,1.38783,1.38507,1.38542,6974.97
1665964800000,1.3854,1.38591,1.3698,1.37137,294457.01
1666051200000,1.37138,1.38099,1.36565,1.37263,368535.83
1666137600000,1.37266,1.38087,1.37183,1.37731,327782.13
1666224000000,1.37729,1.3806,1.36503,1.37769,391656.79
1666310400000,1.37767,1.38537,1.36287,1.3637,427577.62
1666483200000,1.36323,1.36654,1.36058,1.36467,35504.01
1666569600000,1.36467,1.37738,1.3644,1.36973,414999.57
1666656000000,1.36972,1.37472,1.36002,1.36179,317684.05
1666742400000,1.3618,1.36501,1.35068,1.35492,352746.08
1666828800000,1.35493,1.3626,1.34946,1.35626,373883.17
1666915200000,1.35622,1.36341,1.35242,1.35898,320020.18
1667088000000,1.36083,1.36191,1.3593,1.36077,8314.79
1667174400000,1.36076,1.36844,1.35996,1.36107,251194.94
1667260800000,1.36109,1.36681,1.35291,1.36188,297197.04
1667347200000,1.36188,1.37229,1.35474,1.37148,312841.79
1667433600000,1.37153,1.38075,1.36818,1.37419,321894.17
1667520000000,1.37416,1.37445,1.34684,1.34747,359049.86
1667692800000,1.35279,1.35345,1.34972,1.3512,7657.96
1667779200000,1.3512,1.35522,1.34644,1.34914,309788.14
1667865600000,1.34916,1.35261,1.33866,1.34156,289960.15
1667952000000,1.34157,1.3541,1.341,1.35265,352599.01
1668038400000,1.35264,1.35698,1.33074,1.33309,373904.29
1668124800000,1.33309,1.33596,1.32353,1.32477,377223.41
1668297600000,1.32686,1.33043,1.32616,1.32646,9808.94
1668384000000,1.32642,1.33248,1.32384,1.33234,324018.13
1668470400000,1.33235,1.33355,1.32254,1.32738,434523.7
1668556800000,1.32735,1.33463,1.32272,1.33352,371884.44
1668643200000,1.33351,1.34006,1.33038,1.33234,304601.73
1668729600000,1.33236,1.34083,1.32995,1.33713,245917.8
1668902400000,1.33594,1.33836,1.33594,1.3377,4023.38
1668988800000,1.33768,1.34942,1.3376,1.34462,248924.79
1669075200000,1.34461,1.34498,1.33622,1.33622,196446.85
1669161600000,1.33622,1.34394,1.33383,1.33386,233459.28
1669248000000,1.33387,1.33615,1.33156,1.33369,130435.72
1669334400000,1.33368,1.33976,1.33163,1.33682,173482.08
1669507200000,1.33904,1.34101,1.33673,1.34091,4567.69
1669593600000,1.34091,1.35043,1.33996,1.34895,237832.2
1669680000000,1.34896,1.3645,1.34086,1.35842,275180.96
1669766400000,1.35841,1.3592,1.34078,1.34142,301032.9
1669852800000,1.34147,1.347,1.33942,1.34353,306134.64
1669939200000,1.34352,1.35198,1.34196,1.34652,283323.61
1670112000000,1.34611,1.34729,1.34456,1.3446,5336.45
1670198400000,1.34463,1.36043,1.33842,1.35875,249299.74
1670284800000,1.35874,1.3675,1.35697,1.3649,253350.1
1670371200000,1.36491,1.36991,1.3588,1.36523,283697.12
1670457600000,1.36522,1.36882,1.35603,1.35984,251412.75
1670544000000,1.35981,1.36904,1.35682,1.36415,236805.86
1670716800000,1.36261,1.36604,1.36167,1.36566,3411.76
1670803200000,1.36566,1.36823,1.3618,1.36302,174386.36
1670889600000,1.36302,1.36435,1.35213,1.35556,224701.64
1670976000000,1.35555,1.36117,1.35182,1.35502,221163.89
1671062400000,1.35501,1.36738,1.35401,1.36562,208256.1
1671148800000,1.36562,1.37046,1.36172,1.36956,173927.46
1671321600000,1.36759,1.36887,1.36749,1.36886,3352.36
1671408000000,1.36888,1.36939,1.36227,1.36427,154873.52
1671494400000,1.36426,1.37039,1.35791,1.36004,227569.48
1671580800000,1.36001,1.36375,1.35887,1.36154,157918.38
1671667200000,1.36156,1.36839,1.35702,1.36363,152820.68
1671753600000,1.36364,1.3658,1.35623,1.35939,131629.11
1671926400000,1.35943,1.3613,1.35902,1.3613,310.46
1672012800000,1.36108,1.36108,1.35569,1.35571,102421.67
1672099200000,1.35571,1.35678,1.34838,1.35243,110416.87
1672185600000,1.35246,1.36112,1.3485,1.36002,132240.05
1672272000000,1.36002,1.36083,1.35376,1.35541,113248.48
1672358400000,1.3554,1.35813,1.35133,1.3546,156501.98
1672531200000,1.35256,1.35289,1.35175,1.35282,103.02
1672617600000,1.35282,1.3583,1.35221,1.35627,125927.14
1672704000000,1.35629,1.36849,1.35221,1.36725,194250.86
1672790400000,1.36724,1.36736,1.34693,1.34851,197208.47
1672876800000,1.34851,1.35949,1.34788,1.35625,200038.97
1672963200000,1.35625,1.36643,1.34328,1.34426,189064.13
1673136000000,1.34359,1.34436,1.3432,1.34358,3693.84
1673222400000,1.34358,1.34438,1.33567,1.33937,162982.51
1673308800000,1.33935,1.34451,1.33755,1.3434,187756.36
1673395200000,1.34341,1.34448,1.34039,1.34293,130535.46
1673481600000,1.34296,1.34586,1.33445,1.33772,194475.47
1673568000000,1.33769,1.34391,1.33209,1.33919,156252.62
1673740800000,1.33847,1.33986,1.33847,1.33985,4997.59
1673827200000,1.33984,1.34178,1.33519,1.3399,98050.73
1673913600000,1.3399,1.34363,1.33686,1.33907,159798.67
1674000000000,1.33907,1.34998,1.33498,1.34957,193874.08
1674086400000,1.34959,1.35201,1.3446,1.34636,146986.1
1674172800000,1.34638,1.3497,1.33715,1.33779,122856.54
1674345600000,1.33768,1.33814,1.33656,1.33704,2704.77
1674432000000,1.33702,1.34171,1.33413,1.33707,122158.25
1674518400000,1.33706,1.34131,1.33463,1.33712,116277.7
1674604800000,1.33711,1.34276,1.33394,1.3381,128619.87
1674691200000,1.33809,1.34076,1.33024,1.3317,122043.56
1674777600000,1.3317,1.33463,1.32999,1.33051,110723.43
1674950400000,1.33108,1.33135,1.33009,1.33056,2678.22
1675036800000,1.33051,1.33924,1.32989,1.3384,138172.65
1675123200000,1.33841,1.34709,1.32983,1.33075,156997.56
1675209600000,1.33075,1.33796,1.3263,1.32738,181770.04
1675296000000,1.32738,1.3347,1.32616,1.33174,198013.36
1675382400000,1.33174,1.34255,1.33174,1.3399,206368.37
1675555200000,1.34096,1.34202,1.33987,1.34025,5216.75
1675641600000,1.34026,1.34749,1.33957,1.34421,159935.76
1675728000000,1.34421,1.34685,1.33789,1.33899,195133.63
1675814400000,1.33904,1.34503,1.33595,1.34453,149374.67
1675900800000,1.34454,1.34627,1.33719,1.34484,128057.14
1675987200000,1.34482,1.34718,1.33374,1.33401,162886.3
1676160000000,1.33434,1.33573,1.3341,1.33569,2951.39
1676246400000,1.33569,1.33794,1.33245,1.33345,112344.28
1676332800000,1.33347,1.33903,1.32733,1.33406,183845.94
1676419200000,1.33406,1.34397,1.33396,1.33916,152270.96
1676505600000,1.33915,1.3479,1.33566,1.3473,166350.71
1676592000000,1.3473,1.35369,1.3464,1.34733,151523.87
1676764800000,1.3479,1.34848,1.34653,1.34822,2623.34
1676851200000,1.34821,1.34943,1.34409,1.34535,66007.14
1676937600000,1.34534,1.35487,1.34407,1.35327,155393.55
1677024000000,1.35329,1.35676,1.35138,1.35452,146653.59
1677110400000,1.35453,1.35807,1.35154,1.35431,136103.99
1677196800000,1.35431,1.36647,1.35266,1.36037,160007.39
1677369600000,1.36094,1.36101,1.35946,1.35962,3608.37
1677456000000,1.35966,1.36238,1.35333,1.35753,135934.55
1677542400000,1.35752,1.36477,1.35602,1.36451,137726.43
1677628800000,1.3645,1.36587,1.35838,1.35898,179296.6
1677715200000,1.35898,1.36411,1.35816,1.35974,153295.93
1677801600000,1.35974,1.36442,1.35544,1.35952,137138.52
1677974400000,1.35994,1.36059,1.35893,1.36049,2887.82
1678060800000,1.36049,1.36283,1.35814,1.36158,115569.53
1678147200000,1.36158,1.37608,1.35991,1.375,158949.14
1678233600000,1.375,1.38145,1.37442,1.37991,146478.52
1678320000000,1.37992,1.38367,1.37519,1.3831,142943.47
1678406400000,1.3831,1.38615,1.37609,1.38196,259058.02
1678579200000,1.37998,1.38155,1.37628,1.37672,24684.11
1678665600000,1.37671,1.38013,1.36767,1.37407,369939.37
1678752000000,1.37407,1.37501,1.3651,1.36889,268731.39
1678838400000,1.36888,1.38137,1.36591,1.37669,265130.99
1678924800000,1.37668,1.37874,1.37133,1.37198,246715.46
1679011200000,1.37198,1.37729,1.36769,1.37269,173600.81
1679184000000,1.37199,1.3724,1.36877,1.37134,8982.23
1679270400000,1.37134,1.37465,1.36509,1.36723,181358.67
1679356800000,1.36719,1.37367,1.36437,1.37086,111738.6
1679443200000,1.37101,1.37437,1.36562,1.37201,139057.11
1679529600000,1.37199,1.3733,1.363,1.37177,149158.89
1679616000000,1.37174,1.38041,1.3709,1.37383,155883.52
1679788800000,1.37259,1.37382,1.37234,1.37292,10900.42
1679875200000,1.37291,1.37448,1.36493,1.36549,112046.75
1679961600000,1.36546,1.36947,1.35912,1.35931,101059.81
1680048000000,1.35931,1.36161,1.35554,1.35666,88094.97
1680134400000,1.35666,1.35809,1.35154,1.35221,90932.71
1680220800000,1.35221,1.3564,1.3507,1.35132,99702.81
1680393600000,1.34941,1.35147,1.34874,1.35038,8186.35
1680480000000,1.35038,1.3536,1.3411,1.3437,113592.86
1680566400000,1.34368,1.34672,1.34056,1.34389,113301.89
1680652800000,1.34391,1.34826,1.34245,1.34545,98097
1680739200000,1.34546,1.35054,1.34527,1.34949,82511.2
1680825600000,1.34952,1.35305,1.34848,1.35058,52797.13
1680998400000,1.35143,1.35175,1.34984,1.35044,3504.77
1681084800000,1.35043,1.35531,1.34844,1.3503,64163.28
1681171200000,1.35031,1.35158,1.34577,1.34633,82540.79
1681257600000,1.34634,1.34886,1.34276,1.34394,112436.7
1681344000000,1.34393,1.34478,1.33303,1.33402,93437.75
1681430400000,1.33403,1.33954,1.33001,1.33569,113642.5
1681603200000,1.3359,1.3369,1.33533,1.33656,2437.77
1681689600000,1.33657,1.34196,1.3342,1.3394,92190.7
1681776000000,1.33939,1.33992,1.33589,1.33911,88862.76
1681862400000,1.3391,1.34707,1.33841,1.34689,85301.51
1681948800000,1.34693,1.34891,1.34479,1.34804,64782.23
1682035200000,1.34806,1.35633,1.34743,1.3534,67074.32
1682208000000,1.35246,1.35435,1.35235,1.35405,2084.64
1682294400000,1.35407,1.35669,1.35222,1.35333,56609.71
1682380800000,1.35337,1.36474,1.35242,1.36186,70181.09
1682467200000,1.36185,1.36507,1.35989,1.36308,82370.66
1682553600000,1.36307,1.36451,1.35884,1.35997,76246.06
1682640000000,1.35995,1.36675,1.35358,1.35412,84006.31
1682812800000,1.35333,1.35608,1.35309,1.35607,3096.23
1682899200000,1.35608,1.35829,1.35299,1.35523,61083.32
1682985600000,1.35525,1.36373,1.35277,1.36203,83579.44
1683072000000,1.36203,1.36389,1.35812,1.36311,97948.71
1683158400000,1.36306,1.36324,1.35186,1.35238,104509.8
1683244800000,1.35234,1.3529,1.33708,1.33711,83748.86
1683417600000,1.33792,1.33823,1.33702,1.33797,3067.29
1683504000000,1.33795,1.33869,1.33143,1.33716,52540.79
1683590400000,1.33717,1.34059,1.33648,1.33749,54918.12
1683676800000,1.33748,1.34143,1.33343,1.33723,81597.85
1683763200000,1.33723,1.34957,1.33625,1.34949,81531.88
1683849600000,1.34948,1.35647,1.34793,1.35538,63496.66
1684022400000,1.35291,1.35594,1.35291,1.35556,3854.84
1684108800000,1.35557,1.35674,1.34599,1.34663,60984.45
1684195200000,1.34664,1.34933,1.34035,1.34771,72571.22
1684281600000,1.34768,1.35355,1.34367,1.34667,69542.96
1684368000000,1.34667,1.35242,1.34515,1.34977,67402.96
1684454400000,1.34975,1.35232,1.34684,1.34955,74303.83
1684627200000,1.34887,1.35046,1.3486,1.34891,3284.11
1684713600000,1.34891,1.35186,1.34846,1.35029,62374.33
1684800000000,1.35029,1.35482,1.34843,1.35003,75452.04
1684886400000,1.35004,1.36054,1.34954,1.35893,81351.76
1684972800000,1.35896,1.36467,1.35859,1.36435,73777.71
1685059200000,1.36435,1.36542,1.36003,1.3612,71033.85
1685232000000,1.36062,1.36155,1.3601,1.36088,2276.77
1685318400000,1.36086,1.3613,1.35783,1.36039,29383.28
1685404800000,1.36044,1.3613,1.35667,1.35995,72394.76
1685491200000,1.35996,1.36509,1.35591,1.35662,86906.01
1685577600000,1.35661,1.35846,1.34361,1.34443,81246.38
1685664000000,1.34443,1.34507,1.34062,1.34263,75562.87
1685836800000,1.34162,1.34308,1.34105,1.34287,3559.6
1685923200000,1.34285,1.34612,1.34167,1.34486,63121.16
1686009600000,1.34485,1.34521,1.33896,1.33976,65246.56
1686096000000,1.33976,1.34263,1.33205,1.33709,79296.51
1686182400000,1.3371,1.33875,1.33336,1.3362,72423.19
1686268800000,1.3362,1.33709,1.33126,1.33379,63820.32
1686441600000,1.33328,1.33458,1.33323,1.33371,2574.62
1686528000000,1.33371,1.33832,1.33143,1.3364,64371.76
1686614400000,1.33642,1.33781,1.32854,1.33139,81683.51
1686700800000,1.33137,1.33525,1.32717,1.33271,90521.46
1686787200000,1.3327,1.33541,1.32094,1.32228,73733.66
1686873600000,1.32228,1.32389,1.31772,1.31957,74893.28
1687046400000,1.31809,1.31997,1.31807,1.31987,2515.11
1687132800000,1.31987,1.32284,1.31787,1.32102,45892.42
1687219200000,1.32102,1.32692,1.32048,1.32246,84422.22
1687305600000,1.3225,1.32455,1.31566,1.31605,94804.1
1687392000000,1.31605,1.31788,1.31381,1.31468,87795.77
1687478400000,1.31469,1.32256,1.31425,1.31764,89767.38
1687651200000,1.31772,1.31794,1.31609,1.31648,3225.35
1687737600000,1.31648,1.31764,1.31353,1.31515,80764.74
1687824000000,1.31513,1.3198,1.3116,1.31967,88353.58
1687910400000,1.31966,1.32761,1.31885,1.32525,91004.49
1687996800000,1.32524,1.3285,1.32386,1.32507,80718.28
1688083200000,1.32507,1.32846,1.32061,1.32431,81973.93
1688256000000,1.32334,1.32505,1.32334,1.32496,1937.99
1688342400000,1.32494,1.32729,1.32297,1.32478,62337.61
1688428800000,1.32478,1.32564,1.32026,1.32247,37970.85
1688515200000,1.32246,1.32928,1.32197,1.32849,70025.81
1688601600000,1.32848,1.33719,1.32745,1.33645,89485.98
1688688000000,1.33645,1.33867,1.32651,1.32725,82379.83
1688860800000,1.32706,1.32801,1.3269,1.32782,3021.15
1688947200000,1.32783,1.33041,1.32677,1.32739,74234.15
1689033600000,1.32738,1.32893,1.32234,1.32288,79419.36
1689120000000,1.32288,1.32336,1.3143,1.31832,94876.45
1689206400000,1.31835,1.31943,1.31032,1.31128,88852.65
1689292800000,1.31127,1.32266,1.3092,1.3213,74872.54
1689465600000,1.32016,1.32317,1.3196,1.32264,1531.26
1689552000000,1.32264,1.32318,1.31603,1.32013,58873.67
1689638400000,1.32014,1.32428,1.31615,1.31661,82533.51
1689724800000,1.31663,1.31928,1.31552,1.31629,100891.67
1689811200000,1.31629,1.31941,1.31189,1.31739,103786.43
1689897600000,1.31737,1.32259,1.31526,1.32209,96316.25
1690070400000,1.32153,1.32256,1.32057,1.32253,2879.33
1690156800000,1.32253,1.32284,1.31499,1.31749,94395.95
1690243200000,1.3175,1.32091,1.31464,1.3187,87573.06
1690329600000,1.3187,1.32376,1.31716,1.32045,125990.33
1690416000000,1.32045,1.32428,1.31575,1.32277,116098.86
1690502400000,1.32277,1.32526,1.32,1.32484,109169.08
1690675200000,1.32247,1.32516,1.32247,1.32516,5398.71
1690761600000,1.32517,1.32611,1.31507,1.31941,93660.68
1690848000000,1.3194,1.32995,1.31853,1.32692,107021.79
1690934400000,1.32691,1.33527,1.3269,1.3344,116522.98
1691020800000,1.33437,1.33776,1.33283,1.33506,122203.64
1691107200000,1.33506,1.33937,1.33187,1.33794,119281.26
1691280000000,1.33617,1.33803,1.33614,1.33748,4112.35
1691366400000,1.33751,1.3399,1.33553,1.33714,103566.53
1691452800000,1.33711,1.35015,1.33669,1.34257,132315.15
1691539200000,1.34259,1.34538,1.34036,1.34191,120032.32
1691625600000,1.34191,1.34494,1.33722,1.34438,136574.07
1691712000000,1.34438,1.34655,1.3412,1.34374,114219.32
1691884800000,1.34321,1.34452,1.34321,1.344,5077.51
1691971200000,1.344,1.34796,1.34375,1.34588,122218.95
1692057600000,1.3459,1.35013,1.34388,1.34902,141691.31
1692144000000,1.34899,1.35446,1.34748,1.35367,135811.51
1692230400000,1.35367,1.35522,1.34957,1.3545,140739.38
1692316800000,1.35451,1.35745,1.35239,1.35495,154607.61
1692489600000,1.35427,1.35499,1.35411,1.35411,3097.61
1692576000000,1.35413,1.35723,1.34956,1.3546,113100.01
1692662400000,1.35462,1.35645,1.35127,1.35495,136683
1692748800000,1.35494,1.36035,1.35199,1.35233,111633.79
1692835200000,1.35234,1.35885,1.35094,1.35864,116267.15
1692921600000,1.35862,1.36395,1.35688,1.36011,120538.29
1693094400000,1.35851,1.36004,1.35851,1.35948,3689.91
1693180800000,1.35947,1.36115,1.35698,1.36005,112282.65
1693267200000,1.36003,1.36371,1.35487,1.35588,133215.94
1693353600000,1.35588,1.35765,1.35126,1.35342,130413.96
1693440000000,1.35342,1.35574,1.35036,1.35101,121814.9
1693526400000,1.351,1.36123,1.34889,1.35873,107440.46
1693699200000,1.35843,1.35982,1.35843,1.35943,2723.92
1693785600000,1.35941,1.36043,1.3575,1.35992,55470.15
1693872000000,1.3599,1.36691,1.35962,1.36391,120621.38
1693958400000,1.36391,1.36762,1.3622,1.36392,112285.3
1694044800000,1.36391,1.36941,1.36316,1.36824,99257.24
1694131200000,1.36826,1.36894,1.36074,1.36354,102846.24
1694304000000,1.36303,1.36371,1.36252,1.36283,6773.25
1694390400000,1.36282,1.36354,1.35605,1.35795,95094.26
1694476800000,1.35796,1.35927,1.35431,1.35526,94821.65
1694563200000,1.35526,1.35867,1.35205,1.35525,158507.84
1694649600000,1.35523,1.35537,1.3493,1.35153,118563.08
1694736000000,1.35152,1.35494,1.34936,1.35213,122302.96
1694908800000,1.35178,1.35263,1.35161,1.35222,1946.26
1694995200000,1.35222,1.3528,1.34714,1.34864,95661.39
1695081600000,1.34863,1.3488,1.33787,1.34427,112887.56
1695168000000,1.34426,1.34778,1.33951,1.3477,142731.5
1695254400000,1.34772,1.35234,1.34601,1.34773,126439.61
1695340800000,1.34772,1.34911,1.34231,1.34783,103173.06
1695513600000,1.34661,1.34803,1.34636,1.34772,8653.81
1695600000000,1.34773,1.34914,1.34485,1.34504,87991.57
1695686400000,1.34504,1.35279,1.34495,1.35192,124181.46
1695772800000,1.35189,1.35427,1.34923,1.35004,120282.8
1695859200000,1.35001,1.35158,1.34702,1.34906,145223.52
1695945600000,1.34908,1.35844,1.34163,1.35749,140392.29
1696118400000,1.35646,1.35812,1.35596,1.35733,5306.72
1696204800000,1.35731,1.36843,1.35612,1.36756,133896.89
1696291200000,1.36756,1.37357,1.36753,1.3709,168335.87
1696377600000,1.37091,1.37792,1.36897,1.37442,183590.33
1696464000000,1.3744,1.37851,1.37022,1.37067,153610.55
1696550400000,1.37065,1.3745,1.36436,1.36594,164727.9
1696723200000,1.36695,1.36787,1.36606,1.36622,9608.94
1696809600000,1.36621,1.3676,1.35776,1.35803,109340.94
1696896000000,1.358,1.36168,1.35688,1.35838,146995.6
1696982400000,1.35839,1.36232,1.35709,1.35957,124723.1
1697068800000,1.35957,1.37,1.35779,1.36847,120166.5
1697155200000,1.36842,1.36887,1.36361,1.36515,116072.14
1697328000000,1.3645,1.36569,1.36403,1.36434,5366.96
1697414400000,1.36433,1.36551,1.36049,1.36153,111700.5
1697500800000,1.36153,1.37025,1.3608,1.36525,122104.75
1697587200000,1.36526,1.37163,1.36166,1.3713,130316.58
1697673600000,1.37132,1.37406,1.36787,1.37154,145466.47
1697760000000,1.37158,1.37338,1.36692,1.37118,105266.63
1697932800000,1.37007,1.37161,1.368,1.37052,4382.13
1698019200000,1.37053,1.37363,1.36671,1.36883,115154.59
1698105600000,1.36882,1.37544,1.36605,1.37418,113922.26
1698192000000,1.37417,1.38098,1.37298,1.38025,111557.74
1698278400000,1.38023,1.38436,1.37892,1.38164,135205.97
1698364800000,1.3816,1.38798,1.37958,1.38682,115795.58
1698537600000,1.38541,1.38726,1.38534,1.38637,3127.65
1698624000000,1.38637,1.38665,1.38129,1.38294,95120.25
1698710400000,1.38295,1.38917,1.38131,1.3878,111330.9
1698796800000,1.3878,1.38986,1.38343,1.38343,140226.82
1698883200000,1.38341,1.38518,1.3735,1.37472,107961.66
1698969600000,1.37471,1.37601,1.36521,1.36528,120872.69
1699142400000,1.36531,1.36644,1.36531,1.36605,2080.34
1699228800000,1.36601,1.37025,1.36288,1.36975,85784.5
1699315200000,1.36973,1.37824,1.36934,1.37683,101557.36
1699401600000,1.37686,1.38141,1.3754,1.37902,106228.34
1699488000000,1.37904,1.38159,1.3746,1.38087,126069.64
1699574400000,1.38087,1.38542,1.37906,1.37942,97631.59
1699747200000,1.3795,1.38014,1.37848,1.37972,3620.84
1699833600000,1.37972,1.38313,1.37767,1.38008,88073.44
1699920000000,1.38009,1.3843,1.36831,1.36995,126088.65
1700006400000,1.36998,1.37096,1.3654,1.36832,132649.24
1700092800000,1.36832,1.37766,1.36767,1.3752,135554.52
1700179200000,1.3752,1.37708,1.37075,1.37116,120298.58
1700352000000,1.37082,1.37204,1.37067,1.37203,4262.84
1700438400000,1.37201,1.3749,1.36891,1.37263,113909.59
1700524800000,1.37263,1.37308,1.36806,1.37002,121345.05
1700611200000,1.37003,1.3765,1.36854,1.36923,129214.76
1700697600000,1.36925,1.37107,1.36505,1.36957,66571.48
1700784000000,1.36957,1.37113,1.35934,1.36262,85810.37
1700956800000,1.36322,1.36366,1.36236,1.3631,2306.71
1701043200000,1.36316,1.36606,1.36048,1.36057,96194.41
1701129600000,1.36052,1.36133,1.35597,1.35654,115861.66
1701216000000,1.35651,1.36146,1.35405,1.35919,118363.71
1701302400000,1.35921,1.36261,1.35519,1.35567,160857.5
1701388800000,1.35568,1.35569,1.34864,1.3491,131792.5
1701561600000,1.35003,1.35017,1.34793,1.34892,5501.15
1701648000000,1.34891,1.35618,1.34861,1.35391,133653.78
1701734400000,1.35393,1.35944,1.35362,1.35919,117990.57
1701820800000,1.35918,1.35962,1.35483,1.35919,119996.95
1701907200000,1.35918,1.36189,1.35833,1.35964,123912.95
1701993600000,1.35963,1.36091,1.355,1.3577,148644
1702166400000,1.35801,1.35876,1.35794,1.35811,2724.93
1702252800000,1.35812,1.3604,1.35498,1.35781,108276.7
1702339200000,1.3578,1.36182,1.35445,1.35854,112448.01
1702425600000,1.35852,1.36081,1.34943,1.35095,131838.95
1702512000000,1.35095,1.35096,1.33937,1.34042,162275.37
1702598400000,1.34041,1.34144,1.33498,1.33754,119293.79
1702771200000,1.33681,1.33818,1.33646,1.33818,2589.4
1702857600000,1.33817,1.34091,1.33493,1.33979,89282.61
1702944000000,1.33979,1.34,1.33302,1.33382,92158.66
1703030400000,1.33382,1.337,1.33113,1.33591,109050.17
1703116800000,1.33592,1.33596,1.32751,1.32837,164071.52
1703203200000,1.32836,1.32923,1.32184,1.32636,185505.64
1703376000000,1.32525,1.32525,1.32525,1.32525,0.9
1703462400000,1.32591,1.32884,1.32452,1.32521,4482.39
1703548800000,1.32521,1.32618,1.31915,1.31963,108493.36
1703635200000,1.31963,1.3219,1.31767,1.32052,76314.1
1703721600000,1.32054,1.32349,1.3182,1.323,112105.24
1703808000000,1.32296,1.32646,1.31774,1.32461,107051.03
1703894400000,1.32461,1.32461,1.32461,1.32461,0.0
1703980800000,1.32461,1.32461,1.32461,1.32461,0.0
1704067200000,1.32229,1.32485,1.32229,1.32442,2265.4599609375
1704153600000,1.32441,1.33336,1.3228,1.33216,117497.8984375
1704240000000,1.33216,1.33715,1.33174,1.33479,116802.21875
1704326400000,1.33482,1.33659,1.33168,1.33558,99063.1796875
1704412800000,1.33557,1.33987,1.32868,1.3355,136090.578125
1704499200000,1.3355,1.3355,1.3355,1.3355,0.0
1704585600000,1.3341,1.33652,1.33409,1.33597,1511.72998046875
1704672000000,1.33597,1.34044,1.33439,1.33509,91096.9296875
1704758400000,1.33511,1.34144,1.334,1.3389,97937.7109375
1704844800000,1.3389,1.33942,1.3365,1.33794,84314.2109375
1704931200000,1.33794,1.34424,1.33501,1.33781,119012.3515625
1705017600000,1.33779,1.34114,1.33426,1.34054,90904.453125
1705104000000,1.34054,1.34054,1.34054,1.34054,0.0
1705190400000,1.34008,1.34117,1.33941,1.34067,3664.550048828125
1705276800000,1.34068,1.34477,1.33813,1.34358,60656.98828125
1705363200000,1.34361,1.35016,1.34356,1.34889,104074.71875
1705449600000,1.34888,1.35415,1.34797,1.35016,101176.0390625
1705536000000,1.35014,1.3528,1.34799,1.34848,101142.5234375
1705622400000,1.34849,1.35018,1.34262,1.34265,92193.90625
1705708800000,1.34265,1.34265,1.34265,1.34265,0.0
1705795200000,1.34279,1.3438,1.34254,1.34317,5850.7998046875
1705881600000,1.3432,1.34826,1.34144,1.34778,77003.0703125
1705968000000,1.34777,1.34915,1.34528,1.34563,81701.171875
1706054400000,1.34564,1.35281,1.34292,1.35254,107538.0625
1706140800000,1.35253,1.35342,1.34676,1.34797,111374.359375
1706227200000,1.34796,1.34827,1.34136,1.34485,103814.6171875
1706313600000,1.34485,1.34485,1.34485,1.34485,0.0
1706400000000,1.34522,1.34572,1.34442,1.34556,3203.580078125
1706486400000,1.34557,1.34647,1.34081,1.34114,88466.296875
1706572800000,1.34113,1.34458,1.3395,1.34016,98590.890625
1706659200000,1.34014,1.34457,1.33581,1.34316,155249.5625
1706745600000,1.34317,1.34636,1.33673,1.3384,135379.015625
1706832000000,1.33841,1.34753,1.33653,1.34589,128149.0078125
1706918400000,1.34589,1.34589,1.34589,1.34589,0.0
1707004800000,1.34556,1.34747,1.34556,1.34703,3717.179931640625
1707091200000,1.34701,1.35435,1.34659,1.35429,98073.3671875
1707177600000,1.35429,1.3543,1.34759,1.34895,111109.6484375
1707264000000,1.34896,1.3492,1.34546,1.34622,114155.6796875
1707350400000,1.34621,1.34925,1.34475,1.34597,93061.4296875
1707436800000,1.34597,1.34812,1.34124,1.34568,103074.171875
1707523200000,1.34568,1.34568,1.34568,1.34568,0.0
1707609600000,1.34596,1.34649,1.34561,1.34574,3487.989990234375
1707696000000,1.34575,1.34748,1.34297,1.34551,71234.96875
1707782400000,1.34551,1.35858,1.34333,1.35657,118185.0234375
1707868800000,1.35659,1.3572,1.35304,1.35382,101078.4609375
1707955200000,1.35385,1.35513,1.34605,1.34654,100134.296875
1708041600000,1.34654,1.35072,1.34651,1.34817,90823.5078125
1708128000000,1.34817,1.34817,1.34817,1.34817,0.0
1708214400000,1.34728,1.3487,1.34709,1.34777,2377.489990234375
1708300800000,1.34778,1.35005,1.34674,1.34991,51240.3515625
1708387200000,1.34992,1.35294,1.34716,1.3523,109296.328125
1708473600000,1.35231,1.35358,1.34871,1.34949,103835.640625
1708560000000,1.34946,1.35072,1.34404,1.34825,106944.7734375
1708646400000,1.34825,1.35171,1.34611,1.3502,96877.03125
1708732800000,1.3502,1.3502,1.3502,1.3502,0.0
1708819200000,1.34913,1.35106,1.349,1.35103,2332.85009765625
1708905600000,1.35105,1.35282,1.34996,1.35013,74276.2421875
1708992000000,1.35014,1.35389,1.34841,1.35311,83649.4375
1709078400000,1.35313,1.36056,1.35267,1.35773,92470.0625
1709164800000,1.35773,1.35971,1.35406,1.35681,106980.5078125
1709251200000,1.35682,1.36012,1.35446,1.3558,89775.046875
1709337600000,1.3558,1.3558,1.3558,1.3558,0.0
1709424000000,1.3549,1.35559,1.35451,1.35516,3691.9599609375
1709510400000,1.35512,1.35835,1.35451,1.35754,75385.90625
1709596800000,1.35755,1.36047,1.35548,1.35894,91348.6328125
1709683200000,1.35897,1.35996,1.34985,1.35119,103484.1328125
1709769600000,1.35118,1.35251,1.34525,1.34529,93697.109375
1709856000000,1.34529,1.34975,1.34194,1.34811,120052.46875
1709942400000,1.34811,1.34811,1.34811,1.34811,0.0
1710028800000,1.34767,1.34912,1.34767,1.34804,4883.669921875
1710115200000,1.34805,1.35095,1.34689,1.34772,89196.921875
1710201600000,1.34772,1.35251,1.34662,1.34928,113272.2734375
1710288000000,1.34928,1.3498,1.34586,1.34651,77684.21875
1710374400000,1.34653,1.35409,1.34589,1.35365,88085.7890625
1710460800000,1.35365,1.35514,1.35096,1.3537,84966.1171875
1710547200000,1.3537,1.3537,1.3537,1.3537,0.0
1710633600000,1.35323,1.35482,1.35293,1.35457,3089.820068359375
1710720000000,1.35458,1.35514,1.35203,1.35349,63698.48046875
1710806400000,1.35349,1.36128,1.35342,1.35745,94659.3203125
1710892800000,1.35745,1.36044,1.34716,1.34729,101093.46875
1710979200000,1.34731,1.35411,1.34554,1.35274,94522.3125
1711065600000,1.35273,1.36138,1.35188,1.35991,73027.578125
1711152000000,1.35991,1.35991,1.35991,1.35991,0.0
1711238400000,1.35988,1.36119,1.35954,1.36117,2530.639892578125
1711324800000,1.36115,1.36139,1.35698,1.35851,70734.859375
1711411200000,1.35852,1.35901,1.35522,1.35815,62901.12109375
1711497600000,1.35816,1.36078,1.35639,1.35853,78143.4296875
1711584000000,1.35853,1.36135,1.35245,1.35363,86882.5625
1711670400000,1.35367,1.35608,1.35298,1.35333,34630.44921875
1711756800000,1.35333,1.35333,1.35333,1.35333,0.0
1711843200000,1.35441,1.35517,1.35197,1.35217,8640.91015625
1711929600000,1.35216,1.35861,1.35145,1.35737,62876.3984375
1712016000000,1.35739,1.35839,1.3556,1.35644,65994.6484375
1712102400000,1.35644,1.35886,1.3511,1.35238,75247.796875
1712188800000,1.35237,1.35587,1.34775,1.35434,77697.078125
1712275200000,1.35433,1.3647,1.35398,1.35882,100558.9609375
1712361600000,1.35882,1.35882,1.35882,1.35882,0.0
1712448000000,1.35908,1.36054,1.35863,1.36038,3575.010009765625
1712534400000,1.36039,1.36162,1.35682,1.35705,93268.890625
1712620800000,1.35703,1.35983,1.35466,1.35729,81278.3125
1712707200000,1.35726,1.37022,1.35556,1.36883,141047.8125
1712793600000,1.36883,1.37254,1.36604,1.36868,127141.1328125
1712880000000,1.36868,1.37869,1.36816,1.37715,116503.2890625
1712966400000,1.37715,1.37715,1.37715,1.37715,0.0
1713052800000,1.37758,1.37788,1.37542,1.3759,4783.509765625
1713139200000,1.37589,1.37932,1.37247,1.37865,121100.0234375
1713225600000,1.37864,1.38457,1.37736,1.38189,148581.015625
1713312000000,1.38191,1.38376,1.37593,1.37713,138400.140625
1713398400000,1.3771,1.37812,1.37413,1.37704,116756.2109375
1713484800000,1.37706,1.38042,1.37231,1.37478,172176.765625
1713571200000,1.37478,1.37478,1.37478,1.37478,0.0
1713657600000,1.37327,1.37522,1.37318,1.37391,4268.27001953125
1713744000000,1.37392,1.37493,1.36864,1.36996,92837.6171875
1713830400000,1.36996,1.3714,1.36533,1.36614,105412.96875
1713916800000,1.36614,1.37284,1.36544,1.37039,88333.0703125
1714003200000,1.37036,1.37307,1.36472,1.36589,112113.9921875
1714089600000,1.36587,1.36953,1.36316,1.36698,101880.9296875
1714176000000,1.36698,1.36698,1.36698,1.36698,0.0
1714262400000,1.36679,1.36684,1.36555,1.36557,1593.5
1714348800000,1.36556,1.36764,1.36313,1.36673,101298.6171875
1714435200000,1.36673,1.37842,1.36622,1.37771,121571.5078125
1714521600000,1.37772,1.37826,1.3703,1.37247,130604.71875
1714608000000,1.37246,1.37365,1.36653,1.36658,111950.25
1714694400000,1.36659,1.36913,1.36092,1.36839,146143.4375
1714780800000,1.36839,1.36839,1.36839,1.36839,0.0
1714867200000,1.36749,1.3692,1.3673,1.36915,2419.090087890625
1714953600000,1.36915,1.36968,1.36474,1.36704,70430.5234375
1715040000000,1.36701,1.37407,1.36604,1.37329,82543.5703125
1715126400000,1.37336,1.37622,1.37137,1.37278,87879.3828125
1715212800000,1.3728,1.37376,1.36713,1.36775,88105.640625
1715299200000,1.36775,1.369,1.3632,1.36704,80075.0234375
1715385600000,1.36704,1.36704,1.36704,1.36704,0.0
1715472000000,1.36655,1.36777,1.36646,1.36772,3274.22998046875
1715558400000,1.36774,1.36893,1.36602,1.3666,70856.7890625
1715644800000,1.3666,1.36899,1.36321,1.36534,84193.75
1715731200000,1.36536,1.36603,1.35895,1.35976,96297.609375
1715817600000,1.35974,1.36407,1.35893,1.36147,80773.9375
1715904000000,1.36146,1.36433,1.36006,1.36109,72518.421875
1715990400000,1.36109,1.36109,1.36109,1.36109,0.0
1716076800000,1.36126,1.36138,1.36048,1.36086,2583.60009765625
1716163200000,1.36086,1.36349,1.35958,1.3623,86144.7734375
1716249600000,1.36231,1.3675,1.36145,1.36404,88752.7890625
1716336000000,1.36404,1.36978,1.36231,1.369,92665.8515625
1716422400000,1.36898,1.37431,1.36562,1.37324,114221.328125
1716508800000,1.37324,1.37383,1.36476,1.36635,89411.71875
1716595200000,1.36635,1.36635,1.36635,1.36635,0.0
1716681600000,1.3663,1.36705,1.36587,1.36696,3250.169921875
1716768000000,1.36696,1.36703,1.36276,1.36282,57475.62890625
1716854400000,1.36283,1.36533,1.36142,1.36467,89203.21875
1716940800000,1.36467,1.37211,1.3646,1.37168,103239.421875
1717027200000,1.37167,1.37345,1.36597,1.36834,124689.03125
1717113600000,1.36834,1.36893,1.36188,1.36266,112888.140625
1717200000000,1.36266,1.36266,1.36266,1.36266,0.0
1717286400000,1.36276,1.36328,1.36186,1.36187,5529.25
1717372800000,1.36187,1.36684,1.36024,1.36285,127391.546875
1717459200000,1.36285,1.36987,1.362,1.36765,143439.453125
1717545600000,1.36765,1.37411,1.3665,1.36899,107841.65625
1717632000000,1.36894,1.37098,1.36608,1.36681,101388.15625
1717718400000,1.36684,1.37672,1.36625,1.37631,133372.25
1717804800000,1.37631,1.37631,1.37631,1.37631,0.0
1717891200000,1.37592,1.3768,1.37573,1.37585,5538.77001953125
1717977600000,1.37586,1.37814,1.37532,1.37598,86435.0625
1718064000000,1.37599,1.37913,1.37476,1.37547,93734.890625
1718150400000,1.37547,1.37602,1.36796,1.37213,139258.9375
1718236800000,1.37213,1.3763,1.37142,1.37439,112680.703125
1718323200000,1.37439,1.3779,1.37272,1.37301,138511.046875
1718409600000,1.37301,1.37301,1.37301,1.37301,0.0
1718496000000,1.37303,1.37382,1.37249,1.37344,5593.240234375
1718582400000,1.37344,1.37639,1.37126,1.37136,85770.046875
1718668800000,1.37134,1.37562,1.37085,1.37166,92267.2265625
1718755200000,1.37167,1.37254,1.36976,1.37064,48828.05078125
1718841600000,1.37062,1.37204,1.36798,1.36841,85830.8515625
1718928000000,1.36843,1.37177,1.36741,1.36941,99435.671875
1719014400000,1.36941,1.36941,1.36941,1.36941,0.0
1719100800000,1.36887,1.37021,1.36875,1.37003,4350.93017578125
1719187200000,1.37002,1.37079,1.36494,1.36576,87416.0390625
1719273600000,1.36577,1.36802,1.36191,1.36615,83038.3515625
1719360000000,1.36613,1.37073,1.36499,1.37044,87368.953125
1719446400000,1.37046,1.3712,1.36754,1.36992,85721.1015625
1719532800000,1.3699,1.37337,1.3655,1.36781,121403.4765625
1719619200000,1.36781,1.36781,1.36781,1.36781,0.0
1719705600000,1.36687,1.36754,1.36628,1.36742,3778.7099609375
1719792000000,1.36738,1.37483,1.36628,1.37379,97284.46875
1719878400000,1.37377,1.37549,1.36668,1.36771,117531.796875
1719964800000,1.36769,1.36863,1.36169,1.36332,99933.46875
1720051200000,1.36332,1.36386,1.36056,1.36148,53458.7890625
1720137600000,1.36147,1.36529,1.36018,1.36408,103688.0
1720224000000,1.36408,1.36408,1.36408,1.36408,0.0
1720310400000,1.3643,1.36456,1.36386,1.36402,4594.10986328125
1720396800000,1.36402,1.36468,1.36238,1.363,89368.75
1720483200000,1.36298,1.3648,1.36266,1.36316,96105.84375
1720569600000,1.36315,1.36426,1.36075,1.36183,82161.1796875
1720656000000,1.36185,1.36474,1.35884,1.36241,127856.3984375
1720742400000,1.36239,1.36388,1.36109,1.36302,113464.2265625
1720828800000,1.36302,1.36302,1.36302,1.36302,0.0
1720915200000,1.36431,1.36525,1.36188,1.36469,6237.83984375
1721001600000,1.36469,1.36885,1.36307,1.36775,106954.1484375
1721088000000,1.36773,1.37074,1.36626,1.36703,103704.046875
1721174400000,1.36705,1.37011,1.36561,1.36787,126859.2890625
1721260800000,1.36787,1.37181,1.367,1.37032,109299.8984375
1721347200000,1.37032,1.37472,1.37021,1.37255,95620.390625
1721433600000,1.37255,1.37255,1.37255,1.37255,0.0
1721520000000,1.37159,1.3725,1.3705,1.37077,4003.199951171875
1721606400000,1.3708,1.37744,1.3707,1.3761,105046.2109375
1721692800000,1.3761,1.37868,1.37521,1.37856,83231.328125
1721779200000,1.37856,1.38161,1.37767,1.38115,89890.8984375
1721865600000,1.38116,1.38486,1.37963,1.38186,138914.734375
1721952000000,1.38187,1.38487,1.38069,1.3834,96128.6796875
1722038400000,1.3834,1.3834,1.3834,1.3834,0.0
1722124800000,1.3831,1.38349,1.38243,1.38304,3788.669921875
1722211200000,1.38304,1.38646,1.38156,1.38558,80655.7421875
1722297600000,1.38558,1.38641,1.38374,1.3848,93539.9765625
1722384000000,1.38477,1.38584,1.37867,1.38079,137896.703125
1722470400000,1.38078,1.38888,1.37941,1.38805,125360.21875
1722556800000,1.38805,1.38878,1.38334,1.38728,155328.15625
1722643200000,1.38728,1.38728,1.38728,1.38728,0.0
1722729600000,1.38632,1.38846,1.38492,1.38826,10393.41015625
1722816000000,1.38822,1.39464,1.38012,1.38049,258439.4375
1722902400000,1.3805,1.38554,1.37562,1.37873,194067.046875
1722988800000,1.37872,1.37903,1.37204,1.37518,144461.484375
1723075200000,1.37517,1.37652,1.37259,1.37355,168721.421875
1723161600000,1.37357,1.37533,1.37176,1.37286,100768.328125
1723248000000,1.37286,1.37286,1.37286,1.37286,0.0
1723334400000,1.37334,1.37405,1.37148,1.37349,3569.550048828125
1723420800000,1.37352,1.37473,1.37179,1.37415,69900.2734375
1723507200000,1.37413,1.37471,1.36997,1.37095,94532.609375
1723593600000,1.37096,1.37241,1.36883,1.37168,83926.5703125
1723680000000,1.37167,1.37379,1.36949,1.37339,78226.6015625
1723766400000,1.3734,1.37367,1.36759,1.36759,62422.76953125
1723852800000,1.36759,1.36759,1.36759,1.36759,0.0
1723939200000,1.36789,1.36836,1.36748,1.36784,2511.469970703125
1724025600000,1.36783,1.36847,1.36289,1.36312,62489.3515625
1724112000000,1.36311,1.36409,1.36043,1.36171,115461.6796875
1724198400000,1.36171,1.36231,1.35751,1.35836,105518.84375
1724284800000,1.35841,1.36184,1.35709,1.36037,97766.8984375
1724371200000,1.36037,1.36049,1.34983,1.35067,131531.296875
1724457600000,1.35067,1.35067,1.35067,1.35067,0.0
1724544000000,1.34934,1.35151,1.34934,1.35084,5784.35986328125
1724630400000,1.35083,1.35138,1.34628,1.34813,110341.1171875
1724716800000,1.34814,1.34878,1.34298,1.34473,122336.6328125
1724803200000,1.34473,1.34877,1.34405,1.34767,121405.0390625
1724889600000,1.34769,1.34906,1.34497,1.34888,126435.1484375
1724976000000,1.34886,1.35089,1.34645,1.34923,167862.34375
1725062400000,1.34923,1.34923,1.34923,1.34923,0.0
1725148800000,1.34837,1.34925,1.34811,1.34906,3309.60009765625
1725235200000,1.34907,1.35051,1.34847,1.34978,66110.15625
1725321600000,1.34977,1.35619,1.34916,1.35436,150124.15625
1725408000000,1.35436,1.35651,1.34993,1.35081,174099.015625
1725494400000,1.35081,1.35247,1.3498,1.34983,143680.9375
1725580800000,1.34982,1.3582,1.34652,1.35705,180267.734375
1725667200000,1.35705,1.35705,1.35705,1.35705,0.0
1725753600000,1.35588,1.35695,1.35585,1.35631,4301.7900390625
1725840000000,1.35632,1.35766,1.35458,1.35637,120541.5703125
1725926400000,1.35637,1.3615,1.35612,1.36098,137568.65625
1726012800000,1.36098,1.36225,1.35663,1.3578,166657.90625
1726099200000,1.3578,1.36041,1.35643,1.35744,146436.84375
1726185600000,1.35745,1.35997,1.35647,1.35834,122286.7109375
1726272000000,1.35834,1.35834,1.35834,1.35834,0.0
1726358400000,1.35934,1.35944,1.35771,1.35783,3973.64990234375
1726444800000,1.35783,1.36072,1.35661,1.35866,111030.1015625
1726531200000,1.35867,1.36163,1.35796,1.35934,135611.484375
1726617600000,1.35934,1.36225,1.35396,1.36082,214792.015625
1726704000000,1.36081,1.36471,1.35325,1.35628,215013.625
1726790400000,1.35627,1.35892,1.35415,1.3568,163257.359375
1726876800000,1.3568,1.3568,1.3568,1.3568,0.0
1726963200000,1.35558,1.35683,1.35546,1.35655,3272.340087890625
1727049600000,1.35656,1.35818,1.34865,1.35293,145159.890625
1727136000000,1.35295,1.35311,1.342,1.34202,150646.765625
1727222400000,1.34203,1.34868,1.3419,1.34835,140025.265625
1727308800000,1.34834,1.34893,1.34571,1.34759,184267.90625
1727395200000,1.34758,1.35263,1.3463,1.35142,195452.625
1727481600000,1.35142,1.35142,1.35142,1.35142,0.0
1727568000000,1.35061,1.35146,1.35042,1.35095,7429.0498046875
1727654400000,1.35095,1.35372,1.34893,1.35251,174504.28125
1727740800000,1.35255,1.35392,1.34803,1.34941,189132.765625
1727827200000,1.34939,1.35095,1.34718,1.35066,149089.875
1727913600000,1.35065,1.35592,1.35053,1.35479,169876.1875
1728000000000,1.35478,1.35905,1.35443,1.35735,143895.734375
1728086400000,1.35735,1.35735,1.35735,1.35735,0.0
1728172800000,1.35553,1.35824,1.35546,1.35808,4563.56982421875
1728259200000,1.35809,1.36389,1.35717,1.36203,144598.703125
1728345600000,1.36202,1.36748,1.36107,1.36544,144116.71875
1728432000000,1.36545,1.37184,1.36466,1.3709,125001.71875
1728518400000,1.37098,1.37749,1.37043,1.37459,149231.4375
1728604800000,1.37458,1.37831,1.37244,1.37567,107709.71875
1728691200000,1.37567,1.37567,1.37567,1.37567,0.0
1728777600000,1.37528,1.37846,1.37505,1.37823,4844.31982421875
1728864000000,1.37823,1.38049,1.377,1.3802,104209.828125
1728950400000,1.38018,1.38381,1.37694,1.37802,125520.140625
1729036800000,1.378,1.37926,1.37488,1.37557,117570.5
1729123200000,1.37558,1.38007,1.37467,1.37959,136796.875
1729209600000,1.3796,1.38145,1.3785,1.37921,140607.921875
1729296000000,1.37921,1.37921,1.37921,1.37921,0.0
1729382400000,1.37981,1.38055,1.37978,1.37996,3488.89990234375
1729468800000,1.37995,1.38492,1.37991,1.3833,115381.0078125
1729555200000,1.38332,1.38373,1.38116,1.38176,124452.203125
1729641600000,1.38176,1.38622,1.38156,1.3837,149655.71875
1729728000000,1.3837,1.38682,1.3812,1.38532,149471.4375
1729814400000,1.38532,1.38971,1.38376,1.38904,132068.625
1729900800000,1.38904,1.38904,1.38904,1.38904,0.0
1729987200000,1.38851,1.38976,1.38791,1.38957,3732.18994140625
1730073600000,1.38956,1.39079,1.38812,1.38877,109463.46875
1730160000000,1.38878,1.3929,1.38761,1.39149,144184.9375
1730246400000,1.39149,1.39405,1.38945,1.39087,155219.046875
1730332800000,1.39086,1.39448,1.38903,1.39347,165545.4375
1730419200000,1.39346,1.39586,1.39021,1.39517,127233.0703125
1730505600000,1.39517,1.39517,1.39517,1.39517,0.0
1730592000000,1.39218,1.39266,1.39158,1.39207,5845.85986328125
1730678400000,1.39208,1.39221,1.38744,1.39006,142204.90625
1730764800000,1.39004,1.39063,1.38152,1.38338,116729.9375
1730851200000,1.3834,1.39581,1.38317,1.39476,238093.90625
1730937600000,1.39476,1.39476,1.38414,1.38676,160806.375
1731024000000,1.38676,1.39277,1.38661,1.39059,141659.09375
1731110400000,1.39059,1.39059,1.39059,1.39059,0.0
1731196800000,1.39079,1.39132,1.39036,1.391,2770.56005859375
1731283200000,1.39101,1.39502,1.39042,1.39199,105494.6328125
1731369600000,1.39201,1.3967,1.39162,1.3945,148311.28125
1731456000000,1.39449,1.40026,1.39302,1.39918,155184.546875
1731542400000,1.39917,1.4071,1.39875,1.40611,161703.671875
1731628800000,1.40611,1.41052,1.40327,1.40867,181136.296875
1731715200000,1.40867,1.40867,1.40867,1.40867,0.0
1731801600000,1.40876,1.40906,1.40803,1.40859,4441.68017578125
1731888000000,1.40858,1.41023,1.40003,1.40221,132151.34375
1731974400000,1.4022,1.40361,1.39509,1.39551,155934.828125
1732060800000,1.39552,1.40142,1.39502,1.39682,118544.8984375
1732147200000,1.39683,1.39838,1.39307,1.39838,144787.875
1732233600000,1.39838,1.40205,1.39573,1.39744,166352.984375
1732320000000,1.39744,1.39744,1.39744,1.39744,0.0
1732406400000,1.39486,1.3952,1.39323,1.39333,4907.419921875
1732492800000,1.39332,1.41204,1.39269,1.40981,150894.515625
1732579200000,1.40982,1.41774,1.40473,1.40518,190267.25
1732665600000,1.40519,1.40774,1.40086,1.40256,153031.546875
1732752000000,1.40255,1.40312,1.39978,1.40078,85690.21875
1732838400000,1.40077,1.40453,1.39801,1.39887,163826.765625
1732924800000,1.39887,1.39887,1.39887,1.39887,0.0
1733011200000,1.39892,1.40177,1.39892,1.40134,5018.2998046875
1733097600000,1.40135,1.40891,1.40125,1.4046,181544.734375
1733184000000,1.40461,1.40755,1.40086,1.4065,142022.265625
1733270400000,1.4065,1.40827,1.40515,1.40715,152648.890625
1733356800000,1.40715,1.40791,1.40099,1.40191,129626.75
1733443200000,1.4019,1.41641,1.40189,1.4153,168436.96875
1733529600000,1.4153,1.4153,1.4153,1.4153,0.0
1733616000000,1.41515,1.41642,1.41473,1.41475,3394.5400390625
1733702400000,1.41472,1.41747,1.4093,1.41743,142157.484375
1733788800000,1.41742,1.41947,1.4155,1.41744,141343.90625
1733875200000,1.41744,1.4193,1.41193,1.41488,187149.5625
1733961600000,1.41445,1.42275,1.41308,1.42151,204927.984375
1734048000000,1.42155,1.42446,1.42089,1.42293,165609.984375
1734134400000,1.42293,1.42293,1.42293,1.42293,0.0
1734220800000,1.42265,1.42372,1.42243,1.42255,3376.3798828125
1734307200000,1.42257,1.42704,1.42163,1.4234,133228.453125
1734393600000,1.4234,1.43232,1.42313,1.43097,157095.484375
1734480000000,1.43097,1.44666,1.43043,1.44613,168287.484375
1734566400000,1.44612,1.44612,1.43438,1.44023,193243.015625
1734652800000,1.44024,1.44351,1.43349,1.43735,196320.0625
1734739200000,1.43735,1.43735,1.43735,1.43735,0.0
1734825600000,1.43612,1.43718,1.43583,1.43598,3273.659912109375
1734912000000,1.43599,1.44329,1.43484,1.43738,133001.296875
1734998400000,1.43737,1.44198,1.43443,1.43488,82845.171875
1735084800000,1.43439,1.43724,1.43439,1.43535,2546.219970703125
1735171200000,1.43535,1.44199,1.43494,1.44091,115270.7421875
1735257600000,1.44093,1.44489,1.43742,1.44081,142311.046875
1735344000000,1.44081,1.44081,1.44081,1.44081,0.0
1735430400000,1.44125,1.44149,1.44016,1.44022,2776.2099609375
1735516800000,1.44023,1.44324,1.43443,1.43499,162687.046875
1735603200000,1.43499,1.44089,1.43375,1.43788,114878.3984375
1735689600000,1.43748,1.43839,1.4372,1.43746,2888.07
1735776000000,1.43744,1.44417,1.43684,1.4404,147719.94
1735862400000,1.44039,1.4463,1.43826,1.44398,134072.74
1736035200000,1.44367,1.4449,1.44293,1.44382,2779.63
1736121600000,1.44382,1.44442,1.42791,1.4341,190581.77
1736208000000,1.4341,1.43706,1.42973,1.43652,158144.48
1736294400000,1.43652,1.44092,1.43387,1.43765,177625.95
1736380800000,1.43764,1.44045,1.43646,1.44011,111250.49
1736467200000,1.44011,1.44422,1.43749,1.44167,184825.05
1736640000000,1.44199,1.44226,1.4411,1.44147,3809.49
1736726400000,1.44148,1.44467,1.43423,1.4364,200710.91
1736812800000,1.4364,1.44098,1.43446,1.43514,202583.08
1736899200000,1.43515,1.43663,1.43017,1.43246,168833.03
1736985600000,1.43246,1.44025,1.43218,1.43936,167835.33
1737072000000,1.4394,1.44845,1.43819,1.44743,186057.75
1737244800000,1.44592,1.44849,1.44592,1.44702,3512.08
1737331200000,1.44703,1.44779,1.42605,1.4302,229134.33
1737417600000,1.43019,1.4515,1.42888,1.43404,229842.49
1737504000000,1.43404,1.44035,1.43004,1.43953,164542.58
1737590400000,1.43952,1.4413,1.43336,1.43795,168383.67
1737676800000,1.43772,1.43832,1.43143,1.43415,184994.11
1737849600000,1.43587,1.4387,1.4357,1.43856,4737.85
1737936000000,1.43858,1.44151,1.4333,1.44048,225288.89
1738022400000,1.44049,1.44194,1.43684,1.44024,175472.56
1738108800000,1.44022,1.4471,1.43911,1.43962,184161.14
1738195200000,1.43962,1.45941,1.43962,1.44924,178177.57
1738281600000,1.44924,1.45589,1.43701,1.45257,258443.2
1738454400000,1.47352,1.47498,1.47031,1.47123,18858.21
1738540800000,1.47123,1.47926,1.43853,1.44208,334154.5
1738627200000,1.44209,1.4502,1.43013,1.43236,194800.84
1738713600000,1.43385,1.43438,1.42693,1.43147,167275.51
1738800000000,1.43148,1.43661,1.43008,1.43071,131137.89
1738886400000,1.43073,1.43443,1.4273,1.42862,183215.82
1739059200000,1.43522,1.43793,1.433,1.43324,7028.42
1739145600000,1.43322,1.43586,1.4304,1.43386,123051.31
1739232000000,1.43381,1.43451,1.42786,1.42865,121307.37
1739318400000,1.42864,1.43419,1.4255,1.42997,165971.1
1739404800000,1.42998,1.43032,1.41825,1.41922,172115.94
1739491200000,1.41925,1.41998,1.41503,1.41803,138878.12
1739664000000,1.41682,1.41891,1.41682,1.41807,5767.49
1739750400000,1.41812,1.41936,1.4159,1.41845,94991.29
1739836800000,1.41846,1.42123,1.41792,1.41896,140521.18
1739923200000,1.41896,1.4245,1.4175,1.42349,151301.68
1740009600000,1.42407,1.42442,1.41658,1.41745,165427.43
1740096000000,1.41747,1.42357,1.41676,1.42189,181756.39
1740268800000,1.42197,1.42255,1.42044,1.42101,5598.21
1740355200000,1.42101,1.42786,1.41814,1.42774,186985.01
1740441600000,1.42773,1.43169,1.42391,1.43014,186671.9
1740528000000,1.43013,1.43677,1.42933,1.4338,189309.2
1740614400000,1.43379,1.44485,1.43217,1.44372,195915.3
1740700800000,1.44457,1.44714,1.43993,1.4462,211792.3
1740873600000,1.44422,1.44489,1.4435,1.44431,6793
1740960000000,1.44431,1.45413,1.43682,1.44935,220877
1741046400000,1.44936,1.45425,1.437,1.43982,302395.75
1741132800000,1.43979,1.44495,1.43294,1.43395,305202.61
1741219200000,1.43394,1.43764,1.4238,1.42926,257877.45
1741305600000,1.42928,1.4426,1.42788,1.43649,210640.46
1741478400000,1.43507,1.4387,1.43502,1.43731,14138.93
1741564800000,1.43731,1.44722,1.43526,1.4426,208383.3
1741651200000,1.44259,1.45205,1.43786,1.44347,278548.23
1741737600000,1.44347,1.44844,1.43527,1.4359,188152.57
1741824000000,1.43589,1.4451,1.43587,1.44265,226851.89
1741910400000,1.44266,1.44411,1.43547,1.43672,201620.74
1742083200000,1.43731,1.43763,1.43573,1.43733,9241.95
1742169600000,1.43734,1.43799,1.4275,1.4298,147937.02
1742256000000,1.4298,1.4319,1.42598,1.42993,140529.63
1742342400000,1.42992,1.43485,1.42951,1.43224,149076.13
1742428800000,1.43223,1.44012,1.43122,1.43243,154199.6
1742515200000,1.43244,1.43725,1.43131,1.43473,141419.16
1742688000000,1.43501,1.43514,1.43288,1.4333,4837.11
1742774400000,1.43329,1.43503,1.42887,1.43161,135392.97
1742860800000,1.43163,1.43321,1.42701,1.42726,123514.18
1742947200000,1.42725,1.4316,1.42346,1.42957,157161.66
1743033600000,1.42958,1.43286,1.42591,1.43064,164096.24
1743120000000,1.43066,1.43325,1.42759,1.43157,139555.5
1743292800000,1.42982,1.43287,1.4292,1.43091,12673.15
1743379200000,1.43092,1.43958,1.42987,1.43902,184507.77
1743465600000,1.43904,1.44146,1.42882,1.42934,181044.91
1743552000000,1.42935,1.43659,1.42146,1.42164,197550.87
1743638400000,1.42163,1.42581,1.40269,1.40828,286835.24
1743724800000,1.40828,1.4258,1.40528,1.42232,403043.2
1743897600000,1.42579,1.42691,1.4204,1.42414,43305.01
1743984000000,1.42412,1.42959,1.41782,1.42383,486966.7
1744070400000,1.42385,1.42713,1.41427,1.42557,337475.87
1744156800000,1.42557,1.42731,1.40733,1.41021,413513.85
1744243200000,1.41024,1.41095,1.39506,1.39519,327457.02
1744329600000,1.39519,1.39842,1.38388,1.38597,302467.5
1744502400000,1.38506,1.38838,1.38506,1.38741,14573.65
1744588800000,1.38742,1.39102,1.38281,1.39007,176498.09
1744675200000,1.39006,1.39771,1.38495,1.39574,150622.46
1744761600000,1.39576,1.39592,1.38518,1.38592,186943.21
1744848000000,1.38591,1.39057,1.38273,1.38423,126664.37
1744934400000,1.38422,1.38691,1.38315,1.38413,376708.87
1745107200000,1.38392,1.38429,1.38215,1.38246,10783.87
1745193600000,1.38247,1.38492,1.37805,1.3833,110802.01
1745280000000,1.3833,1.38611,1.37923,1.38481,149437.38
1745366400000,1.38478,1.39043,1.37978,1.38745,145563.46
1745452800000,1.38743,1.38986,1.38393,1.38549,125264.03
1745539200000,1.38549,1.38919,1.38491,1.38517,113641.66
1745712000000,1.38565,1.38718,1.38491,1.38703,5420.78
1745798400000,1.38704,1.38922,1.3816,1.38315,106004.22
1745884800000,1.38317,1.38709,1.3808,1.38254,131149.72
1745971200000,1.38255,1.38549,1.37694,1.37933,123919.91
1746057600000,1.37932,1.38619,1.37836,1.38479,100037.08
1746144000000,1.38479,1.38492,1.37596,1.38119,114074.18
1746316800000,1.37899,1.38273,1.37868,1.38241,6374.03
1746403200000,1.38242,1.38294,1.37859,1.3822,81479.9
1746489600000,1.3822,1.38445,1.37499,1.37707,127129.8
1746576000000,1.37707,1.3839,1.37671,1.38356,129442.39
1746662400000,1.38357,1.39326,1.3813,1.39232,116161.67
1746748800000,1.39231,1.39442,1.39059,1.39356,108383.11
1746921600000,1.38971,1.39321,1.38971,1.39275,8875.99
1747008000000,1.39274,1.40153,1.39133,1.39735,144495.05
1747094400000,1.39734,1.40159,1.39263,1.39327,120347.26
1747180800000,1.39327,1.39857,1.39012,1.39776,129682.24
1747267200000,1.39776,1.40042,1.39513,1.39557,104350.09
1747353600000,1.39556,1.3995,1.39347,1.3964,90431.98
1747526400000,1.39653,1.39678,1.39508,1.39523,5622.9
1747612800000,1.39524,1.39724,1.39169,1.39574,85435.45
1747699200000,1.3958,1.3968,1.39073,1.3908,101641.51
1747785600000,1.39082,1.39105,1.38137,1.3861,141801.19
1747872000000,1.38611,1.38884,1.38456,1.38579,113255.15
1747958400000,1.38581,1.38582,1.37088,1.3732,116255.85
1748131200000,1.3714,1.37377,1.3714,1.37355,9504.24
1748217600000,1.37355,1.37388,1.36857,1.37356,54171.07
1748304000000,1.37356,1.38353,1.37215,1.38092,106534.18
1748390400000,1.38092,1.38606,1.38009,1.38532,115301.43
1748476800000,1.3853,1.3861,1.37845,1.38065,128987.37
1748563200000,1.38063,1.38297,1.37136,1.37373,122416.47
1748736000000,1.37361,1.37388,1.37217,1.37247,6427.76
1748822400000,1.37247,1.37284,1.36738,1.37103,114448.6
1748908800000,1.37103,1.37423,1.37007,1.37148,99931.32
1748995200000,1.37149,1.37313,1.36521,1.36808,114540.65
1749081600000,1.36808,1.36835,1.36341,1.36668,118396.53
1749168000000,1.36667,1.37038,1.36597,1.36942,106085.78
1749340800000,1.36898,1.36993,1.36893,1.36919,4212.54
1749427200000,1.36918,1.37069,1.36689,1.37002,89870.25
1749513600000,1.36999,1.37282,1.36636,1.3668,100063.64
1749600000000,1.36679,1.36898,1.36493,1.36656,103310.72
1749686400000,1.36656,1.36748,1.35946,1.35952,111115.62
1749772800000,1.35954,1.36512,1.35658,1.35801,165269.12
1749945600000,1.35779,1.35954,1.35758,1.35821,18711.37
1750032000000,1.35823,1.36064,1.35394,1.35727,117591.71
1750118400000,1.35726,1.36927,1.35559,1.3683,128921.96
1750204800000,1.3683,1.37029,1.36338,1.36959,146015.03
1750291200000,1.36958,1.37461,1.36934,1.36948,94130.66
1750377600000,1.3695,1.37468,1.36865,1.37287,97488.72
1750550400000,1.37449,1.37605,1.37374,1.37405,10753.59
1750636800000,1.37405,1.37979,1.37213,1.37294,141719.51
1750723200000,1.37293,1.37339,1.36779,1.37256,99974.54
1750809600000,1.37257,1.37542,1.37112,1.37118,103536.25
1750896000000,1.37119,1.37226,1.36173,1.36417,118757.4
1750982400000,1.36416,1.3759,1.36272,1.36771,123545.32
1751155200000,1.36852,1.36913,1.36727,1.36815,7683.06
1751241600000,1.36815,1.36992,1.35996,1.36059,131002.33
1751328000000,1.36061,1.36666,1.35905,1.36441,99599.19
1751414400000,1.36442,1.36583,1.35795,1.35877,120159.13
1751500800000,1.35878,1.36234,1.35558,1.35744,114785.24
1751587200000,1.35744,1.36165,1.35662,1.35893,110866.12
1751760000000,1.35822,1.36077,1.35815,1.36031,4359.72
1751846400000,1.36029,1.36851,1.35968,1.36647,119283.65
1751932800000,1.36647,1.36939,1.36377,1.36686,134000.34
1752019200000,1.36685,1.37098,1.3665,1.36855,102431.78
1752105600000,1.36856,1.3708,1.36522,1.3655,91316.04
1752192000000,1.3655,1.37302,1.36513,1.36857,126791.1
1752364800000,1.36973,1.37006,1.36846,1.36864,8635.74
1752451200000,1.36863,1.37085,1.36696,1.37055,100032.32
1752537600000,1.37054,1.37295,1.3671,1.37159,129876.51
1752624000000,1.37158,1.3755,1.36786,1.36894,128692.34
1752710400000,1.36894,1.37741,1.36886,1.3736,102524.35
1752796800000,1.37359,1.37421,1.3695,1.37254,84935.98
1752969600000,1.37108,1.37297,1.37071,1.3723,8441.79
1753056000000,1.37232,1.37342,1.36744,1.36756,89444.01
1753142400000,1.36756,1.36949,1.35951,1.36041,95574.56
1753228800000,1.36042,1.36287,1.3575,1.36014,107876.67
1753315200000,1.36014,1.36542,1.35961,1.36399,111814.52
1753401600000,1.364,1.37252,1.36373,1.36962,116057.63
1753574400000,1.36988,1.37039,1.36947,1.3702,6957.68
1753660800000,1.3702,1.37417,1.36882,1.3734,123477.92
1753747200000,1.37339,1.37879,1.37303,1.37741,114186.97
1753833600000,1.37741,1.38447,1.3758,1.38294,128142.12
1753920000000,1.38259,1.38704,1.3813,1.38574,132148.34
1754006400000,1.38574,1.38787,1.37623,1.3785,169476.92
1754179200000,1.37749,1.37861,1.37655,1.37774,7425.99
1754265600000,1.37776,1.37944,1.37579,1.37688,121024.14
1754352000000,1.37687,1.38099,1.37627,1.37708,110049.4
1754438400000,1.37713,1.3779,1.37347,1.37392,100080.13
1754524800000,1.37393,1.37733,1.37211,1.37319,104360.07
1754611200000,1.3732,1.37629,1.37253,1.37529,89705.87
1754784000000,1.37492,1.37548,1.37484,1.37528,3208.9
1754870400000,1.37529,1.3795,1.37445,1.37743,81727.93
1754956800000,1.37743,1.38057,1.37536,1.37697,130988
1755043200000,1.37698,1.37814,1.37509,1.3752,96120.99
1755129600000,1.3752,1.38191,1.3744,1.38129,117462.77
1755216000000,1.38128,1.38188,1.37872,1.38182,78684.3
1755388800000,1.38118,1.38168,1.38093,1.38149,3329.34
1755475200000,1.3815,1.38309,1.37825,1.38022,74861.98
1755561600000,1.38021,1.38696,1.38008,1.38661,115385.79
1755648000000,1.38662,1.3883,1.38531,1.38738,100136.95
1755734400000,1.38737,1.39122,1.38721,1.39011,103809.34
1755820800000,1.39013,1.39242,1.3814,1.38257,122245.34
1755993600000,1.38158,1.3833,1.38125,1.38292,4952.4
1756080000000,1.38297,1.38635,1.38163,1.38584,92620.75
1756166400000,1.38584,1.38674,1.38217,1.38344,146749.49
1756252800000,1.38343,1.38575,1.37803,1.37808,122392.52
1756339200000,1.37808,1.37874,1.37408,1.37516,113419.54
1756425600000,1.37514,1.37787,1.37262,1.37407,115717.99
1756598400000,1.372,1.37426,1.372,1.37385,3211.53
1756684800000,1.37386,1.37617,1.3732,1.37479,88562.17
1756771200000,1.37478,1.38143,1.3745,1.37842,156568.38
1756857600000,1.37843,1.38073,1.37824,1.37927,124282.03
1756944000000,1.37926,1.3845,1.37918,1.38149,101491.5
1757030400000,1.38149,1.38537,1.37575,1.38257,112961.75
1757203200000,1.38292,1.3844,1.38288,1.3835,5457.67
1757289600000,1.38352,1.38431,1.37878,1.37952,125596.88
1757376000000,1.37953,1.38593,1.3793,1.38459,109797.94
1757462400000,1.38461,1.38696,1.38301,1.38603,132912.78
1757548800000,1.38603,1.38911,1.38256,1.38343,120243.43
1757635200000,1.38343,1.38633,1.3832,1.3843,98582.82
1757808000000,1.38273,1.38422,1.38273,1.38389,3831.18
1757894400000,1.38388,1.38455,1.37664,1.37743,88720.64
1757980800000,1.37743,1.37776,1.37338,1.37388,101257.89
1758067200000,1.37385,1.37869,1.37261,1.37704,127903.57
1758153600000,1.37704,1.38095,1.37652,1.37916,125186.1
1758240000000,1.37915,1.3825,1.37685,1.3778,101156.74
1758412800000,1.37745,1.37849,1.37745,1.37821,4477.68
1758499200000,1.37821,1.38312,1.37813,1.38249,100183.38
1758585600000,1.38249,1.38495,1.3811,1.38384,107591.58
1758672000000,1.38383,1.39064,1.38371,1.3896,117941.04
1758758400000,1.38957,1.39491,1.38845,1.39409,123006.19
1758844800000,1.39412,1.39581,1.39313,1.39386,114228.21
1759017600000,1.39247,1.39466,1.39233,1.39375,2872.42
1759104000000,1.39375,1.39392,1.38991,1.39173,97014.1
1759190400000,1.39172,1.39356,1.38959,1.39236,115503.95
1759276800000,1.39237,1.39566,1.39063,1.39402,122323.64
1759363200000,1.39402,1.39859,1.3932,1.39602,93256.13
1759449600000,1.39603,1.39688,1.39392,1.39448,97135.13
1759622400000,1.39481,1.39673,1.3948,1.39642,9000.48
1759708800000,1.3964,1.39672,1.39396,1.39446,173890.65
1759795200000,1.39445,1.39622,1.39383,1.39526,103949.65
1759881600000,1.39525,1.39706,1.39313,1.39547,182825.83
1759968000000,1.39546,1.40333,1.39328,1.40193,113292.82
1760054400000,1.40195,1.40336,1.39753,1.40008,136805.27
1760227200000,1.39879,1.40038,1.39878,1.39986,10395.04
1760313600000,1.39986,1.40397,1.39826,1.40392,112796.12
1760400000000,1.40391,1.40795,1.40296,1.40455,128128.89
1760486400000,1.40457,1.40592,1.40262,1.40458,113128.48
1760572800000,1.40459,1.40606,1.40218,1.40456,141425.47
1760659200000,1.40457,1.40669,1.40075,1.40155,135667.74
1760832000000,1.40147,1.40205,1.40095,1.40157,4179.93
1760918400000,1.40156,1.40507,1.4005,1.4033,89346.6
1761004800000,1.40328,1.40655,1.40027,1.40193,116980.72
1761091200000,1.40195,1.40319,1.39753,1.39893,113764.97
1761177600000,1.39892,1.40042,1.39728,1.39867,97134.93
1761264000000,1.39867,1.40385,1.39835,1.39914,117825.7
1761436800000,1.4004,1.40083,1.39875,1.39937,7508.06
1761523200000,1.39936,1.40079,1.39697,1.39913,116288.36
1761609600000,1.39914,1.4005,1.39328,1.39387,122296.08
1761696000000,1.39388,1.39545,1.38874,1.3941,147582.28
1761782400000,1.39413,1.40137,1.39263,1.39809,141405.39
1761868800000,1.39809,1.40348,1.39785,1.4009,117924.86
1762041600000,1.40075,1.40176,1.40051,1.40155,5988.7
1762128000000,1.40155,1.40754,1.4008,1.40551,94119.41
1762214400000,1.40552,1.41072,1.40536,1.41011,123196.8
1762300800000,1.41013,1.414,1.4101,1.41022,115566.62
1762387200000,1.41022,1.41396,1.40895,1.41117,135431.45
1762473600000,1.41119,1.41259,1.40267,1.40376,120210.07
1762646400000,1.40516,1.40523,1.40364,1.40439,4913.15
1762732800000,1.40439,1.40458,1.40005,1.40255,145816.16
1762819200000,1.40254,1.40407,1.39999,1.40157,119892.35
1762905600000,1.40157,1.40213,1.39894,1.40095,121709.38
1762992000000,1.40095,1.40376,1.39846,1.40364,126521.91
1763078400000,1.40365,1.4045,1.40136,1.40209,141602.41
1763251200000,1.40125,1.40262,1.40103,1.40181,4252.28
1763337600000,1.4018,1.40576,1.40155,1.40506,135592.76
1763424000000,1.4051,1.40618,1.39709,1.39851,157603.92
1763510400000,1.39853,1.40649,1.39845,1.40435,158884.64
1763596800000,1.40435,1.41066,1.40393,1.40913,152855.04
1763683200000,1.40916,1.41305,1.40811,1.41001,157912.11
1763856000000,1.40941,1.40994,1.40909,1.40947,3800.38
1763942400000,1.40947,1.41185,1.40911,1.41096,101399.31
1764028800000,1.41098,1.41243,1.40888,1.4103,126214.52
1764115200000,1.41029,1.41045,1.40319,1.40389,122962.1
1764201600000,1.40391,1.40498,1.40241,1.40261,75159.87
1764288000000,1.4026,1.4051,1.39377,1.39752,355764.18
1764460800000,1.39735,1.3978,1.39648,1.39698,4459.1
1764547200000,1.39698,1.40014,1.39544,1.40012,136711.18
1764633600000,1.40011,1.4014,1.3964,1.39693,112169.29
1764720000000,1.39694,1.39748,1.39379,1.3953,123528.14
1764806400000,1.3953,1.3977,1.39247,1.39593,131544.43
1764892800000,1.39595,1.39595,1.38102,1.3811,110714.51
1765065600000,1.38171,1.38351,1.38171,1.38347,6198.32
1765152000000,1.38348,1.38592,1.37993,1.38485,123540.84
1765238400000,1.38485,1.38605,1.38232,1.38455,119298.43
1765324800000,1.38455,1.38715,1.37834,1.37892,142523.5
1765411200000,1.37891,1.38224,1.37564,1.37753,149362.24
1765497600000,1.37755,1.37944,1.37529,1.37694,144858.04
1765670400000,1.37618,1.37731,1.37589,1.37678,4373.18
1765756800000,1.37679,1.3788,1.37472,1.37691,119713.68
1765843200000,1.3769,1.37807,1.37298,1.3755,159133.4
1765929600000,1.37551,1.37978,1.3755,1.37832,134815.44
1766016000000,1.37833,1.37955,1.37556,1.3777,138319.97
1766102400000,1.3777,1.38054,1.37546,1.38,104682.28
1766275200000,1.37796,1.38031,1.37796,1.37903,6687.11
1766361600000,1.37902,1.38004,1.37353,1.37491,125040.47
1766448000000,1.37491,1.37491,1.36836,1.36853,127440.75
1766534400000,1.36847,1.36888,1.3661,1.36667,99878.87
1766620800000,1.36667,1.36821,1.36606,1.36734,8117.21
1766707200000,1.36732,1.36846,1.3642,1.36717,131557.68
1766880000000,1.36592,1.36764,1.36509,1.36684,4419.48
1766966400000,1.36684,1.37007,1.36569,1.36875,109906.43
1767052800000,1.36875,1.37083,1.36786,1.36952,85655.95
1767139200000,1.36952,1.37276,1.36878,1.37241,110112.59
1767225600000,1.37172,1.37221,1.37156,1.37171,2223.59
1767312000000,1.37169,1.37473,1.36998,1.37261,114848.16
1767484800000,1.37305,1.37474,1.37305,1.37469,6432.12
1767571200000,1.37468,1.3815,1.37405,1.37728,172049.36
1767657600000,1.37729,1.38165,1.3751,1.38156,122189.09
1767744000000,1.38155,1.38613,1.37895,1.38578,124586.57
1767830400000,1.38578,1.3888,1.38502,1.3864,119487.21
1767916800000,1.38641,1.39195,1.3864,1.39094,125752.29
1768089600000,1.391,1.3917,1.39092,1.39121,3652.1
1768176000000,1.39121,1.3914,1.38667,1.38759,134266.8
1768262400000,1.38759,1.38977,1.38544,1.38866,119638.61
1768348800000,1.38868,1.38973,1.38658,1.38864,130197.32
1768435200000,1.38864,1.39193,1.38798,1.38896,103953.44
1768521600000,1.38897,1.39282,1.38839,1.391,179494.56
1768694400000,1.39082,1.39172,1.38994,1.39001,8350.22
1768780800000,1.39004,1.3907,1.38551,1.38739,155098
1768867200000,1.38739,1.38784,1.38137,1.38329,226837.55
1768953600000,1.38332,1.38437,1.37851,1.38437,163167.1
1769040000000,1.38436,1.38446,1.37813,1.37842,142685.5
1769126400000,1.37844,1.37991,1.36932,1.36972,121253.1
1769299200000,1.3696,1.37094,1.36881,1.37004,10856.4
1769385600000,1.37002,1.37197,1.36711,1.37141,138571.16
1769472000000,1.37141,1.37388,1.35585,1.35926,175708.16
1769558400000,1.35923,1.36144,1.35351,1.35376,194528
1769644800000,1.35376,1.35774,1.34811,1.34911,229671.1
1769731200000,1.3491,1.36247,1.34839,1.36139,245711.12
1769904000000,1.36007,1.36575,1.35985,1.36382,12184.99
1769990400000,1.36382,1.37022,1.36131,1.36727,233662.77
1770076800000,1.36727,1.36853,1.36288,1.36398,169683.5
1770163200000,1.36398,1.36838,1.36284,1.36708,129430.18
1770249600000,1.36708,1.37137,1.36521,1.37116,188821.47
1770336000000,1.37116,1.3724,1.36241,1.36706,115642.85
1770508800000,1.36692,1.36732,1.36559,1.36585,8273.48
1770595200000,1.36586,1.36669,1.35524,1.35607,171852.1
1770681600000,1.35607,1.35761,1.35228,1.35534,114065.39
1770768000000,1.35531,1.36187,1.35038,1.35756,165415.4
1770854400000,1.35755,1.36354,1.35549,1.36111,148498.4
1770940800000,1.36114,1.3637,1.3593,1.36133,145605.12
1771113600000,1.36003,1.36242,1.36003,1.3617,5568.03
1771200000000,1.3617,1.36386,1.3603,1.36359,60078.54
1771286400000,1.36356,1.36925,1.36313,1.36385,122778.77
1771372800000,1.36389,1.36999,1.36368,1.36965,105866.75
1771459200000,1.36965,1.37143,1.36672,1.36876,113175.26
1771545600000,1.36875,1.37103,1.36687,1.36774,160999.3
1771718400000,1.36676,1.36786,1.3648,1.36491,6562.57
1771804800000,1.36492,1.37038,1.36491,1.36937,147865.7
1771891200000,1.36938,1.37245,1.36887,1.37027,106655.7
1771977600000,1.37028,1.37063,1.36699,1.36756,99831.93
1772064000000,1.36755,1.37117,1.36585,1.3676,104309.11
1772150400000,1.36761,1.36844,1.36248,1.36402,118588.66
1772323200000,1.3646,1.36728,1.36313,1.36683,12255.83
1772409600000,1.36684,1.37184,1.36401,1.36718,159564.58
1772496000000,1.36717,1.37526,1.36528,1.36747,206155.1
1772582400000,1.36748,1.36995,1.36266,1.36434,187377.53
1772668800000,1.36435,1.37157,1.3615,1.36714,203075.69
1772755200000,1.36713,1.36741,1.35605,1.35664,178654.12
1772928000000,1.35996,1.36055,1.35513,1.36009,15255.41
1773014400000,1.36009,1.36061,1.35252,1.35868,211651.22
1773100800000,1.35868,1.36011,1.35417,1.35828,168642.7
1773187200000,1.35827,1.36047,1.35543,1.36024,122116.28
1773273600000,1.36025,1.36451,1.35763,1.36322,145683.11
1773360000000,1.36323,1.37412,1.36205,1.37143,143981.16
1773532800000,1.37172,1.37271,1.37084,1.37122,10187.44
1773619200000,1.37121,1.37225,1.36525,1.36864,140287.84
1773705600000,1.36865,1.37223,1.36796,1.36894,127984.31
1773792000000,1.36894,1.37375,1.36867,1.37301,148639.27
1773878400000,1.373,1.3748,1.37043,1.37371,180690.38
1773964800000,1.37372,1.37474,1.36991,1.37219,162035.73
1774137600000,1.37078,1.3732,1.37043,1.37092,12273.55
1774224000000,1.37092,1.37544,1.36695,1.37302,237008.4
1774310400000,1.37302,1.3785,1.3725,1.37577,191779.16
1774396800000,1.37578,1.3819,1.37496,1.38143,151083.84
1774483200000,1.38147,1.38655,1.38137,1.38532,145476.47
1774569600000,1.38531,1.38951,1.38447,1.38922,143316.11
1774742400000,1.38776,1.39026,1.38767,1.38995,8907.39
1774828800000,1.38994,1.39449,1.38854,1.39283,149304.31
1774915200000,1.39282,1.39665,1.39022,1.39031,181466.7
1775001600000,1.39032,1.39116,1.38682,1.38773,155060.44
1775088000000,1.38773,1.3933,1.38686,1.39174,135527.16
1775174400000,1.39173,1.39488,1.39147,1.39423,50441.94
1775347200000,1.39262,1.39473,1.39262,1.39458,5410.59
1775433600000,1.39457,1.39473,1.39014,1.39118,114298.14
1775520000000,1.39119,1.39294,1.384,1.3842,136426.5
1775606400000,1.38419,1.38743,1.38233,1.38508,145392.66
1775692800000,1.38506,1.38601,1.3804,1.38224,112375.85
1775779200000,1.38222,1.38437,1.37987,1.38361,91149.99
1775952000000,1.38601,1.38774,1.38535,1.38727,7778.4
1776038400000,1.38727,1.38764,1.37853,1.3786,124085.39
1776124800000,1.37858,1.37896,1.37305,1.37661,112651.63
1776211200000,1.37662,1.37879,1.37263,1.37312,109906.62
1776297600000,1.37315,1.37376,1.36949,1.37004,113412.3
1776384000000,1.37003,1.37031,1.36489,1.3688,113872.68
1776556800000,1.36778,1.37092,1.36778,1.37054,7102.89
1776643200000,1.37052,1.37072,1.36346,1.3644,98156.4
1776729600000,1.36441,1.36766,1.36312,1.36579,140854.95
1776816000000,1.3658,1.36744,1.36428,1.36697,93200.53
1776902400000,1.36697,1.3714,1.36599,1.36983,141526.84
1776988800000,1.36984,1.37139,1.36626,1.36652,111153.02
1777161600000,1.36792,1.36803,1.36616,1.36776,5176.78
1777248000000,1.36776,1.36783,1.35973,1.36215,97535.64
1777334400000,1.36215,1.36913,1.36123,1.36799,118447.69
1777420800000,1.36799,1.37105,1.36669,1.36712,140198.14
1777507200000,1.36712,1.36884,1.35763,1.35796,167389.33
1777593600000,1.35793,1.35929,1.35496,1.35811,138956.77
1777766400000,1.35779,1.35889,1.35726,1.35879,3229.62
1777852800000,1.35881,1.36259,1.35819,1.36203,133412.52
1777939200000,1.36203,1.36295,1.35955,1.36042,113853.62
1778025600000,1.3604,1.36412,1.35774,1.36365,143396.58
1778112000000,1.36365,1.36649,1.36198,1.36607,130285.17
1778198400000,1.36605,1.37097,1.36421,1.36738,116349.2
1778371200000,1.3682,1.36911,1.36742,1.36831,7156.71
1778457600000,1.36831,1.36944,1.36478,1.36785,115135.48
1778544000000,1.36786,1.37242,1.36786,1.36976,132403.52
1778630400000,1.36976,1.37183,1.36837,1.37047,131864.69
1778716800000,1.37047,1.37375,1.37012,1.37237,138537.66
1778803200000,1.37237,1.37667,1.37234,1.37471,163038.02
1778976000000,1.37436,1.37631,1.37387,1.37623,6972.03
1779062400000,1.37621,1.37631,1.37277,1.37384,142226.1
1779148800000,1.37382,1.37737,1.37367,1.37487,131742.38
1779235200000,1.37491,1.3778,1.37239,1.37478,161522.81
1779321600000,1.37477,1.37999,1.37454,1.3776,145468.86
1779408000000,1.37758,1.38237,1.37758,1.38169,119012.29
1779580800000,1.3797,1.38137,1.37946,1.3802,7118.1
1779667200000,1.38021,1.38202,1.37943,1.38057,64905.57
1779753600000,1.38057,1.38209,1.37983,1.38077,144496.39
1779840000000,1.38078,1.38519,1.38031,1.38443,156747.16
1779926400000,1.38442,1.38696,1.37713,1.37826,155639.12
1780012800000,1.37827,1.38291,1.37698,1.3793,199608.3
1780185600000,1.37922,1.38007,1.37832,1.3797,7840.58
1780272000000,1.37969,1.38489,1.37968,1.3841,175507.62
1780358400000,1.38408,1.38537,1.38146,1.38453,137056.06
1780444800000,1.38453,1.38995,1.38361,1.38931,153027.4
1780531200000,1.38933,1.39248,1.38806,1.39069,173724.56
1780617600000,1.3907,1.39501,1.38659,1.39342,162461.3
1780790400000,1.39288,1.3952,1.39276,1.39448,10356.57
1780876800000,1.39448,1.39609,1.39259,1.39574,200858.8
1780963200000,1.39575,1.39688,1.39185,1.39529,193251.92
1781049600000,1.3953,1.39569,1.38984,1.3947,190988.67
1781136000000,1.39467,1.40235,1.39311,1.39726,223376.84
1781222400000,1.39727,1.39954,1.39588,1.39861,191879.44
1781395200000,1.39861,1.39866,1.39548,1.39635,9350.28
1781481600000,1.39636,1.39951,1.395,1.39922,137939.67
1781568000000,1.39923,1.40181,1.39798,1.39963,128146.21
1781654400000,1.39964,1.41226,1.399,1.41014,159345.19
1781740800000,1.41015,1.41463,1.4094,1.4141,146990.75
1781827200000,1.41409,1.41829,1.41341,1.41502,101941.24
1782000000000,1.41602,1.41779,1.41579,1.41742,4511.95
1782086400000,1.41742,1.4193,1.41443,1.41585,125036.87
1782172800000,1.41586,1.42169,1.41562,1.42095,131734.69
1782259200000,1.42095,1.42477,1.42055,1.42352,158051.23
1782345600000,1.4235,1.42477,1.4177,1.42006,147606.55
1782432000000,1.42004,1.42091,1.41687,1.41887,137280.88
1782604800000,1.41804,1.41954,1.41803,1.41896,3929.93
1782691200000,1.419,1.42174,1.41748,1.42103,108902.89
1782777600000,1.42105,1.42473,1.41778,1.42076,102208.57
1782864000000,1.42073,1.42347,1.41911,1.42186,66175.95
1782950400000,1.42187,1.42238,1.415,1.41903,102484.53
1783036800000,1.41904,1.42067,1.41589,1.41967,58915.94
1783209600000,1.41896,1.42071,1.41858,1.42042,3317.5
1783296000000,1.42044,1.42383,1.41983,1.42078,59346.12
1783382400000,1.42076,1.42258,1.41833,1.42043,61852.7
1783468800000,1.42043,1.42081,1.41545,1.4168,87329.47
1783555200000,1.41679,1.41892,1.41526,1.41673,59899.85
1783641600000,1.41671,1.41719,1.41171,1.41505,75588.65
1783814400000,1.41507,1.417,1.41488,1.41637,3596.16
1783900800000,1.41636,1.41742,1.41246,1.41489,83726.34
1783987200000,1.41488,1.41541,1.40473,1.40517,120422.7
1784073600000,1.40515,1.40768,1.40242,1.40373,81578.24
1784160000000,1.40373,1.40578,1.40099,1.40374,65779.68
1784246400000,1.40374,1.40407,1.40049,1.4019,76283.7
1784419200000,1.40094,1.40227,1.40064,1.40192,3374.77
1784505600000,1.4019,1.40845,1.40026,1.40713,59129.89
1784592000000,1.40712,1.41107,1.40539,1.41049,63858.52
1784678400000,1.4105,1.41077,1.40759,1.40855,63017.94
1784764800000,1.40853,1.40994,1.40562,1.40849,80066.44
1784851200000,1.4085,1.41144,1.40656,1.40947,71451.66
1785024000000,1.40848,1.4091,1.40795,1.40866,3539.8
1785110400000,1.40865,1.41259,1.40702,1.41246,63626.62
1785196800000,1.41245,1.41284,1.40857,1.4106,58372.02
1785283200000,1.41061,1.41094,1.40228,1.40357,103112.51
1785369600000,1.40357,1.40674,1.39903,1.40114,100863.54
1785456000000,1.40113,1.40583,1.40032,1.40188,112437.79
1785628800000,1.40062,1.40147,1.40015,1.40132,7962.19
1785715200000,1.40129,1.40532,1.40043,1.40463,70215.59
1785801600000,1.40461,1.40799,1.40348,1.40653,83306.99
1785888000000,1.40652,1.40798,1.40045,1.40101,68741.19
1785974400000,1.401,1.40375,1.39901,1.40136,65860.99
1786060800000,1.40137,1.40288,1.39252,1.39372,97961.01
1786233600000,1.3947,1.39522,1.39403,1.39521,4656.37
1786320000000,1.39521,1.39634,1.39262,1.39335,65839.61
1786406400000,1.39334,1.39456,1.39147,1.39202,80256.88
1786492800000,1.392,1.39468,1.39074,1.39406,68089.76
1786579200000,1.39406,1.39581,1.39263,1.39269,70958.34
1786665600000,1.3927,1.393,1.3864,1.38714,94800.17
1786838400000,1.38726,1.38742,1.38665,1.38719,3901.02
1786924800000,1.38718,1.38774,1.38443,1.38699,83156.16
1787011200000,1.38699,1.39099,1.38611,1.38989,73794.15
1787097600000,1.38986,1.39075,1.37995,1.381,115864.32
1787184000000,1.38101,1.38121,1.37553,1.37813,106780.53
1787270400000,1.37812,1.37816,1.37318,1.37526,86905.14
1787443200000,1.38074,1.38151,1.37891,1.37922,3880.93
1787529600000,1.37921,1.38598,1.37822,1.38406,96163.93
1787616000000,1.38405,1.38666,1.38239,1.38367,92175.21
1787702400000,1.38368,1.38926,1.38358,1.38746,89055.84
1787788800000,1.38746,1.38907,1.38493,1.38509,84596.51
1787875200000,1.38511,1.39096,1.38423,1.38994,93305.99
1788048000000,1.39086,1.39097,1.38975,1.38998,3589.07
1788134400000,1.38999,1.39074,1.38494,1.38518,101759.6
1788220800000,1.38519,1.39063,1.38449,1.38956,88345.48
1788307200000,1.38956,1.39393,1.38328,1.38452,138580.22
1788393600000,1.38453,1.38462,1.37648,1.37893,132418.34
1788480000000,1.37895,1.38717,1.37841,1.38333,124198.84
1788652800000,1.38267,1.3836,1.38235,1.38347,2955.6
1788739200000,1.38347,1.38411,1.38038,1.38038,77620.01
1788825600000,1.38038,1.38143,1.37592,1.37757,119942.25
1788912000000,1.37758,1.38204,1.37657,1.38044,90660.13
1788998400000,1.38045,1.3839,1.38007,1.38349,102757.92
1789084800000,1.38347,1.38838,1.38338,1.3868,147953.55
1789257600000,1.38666,1.38721,1.3865,1.38677,4431.16
1789344000000,1.38679,1.39295,1.38644,1.39004,109846.04
1789430400000,1.39004,1.39291,1.38979,1.39249,95128.56
1789516800000,1.3925,1.39945,1.39206,1.39887,103836.58
1789603200000,1.39887,1.40011,1.39735,1.39902,100703.76
1789689600000,1.39901,1.40142,1.39755,1.3986,98883.23
1789862400000,1.39815,1.39946,1.39796,1.39944,2339.88
1789948800000,1.39942,1.40388,1.39902,1.40332,74290.9
1790035200000,1.40334,1.40838,1.40241,1.40654,112790.76
1790121600000,1.40655,1.41095,1.40637,1.41035,121622.9
1790208000000,1.41036,1.41492,1.40964,1.41472,116232.44
1790294400000,1.4147,1.41543,1.4133,1.41371,85072.21
1790467200000,1.41296,1.41562,1.41295,1.41541,5419.57
1790553600000,1.41543,1.41779,1.41474,1.41767,81553.48
1790640000000,1.41767,1.42013,1.41726,1.41915,87230.62
