pair,timestamp,event,direction,state,reason,touch_candle,reference_level,signal_candle,sma_stack_bull,di_strong_bull,strong_close_bear
usdjpy,2021-01-04T00:00:00+00:00,DC,short,SEARCH_TOUCH,new short search,,,,,,
usdjpy,2021-01-04T12:00:00+00:00,ARMED,short,ARMED,first EMA20 touch,2021-01-04T12:00:00+00:00,102.848,,,,
usdjpy,2021-01-05T08:00:00+00:00,TRIGGERED,short,ARMED,entry conditions satisfied,,102.848,2021-01-05T08:00:00+00:00,False,False,True
usdjpy,2021-01-07T16:00:00+00:00,GC,long,SEARCH_TOUCH,new long search,,,,,,
usdjpy,2021-01-12T16:00:00+00:00,ARMED,long,ARMED,first EMA20 touch,2021-01-12T16:00:00+00:00,104.218,,,,
usdjpy,2021-01-12T20:00:00+00:00,BREACH_TOLERATED,long,ARMED,one close through touch extreme,,,,,,
usdjpy,2021-01-13T00:00:00+00:00,INVALIDATED,long,ARMED,two consecutive closes through touch extreme,,,,,,
usdjpy,2021-04-19T04:00:00+00:00,DC,short,SEARCH_TOUCH,new short search,,,,,,
usdjpy,2021-04-20T04:00:00+00:00,ARMED,short,ARMED,first EMA20 touch,2021-04-20T04:00:00+00:00,108.099,,,,
usdjpy,2021-04-20T12:00:00+00:00,TRIGGERED,short,ARMED,entry conditions satisfied,,108.099,2021-04-20T12:00:00+00:00,False,False,True
usdjpy,2021-04-29T12:00:00+00:00,GC,long,SEARCH_TOUCH,new long search,,,,,,
usdjpy,2021-05-03T12:00:00+00:00,ARMED,long,ARMED,first EMA20 touch,2021-05-03T12:00:00+00:00,109.521,,,,
usdjpy,2021-05-07T12:00:00+00:00,BREACH_TOLERATED,long,ARMED,one close through touch extreme,,,,,,
usdjpy,2021-05-07T16:00:00+00:00,INVALIDATED,long,ARMED,two consecutive closes through touch extreme,,,,,,
usdjpy,2021-05-24T16:00:00+00:00,DC,short,SEARCH_TOUCH,new short search,,,,,,
usdjpy,2021-05-25T08:00:00+00:00,ARMED,short,ARMED,first EMA20 touch,2021-05-25T08:00:00+00:00,108.713,,,,
usdjpy,2021-05-26T12:00:00+00:00,BREACH_TOLERATED,short,ARMED,one close through touch extreme,,,,,,
usdjpy,2021-05-26T16:00:00+00:00,INVALIDATED,short,ARMED,two consecutive closes through touch extreme,,,,,,
usdjpy,2021-05-26T20:00:00+00:00,GC,long,SEARCH_TOUCH,new long search,,,,,,
usdjpy,2021-05-31T12:00:00+00:00,ARMED,long,ARMED,first EMA20 touch,2021-05-31T12:00:00+00:00,109.681,,,,
usdjpy,2021-06-02T04:00:00+00:00,TRIGGERED,long,ARMED,entry conditions satisfied,,109.681,2021-06-02T04:00:00+00:00,True,True,False
usdjpy,2021-07-15T04:00:00+00:00,DC,short,SEARCH_TOUCH,new short search,,,,,,
usdjpy,2021-07-16T04:00:00+00:00,ARMED,short,ARMED,first EMA20 touch,2021-07-16T04:00:00+00:00,109.931,,,,
usdjpy,2021-07-18T20:00:00+00:00,TRIGGERED,short,ARMED,entry conditions satisfied,,109.931,2021-07-18T20:00:00+00:00,False,False,True
usdjpy,2021-07-23T12:00:00+00:00,GC,long,SEARCH_TOUCH,new long search,,,,,,
usdjpy,2021-07-26T04:00:00+00:00,ARMED,long,ARMED,first EMA20 touch,2021-07-26T04:00:00+00:00,110.371,,,,
usdjpy,2021-07-27T04:00:00+00:00,BREACH_TOLERATED,long,ARMED,one close through touch extreme,,,,,,
usdjpy,2021-07-27T12:00:00+00:00,BREACH_TOLERATED,long,ARMED,one close through touch extreme,,,,,,
usdjpy,2021-07-27T16:00:00+00:00,REVERSE_CROSS_INVALIDATION,long,ARMED,reverse cross while armed,,,,,,
usdjpy,2021-08-09T16:00:00+00:00,GC,long,SEARCH_TOUCH,new long search,,,,,,
usdjpy,2021-08-11T16:00:00+00:00,ARMED,long,ARMED,first EMA20 touch,2021-08-11T16:00:00+00:00,110.492,,,,
usdjpy,2021-08-13T04:00:00+00:00,BREACH_TOLERATED,long,ARMED,one close through touch extreme,,,,,,
usdjpy,2021-08-13T08:00:00+00:00,INVALIDATED,long,ARMED,two consecutive closes through touch extreme,,,,,,
usdjpy,2021-08-16T04:00:00+00:00,DC,short,SEARCH_TOUCH,new short search,,,,,,
usdjpy,2021-08-17T12:00:00+00:00,ARMED,short,ARMED,first EMA20 touch,2021-08-17T12:00:00+00:00,109.172,,,,
usdjpy,2021-08-18T08:00:00+00:00,BREACH_TOLERATED,short,ARMED,one close through touch extreme,,,,,,
usdjpy,2021-08-18T12:00:00+00:00,INVALIDATED,short,ARMED,two consecutive closes through touch extreme,,,,,,
usdjpy,2021-08-26T16:00:00+00:00,GC,long,SEARCH_TOUCH,new long search,,,,,,
usdjpy,2021-08-27T04:00:00+00:00,ARMED,long,ARMED,first EMA20 touch,2021-08-27T04:00:00+00:00,110.12,,,,
usdjpy,2021-08-27T12:00:00+00:00,BREACH_TOLERATED,long,ARMED,one close through touch extreme,,,,,,
usdjpy,2021-08-27T16:00:00+00:00,INVALIDATED,long,ARMED,two consecutive closes through touch extreme,,,,,,
usdjpy,2021-08-30T00:00:00+00:00,DC,short,SEARCH_TOUCH,new short search,,,,,,
usdjpy,2021-08-30T12:00:00+00:00,ARMED,short,ARMED,first EMA20 touch,2021-08-30T12:00:00+00:00,109.839,,,,
usdjpy,2021-08-31T12:00:00+00:00,BREACH_TOLERATED,short,ARMED,one close through touch extreme,,,,,,
usdjpy,2021-08-31T16:00:00+00:00,INVALIDATED,short,ARMED,two consecutive closes through touch extreme,,,,,,
usdjpy,2021-08-31T20:00:00+00:00,GC,long,SEARCH_TOUCH,new long search,,,,,,
usdjpy,2021-09-01T12:00:00+00:00,ARMED,long,ARMED,first EMA20 touch,2021-09-01T12:00:00+00:00,110.389,,,,
usdjpy,2021-09-03T12:00:00+00:00,BREACH_TOLERATED,long,ARMED,one close through touch extreme,,,,,,
usdjpy,2021-09-03T16:00:00+00:00,INVALIDATED,long,ARMED,two consecutive closes through touch extreme,,,,,,
usdjpy,2021-09-03T20:00:00+00:00,DC,short,SEARCH_TOUCH,new short search,,,,,,
usdjpy,2021-09-06T04:00:00+00:00,ARMED,short,ARMED,first EMA20 touch,2021-09-06T04:00:00+00:00,109.775,,,,
usdjpy,2021-09-07T08:00:00+00:00,BREACH_TOLERATED,short,ARMED,one close through touch extreme,,,,,,
usdjpy,2021-09-07T12:00:00+00:00,INVALIDATED,short,ARMED,two consecutive closes through touch extreme,,,,,,
usdjpy,2021-09-07T16:00:00+00:00,GC,long,SEARCH_TOUCH,new long search,,,,,,
usdjpy,2021-09-09T00:00:00+00:00,ARMED,long,ARMED,first EMA20 touch,2021-09-09T00:00:00+00:00,110.272,,,,
usdjpy,2021-09-09T04:00:00+00:00,BREACH_TOLERATED,long,ARMED,one close through touch extreme,,,,,,
usdjpy,2021-09-09T08:00:00+00:00,INVALIDATED,long,ARMED,two consecutive closes through touch extreme,,,,,,
usdjpy,2021-09-14T16:00:00+00:00,DC,short,SEARCH_TOUCH,new short search,,,,,,
usdjpy,2021-09-16T12:00:00+00:00,ARMED,short,ARMED,first EMA20 touch,2021-09-16T12:00:00+00:00,109.364,,,,
usdjpy,2021-09-17T00:00:00+00:00,BREACH_TOLERATED,short,ARMED,one close through touch extreme,,,,,,
usdjpy,2021-09-17T04:00:00+00:00,INVALIDATED,short,ARMED,two consecutive closes through touch extreme,,,,,,
usdjpy,2021-09-24T00:00:00+00:00,GC,long,SEARCH_TOUCH,new long search,,,,,,
usdjpy,2021-09-30T12:00:00+00:00,ARMED,long,ARMED,first EMA20 touch,2021-09-30T12:00:00+00:00,112.011,,,,
usdjpy,2021-09-30T16:00:00+00:00,BREACH_TOLERATED,long,ARMED,one close through touch extreme,,,,,,
usdjpy,2021-10-01T00:00:00+00:00,BREACH_TOLERATED,long,ARMED,one close through touch extreme,,,,,,
usdjpy,2021-10-01T04:00:00+00:00,INVALIDATED,long,ARMED,two consecutive closes through touch extreme,,,,,,
usdjpy,2021-11-30T20:00:00+00:00,DC,short,SEARCH_TOUCH,new short search,,,,,,
usdjpy,2021-12-03T04:00:00+00:00,ARMED,short,ARMED,first EMA20 touch,2021-12-03T04:00:00+00:00,113.133,,,,
usdjpy,2021-12-03T16:00:00+00:00,TRIGGERED,short,ARMED,entry conditions satisfied,,113.133,2021-12-03T16:00:00+00:00,False,False,True
usdjpy,2021-12-14T16:00:00+00:00,GC,long,SEARCH_TOUCH,new long search,,,,,,
usdjpy,2021-12-16T12:00:00+00:00,ARMED,long,ARMED,first EMA20 touch,2021-12-16T12:00:00+00:00,114.196,,,,
usdjpy,2021-12-17T00:00:00+00:00,BREACH_TOLERATED,long,ARMED,one close through touch extreme,,,,,,
usdjpy,2021-12-17T08:00:00+00:00,BREACH_TOLERATED,long,ARMED,one close through touch extreme,,,,,,
usdjpy,2021-12-19T20:00:00+00:00,BREACH_TOLERATED,long,ARMED,one close through touch extreme,,,,,,
usdjpy,2021-12-20T00:00:00+00:00,INVALIDATED,long,ARMED,two consecutive closes through touch extreme,,,,,,
usdjpy,2022-01-14T08:00:00+00:00,DC,short,SEARCH_TOUCH,new short search,,,,,,
usdjpy,2022-01-17T00:00:00+00:00,ARMED,short,ARMED,first EMA20 touch,2022-01-17T00:00:00+00:00,114.274,,,,
usdjpy,2022-01-17T12:00:00+00:00,BREACH_TOLERATED,short,ARMED,one close through touch extreme,,,,,,
usdjpy,2022-01-17T16:00:00+00:00,INVALIDATED,short,ARMED,two consecutive closes through touch extreme,,,,,,
usdjpy,2022-01-27T16:00:00+00:00,GC,long,SEARCH_TOUCH,new long search,,,,,,
usdjpy,2022-01-31T16:00:00+00:00,ARMED,long,ARMED,first EMA20 touch,2022-01-31T16:00:00+00:00,115.307,,,,
usdjpy,2022-02-01T08:00:00+00:00,BREACH_TOLERATED,long,ARMED,one close through touch extreme,,,,,,
usdjpy,2022-02-01T12:00:00+00:00,INVALIDATED,long,ARMED,two consecutive closes through touch extreme,,,,,,
usdjpy,2022-02-22T04:00:00+00:00,DC,short,SEARCH_TOUCH,new short search,,,,,,
usdjpy,2022-02-22T08:00:00+00:00,ARMED,short,ARMED,first EMA20 touch,2022-02-22T08:00:00+00:00,114.716,,,,
usdjpy,2022-02-22T12:00:00+00:00,REVERSE_CROSS_INVALIDATION,short,ARMED,reverse cross while armed,,,,,,
usdjpy,2022-02-24T00:00:00+00:00,DC,short,SEARCH_TOUCH,new short search,,,,,,
usdjpy,2022-02-24T12:00:00+00:00,REVERSE_CROSS_INVALIDATION,short,SEARCH_TOUCH,reverse cross before touch,,,,,,
usdjpy,2022-05-25T00:00:00+00:00,DC,short,SEARCH_TOUCH,new short search,,,,,,
usdjpy,2022-05-25T12:00:00+00:00,ARMED,short,ARMED,first EMA20 touch,2022-05-25T12:00:00+00:00,126.797,,,,
usdjpy,2022-05-26T04:00:00+00:00,TRIGGERED,short,ARMED,entry conditions satisfied,,126.797,2022-05-26T04:00:00+00:00,False,False,True
usdjpy,2022-05-31T08:00:00+00:00,GC,long,SEARCH_TOUCH,new long search,,,,,,
usdjpy,2022-06-10T04:00:00+00:00,ARMED,long,ARMED,first EMA20 touch,2022-06-10T04:00:00+00:00,134.221,,,,
usdjpy,2022-06-10T16:00:00+00:00,TRIGGERED,long,ARMED,entry conditions satisfied,,134.221,2022-06-10T16:00:00+00:00,True,True,False
usdjpy,2022-07-29T00:00:00+00:00,DC,short,SEARCH_TOUCH,new short search,,,,,,
usdjpy,2022-08-02T16:00:00+00:00,ARMED,short,ARMED,first EMA20 touch,2022-08-02T16:00:00+00:00,132.127,,,,
usdjpy,2022-08-02T20:00:00+00:00,BREACH_TOLERATED,short,ARMED,one close through touch extreme,,,,,,
usdjpy,2022-08-03T04:00:00+00:00,BREACH_TOLERATED,short,ARMED,one close through touch extreme,,,,,,
usdjpy,2022-08-03T08:00:00+00:00,INVALIDATED,short,ARMED,two consecutive closes through touch extreme,,,,,,
usdjpy,2022-08-18T16:00:00+00:00,GC,long,SEARCH_TOUCH,new long search,,,,,,
usdjpy,2022-08-23T12:00:00+00:00,ARMED,long,ARMED,first EMA20 touch,2022-08-23T12:00:00+00:00,137.641,,,,
usdjpy,2022-08-28T20:00:00+00:00,TRIGGERED,long,ARMED,entry conditions satisfied,,137.641,2022-08-28T20:00:00+00:00,True,True,False
usdjpy,2022-11-10T12:00:00+00:00,DC,short,SEARCH_TOUCH,new short search,,,,,,
usdjpy,2022-11-16T04:00:00+00:00,ARMED,short,ARMED,first EMA20 touch,2022-11-16T04:00:00+00:00,139.268,,,,
usdjpy,2022-11-17T12:00:00+00:00,BREACH_TOLERATED,short,ARMED,one close through touch extreme,,,,,,
usdjpy,2022-11-17T20:00:00+00:00,BREACH_TOLERATED,short,ARMED,one close through touch extreme,,,,,,
usdjpy,2022-11-18T16:00:00+00:00,BREACH_TOLERATED,short,ARMED,one close through touch extreme,,,,,,
usdjpy,2022-11-18T20:00:00+00:00,INVALIDATED,short,ARMED,two consecutive closes through touch extreme,,,,,,
usdjpy,2023-02-13T04:00:00+00:00,GC,long,SEARCH_TOUCH,new long search,,,,,,
usdjpy,2023-02-14T04:00:00+00:00,ARMED,long,ARMED,first EMA20 touch,2023-02-14T04:00:00+00:00,132.103,,,,
usdjpy,2023-02-14T12:00:00+00:00,TRIGGERED,long,ARMED,entry conditions satisfied,,132.103,2023-02-14T12:00:00+00:00,True,True,False
usdjpy,2023-03-15T12:00:00+00:00,DC,short,SEARCH_TOUCH,new short search,,,,,,
usdjpy,2023-03-16T16:00:00+00:00,ARMED,short,ARMED,first EMA20 touch,2023-03-16T16:00:00+00:00,132.901,,,,
usdjpy,2023-03-22T16:00:00+00:00,TRIGGERED,short,ARMED,entry conditions satisfied,,132.901,2023-03-22T16:00:00+00:00,False,False,True
usdjpy,2023-04-11T16:00:00+00:00,GC,long,SEARCH_TOUCH,new long search,,,,,,
usdjpy,2023-04-12T12:00:00+00:00,ARMED,long,ARMED,first EMA20 touch,2023-04-12T12:00:00+00:00,133.904,,,,
usdjpy,2023-04-13T12:00:00+00:00,BREACH_TOLERATED,long,ARMED,one close through touch extreme,,,,,,
usdjpy,2023-04-13T16:00:00+00:00,INVALIDATED,long,ARMED,two consecutive closes through touch extreme,,,,,,
usdjpy,2023-07-12T00:00:00+00:00,DC,short,SEARCH_TOUCH,new short search,,,,,,
usdjpy,2023-07-14T12:00:00+00:00,ARMED,short,ARMED,first EMA20 touch,2023-07-14T12:00:00+00:00,138.397,,,,
usdjpy,2023-07-18T04:00:00+00:00,TRIGGERED,short,ARMED,entry conditions satisfied,,138.397,2023-07-18T04:00:00+00:00,False,False,True
usdjpy,2023-07-24T12:00:00+00:00,GC,long,SEARCH_TOUCH,new long search,,,,,,
usdjpy,2023-07-25T12:00:00+00:00,ARMED,long,ARMED,first EMA20 touch,2023-07-25T12:00:00+00:00,141.599,,,,
usdjpy,2023-07-26T04:00:00+00:00,BREACH_TOLERATED,long,ARMED,one close through touch extreme,,,,,,
usdjpy,2023-07-26T08:00:00+00:00,INVALIDATED,long,ARMED,two consecutive closes through touch extreme,,,,,,
usdjpy,2023-07-27T00:00:00+00:00,DC,short,SEARCH_TOUCH,new short search,,,,,,
usdjpy,2023-07-27T12:00:00+00:00,ARMED,short,ARMED,first EMA20 touch,2023-07-27T12:00:00+00:00,140.119,,,,
usdjpy,2023-07-27T16:00:00+00:00,TRIGGERED,short,ARMED,entry conditions satisfied,,140.119,2023-07-27T16:00:00+00:00,False,False,True
usdjpy,2023-07-31T08:00:00+00:00,GC,long,SEARCH_TOUCH,new long search,,,,,,
usdjpy,2023-08-02T08:00:00+00:00,ARMED,long,ARMED,first EMA20 touch,2023-08-02T08:00:00+00:00,142.937,,,,
usdjpy,2023-08-04T12:00:00+00:00,BREACH_TOLERATED,long,ARMED,one close through touch extreme,,,,,,
usdjpy,2023-08-04T16:00:00+00:00,INVALIDATED,long,ARMED,two consecutive closes through touch extreme,,,,,,
usdjpy,2023-11-20T12:00:00+00:00,DC,short,SEARCH_TOUCH,new short search,,,,,,
usdjpy,2023-11-22T04:00:00+00:00,ARMED,short,ARMED,first EMA20 touch,2023-11-22T04:00:00+00:00,148.202,,,,
usdjpy,2023-11-22T12:00:00+00:00,BREACH_TOLERATED,short,ARMED,one close through touch extreme,,,,,,
usdjpy,2023-11-22T16:00:00+00:00,INVALIDATED,short,ARMED,two consecutive closes through touch extreme,,,,,,
usdjpy,2024-01-10T20:00:00+00:00,GC,long,SEARCH_TOUCH,new long search,,,,,,
usdjpy,2024-01-11T12:00:00+00:00,ARMED,long,ARMED,first EMA20 touch,2024-01-11T12:00:00+00:00,146.414,,,,
usdjpy,2024-01-12T00:00:00+00:00,BREACH_TOLERATED,long,ARMED,one close through touch extreme,,,,,,
usdjpy,2024-01-12T12:00:00+00:00,BREACH_TOLERATED,long,ARMED,one close through touch extreme,,,,,,
usdjpy,2024-01-12T16:00:00+00:00,INVALIDATED,long,ARMED,two consecutive closes through touch extreme,,,,,,
usdjpy,2024-03-07T20:00:00+00:00,DC,short,SEARCH_TOUCH,new short search,,,,,,
usdjpy,2024-03-12T04:00:00+00:00,ARMED,short,ARMED,first EMA20 touch,2024-03-12T04:00:00+00:00,147.209,,,,
usdjpy,2024-03-12T12:00:00+00:00,BREACH_TOLERATED,short,ARMED,one close through touch extreme,,,,,,
usdjpy,2024-03-12T16:00:00+00:00,INVALIDATED,short,ARMED,two consecutive closes through touch extreme,,,,,,
usdjpy,2024-03-19T00:00:00+00:00,GC,long,SEARCH_TOUCH,new long search,,,,,,
usdjpy,2024-03-21T00:00:00+00:00,ARMED,long,ARMED,first EMA20 touch,2024-03-21T00:00:00+00:00,150.865,,,,
usdjpy,2024-03-22T16:00:00+00:00,TRIGGERED,long,ARMED,entry conditions satisfied,,150.865,2024-03-22T16:00:00+00:00,True,True,False
usdjpy,2024-07-15T12:00:00+00:00,DC,short,SEARCH_TOUCH,new short search,,,,,,
usdjpy,2024-07-16T04:00:00+00:00,ARMED,short,ARMED,first EMA20 touch,2024-07-16T04:00:00+00:00,158.355,,,,
usdjpy,2024-07-16T08:00:00+00:00,TRIGGERED,short,ARMED,entry conditions satisfied,,158.355,2024-07-16T08:00:00+00:00,False,False,True
usdjpy,2024-10-03T00:00:00+00:00,GC,long,SEARCH_TOUCH,new long search,,,,,,
usdjpy,2024-10-08T04:00:00+00:00,ARMED,long,ARMED,first EMA20 touch,2024-10-08T04:00:00+00:00,148.162,,,,
usdjpy,2024-10-08T12:00:00+00:00,TRIGGERED,long,ARMED,entry conditions satisfied,,148.162,2024-10-08T12:00:00+00:00,True,True,False
usdjpy,2024-11-28T12:00:00+00:00,DC,short,SEARCH_TOUCH,new short search,,,,,,
usdjpy,2024-12-04T04:00:00+00:00,ARMED,short,ARMED,first EMA20 touch,2024-12-04T04:00:00+00:00,149.856,,,,
usdjpy,2024-12-04T08:00:00+00:00,BREACH_TOLERATED,short,ARMED,one close through touch extreme,,,,,,
usdjpy,2024-12-04T16:00:00+00:00,BREACH_TOLERATED,short,ARMED,one close through touch extreme,,,,,,
usdjpy,2024-12-04T20:00:00+00:00,INVALIDATED,short,ARMED,two consecutive closes through touch extreme,,,,,,
usdjpy,2024-12-12T04:00:00+00:00,GC,long,SEARCH_TOUCH,new long search,,,,,,
usdjpy,2024-12-12T12:00:00+00:00,ARMED,long,ARMED,first EMA20 touch,2024-12-12T12:00:00+00:00,152.397,,,,
usdjpy,2024-12-19T04:00:00+00:00,TRIGGERED,long,ARMED,entry conditions satisfied,,152.397,2024-12-19T04:00:00+00:00,True,True,False
usdjpy,2025-01-27T08:00:00+00:00,DC,short,SEARCH_TOUCH,new short search,,,,,,
usdjpy,2025-01-28T00:00:00+00:00,ARMED,short,ARMED,first EMA20 touch,2025-01-28T00:00:00+00:00,154.793,,,,
usdjpy,2025-01-28T04:00:00+00:00,BREACH_TOLERATED,short,ARMED,one close through touch extreme,,,,,,
usdjpy,2025-01-30T16:00:00+00:00,TRIGGERED,short,ARMED,entry conditions satisfied,,154.793,2025-01-30T16:00:00+00:00,False,False,True
usdjpy,2025-03-27T08:00:00+00:00,GC,long,SEARCH_TOUCH,new long search,,,,,,
usdjpy,2025-03-28T04:00:00+00:00,ARMED,long,ARMED,first EMA20 touch,2025-03-28T04:00:00+00:00,150.94,,,,
usdjpy,2025-03-28T12:00:00+00:00,BREACH_TOLERATED,long,ARMED,one close through touch extreme,,,,,,
usdjpy,2025-03-28T16:00:00+00:00,INVALIDATED,long,ARMED,two consecutive closes through touch extreme,,,,,,
usdjpy,2025-03-31T00:00:00+00:00,DC,short,SEARCH_TOUCH,new short search,,,,,,
usdjpy,2025-03-31T16:00:00+00:00,ARMED,short,ARMED,first EMA20 touch,2025-03-31T16:00:00+00:00,149.8,,,,
usdjpy,2025-04-01T00:00:00+00:00,TRIGGERED,short,ARMED,entry conditions satisfied,,149.8,2025-04-01T00:00:00+00:00,True,False,True
usdjpy,2025-05-12T04:00:00+00:00,GC,long,SEARCH_TOUCH,new long search,,,,,,
usdjpy,2025-05-14T04:00:00+00:00,ARMED,long,ARMED,first EMA20 touch,2025-05-14T04:00:00+00:00,147.215,,,,
usdjpy,2025-05-14T08:00:00+00:00,BREACH_TOLERATED,long,ARMED,one close through touch extreme,,,,,,
usdjpy,2025-05-14T12:00:00+00:00,INVALIDATED,long,ARMED,two consecutive closes through touch extreme,,,,,,
usdjpy,2025-05-20T04:00:00+00:00,DC,short,SEARCH_TOUCH,new short search,,,,,,
usdjpy,2025-05-22T16:00:00+00:00,ARMED,short,ARMED,first EMA20 touch,2025-05-22T16:00:00+00:00,143.861,,,,
usdjpy,2025-05-23T00:00:00+00:00,TRIGGERED,short,ARMED,entry conditions satisfied,,143.861,2025-05-23T00:00:00+00:00,False,False,True
usdjpy,2025-06-08T04:00:00+00:00,GC,long,SEARCH_TOUCH,new long search,,,,,,
usdjpy,2025-06-09T00:00:00+00:00,ARMED,long,ARMED,first EMA20 touch,2025-06-09T00:00:00+00:00,144.947,,,,
usdjpy,2025-06-09T04:00:00+00:00,BREACH_TOLERATED,long,ARMED,one close through touch extreme,,,,,,
usdjpy,2025-06-11T20:00:00+00:00,BREACH_TOLERATED,long,ARMED,one close through touch extreme,,,,,,
usdjpy,2025-06-12T00:00:00+00:00,INVALIDATED,long,ARMED,two consecutive closes through touch extreme,,,,,,
usdjpy,2025-06-12T12:00:00+00:00,DC,short,SEARCH_TOUCH,new short search,,,,,,
usdjpy,2025-06-13T08:00:00+00:00,ARMED,short,ARMED,first EMA20 touch,2025-06-13T08:00:00+00:00,143.665,,,,
usdjpy,2025-06-15T20:00:00+00:00,BREACH_TOLERATED,short,ARMED,one close through touch extreme,,,,,,
usdjpy,2025-06-16T00:00:00+00:00,INVALIDATED,short,ARMED,two consecutive closes through touch extreme,,,,,,
usdjpy,2025-06-17T12:00:00+00:00,GC,long,SEARCH_TOUCH,new long search,,,,,,
usdjpy,2025-06-18T12:00:00+00:00,ARMED,long,ARMED,first EMA20 touch,2025-06-18T12:00:00+00:00,144.965,,,,
usdjpy,2025-06-19T08:00:00+00:00,TRIGGERED,long,ARMED,entry conditions satisfied,,144.965,2025-06-19T08:00:00+00:00,True,True,False
usdjpy,2025-06-28T00:00:00+00:00,DC,short,SEARCH_TOUCH,new short search,,,,,,
usdjpy,2025-06-30T00:00:00+00:00,ARMED,short,ARMED,first EMA20 touch,2025-06-30T00:00:00+00:00,144.087,,,,
usdjpy,2025-06-30T16:00:00+00:00,TRIGGERED,short,ARMED,entry conditions satisfied,,144.087,2025-06-30T16:00:00+00:00,False,False,True
usdjpy,2025-07-07T12:00:00+00:00,GC,long,SEARCH_TOUCH,new long search,,,,,,
usdjpy,2025-07-10T00:00:00+00:00,ARMED,long,ARMED,first EMA20 touch,2025-07-10T00:00:00+00:00,146.256,,,,
usdjpy,2025-07-10T04:00:00+00:00,TRIGGERED,long,ARMED,entry conditions satisfied,,146.256,2025-07-10T04:00:00+00:00,True,True,False
usdjpy,2025-08-28T20:00:00+00:00,DC,short,SEARCH_TOUCH,new short search,,,,,,
usdjpy,2025-08-29T12:00:00+00:00,ARMED,short,ARMED,first EMA20 touch,2025-08-29T12:00:00+00:00,146.767,,,,
usdjpy,2025-09-02T00:00:00+00:00,BREACH_TOLERATED,short,ARMED,one close through touch extreme,,,,,,
usdjpy,2025-09-02T04:00:00+00:00,REVERSE_CROSS_INVALIDATION,short,ARMED,reverse cross while armed,,,,,,
usdjpy,2025-09-10T20:00:00+00:00,DC,short,SEARCH_TOUCH,new short search,,,,,,
usdjpy,2025-09-11T04:00:00+00:00,REVERSE_CROSS_INVALIDATION,short,SEARCH_TOUCH,reverse cross before touch,,,,,,
usdjpy,2025-09-11T16:00:00+00:00,DC,short,SEARCH_TOUCH,new short search,,,,,,
usdjpy,2025-09-12T00:00:00+00:00,ARMED,short,ARMED,first EMA20 touch,2025-09-12T00:00:00+00:00,147.166,,,,
usdjpy,2025-09-12T08:00:00+00:00,BREACH_TOLERATED,short,ARMED,one close through touch extreme,,,,,,
usdjpy,2025-09-12T12:00:00+00:00,REVERSE_CROSS_INVALIDATION,short,ARMED,reverse cross while armed,,,,,,
usdjpy,2025-09-15T16:00:00+00:00,DC,short,SEARCH_TOUCH,new short search,,,,,,
usdjpy,2025-09-16T00:00:00+00:00,ARMED,short,ARMED,first EMA20 touch,2025-09-16T00:00:00+00:00,147.018,,,,
usdjpy,2025-09-16T12:00:00+00:00,TRIGGERED,short,ARMED,entry conditions satisfied,,147.018,2025-09-16T12:00:00+00:00,False,False,True
usdjpy,2025-09-19T12:00:00+00:00,GC,long,SEARCH_TOUCH,new long search,,,,,,
usdjpy,2025-09-22T16:00:00+00:00,ARMED,long,ARMED,first EMA20 touch,2025-09-22T16:00:00+00:00,147.886,,,,
usdjpy,2025-09-23T16:00:00+00:00,BREACH_TOLERATED,long,ARMED,one close through touch extreme,,,,,,
usdjpy,2025-09-23T20:00:00+00:00,INVALIDATED,long,ARMED,two consecutive closes through touch extreme,,,,,,
usdjpy,2025-10-02T04:00:00+00:00,DC,short,SEARCH_TOUCH,new short search,,,,,,
usdjpy,2025-10-03T00:00:00+00:00,ARMED,short,ARMED,first EMA20 touch,2025-10-03T00:00:00+00:00,147.155,,,,
usdjpy,2025-10-05T20:00:00+00:00,BREACH_TOLERATED,short,ARMED,one close through touch extreme,,,,,,
usdjpy,2025-10-06T00:00:00+00:00,REVERSE_CROSS_INVALIDATION,short,ARMED,reverse cross while armed,,,,,,
usdjpy,2026-01-26T08:00:00+00:00,DC,short,SEARCH_TOUCH,new short search,,,,,,
usdjpy,2026-01-30T00:00:00+00:00,ARMED,short,ARMED,first EMA20 touch,2026-01-30T00:00:00+00:00,153.082,,,,
usdjpy,2026-01-30T12:00:00+00:00,BREACH_TOLERATED,short,ARMED,one close through touch extreme,,,,,,
usdjpy,2026-01-30T16:00:00+00:00,INVALIDATED,short,ARMED,two consecutive closes through touch extreme,,,,,,
usdjpy,2026-02-05T08:00:00+00:00,GC,long,SEARCH_TOUCH,new long search,,,,,,
usdjpy,2026-02-09T00:00:00+00:00,ARMED,long,ARMED,first EMA20 touch,2026-02-09T00:00:00+00:00,157.292,,,,
usdjpy,2026-02-09T12:00:00+00:00,BREACH_TOLERATED,long,ARMED,one close through touch extreme,,,,,,
usdjpy,2026-02-09T16:00:00+00:00,INVALIDATED,long,ARMED,two consecutive closes through touch extreme,,,,,,
usdjpy,2026-02-10T12:00:00+00:00,DC,short,SEARCH_TOUCH,new short search,,,,,,
usdjpy,2026-02-16T04:00:00+00:00,ARMED,short,ARMED,first EMA20 touch,2026-02-16T04:00:00+00:00,152.986,,,,
usdjpy,2026-02-16T12:00:00+00:00,BREACH_TOLERATED,short,ARMED,one close through touch extreme,,,,,,
usdjpy,2026-02-16T16:00:00+00:00,INVALIDATED,short,ARMED,two consecutive closes through touch extreme,,,,,,
usdjpy,2026-02-25T04:00:00+00:00,GC,long,SEARCH_TOUCH,new long search,,,,,,
usdjpy,2026-02-26T04:00:00+00:00,ARMED,long,ARMED,first EMA20 touch,2026-02-26T04:00:00+00:00,156.169,,,,
usdjpy,2026-03-02T08:00:00+00:00,TRIGGERED,long,ARMED,entry conditions satisfied,,156.169,2026-03-02T08:00:00+00:00,True,True,False
usdjpy,2026-04-30T20:00:00+00:00,DC,short,SEARCH_TOUCH,new short search,,,,,,
usdjpy,2026-05-05T08:00:00+00:00,ARMED,short,ARMED,first EMA20 touch,2026-05-05T08:00:00+00:00,157.098,,,,
usdjpy,2026-05-05T16:00:00+00:00,BREACH_TOLERATED,short,ARMED,one close through touch extreme,,,,,,
usdjpy,2026-05-08T20:00:00+00:00,TRIGGERED,short,ARMED,entry conditions satisfied,,157.098,2026-05-08T20:00:00+00:00,False,False,True
usdjpy,2026-05-15T20:00:00+00:00,GC,long,SEARCH_TOUCH,new long search,,,,,,
usdjpy,2026-05-19T12:00:00+00:00,ARMED,long,ARMED,first EMA20 touch,2026-05-19T12:00:00+00:00,159.251,,,,
usdjpy,2026-05-26T12:00:00+00:00,TRIGGERED,long,ARMED,entry conditions satisfied,,159.251,2026-05-26T12:00:00+00:00,True,True,False
usdjpy,2026-07-31T08:00:00+00:00,DC,short,SEARCH_TOUCH,new short search,,,,,,
usdjpy,2026-08-06T12:00:00+00:00,ARMED,short,ARMED,first EMA20 touch,2026-08-06T12:00:00+00:00,157.82,,,,
usdjpy,2026-08-10T04:00:00+00:00,BREACH_TOLERATED,short,ARMED,one close through touch extreme,,,,,,
usdjpy,2026-08-10T08:00:00+00:00,INVALIDATED,short,ARMED,two consecutive closes through touch extreme,,,,,,
usdjpy,2026-09-02T00:00:00+00:00,GC,long,SEARCH_TOUCH,new long search,,,,,,
usdjpy,2026-09-02T04:00:00+00:00,REVERSE_CROSS_INVALIDATION,long,SEARCH_TOUCH,reverse cross before touch,,,,,,
usdjpy,2026-09-23T16:00:00+00:00,GC,long,SEARCH_TOUCH,new long search,,,,,,
usdjpy,2026-09-25T04:00:00+00:00,ARMED,long,ARMED,first EMA20 touch,2026-09-25T04:00:00+00:00,158.454,,,,
usdjpy,2026-09-25T08:00:00+00:00,BREACH_TOLERATED,long,ARMED,one close through touch extreme,,,,,,
usdjpy,2026-09-25T12:00:00+00:00,INVALIDATED,long,ARMED,two consecutive closes through touch extreme,,,,,,
usdjpy,2026-09-30T00:00:00+00:00,DC,short,SEARCH_TOUCH,new short search,,,,,,
usdjpy,2026-09-30T16:00:00+00:00,ARMED,short,ARMED,first EMA20 touch,2026-09-30T16:00:00+00:00,157.235,,,,
usdjpy,2026-10-01T00:00:00+00:00,BREACH_TOLERATED,short,ARMED,one close through touch extreme,,,,,,
eurjpy,2021-01-04T00:00:00+00:00,DC,short,SEARCH_TOUCH,new short search,,,,,,
eurjpy,2021-01-04T08:00:00+00:00,ARMED,short,ARMED,first EMA20 touch,2021-01-04T08:00:00+00:00,126.159,,,,
eurjpy,2021-01-04T12:00:00+00:00,BREACH_TOLERATED,short,ARMED,one close through touch extreme,,,,,,
eurjpy,2021-01-06T04:00:00+00:00,BREACH_TOLERATED,short,ARMED,one close through touch extreme,,,,,,
eurjpy,2021-01-06T08:00:00+00:00,INVALIDATED,short,ARMED,two consecutive closes through touch extreme,,,,,,
eurjpy,2021-01-06T12:00:00+00:00,GC,long,SEARCH_TOUCH,new long search,,,,,,
eurjpy,2021-01-08T08:00:00+00:00,ARMED,long,ARMED,first EMA20 touch,2021-01-08T08:00:00+00:00,127.249,,,,
eurjpy,2021-01-08T16:00:00+00:00,BREACH_TOLERATED,long,ARMED,one close through touch extreme,,,,,,
eurjpy,2021-01-10T20:00:00+00:00,BREACH_TOLERATED,long,ARMED,one close through touch extreme,,,,,,
eurjpy,2021-01-11T00:00:00+00:00,INVALIDATED,long,ARMED,two consecutive closes through touch extreme,,,,,,
eurjpy,2021-01-14T04:00:00+00:00,DC,short,SEARCH_TOUCH,new short search,,,,,,
eurjpy,2021-01-19T00:00:00+00:00,ARMED,short,ARMED,first EMA20 touch,2021-01-19T00:00:00+00:00,125.236,,,,
eurjpy,2021-01-19T04:00:00+00:00,BREACH_TOLERATED,short,ARMED,one close through touch extreme,,,,,,
eurjpy,2021-01-19T08:00:00+00:00,INVALIDATED,short,ARMED,two consecutive closes through touch extreme,,,,,,
eurjpy,2021-01-29T08:00:00+00:00,GC,long,SEARCH_TOUCH,new long search,,,,,,
eurjpy,2021-02-01T16:00:00+00:00,ARMED,long,ARMED,first EMA20 touch,2021-02-01T16:00:00+00:00,126.836,,,,
eurjpy,2021-02-01T20:00:00+00:00,BREACH_TOLERATED,long,ARMED,one close through touch extreme,,,,,,
eurjpy,2021-02-02T08:00:00+00:00,BREACH_TOLERATED,long,ARMED,one close through touch extreme,,,,,,
eurjpy,2021-02-02T12:00:00+00:00,INVALIDATED,long,ARMED,two consecutive closes through touch extreme,,,,,,
eurjpy,2021-03-26T00:00:00+00:00,DC,short,SEARCH_TOUCH,new short search,,,,,,
eurjpy,2021-03-26T04:00:00+00:00,ARMED,short,ARMED,first EMA20 touch,2021-03-26T04:00:00+00:00,128.637,,,,
eurjpy,2021-03-26T08:00:00+00:00,REVERSE_CROSS_INVALIDATION,short,ARMED,reverse cross while armed,,,,,,
eurjpy,2021-06-13T12:00:00+00:00,DC,short,SEARCH_TOUCH,new short search,,,,,,
eurjpy,2021-06-14T00:00:00+00:00,ARMED,short,ARMED,first EMA20 touch,2021-06-14T00:00:00+00:00,132.78,,,,
eurjpy,2021-06-14T04:00:00+00:00,BREACH_TOLERATED,short,ARMED,one close through touch extreme,,,,,,
eurjpy,2021-06-14T08:00:00+00:00,INVALIDATED,short,ARMED,two consecutive closes through touch extreme,,,,,,
eurjpy,2021-06-14T12:00:00+00:00,GC,long,SEARCH_TOUCH,new long search,,,,,,
eurjpy,2021-06-16T08:00:00+00:00,ARMED,long,ARMED,first EMA20 touch,2021-06-16T08:00:00+00:00,133.408,,,,
eurjpy,2021-06-16T12:00:00+00:00,BREACH_TOLERATED,long,ARMED,one close through touch extreme,,,,,,
eurjpy,2021-06-16T16:00:00+00:00,INVALIDATED,long,ARMED,two consecutive closes through touch extreme,,,,,,
eurjpy,2021-06-17T12:00:00+00:00,DC,short,SEARCH_TOUCH,new short search,,,,,,
eurjpy,2021-06-21T08:00:00+00:00,ARMED,short,ARMED,first EMA20 touch,2021-06-21T08:00:00+00:00,130.685,,,,
eurjpy,2021-06-21T12:00:00+00:00,BREACH_TOLERATED,short,ARMED,one close through touch extreme,,,,,,
eurjpy,2021-06-21T16:00:00+00:00,INVALIDATED,short,ARMED,two consecutive closes through touch extreme,,,,,,
eurjpy,2021-08-28T16:00:00+00:00,GC,long,SEARCH_TOUCH,new long search,,,,,,
eurjpy,2021-08-30T00:00:00+00:00,ARMED,long,ARMED,first EMA20 touch,2021-08-30T00:00:00+00:00,129.643,,,,
eurjpy,2021-08-31T08:00:00+00:00,TRIGGERED,long,ARMED,entry conditions satisfied,,129.643,2021-08-31T08:00:00+00:00,True,True,False
eurjpy,2021-09-15T04:00:00+00:00,DC,short,SEARCH_TOUCH,new short search,,,,,,
eurjpy,2021-09-17T04:00:00+00:00,ARMED,short,ARMED,first EMA20 touch,2021-09-17T04:00:00+00:00,129.26,,,,
eurjpy,2021-09-17T08:00:00+00:00,BREACH_TOLERATED,short,ARMED,one close through touch extreme,,,,,,
eurjpy,2021-09-17T12:00:00+00:00,TRIGGERED,short,ARMED,entry conditions satisfied,,129.26,2021-09-17T12:00:00+00:00,False,False,True
eurjpy,2021-09-27T20:00:00+00:00,GC,long,SEARCH_TOUCH,new long search,,,,,,
eurjpy,2021-09-29T04:00:00+00:00,ARMED,long,ARMED,first EMA20 touch,2021-09-29T04:00:00+00:00,130.332,,,,
eurjpy,2021-09-29T08:00:00+00:00,BREACH_TOLERATED,long,ARMED,one close through touch extreme,,,,,,
eurjpy,2021-09-30T08:00:00+00:00,BREACH_TOLERATED,long,ARMED,one close through touch extreme,,,,,,
eurjpy,2021-09-30T12:00:00+00:00,INVALIDATED,long,ARMED,two consecutive closes through touch extreme,,,,,,
eurjpy,2021-10-01T00:00:00+00:00,DC,short,SEARCH_TOUCH,new short search,,,,,,
eurjpy,2021-10-04T08:00:00+00:00,ARMED,short,ARMED,first EMA20 touch,2021-10-04T08:00:00+00:00,129.034,,,,
eurjpy,2021-10-05T04:00:00+00:00,TRIGGERED,short,ARMED,entry conditions satisfied,,129.034,2021-10-05T04:00:00+00:00,False,False,True
eurjpy,2021-10-11T00:00:00+00:00,GC,long,SEARCH_TOUCH,new long search,,,,,,
eurjpy,2021-10-20T12:00:00+00:00,ARMED,long,ARMED,first EMA20 touch,2021-10-20T12:00:00+00:00,133.169,,,,
eurjpy,2021-10-20T20:00:00+00:00,TRIGGERED,long,ARMED,entry conditions satisfied,,133.169,2021-10-20T20:00:00+00:00,True,True,False
eurjpy,2021-11-09T12:00:00+00:00,DC,short,SEARCH_TOUCH,new short search,,,,,,
eurjpy,2021-11-10T08:00:00+00:00,ARMED,short,ARMED,first EMA20 touch,2021-11-10T08:00:00+00:00,130.742,,,,
eurjpy,2021-11-10T12:00:00+00:00,BREACH_TOLERATED,short,ARMED,one close through touch extreme,,,,,,
eurjpy,2021-11-10T16:00:00+00:00,TRIGGERED,short,ARMED,entry conditions satisfied,,130.742,2021-11-10T16:00:00+00:00,False,False,True
eurjpy,2021-12-23T16:00:00+00:00,GC,long,SEARCH_TOUCH,new long search,,,,,,
eurjpy,2021-12-24T20:00:00+00:00,ARMED,long,ARMED,first EMA20 touch,2021-12-24T20:00:00+00:00,129.459,,,,
eurjpy,2021-12-27T08:00:00+00:00,TRIGGERED,long,ARMED,entry conditions satisfied,,129.459,2021-12-27T08:00:00+00:00,True,True,False
eurjpy,2022-01-20T08:00:00+00:00,DC,short,SEARCH_TOUCH,new short search,,,,,,
eurjpy,2022-01-24T20:00:00+00:00,ARMED,short,ARMED,first EMA20 touch,2022-01-24T20:00:00+00:00,128.793,,,,
eurjpy,2022-01-25T00:00:00+00:00,TRIGGERED,short,ARMED,entry conditions satisfied,,128.793,2022-01-25T00:00:00+00:00,False,False,True
eurjpy,2022-02-03T16:00:00+00:00,GC,long,SEARCH_TOUCH,new long search,,,,,,
eurjpy,2022-02-11T04:00:00+00:00,ARMED,long,ARMED,first EMA20 touch,2022-02-11T04:00:00+00:00,132.303,,,,
eurjpy,2022-02-11T16:00:00+00:00,BREACH_TOLERATED,long,ARMED,one close through touch extreme,,,,,,
eurjpy,2022-02-11T20:00:00+00:00,INVALIDATED,long,ARMED,two consecutive closes through touch extreme,,,,,,
eurjpy,2022-02-22T00:00:00+00:00,DC,short,SEARCH_TOUCH,new short search,,,,,,
eurjpy,2022-02-22T08:00:00+00:00,ARMED,short,ARMED,first EMA20 touch,2022-02-22T08:00:00+00:00,129.591,,,,
eurjpy,2022-02-24T00:00:00+00:00,TRIGGERED,short,ARMED,entry conditions satisfied,,129.591,2022-02-24T00:00:00+00:00,False,False,True
eurjpy,2022-03-16T00:00:00+00:00,GC,long,SEARCH_TOUCH,new long search,,,,,,
eurjpy,2022-03-23T12:00:00+00:00,ARMED,long,ARMED,first EMA20 touch,2022-03-23T12:00:00+00:00,133.201,,,,
eurjpy,2022-03-23T16:00:00+00:00,TRIGGERED,long,ARMED,entry conditions satisfied,,133.201,2022-03-23T16:00:00+00:00,True,True,False
eurjpy,2022-05-12T16:00:00+00:00,DC,short,SEARCH_TOUCH,new short search,,,,,,
eurjpy,2022-05-16T08:00:00+00:00,ARMED,short,ARMED,first EMA20 touch,2022-05-16T08:00:00+00:00,134.579,,,,
eurjpy,2022-05-17T04:00:00+00:00,BREACH_TOLERATED,short,ARMED,one close through touch extreme,,,,,,
eurjpy,2022-05-17T08:00:00+00:00,INVALIDATED,short,ARMED,two consecutive closes through touch extreme,,,,,,
eurjpy,2022-05-24T08:00:00+00:00,GC,long,SEARCH_TOUCH,new long search,,,,,,
eurjpy,2022-05-24T12:00:00+00:00,ARMED,long,ARMED,first EMA20 touch,2022-05-24T12:00:00+00:00,136.527,,,,
eurjpy,2022-05-25T08:00:00+00:00,BREACH_TOLERATED,long,ARMED,one close through touch extreme,,,,,,
eurjpy,2022-05-26T04:00:00+00:00,BREACH_TOLERATED,long,ARMED,one close through touch extreme,,,,,,
eurjpy,2022-06-02T00:00:00+00:00,TRIGGERED,long,ARMED,entry conditions satisfied,,136.527,2022-06-02T00:00:00+00:00,True,True,False
eurjpy,2022-07-06T08:00:00+00:00,DC,short,SEARCH_TOUCH,new short search,,,,,,
eurjpy,2022-07-10T20:00:00+00:00,ARMED,short,ARMED,first EMA20 touch,2022-07-10T20:00:00+00:00,138.316,,,,
eurjpy,2022-07-11T00:00:00+00:00,BREACH_TOLERATED,short,ARMED,one close through touch extreme,,,,,,
eurjpy,2022-07-12T16:00:00+00:00,TRIGGERED,short,ARMED,entry conditions satisfied,,138.316,2022-07-12T16:00:00+00:00,False,False,True
eurjpy,2022-07-19T08:00:00+00:00,GC,long,SEARCH_TOUCH,new long search,,,,,,
eurjpy,2022-07-20T16:00:00+00:00,ARMED,long,ARMED,first EMA20 touch,2022-07-20T16:00:00+00:00,141.202,,,,
eurjpy,2022-07-21T16:00:00+00:00,BREACH_TOLERATED,long,ARMED,one close through touch extreme,,,,,,
eurjpy,2022-07-21T20:00:00+00:00,INVALIDATED,long,ARMED,two consecutive closes through touch extreme,,,,,,
eurjpy,2022-07-25T00:00:00+00:00,DC,short,SEARCH_TOUCH,new short search,,,,,,
eurjpy,2022-07-25T08:00:00+00:00,ARMED,short,ARMED,first EMA20 touch,2022-07-25T08:00:00+00:00,138.842,,,,
eurjpy,2022-07-26T08:00:00+00:00,TRIGGERED,short,ARMED,entry conditions satisfied,,138.842,2022-07-26T08:00:00+00:00,False,False,True
eurjpy,2022-08-30T00:00:00+00:00,GC,long,SEARCH_TOUCH,new long search,,,,,,
eurjpy,2022-08-31T08:00:00+00:00,ARMED,long,ARMED,first EMA20 touch,2022-08-31T08:00:00+00:00,138.941,,,,
eurjpy,2022-09-02T00:00:00+00:00,TRIGGERED,long,ARMED,entry conditions satisfied,,138.941,2022-09-02T00:00:00+00:00,True,True,False
eurjpy,2022-09-23T20:00:00+00:00,DC,short,SEARCH_TOUCH,new short search,,,,,,
eurjpy,2022-09-28T12:00:00+00:00,ARMED,short,ARMED,first EMA20 touch,2022-09-28T12:00:00+00:00,138.324,,,,
eurjpy,2022-09-28T16:00:00+00:00,BREACH_TOLERATED,short,ARMED,one close through touch extreme,,,,,,
eurjpy,2022-09-28T20:00:00+00:00,INVALIDATED,short,ARMED,two consecutive closes through touch extreme,,,,,,
eurjpy,2022-09-30T08:00:00+00:00,GC,long,SEARCH_TOUCH,new long search,,,,,,
eurjpy,2022-10-05T12:00:00+00:00,ARMED,long,ARMED,first EMA20 touch,2022-10-05T12:00:00+00:00,143.291,,,,
eurjpy,2022-10-06T00:00:00+00:00,TRIGGERED,long,ARMED,entry conditions satisfied,,143.291,2022-10-06T00:00:00+00:00,True,True,False
eurjpy,2022-11-14T04:00:00+00:00,DC,short,SEARCH_TOUCH,new short search,,,,,,
eurjpy,2022-11-14T08:00:00+00:00,ARMED,short,ARMED,first EMA20 touch,2022-11-14T08:00:00+00:00,143.973,,,,
eurjpy,2022-11-14T12:00:00+00:00,BREACH_TOLERATED,short,ARMED,one close through touch extreme,,,,,,
eurjpy,2022-11-14T16:00:00+00:00,REVERSE_CROSS_INVALIDATION,short,ARMED,reverse cross while armed,,,,,,
eurjpy,2022-11-14T20:00:00+00:00,DC,short,SEARCH_TOUCH,new short search,,,,,,
eurjpy,2022-11-15T00:00:00+00:00,REVERSE_CROSS_INVALIDATION,short,SEARCH_TOUCH,reverse cross before touch,,,,,,
eurjpy,2022-11-15T16:00:00+00:00,DC,short,SEARCH_TOUCH,new short search,,,,,,
eurjpy,2022-11-16T00:00:00+00:00,ARMED,short,ARMED,first EMA20 touch,2022-11-16T00:00:00+00:00,143.858,,,,
eurjpy,2022-11-16T08:00:00+00:00,REVERSE_CROSS_INVALIDATION,short,ARMED,reverse cross while armed,,,,,,
eurjpy,2022-11-25T00:00:00+00:00,DC,short,SEARCH_TOUCH,new short search,,,,,,
eurjpy,2022-11-25T08:00:00+00:00,ARMED,short,ARMED,first EMA20 touch,2022-11-25T08:00:00+00:00,144.424,,,,
eurjpy,2022-11-28T12:00:00+00:00,TRIGGERED,short,ARMED,entry conditions satisfied,,144.424,2022-11-28T12:00:00+00:00,False,False,True
eurjpy,2022-12-13T00:00:00+00:00,GC,long,SEARCH_TOUCH,new long search,,,,,,
eurjpy,2022-12-13T12:00:00+00:00,ARMED,long,ARMED,first EMA20 touch,2022-12-13T12:00:00+00:00,145.02,,,,
eurjpy,2022-12-14T12:00:00+00:00,REVERSE_CROSS_INVALIDATION,long,ARMED,reverse cross while armed,,,,,,
eurjpy,2022-12-14T20:00:00+00:00,GC,long,SEARCH_TOUCH,new long search,,,,,,
eurjpy,2022-12-16T12:00:00+00:00,ARMED,long,ARMED,first EMA20 touch,2022-12-16T12:00:00+00:00,145.929,,,,
eurjpy,2022-12-16T16:00:00+00:00,BREACH_TOLERATED,long,ARMED,one close through touch extreme,,,,,,
eurjpy,2022-12-16T20:00:00+00:00,INVALIDATED,long,ARMED,two consecutive closes through touch extreme,,,,,,
eurjpy,2022-12-20T04:00:00+00:00,DC,short,SEARCH_TOUCH,new short search,,,,,,
eurjpy,2022-12-23T12:00:00+00:00,ARMED,short,ARMED,first EMA20 touch,2022-12-23T12:00:00+00:00,140.738,,,,
eurjpy,2022-12-26T08:00:00+00:00,BREACH_TOLERATED,short,ARMED,one close through touch extreme,,,,,,
eurjpy,2022-12-26T12:00:00+00:00,INVALIDATED,short,ARMED,two consecutive closes through touch extreme,,,,,,
eurjpy,2023-01-25T04:00:00+00:00,GC,long,SEARCH_TOUCH,new long search,,,,,,
eurjpy,2023-01-25T08:00:00+00:00,ARMED,long,ARMED,first EMA20 touch,2023-01-25T08:00:00+00:00,142.016,,,,
eurjpy,2023-01-30T04:00:00+00:00,REVERSE_CROSS_INVALIDATION,long,ARMED,reverse cross while armed,,,,,,
eurjpy,2023-01-30T08:00:00+00:00,GC,long,SEARCH_TOUCH,new long search,,,,,,
eurjpy,2023-01-31T00:00:00+00:00,ARMED,long,ARMED,first EMA20 touch,2023-01-31T00:00:00+00:00,141.59,,,,
eurjpy,2023-01-31T04:00:00+00:00,BREACH_TOLERATED,long,ARMED,one close through touch extreme,,,,,,
eurjpy,2023-02-01T12:00:00+00:00,BREACH_TOLERATED,long,ARMED,one close through touch extreme,,,,,,
eurjpy,2023-02-02T12:00:00+00:00,BREACH_TOLERATED,long,ARMED,one close through touch extreme,,,,,,
eurjpy,2023-02-02T16:00:00+00:00,REVERSE_CROSS_INVALIDATION,long,ARMED,reverse cross while armed,,,,,,
eurjpy,2023-02-04T08:00:00+00:00,GC,long,SEARCH_TOUCH,new long search,,,,,,
eurjpy,2023-02-07T04:00:00+00:00,ARMED,long,ARMED,first EMA20 touch,2023-02-07T04:00:00+00:00,142.106,,,,
eurjpy,2023-02-07T08:00:00+00:00,BREACH_TOLERATED,long,ARMED,one close through touch extreme,,,,,,
eurjpy,2023-02-07T12:00:00+00:00,INVALIDATED,long,ARMED,two consecutive closes through touch extreme,,,,,,
eurjpy,2023-02-08T08:00:00+00:00,DC,short,SEARCH_TOUCH,new short search,,,,,,
eurjpy,2023-02-09T00:00:00+00:00,ARMED,short,ARMED,first EMA20 touch,2023-02-09T00:00:00+00:00,140.643,,,,
eurjpy,2023-02-09T16:00:00+00:00,BREACH_TOLERATED,short,ARMED,one close through touch extreme,,,,,,
eurjpy,2023-02-10T00:00:00+00:00,BREACH_TOLERATED,short,ARMED,one close through touch extreme,,,,,,
eurjpy,2023-02-10T04:00:00+00:00,TRIGGERED,short,ARMED,entry conditions satisfied,,140.643,2023-02-10T04:00:00+00:00,False,False,True
eurjpy,2023-02-14T08:00:00+00:00,GC,long,SEARCH_TOUCH,new long search,,,,,,
eurjpy,2023-02-19T20:00:00+00:00,ARMED,long,ARMED,first EMA20 touch,2023-02-19T20:00:00+00:00,143.566,,,,
eurjpy,2023-02-20T08:00:00+00:00,BREACH_TOLERATED,long,ARMED,one close through touch extreme,,,,,,
eurjpy,2023-02-20T12:00:00+00:00,INVALIDATED,long,ARMED,two consecutive closes through touch extreme,,,,,,
eurjpy,2023-03-15T12:00:00+00:00,DC,short,SEARCH_TOUCH,new short search,,,,,,
eurjpy,2023-03-17T08:00:00+00:00,ARMED,short,ARMED,first EMA20 touch,2023-03-17T08:00:00+00:00,140.705,,,,
eurjpy,2023-03-21T08:00:00+00:00,BREACH_TOLERATED,short,ARMED,one close through touch extreme,,,,,,
eurjpy,2023-03-21T12:00:00+00:00,INVALIDATED,short,ARMED,two consecutive closes through touch extreme,,,,,,
eurjpy,2023-03-30T04:00:00+00:00,GC,long,SEARCH_TOUCH,new long search,,,,,,
eurjpy,2023-04-03T00:00:00+00:00,ARMED,long,ARMED,first EMA20 touch,2023-04-03T00:00:00+00:00,144.059,,,,
eurjpy,2023-04-05T12:00:00+00:00,BREACH_TOLERATED,long,ARMED,one close through touch extreme,,,,,,
eurjpy,2023-04-05T16:00:00+00:00,INVALIDATED,long,ARMED,two consecutive closes through touch extreme,,,,,,
eurjpy,2023-07-28T04:00:00+00:00,DC,short,SEARCH_TOUCH,new short search,,,,,,
eurjpy,2023-07-28T12:00:00+00:00,ARMED,short,ARMED,first EMA20 touch,2023-07-28T12:00:00+00:00,153.283,,,,
eurjpy,2023-07-28T16:00:00+00:00,BREACH_TOLERATED,short,ARMED,one close through touch extreme,,,,,,
eurjpy,2023-07-28T20:00:00+00:00,INVALIDATED,short,ARMED,two consecutive closes through touch extreme,,,,,,
eurjpy,2023-07-31T00:00:00+00:00,GC,long,SEARCH_TOUCH,new long search,,,,,,
eurjpy,2023-08-02T08:00:00+00:00,ARMED,long,ARMED,first EMA20 touch,2023-08-02T08:00:00+00:00,156.871,,,,
eurjpy,2023-08-03T04:00:00+00:00,BREACH_TOLERATED,long,ARMED,one close through touch extreme,,,,,,
eurjpy,2023-08-03T12:00:00+00:00,BREACH_TOLERATED,long,ARMED,one close through touch extreme,,,,,,
eurjpy,2023-08-03T16:00:00+00:00,INVALIDATED,long,ARMED,two consecutive closes through touch extreme,,,,,,
eurjpy,2023-09-18T08:00:00+00:00,DC,short,SEARCH_TOUCH,new short search,,,,,,
eurjpy,2023-09-18T12:00:00+00:00,REVERSE_CROSS_INVALIDATION,short,SEARCH_TOUCH,reverse cross before touch,,,,,,
eurjpy,2023-09-27T04:00:00+00:00,DC,short,SEARCH_TOUCH,new short search,,,,,,
eurjpy,2023-09-28T08:00:00+00:00,ARMED,short,ARMED,first EMA20 touch,2023-09-28T08:00:00+00:00,156.852,,,,
eurjpy,2023-09-28T12:00:00+00:00,BREACH_TOLERATED,short,ARMED,one close through touch extreme,,,,,,
eurjpy,2023-09-28T16:00:00+00:00,INVALIDATED,short,ARMED,two consecutive closes through touch extreme,,,,,,
eurjpy,2023-09-29T12:00:00+00:00,GC,long,SEARCH_TOUCH,new long search,,,,,,
eurjpy,2023-10-02T08:00:00+00:00,ARMED,long,ARMED,first EMA20 touch,2023-10-02T08:00:00+00:00,158.411,,,,
eurjpy,2023-10-02T12:00:00+00:00,BREACH_TOLERATED,long,ARMED,one close through touch extreme,,,,,,
eurjpy,2023-10-02T16:00:00+00:00,INVALIDATED,long,ARMED,two consecutive closes through touch extreme,,,,,,
eurjpy,2023-10-02T20:00:00+00:00,DC,short,SEARCH_TOUCH,new short search,,,,,,
eurjpy,2023-10-05T08:00:00+00:00,ARMED,short,ARMED,first EMA20 touch,2023-10-05T08:00:00+00:00,156.4,,,,
eurjpy,2023-10-05T12:00:00+00:00,TRIGGERED,short,ARMED,entry conditions satisfied,,156.4,2023-10-05T12:00:00+00:00,False,False,True
eurjpy,2023-10-11T12:00:00+00:00,GC,long,SEARCH_TOUCH,new long search,,,,,,
eurjpy,2023-10-12T12:00:00+00:00,ARMED,long,ARMED,first EMA20 touch,2023-10-12T12:00:00+00:00,158.448,,,,
eurjpy,2023-10-13T08:00:00+00:00,BREACH_TOLERATED,long,ARMED,one close through touch extreme,,,,,,
eurjpy,2023-10-13T12:00:00+00:00,INVALIDATED,long,ARMED,two consecutive closes through touch extreme,,,,,,
eurjpy,2023-12-02T00:00:00+00:00,DC,short,SEARCH_TOUCH,new short search,,,,,,
eurjpy,2023-12-11T00:00:00+00:00,ARMED,short,ARMED,first EMA20 touch,2023-12-11T00:00:00+00:00,156.001,,,,
eurjpy,2023-12-11T04:00:00+00:00,BREACH_TOLERATED,short,ARMED,one close through touch extreme,,,,,,
eurjpy,2023-12-11T08:00:00+00:00,INVALIDATED,short,ARMED,two consecutive closes through touch extreme,,,,,,
eurjpy,2024-01-05T08:00:00+00:00,GC,long,SEARCH_TOUCH,new long search,,,,,,
eurjpy,2024-01-08T08:00:00+00:00,ARMED,long,ARMED,first EMA20 touch,2024-01-08T08:00:00+00:00,158.163,,,,
eurjpy,2024-01-09T00:00:00+00:00,BREACH_TOLERATED,long,ARMED,one close through touch extreme,,,,,,
eurjpy,2024-01-09T08:00:00+00:00,BREACH_TOLERATED,long,ARMED,one close through touch extreme,,,,,,
eurjpy,2024-01-09T12:00:00+00:00,INVALIDATED,long,ARMED,two consecutive closes through touch extreme,,,,,,
eurjpy,2024-03-11T08:00:00+00:00,DC,short,SEARCH_TOUCH,new short search,,,,,,
eurjpy,2024-03-12T00:00:00+00:00,ARMED,short,ARMED,first EMA20 touch,2024-03-12T00:00:00+00:00,160.275,,,,
eurjpy,2024-03-12T12:00:00+00:00,BREACH_TOLERATED,short,ARMED,one close through touch extreme,,,,,,
eurjpy,2024-03-12T16:00:00+00:00,INVALIDATED,short,ARMED,two consecutive closes through touch extreme,,,,,,
eurjpy,2024-03-14T04:00:00+00:00,GC,long,SEARCH_TOUCH,new long search,,,,,,
eurjpy,2024-03-14T12:00:00+00:00,ARMED,long,ARMED,first EMA20 touch,2024-03-14T12:00:00+00:00,161.713,,,,
eurjpy,2024-03-20T08:00:00+00:00,TRIGGERED,long,ARMED,entry conditions satisfied,,161.713,2024-03-20T08:00:00+00:00,True,True,False
eurjpy,2024-06-15T08:00:00+00:00,DC,short,SEARCH_TOUCH,new short search,,,,,,
eurjpy,2024-06-16T20:00:00+00:00,ARMED,short,ARMED,first EMA20 touch,2024-06-16T20:00:00+00:00,168.212,,,,
eurjpy,2024-06-17T08:00:00+00:00,BREACH_TOLERATED,short,ARMED,one close through touch extreme,,,,,,
eurjpy,2024-06-17T12:00:00+00:00,INVALIDATED,short,ARMED,two consecutive closes through touch extreme,,,,,,
eurjpy,2024-06-17T20:00:00+00:00,GC,long,SEARCH_TOUCH,new long search,,,,,,
eurjpy,2024-06-19T04:00:00+00:00,ARMED,long,ARMED,first EMA20 touch,2024-06-19T04:00:00+00:00,169.504,,,,
eurjpy,2024-06-23T16:00:00+00:00,TRIGGERED,long,ARMED,entry conditions satisfied,,169.504,2024-06-23T16:00:00+00:00,True,True,False
eurjpy,2024-07-18T04:00:00+00:00,DC,short,SEARCH_TOUCH,new short search,,,,,,
eurjpy,2024-07-19T04:00:00+00:00,ARMED,short,ARMED,first EMA20 touch,2024-07-19T04:00:00+00:00,170.908,,,,
eurjpy,2024-07-23T00:00:00+00:00,TRIGGERED,short,ARMED,entry conditions satisfied,,170.908,2024-07-23T00:00:00+00:00,False,False,True
eurjpy,2024-09-25T20:00:00+00:00,GC,long,SEARCH_TOUCH,new long search,,,,,,
eurjpy,2024-09-27T04:00:00+00:00,ARMED,long,ARMED,first EMA20 touch,2024-09-27T04:00:00+00:00,163.488,,,,
eurjpy,2024-09-27T16:00:00+00:00,BREACH_TOLERATED,long,ARMED,one close through touch extreme,,,,,,
eurjpy,2024-09-27T20:00:00+00:00,REVERSE_CROSS_INVALIDATION,long,ARMED,reverse cross while armed,,,,,,
eurjpy,2024-10-03T00:00:00+00:00,GC,long,SEARCH_TOUCH,new long search,,,,,,
eurjpy,2024-10-04T04:00:00+00:00,ARMED,long,ARMED,first EMA20 touch,2024-10-04T04:00:00+00:00,161.453,,,,
eurjpy,2024-10-04T08:00:00+00:00,TRIGGERED,long,ARMED,entry conditions satisfied,,161.453,2024-10-04T08:00:00+00:00,True,True,False
eurjpy,2024-11-18T04:00:00+00:00,DC,short,SEARCH_TOUCH,new short search,,,,,,
eurjpy,2024-11-18T12:00:00+00:00,ARMED,short,ARMED,first EMA20 touch,2024-11-18T12:00:00+00:00,163.388,,,,
eurjpy,2024-11-19T20:00:00+00:00,BREACH_TOLERATED,short,ARMED,one close through touch extreme,,,,,,
eurjpy,2024-11-20T00:00:00+00:00,INVALIDATED,short,ARMED,two consecutive closes through touch extreme,,,,,,
eurjpy,2024-11-20T04:00:00+00:00,GC,long,SEARCH_TOUCH,new long search,,,,,,
eurjpy,2024-11-20T12:00:00+00:00,ARMED,long,ARMED,first EMA20 touch,2024-11-20T12:00:00+00:00,164.578,,,,
eurjpy,2024-11-21T04:00:00+00:00,REVERSE_CROSS_INVALIDATION,long,ARMED,reverse cross while armed,,,,,,
eurjpy,2024-12-17T00:00:00+00:00,GC,long,SEARCH_TOUCH,new long search,,,,,,
eurjpy,2024-12-17T08:00:00+00:00,ARMED,long,ARMED,first EMA20 touch,2024-12-17T08:00:00+00:00,161.82,,,,
eurjpy,2024-12-17T16:00:00+00:00,BREACH_TOLERATED,long,ARMED,one close through touch extreme,,,,,,
eurjpy,2024-12-18T16:00:00+00:00,BREACH_TOLERATED,long,ARMED,one close through touch extreme,,,,,,
eurjpy,2024-12-18T20:00:00+00:00,REVERSE_CROSS_INVALIDATION,long,ARMED,reverse cross while armed,,,,,,
eurjpy,2024-12-19T04:00:00+00:00,GC,long,SEARCH_TOUCH,new long search,,,,,,
eurjpy,2024-12-30T12:00:00+00:00,ARMED,long,ARMED,first EMA20 touch,2024-12-30T12:00:00+00:00,164.863,,,,
eurjpy,2024-12-31T04:00:00+00:00,BREACH_TOLERATED,long,ARMED,one close through touch extreme,,,,,,
eurjpy,2024-12-31T12:00:00+00:00,BREACH_TOLERATED,long,ARMED,one close through touch extreme,,,,,,
eurjpy,2024-12-31T20:00:00+00:00,BREACH_TOLERATED,long,ARMED,one close through touch extreme,,,,,,
eurjpy,2025-01-02T04:00:00+00:00,BREACH_TOLERATED,long,ARMED,one close through touch extreme,,,,,,
eurjpy,2025-01-02T08:00:00+00:00,INVALIDATED,long,ARMED,two consecutive closes through touch extreme,,,,,,
eurjpy,2025-01-13T04:00:00+00:00,DC,short,SEARCH_TOUCH,new short search,,,,,,
eurjpy,2025-01-14T00:00:00+00:00,ARMED,short,ARMED,first EMA20 touch,2025-01-14T00:00:00+00:00,161.001,,,,
eurjpy,2025-01-14T08:00:00+00:00,BREACH_TOLERATED,short,ARMED,one close through touch extreme,,,,,,
eurjpy,2025-01-14T12:00:00+00:00,INVALIDATED,short,ARMED,two consecutive closes through touch extreme,,,,,,
eurjpy,2025-01-22T20:00:00+00:00,GC,long,SEARCH_TOUCH,new long search,,,,,,
eurjpy,2025-01-23T16:00:00+00:00,ARMED,long,ARMED,first EMA20 touch,2025-01-23T16:00:00+00:00,162.73,,,,
eurjpy,2025-01-27T08:00:00+00:00,BREACH_TOLERATED,long,ARMED,one close through touch extreme,,,,,,
eurjpy,2025-01-27T12:00:00+00:00,INVALIDATED,long,ARMED,two consecutive closes through touch extreme,,,,,,
eurjpy,2025-01-30T00:00:00+00:00,DC,short,SEARCH_TOUCH,new short search,,,,,,
eurjpy,2025-01-31T16:00:00+00:00,ARMED,short,ARMED,first EMA20 touch,2025-01-31T16:00:00+00:00,160.686,,,,
eurjpy,2025-02-03T08:00:00+00:00,TRIGGERED,short,ARMED,entry conditions satisfied,,160.686,2025-02-03T08:00:00+00:00,False,False,True
eurjpy,2025-03-06T08:00:00+00:00,GC,long,SEARCH_TOUCH,new long search,,,,,,
eurjpy,2025-03-07T16:00:00+00:00,ARMED,long,ARMED,first EMA20 touch,2025-03-07T16:00:00+00:00,160.657,,,,
eurjpy,2025-03-10T20:00:00+00:00,BREACH_TOLERATED,long,ARMED,one close through touch extreme,,,,,,
eurjpy,2025-03-11T20:00:00+00:00,TRIGGERED,long,ARMED,entry conditions satisfied,,160.657,2025-03-11T20:00:00+00:00,True,True,False
eurjpy,2025-04-08T20:00:00+00:00,DC,short,SEARCH_TOUCH,new short search,,,,,,
eurjpy,2025-04-09T04:00:00+00:00,ARMED,short,ARMED,first EMA20 touch,2025-04-09T04:00:00+00:00,159.89,,,,
eurjpy,2025-04-09T08:00:00+00:00,TRIGGERED,short,ARMED,entry conditions satisfied,,159.89,2025-04-09T08:00:00+00:00,False,False,True
eurjpy,2025-04-10T12:00:00+00:00,GC,long,SEARCH_TOUCH,new long search,,,,,,
eurjpy,2025-04-14T16:00:00+00:00,ARMED,long,ARMED,first EMA20 touch,2025-04-14T16:00:00+00:00,162.58,,,,
eurjpy,2025-04-15T08:00:00+00:00,BREACH_TOLERATED,long,ARMED,one close through touch extreme,,,,,,
eurjpy,2025-04-15T12:00:00+00:00,INVALIDATED,long,ARMED,two consecutive closes through touch extreme,,,,,,
eurjpy,2025-05-22T16:00:00+00:00,DC,short,SEARCH_TOUCH,new short search,,,,,,
eurjpy,2025-05-23T00:00:00+00:00,ARMED,short,ARMED,first EMA20 touch,2025-05-23T00:00:00+00:00,162.237,,,,
eurjpy,2025-05-26T04:00:00+00:00,BREACH_TOLERATED,short,ARMED,one close through touch extreme,,,,,,
eurjpy,2025-05-27T04:00:00+00:00,BREACH_TOLERATED,short,ARMED,one close through touch extreme,,,,,,
eurjpy,2025-05-27T08:00:00+00:00,INVALIDATED,short,ARMED,two consecutive closes through touch extreme,,,,,,
eurjpy,2025-05-27T12:00:00+00:00,GC,long,SEARCH_TOUCH,new long search,,,,,,
eurjpy,2025-05-30T00:00:00+00:00,ARMED,long,ARMED,first EMA20 touch,2025-05-30T00:00:00+00:00,163.703,,,,
eurjpy,2025-05-30T08:00:00+00:00,BREACH_TOLERATED,long,ARMED,one close through touch extreme,,,,,,
eurjpy,2025-06-02T00:00:00+00:00,BREACH_TOLERATED,long,ARMED,one close through touch extreme,,,,,,
eurjpy,2025-06-02T08:00:00+00:00,BREACH_TOLERATED,long,ARMED,one close through touch extreme,,,,,,
eurjpy,2025-06-02T12:00:00+00:00,INVALIDATED,long,ARMED,two consecutive closes through touch extreme,,,,,,
eurjpy,2025-10-02T20:00:00+00:00,DC,short,SEARCH_TOUCH,new short search,,,,,,
eurjpy,2025-10-03T00:00:00+00:00,ARMED,short,ARMED,first EMA20 touch,2025-10-03T00:00:00+00:00,172.531,,,,
eurjpy,2025-10-05T20:00:00+00:00,REVERSE_CROSS_INVALIDATION,short,ARMED,reverse cross while armed,,,,,,
eurjpy,2026-01-29T12:00:00+00:00,DC,short,SEARCH_TOUCH,new short search,,,,,,
eurjpy,2026-01-29T20:00:00+00:00,ARMED,short,ARMED,first EMA20 touch,2026-01-29T20:00:00+00:00,182.946,,,,
eurjpy,2026-01-30T00:00:00+00:00,BREACH_TOLERATED,short,ARMED,one close through touch extreme,,,,,,
eurjpy,2026-01-30T04:00:00+00:00,INVALIDATED,short,ARMED,two consecutive closes through touch extreme,,,,,,
eurjpy,2026-02-01T20:00:00+00:00,GC,long,SEARCH_TOUCH,new long search,,,,,,
eurjpy,2026-02-02T04:00:00+00:00,ARMED,long,ARMED,first EMA20 touch,2026-02-02T04:00:00+00:00,183.88,,,,
eurjpy,2026-02-06T20:00:00+00:00,TRIGGERED,long,ARMED,entry conditions satisfied,,183.88,2026-02-06T20:00:00+00:00,True,True,False
eurjpy,2026-02-11T20:00:00+00:00,DC,short,SEARCH_TOUCH,new short search,,,,,,
eurjpy,2026-02-16T08:00:00+00:00,ARMED,short,ARMED,first EMA20 touch,2026-02-16T08:00:00+00:00,181.856,,,,
eurjpy,2026-02-17T16:00:00+00:00,TRIGGERED,short,ARMED,entry conditions satisfied,,181.856,2026-02-17T16:00:00+00:00,False,False,True
eurjpy,2026-02-25T08:00:00+00:00,GC,long,SEARCH_TOUCH,new long search,,,,,,
eurjpy,2026-02-27T00:00:00+00:00,ARMED,long,ARMED,first EMA20 touch,2026-02-27T00:00:00+00:00,184.067,,,,
eurjpy,2026-03-03T04:00:00+00:00,BREACH_TOLERATED,long,ARMED,one close through touch extreme,,,,,,
eurjpy,2026-03-03T08:00:00+00:00,INVALIDATED,long,ARMED,two consecutive closes through touch extreme,,,,,,
eurjpy,2026-03-04T16:00:00+00:00,DC,short,SEARCH_TOUCH,new short search,,,,,,
eurjpy,2026-03-05T12:00:00+00:00,ARMED,short,ARMED,first EMA20 touch,2026-03-05T12:00:00+00:00,182.476,,,,
eurjpy,2026-03-06T16:00:00+00:00,BREACH_TOLERATED,short,ARMED,one close through touch extreme,,,,,,
eurjpy,2026-03-06T20:00:00+00:00,INVALIDATED,short,ARMED,two consecutive closes through touch extreme,,,,,,
eurjpy,2026-03-11T00:00:00+00:00,GC,long,SEARCH_TOUCH,new long search,,,,,,
eurjpy,2026-03-12T00:00:00+00:00,ARMED,long,ARMED,first EMA20 touch,2026-03-12T00:00:00+00:00,183.724,,,,
eurjpy,2026-03-12T08:00:00+00:00,BREACH_TOLERATED,long,ARMED,one close through touch extreme,,,,,,
eurjpy,2026-03-13T00:00:00+00:00,BREACH_TOLERATED,long,ARMED,one close through touch extreme,,,,,,
eurjpy,2026-03-13T04:00:00+00:00,INVALIDATED,long,ARMED,two consecutive closes through touch extreme,,,,,,
eurjpy,2026-03-13T12:00:00+00:00,DC,short,SEARCH_TOUCH,new short search,,,,,,
eurjpy,2026-03-16T12:00:00+00:00,ARMED,short,ARMED,first EMA20 touch,2026-03-16T12:00:00+00:00,182.488,,,,
eurjpy,2026-03-16T16:00:00+00:00,BREACH_TOLERATED,short,ARMED,one close through touch extreme,,,,,,
eurjpy,2026-03-17T00:00:00+00:00,BREACH_TOLERATED,short,ARMED,one close through touch extreme,,,,,,
eurjpy,2026-03-17T04:00:00+00:00,INVALIDATED,short,ARMED,two consecutive closes through touch extreme,,,,,,
eurjpy,2026-03-20T20:00:00+00:00,GC,long,SEARCH_TOUCH,new long search,,,,,,
eurjpy,2026-03-23T08:00:00+00:00,ARMED,long,ARMED,first EMA20 touch,2026-03-23T08:00:00+00:00,184.233,,,,
eurjpy,2026-03-30T12:00:00+00:00,BREACH_TOLERATED,long,ARMED,one close through touch extreme,,,,,,
eurjpy,2026-03-30T16:00:00+00:00,INVALIDATED,long,ARMED,two consecutive closes through touch extreme,,,,,,
eurjpy,2026-05-01T04:00:00+00:00,DC,short,SEARCH_TOUCH,new short search,,,,,,
eurjpy,2026-05-05T08:00:00+00:00,ARMED,short,ARMED,first EMA20 touch,2026-05-05T08:00:00+00:00,183.687,,,,
eurjpy,2026-05-05T12:00:00+00:00,BREACH_TOLERATED,short,ARMED,one close through touch extreme,,,,,,
eurjpy,2026-05-05T16:00:00+00:00,INVALIDATED,short,ARMED,two consecutive closes through touch extreme,,,,,,
eurjpy,2026-05-26T16:00:00+00:00,GC,long,SEARCH_TOUCH,new long search,,,,,,
eurjpy,2026-05-28T00:00:00+00:00,ARMED,long,ARMED,first EMA20 touch,2026-05-28T00:00:00+00:00,185.452,,,,
eurjpy,2026-06-02T16:00:00+00:00,TRIGGERED,long,ARMED,entry conditions satisfied,,185.452,2026-06-02T16:00:00+00:00,True,True,False
eurjpy,2026-06-08T16:00:00+00:00,DC,short,SEARCH_TOUCH,new short search,,,,,,
eurjpy,2026-06-09T08:00:00+00:00,ARMED,short,ARMED,first EMA20 touch,2026-06-09T08:00:00+00:00,184.819,,,,
eurjpy,2026-06-11T08:00:00+00:00,REVERSE_CROSS_INVALIDATION,short,ARMED,reverse cross while armed,,,,,,
eurjpy,2026-06-11T12:00:00+00:00,DC,short,SEARCH_TOUCH,new short search,,,,,,
eurjpy,2026-06-11T16:00:00+00:00,ARMED,short,ARMED,first EMA20 touch,2026-06-11T16:00:00+00:00,184.656,,,,
eurjpy,2026-06-11T20:00:00+00:00,BREACH_TOLERATED,short,ARMED,one close through touch extreme,,,,,,
eurjpy,2026-06-12T00:00:00+00:00,INVALIDATED,short,ARMED,two consecutive closes through touch extreme,,,,,,
eurjpy,2026-06-12T04:00:00+00:00,GC,long,SEARCH_TOUCH,new long search,,,,,,
eurjpy,2026-06-14T20:00:00+00:00,ARMED,long,ARMED,first EMA20 touch,2026-06-14T20:00:00+00:00,185.695,,,,
eurjpy,2026-06-15T00:00:00+00:00,TRIGGERED,long,ARMED,entry conditions satisfied,,185.695,2026-06-15T00:00:00+00:00,True,True,False
eurjpy,2026-06-19T00:00:00+00:00,DC,short,SEARCH_TOUCH,new short search,,,,,,
eurjpy,2026-06-19T16:00:00+00:00,ARMED,short,ARMED,first EMA20 touch,2026-06-19T16:00:00+00:00,184.909,,,,
eurjpy,2026-06-22T08:00:00+00:00,BREACH_TOLERATED,short,ARMED,one close through touch extreme,,,,,,
eurjpy,2026-06-23T04:00:00+00:00,TRIGGERED,short,ARMED,entry conditions satisfied,,184.909,2026-06-23T04:00:00+00:00,False,False,True
eurjpy,2026-07-01T08:00:00+00:00,GC,long,SEARCH_TOUCH,new long search,,,,,,
eurjpy,2026-07-01T12:00:00+00:00,ARMED,long,ARMED,first EMA20 touch,2026-07-01T12:00:00+00:00,185.281,,,,
eurjpy,2026-07-02T04:00:00+00:00,REVERSE_CROSS_INVALIDATION,long,ARMED,reverse cross while armed,,,,,,
eurjpy,2026-07-06T20:00:00+00:00,GC,long,SEARCH_TOUCH,new long search,,,,,,
eurjpy,2026-07-07T04:00:00+00:00,ARMED,long,ARMED,first EMA20 touch,2026-07-07T04:00:00+00:00,185.225,,,,
eurjpy,2026-07-10T12:00:00+00:00,BREACH_TOLERATED,long,ARMED,one close through touch extreme,,,,,,
eurjpy,2026-07-10T16:00:00+00:00,INVALIDATED,long,ARMED,two consecutive closes through touch extreme,,,,,,
eurjpy,2026-07-31T12:00:00+00:00,DC,short,SEARCH_TOUCH,new short search,,,,,,
eurjpy,2026-08-05T16:00:00+00:00,ARMED,short,ARMED,first EMA20 touch,2026-08-05T16:00:00+00:00,181.972,,,,
eurjpy,2026-08-06T08:00:00+00:00,BREACH_TOLERATED,short,ARMED,one close through touch extreme,,,,,,
eurjpy,2026-08-06T12:00:00+00:00,INVALIDATED,short,ARMED,two consecutive closes through touch extreme,,,,,,
eurjpy,2026-08-18T08:00:00+00:00,GC,long,SEARCH_TOUCH,new long search,,,,,,
eurjpy,2026-08-19T04:00:00+00:00,ARMED,long,ARMED,first EMA20 touch,2026-08-19T04:00:00+00:00,184.679,,,,
eurjpy,2026-09-02T12:00:00+00:00,BREACH_TOLERATED,long,ARMED,one close through touch extreme,,,,,,
eurjpy,2026-09-02T16:00:00+00:00,INVALIDATED,long,ARMED,two consecutive closes through touch extreme,,,,,,
eurjpy,2026-09-03T04:00:00+00:00,DC,short,SEARCH_TOUCH,new short search,,,,,,
eurjpy,2026-09-10T12:00:00+00:00,ARMED,short,ARMED,first EMA20 touch,2026-09-10T12:00:00+00:00,178.747,,,,
eurjpy,2026-09-11T16:00:00+00:00,TRIGGERED,short,ARMED,entry conditions satisfied,,178.747,2026-09-11T16:00:00+00:00,False,False,True
gbpjpy,2021-01-04T00:00:00+00:00,DC,short,SEARCH_TOUCH,new short search,,,,,,
gbpjpy,2021-01-06T04:00:00+00:00,ARMED,short,ARMED,first EMA20 touch,2021-01-06T04:00:00+00:00,139.798,,,,
gbpjpy,2021-01-06T20:00:00+00:00,BREACH_TOLERATED,short,ARMED,one close through touch extreme,,,,,,
gbpjpy,2021-01-07T04:00:00+00:00,BREACH_TOLERATED,short,ARMED,one close through touch extreme,,,,,,
gbpjpy,2021-01-07T08:00:00+00:00,INVALIDATED,short,ARMED,two consecutive closes through touch extreme,,,,,,
gbpjpy,2021-01-12T20:00:00+00:00,GC,long,SEARCH_TOUCH,new long search,,,,,,
gbpjpy,2021-01-15T04:00:00+00:00,ARMED,long,ARMED,first EMA20 touch,2021-01-15T04:00:00+00:00,142.006,,,,
gbpjpy,2021-01-15T08:00:00+00:00,BREACH_TOLERATED,long,ARMED,one close through touch extreme,,,,,,
gbpjpy,2021-01-15T12:00:00+00:00,INVALIDATED,long,ARMED,two consecutive closes through touch extreme,,,,,,
gbpjpy,2021-04-14T08:00:00+00:00,DC,short,SEARCH_TOUCH,new short search,,,,,,
gbpjpy,2021-04-14T12:00:00+00:00,ARMED,short,ARMED,first EMA20 touch,2021-04-14T12:00:00+00:00,149.819,,,,
gbpjpy,2021-04-16T12:00:00+00:00,BREACH_TOLERATED,short,ARMED,one close through touch extreme,,,,,,
gbpjpy,2021-04-16T16:00:00+00:00,INVALIDATED,short,ARMED,two consecutive closes through touch extreme,,,,,,
gbpjpy,2021-04-19T12:00:00+00:00,GC,long,SEARCH_TOUCH,new long search,,,,,,
gbpjpy,2021-04-20T12:00:00+00:00,ARMED,long,ARMED,first EMA20 touch,2021-04-20T12:00:00+00:00,151.479,,,,
gbpjpy,2021-04-21T00:00:00+00:00,BREACH_TOLERATED,long,ARMED,one close through touch extreme,,,,,,
gbpjpy,2021-04-21T08:00:00+00:00,BREACH_TOLERATED,long,ARMED,one close through touch extreme,,,,,,
gbpjpy,2021-04-21T16:00:00+00:00,BREACH_TOLERATED,long,ARMED,one close through touch extreme,,,,,,
gbpjpy,2021-04-21T20:00:00+00:00,INVALIDATED,long,ARMED,two consecutive closes through touch extreme,,,,,,
gbpjpy,2021-04-22T20:00:00+00:00,DC,short,SEARCH_TOUCH,new short search,,,,,,
gbpjpy,2021-04-26T04:00:00+00:00,ARMED,short,ARMED,first EMA20 touch,2021-04-26T04:00:00+00:00,149.701,,,,
gbpjpy,2021-04-26T12:00:00+00:00,BREACH_TOLERATED,short,ARMED,one close through touch extreme,,,,,,
gbpjpy,2021-04-26T16:00:00+00:00,INVALIDATED,short,ARMED,two consecutive closes through touch extreme,,,,,,
gbpjpy,2021-04-27T16:00:00+00:00,GC,long,SEARCH_TOUCH,new long search,,,,,,
gbpjpy,2021-04-30T08:00:00+00:00,ARMED,long,ARMED,first EMA20 touch,2021-04-30T08:00:00+00:00,151.597,,,,
gbpjpy,2021-04-30T12:00:00+00:00,BREACH_TOLERATED,long,ARMED,one close through touch extreme,,,,,,
gbpjpy,2021-04-30T16:00:00+00:00,INVALIDATED,long,ARMED,two consecutive closes through touch extreme,,,,,,
gbpjpy,2021-06-18T12:00:00+00:00,DC,short,SEARCH_TOUCH,new short search,,,,,,
gbpjpy,2021-06-21T12:00:00+00:00,ARMED,short,ARMED,first EMA20 touch,2021-06-21T12:00:00+00:00,152.658,,,,
gbpjpy,2021-06-21T16:00:00+00:00,BREACH_TOLERATED,short,ARMED,one close through touch extreme,,,,,,
gbpjpy,2021-06-21T20:00:00+00:00,INVALIDATED,short,ARMED,two consecutive closes through touch extreme,,,,,,
gbpjpy,2021-06-23T12:00:00+00:00,GC,long,SEARCH_TOUCH,new long search,,,,,,
gbpjpy,2021-06-24T08:00:00+00:00,ARMED,long,ARMED,first EMA20 touch,2021-06-24T08:00:00+00:00,155.045,,,,
gbpjpy,2021-06-25T04:00:00+00:00,BREACH_TOLERATED,long,ARMED,one close through touch extreme,,,,,,
gbpjpy,2021-06-25T08:00:00+00:00,INVALIDATED,long,ARMED,two consecutive closes through touch extreme,,,,,,
gbpjpy,2021-06-28T16:00:00+00:00,DC,short,SEARCH_TOUCH,new short search,,,,,,
gbpjpy,2021-06-30T12:00:00+00:00,ARMED,short,ARMED,first EMA20 touch,2021-06-30T12:00:00+00:00,152.931,,,,
gbpjpy,2021-06-30T16:00:00+00:00,BREACH_TOLERATED,short,ARMED,one close through touch extreme,,,,,,
gbpjpy,2021-06-30T20:00:00+00:00,INVALIDATED,short,ARMED,two consecutive closes through touch extreme,,,,,,
gbpjpy,2021-07-29T16:00:00+00:00,GC,long,SEARCH_TOUCH,new long search,,,,,,
gbpjpy,2021-07-30T04:00:00+00:00,ARMED,long,ARMED,first EMA20 touch,2021-07-30T04:00:00+00:00,153.095,,,,
gbpjpy,2021-07-30T16:00:00+00:00,BREACH_TOLERATED,long,ARMED,one close through touch extreme,,,,,,
gbpjpy,2021-07-30T20:00:00+00:00,INVALIDATED,long,ARMED,two consecutive closes through touch extreme,,,,,,
gbpjpy,2021-08-02T08:00:00+00:00,DC,short,SEARCH_TOUCH,new short search,,,,,,
gbpjpy,2021-08-04T04:00:00+00:00,ARMED,short,ARMED,first EMA20 touch,2021-08-04T04:00:00+00:00,151.809,,,,
gbpjpy,2021-08-04T12:00:00+00:00,BREACH_TOLERATED,short,ARMED,one close through touch extreme,,,,,,
gbpjpy,2021-08-05T00:00:00+00:00,BREACH_TOLERATED,short,ARMED,one close through touch extreme,,,,,,
gbpjpy,2021-08-05T04:00:00+00:00,INVALIDATED,short,ARMED,two consecutive closes through touch extreme,,,,,,
gbpjpy,2021-08-06T12:00:00+00:00,GC,long,SEARCH_TOUCH,new long search,,,,,,
gbpjpy,2021-08-09T08:00:00+00:00,ARMED,long,ARMED,first EMA20 touch,2021-08-09T08:00:00+00:00,153.04,,,,
gbpjpy,2021-08-10T08:00:00+00:00,TRIGGERED,long,ARMED,entry conditions satisfied,,153.04,2021-08-10T08:00:00+00:00,True,True,False
gbpjpy,2021-08-13T20:00:00+00:00,DC,short,SEARCH_TOUCH,new short search,,,,,,
gbpjpy,2021-08-18T12:00:00+00:00,ARMED,short,ARMED,first EMA20 touch,2021-08-18T12:00:00+00:00,150.961,,,,
gbpjpy,2021-08-19T04:00:00+00:00,TRIGGERED,short,ARMED,entry conditions satisfied,,150.961,2021-08-19T04:00:00+00:00,False,False,True
gbpjpy,2021-09-03T00:00:00+00:00,GC,long,SEARCH_TOUCH,new long search,,,,,,
gbpjpy,2021-09-03T12:00:00+00:00,ARMED,long,ARMED,first EMA20 touch,2021-09-03T12:00:00+00:00,152.217,,,,
gbpjpy,2021-09-07T08:00:00+00:00,BREACH_TOLERATED,long,ARMED,one close through touch extreme,,,,,,
gbpjpy,2021-09-08T04:00:00+00:00,BREACH_TOLERATED,long,ARMED,one close through touch extreme,,,,,,
gbpjpy,2021-09-08T20:00:00+00:00,BREACH_TOLERATED,long,ARMED,one close through touch extreme,,,,,,
gbpjpy,2021-09-09T00:00:00+00:00,INVALIDATED,long,ARMED,two consecutive closes through touch extreme,,,,,,
gbpjpy,2021-09-15T16:00:00+00:00,DC,short,SEARCH_TOUCH,new short search,,,,,,
gbpjpy,2021-09-17T00:00:00+00:00,ARMED,short,ARMED,first EMA20 touch,2021-09-17T00:00:00+00:00,151.312,,,,
gbpjpy,2021-09-17T04:00:00+00:00,BREACH_TOLERATED,short,ARMED,one close through touch extreme,,,,,,
gbpjpy,2021-09-17T08:00:00+00:00,INVALIDATED,short,ARMED,two consecutive closes through touch extreme,,,,,,
gbpjpy,2021-09-28T00:00:00+00:00,GC,long,SEARCH_TOUCH,new long search,,,,,,
gbpjpy,2021-09-28T08:00:00+00:00,ARMED,long,ARMED,first EMA20 touch,2021-09-28T08:00:00+00:00,152.193,,,,
gbpjpy,2021-09-28T12:00:00+00:00,BREACH_TOLERATED,long,ARMED,one close through touch extreme,,,,,,
gbpjpy,2021-09-28T16:00:00+00:00,REVERSE_CROSS_INVALIDATION,long,ARMED,reverse cross while armed,,,,,,
gbpjpy,2021-10-06T04:00:00+00:00,GC,long,SEARCH_TOUCH,new long search,,,,,,
gbpjpy,2021-10-06T08:00:00+00:00,REVERSE_CROSS_INVALIDATION,long,SEARCH_TOUCH,reverse cross before touch,,,,,,
gbpjpy,2021-10-06T20:00:00+00:00,GC,long,SEARCH_TOUCH,new long search,,,,,,
gbpjpy,2021-10-07T04:00:00+00:00,ARMED,long,ARMED,first EMA20 touch,2021-10-07T04:00:00+00:00,151.554,,,,
gbpjpy,2021-10-11T12:00:00+00:00,TRIGGERED,long,ARMED,entry conditions satisfied,,151.554,2021-10-11T12:00:00+00:00,True,True,False
gbpjpy,2021-11-05T12:00:00+00:00,DC,short,SEARCH_TOUCH,new short search,,,,,,
gbpjpy,2021-11-10T12:00:00+00:00,ARMED,short,ARMED,first EMA20 touch,2021-11-10T12:00:00+00:00,152.774,,,,
gbpjpy,2021-11-10T16:00:00+00:00,TRIGGERED,short,ARMED,entry conditions satisfied,,152.774,2021-11-10T16:00:00+00:00,False,False,True
gbpjpy,2021-12-23T08:00:00+00:00,GC,long,SEARCH_TOUCH,new long search,,,,,,
gbpjpy,2022-01-03T12:00:00+00:00,ARMED,long,ARMED,first EMA20 touch,2022-01-03T12:00:00+00:00,155.506,,,,
gbpjpy,2022-01-04T00:00:00+00:00,TRIGGERED,long,ARMED,entry conditions satisfied,,155.506,2022-01-04T00:00:00+00:00,True,True,False
gbpjpy,2022-01-24T08:00:00+00:00,DC,short,SEARCH_TOUCH,new short search,,,,,,
gbpjpy,2022-01-26T08:00:00+00:00,ARMED,short,ARMED,first EMA20 touch,2022-01-26T08:00:00+00:00,153.875,,,,
gbpjpy,2022-01-26T12:00:00+00:00,BREACH_TOLERATED,short,ARMED,one close through touch extreme,,,,,,
gbpjpy,2022-01-26T20:00:00+00:00,BREACH_TOLERATED,short,ARMED,one close through touch extreme,,,,,,
gbpjpy,2022-01-27T12:00:00+00:00,BREACH_TOLERATED,short,ARMED,one close through touch extreme,,,,,,
gbpjpy,2022-01-27T20:00:00+00:00,BREACH_TOLERATED,short,ARMED,one close through touch extreme,,,,,,
gbpjpy,2022-01-28T00:00:00+00:00,INVALIDATED,short,ARMED,two consecutive closes through touch extreme,,,,,,
gbpjpy,2022-02-01T12:00:00+00:00,GC,long,SEARCH_TOUCH,new long search,,,,,,
gbpjpy,2022-02-02T08:00:00+00:00,ARMED,long,ARMED,first EMA20 touch,2022-02-02T08:00:00+00:00,155.201,,,,
gbpjpy,2022-02-10T00:00:00+00:00,TRIGGERED,long,ARMED,entry conditions satisfied,,155.201,2022-02-10T00:00:00+00:00,True,True,False
gbpjpy,2022-02-24T12:00:00+00:00,DC,short,SEARCH_TOUCH,new short search,,,,,,
gbpjpy,2022-02-25T16:00:00+00:00,ARMED,short,ARMED,first EMA20 touch,2022-02-25T16:00:00+00:00,154.883,,,,
gbpjpy,2022-02-25T20:00:00+00:00,TRIGGERED,short,ARMED,entry conditions satisfied,,154.883,2022-02-25T20:00:00+00:00,False,False,True
gbpjpy,2022-03-16T12:00:00+00:00,GC,long,SEARCH_TOUCH,new long search,,,,,,
gbpjpy,2022-03-21T08:00:00+00:00,ARMED,long,ARMED,first EMA20 touch,2022-03-21T08:00:00+00:00,156.987,,,,
gbpjpy,2022-03-21T12:00:00+00:00,TRIGGERED,long,ARMED,entry conditions satisfied,,156.987,2022-03-21T12:00:00+00:00,True,True,False
gbpjpy,2022-05-05T20:00:00+00:00,DC,short,SEARCH_TOUCH,new short search,,,,,,
gbpjpy,2022-05-08T20:00:00+00:00,ARMED,short,ARMED,first EMA20 touch,2022-05-08T20:00:00+00:00,160.85,,,,
gbpjpy,2022-05-09T08:00:00+00:00,BREACH_TOLERATED,short,ARMED,one close through touch extreme,,,,,,
gbpjpy,2022-05-09T16:00:00+00:00,TRIGGERED,short,ARMED,entry conditions satisfied,,160.85,2022-05-09T16:00:00+00:00,False,False,True
gbpjpy,2022-05-29T16:00:00+00:00,GC,long,SEARCH_TOUCH,new long search,,,,,,
gbpjpy,2022-05-29T20:00:00+00:00,ARMED,long,ARMED,first EMA20 touch,2022-05-29T20:00:00+00:00,160.804,,,,
gbpjpy,2022-06-01T08:00:00+00:00,TRIGGERED,long,ARMED,entry conditions satisfied,,160.804,2022-06-01T08:00:00+00:00,True,True,False
gbpjpy,2022-07-05T16:00:00+00:00,DC,short,SEARCH_TOUCH,new short search,,,,,,
gbpjpy,2022-07-07T08:00:00+00:00,ARMED,short,ARMED,first EMA20 touch,2022-07-07T08:00:00+00:00,162.419,,,,
gbpjpy,2022-07-07T16:00:00+00:00,BREACH_TOLERATED,short,ARMED,one close through touch extreme,,,,,,
gbpjpy,2022-07-07T20:00:00+00:00,INVALIDATED,short,ARMED,two consecutive closes through touch extreme,,,,,,
gbpjpy,2022-07-14T20:00:00+00:00,GC,long,SEARCH_TOUCH,new long search,,,,,,
gbpjpy,2022-07-15T04:00:00+00:00,ARMED,long,ARMED,first EMA20 touch,2022-07-15T04:00:00+00:00,164.49,,,,
gbpjpy,2022-07-22T08:00:00+00:00,BREACH_TOLERATED,long,ARMED,one close through touch extreme,,,,,,
gbpjpy,2022-07-22T12:00:00+00:00,INVALIDATED,long,ARMED,two consecutive closes through touch extreme,,,,,,
gbpjpy,2022-07-29T04:00:00+00:00,DC,short,SEARCH_TOUCH,new short search,,,,,,
gbpjpy,2022-08-02T16:00:00+00:00,ARMED,short,ARMED,first EMA20 touch,2022-08-02T16:00:00+00:00,161.424,,,,
gbpjpy,2022-08-03T04:00:00+00:00,BREACH_TOLERATED,short,ARMED,one close through touch extreme,,,,,,
gbpjpy,2022-08-03T08:00:00+00:00,INVALIDATED,short,ARMED,two consecutive closes through touch extreme,,,,,,
gbpjpy,2022-09-06T08:00:00+00:00,GC,long,SEARCH_TOUCH,new long search,,,,,,
gbpjpy,2022-09-09T08:00:00+00:00,ARMED,long,ARMED,first EMA20 touch,2022-09-09T08:00:00+00:00,165.648,,,,
gbpjpy,2022-09-12T00:00:00+00:00,TRIGGERED,long,ARMED,entry conditions satisfied,,165.648,2022-09-12T00:00:00+00:00,True,True,False
gbpjpy,2022-09-22T00:00:00+00:00,DC,short,SEARCH_TOUCH,new short search,,,,,,
gbpjpy,2022-09-22T04:00:00+00:00,REVERSE_CROSS_INVALIDATION,short,SEARCH_TOUCH,reverse cross before touch,,,,,,
gbpjpy,2022-09-22T08:00:00+00:00,DC,short,SEARCH_TOUCH,new short search,,,,,,
gbpjpy,2022-09-28T08:00:00+00:00,ARMED,short,ARMED,first EMA20 touch,2022-09-28T08:00:00+00:00,152.536,,,,
gbpjpy,2022-09-28T16:00:00+00:00,BREACH_TOLERATED,short,ARMED,one close through touch extreme,,,,,,
gbpjpy,2022-09-29T08:00:00+00:00,BREACH_TOLERATED,short,ARMED,one close through touch extreme,,,,,,
gbpjpy,2022-09-29T12:00:00+00:00,INVALIDATED,short,ARMED,two consecutive closes through touch extreme,,,,,,
gbpjpy,2022-10-04T08:00:00+00:00,GC,long,SEARCH_TOUCH,new long search,,,,,,
gbpjpy,2022-10-05T12:00:00+00:00,ARMED,long,ARMED,first EMA20 touch,2022-10-05T12:00:00+00:00,163.944,,,,
gbpjpy,2022-10-06T12:00:00+00:00,BREACH_TOLERATED,long,ARMED,one close through touch extreme,,,,,,
gbpjpy,2022-10-06T16:00:00+00:00,INVALIDATED,long,ARMED,two consecutive closes through touch extreme,,,,,,
gbpjpy,2022-10-10T16:00:00+00:00,DC,short,SEARCH_TOUCH,new short search,,,,,,
gbpjpy,2022-10-11T00:00:00+00:00,ARMED,short,ARMED,first EMA20 touch,2022-10-11T00:00:00+00:00,160.629,,,,
gbpjpy,2022-10-11T12:00:00+00:00,BREACH_TOLERATED,short,ARMED,one close through touch extreme,,,,,,
gbpjpy,2022-10-11T16:00:00+00:00,TRIGGERED,short,ARMED,entry conditions satisfied,,160.629,2022-10-11T16:00:00+00:00,False,False,True
gbpjpy,2022-10-13T00:00:00+00:00,GC,long,SEARCH_TOUCH,new long search,,,,,,
gbpjpy,2022-10-19T16:00:00+00:00,ARMED,long,ARMED,first EMA20 touch,2022-10-19T16:00:00+00:00,168.273,,,,
gbpjpy,2022-10-20T12:00:00+00:00,TRIGGERED,long,ARMED,entry conditions satisfied,,168.273,2022-10-20T12:00:00+00:00,True,True,False
gbpjpy,2022-11-11T12:00:00+00:00,DC,short,SEARCH_TOUCH,new short search,,,,,,
gbpjpy,2022-11-14T08:00:00+00:00,ARMED,short,ARMED,first EMA20 touch,2022-11-14T08:00:00+00:00,164.284,,,,
gbpjpy,2022-11-16T00:00:00+00:00,BREACH_TOLERATED,short,ARMED,one close through touch extreme,,,,,,
gbpjpy,2022-11-16T04:00:00+00:00,INVALIDATED,short,ARMED,two consecutive closes through touch extreme,,,,,,
gbpjpy,2022-11-18T16:00:00+00:00,GC,long,SEARCH_TOUCH,new long search,,,,,,
gbpjpy,2022-11-21T00:00:00+00:00,ARMED,long,ARMED,first EMA20 touch,2022-11-21T00:00:00+00:00,166.736,,,,
gbpjpy,2022-11-28T16:00:00+00:00,BREACH_TOLERATED,long,ARMED,one close through touch extreme,,,,,,
gbpjpy,2022-11-28T20:00:00+00:00,INVALIDATED,long,ARMED,two consecutive closes through touch extreme,,,,,,
gbpjpy,2022-11-30T12:00:00+00:00,DC,short,SEARCH_TOUCH,new short search,,,,,,
gbpjpy,2022-11-30T16:00:00+00:00,ARMED,short,ARMED,first EMA20 touch,2022-11-30T16:00:00+00:00,165.967,,,,
gbpjpy,2022-11-30T20:00:00+00:00,TRIGGERED,short,ARMED,entry conditions satisfied,,165.967,2022-11-30T20:00:00+00:00,False,False,True
gbpjpy,2022-12-08T00:00:00+00:00,GC,long,SEARCH_TOUCH,new long search,,,,,,
gbpjpy,2022-12-08T08:00:00+00:00,ARMED,long,ARMED,first EMA20 touch,2022-12-08T08:00:00+00:00,167.011,,,,
gbpjpy,2022-12-15T08:00:00+00:00,TRIGGERED,long,ARMED,entry conditions satisfied,,167.011,2022-12-15T08:00:00+00:00,True,True,False
gbpjpy,2022-12-19T12:00:00+00:00,DC,short,SEARCH_TOUCH,new short search,,,,,,
gbpjpy,2022-12-19T16:00:00+00:00,ARMED,short,ARMED,first EMA20 touch,2022-12-19T16:00:00+00:00,166.145,,,,
gbpjpy,2022-12-20T00:00:00+00:00,TRIGGERED,short,ARMED,entry conditions satisfied,,166.145,2022-12-20T00:00:00+00:00,False,False,True
gbpjpy,2023-01-30T12:00:00+00:00,GC,long,SEARCH_TOUCH,new long search,,,,,,
gbpjpy,2023-01-31T00:00:00+00:00,ARMED,long,ARMED,first EMA20 touch,2023-01-31T00:00:00+00:00,161.168,,,,
gbpjpy,2023-01-31T04:00:00+00:00,BREACH_TOLERATED,long,ARMED,one close through touch extreme,,,,,,
gbpjpy,2023-01-31T12:00:00+00:00,REVERSE_CROSS_INVALIDATION,long,ARMED,reverse cross while armed,,,,,,
gbpjpy,2023-02-14T16:00:00+00:00,GC,long,SEARCH_TOUCH,new long search,,,,,,
gbpjpy,2023-02-16T12:00:00+00:00,ARMED,long,ARMED,first EMA20 touch,2023-02-16T12:00:00+00:00,161.377,,,,
gbpjpy,2023-02-16T16:00:00+00:00,BREACH_TOLERATED,long,ARMED,one close through touch extreme,,,,,,
gbpjpy,2023-02-16T20:00:00+00:00,INVALIDATED,long,ARMED,two consecutive closes through touch extreme,,,,,,
gbpjpy,2023-03-16T00:00:00+00:00,DC,short,SEARCH_TOUCH,new short search,,,,,,
gbpjpy,2023-03-16T16:00:00+00:00,ARMED,short,ARMED,first EMA20 touch,2023-03-16T16:00:00+00:00,160.844,,,,
gbpjpy,2023-03-20T00:00:00+00:00,TRIGGERED,short,ARMED,entry conditions satisfied,,160.844,2023-03-20T00:00:00+00:00,False,False,True
gbpjpy,2023-03-29T12:00:00+00:00,GC,long,SEARCH_TOUCH,new long search,,,,,,
gbpjpy,2023-04-03T00:00:00+00:00,ARMED,long,ARMED,first EMA20 touch,2023-04-03T00:00:00+00:00,163.887,,,,
gbpjpy,2023-04-04T04:00:00+00:00,TRIGGERED,long,ARMED,entry conditions satisfied,,163.887,2023-04-04T04:00:00+00:00,True,True,False
gbpjpy,2023-07-28T00:00:00+00:00,DC,short,SEARCH_TOUCH,new short search,,,,,,
gbpjpy,2023-07-28T12:00:00+00:00,ARMED,short,ARMED,first EMA20 touch,2023-07-28T12:00:00+00:00,179.148,,,,
gbpjpy,2023-07-28T16:00:00+00:00,BREACH_TOLERATED,short,ARMED,one close through touch extreme,,,,,,
gbpjpy,2023-07-28T20:00:00+00:00,INVALIDATED,short,ARMED,two consecutive closes through touch extreme,,,,,,
gbpjpy,2023-07-31T00:00:00+00:00,GC,long,SEARCH_TOUCH,new long search,,,,,,
gbpjpy,2023-08-02T04:00:00+00:00,ARMED,long,ARMED,first EMA20 touch,2023-08-02T04:00:00+00:00,182.935,,,,
gbpjpy,2023-08-02T12:00:00+00:00,BREACH_TOLERATED,long,ARMED,one close through touch extreme,,,,,,
gbpjpy,2023-08-03T04:00:00+00:00,BREACH_TOLERATED,long,ARMED,one close through touch extreme,,,,,,
gbpjpy,2023-08-03T08:00:00+00:00,INVALIDATED,long,ARMED,two consecutive closes through touch extreme,,,,,,
gbpjpy,2023-09-12T08:00:00+00:00,DC,short,SEARCH_TOUCH,new short search,,,,,,
gbpjpy,2023-09-12T16:00:00+00:00,ARMED,short,ARMED,first EMA20 touch,2023-09-12T16:00:00+00:00,183.535,,,,
gbpjpy,2023-09-12T20:00:00+00:00,BREACH_TOLERATED,short,ARMED,one close through touch extreme,,,,,,
gbpjpy,2023-09-13T00:00:00+00:00,INVALIDATED,short,ARMED,two consecutive closes through touch extreme,,,,,,
gbpjpy,2023-09-13T12:00:00+00:00,GC,long,SEARCH_TOUCH,new long search,,,,,,
gbpjpy,2023-09-14T00:00:00+00:00,ARMED,long,ARMED,first EMA20 touch,2023-09-14T00:00:00+00:00,184.052,,,,
gbpjpy,2023-09-14T12:00:00+00:00,REVERSE_CROSS_INVALIDATION,long,ARMED,reverse cross while armed,,,,,,
gbpjpy,2023-10-11T12:00:00+00:00,GC,long,SEARCH_TOUCH,new long search,,,,,,
gbpjpy,2023-10-12T12:00:00+00:00,ARMED,long,ARMED,first EMA20 touch,2023-10-12T12:00:00+00:00,183.646,,,,
gbpjpy,2023-10-12T16:00:00+00:00,BREACH_TOLERATED,long,ARMED,one close through touch extreme,,,,,,
gbpjpy,2023-10-12T20:00:00+00:00,INVALIDATED,long,ARMED,two consecutive closes through touch extreme,,,,,,
gbpjpy,2023-10-13T20:00:00+00:00,DC,short,SEARCH_TOUCH,new short search,,,,,,
gbpjpy,2023-10-16T04:00:00+00:00,ARMED,short,ARMED,first EMA20 touch,2023-10-16T04:00:00+00:00,181.658,,,,
gbpjpy,2023-10-16T12:00:00+00:00,BREACH_TOLERATED,short,ARMED,one close through touch extreme,,,,,,
gbpjpy,2023-10-16T16:00:00+00:00,INVALIDATED,short,ARMED,two consecutive closes through touch extreme,,,,,,
gbpjpy,2023-10-23T12:00:00+00:00,GC,long,SEARCH_TOUCH,new long search,,,,,,
gbpjpy,2023-10-24T12:00:00+00:00,ARMED,long,ARMED,first EMA20 touch,2023-10-24T12:00:00+00:00,183.039,,,,
gbpjpy,2023-10-25T04:00:00+00:00,BREACH_TOLERATED,long,ARMED,one close through touch extreme,,,,,,
gbpjpy,2023-10-25T08:00:00+00:00,INVALIDATED,long,ARMED,two consecutive closes through touch extreme,,,,,,
gbpjpy,2023-10-25T20:00:00+00:00,DC,short,SEARCH_TOUCH,new short search,,,,,,
gbpjpy,2023-10-26T12:00:00+00:00,ARMED,short,ARMED,first EMA20 touch,2023-10-26T12:00:00+00:00,181.683,,,,
gbpjpy,2023-10-26T20:00:00+00:00,BREACH_TOLERATED,short,ARMED,one close through touch extreme,,,,,,
gbpjpy,2023-10-31T04:00:00+00:00,BREACH_TOLERATED,short,ARMED,one close through touch extreme,,,,,,
gbpjpy,2023-10-31T08:00:00+00:00,INVALIDATED,short,ARMED,two consecutive closes through touch extreme,,,,,,
gbpjpy,2023-10-31T16:00:00+00:00,GC,long,SEARCH_TOUCH,new long search,,,,,,
gbpjpy,2023-11-02T04:00:00+00:00,ARMED,long,ARMED,first EMA20 touch,2023-11-02T04:00:00+00:00,183.327,,,,
gbpjpy,2023-11-02T08:00:00+00:00,TRIGGERED,long,ARMED,entry conditions satisfied,,183.327,2023-11-02T08:00:00+00:00,True,True,False
gbpjpy,2023-12-06T08:00:00+00:00,DC,short,SEARCH_TOUCH,new short search,,,,,,
gbpjpy,2023-12-11T04:00:00+00:00,ARMED,short,ARMED,first EMA20 touch,2023-12-11T04:00:00+00:00,182.325,,,,
gbpjpy,2023-12-11T08:00:00+00:00,BREACH_TOLERATED,short,ARMED,one close through touch extreme,,,,,,
gbpjpy,2023-12-11T12:00:00+00:00,INVALIDATED,short,ARMED,two consecutive closes through touch extreme,,,,,,
gbpjpy,2024-01-07T20:00:00+00:00,GC,long,SEARCH_TOUCH,new long search,,,,,,
gbpjpy,2024-01-09T00:00:00+00:00,ARMED,long,ARMED,first EMA20 touch,2024-01-09T00:00:00+00:00,183.825,,,,
gbpjpy,2024-01-12T00:00:00+00:00,TRIGGERED,long,ARMED,entry conditions satisfied,,183.825,2024-01-12T00:00:00+00:00,True,True,False
gbpjpy,2024-07-23T00:00:00+00:00,DC,short,SEARCH_TOUCH,new short search,,,,,,
gbpjpy,2024-07-26T08:00:00+00:00,ARMED,short,ARMED,first EMA20 touch,2024-07-26T08:00:00+00:00,197.925,,,,
gbpjpy,2024-07-26T20:00:00+00:00,TRIGGERED,short,ARMED,entry conditions satisfied,,197.925,2024-07-26T20:00:00+00:00,False,False,True
gbpjpy,2024-09-23T00:00:00+00:00,GC,long,SEARCH_TOUCH,new long search,,,,,,
gbpjpy,2024-09-27T04:00:00+00:00,ARMED,long,ARMED,first EMA20 touch,2024-09-27T04:00:00+00:00,195.962,,,,
gbpjpy,2024-09-27T16:00:00+00:00,BREACH_TOLERATED,long,ARMED,one close through touch extreme,,,,,,
gbpjpy,2024-09-27T20:00:00+00:00,INVALIDATED,long,ARMED,two consecutive closes through touch extreme,,,,,,
gbpjpy,2024-11-19T08:00:00+00:00,DC,short,SEARCH_TOUCH,new short search,,,,,,
gbpjpy,2024-11-19T16:00:00+00:00,ARMED,short,ARMED,first EMA20 touch,2024-11-19T16:00:00+00:00,194.919,,,,
gbpjpy,2024-11-19T20:00:00+00:00,BREACH_TOLERATED,short,ARMED,one close through touch extreme,,,,,,
gbpjpy,2024-11-20T00:00:00+00:00,INVALIDATED,short,ARMED,two consecutive closes through touch extreme,,,,,,
gbpjpy,2024-11-20T04:00:00+00:00,GC,long,SEARCH_TOUCH,new long search,,,,,,
gbpjpy,2024-11-20T12:00:00+00:00,ARMED,long,ARMED,first EMA20 touch,2024-11-20T12:00:00+00:00,197.483,,,,
gbpjpy,2024-11-21T00:00:00+00:00,BREACH_TOLERATED,long,ARMED,one close through touch extreme,,,,,,
gbpjpy,2024-11-21T04:00:00+00:00,INVALIDATED,long,ARMED,two consecutive closes through touch extreme,,,,,,
gbpjpy,2024-11-21T12:00:00+00:00,DC,short,SEARCH_TOUCH,new short search,,,,,,
gbpjpy,2024-12-04T04:00:00+00:00,ARMED,short,ARMED,first EMA20 touch,2024-12-04T04:00:00+00:00,189.744,,,,
gbpjpy,2024-12-04T08:00:00+00:00,BREACH_TOLERATED,short,ARMED,one close through touch extreme,,,,,,
gbpjpy,2024-12-04T12:00:00+00:00,INVALIDATED,short,ARMED,two consecutive closes through touch extreme,,,,,,
gbpjpy,2024-12-16T08:00:00+00:00,GC,long,SEARCH_TOUCH,new long search,,,,,,
gbpjpy,2024-12-18T04:00:00+00:00,ARMED,long,ARMED,first EMA20 touch,2024-12-18T04:00:00+00:00,195.304,,,,
gbpjpy,2024-12-18T20:00:00+00:00,BREACH_TOLERATED,long,ARMED,one close through touch extreme,,,,,,
gbpjpy,2024-12-19T16:00:00+00:00,TRIGGERED,long,ARMED,entry conditions satisfied,,195.304,2024-12-19T16:00:00+00:00,True,True,True
gbpjpy,2025-01-10T00:00:00+00:00,DC,short,SEARCH_TOUCH,new short search,,,,,,
gbpjpy,2025-01-14T16:00:00+00:00,ARMED,short,ARMED,first EMA20 touch,2025-01-14T16:00:00+00:00,192.282,,,,
gbpjpy,2025-01-15T12:00:00+00:00,TRIGGERED,short,ARMED,entry conditions satisfied,,192.282,2025-01-15T12:00:00+00:00,False,False,True
gbpjpy,2025-03-12T08:00:00+00:00,GC,long,SEARCH_TOUCH,new long search,,,,,,
gbpjpy,2025-03-13T04:00:00+00:00,ARMED,long,ARMED,first EMA20 touch,2025-03-13T04:00:00+00:00,191.896,,,,
gbpjpy,2025-03-14T00:00:00+00:00,TRIGGERED,long,ARMED,entry conditions satisfied,,191.896,2025-03-14T00:00:00+00:00,True,True,False
gbpjpy,2025-04-04T04:00:00+00:00,DC,short,SEARCH_TOUCH,new short search,,,,,,
gbpjpy,2025-04-07T12:00:00+00:00,ARMED,short,ARMED,first EMA20 touch,2025-04-07T12:00:00+00:00,187.499,,,,
gbpjpy,2025-04-09T08:00:00+00:00,TRIGGERED,short,ARMED,entry conditions satisfied,,187.499,2025-04-09T08:00:00+00:00,False,False,True
gbpjpy,2025-04-27T20:00:00+00:00,GC,long,SEARCH_TOUCH,new long search,,,,,,
gbpjpy,2025-04-29T12:00:00+00:00,ARMED,long,ARMED,first EMA20 touch,2025-04-29T12:00:00+00:00,191.082,,,,
gbpjpy,2025-04-30T12:00:00+00:00,BREACH_TOLERATED,long,ARMED,one close through touch extreme,,,,,,
gbpjpy,2025-05-09T04:00:00+00:00,TRIGGERED,long,ARMED,entry conditions satisfied,,191.082,2025-05-09T04:00:00+00:00,True,True,False
gbpjpy,2025-08-03T20:00:00+00:00,DC,short,SEARCH_TOUCH,new short search,,,,,,
gbpjpy,2025-08-05T16:00:00+00:00,ARMED,short,ARMED,first EMA20 touch,2025-08-05T16:00:00+00:00,196.217,,,,
gbpjpy,2025-08-06T08:00:00+00:00,BREACH_TOLERATED,short,ARMED,one close through touch extreme,,,,,,
gbpjpy,2025-08-06T12:00:00+00:00,INVALIDATED,short,ARMED,two consecutive closes through touch extreme,,,,,,
gbpjpy,2025-08-08T20:00:00+00:00,GC,long,SEARCH_TOUCH,new long search,,,,,,
gbpjpy,2025-08-14T00:00:00+00:00,ARMED,long,ARMED,first EMA20 touch,2025-08-14T00:00:00+00:00,199.862,,,,
gbpjpy,2025-08-14T08:00:00+00:00,BREACH_TOLERATED,long,ARMED,one close through touch extreme,,,,,,
gbpjpy,2025-08-20T00:00:00+00:00,BREACH_TOLERATED,long,ARMED,one close through touch extreme,,,,,,
gbpjpy,2025-08-20T08:00:00+00:00,BREACH_TOLERATED,long,ARMED,one close through touch extreme,,,,,,
gbpjpy,2025-08-20T12:00:00+00:00,INVALIDATED,long,ARMED,two consecutive closes through touch extreme,,,,,,
gbpjpy,2025-10-01T04:00:00+00:00,DC,short,SEARCH_TOUCH,new short search,,,,,,
gbpjpy,2025-10-03T00:00:00+00:00,ARMED,short,ARMED,first EMA20 touch,2025-10-03T00:00:00+00:00,197.862,,,,
gbpjpy,2025-10-03T12:00:00+00:00,BREACH_TOLERATED,short,ARMED,one close through touch extreme,,,,,,
gbpjpy,2025-10-03T16:00:00+00:00,INVALIDATED,short,ARMED,two consecutive closes through touch extreme,,,,,,
gbpjpy,2025-10-06T04:00:00+00:00,GC,long,SEARCH_TOUCH,new long search,,,,,,
gbpjpy,2025-10-09T16:00:00+00:00,ARMED,long,ARMED,first EMA20 touch,2025-10-09T16:00:00+00:00,203.735,,,,
gbpjpy,2025-10-10T00:00:00+00:00,BREACH_TOLERATED,long,ARMED,one close through touch extreme,,,,,,
gbpjpy,2025-10-10T08:00:00+00:00,BREACH_TOLERATED,long,ARMED,one close through touch extreme,,,,,,
gbpjpy,2025-10-10T12:00:00+00:00,INVALIDATED,long,ARMED,two consecutive closes through touch extreme,,,,,,
gbpjpy,2025-11-04T20:00:00+00:00,DC,short,SEARCH_TOUCH,new short search,,,,,,
gbpjpy,2025-11-05T12:00:00+00:00,ARMED,short,ARMED,first EMA20 touch,2025-11-05T12:00:00+00:00,200.195,,,,
gbpjpy,2025-11-07T04:00:00+00:00,BREACH_TOLERATED,short,ARMED,one close through touch extreme,,,,,,
gbpjpy,2025-11-07T12:00:00+00:00,BREACH_TOLERATED,short,ARMED,one close through touch extreme,,,,,,
gbpjpy,2025-11-07T16:00:00+00:00,INVALIDATED,short,ARMED,two consecutive closes through touch extreme,,,,,,
gbpjpy,2025-11-10T08:00:00+00:00,GC,long,SEARCH_TOUCH,new long search,,,,,,
gbpjpy,2025-11-14T00:00:00+00:00,ARMED,long,ARMED,first EMA20 touch,2025-11-14T00:00:00+00:00,203.544,,,,
gbpjpy,2025-11-14T12:00:00+00:00,BREACH_TOLERATED,long,ARMED,one close through touch extreme,,,,,,
gbpjpy,2025-11-17T04:00:00+00:00,TRIGGERED,long,ARMED,entry conditions satisfied,,203.544,2025-11-17T04:00:00+00:00,True,True,False
gbpjpy,2026-02-11T16:00:00+00:00,DC,short,SEARCH_TOUCH,new short search,,,,,,
gbpjpy,2026-02-16T04:00:00+00:00,ARMED,short,ARMED,first EMA20 touch,2026-02-16T04:00:00+00:00,208.709,,,,
gbpjpy,2026-02-17T20:00:00+00:00,TRIGGERED,short,ARMED,entry conditions satisfied,,208.709,2026-02-17T20:00:00+00:00,False,False,True
gbpjpy,2026-02-26T00:00:00+00:00,GC,long,SEARCH_TOUCH,new long search,,,,,,
gbpjpy,2026-02-26T12:00:00+00:00,ARMED,long,ARMED,first EMA20 touch,2026-02-26T12:00:00+00:00,211.56,,,,
gbpjpy,2026-02-26T16:00:00+00:00,BREACH_TOLERATED,long,ARMED,one close through touch extreme,,,,,,
gbpjpy,2026-02-26T20:00:00+00:00,INVALIDATED,long,ARMED,two consecutive closes through touch extreme,,,,,,
gbpjpy,2026-02-27T12:00:00+00:00,DC,short,SEARCH_TOUCH,new short search,,,,,,
gbpjpy,2026-02-27T20:00:00+00:00,ARMED,short,ARMED,first EMA20 touch,2026-02-27T20:00:00+00:00,210.259,,,,
gbpjpy,2026-03-02T08:00:00+00:00,BREACH_TOLERATED,short,ARMED,one close through touch extreme,,,,,,
gbpjpy,2026-03-02T12:00:00+00:00,INVALIDATED,short,ARMED,two consecutive closes through touch extreme,,,,,,
gbpjpy,2026-03-02T16:00:00+00:00,GC,long,SEARCH_TOUCH,new long search,,,,,,
gbpjpy,2026-03-03T04:00:00+00:00,ARMED,long,ARMED,first EMA20 touch,2026-03-03T04:00:00+00:00,210.767,,,,
gbpjpy,2026-03-03T08:00:00+00:00,REVERSE_CROSS_INVALIDATION,long,ARMED,reverse cross while armed,,,,,,
gbpjpy,2026-03-06T20:00:00+00:00,GC,long,SEARCH_TOUCH,new long search,,,,,,
gbpjpy,2026-03-12T20:00:00+00:00,ARMED,long,ARMED,first EMA20 touch,2026-03-12T20:00:00+00:00,212.757,,,,
gbpjpy,2026-03-13T04:00:00+00:00,BREACH_TOLERATED,long,ARMED,one close through touch extreme,,,,,,
gbpjpy,2026-03-13T08:00:00+00:00,INVALIDATED,long,ARMED,two consecutive closes through touch extreme,,,,,,
gbpjpy,2026-03-31T12:00:00+00:00,DC,short,SEARCH_TOUCH,new short search,,,,,,
gbpjpy,2026-04-01T08:00:00+00:00,ARMED,short,ARMED,first EMA20 touch,2026-04-01T08:00:00+00:00,210.493,,,,
gbpjpy,2026-04-01T12:00:00+00:00,BREACH_TOLERATED,short,ARMED,one close through touch extreme,,,,,,
gbpjpy,2026-04-01T16:00:00+00:00,INVALIDATED,short,ARMED,two consecutive closes through touch extreme,,,,,,
gbpjpy,2026-04-07T20:00:00+00:00,GC,long,SEARCH_TOUCH,new long search,,,,,,
gbpjpy,2026-04-16T00:00:00+00:00,ARMED,long,ARMED,first EMA20 touch,2026-04-16T00:00:00+00:00,215.568,,,,
gbpjpy,2026-04-17T00:00:00+00:00,TRIGGERED,long,ARMED,entry conditions satisfied,,215.568,2026-04-17T00:00:00+00:00,True,True,False
gbpjpy,2026-05-04T12:00:00+00:00,DC,short,SEARCH_TOUCH,new short search,,,,,,
gbpjpy,2026-05-05T08:00:00+00:00,ARMED,short,ARMED,first EMA20 touch,2026-05-05T08:00:00+00:00,212.796,,,,
gbpjpy,2026-05-05T12:00:00+00:00,BREACH_TOLERATED,short,ARMED,one close through touch extreme,,,,,,
gbpjpy,2026-05-05T16:00:00+00:00,INVALIDATED,short,ARMED,two consecutive closes through touch extreme,,,,,,
gbpjpy,2026-05-12T00:00:00+00:00,GC,long,SEARCH_TOUCH,new long search,,,,,,
gbpjpy,2026-05-12T04:00:00+00:00,REVERSE_CROSS_INVALIDATION,long,SEARCH_TOUCH,reverse cross before touch,,,,,,
gbpjpy,2026-05-22T08:00:00+00:00,GC,long,SEARCH_TOUCH,new long search,,,,,,
gbpjpy,2026-05-26T12:00:00+00:00,ARMED,long,ARMED,first EMA20 touch,2026-05-26T12:00:00+00:00,214.536,,,,
gbpjpy,2026-05-27T20:00:00+00:00,BREACH_TOLERATED,long,ARMED,one close through touch extreme,,,,,,
gbpjpy,2026-05-28T00:00:00+00:00,INVALIDATED,long,ARMED,two consecutive closes through touch extreme,,,,,,
gbpjpy,2026-06-18T20:00:00+00:00,DC,short,SEARCH_TOUCH,new short search,,,,,,
gbpjpy,2026-06-22T00:00:00+00:00,ARMED,short,ARMED,first EMA20 touch,2026-06-22T00:00:00+00:00,213.2,,,,
gbpjpy,2026-06-22T08:00:00+00:00,BREACH_TOLERATED,short,ARMED,one close through touch extreme,,,,,,
gbpjpy,2026-06-22T12:00:00+00:00,INVALIDATED,short,ARMED,two consecutive closes through touch extreme,,,,,,
gbpjpy,2026-06-30T04:00:00+00:00,GC,long,SEARCH_TOUCH,new long search,,,,,,
gbpjpy,2026-06-30T12:00:00+00:00,ARMED,long,ARMED,first EMA20 touch,2026-06-30T12:00:00+00:00,215.771,,,,
gbpjpy,2026-07-06T04:00:00+00:00,TRIGGERED,long,ARMED,entry conditions satisfied,,215.771,2026-07-06T04:00:00+00:00,True,True,False
gbpjpy,2026-07-31T12:00:00+00:00,DC,short,SEARCH_TOUCH,new short search,,,,,,
gbpjpy,2026-08-06T08:00:00+00:00,ARMED,short,ARMED,first EMA20 touch,2026-08-06T08:00:00+00:00,212.37,,,,
gbpjpy,2026-08-06T12:00:00+00:00,BREACH_TOLERATED,short,ARMED,one close through touch extreme,,,,,,
gbpjpy,2026-08-06T16:00:00+00:00,INVALIDATED,short,ARMED,two consecutive closes through touch extreme,,,,,,
gbpjpy,2026-08-17T08:00:00+00:00,GC,long,SEARCH_TOUCH,new long search,,,,,,
gbpjpy,2026-08-19T00:00:00+00:00,ARMED,long,ARMED,first EMA20 touch,2026-08-19T00:00:00+00:00,215.972,,,,
gbpjpy,2026-08-19T08:00:00+00:00,BREACH_TOLERATED,long,ARMED,one close through touch extreme,,,,,,
gbpjpy,2026-08-19T12:00:00+00:00,INVALIDATED,long,ARMED,two consecutive closes through touch extreme,,,,,,
gbpjpy,2026-09-02T20:00:00+00:00,DC,short,SEARCH_TOUCH,new short search,,,,,,
gbpjpy,2026-09-10T12:00:00+00:00,ARMED,short,ARMED,first EMA20 touch,2026-09-10T12:00:00+00:00,207.939,,,,
gbpjpy,2026-09-15T12:00:00+00:00,BREACH_TOLERATED,short,ARMED,one close through touch extreme,,,,,,
gbpjpy,2026-09-15T16:00:00+00:00,INVALIDATED,short,ARMED,two consecutive closes through touch extreme,,,,,,
audjpy,2021-01-04T00:00:00+00:00,DC,short,SEARCH_TOUCH,new short search,,,,,,
audjpy,2021-01-04T12:00:00+00:00,ARMED,short,ARMED,first EMA20 touch,2021-01-04T12:00:00+00:00,79.212,,,,
audjpy,2021-01-05T16:00:00+00:00,BREACH_TOLERATED,short,ARMED,one close through touch extreme,,,,,,
audjpy,2021-01-05T20:00:00+00:00,INVALIDATED,short,ARMED,two consecutive closes through touch extreme,,,,,,
audjpy,2021-01-06T08:00:00+00:00,GC,long,SEARCH_TOUCH,new long search,,,,,,
audjpy,2021-01-10T20:00:00+00:00,ARMED,long,ARMED,first EMA20 touch,2021-01-10T20:00:00+00:00,80.686,,,,
audjpy,2021-01-11T04:00:00+00:00,BREACH_TOLERATED,long,ARMED,one close through touch extreme,,,,,,
audjpy,2021-01-11T08:00:00+00:00,INVALIDATED,long,ARMED,two consecutive closes through touch extreme,,,,,,
audjpy,2021-01-28T04:00:00+00:00,DC,short,SEARCH_TOUCH,new short search,,,,,,
audjpy,2021-01-28T12:00:00+00:00,ARMED,short,ARMED,first EMA20 touch,2021-01-28T12:00:00+00:00,79.286,,,,
audjpy,2021-01-28T16:00:00+00:00,BREACH_TOLERATED,short,ARMED,one close through touch extreme,,,,,,
audjpy,2021-01-29T08:00:00+00:00,REVERSE_CROSS_INVALIDATION,short,ARMED,reverse cross while armed,,,,,,
audjpy,2021-02-02T12:00:00+00:00,DC,short,SEARCH_TOUCH,new short search,,,,,,
audjpy,2021-02-02T20:00:00+00:00,ARMED,short,ARMED,first EMA20 touch,2021-02-02T20:00:00+00:00,79.742,,,,
audjpy,2021-02-03T04:00:00+00:00,BREACH_TOLERATED,short,ARMED,one close through touch extreme,,,,,,
audjpy,2021-02-03T08:00:00+00:00,INVALIDATED,short,ARMED,two consecutive closes through touch extreme,,,,,,
audjpy,2021-02-03T16:00:00+00:00,GC,long,SEARCH_TOUCH,new long search,,,,,,
audjpy,2021-02-03T20:00:00+00:00,ARMED,long,ARMED,first EMA20 touch,2021-02-03T20:00:00+00:00,80.187,,,,
audjpy,2021-02-17T00:00:00+00:00,TRIGGERED,long,ARMED,entry conditions satisfied,,80.187,2021-02-17T00:00:00+00:00,True,True,False
audjpy,2021-03-25T16:00:00+00:00,DC,short,SEARCH_TOUCH,new short search,,,,,,
audjpy,2021-03-26T00:00:00+00:00,ARMED,short,ARMED,first EMA20 touch,2021-03-26T00:00:00+00:00,82.828,,,,
audjpy,2021-03-26T04:00:00+00:00,REVERSE_CROSS_INVALIDATION,short,ARMED,reverse cross while armed,,,,,,
audjpy,2021-04-12T08:00:00+00:00,DC,short,SEARCH_TOUCH,new short search,,,,,,
audjpy,2021-04-13T16:00:00+00:00,ARMED,short,ARMED,first EMA20 touch,2021-04-13T16:00:00+00:00,83.289,,,,
audjpy,2021-04-14T04:00:00+00:00,BREACH_TOLERATED,short,ARMED,one close through touch extreme,,,,,,
audjpy,2021-04-14T08:00:00+00:00,INVALIDATED,short,ARMED,two consecutive closes through touch extreme,,,,,,
audjpy,2021-04-14T12:00:00+00:00,GC,long,SEARCH_TOUCH,new long search,,,,,,
audjpy,2021-04-18T20:00:00+00:00,ARMED,long,ARMED,first EMA20 touch,2021-04-18T20:00:00+00:00,84.111,,,,
audjpy,2021-04-19T12:00:00+00:00,BREACH_TOLERATED,long,ARMED,one close through touch extreme,,,,,,
audjpy,2021-04-20T08:00:00+00:00,TRIGGERED,long,ARMED,entry conditions satisfied,,84.111,2021-04-20T08:00:00+00:00,True,True,False
audjpy,2021-04-22T20:00:00+00:00,DC,short,SEARCH_TOUCH,new short search,,,,,,
audjpy,2021-04-23T12:00:00+00:00,ARMED,short,ARMED,first EMA20 touch,2021-04-23T12:00:00+00:00,83.179,,,,
audjpy,2021-04-23T16:00:00+00:00,BREACH_TOLERATED,short,ARMED,one close through touch extreme,,,,,,
audjpy,2021-04-26T00:00:00+00:00,BREACH_TOLERATED,short,ARMED,one close through touch extreme,,,,,,
audjpy,2021-04-26T04:00:00+00:00,INVALIDATED,short,ARMED,two consecutive closes through touch extreme,,,,,,
audjpy,2021-04-26T12:00:00+00:00,GC,long,SEARCH_TOUCH,new long search,,,,,,
audjpy,2021-04-29T16:00:00+00:00,ARMED,long,ARMED,first EMA20 touch,2021-04-29T16:00:00+00:00,84.671,,,,
audjpy,2021-04-29T20:00:00+00:00,TRIGGERED,long,ARMED,entry conditions satisfied,,84.671,2021-04-29T20:00:00+00:00,True,True,False
audjpy,2021-05-24T04:00:00+00:00,DC,short,SEARCH_TOUCH,new short search,,,,,,
audjpy,2021-05-24T16:00:00+00:00,ARMED,short,ARMED,first EMA20 touch,2021-05-24T16:00:00+00:00,84.211,,,,
audjpy,2021-05-25T04:00:00+00:00,BREACH_TOLERATED,short,ARMED,one close through touch extreme,,,,,,
audjpy,2021-05-25T08:00:00+00:00,INVALIDATED,short,ARMED,two consecutive closes through touch extreme,,,,,,
audjpy,2021-05-26T00:00:00+00:00,GC,long,SEARCH_TOUCH,new long search,,,,,,
audjpy,2021-05-26T12:00:00+00:00,ARMED,long,ARMED,first EMA20 touch,2021-05-26T12:00:00+00:00,84.654,,,,
audjpy,2021-05-27T20:00:00+00:00,TRIGGERED,long,ARMED,entry conditions satisfied,,84.654,2021-05-27T20:00:00+00:00,True,True,False
audjpy,2021-06-17T04:00:00+00:00,DC,short,SEARCH_TOUCH,new short search,,,,,,
audjpy,2021-06-21T16:00:00+00:00,ARMED,short,ARMED,first EMA20 touch,2021-06-21T16:00:00+00:00,82.959,,,,
audjpy,2021-06-22T04:00:00+00:00,TRIGGERED,short,ARMED,entry conditions satisfied,,82.959,2021-06-22T04:00:00+00:00,False,False,True
audjpy,2021-09-02T04:00:00+00:00,GC,long,SEARCH_TOUCH,new long search,,,,,,
audjpy,2021-09-07T04:00:00+00:00,ARMED,long,ARMED,first EMA20 touch,2021-09-07T04:00:00+00:00,81.989,,,,
audjpy,2021-09-07T08:00:00+00:00,BREACH_TOLERATED,long,ARMED,one close through touch extreme,,,,,,
audjpy,2021-09-08T04:00:00+00:00,BREACH_TOLERATED,long,ARMED,one close through touch extreme,,,,,,
audjpy,2021-09-08T08:00:00+00:00,INVALIDATED,long,ARMED,two consecutive closes through touch extreme,,,,,,
audjpy,2021-09-14T20:00:00+00:00,DC,short,SEARCH_TOUCH,new short search,,,,,,
audjpy,2021-09-17T04:00:00+00:00,ARMED,short,ARMED,first EMA20 touch,2021-09-17T04:00:00+00:00,80.131,,,,
audjpy,2021-09-17T20:00:00+00:00,TRIGGERED,short,ARMED,entry conditions satisfied,,80.131,2021-09-17T20:00:00+00:00,False,False,True
audjpy,2021-09-28T08:00:00+00:00,GC,long,SEARCH_TOUCH,new long search,,,,,,
audjpy,2021-09-28T12:00:00+00:00,ARMED,long,ARMED,first EMA20 touch,2021-09-28T12:00:00+00:00,80.889,,,,
audjpy,2021-09-29T12:00:00+00:00,BREACH_TOLERATED,long,ARMED,one close through touch extreme,,,,,,
audjpy,2021-09-29T16:00:00+00:00,INVALIDATED,long,ARMED,two consecutive closes through touch extreme,,,,,,
audjpy,2021-10-01T04:00:00+00:00,DC,short,SEARCH_TOUCH,new short search,,,,,,
audjpy,2021-10-01T08:00:00+00:00,ARMED,short,ARMED,first EMA20 touch,2021-10-01T08:00:00+00:00,80.104,,,,
audjpy,2021-10-01T12:00:00+00:00,REVERSE_CROSS_INVALIDATION,short,ARMED,reverse cross while armed,,,,,,
audjpy,2021-11-10T16:00:00+00:00,DC,short,SEARCH_TOUCH,new short search,,,,,,
audjpy,2021-11-11T00:00:00+00:00,ARMED,short,ARMED,first EMA20 touch,2021-11-11T00:00:00+00:00,83.221,,,,
audjpy,2021-11-15T04:00:00+00:00,BREACH_TOLERATED,short,ARMED,one close through touch extreme,,,,,,
audjpy,2021-11-15T08:00:00+00:00,INVALIDATED,short,ARMED,two consecutive closes through touch extreme,,,,,,
audjpy,2021-11-16T04:00:00+00:00,GC,long,SEARCH_TOUCH,new long search,,,,,,
audjpy,2021-11-16T16:00:00+00:00,ARMED,long,ARMED,first EMA20 touch,2021-11-16T16:00:00+00:00,83.843,,,,
audjpy,2021-11-17T00:00:00+00:00,BREACH_TOLERATED,long,ARMED,one close through touch extreme,,,,,,
audjpy,2021-11-17T08:00:00+00:00,BREACH_TOLERATED,long,ARMED,one close through touch extreme,,,,,,
audjpy,2021-11-17T12:00:00+00:00,INVALIDATED,long,ARMED,two consecutive closes through touch extreme,,,,,,
audjpy,2021-11-17T16:00:00+00:00,DC,short,SEARCH_TOUCH,new short search,,,,,,
audjpy,2021-11-19T04:00:00+00:00,ARMED,short,ARMED,first EMA20 touch,2021-11-19T04:00:00+00:00,83.14,,,,
audjpy,2021-11-19T08:00:00+00:00,TRIGGERED,short,ARMED,entry conditions satisfied,,83.14,2021-11-19T08:00:00+00:00,False,False,True
audjpy,2021-12-23T08:00:00+00:00,GC,long,SEARCH_TOUCH,new long search,,,,,,
audjpy,2021-12-26T20:00:00+00:00,ARMED,long,ARMED,first EMA20 touch,2021-12-26T20:00:00+00:00,82.75,,,,
audjpy,2021-12-27T12:00:00+00:00,TRIGGERED,long,ARMED,entry conditions satisfied,,82.75,2021-12-27T12:00:00+00:00,True,True,False
audjpy,2022-01-15T08:00:00+00:00,DC,short,SEARCH_TOUCH,new short search,,,,,,
audjpy,2022-01-17T00:00:00+00:00,ARMED,short,ARMED,first EMA20 touch,2022-01-17T00:00:00+00:00,82.346,,,,
audjpy,2022-01-17T04:00:00+00:00,BREACH_TOLERATED,short,ARMED,one close through touch extreme,,,,,,
audjpy,2022-01-17T08:00:00+00:00,INVALIDATED,short,ARMED,two consecutive closes through touch extreme,,,,,,
audjpy,2022-02-08T16:00:00+00:00,GC,long,SEARCH_TOUCH,new long search,,,,,,
audjpy,2022-02-11T00:00:00+00:00,ARMED,long,ARMED,first EMA20 touch,2022-02-11T00:00:00+00:00,83.111,,,,
audjpy,2022-02-11T04:00:00+00:00,BREACH_TOLERATED,long,ARMED,one close through touch extreme,,,,,,
audjpy,2022-02-11T12:00:00+00:00,TRIGGERED,long,ARMED,entry conditions satisfied,,83.111,2022-02-11T12:00:00+00:00,True,True,False
audjpy,2022-05-10T08:00:00+00:00,DC,short,SEARCH_TOUCH,new short search,,,,,,
audjpy,2022-05-11T12:00:00+00:00,ARMED,short,ARMED,first EMA20 touch,2022-05-11T12:00:00+00:00,90.596,,,,
audjpy,2022-05-11T20:00:00+00:00,TRIGGERED,short,ARMED,entry conditions satisfied,,90.596,2022-05-11T20:00:00+00:00,False,False,True
audjpy,2022-05-30T12:00:00+00:00,GC,long,SEARCH_TOUCH,new long search,,,,,,
audjpy,2022-06-09T08:00:00+00:00,ARMED,long,ARMED,first EMA20 touch,2022-06-09T08:00:00+00:00,96.163,,,,
audjpy,2022-06-09T12:00:00+00:00,BREACH_TOLERATED,long,ARMED,one close through touch extreme,,,,,,
audjpy,2022-06-09T16:00:00+00:00,INVALIDATED,long,ARMED,two consecutive closes through touch extreme,,,,,,
audjpy,2022-07-01T16:00:00+00:00,DC,short,SEARCH_TOUCH,new short search,,,,,,
audjpy,2022-07-04T04:00:00+00:00,ARMED,short,ARMED,first EMA20 touch,2022-07-04T04:00:00+00:00,91.944,,,,
audjpy,2022-07-04T08:00:00+00:00,BREACH_TOLERATED,short,ARMED,one close through touch extreme,,,,,,
audjpy,2022-07-04T12:00:00+00:00,INVALIDATED,short,ARMED,two consecutive closes through touch extreme,,,,,,
audjpy,2022-07-14T12:00:00+00:00,GC,long,SEARCH_TOUCH,new long search,,,,,,
audjpy,2022-07-15T04:00:00+00:00,ARMED,long,ARMED,first EMA20 touch,2022-07-15T04:00:00+00:00,93.798,,,,
audjpy,2022-07-20T20:00:00+00:00,TRIGGERED,long,ARMED,entry conditions satisfied,,93.798,2022-07-20T20:00:00+00:00,True,True,False
audjpy,2022-08-01T00:00:00+00:00,DC,short,SEARCH_TOUCH,new short search,,,,,,
audjpy,2022-08-03T00:00:00+00:00,ARMED,short,ARMED,first EMA20 touch,2022-08-03T00:00:00+00:00,91.844,,,,
audjpy,2022-08-03T08:00:00+00:00,BREACH_TOLERATED,short,ARMED,one close through touch extreme,,,,,,
audjpy,2022-08-03T12:00:00+00:00,INVALIDATED,short,ARMED,two consecutive closes through touch extreme,,,,,,
audjpy,2022-08-09T00:00:00+00:00,GC,long,SEARCH_TOUCH,new long search,,,,,,
audjpy,2022-08-10T12:00:00+00:00,ARMED,long,ARMED,first EMA20 touch,2022-08-10T12:00:00+00:00,94.194,,,,
audjpy,2022-08-12T16:00:00+00:00,TRIGGERED,long,ARMED,entry conditions satisfied,,94.194,2022-08-12T16:00:00+00:00,True,True,False
audjpy,2022-09-22T08:00:00+00:00,DC,short,SEARCH_TOUCH,new short search,,,,,,
audjpy,2022-09-26T00:00:00+00:00,ARMED,short,ARMED,first EMA20 touch,2022-09-26T00:00:00+00:00,93.288,,,,
audjpy,2022-09-27T12:00:00+00:00,TRIGGERED,short,ARMED,entry conditions satisfied,,93.288,2022-09-27T12:00:00+00:00,False,False,True
audjpy,2022-10-20T12:00:00+00:00,GC,long,SEARCH_TOUCH,new long search,,,,,,
audjpy,2022-10-21T12:00:00+00:00,ARMED,long,ARMED,first EMA20 touch,2022-10-21T12:00:00+00:00,95.741,,,,
audjpy,2022-11-03T16:00:00+00:00,REVERSE_CROSS_INVALIDATION,long,ARMED,reverse cross while armed,,,,,,
audjpy,2022-11-04T16:00:00+00:00,GC,long,SEARCH_TOUCH,new long search,,,,,,
audjpy,2022-11-06T20:00:00+00:00,ARMED,long,ARMED,first EMA20 touch,2022-11-06T20:00:00+00:00,94.69,,,,
audjpy,2022-11-09T20:00:00+00:00,BREACH_TOLERATED,long,ARMED,one close through touch extreme,,,,,,
audjpy,2022-11-10T00:00:00+00:00,INVALIDATED,long,ARMED,two consecutive closes through touch extreme,,,,,,
audjpy,2022-11-10T16:00:00+00:00,DC,short,SEARCH_TOUCH,new short search,,,,,,
audjpy,2022-11-11T04:00:00+00:00,ARMED,short,ARMED,first EMA20 touch,2022-11-11T04:00:00+00:00,93.726,,,,
audjpy,2022-11-15T12:00:00+00:00,BREACH_TOLERATED,short,ARMED,one close through touch extreme,,,,,,
audjpy,2022-11-16T00:00:00+00:00,BREACH_TOLERATED,short,ARMED,one close through touch extreme,,,,,,
audjpy,2022-11-16T04:00:00+00:00,INVALIDATED,short,ARMED,two consecutive closes through touch extreme,,,,,,
audjpy,2023-01-09T08:00:00+00:00,GC,long,SEARCH_TOUCH,new long search,,,,,,
audjpy,2023-01-10T00:00:00+00:00,ARMED,long,ARMED,first EMA20 touch,2023-01-10T00:00:00+00:00,91.302,,,,
audjpy,2023-01-12T04:00:00+00:00,BREACH_TOLERATED,long,ARMED,one close through touch extreme,,,,,,
audjpy,2023-01-12T08:00:00+00:00,INVALIDATED,long,ARMED,two consecutive closes through touch extreme,,,,,,
audjpy,2023-01-12T20:00:00+00:00,DC,short,SEARCH_TOUCH,new short search,,,,,,
audjpy,2023-01-16T00:00:00+00:00,ARMED,short,ARMED,first EMA20 touch,2023-01-16T00:00:00+00:00,89.155,,,,
audjpy,2023-01-17T00:00:00+00:00,BREACH_TOLERATED,short,ARMED,one close through touch extreme,,,,,,
audjpy,2023-01-17T04:00:00+00:00,INVALIDATED,short,ARMED,two consecutive closes through touch extreme,,,,,,
audjpy,2023-01-23T12:00:00+00:00,GC,long,SEARCH_TOUCH,new long search,,,,,,
audjpy,2023-01-25T12:00:00+00:00,ARMED,long,ARMED,first EMA20 touch,2023-01-25T12:00:00+00:00,91.969,,,,
audjpy,2023-01-26T04:00:00+00:00,TRIGGERED,long,ARMED,entry conditions satisfied,,91.969,2023-01-26T04:00:00+00:00,True,True,False
audjpy,2023-02-05T00:00:00+00:00,DC,short,SEARCH_TOUCH,new short search,,,,,,
audjpy,2023-02-05T20:00:00+00:00,ARMED,short,ARMED,first EMA20 touch,2023-02-05T20:00:00+00:00,90.755,,,,
audjpy,2023-02-06T08:00:00+00:00,REVERSE_CROSS_INVALIDATION,short,ARMED,reverse cross while armed,,,,,,
audjpy,2023-02-10T20:00:00+00:00,DC,short,SEARCH_TOUCH,new short search,,,,,,
audjpy,2023-02-12T20:00:00+00:00,ARMED,short,ARMED,first EMA20 touch,2023-02-12T20:00:00+00:00,90.766,,,,
audjpy,2023-02-13T00:00:00+00:00,BREACH_TOLERATED,short,ARMED,one close through touch extreme,,,,,,
audjpy,2023-02-13T04:00:00+00:00,INVALIDATED,short,ARMED,two consecutive closes through touch extreme,,,,,,
audjpy,2023-02-13T08:00:00+00:00,GC,long,SEARCH_TOUCH,new long search,,,,,,
audjpy,2023-02-15T04:00:00+00:00,ARMED,long,ARMED,first EMA20 touch,2023-02-15T04:00:00+00:00,92.373,,,,
audjpy,2023-02-15T16:00:00+00:00,TRIGGERED,long,ARMED,entry conditions satisfied,,92.373,2023-02-15T16:00:00+00:00,True,True,False
audjpy,2023-03-07T04:00:00+00:00,DC,short,SEARCH_TOUCH,new short search,,,,,,
audjpy,2023-03-13T08:00:00+00:00,ARMED,short,ARMED,first EMA20 touch,2023-03-13T08:00:00+00:00,88.061,,,,
audjpy,2023-03-14T20:00:00+00:00,BREACH_TOLERATED,short,ARMED,one close through touch extreme,,,,,,
audjpy,2023-03-15T00:00:00+00:00,INVALIDATED,short,ARMED,two consecutive closes through touch extreme,,,,,,
audjpy,2023-04-13T20:00:00+00:00,GC,long,SEARCH_TOUCH,new long search,,,,,,
audjpy,2023-04-21T00:00:00+00:00,ARMED,long,ARMED,first EMA20 touch,2023-04-21T00:00:00+00:00,90.466,,,,
audjpy,2023-04-21T04:00:00+00:00,BREACH_TOLERATED,long,ARMED,one close through touch extreme,,,,,,
audjpy,2023-04-21T08:00:00+00:00,INVALIDATED,long,ARMED,two consecutive closes through touch extreme,,,,,,
audjpy,2023-04-26T00:00:00+00:00,DC,short,SEARCH_TOUCH,new short search,,,,,,
audjpy,2023-04-27T16:00:00+00:00,ARMED,short,ARMED,first EMA20 touch,2023-04-27T16:00:00+00:00,88.607,,,,
audjpy,2023-04-28T04:00:00+00:00,BREACH_TOLERATED,short,ARMED,one close through touch extreme,,,,,,
audjpy,2023-04-28T08:00:00+00:00,INVALIDATED,short,ARMED,two consecutive closes through touch extreme,,,,,,
audjpy,2023-05-01T00:00:00+00:00,GC,long,SEARCH_TOUCH,new long search,,,,,,
audjpy,2023-05-03T04:00:00+00:00,ARMED,long,ARMED,first EMA20 touch,2023-05-03T04:00:00+00:00,90.759,,,,
audjpy,2023-05-03T08:00:00+00:00,BREACH_TOLERATED,long,ARMED,one close through touch extreme,,,,,,
audjpy,2023-05-03T12:00:00+00:00,INVALIDATED,long,ARMED,two consecutive closes through touch extreme,,,,,,
audjpy,2023-07-11T04:00:00+00:00,DC,short,SEARCH_TOUCH,new short search,,,,,,
audjpy,2023-07-12T12:00:00+00:00,ARMED,short,ARMED,first EMA20 touch,2023-07-12T12:00:00+00:00,93.224,,,,
audjpy,2023-07-13T00:00:00+00:00,BREACH_TOLERATED,short,ARMED,one close through touch extreme,,,,,,
audjpy,2023-07-13T04:00:00+00:00,INVALIDATED,short,ARMED,two consecutive closes through touch extreme,,,,,,
audjpy,2023-07-15T12:00:00+00:00,GC,long,SEARCH_TOUCH,new long search,,,,,,
audjpy,2023-07-16T20:00:00+00:00,ARMED,long,ARMED,first EMA20 touch,2023-07-16T20:00:00+00:00,94.928,,,,
audjpy,2023-07-17T00:00:00+00:00,BREACH_TOLERATED,long,ARMED,one close through touch extreme,,,,,,
audjpy,2023-07-17T04:00:00+00:00,INVALIDATED,long,ARMED,two consecutive closes through touch extreme,,,,,,
audjpy,2023-07-17T08:00:00+00:00,DC,short,SEARCH_TOUCH,new short search,,,,,,
audjpy,2023-07-17T12:00:00+00:00,ARMED,short,ARMED,first EMA20 touch,2023-07-17T12:00:00+00:00,94.21,,,,
audjpy,2023-07-18T04:00:00+00:00,TRIGGERED,short,ARMED,entry conditions satisfied,,94.21,2023-07-18T04:00:00+00:00,False,False,True
audjpy,2023-07-20T08:00:00+00:00,GC,long,SEARCH_TOUCH,new long search,,,,,,
audjpy,2023-07-20T20:00:00+00:00,ARMED,long,ARMED,first EMA20 touch,2023-07-20T20:00:00+00:00,94.984,,,,
audjpy,2023-07-26T08:00:00+00:00,BREACH_TOLERATED,long,ARMED,one close through touch extreme,,,,,,
audjpy,2023-07-27T16:00:00+00:00,BREACH_TOLERATED,long,ARMED,one close through touch extreme,,,,,,
audjpy,2023-07-27T20:00:00+00:00,REVERSE_CROSS_INVALIDATION,long,ARMED,reverse cross while armed,,,,,,
audjpy,2023-08-29T16:00:00+00:00,GC,long,SEARCH_TOUCH,new long search,,,,,,
audjpy,2023-08-30T00:00:00+00:00,ARMED,long,ARMED,first EMA20 touch,2023-08-30T00:00:00+00:00,94.67,,,,
audjpy,2023-09-01T00:00:00+00:00,BREACH_TOLERATED,long,ARMED,one close through touch extreme,,,,,,
audjpy,2023-09-01T08:00:00+00:00,BREACH_TOLERATED,long,ARMED,one close through touch extreme,,,,,,
audjpy,2023-09-05T04:00:00+00:00,BREACH_TOLERATED,long,ARMED,one close through touch extreme,,,,,,
audjpy,2023-09-05T08:00:00+00:00,INVALIDATED,long,ARMED,two consecutive closes through touch extreme,,,,,,
audjpy,2023-09-07T12:00:00+00:00,DC,short,SEARCH_TOUCH,new short search,,,,,,
audjpy,2023-09-08T04:00:00+00:00,ARMED,short,ARMED,first EMA20 touch,2023-09-08T04:00:00+00:00,93.965,,,,
audjpy,2023-09-08T16:00:00+00:00,REVERSE_CROSS_INVALIDATION,short,ARMED,reverse cross while armed,,,,,,
audjpy,2023-09-11T00:00:00+00:00,DC,short,SEARCH_TOUCH,new short search,,,,,,
audjpy,2023-09-11T04:00:00+00:00,ARMED,short,ARMED,first EMA20 touch,2023-09-11T04:00:00+00:00,93.909,,,,
audjpy,2023-09-11T08:00:00+00:00,REVERSE_CROSS_INVALIDATION,short,ARMED,reverse cross while armed,,,,,,
audjpy,2023-10-04T08:00:00+00:00,DC,short,SEARCH_TOUCH,new short search,,,,,,
audjpy,2023-10-05T00:00:00+00:00,ARMED,short,ARMED,first EMA20 touch,2023-10-05T00:00:00+00:00,94.205,,,,
audjpy,2023-10-06T00:00:00+00:00,BREACH_TOLERATED,short,ARMED,one close through touch extreme,,,,,,
audjpy,2023-10-06T04:00:00+00:00,INVALIDATED,short,ARMED,two consecutive closes through touch extreme,,,,,,
audjpy,2023-10-06T20:00:00+00:00,GC,long,SEARCH_TOUCH,new long search,,,,,,
audjpy,2023-10-08T20:00:00+00:00,ARMED,long,ARMED,first EMA20 touch,2023-10-08T20:00:00+00:00,95.004,,,,
audjpy,2023-10-10T20:00:00+00:00,TRIGGERED,long,ARMED,entry conditions satisfied,,95.004,2023-10-10T20:00:00+00:00,True,True,False
audjpy,2023-10-13T20:00:00+00:00,DC,short,SEARCH_TOUCH,new short search,,,,,,
audjpy,2023-10-16T12:00:00+00:00,ARMED,short,ARMED,first EMA20 touch,2023-10-16T12:00:00+00:00,94.501,,,,
audjpy,2023-10-16T16:00:00+00:00,BREACH_TOLERATED,short,ARMED,one close through touch extreme,,,,,,
audjpy,2023-10-17T00:00:00+00:00,BREACH_TOLERATED,short,ARMED,one close through touch extreme,,,,,,
audjpy,2023-10-17T04:00:00+00:00,INVALIDATED,short,ARMED,two consecutive closes through touch extreme,,,,,,
audjpy,2023-10-17T12:00:00+00:00,GC,long,SEARCH_TOUCH,new long search,,,,,,
audjpy,2023-10-18T12:00:00+00:00,ARMED,long,ARMED,first EMA20 touch,2023-10-18T12:00:00+00:00,95.336,,,,
audjpy,2023-10-18T20:00:00+00:00,BREACH_TOLERATED,long,ARMED,one close through touch extreme,,,,,,
audjpy,2023-10-19T00:00:00+00:00,INVALIDATED,long,ARMED,two consecutive closes through touch extreme,,,,,,
audjpy,2023-10-19T08:00:00+00:00,DC,short,SEARCH_TOUCH,new short search,,,,,,
audjpy,2023-10-19T16:00:00+00:00,ARMED,short,ARMED,first EMA20 touch,2023-10-19T16:00:00+00:00,94.664,,,,
audjpy,2023-10-20T04:00:00+00:00,TRIGGERED,short,ARMED,entry conditions satisfied,,94.664,2023-10-20T04:00:00+00:00,False,False,True
audjpy,2023-10-24T12:00:00+00:00,GC,long,SEARCH_TOUCH,new long search,,,,,,
audjpy,2023-10-25T08:00:00+00:00,ARMED,long,ARMED,first EMA20 touch,2023-10-25T08:00:00+00:00,95.349,,,,
audjpy,2023-10-25T16:00:00+00:00,BREACH_TOLERATED,long,ARMED,one close through touch extreme,,,,,,
audjpy,2023-10-25T20:00:00+00:00,INVALIDATED,long,ARMED,two consecutive closes through touch extreme,,,,,,
audjpy,2023-12-06T04:00:00+00:00,DC,short,SEARCH_TOUCH,new short search,,,,,,
audjpy,2023-12-11T04:00:00+00:00,ARMED,short,ARMED,first EMA20 touch,2023-12-11T04:00:00+00:00,95.364,,,,
audjpy,2023-12-11T12:00:00+00:00,BREACH_TOLERATED,short,ARMED,one close through touch extreme,,,,,,
audjpy,2023-12-14T12:00:00+00:00,TRIGGERED,short,ARMED,entry conditions satisfied,,95.364,2023-12-14T12:00:00+00:00,False,False,True
audjpy,2023-12-20T12:00:00+00:00,GC,long,SEARCH_TOUCH,new long search,,,,,,
audjpy,2023-12-20T20:00:00+00:00,ARMED,long,ARMED,first EMA20 touch,2023-12-20T20:00:00+00:00,97.027,,,,
audjpy,2023-12-25T00:00:00+00:00,BREACH_TOLERATED,long,ARMED,one close through touch extreme,,,,,,
audjpy,2023-12-28T08:00:00+00:00,BREACH_TOLERATED,long,ARMED,one close through touch extreme,,,,,,
audjpy,2023-12-29T08:00:00+00:00,BREACH_TOLERATED,long,ARMED,one close through touch extreme,,,,,,
audjpy,2023-12-29T12:00:00+00:00,INVALIDATED,long,ARMED,two consecutive closes through touch extreme,,,,,,
audjpy,2023-12-29T20:00:00+00:00,DC,short,SEARCH_TOUCH,new short search,,,,,,
audjpy,2024-01-02T00:00:00+00:00,ARMED,short,ARMED,first EMA20 touch,2024-01-02T00:00:00+00:00,96.09,,,,
audjpy,2024-01-02T16:00:00+00:00,TRIGGERED,short,ARMED,entry conditions satisfied,,96.09,2024-01-02T16:00:00+00:00,False,False,True
audjpy,2024-01-04T20:00:00+00:00,GC,long,SEARCH_TOUCH,new long search,,,,,,
audjpy,2024-01-08T00:00:00+00:00,ARMED,long,ARMED,first EMA20 touch,2024-01-08T00:00:00+00:00,97.288,,,,
audjpy,2024-01-08T04:00:00+00:00,BREACH_TOLERATED,long,ARMED,one close through touch extreme,,,,,,
audjpy,2024-01-08T08:00:00+00:00,INVALIDATED,long,ARMED,two consecutive closes through touch extreme,,,,,,
audjpy,2024-02-01T04:00:00+00:00,DC,short,SEARCH_TOUCH,new short search,,,,,,
audjpy,2024-02-02T04:00:00+00:00,ARMED,short,ARMED,first EMA20 touch,2024-02-02T04:00:00+00:00,96.462,,,,
audjpy,2024-02-02T08:00:00+00:00,BREACH_TOLERATED,short,ARMED,one close through touch extreme,,,,,,
audjpy,2024-02-05T04:00:00+00:00,BREACH_TOLERATED,short,ARMED,one close through touch extreme,,,,,,
audjpy,2024-02-08T00:00:00+00:00,BREACH_TOLERATED,short,ARMED,one close through touch extreme,,,,,,
audjpy,2024-02-08T04:00:00+00:00,INVALIDATED,short,ARMED,two consecutive closes through touch extreme,,,,,,
audjpy,2024-02-09T12:00:00+00:00,GC,long,SEARCH_TOUCH,new long search,,,,,,
audjpy,2024-02-11T20:00:00+00:00,ARMED,long,ARMED,first EMA20 touch,2024-02-11T20:00:00+00:00,97.362,,,,
audjpy,2024-02-14T08:00:00+00:00,TRIGGERED,long,ARMED,entry conditions satisfied,,97.362,2024-02-14T08:00:00+00:00,True,True,False
audjpy,2024-03-06T08:00:00+00:00,DC,short,SEARCH_TOUCH,new short search,,,,,,
audjpy,2024-03-06T12:00:00+00:00,REVERSE_CROSS_INVALIDATION,short,SEARCH_TOUCH,reverse cross before touch,,,,,,
audjpy,2024-03-08T20:00:00+00:00,DC,short,SEARCH_TOUCH,new short search,,,,,,
audjpy,2024-03-12T00:00:00+00:00,ARMED,short,ARMED,first EMA20 touch,2024-03-12T00:00:00+00:00,97.011,,,,
audjpy,2024-03-13T04:00:00+00:00,BREACH_TOLERATED,short,ARMED,one close through touch extreme,,,,,,
audjpy,2024-03-13T08:00:00+00:00,INVALIDATED,short,ARMED,two consecutive closes through touch extreme,,,,,,
audjpy,2024-03-18T08:00:00+00:00,GC,long,SEARCH_TOUCH,new long search,,,,,,
audjpy,2024-03-18T16:00:00+00:00,ARMED,long,ARMED,first EMA20 touch,2024-03-18T16:00:00+00:00,97.849,,,,
audjpy,2024-03-21T12:00:00+00:00,TRIGGERED,long,ARMED,entry conditions satisfied,,97.849,2024-03-21T12:00:00+00:00,True,True,False
audjpy,2024-07-17T16:00:00+00:00,DC,short,SEARCH_TOUCH,new short search,,,,,,
audjpy,2024-07-21T20:00:00+00:00,ARMED,short,ARMED,first EMA20 touch,2024-07-21T20:00:00+00:00,105.159,,,,
audjpy,2024-07-22T00:00:00+00:00,TRIGGERED,short,ARMED,entry conditions satisfied,,105.159,2024-07-22T00:00:00+00:00,False,False,True
audjpy,2024-09-23T08:00:00+00:00,GC,long,SEARCH_TOUCH,new long search,,,,,,
audjpy,2024-09-27T04:00:00+00:00,ARMED,long,ARMED,first EMA20 touch,2024-09-27T04:00:00+00:00,100.721,,,,
audjpy,2024-09-27T16:00:00+00:00,BREACH_TOLERATED,long,ARMED,one close through touch extreme,,,,,,
audjpy,2024-09-27T20:00:00+00:00,INVALIDATED,long,ARMED,two consecutive closes through touch extreme,,,,,,
audjpy,2024-11-26T04:00:00+00:00,DC,short,SEARCH_TOUCH,new short search,,,,,,
audjpy,2024-12-05T12:00:00+00:00,ARMED,short,ARMED,first EMA20 touch,2024-12-05T12:00:00+00:00,96.622,,,,
audjpy,2024-12-06T12:00:00+00:00,TRIGGERED,short,ARMED,entry conditions satisfied,,96.622,2024-12-06T12:00:00+00:00,False,False,True
audjpy,2025-01-07T04:00:00+00:00,GC,long,SEARCH_TOUCH,new long search,,,,,,
audjpy,2025-01-07T20:00:00+00:00,ARMED,long,ARMED,first EMA20 touch,2025-01-07T20:00:00+00:00,98.658,,,,
audjpy,2025-01-08T08:00:00+00:00,BREACH_TOLERATED,long,ARMED,one close through touch extreme,,,,,,
audjpy,2025-01-08T20:00:00+00:00,BREACH_TOLERATED,long,ARMED,one close through touch extreme,,,,,,
audjpy,2025-01-09T00:00:00+00:00,INVALIDATED,long,ARMED,two consecutive closes through touch extreme,,,,,,
audjpy,2025-01-09T16:00:00+00:00,DC,short,SEARCH_TOUCH,new short search,,,,,,
audjpy,2025-01-10T00:00:00+00:00,ARMED,short,ARMED,first EMA20 touch,2025-01-10T00:00:00+00:00,97.785,,,,
audjpy,2025-01-10T12:00:00+00:00,TRIGGERED,short,ARMED,entry conditions satisfied,,97.785,2025-01-10T12:00:00+00:00,True,False,True
audjpy,2025-01-24T00:00:00+00:00,GC,long,SEARCH_TOUCH,new long search,,,,,,
audjpy,2025-01-26T20:00:00+00:00,ARMED,long,ARMED,first EMA20 touch,2025-01-26T20:00:00+00:00,98.202,,,,
audjpy,2025-01-27T04:00:00+00:00,BREACH_TOLERATED,long,ARMED,one close through touch extreme,,,,,,
audjpy,2025-01-27T08:00:00+00:00,INVALIDATED,long,ARMED,two consecutive closes through touch extreme,,,,,,
audjpy,2025-01-27T16:00:00+00:00,DC,short,SEARCH_TOUCH,new short search,,,,,,
audjpy,2025-01-31T12:00:00+00:00,ARMED,short,ARMED,first EMA20 touch,2025-01-31T12:00:00+00:00,96.104,,,,
audjpy,2025-02-04T12:00:00+00:00,BREACH_TOLERATED,short,ARMED,one close through touch extreme,,,,,,
audjpy,2025-02-05T00:00:00+00:00,TRIGGERED,short,ARMED,entry conditions satisfied,,96.104,2025-02-05T00:00:00+00:00,False,False,True
audjpy,2025-03-27T08:00:00+00:00,GC,long,SEARCH_TOUCH,new long search,,,,,,
audjpy,2025-03-28T00:00:00+00:00,ARMED,long,ARMED,first EMA20 touch,2025-03-28T00:00:00+00:00,95.18,,,,
audjpy,2025-03-28T04:00:00+00:00,BREACH_TOLERATED,long,ARMED,one close through touch extreme,,,,,,
audjpy,2025-03-28T12:00:00+00:00,BREACH_TOLERATED,long,ARMED,one close through touch extreme,,,,,,
audjpy,2025-03-28T16:00:00+00:00,INVALIDATED,long,ARMED,two consecutive closes through touch extreme,,,,,,
audjpy,2025-03-30T20:00:00+00:00,DC,short,SEARCH_TOUCH,new short search,,,,,,
audjpy,2025-04-01T16:00:00+00:00,ARMED,short,ARMED,first EMA20 touch,2025-04-01T16:00:00+00:00,93.519,,,,
audjpy,2025-04-01T20:00:00+00:00,BREACH_TOLERATED,short,ARMED,one close through touch extreme,,,,,,
audjpy,2025-04-02T00:00:00+00:00,INVALIDATED,short,ARMED,two consecutive closes through touch extreme,,,,,,
audjpy,2025-05-01T20:00:00+00:00,GC,long,SEARCH_TOUCH,new long search,,,,,,
audjpy,2025-05-05T20:00:00+00:00,ARMED,long,ARMED,first EMA20 touch,2025-05-05T20:00:00+00:00,93.009,,,,
audjpy,2025-05-06T04:00:00+00:00,BREACH_TOLERATED,long,ARMED,one close through touch extreme,,,,,,
audjpy,2025-05-06T08:00:00+00:00,INVALIDATED,long,ARMED,two consecutive closes through touch extreme,,,,,,
audjpy,2025-05-22T12:00:00+00:00,DC,short,SEARCH_TOUCH,new short search,,,,,,
audjpy,2025-05-23T08:00:00+00:00,ARMED,short,ARMED,first EMA20 touch,2025-05-23T08:00:00+00:00,91.801,,,,
audjpy,2025-05-25T20:00:00+00:00,BREACH_TOLERATED,short,ARMED,one close through touch extreme,,,,,,
audjpy,2025-05-26T00:00:00+00:00,INVALIDATED,short,ARMED,two consecutive closes through touch extreme,,,,,,
audjpy,2025-05-27T20:00:00+00:00,GC,long,SEARCH_TOUCH,new long search,,,,,,
audjpy,2025-05-28T00:00:00+00:00,ARMED,long,ARMED,first EMA20 touch,2025-05-28T00:00:00+00:00,93.228,,,,
audjpy,2025-05-28T20:00:00+00:00,TRIGGERED,long,ARMED,entry conditions satisfied,,93.228,2025-05-28T20:00:00+00:00,True,True,False
audjpy,2025-06-02T08:00:00+00:00,DC,short,SEARCH_TOUCH,new short search,,,,,,
audjpy,2025-06-02T12:00:00+00:00,ARMED,short,ARMED,first EMA20 touch,2025-06-02T12:00:00+00:00,92.378,,,,
audjpy,2025-06-03T12:00:00+00:00,BREACH_TOLERATED,short,ARMED,one close through touch extreme,,,,,,
audjpy,2025-06-03T16:00:00+00:00,INVALIDATED,short,ARMED,two consecutive closes through touch extreme,,,,,,
audjpy,2025-06-03T20:00:00+00:00,GC,long,SEARCH_TOUCH,new long search,,,,,,
audjpy,2025-06-04T12:00:00+00:00,ARMED,long,ARMED,first EMA20 touch,2025-06-04T12:00:00+00:00,93.557,,,,
audjpy,2025-06-04T16:00:00+00:00,BREACH_TOLERATED,long,ARMED,one close through touch extreme,,,,,,
audjpy,2025-06-04T20:00:00+00:00,INVALIDATED,long,ARMED,two consecutive closes through touch extreme,,,,,,
audjpy,2025-08-05T04:00:00+00:00,DC,short,SEARCH_TOUCH,new short search,,,,,,
audjpy,2025-08-06T00:00:00+00:00,ARMED,short,ARMED,first EMA20 touch,2025-08-06T00:00:00+00:00,95.463,,,,
audjpy,2025-08-06T04:00:00+00:00,BREACH_TOLERATED,short,ARMED,one close through touch extreme,,,,,,
audjpy,2025-08-06T08:00:00+00:00,INVALIDATED,short,ARMED,two consecutive closes through touch extreme,,,,,,
audjpy,2025-08-07T00:00:00+00:00,GC,long,SEARCH_TOUCH,new long search,,,,,,
audjpy,2025-08-07T12:00:00+00:00,ARMED,long,ARMED,first EMA20 touch,2025-08-07T12:00:00+00:00,96.139,,,,
audjpy,2025-08-10T20:00:00+00:00,TRIGGERED,long,ARMED,entry conditions satisfied,,96.139,2025-08-10T20:00:00+00:00,True,True,False
audjpy,2025-08-19T16:00:00+00:00,DC,short,SEARCH_TOUCH,new short search,,,,,,
audjpy,2025-08-21T12:00:00+00:00,ARMED,short,ARMED,first EMA20 touch,2025-08-21T12:00:00+00:00,94.829,,,,
audjpy,2025-08-21T20:00:00+00:00,BREACH_TOLERATED,short,ARMED,one close through touch extreme,,,,,,
audjpy,2025-08-22T00:00:00+00:00,INVALIDATED,short,ARMED,two consecutive closes through touch extreme,,,,,,
audjpy,2025-08-27T20:00:00+00:00,GC,long,SEARCH_TOUCH,new long search,,,,,,
audjpy,2025-08-28T04:00:00+00:00,ARMED,long,ARMED,first EMA20 touch,2025-08-28T04:00:00+00:00,95.968,,,,
audjpy,2025-09-03T12:00:00+00:00,TRIGGERED,long,ARMED,entry conditions satisfied,,95.968,2025-09-03T12:00:00+00:00,True,True,True
audjpy,2025-10-17T12:00:00+00:00,DC,short,SEARCH_TOUCH,new short search,,,,,,
audjpy,2025-10-19T20:00:00+00:00,ARMED,short,ARMED,first EMA20 touch,2025-10-19T20:00:00+00:00,97.517,,,,
audjpy,2025-10-20T16:00:00+00:00,REVERSE_CROSS_INVALIDATION,short,ARMED,reverse cross while armed,,,,,,
audjpy,2026-03-27T04:00:00+00:00,DC,short,SEARCH_TOUCH,new short search,,,,,,
audjpy,2026-03-31T12:00:00+00:00,ARMED,short,ARMED,first EMA20 touch,2026-03-31T12:00:00+00:00,108.778,,,,
audjpy,2026-04-01T04:00:00+00:00,BREACH_TOLERATED,short,ARMED,one close through touch extreme,,,,,,
audjpy,2026-04-01T08:00:00+00:00,INVALIDATED,short,ARMED,two consecutive closes through touch extreme,,,,,,
audjpy,2026-04-07T16:00:00+00:00,GC,long,SEARCH_TOUCH,new long search,,,,,,
audjpy,2026-04-12T20:00:00+00:00,ARMED,long,ARMED,first EMA20 touch,2026-04-12T20:00:00+00:00,112.221,,,,
audjpy,2026-04-13T20:00:00+00:00,TRIGGERED,long,ARMED,entry conditions satisfied,,112.221,2026-04-13T20:00:00+00:00,True,True,False
audjpy,2026-06-08T12:00:00+00:00,DC,short,SEARCH_TOUCH,new short search,,,,,,
audjpy,2026-06-11T16:00:00+00:00,ARMED,short,ARMED,first EMA20 touch,2026-06-11T16:00:00+00:00,112.129,,,,
audjpy,2026-06-11T20:00:00+00:00,BREACH_TOLERATED,short,ARMED,one close through touch extreme,,,,,,
audjpy,2026-06-12T00:00:00+00:00,INVALIDATED,short,ARMED,two consecutive closes through touch extreme,,,,,,
audjpy,2026-07-14T20:00:00+00:00,GC,long,SEARCH_TOUCH,new long search,,,,,,
audjpy,2026-07-17T00:00:00+00:00,ARMED,long,ARMED,first EMA20 touch,2026-07-17T00:00:00+00:00,113.713,,,,
audjpy,2026-07-17T08:00:00+00:00,BREACH_TOLERATED,long,ARMED,one close through touch extreme,,,,,,
audjpy,2026-07-20T08:00:00+00:00,TRIGGERED,long,ARMED,entry conditions satisfied,,113.713,2026-07-20T08:00:00+00:00,True,True,False
audjpy,2026-07-31T12:00:00+00:00,DC,short,SEARCH_TOUCH,new short search,,,,,,
audjpy,2026-08-04T16:00:00+00:00,ARMED,short,ARMED,first EMA20 touch,2026-08-04T16:00:00+00:00,110.778,,,,
audjpy,2026-08-05T16:00:00+00:00,BREACH_TOLERATED,short,ARMED,one close through touch extreme,,,,,,
audjpy,2026-08-05T20:00:00+00:00,INVALIDATED,short,ARMED,two consecutive closes through touch extreme,,,,,,
audjpy,2026-08-16T20:00:00+00:00,GC,long,SEARCH_TOUCH,new long search,,,,,,
audjpy,2026-08-18T16:00:00+00:00,ARMED,long,ARMED,first EMA20 touch,2026-08-18T16:00:00+00:00,113.254,,,,
audjpy,2026-08-18T20:00:00+00:00,BREACH_TOLERATED,long,ARMED,one close through touch extreme,,,,,,
audjpy,2026-08-19T00:00:00+00:00,INVALIDATED,long,ARMED,two consecutive closes through touch extreme,,,,,,
audjpy,2026-09-04T04:00:00+00:00,DC,short,SEARCH_TOUCH,new short search,,,,,,
audjpy,2026-09-15T00:00:00+00:00,ARMED,short,ARMED,first EMA20 touch,2026-09-15T00:00:00+00:00,110.154,,,,
audjpy,2026-09-15T12:00:00+00:00,BREACH_TOLERATED,short,ARMED,one close through touch extreme,,,,,,
audjpy,2026-09-15T16:00:00+00:00,INVALIDATED,short,ARMED,two consecutive closes through touch extreme,,,,,,
eurusd,2021-01-04T00:00:00+00:00,GC,long,SEARCH_TOUCH,new long search,,,,,,
eurusd,2021-01-04T04:00:00+00:00,ARMED,long,ARMED,first EMA20 touch,2021-01-04T04:00:00+00:00,1.22688,,,,
eurusd,2021-01-08T04:00:00+00:00,BREACH_TOLERATED,long,ARMED,one close through touch extreme,,,,,,
eurusd,2021-01-08T16:00:00+00:00,BREACH_TOLERATED,long,ARMED,one close through touch extreme,,,,,,
eurusd,2021-01-08T20:00:00+00:00,INVALIDATED,long,ARMED,two consecutive closes through touch extreme,,,,,,
eurusd,2021-01-11T00:00:00+00:00,DC,short,SEARCH_TOUCH,new short search,,,,,,
eurusd,2021-01-12T16:00:00+00:00,ARMED,short,ARMED,first EMA20 touch,2021-01-12T16:00:00+00:00,1.21548,,,,
eurusd,2021-01-12T20:00:00+00:00,BREACH_TOLERATED,short,ARMED,one close through touch extreme,,,,,,
eurusd,2021-01-13T00:00:00+00:00,INVALIDATED,short,ARMED,two consecutive closes through touch extreme,,,,,,
eurusd,2021-02-23T04:00:00+00:00,GC,long,SEARCH_TOUCH,new long search,,,,,,
eurusd,2021-02-24T12:00:00+00:00,ARMED,long,ARMED,first EMA20 touch,2021-02-24T12:00:00+00:00,1.21723,,,,
eurusd,2021-02-25T04:00:00+00:00,TRIGGERED,long,ARMED,entry conditions satisfied,,1.21723,2021-02-25T04:00:00+00:00,True,True,False
eurusd,2021-03-01T04:00:00+00:00,DC,short,SEARCH_TOUCH,new short search,,,,,,
eurusd,2021-03-02T16:00:00+00:00,ARMED,short,ARMED,first EMA20 touch,2021-03-02T16:00:00+00:00,1.20589,,,,
eurusd,2021-03-03T04:00:00+00:00,BREACH_TOLERATED,short,ARMED,one close through touch extreme,,,,,,
eurusd,2021-03-03T20:00:00+00:00,TRIGGERED,short,ARMED,entry conditions satisfied,,1.20589,2021-03-03T20:00:00+00:00,False,False,True
eurusd,2021-04-13T16:00:00+00:00,GC,long,SEARCH_TOUCH,new long search,,,,,,
eurusd,2021-04-16T00:00:00+00:00,ARMED,long,ARMED,first EMA20 touch,2021-04-16T00:00:00+00:00,1.19746,,,,
eurusd,2021-04-16T04:00:00+00:00,TRIGGERED,long,ARMED,entry conditions satisfied,,1.19746,2021-04-16T04:00:00+00:00,True,True,False
eurusd,2021-06-14T12:00:00+00:00,DC,short,SEARCH_TOUCH,new short search,,,,,,
eurusd,2021-06-15T04:00:00+00:00,ARMED,short,ARMED,first EMA20 touch,2021-06-15T04:00:00+00:00,1.21231,,,,
eurusd,2021-06-15T08:00:00+00:00,TRIGGERED,short,ARMED,entry conditions satisfied,,1.21231,2021-06-15T08:00:00+00:00,False,False,True
eurusd,2021-08-31T08:00:00+00:00,GC,long,SEARCH_TOUCH,new long search,,,,,,
eurusd,2021-09-01T04:00:00+00:00,ARMED,long,ARMED,first EMA20 touch,2021-09-01T04:00:00+00:00,1.18135,,,,
eurusd,2021-09-02T12:00:00+00:00,TRIGGERED,long,ARMED,entry conditions satisfied,,1.18135,2021-09-02T12:00:00+00:00,True,True,False
eurusd,2021-09-16T04:00:00+00:00,DC,short,SEARCH_TOUCH,new short search,,,,,,
eurusd,2021-09-17T12:00:00+00:00,ARMED,short,ARMED,first EMA20 touch,2021-09-17T12:00:00+00:00,1.17287,,,,
eurusd,2021-09-17T20:00:00+00:00,TRIGGERED,short,ARMED,entry conditions satisfied,,1.17287,2021-09-17T20:00:00+00:00,False,False,True
eurusd,2022-01-03T00:00:00+00:00,GC,long,SEARCH_TOUCH,new long search,,,,,,
eurusd,2022-01-03T04:00:00+00:00,ARMED,long,ARMED,first EMA20 touch,2022-01-03T04:00:00+00:00,1.135,,,,
eurusd,2022-01-03T08:00:00+00:00,TRIGGERED,long,ARMED,entry conditions satisfied,,1.135,2022-01-03T08:00:00+00:00,True,True,False
eurusd,2022-01-11T16:00:00+00:00,GC,long,SEARCH_TOUCH,new long search,,,,,,
eurusd,2022-01-14T12:00:00+00:00,ARMED,long,ARMED,first EMA20 touch,2022-01-14T12:00:00+00:00,1.1456,,,,
eurusd,2022-01-14T16:00:00+00:00,BREACH_TOLERATED,long,ARMED,one close through touch extreme,,,,,,
eurusd,2022-01-14T20:00:00+00:00,INVALIDATED,long,ARMED,two consecutive closes through touch extreme,,,,,,
eurusd,2022-01-21T00:00:00+00:00,DC,short,SEARCH_TOUCH,new short search,,,,,,
eurusd,2022-01-21T12:00:00+00:00,ARMED,short,ARMED,first EMA20 touch,2022-01-21T12:00:00+00:00,1.13261,,,,
eurusd,2022-01-24T08:00:00+00:00,TRIGGERED,short,ARMED,entry conditions satisfied,,1.13261,2022-01-24T08:00:00+00:00,False,False,True
eurusd,2022-02-04T00:00:00+00:00,GC,long,SEARCH_TOUCH,new long search,,,,,,
eurusd,2022-02-08T04:00:00+00:00,ARMED,long,ARMED,first EMA20 touch,2022-02-08T04:00:00+00:00,1.14306,,,,
eurusd,2022-02-10T08:00:00+00:00,TRIGGERED,long,ARMED,entry conditions satisfied,,1.14306,2022-02-10T08:00:00+00:00,True,True,False
eurusd,2022-02-21T20:00:00+00:00,DC,short,SEARCH_TOUCH,new short search,,,,,,
eurusd,2022-02-22T08:00:00+00:00,ARMED,short,ARMED,first EMA20 touch,2022-02-22T08:00:00+00:00,1.12929,,,,
eurusd,2022-02-24T00:00:00+00:00,TRIGGERED,short,ARMED,entry conditions satisfied,,1.12929,2022-02-24T00:00:00+00:00,False,False,True
eurusd,2022-05-24T20:00:00+00:00,GC,long,SEARCH_TOUCH,new long search,,,,,,
eurusd,2022-05-25T08:00:00+00:00,ARMED,long,ARMED,first EMA20 touch,2022-05-25T08:00:00+00:00,1.0686,,,,
eurusd,2022-05-30T00:00:00+00:00,TRIGGERED,long,ARMED,entry conditions satisfied,,1.0686,2022-05-30T00:00:00+00:00,True,True,False
eurusd,2022-06-10T04:00:00+00:00,DC,short,SEARCH_TOUCH,new short search,,,,,,
eurusd,2022-06-15T04:00:00+00:00,ARMED,short,ARMED,first EMA20 touch,2022-06-15T04:00:00+00:00,1.0424,,,,
eurusd,2022-06-15T12:00:00+00:00,TRIGGERED,short,ARMED,entry conditions satisfied,,1.0424,2022-06-15T12:00:00+00:00,False,False,True
eurusd,2022-08-11T12:00:00+00:00,GC,long,SEARCH_TOUCH,new long search,,,,,,
eurusd,2022-08-12T08:00:00+00:00,ARMED,long,ARMED,first EMA20 touch,2022-08-12T08:00:00+00:00,1.03083,,,,
eurusd,2022-08-12T12:00:00+00:00,BREACH_TOLERATED,long,ARMED,one close through touch extreme,,,,,,
eurusd,2022-08-12T16:00:00+00:00,INVALIDATED,long,ARMED,two consecutive closes through touch extreme,,,,,,
eurusd,2022-08-15T08:00:00+00:00,DC,short,SEARCH_TOUCH,new short search,,,,,,
eurusd,2022-08-17T12:00:00+00:00,ARMED,short,ARMED,first EMA20 touch,2022-08-17T12:00:00+00:00,1.01453,,,,
eurusd,2022-08-18T12:00:00+00:00,TRIGGERED,short,ARMED,entry conditions satisfied,,1.01453,2022-08-18T12:00:00+00:00,False,False,True
eurusd,2022-09-13T08:00:00+00:00,GC,long,SEARCH_TOUCH,new long search,,,,,,
eurusd,2022-09-13T12:00:00+00:00,REVERSE_CROSS_INVALIDATION,long,SEARCH_TOUCH,reverse cross before touch,,,,,,
eurusd,2022-10-25T12:00:00+00:00,GC,long,SEARCH_TOUCH,new long search,,,,,,
eurusd,2022-10-27T12:00:00+00:00,ARMED,long,ARMED,first EMA20 touch,2022-10-27T12:00:00+00:00,1.00512,,,,
eurusd,2022-10-27T16:00:00+00:00,BREACH_TOLERATED,long,ARMED,one close through touch extreme,,,,,,
eurusd,2022-10-27T20:00:00+00:00,INVALIDATED,long,ARMED,two consecutive closes through touch extreme,,,,,,
eurusd,2022-11-03T04:00:00+00:00,DC,short,SEARCH_TOUCH,new short search,,,,,,
eurusd,2022-11-04T12:00:00+00:00,ARMED,short,ARMED,first EMA20 touch,2022-11-04T12:00:00+00:00,0.9751,,,,
eurusd,2022-11-04T16:00:00+00:00,BREACH_TOLERATED,short,ARMED,one close through touch extreme,,,,,,
eurusd,2022-11-04T20:00:00+00:00,INVALIDATED,short,ARMED,two consecutive closes through touch extreme,,,,,,
eurusd,2022-11-07T08:00:00+00:00,GC,long,SEARCH_TOUCH,new long search,,,,,,
eurusd,2022-11-09T16:00:00+00:00,ARMED,long,ARMED,first EMA20 touch,2022-11-09T16:00:00+00:00,1.00526,,,,
eurusd,2022-11-10T08:00:00+00:00,BREACH_TOLERATED,long,ARMED,one close through touch extreme,,,,,,
eurusd,2022-11-10T12:00:00+00:00,TRIGGERED,long,ARMED,entry conditions satisfied,,1.00526,2022-11-10T12:00:00+00:00,True,True,False
eurusd,2023-02-07T12:00:00+00:00,DC,short,SEARCH_TOUCH,new short search,,,,,,
eurusd,2023-02-09T08:00:00+00:00,ARMED,short,ARMED,first EMA20 touch,2023-02-09T08:00:00+00:00,1.07324,,,,
eurusd,2023-02-10T00:00:00+00:00,TRIGGERED,short,ARMED,entry conditions satisfied,,1.07324,2023-02-10T00:00:00+00:00,False,False,True
eurusd,2023-03-14T12:00:00+00:00,GC,long,SEARCH_TOUCH,new long search,,,,,,
eurusd,2023-03-15T08:00:00+00:00,ARMED,long,ARMED,first EMA20 touch,2023-03-15T08:00:00+00:00,1.07435,,,,
eurusd,2023-03-15T12:00:00+00:00,REVERSE_CROSS_INVALIDATION,long,ARMED,reverse cross while armed,,,,,,
eurusd,2023-03-20T20:00:00+00:00,GC,long,SEARCH_TOUCH,new long search,,,,,,
eurusd,2023-03-24T08:00:00+00:00,ARMED,long,ARMED,first EMA20 touch,2023-03-24T08:00:00+00:00,1.08309,,,,
eurusd,2023-03-28T08:00:00+00:00,TRIGGERED,long,ARMED,entry conditions satisfied,,1.08309,2023-03-28T08:00:00+00:00,True,True,False
eurusd,2023-05-12T12:00:00+00:00,DC,short,SEARCH_TOUCH,new short search,,,,,,
eurusd,2023-05-16T04:00:00+00:00,ARMED,short,ARMED,first EMA20 touch,2023-05-16T04:00:00+00:00,1.08628,,,,
eurusd,2023-05-17T04:00:00+00:00,TRIGGERED,short,ARMED,entry conditions satisfied,,1.08628,2023-05-17T04:00:00+00:00,False,False,True
eurusd,2023-06-15T12:00:00+00:00,GC,long,SEARCH_TOUCH,new long search,,,,,,
eurusd,2023-06-20T12:00:00+00:00,ARMED,long,ARMED,first EMA20 touch,2023-06-20T12:00:00+00:00,1.09357,,,,
eurusd,2023-06-21T12:00:00+00:00,TRIGGERED,long,ARMED,entry conditions satisfied,,1.09357,2023-06-21T12:00:00+00:00,True,True,False
eurusd,2023-08-01T08:00:00+00:00,DC,short,SEARCH_TOUCH,new short search,,,,,,
eurusd,2023-08-01T20:00:00+00:00,ARMED,short,ARMED,first EMA20 touch,2023-08-01T20:00:00+00:00,1.09805,,,,
eurusd,2023-08-04T12:00:00+00:00,BREACH_TOLERATED,short,ARMED,one close through touch extreme,,,,,,
eurusd,2023-08-08T04:00:00+00:00,TRIGGERED,short,ARMED,entry conditions satisfied,,1.09805,2023-08-08T04:00:00+00:00,False,False,True
eurusd,2023-11-03T12:00:00+00:00,GC,long,SEARCH_TOUCH,new long search,,,,,,
eurusd,2023-11-07T08:00:00+00:00,ARMED,long,ARMED,first EMA20 touch,2023-11-07T08:00:00+00:00,1.07063,,,,
eurusd,2023-11-08T20:00:00+00:00,TRIGGERED,long,ARMED,entry conditions satisfied,,1.07063,2023-11-08T20:00:00+00:00,True,True,False
eurusd,2023-12-08T04:00:00+00:00,DC,short,SEARCH_TOUCH,new short search,,,,,,
eurusd,2023-12-12T04:00:00+00:00,ARMED,short,ARMED,first EMA20 touch,2023-12-12T04:00:00+00:00,1.07641,,,,
eurusd,2023-12-12T08:00:00+00:00,BREACH_TOLERATED,short,ARMED,one close through touch extreme,,,,,,
eurusd,2023-12-12T12:00:00+00:00,INVALIDATED,short,ARMED,two consecutive closes through touch extreme,,,,,,
eurusd,2023-12-13T20:00:00+00:00,GC,long,SEARCH_TOUCH,new long search,,,,,,
eurusd,2023-12-15T16:00:00+00:00,ARMED,long,ARMED,first EMA20 touch,2023-12-15T16:00:00+00:00,1.09166,,,,
eurusd,2023-12-18T04:00:00+00:00,TRIGGERED,long,ARMED,entry conditions satisfied,,1.09166,2023-12-18T04:00:00+00:00,True,True,False
eurusd,2024-01-17T00:00:00+00:00,DC,short,SEARCH_TOUCH,new short search,,,,,,
eurusd,2024-01-18T00:00:00+00:00,ARMED,short,ARMED,first EMA20 touch,2024-01-18T00:00:00+00:00,1.08802,,,,
eurusd,2024-01-18T12:00:00+00:00,TRIGGERED,short,ARMED,entry conditions satisfied,,1.08802,2024-01-18T12:00:00+00:00,False,False,True
eurusd,2024-02-26T12:00:00+00:00,GC,long,SEARCH_TOUCH,new long search,,,,,,
eurusd,2024-02-27T12:00:00+00:00,ARMED,long,ARMED,first EMA20 touch,2024-02-27T12:00:00+00:00,1.0863,,,,
eurusd,2024-02-28T04:00:00+00:00,BREACH_TOLERATED,long,ARMED,one close through touch extreme,,,,,,
eurusd,2024-02-28T08:00:00+00:00,INVALIDATED,long,ARMED,two consecutive closes through touch extreme,,,,,,
eurusd,2024-03-22T12:00:00+00:00,DC,short,SEARCH_TOUCH,new short search,,,,,,
eurusd,2024-03-25T12:00:00+00:00,ARMED,short,ARMED,first EMA20 touch,2024-03-25T12:00:00+00:00,1.08279,,,,
eurusd,2024-03-26T08:00:00+00:00,BREACH_TOLERATED,short,ARMED,one close through touch extreme,,,,,,
eurusd,2024-03-27T08:00:00+00:00,TRIGGERED,short,ARMED,entry conditions satisfied,,1.08279,2024-03-27T08:00:00+00:00,False,False,True
eurusd,2024-04-09T08:00:00+00:00,GC,long,SEARCH_TOUCH,new long search,,,,,,
eurusd,2024-04-10T12:00:00+00:00,REVERSE_CROSS_INVALIDATION,long,SEARCH_TOUCH,reverse cross before touch,,,,,,
eurusd,2024-05-06T16:00:00+00:00,GC,long,SEARCH_TOUCH,new long search,,,,,,
eurusd,2024-05-07T16:00:00+00:00,ARMED,long,ARMED,first EMA20 touch,2024-05-07T16:00:00+00:00,1.07742,,,,
eurusd,2024-05-08T00:00:00+00:00,BREACH_TOLERATED,long,ARMED,one close through touch extreme,,,,,,
eurusd,2024-05-08T04:00:00+00:00,INVALIDATED,long,ARMED,two consecutive closes through touch extreme,,,,,,
eurusd,2024-06-10T16:00:00+00:00,DC,short,SEARCH_TOUCH,new short search,,,,,,
eurusd,2024-06-12T12:00:00+00:00,ARMED,short,ARMED,first EMA20 touch,2024-06-12T12:00:00+00:00,1.07621,,,,
eurusd,2024-06-13T12:00:00+00:00,TRIGGERED,short,ARMED,entry conditions satisfied,,1.07621,2024-06-13T12:00:00+00:00,False,False,True
eurusd,2024-07-04T08:00:00+00:00,GC,long,SEARCH_TOUCH,new long search,,,,,,
eurusd,2024-07-07T20:00:00+00:00,ARMED,long,ARMED,first EMA20 touch,2024-07-07T20:00:00+00:00,1.08329,,,,
eurusd,2024-07-11T08:00:00+00:00,TRIGGERED,long,ARMED,entry conditions satisfied,,1.08329,2024-07-11T08:00:00+00:00,True,True,False
eurusd,2024-07-31T12:00:00+00:00,DC,short,SEARCH_TOUCH,new short search,,,,,,
eurusd,2024-07-31T16:00:00+00:00,ARMED,short,ARMED,first EMA20 touch,2024-07-31T16:00:00+00:00,1.08019,,,,
eurusd,2024-08-01T04:00:00+00:00,TRIGGERED,short,ARMED,entry conditions satisfied,,1.08019,2024-08-01T04:00:00+00:00,False,False,True
eurusd,2024-08-02T16:00:00+00:00,GC,long,SEARCH_TOUCH,new long search,,,,,,
eurusd,2024-08-06T12:00:00+00:00,ARMED,long,ARMED,first EMA20 touch,2024-08-06T12:00:00+00:00,1.09348,,,,
eurusd,2024-08-08T04:00:00+00:00,TRIGGERED,long,ARMED,entry conditions satisfied,,1.09348,2024-08-08T04:00:00+00:00,True,True,False
eurusd,2024-10-03T08:00:00+00:00,DC,short,SEARCH_TOUCH,new short search,,,,,,
eurusd,2024-10-11T08:00:00+00:00,ARMED,short,ARMED,first EMA20 touch,2024-10-11T08:00:00+00:00,1.09273,,,,
eurusd,2024-10-13T20:00:00+00:00,TRIGGERED,short,ARMED,entry conditions satisfied,,1.09273,2024-10-13T20:00:00+00:00,False,False,True
eurusd,2025-01-24T00:00:00+00:00,GC,long,SEARCH_TOUCH,new long search,,,,,,
eurusd,2025-01-27T20:00:00+00:00,ARMED,long,ARMED,first EMA20 touch,2025-01-27T20:00:00+00:00,1.04942,,,,
eurusd,2025-01-28T08:00:00+00:00,BREACH_TOLERATED,long,ARMED,one close through touch extreme,,,,,,
eurusd,2025-01-28T12:00:00+00:00,INVALIDATED,long,ARMED,two consecutive closes through touch extreme,,,,,,
eurusd,2025-01-31T20:00:00+00:00,DC,short,SEARCH_TOUCH,new short search,,,,,,
eurusd,2025-02-03T20:00:00+00:00,ARMED,short,ARMED,first EMA20 touch,2025-02-03T20:00:00+00:00,1.02826,,,,
eurusd,2025-02-04T12:00:00+00:00,BREACH_TOLERATED,short,ARMED,one close through touch extreme,,,,,,
eurusd,2025-02-04T16:00:00+00:00,INVALIDATED,short,ARMED,two consecutive closes through touch extreme,,,,,,
eurusd,2025-02-13T20:00:00+00:00,GC,long,SEARCH_TOUCH,new long search,,,,,,
eurusd,2025-02-18T04:00:00+00:00,ARMED,long,ARMED,first EMA20 touch,2025-02-18T04:00:00+00:00,1.04691,,,,
eurusd,2025-02-18T16:00:00+00:00,BREACH_TOLERATED,long,ARMED,one close through touch extreme,,,,,,
eurusd,2025-02-18T20:00:00+00:00,INVALIDATED,long,ARMED,two consecutive closes through touch extreme,,,,,,
eurusd,2025-05-13T04:00:00+00:00,DC,short,SEARCH_TOUCH,new short search,,,,,,
eurusd,2025-05-13T16:00:00+00:00,ARMED,short,ARMED,first EMA20 touch,2025-05-13T16:00:00+00:00,1.11645,,,,
eurusd,2025-05-14T00:00:00+00:00,BREACH_TOLERATED,short,ARMED,one close through touch extreme,,,,,,
eurusd,2025-05-14T04:00:00+00:00,INVALIDATED,short,ARMED,two consecutive closes through touch extreme,,,,,,
eurusd,2025-05-19T08:00:00+00:00,GC,long,SEARCH_TOUCH,new long search,,,,,,
eurusd,2025-05-22T12:00:00+00:00,ARMED,long,ARMED,first EMA20 touch,2025-05-22T12:00:00+00:00,1.13148,,,,
eurusd,2025-05-28T20:00:00+00:00,BREACH_TOLERATED,long,ARMED,one close through touch extreme,,,,,,
eurusd,2025-05-29T00:00:00+00:00,INVALIDATED,long,ARMED,two consecutive closes through touch extreme,,,,,,
eurusd,2025-07-29T20:00:00+00:00,DC,short,SEARCH_TOUCH,new short search,,,,,,
eurusd,2025-08-01T12:00:00+00:00,ARMED,short,ARMED,first EMA20 touch,2025-08-01T12:00:00+00:00,1.13915,,,,
eurusd,2025-08-06T08:00:00+00:00,BREACH_TOLERATED,short,ARMED,one close through touch extreme,,,,,,
eurusd,2025-08-06T12:00:00+00:00,INVALIDATED,short,ARMED,two consecutive closes through touch extreme,,,,,,
eurusd,2025-08-07T08:00:00+00:00,GC,long,SEARCH_TOUCH,new long search,,,,,,
eurusd,2025-08-11T08:00:00+00:00,ARMED,long,ARMED,first EMA20 touch,2025-08-11T08:00:00+00:00,1.16604,,,,
eurusd,2025-08-11T12:00:00+00:00,BREACH_TOLERATED,long,ARMED,one close through touch extreme,,,,,,
eurusd,2025-08-11T16:00:00+00:00,INVALIDATED,long,ARMED,two consecutive closes through touch extreme,,,,,,
eurusd,2025-10-07T00:00:00+00:00,DC,short,SEARCH_TOUCH,new short search,,,,,,
eurusd,2025-10-10T12:00:00+00:00,ARMED,short,ARMED,first EMA20 touch,2025-10-10T12:00:00+00:00,1.1559,,,,
eurusd,2025-10-14T04:00:00+00:00,TRIGGERED,short,ARMED,entry conditions satisfied,,1.1559,2025-10-14T04:00:00+00:00,False,False,True
eurusd,2025-12-01T08:00:00+00:00,GC,long,SEARCH_TOUCH,new long search,,,,,,
eurusd,2025-12-02T08:00:00+00:00,ARMED,long,ARMED,first EMA20 touch,2025-12-02T08:00:00+00:00,1.16161,,,,
eurusd,2025-12-03T12:00:00+00:00,TRIGGERED,long,ARMED,entry conditions satisfied,,1.16161,2025-12-03T12:00:00+00:00,True,True,False
eurusd,2026-01-08T08:00:00+00:00,DC,short,SEARCH_TOUCH,new short search,,,,,,
eurusd,2026-01-12T00:00:00+00:00,ARMED,short,ARMED,first EMA20 touch,2026-01-12T00:00:00+00:00,1.16216,,,,
eurusd,2026-01-12T04:00:00+00:00,BREACH_TOLERATED,short,ARMED,one close through touch extreme,,,,,,
eurusd,2026-01-12T08:00:00+00:00,INVALIDATED,short,ARMED,two consecutive closes through touch extreme,,,,,,
eurusd,2026-01-21T08:00:00+00:00,GC,long,SEARCH_TOUCH,new long search,,,,,,
eurusd,2026-01-21T16:00:00+00:00,ARMED,long,ARMED,first EMA20 touch,2026-01-21T16:00:00+00:00,1.17115,,,,
eurusd,2026-01-21T20:00:00+00:00,BREACH_TOLERATED,long,ARMED,one close through touch extreme,,,,,,
eurusd,2026-01-27T12:00:00+00:00,TRIGGERED,long,ARMED,entry conditions satisfied,,1.17115,2026-01-27T12:00:00+00:00,True,True,False
eurusd,2026-02-20T04:00:00+00:00,DC,short,SEARCH_TOUCH,new short search,,,,,,
eurusd,2026-02-20T12:00:00+00:00,ARMED,short,ARMED,first EMA20 touch,2026-02-20T12:00:00+00:00,1.17551,,,,
eurusd,2026-02-22T20:00:00+00:00,BREACH_TOLERATED,short,ARMED,one close through touch extreme,,,,,,
eurusd,2026-02-23T00:00:00+00:00,INVALIDATED,short,ARMED,two consecutive closes through touch extreme,,,,,,
eurusd,2026-02-23T04:00:00+00:00,GC,long,SEARCH_TOUCH,new long search,,,,,,
eurusd,2026-02-23T08:00:00+00:00,REVERSE_CROSS_INVALIDATION,long,SEARCH_TOUCH,reverse cross before touch,,,,,,
eurusd,2026-02-27T04:00:00+00:00,GC,long,SEARCH_TOUCH,new long search,,,,,,
eurusd,2026-02-27T08:00:00+00:00,ARMED,long,ARMED,first EMA20 touch,2026-02-27T08:00:00+00:00,1.18216,,,,
eurusd,2026-03-01T20:00:00+00:00,REVERSE_CROSS_INVALIDATION,long,ARMED,reverse cross while armed,,,,,,
eurusd,2026-04-08T12:00:00+00:00,GC,long,SEARCH_TOUCH,new long search,,,,,,
eurusd,2026-04-12T20:00:00+00:00,ARMED,long,ARMED,first EMA20 touch,2026-04-12T20:00:00+00:00,1.16805,,,,
eurusd,2026-04-13T00:00:00+00:00,TRIGGERED,long,ARMED,entry conditions satisfied,,1.16805,2026-04-13T00:00:00+00:00,True,True,False
eurusd,2026-05-15T04:00:00+00:00,DC,short,SEARCH_TOUCH,new short search,,,,,,
eurusd,2026-05-18T20:00:00+00:00,ARMED,short,ARMED,first EMA20 touch,2026-05-18T20:00:00+00:00,1.16474,,,,
eurusd,2026-05-19T00:00:00+00:00,TRIGGERED,short,ARMED,entry conditions satisfied,,1.16474,2026-05-19T00:00:00+00:00,False,False,True
eurusd,2026-07-31T00:00:00+00:00,GC,long,SEARCH_TOUCH,new long search,,,,,,
eurusd,2026-07-31T12:00:00+00:00,ARMED,long,ARMED,first EMA20 touch,2026-07-31T12:00:00+00:00,1.15186,,,,
eurusd,2026-08-02T20:00:00+00:00,TRIGGERED,long,ARMED,entry conditions satisfied,,1.15186,2026-08-02T20:00:00+00:00,True,True,True
eurusd,2026-09-14T20:00:00+00:00,DC,short,SEARCH_TOUCH,new short search,,,,,,
eurusd,2026-09-21T08:00:00+00:00,ARMED,short,ARMED,first EMA20 touch,2026-09-21T08:00:00+00:00,1.14745,,,,
eurusd,2026-09-21T12:00:00+00:00,TRIGGERED,short,ARMED,entry conditions satisfied,,1.14745,2026-09-21T12:00:00+00:00,False,False,True
gbpusd,2021-01-04T00:00:00+00:00,GC,long,SEARCH_TOUCH,new long search,,,,,,
gbpusd,2021-01-04T04:00:00+00:00,ARMED,long,ARMED,first EMA20 touch,2021-01-04T04:00:00+00:00,1.37029,,,,
gbpusd,2021-01-04T12:00:00+00:00,REVERSE_CROSS_INVALIDATION,long,ARMED,reverse cross while armed,,,,,,
gbpusd,2021-01-21T08:00:00+00:00,GC,long,SEARCH_TOUCH,new long search,,,,,,
gbpusd,2021-01-22T04:00:00+00:00,ARMED,long,ARMED,first EMA20 touch,2021-01-22T04:00:00+00:00,1.37189,,,,
gbpusd,2021-01-26T04:00:00+00:00,BREACH_TOLERATED,long,ARMED,one close through touch extreme,,,,,,
gbpusd,2021-01-28T04:00:00+00:00,BREACH_TOLERATED,long,ARMED,one close through touch extreme,,,,,,
gbpusd,2021-01-28T08:00:00+00:00,INVALIDATED,long,ARMED,two consecutive closes through touch extreme,,,,,,
gbpusd,2021-02-04T04:00:00+00:00,DC,short,SEARCH_TOUCH,new short search,,,,,,
gbpusd,2021-02-04T12:00:00+00:00,ARMED,short,ARMED,first EMA20 touch,2021-02-04T12:00:00+00:00,1.35668,,,,
gbpusd,2021-02-05T12:00:00+00:00,REVERSE_CROSS_INVALIDATION,short,ARMED,reverse cross while armed,,,,,,
gbpusd,2021-03-23T00:00:00+00:00,DC,short,SEARCH_TOUCH,new short search,,,,,,
gbpusd,2021-03-26T00:00:00+00:00,ARMED,short,ARMED,first EMA20 touch,2021-03-26T00:00:00+00:00,1.37453,,,,
gbpusd,2021-03-26T08:00:00+00:00,BREACH_TOLERATED,short,ARMED,one close through touch extreme,,,,,,
gbpusd,2021-03-26T12:00:00+00:00,INVALIDATED,short,ARMED,two consecutive closes through touch extreme,,,,,,
gbpusd,2021-04-05T20:00:00+00:00,GC,long,SEARCH_TOUCH,new long search,,,,,,
gbpusd,2021-04-06T08:00:00+00:00,ARMED,long,ARMED,first EMA20 touch,2021-04-06T08:00:00+00:00,1.38797,,,,
gbpusd,2021-04-07T04:00:00+00:00,BREACH_TOLERATED,long,ARMED,one close through touch extreme,,,,,,
gbpusd,2021-04-07T08:00:00+00:00,REVERSE_CROSS_INVALIDATION,long,ARMED,reverse cross while armed,,,,,,
gbpusd,2021-04-19T08:00:00+00:00,GC,long,SEARCH_TOUCH,new long search,,,,,,
gbpusd,2021-04-21T12:00:00+00:00,ARMED,long,ARMED,first EMA20 touch,2021-04-21T12:00:00+00:00,1.39426,,,,
gbpusd,2021-04-22T12:00:00+00:00,BREACH_TOLERATED,long,ARMED,one close through touch extreme,,,,,,
gbpusd,2021-04-22T16:00:00+00:00,INVALIDATED,long,ARMED,two consecutive closes through touch extreme,,,,,,
gbpusd,2021-06-16T20:00:00+00:00,DC,short,SEARCH_TOUCH,new short search,,,,,,
gbpusd,2021-06-21T12:00:00+00:00,ARMED,short,ARMED,first EMA20 touch,2021-06-21T12:00:00+00:00,1.38665,,,,
gbpusd,2021-06-21T16:00:00+00:00,BREACH_TOLERATED,short,ARMED,one close through touch extreme,,,,,,
gbpusd,2021-06-21T20:00:00+00:00,INVALIDATED,short,ARMED,two consecutive closes through touch extreme,,,,,,
gbpusd,2021-07-29T04:00:00+00:00,GC,long,SEARCH_TOUCH,new long search,,,,,,
gbpusd,2021-07-30T12:00:00+00:00,ARMED,long,ARMED,first EMA20 touch,2021-07-30T12:00:00+00:00,1.39683,,,,
gbpusd,2021-08-02T12:00:00+00:00,BREACH_TOLERATED,long,ARMED,one close through touch extreme,,,,,,
gbpusd,2021-08-04T16:00:00+00:00,BREACH_TOLERATED,long,ARMED,one close through touch extreme,,,,,,
gbpusd,2021-08-04T20:00:00+00:00,INVALIDATED,long,ARMED,two consecutive closes through touch extreme,,,,,,
gbpusd,2021-08-10T12:00:00+00:00,DC,short,SEARCH_TOUCH,new short search,,,,,,
gbpusd,2021-08-11T12:00:00+00:00,ARMED,short,ARMED,first EMA20 touch,2021-08-11T12:00:00+00:00,1.38269,,,,
gbpusd,2021-08-12T04:00:00+00:00,BREACH_TOLERATED,short,ARMED,one close through touch extreme,,,,,,
gbpusd,2021-08-17T00:00:00+00:00,TRIGGERED,short,ARMED,entry conditions satisfied,,1.38269,2021-08-17T00:00:00+00:00,False,False,True
gbpusd,2021-09-03T12:00:00+00:00,GC,long,SEARCH_TOUCH,new long search,,,,,,
gbpusd,2021-09-06T12:00:00+00:00,ARMED,long,ARMED,first EMA20 touch,2021-09-06T12:00:00+00:00,1.38463,,,,
gbpusd,2021-09-07T08:00:00+00:00,BREACH_TOLERATED,long,ARMED,one close through touch extreme,,,,,,
gbpusd,2021-09-07T12:00:00+00:00,INVALIDATED,long,ARMED,two consecutive closes through touch extreme,,,,,,
gbpusd,2021-09-08T12:00:00+00:00,DC,short,SEARCH_TOUCH,new short search,,,,,,
gbpusd,2021-09-09T04:00:00+00:00,ARMED,short,ARMED,first EMA20 touch,2021-09-09T04:00:00+00:00,1.3753,,,,
gbpusd,2021-09-09T08:00:00+00:00,BREACH_TOLERATED,short,ARMED,one close through touch extreme,,,,,,
gbpusd,2021-09-09T12:00:00+00:00,REVERSE_CROSS_INVALIDATION,short,ARMED,reverse cross while armed,,,,,,
gbpusd,2021-09-17T16:00:00+00:00,DC,short,SEARCH_TOUCH,new short search,,,,,,
gbpusd,2021-09-22T16:00:00+00:00,ARMED,short,ARMED,first EMA20 touch,2021-09-22T16:00:00+00:00,1.3609,,,,
gbpusd,2021-09-23T08:00:00+00:00,BREACH_TOLERATED,short,ARMED,one close through touch extreme,,,,,,
gbpusd,2021-09-23T12:00:00+00:00,INVALIDATED,short,ARMED,two consecutive closes through touch extreme,,,,,,
gbpusd,2021-10-15T12:00:00+00:00,GC,long,SEARCH_TOUCH,new long search,,,,,,
gbpusd,2021-10-20T08:00:00+00:00,ARMED,long,ARMED,first EMA20 touch,2021-10-20T08:00:00+00:00,1.37891,,,,
gbpusd,2021-10-20T12:00:00+00:00,TRIGGERED,long,ARMED,entry conditions satisfied,,1.37891,2021-10-20T12:00:00+00:00,True,True,False
gbpusd,2021-11-01T16:00:00+00:00,DC,short,SEARCH_TOUCH,new short search,,,,,,
gbpusd,2021-11-03T12:00:00+00:00,ARMED,short,ARMED,first EMA20 touch,2021-11-03T12:00:00+00:00,1.36329,,,,
gbpusd,2021-11-03T16:00:00+00:00,BREACH_TOLERATED,short,ARMED,one close through touch extreme,,,,,,
gbpusd,2021-11-03T20:00:00+00:00,INVALIDATED,short,ARMED,two consecutive closes through touch extreme,,,,,,
gbpusd,2021-12-24T08:00:00+00:00,GC,long,SEARCH_TOUCH,new long search,,,,,,
gbpusd,2021-12-29T08:00:00+00:00,ARMED,long,ARMED,first EMA20 touch,2021-12-29T08:00:00+00:00,1.34401,,,,
gbpusd,2021-12-29T12:00:00+00:00,TRIGGERED,long,ARMED,entry conditions satisfied,,1.34401,2021-12-29T12:00:00+00:00,True,True,False
gbpusd,2022-01-26T16:00:00+00:00,DC,short,SEARCH_TOUCH,new short search,,,,,,
gbpusd,2022-01-28T16:00:00+00:00,ARMED,short,ARMED,first EMA20 touch,2022-01-28T16:00:00+00:00,1.33731,,,,
gbpusd,2022-01-31T04:00:00+00:00,BREACH_TOLERATED,short,ARMED,one close through touch extreme,,,,,,
gbpusd,2022-01-31T16:00:00+00:00,BREACH_TOLERATED,short,ARMED,one close through touch extreme,,,,,,
gbpusd,2022-01-31T20:00:00+00:00,INVALIDATED,short,ARMED,two consecutive closes through touch extreme,,,,,,
gbpusd,2022-02-02T20:00:00+00:00,GC,long,SEARCH_TOUCH,new long search,,,,,,
gbpusd,2022-02-04T08:00:00+00:00,ARMED,long,ARMED,first EMA20 touch,2022-02-04T08:00:00+00:00,1.35869,,,,
gbpusd,2022-02-04T12:00:00+00:00,BREACH_TOLERATED,long,ARMED,one close through touch extreme,,,,,,
gbpusd,2022-02-04T16:00:00+00:00,INVALIDATED,long,ARMED,two consecutive closes through touch extreme,,,,,,
gbpusd,2022-02-24T12:00:00+00:00,DC,short,SEARCH_TOUCH,new short search,,,,,,
gbpusd,2022-02-28T12:00:00+00:00,ARMED,short,ARMED,first EMA20 touch,2022-02-28T12:00:00+00:00,1.33868,,,,
gbpusd,2022-03-01T12:00:00+00:00,TRIGGERED,short,ARMED,entry conditions satisfied,,1.33868,2022-03-01T12:00:00+00:00,False,False,True
gbpusd,2022-05-30T12:00:00+00:00,GC,long,SEARCH_TOUCH,new long search,,,,,,
gbpusd,2022-05-31T00:00:00+00:00,ARMED,long,ARMED,first EMA20 touch,2022-05-31T00:00:00+00:00,1.26485,,,,
gbpusd,2022-05-31T08:00:00+00:00,BREACH_TOLERATED,long,ARMED,one close through touch extreme,,,,,,
gbpusd,2022-06-01T00:00:00+00:00,BREACH_TOLERATED,long,ARMED,one close through touch extreme,,,,,,
gbpusd,2022-06-01T04:00:00+00:00,INVALIDATED,long,ARMED,two consecutive closes through touch extreme,,,,,,
gbpusd,2022-06-01T08:00:00+00:00,DC,short,SEARCH_TOUCH,new short search,,,,,,
gbpusd,2022-06-01T12:00:00+00:00,ARMED,short,ARMED,first EMA20 touch,2022-06-01T12:00:00+00:00,1.24584,,,,
gbpusd,2022-06-10T12:00:00+00:00,TRIGGERED,short,ARMED,entry conditions satisfied,,1.24584,2022-06-10T12:00:00+00:00,False,False,True
gbpusd,2022-07-29T00:00:00+00:00,GC,long,SEARCH_TOUCH,new long search,,,,,,
gbpusd,2022-07-29T12:00:00+00:00,ARMED,long,ARMED,first EMA20 touch,2022-07-29T12:00:00+00:00,1.21864,,,,
gbpusd,2022-08-01T20:00:00+00:00,TRIGGERED,long,ARMED,entry conditions satisfied,,1.21864,2022-08-01T20:00:00+00:00,True,True,False
gbpusd,2022-08-08T12:00:00+00:00,DC,short,SEARCH_TOUCH,new short search,,,,,,
gbpusd,2022-08-09T08:00:00+00:00,ARMED,short,ARMED,first EMA20 touch,2022-08-09T08:00:00+00:00,1.20859,,,,
gbpusd,2022-08-10T12:00:00+00:00,BREACH_TOLERATED,short,ARMED,one close through touch extreme,,,,,,
gbpusd,2022-08-10T16:00:00+00:00,REVERSE_CROSS_INVALIDATION,short,ARMED,reverse cross while armed,,,,,,
gbpusd,2022-08-15T20:00:00+00:00,DC,short,SEARCH_TOUCH,new short search,,,,,,
gbpusd,2022-08-16T12:00:00+00:00,ARMED,short,ARMED,first EMA20 touch,2022-08-16T12:00:00+00:00,1.20181,,,,
gbpusd,2022-08-18T12:00:00+00:00,TRIGGERED,short,ARMED,entry conditions satisfied,,1.20181,2022-08-18T12:00:00+00:00,False,False,True
gbpusd,2022-10-25T16:00:00+00:00,GC,long,SEARCH_TOUCH,new long search,,,,,,
gbpusd,2022-10-28T04:00:00+00:00,ARMED,long,ARMED,first EMA20 touch,2022-10-28T04:00:00+00:00,1.1583,,,,
gbpusd,2022-10-28T16:00:00+00:00,TRIGGERED,long,ARMED,entry conditions satisfied,,1.1583,2022-10-28T16:00:00+00:00,True,True,False
gbpusd,2022-11-04T00:00:00+00:00,DC,short,SEARCH_TOUCH,new short search,,,,,,
gbpusd,2022-11-04T12:00:00+00:00,ARMED,short,ARMED,first EMA20 touch,2022-11-04T12:00:00+00:00,1.1145,,,,
gbpusd,2022-11-04T16:00:00+00:00,BREACH_TOLERATED,short,ARMED,one close through touch extreme,,,,,,
gbpusd,2022-11-04T20:00:00+00:00,INVALIDATED,short,ARMED,two consecutive closes through touch extreme,,,,,,
gbpusd,2022-11-07T16:00:00+00:00,GC,long,SEARCH_TOUCH,new long search,,,,,,
gbpusd,2022-11-09T08:00:00+00:00,ARMED,long,ARMED,first EMA20 touch,2022-11-09T08:00:00+00:00,1.15664,,,,
gbpusd,2022-11-09T12:00:00+00:00,BREACH_TOLERATED,long,ARMED,one close through touch extreme,,,,,,
gbpusd,2022-11-09T16:00:00+00:00,INVALIDATED,long,ARMED,two consecutive closes through touch extreme,,,,,,
gbpusd,2023-01-03T20:00:00+00:00,DC,short,SEARCH_TOUCH,new short search,,,,,,
gbpusd,2023-01-04T04:00:00+00:00,ARMED,short,ARMED,first EMA20 touch,2023-01-04T04:00:00+00:00,1.1971,,,,
gbpusd,2023-01-04T08:00:00+00:00,BREACH_TOLERATED,short,ARMED,one close through touch extreme,,,,,,
gbpusd,2023-01-04T12:00:00+00:00,INVALIDATED,short,ARMED,two consecutive closes through touch extreme,,,,,,
gbpusd,2023-01-04T20:00:00+00:00,GC,long,SEARCH_TOUCH,new long search,,,,,,
gbpusd,2023-01-05T04:00:00+00:00,REVERSE_CROSS_INVALIDATION,long,SEARCH_TOUCH,reverse cross before touch,,,,,,
gbpusd,2023-01-09T04:00:00+00:00,GC,long,SEARCH_TOUCH,new long search,,,,,,
gbpusd,2023-01-11T08:00:00+00:00,ARMED,long,ARMED,first EMA20 touch,2023-01-11T08:00:00+00:00,1.21619,,,,
gbpusd,2023-01-17T12:00:00+00:00,TRIGGERED,long,ARMED,entry conditions satisfied,,1.21619,2023-01-17T12:00:00+00:00,True,True,False
gbpusd,2023-02-06T00:00:00+00:00,DC,short,SEARCH_TOUCH,new short search,,,,,,
gbpusd,2023-02-07T16:00:00+00:00,ARMED,short,ARMED,first EMA20 touch,2023-02-07T16:00:00+00:00,1.19868,,,,
gbpusd,2023-02-08T04:00:00+00:00,BREACH_TOLERATED,short,ARMED,one close through touch extreme,,,,,,
gbpusd,2023-02-09T08:00:00+00:00,BREACH_TOLERATED,short,ARMED,one close through touch extreme,,,,,,
gbpusd,2023-02-09T12:00:00+00:00,INVALIDATED,short,ARMED,two consecutive closes through touch extreme,,,,,,
gbpusd,2023-03-14T04:00:00+00:00,GC,long,SEARCH_TOUCH,new long search,,,,,,
gbpusd,2023-03-15T08:00:00+00:00,ARMED,long,ARMED,first EMA20 touch,2023-03-15T08:00:00+00:00,1.2164,,,,
gbpusd,2023-03-15T12:00:00+00:00,BREACH_TOLERATED,long,ARMED,one close through touch extreme,,,,,,
gbpusd,2023-03-16T08:00:00+00:00,BREACH_TOLERATED,long,ARMED,one close through touch extreme,,,,,,
gbpusd,2023-03-20T00:00:00+00:00,TRIGGERED,long,ARMED,entry conditions satisfied,,1.2164,2023-03-20T00:00:00+00:00,True,True,True
gbpusd,2023-05-19T00:00:00+00:00,DC,short,SEARCH_TOUCH,new short search,,,,,,
gbpusd,2023-05-19T12:00:00+00:00,ARMED,short,ARMED,first EMA20 touch,2023-05-19T12:00:00+00:00,1.24217,,,,
gbpusd,2023-05-24T04:00:00+00:00,TRIGGERED,short,ARMED,entry conditions satisfied,,1.24217,2023-05-24T04:00:00+00:00,False,False,True
gbpusd,2023-06-01T20:00:00+00:00,GC,long,SEARCH_TOUCH,new long search,,,,,,
gbpusd,2023-06-02T12:00:00+00:00,ARMED,long,ARMED,first EMA20 touch,2023-06-02T12:00:00+00:00,1.2535,,,,
gbpusd,2023-06-02T16:00:00+00:00,BREACH_TOLERATED,long,ARMED,one close through touch extreme,,,,,,
gbpusd,2023-06-02T20:00:00+00:00,INVALIDATED,long,ARMED,two consecutive closes through touch extreme,,,,,,
gbpusd,2023-06-06T08:00:00+00:00,DC,short,SEARCH_TOUCH,new short search,,,,,,
gbpusd,2023-06-07T00:00:00+00:00,ARMED,short,ARMED,first EMA20 touch,2023-06-07T00:00:00+00:00,1.2417,,,,
gbpusd,2023-06-07T08:00:00+00:00,BREACH_TOLERATED,short,ARMED,one close through touch extreme,,,,,,
gbpusd,2023-06-07T12:00:00+00:00,INVALIDATED,short,ARMED,two consecutive closes through touch extreme,,,,,,
gbpusd,2023-06-07T20:00:00+00:00,GC,long,SEARCH_TOUCH,new long search,,,,,,
gbpusd,2023-06-12T12:00:00+00:00,ARMED,long,ARMED,first EMA20 touch,2023-06-12T12:00:00+00:00,1.25706,,,,
gbpusd,2023-06-13T08:00:00+00:00,TRIGGERED,long,ARMED,entry conditions satisfied,,1.25706,2023-06-13T08:00:00+00:00,True,True,False
gbpusd,2023-08-02T12:00:00+00:00,DC,short,SEARCH_TOUCH,new short search,,,,,,
gbpusd,2023-08-04T12:00:00+00:00,ARMED,short,ARMED,first EMA20 touch,2023-08-04T12:00:00+00:00,1.26857,,,,
gbpusd,2023-08-07T16:00:00+00:00,BREACH_TOLERATED,short,ARMED,one close through touch extreme,,,,,,
gbpusd,2023-08-10T16:00:00+00:00,TRIGGERED,short,ARMED,entry conditions satisfied,,1.26857,2023-08-10T16:00:00+00:00,False,False,True
gbpusd,2023-11-05T20:00:00+00:00,GC,long,SEARCH_TOUCH,new long search,,,,,,
gbpusd,2023-11-07T08:00:00+00:00,ARMED,long,ARMED,first EMA20 touch,2023-11-07T08:00:00+00:00,1.23318,,,,
gbpusd,2023-11-08T04:00:00+00:00,BREACH_TOLERATED,long,ARMED,one close through touch extreme,,,,,,
gbpusd,2023-11-08T08:00:00+00:00,INVALIDATED,long,ARMED,two consecutive closes through touch extreme,,,,,,
gbpusd,2023-11-12T20:00:00+00:00,DC,short,SEARCH_TOUCH,new short search,,,,,,
gbpusd,2023-11-13T04:00:00+00:00,ARMED,short,ARMED,first EMA20 touch,2023-11-13T04:00:00+00:00,1.22265,,,,
gbpusd,2023-11-13T08:00:00+00:00,BREACH_TOLERATED,short,ARMED,one close through touch extreme,,,,,,
gbpusd,2023-11-13T12:00:00+00:00,INVALIDATED,short,ARMED,two consecutive closes through touch extreme,,,,,,
gbpusd,2023-11-13T16:00:00+00:00,GC,long,SEARCH_TOUCH,new long search,,,,,,
gbpusd,2023-11-16T04:00:00+00:00,ARMED,long,ARMED,first EMA20 touch,2023-11-16T04:00:00+00:00,1.23986,,,,
gbpusd,2023-11-16T08:00:00+00:00,TRIGGERED,long,ARMED,entry conditions satisfied,,1.23986,2023-11-16T08:00:00+00:00,True,True,False
gbpusd,2024-02-05T04:00:00+00:00,DC,short,SEARCH_TOUCH,new short search,,,,,,
gbpusd,2024-02-06T20:00:00+00:00,ARMED,short,ARMED,first EMA20 touch,2024-02-06T20:00:00+00:00,1.2592,,,,
gbpusd,2024-02-07T04:00:00+00:00,BREACH_TOLERATED,short,ARMED,one close through touch extreme,,,,,,
gbpusd,2024-02-07T08:00:00+00:00,INVALIDATED,short,ARMED,two consecutive closes through touch extreme,,,,,,
gbpusd,2024-02-23T04:00:00+00:00,GC,long,SEARCH_TOUCH,new long search,,,,,,
gbpusd,2024-02-27T12:00:00+00:00,ARMED,long,ARMED,first EMA20 touch,2024-02-27T12:00:00+00:00,1.26946,,,,
gbpusd,2024-02-28T04:00:00+00:00,BREACH_TOLERATED,long,ARMED,one close through touch extreme,,,,,,
gbpusd,2024-02-28T08:00:00+00:00,INVALIDATED,long,ARMED,two consecutive closes through touch extreme,,,,,,
gbpusd,2024-03-22T04:00:00+00:00,DC,short,SEARCH_TOUCH,new short search,,,,,,
gbpusd,2024-03-25T12:00:00+00:00,ARMED,short,ARMED,first EMA20 touch,2024-03-25T12:00:00+00:00,1.26357,,,,
gbpusd,2024-03-26T08:00:00+00:00,BREACH_TOLERATED,short,ARMED,one close through touch extreme,,,,,,
gbpusd,2024-03-26T12:00:00+00:00,TRIGGERED,short,ARMED,entry conditions satisfied,,1.26357,2024-03-26T12:00:00+00:00,False,False,True
gbpusd,2024-05-06T16:00:00+00:00,GC,long,SEARCH_TOUCH,new long search,,,,,,
gbpusd,2024-05-07T04:00:00+00:00,ARMED,long,ARMED,first EMA20 touch,2024-05-07T04:00:00+00:00,1.25571,,,,
gbpusd,2024-05-07T12:00:00+00:00,BREACH_TOLERATED,long,ARMED,one close through touch extreme,,,,,,
gbpusd,2024-05-07T16:00:00+00:00,REVERSE_CROSS_INVALIDATION,long,ARMED,reverse cross while armed,,,,,,
gbpusd,2024-05-14T12:00:00+00:00,GC,long,SEARCH_TOUCH,new long search,,,,,,
gbpusd,2024-05-21T12:00:00+00:00,ARMED,long,ARMED,first EMA20 touch,2024-05-21T12:00:00+00:00,1.27266,,,,
gbpusd,2024-05-22T04:00:00+00:00,TRIGGERED,long,ARMED,entry conditions satisfied,,1.27266,2024-05-22T04:00:00+00:00,True,True,False
gbpusd,2024-06-21T04:00:00+00:00,DC,short,SEARCH_TOUCH,new short search,,,,,,
gbpusd,2024-06-24T08:00:00+00:00,ARMED,short,ARMED,first EMA20 touch,2024-06-24T08:00:00+00:00,1.26537,,,,
gbpusd,2024-06-24T12:00:00+00:00,BREACH_TOLERATED,short,ARMED,one close through touch extreme,,,,,,
gbpusd,2024-06-24T16:00:00+00:00,INVALIDATED,short,ARMED,two consecutive closes through touch extreme,,,,,,
gbpusd,2024-07-03T16:00:00+00:00,GC,long,SEARCH_TOUCH,new long search,,,,,,
gbpusd,2024-07-09T12:00:00+00:00,ARMED,long,ARMED,first EMA20 touch,2024-07-09T12:00:00+00:00,1.28211,,,,
gbpusd,2024-07-10T12:00:00+00:00,TRIGGERED,long,ARMED,entry conditions satisfied,,1.28211,2024-07-10T12:00:00+00:00,True,True,False
gbpusd,2024-08-01T16:00:00+00:00,DC,short,SEARCH_TOUCH,new short search,,,,,,
gbpusd,2024-08-02T12:00:00+00:00,ARMED,short,ARMED,first EMA20 touch,2024-08-02T12:00:00+00:00,1.27405,,,,
gbpusd,2024-08-06T04:00:00+00:00,TRIGGERED,short,ARMED,entry conditions satisfied,,1.27405,2024-08-06T04:00:00+00:00,False,False,True
gbpusd,2024-08-14T08:00:00+00:00,GC,long,SEARCH_TOUCH,new long search,,,,,,
gbpusd,2024-08-15T12:00:00+00:00,ARMED,long,ARMED,first EMA20 touch,2024-08-15T12:00:00+00:00,1.28714,,,,
gbpusd,2024-08-20T16:00:00+00:00,TRIGGERED,long,ARMED,entry conditions satisfied,,1.28714,2024-08-20T16:00:00+00:00,True,True,False
gbpusd,2024-10-07T00:00:00+00:00,DC,short,SEARCH_TOUCH,new short search,,,,,,
gbpusd,2024-10-11T08:00:00+00:00,ARMED,short,ARMED,first EMA20 touch,2024-10-11T08:00:00+00:00,1.30513,,,,
gbpusd,2024-10-13T20:00:00+00:00,TRIGGERED,short,ARMED,entry conditions satisfied,,1.30513,2024-10-13T20:00:00+00:00,False,False,True
gbpusd,2025-01-30T04:00:00+00:00,GC,long,SEARCH_TOUCH,new long search,,,,,,
gbpusd,2025-01-30T08:00:00+00:00,ARMED,long,ARMED,first EMA20 touch,2025-01-30T08:00:00+00:00,1.24623,,,,
gbpusd,2025-01-30T20:00:00+00:00,BREACH_TOLERATED,long,ARMED,one close through touch extreme,,,,,,
gbpusd,2025-01-31T00:00:00+00:00,INVALIDATED,long,ARMED,two consecutive closes through touch extreme,,,,,,
gbpusd,2025-01-31T08:00:00+00:00,DC,short,SEARCH_TOUCH,new short search,,,,,,
gbpusd,2025-01-31T16:00:00+00:00,ARMED,short,ARMED,first EMA20 touch,2025-01-31T16:00:00+00:00,1.23856,,,,
gbpusd,2025-02-04T12:00:00+00:00,BREACH_TOLERATED,short,ARMED,one close through touch extreme,,,,,,
gbpusd,2025-02-04T16:00:00+00:00,INVALIDATED,short,ARMED,two consecutive closes through touch extreme,,,,,,
gbpusd,2025-02-05T08:00:00+00:00,GC,long,SEARCH_TOUCH,new long search,,,,,,
gbpusd,2025-02-06T08:00:00+00:00,ARMED,long,ARMED,first EMA20 touch,2025-02-06T08:00:00+00:00,1.24747,,,,
gbpusd,2025-02-07T20:00:00+00:00,BREACH_TOLERATED,long,ARMED,one close through touch extreme,,,,,,
gbpusd,2025-02-09T20:00:00+00:00,REVERSE_CROSS_INVALIDATION,long,ARMED,reverse cross while armed,,,,,,
gbpusd,2025-02-13T04:00:00+00:00,GC,long,SEARCH_TOUCH,new long search,,,,,,
gbpusd,2025-02-19T08:00:00+00:00,ARMED,long,ARMED,first EMA20 touch,2025-02-19T08:00:00+00:00,1.26293,,,,
gbpusd,2025-02-20T12:00:00+00:00,TRIGGERED,long,ARMED,entry conditions satisfied,,1.26293,2025-02-20T12:00:00+00:00,True,True,False
gbpusd,2025-04-08T16:00:00+00:00,DC,short,SEARCH_TOUCH,new short search,,,,,,
gbpusd,2025-04-09T00:00:00+00:00,ARMED,short,ARMED,first EMA20 touch,2025-04-09T00:00:00+00:00,1.27742,,,,
gbpusd,2025-04-09T08:00:00+00:00,TRIGGERED,short,ARMED,entry conditions satisfied,,1.27742,2025-04-09T08:00:00+00:00,False,False,True
gbpusd,2025-04-10T12:00:00+00:00,GC,long,SEARCH_TOUCH,new long search,,,,,,
gbpusd,2025-04-22T16:00:00+00:00,ARMED,long,ARMED,first EMA20 touch,2025-04-22T16:00:00+00:00,1.33769,,,,
gbpusd,2025-04-22T20:00:00+00:00,BREACH_TOLERATED,long,ARMED,one close through touch extreme,,,,,,
gbpusd,2025-04-23T00:00:00+00:00,INVALIDATED,long,ARMED,two consecutive closes through touch extreme,,,,,,
gbpusd,2025-07-13T20:00:00+00:00,DC,short,SEARCH_TOUCH,new short search,,,,,,
gbpusd,2025-07-16T12:00:00+00:00,ARMED,short,ARMED,first EMA20 touch,2025-07-16T12:00:00+00:00,1.33646,,,,
gbpusd,2025-07-21T12:00:00+00:00,BREACH_TOLERATED,short,ARMED,one close through touch extreme,,,,,,
gbpusd,2025-07-21T20:00:00+00:00,BREACH_TOLERATED,short,ARMED,one close through touch extreme,,,,,,
gbpusd,2025-07-22T08:00:00+00:00,BREACH_TOLERATED,short,ARMED,one close through touch extreme,,,,,,
gbpusd,2025-07-22T12:00:00+00:00,INVALIDATED,short,ARMED,two consecutive closes through touch extreme,,,,,,
gbpusd,2025-07-24T00:00:00+00:00,GC,long,SEARCH_TOUCH,new long search,,,,,,
gbpusd,2025-07-24T12:00:00+00:00,ARMED,long,ARMED,first EMA20 touch,2025-07-24T12:00:00+00:00,1.35626,,,,
gbpusd,2025-07-24T16:00:00+00:00,BREACH_TOLERATED,long,ARMED,one close through touch extreme,,,,,,
gbpusd,2025-07-24T20:00:00+00:00,INVALIDATED,long,ARMED,two consecutive closes through touch extreme,,,,,,
gbpusd,2025-07-25T04:00:00+00:00,DC,short,SEARCH_TOUCH,new short search,,,,,,
gbpusd,2025-07-30T12:00:00+00:00,ARMED,short,ARMED,first EMA20 touch,2025-07-30T12:00:00+00:00,1.32709,,,,
gbpusd,2025-08-07T08:00:00+00:00,BREACH_TOLERATED,short,ARMED,one close through touch extreme,,,,,,
gbpusd,2025-08-07T12:00:00+00:00,INVALIDATED,short,ARMED,two consecutive closes through touch extreme,,,,,,
gbpusd,2025-08-12T12:00:00+00:00,GC,long,SEARCH_TOUCH,new long search,,,,,,
gbpusd,2025-08-18T04:00:00+00:00,ARMED,long,ARMED,first EMA20 touch,2025-08-18T04:00:00+00:00,1.35646,,,,
gbpusd,2025-08-18T12:00:00+00:00,BREACH_TOLERATED,long,ARMED,one close through touch extreme,,,,,,
gbpusd,2025-08-18T16:00:00+00:00,INVALIDATED,long,ARMED,two consecutive closes through touch extreme,,,,,,
gbpusd,2025-08-22T04:00:00+00:00,DC,short,SEARCH_TOUCH,new short search,,,,,,
gbpusd,2025-08-22T12:00:00+00:00,ARMED,short,ARMED,first EMA20 touch,2025-08-22T12:00:00+00:00,1.3411,,,,
gbpusd,2025-08-22T16:00:00+00:00,REVERSE_CROSS_INVALIDATION,short,ARMED,reverse cross while armed,,,,,,
gbpusd,2025-09-02T20:00:00+00:00,DC,short,SEARCH_TOUCH,new short search,,,,,,
gbpusd,2025-09-03T12:00:00+00:00,ARMED,short,ARMED,first EMA20 touch,2025-09-03T12:00:00+00:00,1.34083,,,,
gbpusd,2025-09-05T04:00:00+00:00,BREACH_TOLERATED,short,ARMED,one close through touch extreme,,,,,,
gbpusd,2025-09-05T08:00:00+00:00,INVALIDATED,short,ARMED,two consecutive closes through touch extreme,,,,,,
gbpusd,2025-09-07T20:00:00+00:00,GC,long,SEARCH_TOUCH,new long search,,,,,,
gbpusd,2025-09-09T20:00:00+00:00,ARMED,long,ARMED,first EMA20 touch,2025-09-09T20:00:00+00:00,1.35303,,,,
gbpusd,2025-09-10T00:00:00+00:00,TRIGGERED,long,ARMED,entry conditions satisfied,,1.35303,2025-09-10T00:00:00+00:00,True,True,False
gbpusd,2025-09-24T12:00:00+00:00,DC,short,SEARCH_TOUCH,new short search,,,,,,
gbpusd,2025-09-29T00:00:00+00:00,ARMED,short,ARMED,first EMA20 touch,2025-09-29T00:00:00+00:00,1.34062,,,,
gbpusd,2025-09-29T04:00:00+00:00,BREACH_TOLERATED,short,ARMED,one close through touch extreme,,,,,,
gbpusd,2025-09-29T08:00:00+00:00,INVALIDATED,short,ARMED,two consecutive closes through touch extreme,,,,,,
gbpusd,2025-11-28T16:00:00+00:00,GC,long,SEARCH_TOUCH,new long search,,,,,,
gbpusd,2025-12-01T04:00:00+00:00,ARMED,long,ARMED,first EMA20 touch,2025-12-01T04:00:00+00:00,1.32362,,,,
gbpusd,2025-12-01T20:00:00+00:00,BREACH_TOLERATED,long,ARMED,one close through touch extreme,,,,,,
gbpusd,2025-12-02T08:00:00+00:00,BREACH_TOLERATED,long,ARMED,one close through touch extreme,,,,,,
gbpusd,2025-12-02T12:00:00+00:00,INVALIDATED,long,ARMED,two consecutive closes through touch extreme,,,,,,
gbpusd,2026-02-18T20:00:00+00:00,DC,short,SEARCH_TOUCH,new short search,,,,,,
gbpusd,2026-02-20T12:00:00+00:00,ARMED,short,ARMED,first EMA20 touch,2026-02-20T12:00:00+00:00,1.34605,,,,
gbpusd,2026-02-22T20:00:00+00:00,BREACH_TOLERATED,short,ARMED,one close through touch extreme,,,,,,
gbpusd,2026-02-23T00:00:00+00:00,INVALIDATED,short,ARMED,two consecutive closes through touch extreme,,,,,,
gbpusd,2026-04-09T12:00:00+00:00,GC,long,SEARCH_TOUCH,new long search,,,,,,
gbpusd,2026-04-12T20:00:00+00:00,ARMED,long,ARMED,first EMA20 touch,2026-04-12T20:00:00+00:00,1.34075,,,,
gbpusd,2026-04-14T04:00:00+00:00,TRIGGERED,long,ARMED,entry conditions satisfied,,1.34075,2026-04-14T04:00:00+00:00,True,True,False
gbpusd,2026-05-15T00:00:00+00:00,DC,short,SEARCH_TOUCH,new short search,,,,,,
gbpusd,2026-05-18T12:00:00+00:00,ARMED,short,ARMED,first EMA20 touch,2026-05-18T12:00:00+00:00,1.33749,,,,
gbpusd,2026-05-18T16:00:00+00:00,BREACH_TOLERATED,short,ARMED,one close through touch extreme,,,,,,
gbpusd,2026-05-18T20:00:00+00:00,INVALIDATED,short,ARMED,two consecutive closes through touch extreme,,,,,,
gbpusd,2026-07-06T20:00:00+00:00,GC,long,SEARCH_TOUCH,new long search,,,,,,
gbpusd,2026-07-07T16:00:00+00:00,ARMED,long,ARMED,first EMA20 touch,2026-07-07T16:00:00+00:00,1.3376,,,,
gbpusd,2026-07-07T20:00:00+00:00,BREACH_TOLERATED,long,ARMED,one close through touch extreme,,,,,,
gbpusd,2026-07-08T08:00:00+00:00,BREACH_TOLERATED,long,ARMED,one close through touch extreme,,,,,,
gbpusd,2026-07-10T08:00:00+00:00,TRIGGERED,long,ARMED,entry conditions satisfied,,1.3376,2026-07-10T08:00:00+00:00,True,True,False
gbpusd,2026-07-23T20:00:00+00:00,DC,short,SEARCH_TOUCH,new short search,,,,,,
gbpusd,2026-07-26T20:00:00+00:00,ARMED,short,ARMED,first EMA20 touch,2026-07-26T20:00:00+00:00,1.33186,,,,
gbpusd,2026-07-27T08:00:00+00:00,TRIGGERED,short,ARMED,entry conditions satisfied,,1.33186,2026-07-27T08:00:00+00:00,False,False,True
gbpusd,2026-07-31T00:00:00+00:00,GC,long,SEARCH_TOUCH,new long search,,,,,,
gbpusd,2026-08-03T12:00:00+00:00,ARMED,long,ARMED,first EMA20 touch,2026-08-03T12:00:00+00:00,1.34711,,,,
gbpusd,2026-08-05T08:00:00+00:00,TRIGGERED,long,ARMED,entry conditions satisfied,,1.34711,2026-08-05T08:00:00+00:00,True,True,False
gbpusd,2026-09-14T16:00:00+00:00,DC,short,SEARCH_TOUCH,new short search,,,,,,
gbpusd,2026-09-16T04:00:00+00:00,ARMED,short,ARMED,first EMA20 touch,2026-09-16T04:00:00+00:00,1.34708,,,,
gbpusd,2026-09-16T08:00:00+00:00,TRIGGERED,short,ARMED,entry conditions satisfied,,1.34708,2026-09-16T08:00:00+00:00,False,False,True
audusd,2021-01-04T00:00:00+00:00,GC,long,SEARCH_TOUCH,new long search,,,,,,
audusd,2021-01-04T04:00:00+00:00,ARMED,long,ARMED,first EMA20 touch,2021-01-04T04:00:00+00:00,0.77337,,,,
audusd,2021-01-04T12:00:00+00:00,REVERSE_CROSS_INVALIDATION,long,ARMED,reverse cross while armed,,,,,,
audusd,2021-01-05T16:00:00+00:00,GC,long,SEARCH_TOUCH,new long search,,,,,,
audusd,2021-01-07T08:00:00+00:00,ARMED,long,ARMED,first EMA20 touch,2021-01-07T08:00:00+00:00,0.77883,,,,
audusd,2021-01-10T20:00:00+00:00,BREACH_TOLERATED,long,ARMED,one close through touch extreme,,,,,,
audusd,2021-01-11T00:00:00+00:00,INVALIDATED,long,ARMED,two consecutive closes through touch extreme,,,,,,
audusd,2021-01-18T08:00:00+00:00,DC,short,SEARCH_TOUCH,new short search,,,,,,
audusd,2021-01-19T00:00:00+00:00,ARMED,short,ARMED,first EMA20 touch,2021-01-19T00:00:00+00:00,0.76842,,,,
audusd,2021-01-20T00:00:00+00:00,BREACH_TOLERATED,short,ARMED,one close through touch extreme,,,,,,
audusd,2021-01-20T04:00:00+00:00,INVALIDATED,short,ARMED,two consecutive closes through touch extreme,,,,,,
audusd,2021-01-20T20:00:00+00:00,GC,long,SEARCH_TOUCH,new long search,,,,,,
audusd,2021-01-22T00:00:00+00:00,ARMED,long,ARMED,first EMA20 touch,2021-01-22T00:00:00+00:00,0.77686,,,,
audusd,2021-01-22T04:00:00+00:00,BREACH_TOLERATED,long,ARMED,one close through touch extreme,,,,,,
audusd,2021-01-22T08:00:00+00:00,INVALIDATED,long,ARMED,two consecutive closes through touch extreme,,,,,,
audusd,2021-01-26T00:00:00+00:00,DC,short,SEARCH_TOUCH,new short search,,,,,,
audusd,2021-01-26T12:00:00+00:00,ARMED,short,ARMED,first EMA20 touch,2021-01-26T12:00:00+00:00,0.77119,,,,
audusd,2021-01-26T20:00:00+00:00,REVERSE_CROSS_INVALIDATION,short,ARMED,reverse cross while armed,,,,,,
audusd,2021-01-27T12:00:00+00:00,DC,short,SEARCH_TOUCH,new short search,,,,,,
audusd,2021-01-28T16:00:00+00:00,ARMED,short,ARMED,first EMA20 touch,2021-01-28T16:00:00+00:00,0.7666,,,,
audusd,2021-01-29T00:00:00+00:00,TRIGGERED,short,ARMED,entry conditions satisfied,,0.7666,2021-01-29T00:00:00+00:00,False,False,True
audusd,2021-02-10T00:00:00+00:00,GC,long,SEARCH_TOUCH,new long search,,,,,,
audusd,2021-02-12T08:00:00+00:00,ARMED,long,ARMED,first EMA20 touch,2021-02-12T08:00:00+00:00,0.77434,,,,
audusd,2021-02-18T08:00:00+00:00,TRIGGERED,long,ARMED,entry conditions satisfied,,0.77434,2021-02-18T08:00:00+00:00,True,True,False
audusd,2021-03-05T08:00:00+00:00,DC,short,SEARCH_TOUCH,new short search,,,,,,
audusd,2021-03-09T08:00:00+00:00,ARMED,short,ARMED,first EMA20 touch,2021-03-09T08:00:00+00:00,0.76732,,,,
audusd,2021-03-10T16:00:00+00:00,BREACH_TOLERATED,short,ARMED,one close through touch extreme,,,,,,
audusd,2021-03-10T20:00:00+00:00,INVALIDATED,short,ARMED,two consecutive closes through touch extreme,,,,,,
audusd,2021-03-18T00:00:00+00:00,GC,long,SEARCH_TOUCH,new long search,,,,,,
audusd,2021-03-18T12:00:00+00:00,ARMED,long,ARMED,first EMA20 touch,2021-03-18T12:00:00+00:00,0.78074,,,,
audusd,2021-03-18T16:00:00+00:00,BREACH_TOLERATED,long,ARMED,one close through touch extreme,,,,,,
audusd,2021-03-18T20:00:00+00:00,INVALIDATED,long,ARMED,two consecutive closes through touch extreme,,,,,,
audusd,2021-03-22T00:00:00+00:00,DC,short,SEARCH_TOUCH,new short search,,,,,,
audusd,2021-03-22T12:00:00+00:00,ARMED,short,ARMED,first EMA20 touch,2021-03-22T12:00:00+00:00,0.77293,,,,
audusd,2021-03-23T00:00:00+00:00,TRIGGERED,short,ARMED,entry conditions satisfied,,0.77293,2021-03-23T00:00:00+00:00,False,False,True
audusd,2021-04-15T04:00:00+00:00,GC,long,SEARCH_TOUCH,new long search,,,,,,
audusd,2021-04-18T20:00:00+00:00,ARMED,long,ARMED,first EMA20 touch,2021-04-18T20:00:00+00:00,0.77315,,,,
audusd,2021-04-19T20:00:00+00:00,TRIGGERED,long,ARMED,entry conditions satisfied,,0.77315,2021-04-19T20:00:00+00:00,True,True,False
audusd,2021-05-24T08:00:00+00:00,DC,short,SEARCH_TOUCH,new short search,,,,,,
audusd,2021-05-24T12:00:00+00:00,ARMED,short,ARMED,first EMA20 touch,2021-05-24T12:00:00+00:00,0.77241,,,,
audusd,2021-05-24T16:00:00+00:00,BREACH_TOLERATED,short,ARMED,one close through touch extreme,,,,,,
audusd,2021-05-25T00:00:00+00:00,REVERSE_CROSS_INVALIDATION,short,ARMED,reverse cross while armed,,,,,,
audusd,2021-05-28T04:00:00+00:00,DC,short,SEARCH_TOUCH,new short search,,,,,,
audusd,2021-05-31T04:00:00+00:00,ARMED,short,ARMED,first EMA20 touch,2021-05-31T04:00:00+00:00,0.77208,,,,
audusd,2021-05-31T12:00:00+00:00,BREACH_TOLERATED,short,ARMED,one close through touch extreme,,,,,,
audusd,2021-05-31T20:00:00+00:00,BREACH_TOLERATED,short,ARMED,one close through touch extreme,,,,,,
audusd,2021-06-01T00:00:00+00:00,INVALIDATED,short,ARMED,two consecutive closes through touch extreme,,,,,,
audusd,2021-06-11T00:00:00+00:00,GC,long,SEARCH_TOUCH,new long search,,,,,,
audusd,2021-06-11T08:00:00+00:00,ARMED,long,ARMED,first EMA20 touch,2021-06-11T08:00:00+00:00,0.7768,,,,
audusd,2021-06-11T12:00:00+00:00,REVERSE_CROSS_INVALIDATION,long,ARMED,reverse cross while armed,,,,,,
audusd,2021-09-02T08:00:00+00:00,GC,long,SEARCH_TOUCH,new long search,,,,,,
audusd,2021-09-07T04:00:00+00:00,ARMED,long,ARMED,first EMA20 touch,2021-09-07T04:00:00+00:00,0.7468,,,,
audusd,2021-09-07T08:00:00+00:00,BREACH_TOLERATED,long,ARMED,one close through touch extreme,,,,,,
audusd,2021-09-07T12:00:00+00:00,INVALIDATED,long,ARMED,two consecutive closes through touch extreme,,,,,,
audusd,2021-09-14T20:00:00+00:00,DC,short,SEARCH_TOUCH,new short search,,,,,,
audusd,2021-09-15T20:00:00+00:00,ARMED,short,ARMED,first EMA20 touch,2021-09-15T20:00:00+00:00,0.733,,,,
audusd,2021-09-16T00:00:00+00:00,TRIGGERED,short,ARMED,entry conditions satisfied,,0.733,2021-09-16T00:00:00+00:00,False,False,True
audusd,2021-10-11T04:00:00+00:00,GC,long,SEARCH_TOUCH,new long search,,,,,,
audusd,2021-10-12T20:00:00+00:00,ARMED,long,ARMED,first EMA20 touch,2021-10-12T20:00:00+00:00,0.73527,,,,
audusd,2021-10-14T04:00:00+00:00,TRIGGERED,long,ARMED,entry conditions satisfied,,0.73527,2021-10-14T04:00:00+00:00,True,True,False
audusd,2021-11-09T12:00:00+00:00,DC,short,SEARCH_TOUCH,new short search,,,,,,
audusd,2021-11-10T12:00:00+00:00,ARMED,short,ARMED,first EMA20 touch,2021-11-10T12:00:00+00:00,0.73402,,,,
audusd,2021-11-10T16:00:00+00:00,TRIGGERED,short,ARMED,entry conditions satisfied,,0.73402,2021-11-10T16:00:00+00:00,False,False,True
audusd,2021-12-24T04:00:00+00:00,GC,long,SEARCH_TOUCH,new long search,,,,,,
audusd,2021-12-27T08:00:00+00:00,ARMED,long,ARMED,first EMA20 touch,2021-12-27T08:00:00+00:00,0.72306,,,,
audusd,2021-12-28T08:00:00+00:00,TRIGGERED,long,ARMED,entry conditions satisfied,,0.72306,2021-12-28T08:00:00+00:00,True,True,False
audusd,2022-01-06T16:00:00+00:00,DC,short,SEARCH_TOUCH,new short search,,,,,,
audusd,2022-01-10T00:00:00+00:00,ARMED,short,ARMED,first EMA20 touch,2022-01-10T00:00:00+00:00,0.71762,,,,
audusd,2022-01-11T16:00:00+00:00,BREACH_TOLERATED,short,ARMED,one close through touch extreme,,,,,,
audusd,2022-01-11T20:00:00+00:00,INVALIDATED,short,ARMED,two consecutive closes through touch extreme,,,,,,
audusd,2022-01-12T16:00:00+00:00,GC,long,SEARCH_TOUCH,new long search,,,,,,
audusd,2022-01-14T12:00:00+00:00,ARMED,long,ARMED,first EMA20 touch,2022-01-14T12:00:00+00:00,0.72632,,,,
audusd,2022-01-14T16:00:00+00:00,BREACH_TOLERATED,long,ARMED,one close through touch extreme,,,,,,
audusd,2022-01-14T20:00:00+00:00,INVALIDATED,long,ARMED,two consecutive closes through touch extreme,,,,,,
audusd,2022-01-18T20:00:00+00:00,DC,short,SEARCH_TOUCH,new short search,,,,,,
audusd,2022-01-19T08:00:00+00:00,ARMED,short,ARMED,first EMA20 touch,2022-01-19T08:00:00+00:00,0.71781,,,,
audusd,2022-01-19T12:00:00+00:00,BREACH_TOLERATED,short,ARMED,one close through touch extreme,,,,,,
audusd,2022-01-19T16:00:00+00:00,INVALIDATED,short,ARMED,two consecutive closes through touch extreme,,,,,,
audusd,2022-01-20T04:00:00+00:00,GC,long,SEARCH_TOUCH,new long search,,,,,,
audusd,2022-01-20T20:00:00+00:00,ARMED,long,ARMED,first EMA20 touch,2022-01-20T20:00:00+00:00,0.72436,,,,
audusd,2022-01-21T00:00:00+00:00,BREACH_TOLERATED,long,ARMED,one close through touch extreme,,,,,,
audusd,2022-01-21T04:00:00+00:00,INVALIDATED,long,ARMED,two consecutive closes through touch extreme,,,,,,
audusd,2022-01-21T16:00:00+00:00,DC,short,SEARCH_TOUCH,new short search,,,,,,
audusd,2022-01-25T00:00:00+00:00,ARMED,short,ARMED,first EMA20 touch,2022-01-25T00:00:00+00:00,0.7135,,,,
audusd,2022-01-25T08:00:00+00:00,TRIGGERED,short,ARMED,entry conditions satisfied,,0.7135,2022-01-25T08:00:00+00:00,False,False,True
audusd,2022-02-10T12:00:00+00:00,GC,long,SEARCH_TOUCH,new long search,,,,,,
audusd,2022-02-10T20:00:00+00:00,ARMED,long,ARMED,first EMA20 touch,2022-02-10T20:00:00+00:00,0.71827,,,,
audusd,2022-02-11T00:00:00+00:00,BREACH_TOLERATED,long,ARMED,one close through touch extreme,,,,,,
audusd,2022-02-11T04:00:00+00:00,REVERSE_CROSS_INVALIDATION,long,ARMED,reverse cross while armed,,,,,,
audusd,2022-02-16T20:00:00+00:00,GC,long,SEARCH_TOUCH,new long search,,,,,,
audusd,2022-02-17T00:00:00+00:00,ARMED,long,ARMED,first EMA20 touch,2022-02-17T00:00:00+00:00,0.7215,,,,
audusd,2022-02-21T04:00:00+00:00,TRIGGERED,long,ARMED,entry conditions satisfied,,0.7215,2022-02-21T04:00:00+00:00,True,True,False
audusd,2022-04-18T04:00:00+00:00,DC,short,SEARCH_TOUCH,new short search,,,,,,
audusd,2022-04-19T04:00:00+00:00,ARMED,short,ARMED,first EMA20 touch,2022-04-19T04:00:00+00:00,0.7364,,,,
audusd,2022-04-19T20:00:00+00:00,BREACH_TOLERATED,short,ARMED,one close through touch extreme,,,,,,
audusd,2022-04-20T00:00:00+00:00,INVALIDATED,short,ARMED,two consecutive closes through touch extreme,,,,,,
audusd,2022-04-20T20:00:00+00:00,GC,long,SEARCH_TOUCH,new long search,,,,,,
audusd,2022-04-21T12:00:00+00:00,ARMED,long,ARMED,first EMA20 touch,2022-04-21T12:00:00+00:00,0.74385,,,,
audusd,2022-04-21T20:00:00+00:00,REVERSE_CROSS_INVALIDATION,long,ARMED,reverse cross while armed,,,,,,
audusd,2022-05-30T04:00:00+00:00,GC,long,SEARCH_TOUCH,new long search,,,,,,
audusd,2022-05-31T12:00:00+00:00,ARMED,long,ARMED,first EMA20 touch,2022-05-31T12:00:00+00:00,0.71877,,,,
audusd,2022-06-02T12:00:00+00:00,TRIGGERED,long,ARMED,entry conditions satisfied,,0.71877,2022-06-02T12:00:00+00:00,True,True,False
audusd,2022-06-10T12:00:00+00:00,DC,short,SEARCH_TOUCH,new short search,,,,,,
audusd,2022-06-15T16:00:00+00:00,ARMED,short,ARMED,first EMA20 touch,2022-06-15T16:00:00+00:00,0.69153,,,,
audusd,2022-06-16T16:00:00+00:00,BREACH_TOLERATED,short,ARMED,one close through touch extreme,,,,,,
audusd,2022-06-16T20:00:00+00:00,INVALIDATED,short,ARMED,two consecutive closes through touch extreme,,,,,,
audusd,2022-07-25T04:00:00+00:00,GC,long,SEARCH_TOUCH,new long search,,,,,,
audusd,2022-07-26T08:00:00+00:00,ARMED,long,ARMED,first EMA20 touch,2022-07-26T08:00:00+00:00,0.69672,,,,
audusd,2022-07-27T00:00:00+00:00,BREACH_TOLERATED,long,ARMED,one close through touch extreme,,,,,,
audusd,2022-07-27T12:00:00+00:00,BREACH_TOLERATED,long,ARMED,one close through touch extreme,,,,,,
audusd,2022-07-27T16:00:00+00:00,TRIGGERED,long,ARMED,entry conditions satisfied,,0.69672,2022-07-27T16:00:00+00:00,True,True,False
audusd,2022-08-07T04:00:00+00:00,DC,short,SEARCH_TOUCH,new short search,,,,,,
audusd,2022-08-08T00:00:00+00:00,ARMED,short,ARMED,first EMA20 touch,2022-08-08T00:00:00+00:00,0.68974,,,,
audusd,2022-08-08T04:00:00+00:00,BREACH_TOLERATED,short,ARMED,one close through touch extreme,,,,,,
audusd,2022-08-08T08:00:00+00:00,REVERSE_CROSS_INVALIDATION,short,ARMED,reverse cross while armed,,,,,,
audusd,2022-08-18T16:00:00+00:00,DC,short,SEARCH_TOUCH,new short search,,,,,,
audusd,2022-08-22T00:00:00+00:00,ARMED,short,ARMED,first EMA20 touch,2022-08-22T00:00:00+00:00,0.68734,,,,
audusd,2022-08-22T08:00:00+00:00,BREACH_TOLERATED,short,ARMED,one close through touch extreme,,,,,,
audusd,2022-08-23T12:00:00+00:00,BREACH_TOLERATED,short,ARMED,one close through touch extreme,,,,,,
audusd,2022-08-23T16:00:00+00:00,INVALIDATED,short,ARMED,two consecutive closes through touch extreme,,,,,,
audusd,2022-10-27T04:00:00+00:00,GC,long,SEARCH_TOUCH,new long search,,,,,,
audusd,2022-10-27T12:00:00+00:00,ARMED,long,ARMED,first EMA20 touch,2022-10-27T12:00:00+00:00,0.65042,,,,
audusd,2022-10-28T04:00:00+00:00,BREACH_TOLERATED,long,ARMED,one close through touch extreme,,,,,,
audusd,2022-10-28T08:00:00+00:00,INVALIDATED,long,ARMED,two consecutive closes through touch extreme,,,,,,
audusd,2022-10-30T04:00:00+00:00,DC,short,SEARCH_TOUCH,new short search,,,,,,
audusd,2022-10-31T00:00:00+00:00,ARMED,short,ARMED,first EMA20 touch,2022-10-31T00:00:00+00:00,0.63998,,,,
audusd,2022-11-01T00:00:00+00:00,BREACH_TOLERATED,short,ARMED,one close through touch extreme,,,,,,
audusd,2022-11-01T08:00:00+00:00,BREACH_TOLERATED,short,ARMED,one close through touch extreme,,,,,,
audusd,2022-11-01T12:00:00+00:00,TRIGGERED,short,ARMED,entry conditions satisfied,,0.63998,2022-11-01T12:00:00+00:00,False,False,True
audusd,2022-11-07T16:00:00+00:00,GC,long,SEARCH_TOUCH,new long search,,,,,,
audusd,2022-11-09T08:00:00+00:00,ARMED,long,ARMED,first EMA20 touch,2022-11-09T08:00:00+00:00,0.65216,,,,
audusd,2022-11-09T12:00:00+00:00,BREACH_TOLERATED,long,ARMED,one close through touch extreme,,,,,,
audusd,2022-11-09T16:00:00+00:00,INVALIDATED,long,ARMED,two consecutive closes through touch extreme,,,,,,
audusd,2023-02-13T00:00:00+00:00,DC,short,SEARCH_TOUCH,new short search,,,,,,
audusd,2023-02-13T08:00:00+00:00,ARMED,short,ARMED,first EMA20 touch,2023-02-13T08:00:00+00:00,0.69124,,,,
audusd,2023-02-13T12:00:00+00:00,BREACH_TOLERATED,short,ARMED,one close through touch extreme,,,,,,
audusd,2023-02-13T16:00:00+00:00,REVERSE_CROSS_INVALIDATION,short,ARMED,reverse cross while armed,,,,,,
audusd,2023-02-15T16:00:00+00:00,DC,short,SEARCH_TOUCH,new short search,,,,,,
audusd,2023-02-16T08:00:00+00:00,ARMED,short,ARMED,first EMA20 touch,2023-02-16T08:00:00+00:00,0.69092,,,,
audusd,2023-02-16T20:00:00+00:00,TRIGGERED,short,ARMED,entry conditions satisfied,,0.69092,2023-02-16T20:00:00+00:00,False,False,True
audusd,2023-04-04T12:00:00+00:00,GC,long,SEARCH_TOUCH,new long search,,,,,,
audusd,2023-04-05T04:00:00+00:00,ARMED,long,ARMED,first EMA20 touch,2023-04-05T04:00:00+00:00,0.67543,,,,
audusd,2023-04-05T08:00:00+00:00,BREACH_TOLERATED,long,ARMED,one close through touch extreme,,,,,,
audusd,2023-04-05T16:00:00+00:00,REVERSE_CROSS_INVALIDATION,long,ARMED,reverse cross while armed,,,,,,
audusd,2023-04-14T00:00:00+00:00,GC,long,SEARCH_TOUCH,new long search,,,,,,
audusd,2023-04-14T12:00:00+00:00,ARMED,long,ARMED,first EMA20 touch,2023-04-14T12:00:00+00:00,0.68057,,,,
audusd,2023-04-17T12:00:00+00:00,REVERSE_CROSS_INVALIDATION,long,ARMED,reverse cross while armed,,,,,,
audusd,2023-04-18T12:00:00+00:00,GC,long,SEARCH_TOUCH,new long search,,,,,,
audusd,2023-04-18T16:00:00+00:00,ARMED,long,ARMED,first EMA20 touch,2023-04-18T16:00:00+00:00,0.67299,,,,
audusd,2023-04-19T04:00:00+00:00,BREACH_TOLERATED,long,ARMED,one close through touch extreme,,,,,,
audusd,2023-04-19T08:00:00+00:00,INVALIDATED,long,ARMED,two consecutive closes through touch extreme,,,,,,
audusd,2023-04-20T00:00:00+00:00,DC,short,SEARCH_TOUCH,new short search,,,,,,
audusd,2023-04-20T04:00:00+00:00,ARMED,short,ARMED,first EMA20 touch,2023-04-20T04:00:00+00:00,0.67001,,,,
audusd,2023-04-20T12:00:00+00:00,REVERSE_CROSS_INVALIDATION,short,ARMED,reverse cross while armed,,,,,,
audusd,2023-04-21T12:00:00+00:00,DC,short,SEARCH_TOUCH,new short search,,,,,,
audusd,2023-04-24T20:00:00+00:00,ARMED,short,ARMED,first EMA20 touch,2023-04-24T20:00:00+00:00,0.66896,,,,
audusd,2023-04-25T00:00:00+00:00,TRIGGERED,short,ARMED,entry conditions satisfied,,0.66896,2023-04-25T00:00:00+00:00,False,False,True
audusd,2023-05-05T12:00:00+00:00,GC,long,SEARCH_TOUCH,new long search,,,,,,
audusd,2023-05-09T12:00:00+00:00,ARMED,long,ARMED,first EMA20 touch,2023-05-09T12:00:00+00:00,0.67643,,,,
audusd,2023-05-10T16:00:00+00:00,TRIGGERED,long,ARMED,entry conditions satisfied,,0.67643,2023-05-10T16:00:00+00:00,True,True,False
audusd,2023-05-14T20:00:00+00:00,DC,short,SEARCH_TOUCH,new short search,,,,,,
audusd,2023-05-15T12:00:00+00:00,ARMED,short,ARMED,first EMA20 touch,2023-05-15T12:00:00+00:00,0.66753,,,,
audusd,2023-05-15T16:00:00+00:00,BREACH_TOLERATED,short,ARMED,one close through touch extreme,,,,,,
audusd,2023-05-15T20:00:00+00:00,INVALIDATED,short,ARMED,two consecutive closes through touch extreme,,,,,,
audusd,2023-06-07T04:00:00+00:00,GC,long,SEARCH_TOUCH,new long search,,,,,,
audusd,2023-06-14T16:00:00+00:00,ARMED,long,ARMED,first EMA20 touch,2023-06-14T16:00:00+00:00,0.6835,,,,
audusd,2023-06-15T12:00:00+00:00,TRIGGERED,long,ARMED,entry conditions satisfied,,0.6835,2023-06-15T12:00:00+00:00,True,True,False
audusd,2023-06-27T12:00:00+00:00,DC,short,SEARCH_TOUCH,new short search,,,,,,
audusd,2023-06-30T12:00:00+00:00,ARMED,short,ARMED,first EMA20 touch,2023-06-30T12:00:00+00:00,0.66188,,,,
audusd,2023-07-03T12:00:00+00:00,BREACH_TOLERATED,short,ARMED,one close through touch extreme,,,,,,
audusd,2023-07-03T16:00:00+00:00,INVALIDATED,short,ARMED,two consecutive closes through touch extreme,,,,,,
audusd,2023-07-12T12:00:00+00:00,GC,long,SEARCH_TOUCH,new long search,,,,,,
audusd,2023-07-17T00:00:00+00:00,ARMED,long,ARMED,first EMA20 touch,2023-07-17T00:00:00+00:00,0.68378,,,,
audusd,2023-07-18T08:00:00+00:00,BREACH_TOLERATED,long,ARMED,one close through touch extreme,,,,,,
audusd,2023-07-19T00:00:00+00:00,BREACH_TOLERATED,long,ARMED,one close through touch extreme,,,,,,
audusd,2023-07-19T04:00:00+00:00,INVALIDATED,long,ARMED,two consecutive closes through touch extreme,,,,,,
audusd,2023-07-28T08:00:00+00:00,DC,short,SEARCH_TOUCH,new short search,,,,,,
audusd,2023-07-31T08:00:00+00:00,ARMED,short,ARMED,first EMA20 touch,2023-07-31T08:00:00+00:00,0.66844,,,,
audusd,2023-07-31T12:00:00+00:00,BREACH_TOLERATED,short,ARMED,one close through touch extreme,,,,,,
audusd,2023-07-31T16:00:00+00:00,INVALIDATED,short,ARMED,two consecutive closes through touch extreme,,,,,,
audusd,2023-11-02T08:00:00+00:00,GC,long,SEARCH_TOUCH,new long search,,,,,,
audusd,2023-11-07T00:00:00+00:00,ARMED,long,ARMED,first EMA20 touch,2023-11-07T00:00:00+00:00,0.6501,,,,
audusd,2023-11-07T04:00:00+00:00,BREACH_TOLERATED,long,ARMED,one close through touch extreme,,,,,,
audusd,2023-11-07T08:00:00+00:00,INVALIDATED,long,ARMED,two consecutive closes through touch extreme,,,,,,
audusd,2023-11-10T20:00:00+00:00,DC,short,SEARCH_TOUCH,new short search,,,,,,
audusd,2023-11-13T08:00:00+00:00,ARMED,short,ARMED,first EMA20 touch,2023-11-13T08:00:00+00:00,0.63642,,,,
audusd,2023-11-14T12:00:00+00:00,BREACH_TOLERATED,short,ARMED,one close through touch extreme,,,,,,
audusd,2023-11-14T16:00:00+00:00,REVERSE_CROSS_INVALIDATION,short,ARMED,reverse cross while armed,,,,,,
audusd,2024-01-16T00:00:00+00:00,DC,short,SEARCH_TOUCH,new short search,,,,,,
audusd,2024-01-19T00:00:00+00:00,ARMED,short,ARMED,first EMA20 touch,2024-01-19T00:00:00+00:00,0.65748,,,,
audusd,2024-01-19T08:00:00+00:00,BREACH_TOLERATED,short,ARMED,one close through touch extreme,,,,,,
audusd,2024-01-19T16:00:00+00:00,BREACH_TOLERATED,short,ARMED,one close through touch extreme,,,,,,
audusd,2024-01-19T20:00:00+00:00,INVALIDATED,short,ARMED,two consecutive closes through touch extreme,,,,,,
audusd,2024-03-07T12:00:00+00:00,GC,long,SEARCH_TOUCH,new long search,,,,,,
audusd,2024-03-11T12:00:00+00:00,ARMED,long,ARMED,first EMA20 touch,2024-03-11T12:00:00+00:00,0.66155,,,,
audusd,2024-03-12T00:00:00+00:00,TRIGGERED,long,ARMED,entry conditions satisfied,,0.66155,2024-03-12T00:00:00+00:00,True,True,False
audusd,2024-03-19T04:00:00+00:00,DC,short,SEARCH_TOUCH,new short search,,,,,,
audusd,2024-03-20T16:00:00+00:00,ARMED,short,ARMED,first EMA20 touch,2024-03-20T16:00:00+00:00,0.65269,,,,
audusd,2024-03-20T20:00:00+00:00,BREACH_TOLERATED,short,ARMED,one close through touch extreme,,,,,,
audusd,2024-03-21T00:00:00+00:00,INVALIDATED,short,ARMED,two consecutive closes through touch extreme,,,,,,
audusd,2024-03-21T04:00:00+00:00,GC,long,SEARCH_TOUCH,new long search,,,,,,
audusd,2024-03-21T12:00:00+00:00,ARMED,long,ARMED,first EMA20 touch,2024-03-21T12:00:00+00:00,0.66051,,,,
audusd,2024-03-22T00:00:00+00:00,REVERSE_CROSS_INVALIDATION,long,ARMED,reverse cross while armed,,,,,,
audusd,2024-04-04T12:00:00+00:00,GC,long,SEARCH_TOUCH,new long search,,,,,,
audusd,2024-04-05T12:00:00+00:00,ARMED,long,ARMED,first EMA20 touch,2024-04-05T12:00:00+00:00,0.65914,,,,
audusd,2024-04-09T20:00:00+00:00,TRIGGERED,long,ARMED,entry conditions satisfied,,0.65914,2024-04-09T20:00:00+00:00,True,True,False
audusd,2024-04-12T00:00:00+00:00,DC,short,SEARCH_TOUCH,new short search,,,,,,
audusd,2024-04-17T16:00:00+00:00,ARMED,short,ARMED,first EMA20 touch,2024-04-17T16:00:00+00:00,0.64083,,,,
audusd,2024-04-18T00:00:00+00:00,BREACH_TOLERATED,short,ARMED,one close through touch extreme,,,,,,
audusd,2024-04-18T04:00:00+00:00,INVALIDATED,short,ARMED,two consecutive closes through touch extreme,,,,,,
audusd,2024-04-28T20:00:00+00:00,GC,long,SEARCH_TOUCH,new long search,,,,,,
audusd,2024-04-30T00:00:00+00:00,ARMED,long,ARMED,first EMA20 touch,2024-04-30T00:00:00+00:00,0.65644,,,,
audusd,2024-04-30T04:00:00+00:00,BREACH_TOLERATED,long,ARMED,one close through touch extreme,,,,,,
audusd,2024-04-30T08:00:00+00:00,INVALIDATED,long,ARMED,two consecutive closes through touch extreme,,,,,,
audusd,2024-05-01T04:00:00+00:00,DC,short,SEARCH_TOUCH,new short search,,,,,,
audusd,2024-05-01T16:00:00+00:00,ARMED,short,ARMED,first EMA20 touch,2024-05-01T16:00:00+00:00,0.64818,,,,
audusd,2024-05-02T08:00:00+00:00,REVERSE_CROSS_INVALIDATION,short,ARMED,reverse cross while armed,,,,,,
audusd,2024-06-11T08:00:00+00:00,DC,short,SEARCH_TOUCH,new short search,,,,,,
audusd,2024-06-11T16:00:00+00:00,ARMED,short,ARMED,first EMA20 touch,2024-06-11T16:00:00+00:00,0.65934,,,,
audusd,2024-06-12T00:00:00+00:00,BREACH_TOLERATED,short,ARMED,one close through touch extreme,,,,,,
audusd,2024-06-12T04:00:00+00:00,INVALIDATED,short,ARMED,two consecutive closes through touch extreme,,,,,,
audusd,2024-06-12T12:00:00+00:00,GC,long,SEARCH_TOUCH,new long search,,,,,,
audusd,2024-06-13T12:00:00+00:00,ARMED,long,ARMED,first EMA20 touch,2024-06-13T12:00:00+00:00,0.66749,,,,
audusd,2024-06-13T20:00:00+00:00,BREACH_TOLERATED,long,ARMED,one close through touch extreme,,,,,,
audusd,2024-06-14T00:00:00+00:00,INVALIDATED,long,ARMED,two consecutive closes through touch extreme,,,,,,
audusd,2024-06-17T12:00:00+00:00,DC,short,SEARCH_TOUCH,new short search,,,,,,
audusd,2024-06-17T16:00:00+00:00,ARMED,short,ARMED,first EMA20 touch,2024-06-17T16:00:00+00:00,0.65966,,,,
audusd,2024-06-17T20:00:00+00:00,BREACH_TOLERATED,short,ARMED,one close through touch extreme,,,,,,
audusd,2024-06-18T12:00:00+00:00,REVERSE_CROSS_INVALIDATION,short,ARMED,reverse cross while armed,,,,,,
audusd,2024-07-22T16:00:00+00:00,DC,short,SEARCH_TOUCH,new short search,,,,,,
audusd,2024-07-30T04:00:00+00:00,ARMED,short,ARMED,first EMA20 touch,2024-07-30T04:00:00+00:00,0.6549,,,,
audusd,2024-07-30T08:00:00+00:00,TRIGGERED,short,ARMED,entry conditions satisfied,,0.6549,2024-07-30T08:00:00+00:00,False,False,True
audusd,2024-08-15T04:00:00+00:00,GC,long,SEARCH_TOUCH,new long search,,,,,,
audusd,2024-08-15T12:00:00+00:00,ARMED,long,ARMED,first EMA20 touch,2024-08-15T12:00:00+00:00,0.66341,,,,
audusd,2024-08-20T16:00:00+00:00,TRIGGERED,long,ARMED,entry conditions satisfied,,0.66341,2024-08-20T16:00:00+00:00,True,True,False
audusd,2024-09-09T20:00:00+00:00,DC,short,SEARCH_TOUCH,new short search,,,,,,
audusd,2024-09-11T08:00:00+00:00,ARMED,short,ARMED,first EMA20 touch,2024-09-11T08:00:00+00:00,0.66574,,,,
audusd,2024-09-11T20:00:00+00:00,BREACH_TOLERATED,short,ARMED,one close through touch extreme,,,,,,
audusd,2024-09-12T00:00:00+00:00,INVALIDATED,short,ARMED,two consecutive closes through touch extreme,,,,,,
audusd,2024-09-13T04:00:00+00:00,GC,long,SEARCH_TOUCH,new long search,,,,,,
audusd,2024-09-15T20:00:00+00:00,ARMED,long,ARMED,first EMA20 touch,2024-09-15T20:00:00+00:00,0.67136,,,,
audusd,2024-09-16T04:00:00+00:00,TRIGGERED,long,ARMED,entry conditions satisfied,,0.67136,2024-09-16T04:00:00+00:00,True,True,False
audusd,2024-10-08T20:00:00+00:00,DC,short,SEARCH_TOUCH,new short search,,,,,,
audusd,2024-10-11T00:00:00+00:00,ARMED,short,ARMED,first EMA20 touch,2024-10-11T00:00:00+00:00,0.67361,,,,
audusd,2024-10-11T12:00:00+00:00,BREACH_TOLERATED,short,ARMED,one close through touch extreme,,,,,,
audusd,2024-10-11T16:00:00+00:00,INVALIDATED,short,ARMED,two consecutive closes through touch extreme,,,,,,
audusd,2025-01-23T00:00:00+00:00,GC,long,SEARCH_TOUCH,new long search,,,,,,
audusd,2025-01-23T16:00:00+00:00,ARMED,long,ARMED,first EMA20 touch,2025-01-23T16:00:00+00:00,0.62993,,,,
audusd,2025-01-24T00:00:00+00:00,TRIGGERED,long,ARMED,entry conditions satisfied,,0.62993,2025-01-24T00:00:00+00:00,True,True,False
audusd,2025-01-29T12:00:00+00:00,DC,short,SEARCH_TOUCH,new short search,,,,,,
audusd,2025-01-31T12:00:00+00:00,ARMED,short,ARMED,first EMA20 touch,2025-01-31T12:00:00+00:00,0.62101,,,,
audusd,2025-01-31T20:00:00+00:00,TRIGGERED,short,ARMED,entry conditions satisfied,,0.62101,2025-01-31T20:00:00+00:00,False,False,True
audusd,2025-02-06T12:00:00+00:00,GC,long,SEARCH_TOUCH,new long search,,,,,,
audusd,2025-02-07T12:00:00+00:00,ARMED,long,ARMED,first EMA20 touch,2025-02-07T12:00:00+00:00,0.63004,,,,
audusd,2025-02-09T20:00:00+00:00,BREACH_TOLERATED,long,ARMED,one close through touch extreme,,,,,,
audusd,2025-02-13T20:00:00+00:00,TRIGGERED,long,ARMED,entry conditions satisfied,,0.63004,2025-02-13T20:00:00+00:00,True,True,False
audusd,2025-02-28T00:00:00+00:00,DC,short,SEARCH_TOUCH,new short search,,,,,,
audusd,2025-03-03T12:00:00+00:00,ARMED,short,ARMED,first EMA20 touch,2025-03-03T12:00:00+00:00,0.62219,,,,
audusd,2025-03-03T16:00:00+00:00,TRIGGERED,short,ARMED,entry conditions satisfied,,0.62219,2025-03-03T16:00:00+00:00,False,False,True
audusd,2025-03-06T12:00:00+00:00,GC,long,SEARCH_TOUCH,new long search,,,,,,
audusd,2025-03-07T04:00:00+00:00,ARMED,long,ARMED,first EMA20 touch,2025-03-07T04:00:00+00:00,0.63121,,,,
audusd,2025-03-07T08:00:00+00:00,BREACH_TOLERATED,long,ARMED,one close through touch extreme,,,,,,
audusd,2025-03-10T16:00:00+00:00,BREACH_TOLERATED,long,ARMED,one close through touch extreme,,,,,,
audusd,2025-03-10T20:00:00+00:00,INVALIDATED,long,ARMED,two consecutive closes through touch extreme,,,,,,
audusd,2025-03-24T04:00:00+00:00,DC,short,SEARCH_TOUCH,new short search,,,,,,
audusd,2025-03-24T08:00:00+00:00,ARMED,short,ARMED,first EMA20 touch,2025-03-24T08:00:00+00:00,0.62911,,,,
audusd,2025-03-24T12:00:00+00:00,TRIGGERED,short,ARMED,entry conditions satisfied,,0.62911,2025-03-24T12:00:00+00:00,False,False,True
audusd,2025-03-26T04:00:00+00:00,GC,long,SEARCH_TOUCH,new long search,,,,,,
audusd,2025-03-26T12:00:00+00:00,ARMED,long,ARMED,first EMA20 touch,2025-03-26T12:00:00+00:00,0.63209,,,,
audusd,2025-03-26T16:00:00+00:00,BREACH_TOLERATED,long,ARMED,one close through touch extreme,,,,,,
audusd,2025-03-26T20:00:00+00:00,REVERSE_CROSS_INVALIDATION,long,ARMED,reverse cross while armed,,,,,,
audusd,2025-03-27T00:00:00+00:00,GC,long,SEARCH_TOUCH,new long search,,,,,,
audusd,2025-03-27T04:00:00+00:00,ARMED,long,ARMED,first EMA20 touch,2025-03-27T04:00:00+00:00,0.63178,,,,
audusd,2025-03-28T00:00:00+00:00,REVERSE_CROSS_INVALIDATION,long,ARMED,reverse cross while armed,,,,,,
audusd,2025-04-03T16:00:00+00:00,GC,long,SEARCH_TOUCH,new long search,,,,,,
audusd,2025-04-04T00:00:00+00:00,REVERSE_CROSS_INVALIDATION,long,SEARCH_TOUCH,reverse cross before touch,,,,,,
audusd,2025-04-14T20:00:00+00:00,GC,long,SEARCH_TOUCH,new long search,,,,,,
audusd,2025-04-22T08:00:00+00:00,ARMED,long,ARMED,first EMA20 touch,2025-04-22T08:00:00+00:00,0.64218,,,,
audusd,2025-04-22T12:00:00+00:00,BREACH_TOLERATED,long,ARMED,one close through touch extreme,,,,,,
audusd,2025-04-22T16:00:00+00:00,INVALIDATED,long,ARMED,two consecutive closes through touch extreme,,,,,,
audusd,2025-06-23T08:00:00+00:00,DC,short,SEARCH_TOUCH,new short search,,,,,,
audusd,2025-06-23T16:00:00+00:00,ARMED,short,ARMED,first EMA20 touch,2025-06-23T16:00:00+00:00,0.64072,,,,
audusd,2025-06-23T20:00:00+00:00,BREACH_TOLERATED,short,ARMED,one close through touch extreme,,,,,,
audusd,2025-06-24T00:00:00+00:00,INVALIDATED,short,ARMED,two consecutive closes through touch extreme,,,,,,
audusd,2025-06-24T04:00:00+00:00,GC,long,SEARCH_TOUCH,new long search,,,,,,
audusd,2025-06-27T16:00:00+00:00,ARMED,long,ARMED,first EMA20 touch,2025-06-27T16:00:00+00:00,0.65382,,,,
audusd,2025-06-30T12:00:00+00:00,TRIGGERED,long,ARMED,entry conditions satisfied,,0.65382,2025-06-30T12:00:00+00:00,True,True,False
audusd,2025-07-17T20:00:00+00:00,DC,short,SEARCH_TOUCH,new short search,,,,,,
audusd,2025-07-18T04:00:00+00:00,ARMED,short,ARMED,first EMA20 touch,2025-07-18T04:00:00+00:00,0.64974,,,,
audusd,2025-07-18T08:00:00+00:00,BREACH_TOLERATED,short,ARMED,one close through touch extreme,,,,,,
audusd,2025-07-18T12:00:00+00:00,REVERSE_CROSS_INVALIDATION,short,ARMED,reverse cross while armed,,,,,,
audusd,2025-07-18T16:00:00+00:00,DC,short,SEARCH_TOUCH,new short search,,,,,,
audusd,2025-07-20T20:00:00+00:00,ARMED,short,ARMED,first EMA20 touch,2025-07-20T20:00:00+00:00,0.65029,,,,
audusd,2025-07-21T08:00:00+00:00,BREACH_TOLERATED,short,ARMED,one close through touch extreme,,,,,,
audusd,2025-07-21T12:00:00+00:00,REVERSE_CROSS_INVALIDATION,short,ARMED,reverse cross while armed,,,,,,
audusd,2025-07-30T08:00:00+00:00,DC,short,SEARCH_TOUCH,new short search,,,,,,
audusd,2025-08-01T12:00:00+00:00,ARMED,short,ARMED,first EMA20 touch,2025-08-01T12:00:00+00:00,0.64185,,,,
audusd,2025-08-06T04:00:00+00:00,BREACH_TOLERATED,short,ARMED,one close through touch extreme,,,,,,
audusd,2025-08-06T08:00:00+00:00,INVALIDATED,short,ARMED,two consecutive closes through touch extreme,,,,,,
audusd,2025-08-08T20:00:00+00:00,GC,long,SEARCH_TOUCH,new long search,,,,,,
audusd,2025-08-11T08:00:00+00:00,ARMED,long,ARMED,first EMA20 touch,2025-08-11T08:00:00+00:00,0.65228,,,,
audusd,2025-08-12T04:00:00+00:00,BREACH_TOLERATED,long,ARMED,one close through touch extreme,,,,,,
audusd,2025-08-12T08:00:00+00:00,REVERSE_CROSS_INVALIDATION,long,ARMED,reverse cross while armed,,,,,,
audusd,2025-08-12T12:00:00+00:00,GC,long,SEARCH_TOUCH,new long search,,,,,,
audusd,2025-08-14T04:00:00+00:00,ARMED,long,ARMED,first EMA20 touch,2025-08-14T04:00:00+00:00,0.65529,,,,
audusd,2025-08-14T08:00:00+00:00,BREACH_TOLERATED,long,ARMED,one close through touch extreme,,,,,,
audusd,2025-08-14T12:00:00+00:00,INVALIDATED,long,ARMED,two consecutive closes through touch extreme,,,,,,
audusd,2025-08-18T16:00:00+00:00,DC,short,SEARCH_TOUCH,new short search,,,,,,
audusd,2025-08-22T12:00:00+00:00,ARMED,short,ARMED,first EMA20 touch,2025-08-22T12:00:00+00:00,0.64208,,,,
audusd,2025-08-27T16:00:00+00:00,BREACH_TOLERATED,short,ARMED,one close through touch extreme,,,,,,
audusd,2025-08-27T20:00:00+00:00,INVALIDATED,short,ARMED,two consecutive closes through touch extreme,,,,,,
audusd,2025-08-28T12:00:00+00:00,GC,long,SEARCH_TOUCH,new long search,,,,,,
audusd,2025-09-02T04:00:00+00:00,ARMED,long,ARMED,first EMA20 touch,2025-09-02T04:00:00+00:00,0.65431,,,,
audusd,2025-09-05T12:00:00+00:00,TRIGGERED,long,ARMED,entry conditions satisfied,,0.65431,2025-09-05T12:00:00+00:00,True,True,False
audusd,2025-09-26T08:00:00+00:00,DC,short,SEARCH_TOUCH,new short search,,,,,,
audusd,2025-09-29T00:00:00+00:00,ARMED,short,ARMED,first EMA20 touch,2025-09-29T00:00:00+00:00,0.65472,,,,
audusd,2025-09-29T04:00:00+00:00,BREACH_TOLERATED,short,ARMED,one close through touch extreme,,,,,,
audusd,2025-09-29T08:00:00+00:00,INVALIDATED,short,ARMED,two consecutive closes through touch extreme,,,,,,
audusd,2025-09-30T04:00:00+00:00,GC,long,SEARCH_TOUCH,new long search,,,,,,
audusd,2025-10-02T12:00:00+00:00,ARMED,long,ARMED,first EMA20 touch,2025-10-02T12:00:00+00:00,0.66087,,,,
audusd,2025-10-08T00:00:00+00:00,BREACH_TOLERATED,long,ARMED,one close through touch extreme,,,,,,
audusd,2025-10-08T04:00:00+00:00,INVALIDATED,long,ARMED,two consecutive closes through touch extreme,,,,,,
audusd,2025-10-10T04:00:00+00:00,DC,short,SEARCH_TOUCH,new short search,,,,,,
audusd,2025-10-15T00:00:00+00:00,ARMED,short,ARMED,first EMA20 touch,2025-10-15T00:00:00+00:00,0.64857,,,,
audusd,2025-10-15T04:00:00+00:00,BREACH_TOLERATED,short,ARMED,one close through touch extreme,,,,,,
audusd,2025-10-22T08:00:00+00:00,TRIGGERED,short,ARMED,entry conditions satisfied,,0.64857,2025-10-22T08:00:00+00:00,False,False,True
audusd,2025-10-28T16:00:00+00:00,GC,long,SEARCH_TOUCH,new long search,,,,,,
audusd,2025-10-29T16:00:00+00:00,ARMED,long,ARMED,first EMA20 touch,2025-10-29T16:00:00+00:00,0.66156,,,,
audusd,2025-10-30T08:00:00+00:00,BREACH_TOLERATED,long,ARMED,one close through touch extreme,,,,,,
audusd,2025-10-30T12:00:00+00:00,INVALIDATED,long,ARMED,two consecutive closes through touch extreme,,,,,,
audusd,2025-11-04T04:00:00+00:00,DC,short,SEARCH_TOUCH,new short search,,,,,,
audusd,2025-11-06T04:00:00+00:00,ARMED,short,ARMED,first EMA20 touch,2025-11-06T04:00:00+00:00,0.65051,,,,
audusd,2025-11-06T12:00:00+00:00,TRIGGERED,short,ARMED,entry conditions satisfied,,0.65051,2025-11-06T12:00:00+00:00,False,False,True
audusd,2025-11-13T08:00:00+00:00,GC,long,SEARCH_TOUCH,new long search,,,,,,
audusd,2025-11-13T16:00:00+00:00,ARMED,long,ARMED,first EMA20 touch,2025-11-13T16:00:00+00:00,0.65579,,,,
audusd,2025-11-14T08:00:00+00:00,REVERSE_CROSS_INVALIDATION,long,ARMED,reverse cross while armed,,,,,,
audusd,2025-11-14T16:00:00+00:00,GC,long,SEARCH_TOUCH,new long search,,,,,,
audusd,2025-11-14T20:00:00+00:00,ARMED,long,ARMED,first EMA20 touch,2025-11-14T20:00:00+00:00,0.65386,,,,
audusd,2025-11-16T20:00:00+00:00,REVERSE_CROSS_INVALIDATION,long,ARMED,reverse cross while armed,,,,,,
audusd,2025-11-28T12:00:00+00:00,GC,long,SEARCH_TOUCH,new long search,,,,,,
audusd,2025-12-08T12:00:00+00:00,ARMED,long,ARMED,first EMA20 touch,2025-12-08T12:00:00+00:00,0.66435,,,,
audusd,2025-12-10T04:00:00+00:00,TRIGGERED,long,ARMED,entry conditions satisfied,,0.66435,2025-12-10T04:00:00+00:00,True,True,False
audusd,2026-03-23T12:00:00+00:00,DC,short,SEARCH_TOUCH,new short search,,,,,,
audusd,2026-03-23T16:00:00+00:00,ARMED,short,ARMED,first EMA20 touch,2026-03-23T16:00:00+00:00,0.69823,,,,
audusd,2026-03-24T00:00:00+00:00,TRIGGERED,short,ARMED,entry conditions satisfied,,0.69823,2026-03-24T00:00:00+00:00,False,False,True
audusd,2026-04-08T16:00:00+00:00,GC,long,SEARCH_TOUCH,new long search,,,,,,
audusd,2026-04-13T00:00:00+00:00,ARMED,long,ARMED,first EMA20 touch,2026-04-13T00:00:00+00:00,0.70421,,,,
audusd,2026-04-14T20:00:00+00:00,TRIGGERED,long,ARMED,entry conditions satisfied,,0.70421,2026-04-14T20:00:00+00:00,True,True,False
audusd,2026-05-20T00:00:00+00:00,DC,short,SEARCH_TOUCH,new short search,,,,,,
audusd,2026-05-20T12:00:00+00:00,ARMED,short,ARMED,first EMA20 touch,2026-05-20T12:00:00+00:00,0.71147,,,,
audusd,2026-05-25T12:00:00+00:00,REVERSE_CROSS_INVALIDATION,short,ARMED,reverse cross while armed,,,,,,
audusd,2026-05-28T00:00:00+00:00,DC,short,SEARCH_TOUCH,new short search,,,,,,
audusd,2026-05-28T12:00:00+00:00,ARMED,short,ARMED,first EMA20 touch,2026-05-28T12:00:00+00:00,0.71172,,,,
audusd,2026-05-28T20:00:00+00:00,BREACH_TOLERATED,short,ARMED,one close through touch extreme,,,,,,
audusd,2026-05-29T04:00:00+00:00,REVERSE_CROSS_INVALIDATION,short,ARMED,reverse cross while armed,,,,,,
audusd,2026-06-04T20:00:00+00:00,DC,short,SEARCH_TOUCH,new short search,,,,,,
audusd,2026-06-05T12:00:00+00:00,ARMED,short,ARMED,first EMA20 touch,2026-06-05T12:00:00+00:00,0.70577,,,,
audusd,2026-06-09T12:00:00+00:00,TRIGGERED,short,ARMED,entry conditions satisfied,,0.70577,2026-06-09T12:00:00+00:00,False,False,True
audusd,2026-07-20T12:00:00+00:00,GC,long,SEARCH_TOUCH,new long search,,,,,,
audusd,2026-07-21T20:00:00+00:00,ARMED,long,ARMED,first EMA20 touch,2026-07-21T20:00:00+00:00,0.70031,,,,
audusd,2026-07-22T04:00:00+00:00,BREACH_TOLERATED,long,ARMED,one close through touch extreme,,,,,,
audusd,2026-07-22T08:00:00+00:00,INVALIDATED,long,ARMED,two consecutive closes through touch extreme,,,,,,
audusd,2026-07-24T00:00:00+00:00,DC,short,SEARCH_TOUCH,new short search,,,,,,
audusd,2026-07-24T04:00:00+00:00,ARMED,short,ARMED,first EMA20 touch,2026-07-24T04:00:00+00:00,0.69709,,,,
audusd,2026-07-24T12:00:00+00:00,BREACH_TOLERATED,short,ARMED,one close through touch extreme,,,,,,
audusd,2026-07-26T20:00:00+00:00,BREACH_TOLERATED,short,ARMED,one close through touch extreme,,,,,,
audusd,2026-07-27T00:00:00+00:00,INVALIDATED,short,ARMED,two consecutive closes through touch extreme,,,,,,
audusd,2026-07-27T04:00:00+00:00,GC,long,SEARCH_TOUCH,new long search,,,,,,
audusd,2026-07-27T12:00:00+00:00,ARMED,long,ARMED,first EMA20 touch,2026-07-27T12:00:00+00:00,0.70008,,,,
audusd,2026-07-28T00:00:00+00:00,BREACH_TOLERATED,long,ARMED,one close through touch extreme,,,,,,
audusd,2026-07-28T04:00:00+00:00,REVERSE_CROSS_INVALIDATION,long,ARMED,reverse cross while armed,,,,,,
audusd,2026-07-31T04:00:00+00:00,GC,long,SEARCH_TOUCH,new long search,,,,,,
audusd,2026-07-31T12:00:00+00:00,ARMED,long,ARMED,first EMA20 touch,2026-07-31T12:00:00+00:00,0.7027,,,,
audusd,2026-08-02T20:00:00+00:00,TRIGGERED,long,ARMED,entry conditions satisfied,,0.7027,2026-08-02T20:00:00+00:00,True,True,False
audusd,2026-09-17T00:00:00+00:00,DC,short,SEARCH_TOUCH,new short search,,,,,,
audusd,2026-09-17T12:00:00+00:00,ARMED,short,ARMED,first EMA20 touch,2026-09-17T12:00:00+00:00,0.71084,,,,
audusd,2026-09-18T00:00:00+00:00,BREACH_TOLERATED,short,ARMED,one close through touch extreme,,,,,,
audusd,2026-09-21T08:00:00+00:00,BREACH_TOLERATED,short,ARMED,one close through touch extreme,,,,,,
audusd,2026-09-22T04:00:00+00:00,TRIGGERED,short,ARMED,entry conditions satisfied,,0.71084,2026-09-22T04:00:00+00:00,False,False,True
nzdusd,2021-01-04T00:00:00+00:00,GC,long,SEARCH_TOUCH,new long search,,,,,,
nzdusd,2021-01-04T04:00:00+00:00,ARMED,long,ARMED,first EMA20 touch,2021-01-04T04:00:00+00:00,0.72176,,,,
nzdusd,2021-01-04T16:00:00+00:00,BREACH_TOLERATED,long,ARMED,one close through touch extreme,,,,,,
nzdusd,2021-01-04T20:00:00+00:00,REVERSE_CROSS_INVALIDATION,long,ARMED,reverse cross while armed,,,,,,
nzdusd,2021-01-05T00:00:00+00:00,GC,long,SEARCH_TOUCH,new long search,,,,,,
nzdusd,2021-01-05T12:00:00+00:00,ARMED,long,ARMED,first EMA20 touch,2021-01-05T12:00:00+00:00,0.72261,,,,
nzdusd,2021-01-11T04:00:00+00:00,BREACH_TOLERATED,long,ARMED,one close through touch extreme,,,,,,
nzdusd,2021-01-11T08:00:00+00:00,INVALIDATED,long,ARMED,two consecutive closes through touch extreme,,,,,,
nzdusd,2021-01-12T08:00:00+00:00,DC,short,SEARCH_TOUCH,new short search,,,,,,
nzdusd,2021-01-12T16:00:00+00:00,ARMED,short,ARMED,first EMA20 touch,2021-01-12T16:00:00+00:00,0.71734,,,,
nzdusd,2021-01-12T20:00:00+00:00,REVERSE_CROSS_INVALIDATION,short,ARMED,reverse cross while armed,,,,,,
nzdusd,2021-01-13T12:00:00+00:00,DC,short,SEARCH_TOUCH,new short search,,,,,,
nzdusd,2021-01-13T16:00:00+00:00,ARMED,short,ARMED,first EMA20 touch,2021-01-13T16:00:00+00:00,0.71771,,,,
nzdusd,2021-01-14T16:00:00+00:00,BREACH_TOLERATED,short,ARMED,one close through touch extreme,,,,,,
nzdusd,2021-01-14T20:00:00+00:00,INVALIDATED,short,ARMED,two consecutive closes through touch extreme,,,,,,
nzdusd,2021-01-26T12:00:00+00:00,GC,long,SEARCH_TOUCH,new long search,,,,,,
nzdusd,2021-01-27T12:00:00+00:00,ARMED,long,ARMED,first EMA20 touch,2021-01-27T12:00:00+00:00,0.72159,,,,
nzdusd,2021-01-27T20:00:00+00:00,BREACH_TOLERATED,long,ARMED,one close through touch extreme,,,,,,
nzdusd,2021-01-28T00:00:00+00:00,REVERSE_CROSS_INVALIDATION,long,ARMED,reverse cross while armed,,,,,,
nzdusd,2021-02-04T04:00:00+00:00,GC,long,SEARCH_TOUCH,new long search,,,,,,
nzdusd,2021-02-04T08:00:00+00:00,REVERSE_CROSS_INVALIDATION,long,SEARCH_TOUCH,reverse cross before touch,,,,,,
nzdusd,2021-02-08T12:00:00+00:00,GC,long,SEARCH_TOUCH,new long search,,,,,,
nzdusd,2021-02-10T08:00:00+00:00,ARMED,long,ARMED,first EMA20 touch,2021-02-10T08:00:00+00:00,0.7245,,,,
nzdusd,2021-02-12T08:00:00+00:00,BREACH_TOLERATED,long,ARMED,one close through touch extreme,,,,,,
nzdusd,2021-02-16T20:00:00+00:00,BREACH_TOLERATED,long,ARMED,one close through touch extreme,,,,,,
nzdusd,2021-02-17T00:00:00+00:00,INVALIDATED,long,ARMED,two consecutive closes through touch extreme,,,,,,
nzdusd,2021-03-05T04:00:00+00:00,DC,short,SEARCH_TOUCH,new short search,,,,,,
nzdusd,2021-03-09T08:00:00+00:00,ARMED,short,ARMED,first EMA20 touch,2021-03-09T08:00:00+00:00,0.71331,,,,
nzdusd,2021-03-10T16:00:00+00:00,BREACH_TOLERATED,short,ARMED,one close through touch extreme,,,,,,
nzdusd,2021-03-10T20:00:00+00:00,INVALIDATED,short,ARMED,two consecutive closes through touch extreme,,,,,,
nzdusd,2021-04-15T08:00:00+00:00,GC,long,SEARCH_TOUCH,new long search,,,,,,
nzdusd,2021-04-18T20:00:00+00:00,ARMED,long,ARMED,first EMA20 touch,2021-04-18T20:00:00+00:00,0.71351,,,,
nzdusd,2021-04-19T20:00:00+00:00,TRIGGERED,long,ARMED,entry conditions satisfied,,0.71351,2021-04-19T20:00:00+00:00,True,True,False
nzdusd,2021-06-04T00:00:00+00:00,DC,short,SEARCH_TOUCH,new short search,,,,,,
nzdusd,2021-06-04T12:00:00+00:00,ARMED,short,ARMED,first EMA20 touch,2021-06-04T12:00:00+00:00,0.71436,,,,
nzdusd,2021-06-04T16:00:00+00:00,BREACH_TOLERATED,short,ARMED,one close through touch extreme,,,,,,
nzdusd,2021-06-07T04:00:00+00:00,BREACH_TOLERATED,short,ARMED,one close through touch extreme,,,,,,
nzdusd,2021-06-07T08:00:00+00:00,INVALIDATED,short,ARMED,two consecutive closes through touch extreme,,,,,,
nzdusd,2021-06-07T16:00:00+00:00,GC,long,SEARCH_TOUCH,new long search,,,,,,
nzdusd,2021-06-08T04:00:00+00:00,ARMED,long,ARMED,first EMA20 touch,2021-06-08T04:00:00+00:00,0.72234,,,,
nzdusd,2021-06-08T12:00:00+00:00,BREACH_TOLERATED,long,ARMED,one close through touch extreme,,,,,,
nzdusd,2021-06-08T16:00:00+00:00,INVALIDATED,long,ARMED,two consecutive closes through touch extreme,,,,,,
nzdusd,2021-06-08T20:00:00+00:00,DC,short,SEARCH_TOUCH,new short search,,,,,,
nzdusd,2021-06-09T04:00:00+00:00,ARMED,short,ARMED,first EMA20 touch,2021-06-09T04:00:00+00:00,0.71935,,,,
nzdusd,2021-06-09T12:00:00+00:00,TRIGGERED,short,ARMED,entry conditions satisfied,,0.71935,2021-06-09T12:00:00+00:00,False,False,True
nzdusd,2021-08-04T08:00:00+00:00,GC,long,SEARCH_TOUCH,new long search,,,,,,
nzdusd,2021-08-06T12:00:00+00:00,ARMED,long,ARMED,first EMA20 touch,2021-08-06T12:00:00+00:00,0.70624,,,,
nzdusd,2021-08-08T20:00:00+00:00,BREACH_TOLERATED,long,ARMED,one close through touch extreme,,,,,,
nzdusd,2021-08-09T12:00:00+00:00,BREACH_TOLERATED,long,ARMED,one close through touch extreme,,,,,,
nzdusd,2021-08-09T16:00:00+00:00,INVALIDATED,long,ARMED,two consecutive closes through touch extreme,,,,,,
nzdusd,2021-08-10T00:00:00+00:00,DC,short,SEARCH_TOUCH,new short search,,,,,,
nzdusd,2021-08-10T12:00:00+00:00,ARMED,short,ARMED,first EMA20 touch,2021-08-10T12:00:00+00:00,0.69882,,,,
nzdusd,2021-08-11T12:00:00+00:00,BREACH_TOLERATED,short,ARMED,one close through touch extreme,,,,,,
nzdusd,2021-08-11T16:00:00+00:00,INVALIDATED,short,ARMED,two consecutive closes through touch extreme,,,,,,
nzdusd,2021-08-11T20:00:00+00:00,GC,long,SEARCH_TOUCH,new long search,,,,,,
nzdusd,2021-08-12T04:00:00+00:00,ARMED,long,ARMED,first EMA20 touch,2021-08-12T04:00:00+00:00,0.704,,,,
nzdusd,2021-08-12T12:00:00+00:00,BREACH_TOLERATED,long,ARMED,one close through touch extreme,,,,,,
nzdusd,2021-08-12T16:00:00+00:00,INVALIDATED,long,ARMED,two consecutive closes through touch extreme,,,,,,
nzdusd,2021-08-13T04:00:00+00:00,DC,short,SEARCH_TOUCH,new short search,,,,,,
nzdusd,2021-08-13T12:00:00+00:00,REVERSE_CROSS_INVALIDATION,short,SEARCH_TOUCH,reverse cross before touch,,,,,,
nzdusd,2021-08-17T04:00:00+00:00,DC,short,SEARCH_TOUCH,new short search,,,,,,
nzdusd,2021-08-23T08:00:00+00:00,ARMED,short,ARMED,first EMA20 touch,2021-08-23T08:00:00+00:00,0.68429,,,,
nzdusd,2021-08-23T12:00:00+00:00,BREACH_TOLERATED,short,ARMED,one close through touch extreme,,,,,,
nzdusd,2021-08-23T16:00:00+00:00,INVALIDATED,short,ARMED,two consecutive closes through touch extreme,,,,,,
nzdusd,2021-08-30T12:00:00+00:00,GC,long,SEARCH_TOUCH,new long search,,,,,,
nzdusd,2021-09-07T04:00:00+00:00,ARMED,long,ARMED,first EMA20 touch,2021-09-07T04:00:00+00:00,0.71473,,,,
nzdusd,2021-09-07T12:00:00+00:00,BREACH_TOLERATED,long,ARMED,one close through touch extreme,,,,,,
nzdusd,2021-09-07T16:00:00+00:00,INVALIDATED,long,ARMED,two consecutive closes through touch extreme,,,,,,
nzdusd,2021-09-21T12:00:00+00:00,DC,short,SEARCH_TOUCH,new short search,,,,,,
nzdusd,2021-09-22T12:00:00+00:00,ARMED,short,ARMED,first EMA20 touch,2021-09-22T12:00:00+00:00,0.70031,,,,
nzdusd,2021-09-23T08:00:00+00:00,BREACH_TOLERATED,short,ARMED,one close through touch extreme,,,,,,
nzdusd,2021-09-23T12:00:00+00:00,INVALIDATED,short,ARMED,two consecutive closes through touch extreme,,,,,,
nzdusd,2021-10-15T04:00:00+00:00,GC,long,SEARCH_TOUCH,new long search,,,,,,
nzdusd,2021-10-21T16:00:00+00:00,ARMED,long,ARMED,first EMA20 touch,2021-10-21T16:00:00+00:00,0.71716,,,,
nzdusd,2021-10-22T04:00:00+00:00,TRIGGERED,long,ARMED,entry conditions satisfied,,0.71716,2021-10-22T04:00:00+00:00,True,True,False
nzdusd,2021-11-11T12:00:00+00:00,DC,short,SEARCH_TOUCH,new short search,,,,,,
nzdusd,2021-11-15T04:00:00+00:00,ARMED,short,ARMED,first EMA20 touch,2021-11-15T04:00:00+00:00,0.70461,,,,
nzdusd,2021-11-15T08:00:00+00:00,BREACH_TOLERATED,short,ARMED,one close through touch extreme,,,,,,
nzdusd,2021-11-15T12:00:00+00:00,INVALIDATED,short,ARMED,two consecutive closes through touch extreme,,,,,,
nzdusd,2022-01-13T16:00:00+00:00,GC,long,SEARCH_TOUCH,new long search,,,,,,
nzdusd,2022-01-14T12:00:00+00:00,ARMED,long,ARMED,first EMA20 touch,2022-01-14T12:00:00+00:00,0.68472,,,,
nzdusd,2022-01-14T16:00:00+00:00,BREACH_TOLERATED,long,ARMED,one close through touch extreme,,,,,,
nzdusd,2022-01-14T20:00:00+00:00,INVALIDATED,long,ARMED,two consecutive closes through touch extreme,,,,,,
nzdusd,2022-01-17T08:00:00+00:00,DC,short,SEARCH_TOUCH,new short search,,,,,,
nzdusd,2022-01-19T08:00:00+00:00,ARMED,short,ARMED,first EMA20 touch,2022-01-19T08:00:00+00:00,0.67761,,,,
nzdusd,2022-01-20T00:00:00+00:00,TRIGGERED,short,ARMED,entry conditions satisfied,,0.67761,2022-01-20T00:00:00+00:00,False,False,True
nzdusd,2022-02-21T16:00:00+00:00,GC,long,SEARCH_TOUCH,new long search,,,,,,
nzdusd,2022-02-21T20:00:00+00:00,ARMED,long,ARMED,first EMA20 touch,2022-02-21T20:00:00+00:00,0.67043,,,,
nzdusd,2022-02-24T12:00:00+00:00,BREACH_TOLERATED,long,ARMED,one close through touch extreme,,,,,,
nzdusd,2022-02-28T00:00:00+00:00,BREACH_TOLERATED,long,ARMED,one close through touch extreme,,,,,,
nzdusd,2022-02-28T16:00:00+00:00,TRIGGERED,long,ARMED,entry conditions satisfied,,0.67043,2022-02-28T16:00:00+00:00,True,True,False
nzdusd,2022-04-11T16:00:00+00:00,DC,short,SEARCH_TOUCH,new short search,,,,,,
nzdusd,2022-04-12T12:00:00+00:00,ARMED,short,ARMED,first EMA20 touch,2022-04-12T12:00:00+00:00,0.68365,,,,
nzdusd,2022-04-13T08:00:00+00:00,TRIGGERED,short,ARMED,entry conditions satisfied,,0.68365,2022-04-13T08:00:00+00:00,False,False,True
nzdusd,2022-05-30T04:00:00+00:00,GC,long,SEARCH_TOUCH,new long search,,,,,,
nzdusd,2022-05-31T00:00:00+00:00,ARMED,long,ARMED,first EMA20 touch,2022-05-31T00:00:00+00:00,0.65635,,,,
nzdusd,2022-05-31T08:00:00+00:00,BREACH_TOLERATED,long,ARMED,one close through touch extreme,,,,,,
nzdusd,2022-05-31T16:00:00+00:00,BREACH_TOLERATED,long,ARMED,one close through touch extreme,,,,,,
nzdusd,2022-06-01T00:00:00+00:00,BREACH_TOLERATED,long,ARMED,one close through touch extreme,,,,,,
nzdusd,2022-06-01T04:00:00+00:00,INVALIDATED,long,ARMED,two consecutive closes through touch extreme,,,,,,
nzdusd,2022-06-02T04:00:00+00:00,DC,short,SEARCH_TOUCH,new short search,,,,,,
nzdusd,2022-06-02T08:00:00+00:00,REVERSE_CROSS_INVALIDATION,short,SEARCH_TOUCH,reverse cross before touch,,,,,,
nzdusd,2022-06-07T04:00:00+00:00,DC,short,SEARCH_TOUCH,new short search,,,,,,
nzdusd,2022-06-07T16:00:00+00:00,ARMED,short,ARMED,first EMA20 touch,2022-06-07T16:00:00+00:00,0.64667,,,,
nzdusd,2022-06-08T00:00:00+00:00,TRIGGERED,short,ARMED,entry conditions satisfied,,0.64667,2022-06-08T00:00:00+00:00,False,False,True
nzdusd,2022-07-28T12:00:00+00:00,GC,long,SEARCH_TOUCH,new long search,,,,,,
nzdusd,2022-07-29T08:00:00+00:00,ARMED,long,ARMED,first EMA20 touch,2022-07-29T08:00:00+00:00,0.63165,,,,
nzdusd,2022-08-01T12:00:00+00:00,TRIGGERED,long,ARMED,entry conditions satisfied,,0.63165,2022-08-01T12:00:00+00:00,True,True,False
nzdusd,2022-08-19T04:00:00+00:00,DC,short,SEARCH_TOUCH,new short search,,,,,,
nzdusd,2022-08-23T12:00:00+00:00,ARMED,short,ARMED,first EMA20 touch,2022-08-23T12:00:00+00:00,0.61637,,,,
nzdusd,2022-08-26T12:00:00+00:00,TRIGGERED,short,ARMED,entry conditions satisfied,,0.61637,2022-08-26T12:00:00+00:00,False,False,True
nzdusd,2022-10-27T04:00:00+00:00,GC,long,SEARCH_TOUCH,new long search,,,,,,
nzdusd,2022-10-28T08:00:00+00:00,ARMED,long,ARMED,first EMA20 touch,2022-10-28T08:00:00+00:00,0.58141,,,,
nzdusd,2022-10-31T00:00:00+00:00,TRIGGERED,long,ARMED,entry conditions satisfied,,0.58141,2022-10-31T00:00:00+00:00,True,True,False
nzdusd,2023-01-06T08:00:00+00:00,DC,short,SEARCH_TOUCH,new short search,,,,,,
nzdusd,2023-01-06T12:00:00+00:00,REVERSE_CROSS_INVALIDATION,short,SEARCH_TOUCH,reverse cross before touch,,,,,,
nzdusd,2023-02-06T16:00:00+00:00,DC,short,SEARCH_TOUCH,new short search,,,,,,
nzdusd,2023-02-07T16:00:00+00:00,ARMED,short,ARMED,first EMA20 touch,2023-02-07T16:00:00+00:00,0.62853,,,,
nzdusd,2023-02-09T08:00:00+00:00,BREACH_TOLERATED,short,ARMED,one close through touch extreme,,,,,,
nzdusd,2023-02-13T12:00:00+00:00,BREACH_TOLERATED,short,ARMED,one close through touch extreme,,,,,,
nzdusd,2023-02-13T20:00:00+00:00,BREACH_TOLERATED,short,ARMED,one close through touch extreme,,,,,,
nzdusd,2023-02-15T08:00:00+00:00,TRIGGERED,short,ARMED,entry conditions satisfied,,0.62853,2023-02-15T08:00:00+00:00,False,False,True
nzdusd,2023-03-23T12:00:00+00:00,GC,long,SEARCH_TOUCH,new long search,,,,,,
nzdusd,2023-03-24T00:00:00+00:00,ARMED,long,ARMED,first EMA20 touch,2023-03-24T00:00:00+00:00,0.62484,,,,
nzdusd,2023-03-24T08:00:00+00:00,REVERSE_CROSS_INVALIDATION,long,ARMED,reverse cross while armed,,,,,,
nzdusd,2023-03-30T20:00:00+00:00,GC,long,SEARCH_TOUCH,new long search,,,,,,
nzdusd,2023-03-31T12:00:00+00:00,ARMED,long,ARMED,first EMA20 touch,2023-03-31T12:00:00+00:00,0.62737,,,,
nzdusd,2023-04-02T20:00:00+00:00,BREACH_TOLERATED,long,ARMED,one close through touch extreme,,,,,,
nzdusd,2023-04-03T00:00:00+00:00,INVALIDATED,long,ARMED,two consecutive closes through touch extreme,,,,,,
nzdusd,2023-04-11T00:00:00+00:00,DC,short,SEARCH_TOUCH,new short search,,,,,,
nzdusd,2023-04-12T12:00:00+00:00,ARMED,short,ARMED,first EMA20 touch,2023-04-12T12:00:00+00:00,0.61857,,,,
nzdusd,2023-04-13T08:00:00+00:00,BREACH_TOLERATED,short,ARMED,one close through touch extreme,,,,,,
nzdusd,2023-04-13T12:00:00+00:00,INVALIDATED,short,ARMED,two consecutive closes through touch extreme,,,,,,
nzdusd,2023-04-14T00:00:00+00:00,GC,long,SEARCH_TOUCH,new long search,,,,,,
nzdusd,2023-04-14T12:00:00+00:00,ARMED,long,ARMED,first EMA20 touch,2023-04-14T12:00:00+00:00,0.63096,,,,
nzdusd,2023-04-14T20:00:00+00:00,REVERSE_CROSS_INVALIDATION,long,ARMED,reverse cross while armed,,,,,,
nzdusd,2023-05-04T00:00:00+00:00,GC,long,SEARCH_TOUCH,new long search,,,,,,
nzdusd,2023-05-11T08:00:00+00:00,ARMED,long,ARMED,first EMA20 touch,2023-05-11T08:00:00+00:00,0.63471,,,,
nzdusd,2023-05-11T12:00:00+00:00,BREACH_TOLERATED,long,ARMED,one close through touch extreme,,,,,,
nzdusd,2023-05-11T16:00:00+00:00,INVALIDATED,long,ARMED,two consecutive closes through touch extreme,,,,,,
nzdusd,2023-05-24T08:00:00+00:00,DC,short,SEARCH_TOUCH,new short search,,,,,,
nzdusd,2023-06-01T12:00:00+00:00,ARMED,short,ARMED,first EMA20 touch,2023-06-01T12:00:00+00:00,0.6005,,,,
nzdusd,2023-06-02T00:00:00+00:00,BREACH_TOLERATED,short,ARMED,one close through touch extreme,,,,,,
nzdusd,2023-06-02T04:00:00+00:00,INVALIDATED,short,ARMED,two consecutive closes through touch extreme,,,,,,
nzdusd,2023-06-14T16:00:00+00:00,GC,long,SEARCH_TOUCH,new long search,,,,,,
nzdusd,2023-06-15T08:00:00+00:00,ARMED,long,ARMED,first EMA20 touch,2023-06-15T08:00:00+00:00,0.61861,,,,
nzdusd,2023-06-20T12:00:00+00:00,BREACH_TOLERATED,long,ARMED,one close through touch extreme,,,,,,
nzdusd,2023-06-22T00:00:00+00:00,TRIGGERED,long,ARMED,entry conditions satisfied,,0.61861,2023-06-22T00:00:00+00:00,True,True,False
nzdusd,2023-06-28T04:00:00+00:00,DC,short,SEARCH_TOUCH,new short search,,,,,,
nzdusd,2023-06-30T12:00:00+00:00,ARMED,short,ARMED,first EMA20 touch,2023-06-30T12:00:00+00:00,0.60768,,,,
nzdusd,2023-07-03T00:00:00+00:00,BREACH_TOLERATED,short,ARMED,one close through touch extreme,,,,,,
nzdusd,2023-07-03T12:00:00+00:00,BREACH_TOLERATED,short,ARMED,one close through touch extreme,,,,,,
nzdusd,2023-07-03T16:00:00+00:00,INVALIDATED,short,ARMED,two consecutive closes through touch extreme,,,,,,
nzdusd,2023-07-04T20:00:00+00:00,GC,long,SEARCH_TOUCH,new long search,,,,,,
nzdusd,2023-07-06T04:00:00+00:00,ARMED,long,ARMED,first EMA20 touch,2023-07-06T04:00:00+00:00,0.62143,,,,
nzdusd,2023-07-06T08:00:00+00:00,TRIGGERED,long,ARMED,entry conditions satisfied,,0.62143,2023-07-06T08:00:00+00:00,True,True,False
nzdusd,2023-07-28T04:00:00+00:00,DC,short,SEARCH_TOUCH,new short search,,,,,,
nzdusd,2023-07-31T00:00:00+00:00,ARMED,short,ARMED,first EMA20 touch,2023-07-31T00:00:00+00:00,0.61549,,,,
nzdusd,2023-07-31T04:00:00+00:00,BREACH_TOLERATED,short,ARMED,one close through touch extreme,,,,,,
nzdusd,2023-07-31T08:00:00+00:00,INVALIDATED,short,ARMED,two consecutive closes through touch extreme,,,,,,
nzdusd,2023-09-29T04:00:00+00:00,GC,long,SEARCH_TOUCH,new long search,,,,,,
nzdusd,2023-10-02T04:00:00+00:00,ARMED,long,ARMED,first EMA20 touch,2023-10-02T04:00:00+00:00,0.60076,,,,
nzdusd,2023-10-02T08:00:00+00:00,BREACH_TOLERATED,long,ARMED,one close through touch extreme,,,,,,
nzdusd,2023-10-02T12:00:00+00:00,INVALIDATED,long,ARMED,two consecutive closes through touch extreme,,,,,,
nzdusd,2023-10-03T08:00:00+00:00,DC,short,SEARCH_TOUCH,new short search,,,,,,
nzdusd,2023-10-05T00:00:00+00:00,ARMED,short,ARMED,first EMA20 touch,2023-10-05T00:00:00+00:00,0.59107,,,,
nzdusd,2023-10-05T16:00:00+00:00,BREACH_TOLERATED,short,ARMED,one close through touch extreme,,,,,,
nzdusd,2023-10-05T20:00:00+00:00,INVALIDATED,short,ARMED,two consecutive closes through touch extreme,,,,,,
nzdusd,2023-10-06T20:00:00+00:00,GC,long,SEARCH_TOUCH,new long search,,,,,,
nzdusd,2023-10-11T12:00:00+00:00,ARMED,long,ARMED,first EMA20 touch,2023-10-11T12:00:00+00:00,0.60325,,,,
nzdusd,2023-10-12T04:00:00+00:00,BREACH_TOLERATED,long,ARMED,one close through touch extreme,,,,,,
nzdusd,2023-10-12T08:00:00+00:00,INVALIDATED,long,ARMED,two consecutive closes through touch extreme,,,,,,
nzdusd,2023-10-13T12:00:00+00:00,DC,short,SEARCH_TOUCH,new short search,,,,,,
nzdusd,2023-10-18T04:00:00+00:00,ARMED,short,ARMED,first EMA20 touch,2023-10-18T04:00:00+00:00,0.59027,,,,
nzdusd,2023-10-18T12:00:00+00:00,TRIGGERED,short,ARMED,entry conditions satisfied,,0.59027,2023-10-18T12:00:00+00:00,False,False,True
nzdusd,2023-11-03T20:00:00+00:00,GC,long,SEARCH_TOUCH,new long search,,,,,,
nzdusd,2023-11-07T04:00:00+00:00,ARMED,long,ARMED,first EMA20 touch,2023-11-07T04:00:00+00:00,0.59507,,,,
nzdusd,2023-11-08T16:00:00+00:00,BREACH_TOLERATED,long,ARMED,one close through touch extreme,,,,,,
nzdusd,2023-11-08T20:00:00+00:00,INVALIDATED,long,ARMED,two consecutive closes through touch extreme,,,,,,
nzdusd,2023-11-13T04:00:00+00:00,DC,short,SEARCH_TOUCH,new short search,,,,,,
nzdusd,2023-11-14T12:00:00+00:00,ARMED,short,ARMED,first EMA20 touch,2023-11-14T12:00:00+00:00,0.58615,,,,
nzdusd,2023-11-14T16:00:00+00:00,REVERSE_CROSS_INVALIDATION,short,ARMED,reverse cross while armed,,,,,,
nzdusd,2024-01-16T12:00:00+00:00,DC,short,SEARCH_TOUCH,new short search,,,,,,
nzdusd,2024-01-22T00:00:00+00:00,ARMED,short,ARMED,first EMA20 touch,2024-01-22T00:00:00+00:00,0.61129,,,,
nzdusd,2024-01-22T12:00:00+00:00,TRIGGERED,short,ARMED,entry conditions satisfied,,0.61129,2024-01-22T12:00:00+00:00,False,False,True
nzdusd,2024-02-20T08:00:00+00:00,GC,long,SEARCH_TOUCH,new long search,,,,,,
nzdusd,2024-02-23T08:00:00+00:00,ARMED,long,ARMED,first EMA20 touch,2024-02-23T08:00:00+00:00,0.6205,,,,
nzdusd,2024-02-26T00:00:00+00:00,BREACH_TOLERATED,long,ARMED,one close through touch extreme,,,,,,
nzdusd,2024-02-26T04:00:00+00:00,INVALIDATED,long,ARMED,two consecutive closes through touch extreme,,,,,,
nzdusd,2024-02-28T20:00:00+00:00,DC,short,SEARCH_TOUCH,new short search,,,,,,
nzdusd,2024-03-01T12:00:00+00:00,ARMED,short,ARMED,first EMA20 touch,2024-03-01T12:00:00+00:00,0.60783,,,,
nzdusd,2024-03-06T12:00:00+00:00,BREACH_TOLERATED,short,ARMED,one close through touch extreme,,,,,,
nzdusd,2024-03-06T16:00:00+00:00,INVALIDATED,short,ARMED,two consecutive closes through touch extreme,,,,,,
nzdusd,2024-03-08T00:00:00+00:00,GC,long,SEARCH_TOUCH,new long search,,,,,,
nzdusd,2024-03-11T12:00:00+00:00,ARMED,long,ARMED,first EMA20 touch,2024-03-11T12:00:00+00:00,0.61798,,,,
nzdusd,2024-03-12T12:00:00+00:00,BREACH_TOLERATED,long,ARMED,one close through touch extreme,,,,,,
nzdusd,2024-03-12T16:00:00+00:00,INVALIDATED,long,ARMED,two consecutive closes through touch extreme,,,,,,
nzdusd,2024-03-15T08:00:00+00:00,DC,short,SEARCH_TOUCH,new short search,,,,,,
nzdusd,2024-03-20T16:00:00+00:00,ARMED,short,ARMED,first EMA20 touch,2024-03-20T16:00:00+00:00,0.60255,,,,
nzdusd,2024-03-20T20:00:00+00:00,BREACH_TOLERATED,short,ARMED,one close through touch extreme,,,,,,
nzdusd,2024-03-21T00:00:00+00:00,INVALIDATED,short,ARMED,two consecutive closes through touch extreme,,,,,,
nzdusd,2024-05-06T12:00:00+00:00,GC,long,SEARCH_TOUCH,new long search,,,,,,
nzdusd,2024-05-08T00:00:00+00:00,ARMED,long,ARMED,first EMA20 touch,2024-05-08T00:00:00+00:00,0.60023,,,,
nzdusd,2024-05-08T20:00:00+00:00,TRIGGERED,long,ARMED,entry conditions satisfied,,0.60023,2024-05-08T20:00:00+00:00,True,True,False
nzdusd,2024-06-26T16:00:00+00:00,DC,short,SEARCH_TOUCH,new short search,,,,,,
nzdusd,2024-06-27T08:00:00+00:00,ARMED,short,ARMED,first EMA20 touch,2024-06-27T08:00:00+00:00,0.60884,,,,
nzdusd,2024-06-27T12:00:00+00:00,TRIGGERED,short,ARMED,entry conditions satisfied,,0.60884,2024-06-27T12:00:00+00:00,False,False,True
nzdusd,2024-07-05T12:00:00+00:00,GC,long,SEARCH_TOUCH,new long search,,,,,,
nzdusd,2024-07-08T16:00:00+00:00,ARMED,long,ARMED,first EMA20 touch,2024-07-08T16:00:00+00:00,0.61341,,,,
nzdusd,2024-07-09T00:00:00+00:00,BREACH_TOLERATED,long,ARMED,one close through touch extreme,,,,,,
nzdusd,2024-07-09T04:00:00+00:00,INVALIDATED,long,ARMED,two consecutive closes through touch extreme,,,,,,
nzdusd,2024-07-10T16:00:00+00:00,DC,short,SEARCH_TOUCH,new short search,,,,,,
nzdusd,2024-07-11T12:00:00+00:00,ARMED,short,ARMED,first EMA20 touch,2024-07-11T12:00:00+00:00,0.60822,,,,
nzdusd,2024-07-17T00:00:00+00:00,TRIGGERED,short,ARMED,entry conditions satisfied,,0.60822,2024-07-17T00:00:00+00:00,False,False,True
nzdusd,2024-08-13T00:00:00+00:00,GC,long,SEARCH_TOUCH,new long search,,,,,,
nzdusd,2024-08-14T00:00:00+00:00,ARMED,long,ARMED,first EMA20 touch,2024-08-14T00:00:00+00:00,0.60835,,,,
nzdusd,2024-08-14T16:00:00+00:00,BREACH_TOLERATED,long,ARMED,one close through touch extreme,,,,,,
nzdusd,2024-08-14T20:00:00+00:00,INVALIDATED,long,ARMED,two consecutive closes through touch extreme,,,,,,
nzdusd,2024-08-15T20:00:00+00:00,DC,short,SEARCH_TOUCH,new short search,,,,,,
nzdusd,2024-08-16T00:00:00+00:00,ARMED,short,ARMED,first EMA20 touch,2024-08-16T00:00:00+00:00,0.59795,,,,
nzdusd,2024-08-16T04:00:00+00:00,REVERSE_CROSS_INVALIDATION,short,ARMED,reverse cross while armed,,,,,,
nzdusd,2024-10-07T04:00:00+00:00,DC,short,SEARCH_TOUCH,new short search,,,,,,
nzdusd,2024-10-11T00:00:00+00:00,ARMED,short,ARMED,first EMA20 touch,2024-10-11T00:00:00+00:00,0.60917,,,,
nzdusd,2024-10-11T12:00:00+00:00,BREACH_TOLERATED,short,ARMED,one close through touch extreme,,,,,,
nzdusd,2024-10-11T16:00:00+00:00,INVALIDATED,short,ARMED,two consecutive closes through touch extreme,,,,,,
nzdusd,2025-01-24T20:00:00+00:00,GC,long,SEARCH_TOUCH,new long search,,,,,,
nzdusd,2025-01-27T00:00:00+00:00,ARMED,long,ARMED,first EMA20 touch,2025-01-27T00:00:00+00:00,0.56969,,,,
nzdusd,2025-01-27T04:00:00+00:00,BREACH_TOLERATED,long,ARMED,one close through touch extreme,,,,,,
nzdusd,2025-01-27T20:00:00+00:00,BREACH_TOLERATED,long,ARMED,one close through touch extreme,,,,,,
nzdusd,2025-01-28T00:00:00+00:00,INVALIDATED,long,ARMED,two consecutive closes through touch extreme,,,,,,
nzdusd,2025-01-28T04:00:00+00:00,DC,short,SEARCH_TOUCH,new short search,,,,,,
nzdusd,2025-01-29T20:00:00+00:00,ARMED,short,ARMED,first EMA20 touch,2025-01-29T20:00:00+00:00,0.56467,,,,
nzdusd,2025-01-31T08:00:00+00:00,TRIGGERED,short,ARMED,entry conditions satisfied,,0.56467,2025-01-31T08:00:00+00:00,False,False,True
nzdusd,2025-02-14T08:00:00+00:00,GC,long,SEARCH_TOUCH,new long search,,,,,,
nzdusd,2025-02-18T00:00:00+00:00,ARMED,long,ARMED,first EMA20 touch,2025-02-18T00:00:00+00:00,0.57318,,,,
nzdusd,2025-02-18T12:00:00+00:00,BREACH_TOLERATED,long,ARMED,one close through touch extreme,,,,,,
nzdusd,2025-02-18T16:00:00+00:00,INVALIDATED,long,ARMED,two consecutive closes through touch extreme,,,,,,
nzdusd,2025-02-28T00:00:00+00:00,DC,short,SEARCH_TOUCH,new short search,,,,,,
nzdusd,2025-03-03T12:00:00+00:00,ARMED,short,ARMED,first EMA20 touch,2025-03-03T12:00:00+00:00,0.5604,,,,
nzdusd,2025-03-04T00:00:00+00:00,TRIGGERED,short,ARMED,entry conditions satisfied,,0.5604,2025-03-04T00:00:00+00:00,False,False,True
nzdusd,2025-03-06T08:00:00+00:00,GC,long,SEARCH_TOUCH,new long search,,,,,,
nzdusd,2025-03-07T12:00:00+00:00,ARMED,long,ARMED,first EMA20 touch,2025-03-07T12:00:00+00:00,0.57264,,,,
nzdusd,2025-03-10T20:00:00+00:00,BREACH_TOLERATED,long,ARMED,one close through touch extreme,,,,,,
nzdusd,2025-03-11T00:00:00+00:00,INVALIDATED,long,ARMED,two consecutive closes through touch extreme,,,,,,
nzdusd,2025-03-31T12:00:00+00:00,DC,short,SEARCH_TOUCH,new short search,,,,,,
nzdusd,2025-04-01T12:00:00+00:00,ARMED,short,ARMED,first EMA20 touch,2025-04-01T12:00:00+00:00,0.56736,,,,
nzdusd,2025-04-01T20:00:00+00:00,BREACH_TOLERATED,short,ARMED,one close through touch extreme,,,,,,
nzdusd,2025-04-02T00:00:00+00:00,INVALIDATED,short,ARMED,two consecutive closes through touch extreme,,,,,,
nzdusd,2025-04-03T00:00:00+00:00,GC,long,SEARCH_TOUCH,new long search,,,,,,
nzdusd,2025-04-04T00:00:00+00:00,ARMED,long,ARMED,first EMA20 touch,2025-04-04T00:00:00+00:00,0.57965,,,,
nzdusd,2025-04-04T04:00:00+00:00,BREACH_TOLERATED,long,ARMED,one close through touch extreme,,,,,,
nzdusd,2025-04-04T08:00:00+00:00,INVALIDATED,long,ARMED,two consecutive closes through touch extreme,,,,,,
nzdusd,2025-04-04T16:00:00+00:00,DC,short,SEARCH_TOUCH,new short search,,,,,,
nzdusd,2025-04-07T12:00:00+00:00,ARMED,short,ARMED,first EMA20 touch,2025-04-07T12:00:00+00:00,0.55262,,,,
nzdusd,2025-04-10T00:00:00+00:00,BREACH_TOLERATED,short,ARMED,one close through touch extreme,,,,,,
nzdusd,2025-04-10T04:00:00+00:00,INVALIDATED,short,ARMED,two consecutive closes through touch extreme,,,,,,
nzdusd,2025-04-11T12:00:00+00:00,GC,long,SEARCH_TOUCH,new long search,,,,,,
nzdusd,2025-04-20T20:00:00+00:00,ARMED,long,ARMED,first EMA20 touch,2025-04-20T20:00:00+00:00,0.59598,,,,
nzdusd,2025-04-21T00:00:00+00:00,TRIGGERED,long,ARMED,entry conditions satisfied,,0.59598,2025-04-21T00:00:00+00:00,True,True,False
nzdusd,2025-06-23T08:00:00+00:00,DC,short,SEARCH_TOUCH,new short search,,,,,,
nzdusd,2025-06-23T16:00:00+00:00,ARMED,short,ARMED,first EMA20 touch,2025-06-23T16:00:00+00:00,0.59264,,,,
nzdusd,2025-06-23T20:00:00+00:00,BREACH_TOLERATED,short,ARMED,one close through touch extreme,,,,,,
nzdusd,2025-06-24T00:00:00+00:00,INVALIDATED,short,ARMED,two consecutive closes through touch extreme,,,,,,
nzdusd,2025-06-24T04:00:00+00:00,GC,long,SEARCH_TOUCH,new long search,,,,,,
nzdusd,2025-06-27T16:00:00+00:00,ARMED,long,ARMED,first EMA20 touch,2025-06-27T16:00:00+00:00,0.60653,,,,
nzdusd,2025-06-30T12:00:00+00:00,TRIGGERED,long,ARMED,entry conditions satisfied,,0.60653,2025-06-30T12:00:00+00:00,True,True,False
nzdusd,2025-07-09T12:00:00+00:00,DC,short,SEARCH_TOUCH,new short search,,,,,,
nzdusd,2025-07-10T00:00:00+00:00,ARMED,short,ARMED,first EMA20 touch,2025-07-10T00:00:00+00:00,0.59969,,,,
nzdusd,2025-07-10T04:00:00+00:00,BREACH_TOLERATED,short,ARMED,one close through touch extreme,,,,,,
nzdusd,2025-07-10T08:00:00+00:00,INVALIDATED,short,ARMED,two consecutive closes through touch extreme,,,,,,
nzdusd,2025-07-10T20:00:00+00:00,GC,long,SEARCH_TOUCH,new long search,,,,,,
nzdusd,2025-07-11T00:00:00+00:00,ARMED,long,ARMED,first EMA20 touch,2025-07-11T00:00:00+00:00,0.60414,,,,
nzdusd,2025-07-11T16:00:00+00:00,BREACH_TOLERATED,long,ARMED,one close through touch extreme,,,,,,
nzdusd,2025-07-11T20:00:00+00:00,INVALIDATED,long,ARMED,two consecutive closes through touch extreme,,,,,,
nzdusd,2025-07-14T00:00:00+00:00,DC,short,SEARCH_TOUCH,new short search,,,,,,
nzdusd,2025-07-15T08:00:00+00:00,ARMED,short,ARMED,first EMA20 touch,2025-07-15T08:00:00+00:00,0.59903,,,,
nzdusd,2025-07-16T00:00:00+00:00,TRIGGERED,short,ARMED,entry conditions satisfied,,0.59903,2025-07-16T00:00:00+00:00,False,False,True
nzdusd,2025-07-23T20:00:00+00:00,GC,long,SEARCH_TOUCH,new long search,,,,,,
nzdusd,2025-07-25T04:00:00+00:00,ARMED,long,ARMED,first EMA20 touch,2025-07-25T04:00:00+00:00,0.60307,,,,
nzdusd,2025-07-25T12:00:00+00:00,BREACH_TOLERATED,long,ARMED,one close through touch extreme,,,,,,
nzdusd,2025-07-28T04:00:00+00:00,BREACH_TOLERATED,long,ARMED,one close through touch extreme,,,,,,
nzdusd,2025-07-28T08:00:00+00:00,INVALIDATED,long,ARMED,two consecutive closes through touch extreme,,,,,,
nzdusd,2025-07-29T00:00:00+00:00,DC,short,SEARCH_TOUCH,new short search,,,,,,
nzdusd,2025-08-01T12:00:00+00:00,ARMED,short,ARMED,first EMA20 touch,2025-08-01T12:00:00+00:00,0.58562,,,,
nzdusd,2025-08-06T08:00:00+00:00,BREACH_TOLERATED,short,ARMED,one close through touch extreme,,,,,,
nzdusd,2025-08-06T12:00:00+00:00,INVALIDATED,short,ARMED,two consecutive closes through touch extreme,,,,,,
nzdusd,2025-09-09T04:00:00+00:00,GC,long,SEARCH_TOUCH,new long search,,,,,,
nzdusd,2025-09-10T20:00:00+00:00,ARMED,long,ARMED,first EMA20 touch,2025-09-10T20:00:00+00:00,0.59468,,,,
nzdusd,2025-09-11T08:00:00+00:00,BREACH_TOLERATED,long,ARMED,one close through touch extreme,,,,,,
nzdusd,2025-09-11T20:00:00+00:00,TRIGGERED,long,ARMED,entry conditions satisfied,,0.59468,2025-09-11T20:00:00+00:00,True,True,False
nzdusd,2025-09-19T08:00:00+00:00,DC,short,SEARCH_TOUCH,new short search,,,,,,
nzdusd,2025-09-29T08:00:00+00:00,ARMED,short,ARMED,first EMA20 touch,2025-09-29T08:00:00+00:00,0.57796,,,,
nzdusd,2025-09-29T16:00:00+00:00,TRIGGERED,short,ARMED,entry conditions satisfied,,0.57796,2025-09-29T16:00:00+00:00,False,False,True
nzdusd,2025-11-27T16:00:00+00:00,GC,long,SEARCH_TOUCH,new long search,,,,,,
nzdusd,2025-12-01T16:00:00+00:00,ARMED,long,ARMED,first EMA20 touch,2025-12-01T16:00:00+00:00,0.57434,,,,
nzdusd,2025-12-02T08:00:00+00:00,BREACH_TOLERATED,long,ARMED,one close through touch extreme,,,,,,
nzdusd,2025-12-03T00:00:00+00:00,TRIGGERED,long,ARMED,entry conditions satisfied,,0.57434,2025-12-03T00:00:00+00:00,True,True,False
nzdusd,2026-01-09T00:00:00+00:00,DC,short,SEARCH_TOUCH,new short search,,,,,,
nzdusd,2026-01-12T00:00:00+00:00,ARMED,short,ARMED,first EMA20 touch,2026-01-12T00:00:00+00:00,0.57259,,,,
nzdusd,2026-01-12T04:00:00+00:00,BREACH_TOLERATED,short,ARMED,one close through touch extreme,,,,,,
nzdusd,2026-01-12T08:00:00+00:00,INVALIDATED,short,ARMED,two consecutive closes through touch extreme,,,,,,
nzdusd,2026-01-19T16:00:00+00:00,GC,long,SEARCH_TOUCH,new long search,,,,,,
nzdusd,2026-01-30T08:00:00+00:00,ARMED,long,ARMED,first EMA20 touch,2026-01-30T08:00:00+00:00,0.60729,,,,
nzdusd,2026-01-30T20:00:00+00:00,BREACH_TOLERATED,long,ARMED,one close through touch extreme,,,,,,
nzdusd,2026-02-01T20:00:00+00:00,INVALIDATED,long,ARMED,two consecutive closes through touch extreme,,,,,,
nzdusd,2026-03-03T08:00:00+00:00,DC,short,SEARCH_TOUCH,new short search,,,,,,
nzdusd,2026-03-04T08:00:00+00:00,ARMED,short,ARMED,first EMA20 touch,2026-03-04T08:00:00+00:00,0.58912,,,,
nzdusd,2026-03-04T16:00:00+00:00,BREACH_TOLERATED,short,ARMED,one close through touch extreme,,,,,,
nzdusd,2026-03-04T20:00:00+00:00,INVALIDATED,short,ARMED,two consecutive closes through touch extreme,,,,,,
nzdusd,2026-04-13T16:00:00+00:00,GC,long,SEARCH_TOUCH,new long search,,,,,,
nzdusd,2026-04-16T08:00:00+00:00,ARMED,long,ARMED,first EMA20 touch,2026-04-16T08:00:00+00:00,0.59045,,,,
nzdusd,2026-04-16T20:00:00+00:00,BREACH_TOLERATED,long,ARMED,one close through touch extreme,,,,,,
nzdusd,2026-04-17T00:00:00+00:00,INVALIDATED,long,ARMED,two consecutive closes through touch extreme,,,,,,
nzdusd,2026-05-17T20:00:00+00:00,DC,short,SEARCH_TOUCH,new short search,,,,,,
nzdusd,2026-05-18T12:00:00+00:00,ARMED,short,ARMED,first EMA20 touch,2026-05-18T12:00:00+00:00,0.58561,,,,
nzdusd,2026-05-19T00:00:00+00:00,TRIGGERED,short,ARMED,entry conditions satisfied,,0.58561,2026-05-19T00:00:00+00:00,False,False,True
nzdusd,2026-05-28T16:00:00+00:00,GC,long,SEARCH_TOUCH,new long search,,,,,,
nzdusd,2026-06-01T12:00:00+00:00,ARMED,long,ARMED,first EMA20 touch,2026-06-01T12:00:00+00:00,0.59557,,,,
nzdusd,2026-06-03T04:00:00+00:00,BREACH_TOLERATED,long,ARMED,one close through touch extreme,,,,,,
nzdusd,2026-06-03T08:00:00+00:00,INVALIDATED,long,ARMED,two consecutive closes through touch extreme,,,,,,
nzdusd,2026-06-05T04:00:00+00:00,DC,short,SEARCH_TOUCH,new short search,,,,,,
nzdusd,2026-06-09T04:00:00+00:00,ARMED,short,ARMED,first EMA20 touch,2026-06-09T04:00:00+00:00,0.58172,,,,
nzdusd,2026-06-10T16:00:00+00:00,TRIGGERED,short,ARMED,entry conditions satisfied,,0.58172,2026-06-10T16:00:00+00:00,False,False,True
nzdusd,2026-07-14T00:00:00+00:00,GC,long,SEARCH_TOUCH,new long search,,,,,,
nzdusd,2026-07-17T08:00:00+00:00,ARMED,long,ARMED,first EMA20 touch,2026-07-17T08:00:00+00:00,0.58438,,,,
nzdusd,2026-07-17T12:00:00+00:00,TRIGGERED,long,ARMED,entry conditions satisfied,,0.58438,2026-07-17T12:00:00+00:00,True,True,False
nzdusd,2026-09-03T00:00:00+00:00,DC,short,SEARCH_TOUCH,new short search,,,,,,
nzdusd,2026-09-03T12:00:00+00:00,ARMED,short,ARMED,first EMA20 touch,2026-09-03T12:00:00+00:00,0.58634,,,,
nzdusd,2026-09-04T00:00:00+00:00,BREACH_TOLERATED,short,ARMED,one close through touch extreme,,,,,,
nzdusd,2026-09-04T12:00:00+00:00,REVERSE_CROSS_INVALIDATION,short,ARMED,reverse cross while armed,,,,,,
nzdusd,2026-09-07T00:00:00+00:00,DC,short,SEARCH_TOUCH,new short search,,,,,,
nzdusd,2026-09-07T04:00:00+00:00,ARMED,short,ARMED,first EMA20 touch,2026-09-07T04:00:00+00:00,0.587,,,,
nzdusd,2026-09-07T20:00:00+00:00,BREACH_TOLERATED,short,ARMED,one close through touch extreme,,,,,,
nzdusd,2026-09-08T00:00:00+00:00,TRIGGERED,short,ARMED,entry conditions satisfied,,0.587,2026-09-08T00:00:00+00:00,False,False,True
usdcad,2021-01-04T00:00:00+00:00,DC,short,SEARCH_TOUCH,new short search,,,,,,
usdcad,2021-01-04T12:00:00+00:00,ARMED,short,ARMED,first EMA20 touch,2021-01-04T12:00:00+00:00,1.26831,,,,
usdcad,2021-01-04T16:00:00+00:00,BREACH_TOLERATED,short,ARMED,one close through touch extreme,,,,,,
usdcad,2021-01-04T20:00:00+00:00,REVERSE_CROSS_INVALIDATION,short,ARMED,reverse cross while armed,,,,,,
usdcad,2021-01-05T20:00:00+00:00,DC,short,SEARCH_TOUCH,new short search,,,,,,
usdcad,2021-01-06T12:00:00+00:00,ARMED,short,ARMED,first EMA20 touch,2021-01-06T12:00:00+00:00,1.26637,,,,
usdcad,2021-01-10T20:00:00+00:00,BREACH_TOLERATED,short,ARMED,one close through touch extreme,,,,,,
usdcad,2021-01-11T00:00:00+00:00,INVALIDATED,short,ARMED,two consecutive closes through touch extreme,,,,,,
usdcad,2021-01-11T12:00:00+00:00,GC,long,SEARCH_TOUCH,new long search,,,,,,
usdcad,2021-01-12T04:00:00+00:00,ARMED,long,ARMED,first EMA20 touch,2021-01-12T04:00:00+00:00,1.27901,,,,
usdcad,2021-01-12T16:00:00+00:00,BREACH_TOLERATED,long,ARMED,one close through touch extreme,,,,,,
usdcad,2021-01-12T20:00:00+00:00,INVALIDATED,long,ARMED,two consecutive closes through touch extreme,,,,,,
usdcad,2021-01-14T04:00:00+00:00,DC,short,SEARCH_TOUCH,new short search,,,,,,
usdcad,2021-01-15T08:00:00+00:00,ARMED,short,ARMED,first EMA20 touch,2021-01-15T08:00:00+00:00,1.26717,,,,
usdcad,2021-01-15T12:00:00+00:00,BREACH_TOLERATED,short,ARMED,one close through touch extreme,,,,,,
usdcad,2021-01-15T16:00:00+00:00,INVALIDATED,short,ARMED,two consecutive closes through touch extreme,,,,,,
usdcad,2021-01-18T04:00:00+00:00,GC,long,SEARCH_TOUCH,new long search,,,,,,
usdcad,2021-01-19T00:00:00+00:00,ARMED,long,ARMED,first EMA20 touch,2021-01-19T00:00:00+00:00,1.27489,,,,
usdcad,2021-01-20T00:00:00+00:00,BREACH_TOLERATED,long,ARMED,one close through touch extreme,,,,,,
usdcad,2021-01-20T04:00:00+00:00,INVALIDATED,long,ARMED,two consecutive closes through touch extreme,,,,,,
usdcad,2021-01-20T12:00:00+00:00,DC,short,SEARCH_TOUCH,new short search,,,,,,
usdcad,2021-01-22T00:00:00+00:00,ARMED,short,ARMED,first EMA20 touch,2021-01-22T00:00:00+00:00,1.2641,,,,
usdcad,2021-01-22T04:00:00+00:00,BREACH_TOLERATED,short,ARMED,one close through touch extreme,,,,,,
usdcad,2021-01-22T08:00:00+00:00,INVALIDATED,short,ARMED,two consecutive closes through touch extreme,,,,,,
usdcad,2021-01-26T04:00:00+00:00,GC,long,SEARCH_TOUCH,new long search,,,,,,
usdcad,2021-01-26T12:00:00+00:00,ARMED,long,ARMED,first EMA20 touch,2021-01-26T12:00:00+00:00,1.27313,,,,
usdcad,2021-01-26T16:00:00+00:00,BREACH_TOLERATED,long,ARMED,one close through touch extreme,,,,,,
usdcad,2021-01-26T20:00:00+00:00,REVERSE_CROSS_INVALIDATION,long,ARMED,reverse cross while armed,,,,,,
usdcad,2021-01-27T08:00:00+00:00,GC,long,SEARCH_TOUCH,new long search,,,,,,
usdcad,2021-01-29T12:00:00+00:00,ARMED,long,ARMED,first EMA20 touch,2021-01-29T12:00:00+00:00,1.2816,,,,
usdcad,2021-02-09T00:00:00+00:00,BREACH_TOLERATED,long,ARMED,one close through touch extreme,,,,,,
usdcad,2021-02-09T04:00:00+00:00,INVALIDATED,long,ARMED,two consecutive closes through touch extreme,,,,,,
usdcad,2021-02-10T00:00:00+00:00,DC,short,SEARCH_TOUCH,new short search,,,,,,
usdcad,2021-02-12T00:00:00+00:00,ARMED,short,ARMED,first EMA20 touch,2021-02-12T00:00:00+00:00,1.26988,,,,
usdcad,2021-02-12T04:00:00+00:00,BREACH_TOLERATED,short,ARMED,one close through touch extreme,,,,,,
usdcad,2021-02-12T08:00:00+00:00,INVALIDATED,short,ARMED,two consecutive closes through touch extreme,,,,,,
usdcad,2021-03-30T16:00:00+00:00,GC,long,SEARCH_TOUCH,new long search,,,,,,
usdcad,2021-03-31T04:00:00+00:00,ARMED,long,ARMED,first EMA20 touch,2021-03-31T04:00:00+00:00,1.26272,,,,
usdcad,2021-03-31T12:00:00+00:00,BREACH_TOLERATED,long,ARMED,one close through touch extreme,,,,,,
usdcad,2021-03-31T16:00:00+00:00,REVERSE_CROSS_INVALIDATION,long,ARMED,reverse cross while armed,,,,,,
usdcad,2021-06-16T16:00:00+00:00,GC,long,SEARCH_TOUCH,new long search,,,,,,
usdcad,2021-06-21T16:00:00+00:00,ARMED,long,ARMED,first EMA20 touch,2021-06-21T16:00:00+00:00,1.23705,,,,
usdcad,2021-06-22T00:00:00+00:00,TRIGGERED,long,ARMED,entry conditions satisfied,,1.23705,2021-06-22T00:00:00+00:00,True,True,False
usdcad,2021-09-03T16:00:00+00:00,DC,short,SEARCH_TOUCH,new short search,,,,,,
usdcad,2021-09-06T08:00:00+00:00,ARMED,short,ARMED,first EMA20 touch,2021-09-06T08:00:00+00:00,1.25381,,,,
usdcad,2021-09-07T08:00:00+00:00,BREACH_TOLERATED,short,ARMED,one close through touch extreme,,,,,,
usdcad,2021-09-07T12:00:00+00:00,INVALIDATED,short,ARMED,two consecutive closes through touch extreme,,,,,,
usdcad,2021-09-07T20:00:00+00:00,GC,long,SEARCH_TOUCH,new long search,,,,,,
usdcad,2021-09-09T16:00:00+00:00,ARMED,long,ARMED,first EMA20 touch,2021-09-09T16:00:00+00:00,1.26557,,,,
usdcad,2021-09-09T20:00:00+00:00,TRIGGERED,long,ARMED,entry conditions satisfied,,1.26557,2021-09-09T20:00:00+00:00,True,True,False
usdcad,2021-10-04T16:00:00+00:00,DC,short,SEARCH_TOUCH,new short search,,,,,,
usdcad,2021-10-06T04:00:00+00:00,ARMED,short,ARMED,first EMA20 touch,2021-10-06T04:00:00+00:00,1.25911,,,,
usdcad,2021-10-06T16:00:00+00:00,TRIGGERED,short,ARMED,entry conditions satisfied,,1.25911,2021-10-06T16:00:00+00:00,False,False,True
usdcad,2021-11-11T08:00:00+00:00,GC,long,SEARCH_TOUCH,new long search,,,,,,
usdcad,2021-11-15T04:00:00+00:00,ARMED,long,ARMED,first EMA20 touch,2021-11-15T04:00:00+00:00,1.25391,,,,
usdcad,2021-11-15T12:00:00+00:00,BREACH_TOLERATED,long,ARMED,one close through touch extreme,,,,,,
usdcad,2021-11-15T16:00:00+00:00,INVALIDATED,long,ARMED,two consecutive closes through touch extreme,,,,,,
usdcad,2021-12-31T20:00:00+00:00,DC,short,SEARCH_TOUCH,new short search,,,,,,
usdcad,2022-01-03T12:00:00+00:00,ARMED,short,ARMED,first EMA20 touch,2022-01-03T12:00:00+00:00,1.26795,,,,
usdcad,2022-01-04T12:00:00+00:00,TRIGGERED,short,ARMED,entry conditions satisfied,,1.26795,2022-01-04T12:00:00+00:00,False,False,True
usdcad,2022-01-06T12:00:00+00:00,GC,long,SEARCH_TOUCH,new long search,,,,,,
usdcad,2022-01-06T16:00:00+00:00,REVERSE_CROSS_INVALIDATION,long,SEARCH_TOUCH,reverse cross before touch,,,,,,
usdcad,2022-01-27T16:00:00+00:00,GC,long,SEARCH_TOUCH,new long search,,,,,,
usdcad,2022-01-31T12:00:00+00:00,ARMED,long,ARMED,first EMA20 touch,2022-01-31T12:00:00+00:00,1.27749,,,,
usdcad,2022-01-31T16:00:00+00:00,BREACH_TOLERATED,long,ARMED,one close through touch extreme,,,,,,
usdcad,2022-02-01T04:00:00+00:00,BREACH_TOLERATED,long,ARMED,one close through touch extreme,,,,,,
usdcad,2022-02-01T08:00:00+00:00,INVALIDATED,long,ARMED,two consecutive closes through touch extreme,,,,,,
usdcad,2022-03-02T20:00:00+00:00,DC,short,SEARCH_TOUCH,new short search,,,,,,
usdcad,2022-03-03T16:00:00+00:00,ARMED,short,ARMED,first EMA20 touch,2022-03-03T16:00:00+00:00,1.26459,,,,
usdcad,2022-03-04T00:00:00+00:00,BREACH_TOLERATED,short,ARMED,one close through touch extreme,,,,,,
usdcad,2022-03-04T04:00:00+00:00,INVALIDATED,short,ARMED,two consecutive closes through touch extreme,,,,,,
usdcad,2022-03-06T20:00:00+00:00,GC,long,SEARCH_TOUCH,new long search,,,,,,
usdcad,2022-03-07T04:00:00+00:00,ARMED,long,ARMED,first EMA20 touch,2022-03-07T04:00:00+00:00,1.27216,,,,
usdcad,2022-03-08T08:00:00+00:00,TRIGGERED,long,ARMED,entry conditions satisfied,,1.27216,2022-03-08T08:00:00+00:00,True,True,False
usdcad,2022-03-17T12:00:00+00:00,DC,short,SEARCH_TOUCH,new short search,,,,,,
usdcad,2022-03-22T08:00:00+00:00,ARMED,short,ARMED,first EMA20 touch,2022-03-22T08:00:00+00:00,1.25808,,,,
usdcad,2022-03-22T16:00:00+00:00,TRIGGERED,short,ARMED,entry conditions satisfied,,1.25808,2022-03-22T16:00:00+00:00,False,False,True
usdcad,2022-04-13T00:00:00+00:00,GC,long,SEARCH_TOUCH,new long search,,,,,,
usdcad,2022-04-13T12:00:00+00:00,ARMED,long,ARMED,first EMA20 touch,2022-04-13T12:00:00+00:00,1.26759,,,,
usdcad,2022-04-13T16:00:00+00:00,BREACH_TOLERATED,long,ARMED,one close through touch extreme,,,,,,
usdcad,2022-04-13T20:00:00+00:00,REVERSE_CROSS_INVALIDATION,long,ARMED,reverse cross while armed,,,,,,
usdcad,2022-04-18T00:00:00+00:00,GC,long,SEARCH_TOUCH,new long search,,,,,,
usdcad,2022-04-18T12:00:00+00:00,ARMED,long,ARMED,first EMA20 touch,2022-04-18T12:00:00+00:00,1.2631,,,,
usdcad,2022-04-18T20:00:00+00:00,BREACH_TOLERATED,long,ARMED,one close through touch extreme,,,,,,
usdcad,2022-04-19T00:00:00+00:00,INVALIDATED,long,ARMED,two consecutive closes through touch extreme,,,,,,
usdcad,2022-04-19T04:00:00+00:00,DC,short,SEARCH_TOUCH,new short search,,,,,,
usdcad,2022-04-19T08:00:00+00:00,REVERSE_CROSS_INVALIDATION,short,SEARCH_TOUCH,reverse cross before touch,,,,,,
usdcad,2022-04-20T00:00:00+00:00,DC,short,SEARCH_TOUCH,new short search,,,,,,
usdcad,2022-04-21T16:00:00+00:00,ARMED,short,ARMED,first EMA20 touch,2022-04-21T16:00:00+00:00,1.25248,,,,
usdcad,2022-04-21T20:00:00+00:00,BREACH_TOLERATED,short,ARMED,one close through touch extreme,,,,,,
usdcad,2022-04-22T00:00:00+00:00,INVALIDATED,short,ARMED,two consecutive closes through touch extreme,,,,,,
usdcad,2022-04-22T20:00:00+00:00,GC,long,SEARCH_TOUCH,new long search,,,,,,
usdcad,2022-04-29T00:00:00+00:00,ARMED,long,ARMED,first EMA20 touch,2022-04-29T00:00:00+00:00,1.28041,,,,
usdcad,2022-04-29T04:00:00+00:00,BREACH_TOLERATED,long,ARMED,one close through touch extreme,,,,,,
usdcad,2022-04-29T08:00:00+00:00,INVALIDATED,long,ARMED,two consecutive closes through touch extreme,,,,,,
usdcad,2022-05-27T08:00:00+00:00,DC,short,SEARCH_TOUCH,new short search,,,,,,
usdcad,2022-06-02T04:00:00+00:00,ARMED,short,ARMED,first EMA20 touch,2022-06-02T04:00:00+00:00,1.26543,,,,
usdcad,2022-06-02T12:00:00+00:00,TRIGGERED,short,ARMED,entry conditions satisfied,,1.26543,2022-06-02T12:00:00+00:00,False,False,True
usdcad,2022-06-13T08:00:00+00:00,GC,long,SEARCH_TOUCH,new long search,,,,,,
usdcad,2022-06-15T16:00:00+00:00,ARMED,long,ARMED,first EMA20 touch,2022-06-15T16:00:00+00:00,1.29952,,,,
usdcad,2022-06-17T16:00:00+00:00,TRIGGERED,long,ARMED,entry conditions satisfied,,1.29952,2022-06-17T16:00:00+00:00,True,True,False
usdcad,2022-07-21T12:00:00+00:00,DC,short,SEARCH_TOUCH,new short search,,,,,,
usdcad,2022-07-22T16:00:00+00:00,ARMED,short,ARMED,first EMA20 touch,2022-07-22T16:00:00+00:00,1.28596,,,,
usdcad,2022-07-25T12:00:00+00:00,TRIGGERED,short,ARMED,entry conditions satisfied,,1.28596,2022-07-25T12:00:00+00:00,False,False,True
usdcad,2022-08-08T00:00:00+00:00,GC,long,SEARCH_TOUCH,new long search,,,,,,
usdcad,2022-08-08T04:00:00+00:00,ARMED,long,ARMED,first EMA20 touch,2022-08-08T04:00:00+00:00,1.29327,,,,
usdcad,2022-08-08T08:00:00+00:00,BREACH_TOLERATED,long,ARMED,one close through touch extreme,,,,,,
usdcad,2022-08-08T12:00:00+00:00,REVERSE_CROSS_INVALIDATION,long,ARMED,reverse cross while armed,,,,,,
usdcad,2022-08-17T20:00:00+00:00,GC,long,SEARCH_TOUCH,new long search,,,,,,
usdcad,2022-08-18T08:00:00+00:00,ARMED,long,ARMED,first EMA20 touch,2022-08-18T08:00:00+00:00,1.29285,,,,
usdcad,2022-08-26T12:00:00+00:00,TRIGGERED,long,ARMED,entry conditions satisfied,,1.29285,2022-08-26T12:00:00+00:00,True,True,False
usdcad,2022-11-07T08:00:00+00:00,DC,short,SEARCH_TOUCH,new short search,,,,,,
usdcad,2022-11-09T16:00:00+00:00,ARMED,short,ARMED,first EMA20 touch,2022-11-09T16:00:00+00:00,1.34443,,,,
usdcad,2022-11-10T04:00:00+00:00,BREACH_TOLERATED,short,ARMED,one close through touch extreme,,,,,,
usdcad,2022-11-10T08:00:00+00:00,INVALIDATED,short,ARMED,two consecutive closes through touch extreme,,,,,,
usdcad,2022-11-30T00:00:00+00:00,GC,long,SEARCH_TOUCH,new long search,,,,,,
usdcad,2022-11-30T16:00:00+00:00,ARMED,long,ARMED,first EMA20 touch,2022-11-30T16:00:00+00:00,1.35664,,,,
usdcad,2022-11-30T20:00:00+00:00,BREACH_TOLERATED,long,ARMED,one close through touch extreme,,,,,,
usdcad,2022-12-01T00:00:00+00:00,INVALIDATED,long,ARMED,two consecutive closes through touch extreme,,,,,,
usdcad,2022-12-01T12:00:00+00:00,DC,short,SEARCH_TOUCH,new short search,,,,,,
usdcad,2022-12-01T16:00:00+00:00,ARMED,short,ARMED,first EMA20 touch,2022-12-01T16:00:00+00:00,1.34043,,,,
usdcad,2022-12-02T12:00:00+00:00,BREACH_TOLERATED,short,ARMED,one close through touch extreme,,,,,,
usdcad,2022-12-05T12:00:00+00:00,BREACH_TOLERATED,short,ARMED,one close through touch extreme,,,,,,
usdcad,2022-12-05T16:00:00+00:00,REVERSE_CROSS_INVALIDATION,short,ARMED,reverse cross while armed,,,,,,
usdcad,2023-01-01T20:00:00+00:00,DC,short,SEARCH_TOUCH,new short search,,,,,,
usdcad,2023-01-02T04:00:00+00:00,ARMED,short,ARMED,first EMA20 touch,2023-01-02T04:00:00+00:00,1.3528,,,,
usdcad,2023-01-02T08:00:00+00:00,BREACH_TOLERATED,short,ARMED,one close through touch extreme,,,,,,
usdcad,2023-01-02T12:00:00+00:00,INVALIDATED,short,ARMED,two consecutive closes through touch extreme,,,,,,
usdcad,2023-01-03T08:00:00+00:00,GC,long,SEARCH_TOUCH,new long search,,,,,,
usdcad,2023-01-04T08:00:00+00:00,ARMED,long,ARMED,first EMA20 touch,2023-01-04T08:00:00+00:00,1.36273,,,,
usdcad,2023-01-04T12:00:00+00:00,BREACH_TOLERATED,long,ARMED,one close through touch extreme,,,,,,
usdcad,2023-01-04T16:00:00+00:00,INVALIDATED,long,ARMED,two consecutive closes through touch extreme,,,,,,
usdcad,2023-01-05T04:00:00+00:00,DC,short,SEARCH_TOUCH,new short search,,,,,,
usdcad,2023-01-05T12:00:00+00:00,ARMED,short,ARMED,first EMA20 touch,2023-01-05T12:00:00+00:00,1.34861,,,,
usdcad,2023-01-06T04:00:00+00:00,REVERSE_CROSS_INVALIDATION,short,ARMED,reverse cross while armed,,,,,,
usdcad,2023-01-06T16:00:00+00:00,DC,short,SEARCH_TOUCH,new short search,,,,,,
usdcad,2023-01-10T12:00:00+00:00,ARMED,short,ARMED,first EMA20 touch,2023-01-10T12:00:00+00:00,1.33814,,,,
usdcad,2023-01-13T04:00:00+00:00,TRIGGERED,short,ARMED,entry conditions satisfied,,1.33814,2023-01-13T04:00:00+00:00,False,False,True
usdcad,2023-02-10T04:00:00+00:00,GC,long,SEARCH_TOUCH,new long search,,,,,,
usdcad,2023-02-10T08:00:00+00:00,ARMED,long,ARMED,first EMA20 touch,2023-02-10T08:00:00+00:00,1.34536,,,,
usdcad,2023-02-10T12:00:00+00:00,REVERSE_CROSS_INVALIDATION,long,ARMED,reverse cross while armed,,,,,,
usdcad,2023-02-17T04:00:00+00:00,GC,long,SEARCH_TOUCH,new long search,,,,,,
usdcad,2023-02-20T12:00:00+00:00,ARMED,long,ARMED,first EMA20 touch,2023-02-20T12:00:00+00:00,1.34708,,,,
usdcad,2023-02-21T00:00:00+00:00,TRIGGERED,long,ARMED,entry conditions satisfied,,1.34708,2023-02-21T00:00:00+00:00,True,True,False
usdcad,2023-03-29T04:00:00+00:00,DC,short,SEARCH_TOUCH,new short search,,,,,,
usdcad,2023-04-03T04:00:00+00:00,ARMED,short,ARMED,first EMA20 touch,2023-04-03T04:00:00+00:00,1.34961,,,,
usdcad,2023-04-03T08:00:00+00:00,TRIGGERED,short,ARMED,entry conditions satisfied,,1.34961,2023-04-03T08:00:00+00:00,False,False,True
usdcad,2023-04-25T08:00:00+00:00,GC,long,SEARCH_TOUCH,new long search,,,,,,
usdcad,2023-04-27T12:00:00+00:00,ARMED,long,ARMED,first EMA20 touch,2023-04-27T12:00:00+00:00,1.36398,,,,
usdcad,2023-04-28T12:00:00+00:00,BREACH_TOLERATED,long,ARMED,one close through touch extreme,,,,,,
usdcad,2023-04-28T16:00:00+00:00,INVALIDATED,long,ARMED,two consecutive closes through touch extreme,,,,,,
usdcad,2023-05-05T16:00:00+00:00,DC,short,SEARCH_TOUCH,new short search,,,,,,
usdcad,2023-05-10T16:00:00+00:00,ARMED,short,ARMED,first EMA20 touch,2023-05-10T16:00:00+00:00,1.33674,,,,
usdcad,2023-05-11T08:00:00+00:00,BREACH_TOLERATED,short,ARMED,one close through touch extreme,,,,,,
usdcad,2023-05-11T12:00:00+00:00,INVALIDATED,short,ARMED,two consecutive closes through touch extreme,,,,,,
usdcad,2023-05-24T08:00:00+00:00,GC,long,SEARCH_TOUCH,new long search,,,,,,
usdcad,2023-05-29T00:00:00+00:00,ARMED,long,ARMED,first EMA20 touch,2023-05-29T00:00:00+00:00,1.3613,,,,
usdcad,2023-05-29T08:00:00+00:00,BREACH_TOLERATED,long,ARMED,one close through touch extreme,,,,,,
usdcad,2023-05-29T12:00:00+00:00,INVALIDATED,long,ARMED,two consecutive closes through touch extreme,,,,,,
usdcad,2023-06-02T04:00:00+00:00,DC,short,SEARCH_TOUCH,new short search,,,,,,
usdcad,2023-06-06T12:00:00+00:00,ARMED,short,ARMED,first EMA20 touch,2023-06-06T12:00:00+00:00,1.34006,,,,
usdcad,2023-06-08T04:00:00+00:00,TRIGGERED,short,ARMED,entry conditions satisfied,,1.34006,2023-06-08T04:00:00+00:00,False,False,True
usdcad,2023-08-02T04:00:00+00:00,GC,long,SEARCH_TOUCH,new long search,,,,,,
usdcad,2023-08-04T16:00:00+00:00,ARMED,long,ARMED,first EMA20 touch,2023-08-04T16:00:00+00:00,1.339,,,,
usdcad,2023-08-08T04:00:00+00:00,TRIGGERED,long,ARMED,entry conditions satisfied,,1.339,2023-08-08T04:00:00+00:00,True,True,False
usdcad,2023-09-19T04:00:00+00:00,DC,short,SEARCH_TOUCH,new short search,,,,,,
usdcad,2023-09-20T16:00:00+00:00,ARMED,short,ARMED,first EMA20 touch,2023-09-20T16:00:00+00:00,1.3403,,,,
usdcad,2023-09-20T20:00:00+00:00,BREACH_TOLERATED,short,ARMED,one close through touch extreme,,,,,,
usdcad,2023-09-21T00:00:00+00:00,INVALIDATED,short,ARMED,two consecutive closes through touch extreme,,,,,,
usdcad,2023-09-29T20:00:00+00:00,GC,long,SEARCH_TOUCH,new long search,,,,,,
usdcad,2023-10-06T04:00:00+00:00,ARMED,long,ARMED,first EMA20 touch,2023-10-06T04:00:00+00:00,1.37275,,,,
usdcad,2023-10-06T12:00:00+00:00,BREACH_TOLERATED,long,ARMED,one close through touch extreme,,,,,,
usdcad,2023-10-06T16:00:00+00:00,INVALIDATED,long,ARMED,two consecutive closes through touch extreme,,,,,,
usdcad,2023-11-21T20:00:00+00:00,DC,short,SEARCH_TOUCH,new short search,,,,,,
usdcad,2023-11-22T04:00:00+00:00,ARMED,short,ARMED,first EMA20 touch,2023-11-22T04:00:00+00:00,1.36999,,,,
usdcad,2023-11-22T12:00:00+00:00,REVERSE_CROSS_INVALIDATION,short,ARMED,reverse cross while armed,,,,,,
usdcad,2023-11-22T16:00:00+00:00,DC,short,SEARCH_TOUCH,new short search,,,,,,
usdcad,2023-11-23T12:00:00+00:00,ARMED,short,ARMED,first EMA20 touch,2023-11-23T12:00:00+00:00,1.36829,,,,
usdcad,2023-11-24T12:00:00+00:00,TRIGGERED,short,ARMED,entry conditions satisfied,,1.36829,2023-11-24T12:00:00+00:00,False,False,True
usdcad,2024-01-16T08:00:00+00:00,GC,long,SEARCH_TOUCH,new long search,,,,,,
usdcad,2024-01-18T20:00:00+00:00,ARMED,long,ARMED,first EMA20 touch,2024-01-18T20:00:00+00:00,1.35035,,,,
usdcad,2024-01-19T08:00:00+00:00,BREACH_TOLERATED,long,ARMED,one close through touch extreme,,,,,,
usdcad,2024-01-19T12:00:00+00:00,INVALIDATED,long,ARMED,two consecutive closes through touch extreme,,,,,,
usdcad,2024-01-30T12:00:00+00:00,DC,short,SEARCH_TOUCH,new short search,,,,,,
usdcad,2024-01-31T08:00:00+00:00,ARMED,short,ARMED,first EMA20 touch,2024-01-31T08:00:00+00:00,1.34094,,,,
usdcad,2024-01-31T12:00:00+00:00,TRIGGERED,short,ARMED,entry conditions satisfied,,1.34094,2024-01-31T12:00:00+00:00,False,False,True
usdcad,2024-02-05T08:00:00+00:00,GC,long,SEARCH_TOUCH,new long search,,,,,,
usdcad,2024-02-06T16:00:00+00:00,ARMED,long,ARMED,first EMA20 touch,2024-02-06T16:00:00+00:00,1.35241,,,,
usdcad,2024-02-07T08:00:00+00:00,BREACH_TOLERATED,long,ARMED,one close through touch extreme,,,,,,
usdcad,2024-02-07T12:00:00+00:00,INVALIDATED,long,ARMED,two consecutive closes through touch extreme,,,,,,
usdcad,2024-03-08T12:00:00+00:00,DC,short,SEARCH_TOUCH,new short search,,,,,,
usdcad,2024-03-08T16:00:00+00:00,ARMED,short,ARMED,first EMA20 touch,2024-03-08T16:00:00+00:00,1.34506,,,,
usdcad,2024-03-14T12:00:00+00:00,BREACH_TOLERATED,short,ARMED,one close through touch extreme,,,,,,
usdcad,2024-03-14T16:00:00+00:00,INVALIDATED,short,ARMED,two consecutive closes through touch extreme,,,,,,
usdcad,2024-03-15T04:00:00+00:00,GC,long,SEARCH_TOUCH,new long search,,,,,,
usdcad,2024-03-20T16:00:00+00:00,ARMED,long,ARMED,first EMA20 touch,2024-03-20T16:00:00+00:00,1.35653,,,,
usdcad,2024-03-20T20:00:00+00:00,BREACH_TOLERATED,long,ARMED,one close through touch extreme,,,,,,
usdcad,2024-03-21T00:00:00+00:00,INVALIDATED,long,ARMED,two consecutive closes through touch extreme,,,,,,
usdcad,2024-05-14T20:00:00+00:00,DC,short,SEARCH_TOUCH,new short search,,,,,,
usdcad,2024-05-15T12:00:00+00:00,ARMED,short,ARMED,first EMA20 touch,2024-05-15T12:00:00+00:00,1.35895,,,,
usdcad,2024-05-22T08:00:00+00:00,BREACH_TOLERATED,short,ARMED,one close through touch extreme,,,,,,
usdcad,2024-05-22T12:00:00+00:00,INVALIDATED,short,ARMED,two consecutive closes through touch extreme,,,,,,
usdcad,2024-05-23T08:00:00+00:00,GC,long,SEARCH_TOUCH,new long search,,,,,,
usdcad,2024-05-23T12:00:00+00:00,ARMED,long,ARMED,first EMA20 touch,2024-05-23T12:00:00+00:00,1.37043,,,,
usdcad,2024-05-27T08:00:00+00:00,BREACH_TOLERATED,long,ARMED,one close through touch extreme,,,,,,
usdcad,2024-05-27T12:00:00+00:00,INVALIDATED,long,ARMED,two consecutive closes through touch extreme,,,,,,
usdcad,2024-05-27T20:00:00+00:00,DC,short,SEARCH_TOUCH,new short search,,,,,,
usdcad,2024-05-28T12:00:00+00:00,ARMED,short,ARMED,first EMA20 touch,2024-05-28T12:00:00+00:00,1.36145,,,,
usdcad,2024-05-29T00:00:00+00:00,BREACH_TOLERATED,short,ARMED,one close through touch extreme,,,,,,
usdcad,2024-05-29T04:00:00+00:00,INVALIDATED,short,ARMED,two consecutive closes through touch extreme,,,,,,
usdcad,2024-05-29T16:00:00+00:00,GC,long,SEARCH_TOUCH,new long search,,,,,,
usdcad,2024-05-30T12:00:00+00:00,ARMED,long,ARMED,first EMA20 touch,2024-05-30T12:00:00+00:00,1.37127,,,,
usdcad,2024-05-31T08:00:00+00:00,BREACH_TOLERATED,long,ARMED,one close through touch extreme,,,,,,
usdcad,2024-05-31T12:00:00+00:00,INVALIDATED,long,ARMED,two consecutive closes through touch extreme,,,,,,
usdcad,2024-06-01T04:00:00+00:00,DC,short,SEARCH_TOUCH,new short search,,,,,,
usdcad,2024-06-03T04:00:00+00:00,ARMED,short,ARMED,first EMA20 touch,2024-06-03T04:00:00+00:00,1.36243,,,,
usdcad,2024-06-04T04:00:00+00:00,BREACH_TOLERATED,short,ARMED,one close through touch extreme,,,,,,
usdcad,2024-06-04T08:00:00+00:00,INVALIDATED,short,ARMED,two consecutive closes through touch extreme,,,,,,
usdcad,2024-06-05T04:00:00+00:00,GC,long,SEARCH_TOUCH,new long search,,,,,,
usdcad,2024-06-06T00:00:00+00:00,ARMED,long,ARMED,first EMA20 touch,2024-06-06T00:00:00+00:00,1.36899,,,,
usdcad,2024-06-07T12:00:00+00:00,TRIGGERED,long,ARMED,entry conditions satisfied,,1.36899,2024-06-07T12:00:00+00:00,True,True,False
usdcad,2024-06-24T16:00:00+00:00,DC,short,SEARCH_TOUCH,new short search,,,,,,
usdcad,2024-06-25T08:00:00+00:00,ARMED,short,ARMED,first EMA20 touch,2024-06-25T08:00:00+00:00,1.36428,,,,
usdcad,2024-06-26T08:00:00+00:00,BREACH_TOLERATED,short,ARMED,one close through touch extreme,,,,,,
usdcad,2024-06-26T12:00:00+00:00,INVALIDATED,short,ARMED,two consecutive closes through touch extreme,,,,,,
usdcad,2024-06-28T00:00:00+00:00,GC,long,SEARCH_TOUCH,new long search,,,,,,
usdcad,2024-06-28T08:00:00+00:00,ARMED,long,ARMED,first EMA20 touch,2024-06-28T08:00:00+00:00,1.3712,,,,
usdcad,2024-06-28T12:00:00+00:00,BREACH_TOLERATED,long,ARMED,one close through touch extreme,,,,,,
usdcad,2024-06-28T16:00:00+00:00,INVALIDATED,long,ARMED,two consecutive closes through touch extreme,,,,,,
usdcad,2024-06-28T20:00:00+00:00,DC,short,SEARCH_TOUCH,new short search,,,,,,
usdcad,2024-07-01T08:00:00+00:00,ARMED,short,ARMED,first EMA20 touch,2024-07-01T08:00:00+00:00,1.36693,,,,
usdcad,2024-07-01T12:00:00+00:00,REVERSE_CROSS_INVALIDATION,short,ARMED,reverse cross while armed,,,,,,
usdcad,2024-07-03T12:00:00+00:00,DC,short,SEARCH_TOUCH,new short search,,,,,,
usdcad,2024-07-05T12:00:00+00:00,ARMED,short,ARMED,first EMA20 touch,2024-07-05T12:00:00+00:00,1.36067,,,,
usdcad,2024-07-15T12:00:00+00:00,BREACH_TOLERATED,short,ARMED,one close through touch extreme,,,,,,
usdcad,2024-07-15T16:00:00+00:00,INVALIDATED,short,ARMED,two consecutive closes through touch extreme,,,,,,
usdcad,2024-07-18T00:00:00+00:00,GC,long,SEARCH_TOUCH,new long search,,,,,,
usdcad,2024-07-18T08:00:00+00:00,ARMED,long,ARMED,first EMA20 touch,2024-07-18T08:00:00+00:00,1.36819,,,,
usdcad,2024-07-23T16:00:00+00:00,TRIGGERED,long,ARMED,entry conditions satisfied,,1.36819,2024-07-23T16:00:00+00:00,True,True,False
usdcad,2024-08-11T20:00:00+00:00,DC,short,SEARCH_TOUCH,new short search,,,,,,
usdcad,2024-08-12T12:00:00+00:00,ARMED,short,ARMED,first EMA20 touch,2024-08-12T12:00:00+00:00,1.37244,,,,
usdcad,2024-08-13T16:00:00+00:00,TRIGGERED,short,ARMED,entry conditions satisfied,,1.37244,2024-08-13T16:00:00+00:00,False,False,True
usdcad,2024-10-07T12:00:00+00:00,GC,long,SEARCH_TOUCH,new long search,,,,,,
usdcad,2024-10-15T20:00:00+00:00,ARMED,long,ARMED,first EMA20 touch,2024-10-15T20:00:00+00:00,1.37847,,,,
usdcad,2024-10-16T16:00:00+00:00,BREACH_TOLERATED,long,ARMED,one close through touch extreme,,,,,,
usdcad,2024-10-16T20:00:00+00:00,INVALIDATED,long,ARMED,two consecutive closes through touch extreme,,,,,,
usdcad,2025-02-07T00:00:00+00:00,DC,short,SEARCH_TOUCH,new short search,,,,,,
usdcad,2025-02-09T20:00:00+00:00,ARMED,short,ARMED,first EMA20 touch,2025-02-09T20:00:00+00:00,1.433,,,,
usdcad,2025-02-10T12:00:00+00:00,TRIGGERED,short,ARMED,entry conditions satisfied,,1.433,2025-02-10T12:00:00+00:00,False,False,True
usdcad,2025-02-27T04:00:00+00:00,GC,long,SEARCH_TOUCH,new long search,,,,,,
usdcad,2025-03-03T12:00:00+00:00,ARMED,long,ARMED,first EMA20 touch,2025-03-03T12:00:00+00:00,1.44393,,,,
usdcad,2025-03-04T16:00:00+00:00,TRIGGERED,long,ARMED,entry conditions satisfied,,1.44393,2025-03-04T16:00:00+00:00,True,True,True
usdcad,2025-03-18T08:00:00+00:00,DC,short,SEARCH_TOUCH,new short search,,,,,,
usdcad,2025-03-19T08:00:00+00:00,ARMED,short,ARMED,first EMA20 touch,2025-03-19T08:00:00+00:00,1.43078,,,,
usdcad,2025-03-20T04:00:00+00:00,BREACH_TOLERATED,short,ARMED,one close through touch extreme,,,,,,
usdcad,2025-03-20T08:00:00+00:00,INVALIDATED,short,ARMED,two consecutive closes through touch extreme,,,,,,
usdcad,2025-04-01T00:00:00+00:00,GC,long,SEARCH_TOUCH,new long search,,,,,,
usdcad,2025-04-01T12:00:00+00:00,ARMED,long,ARMED,first EMA20 touch,2025-04-01T12:00:00+00:00,1.44146,,,,
usdcad,2025-04-01T20:00:00+00:00,BREACH_TOLERATED,long,ARMED,one close through touch extreme,,,,,,
usdcad,2025-04-02T00:00:00+00:00,REVERSE_CROSS_INVALIDATION,long,ARMED,reverse cross while armed,,,,,,
usdcad,2025-07-16T08:00:00+00:00,GC,long,SEARCH_TOUCH,new long search,,,,,,
usdcad,2025-07-16T12:00:00+00:00,ARMED,long,ARMED,first EMA20 touch,2025-07-16T12:00:00+00:00,1.3755,,,,
usdcad,2025-07-16T20:00:00+00:00,REVERSE_CROSS_INVALIDATION,long,ARMED,reverse cross while armed,,,,,,
usdcad,2025-07-17T00:00:00+00:00,GC,long,SEARCH_TOUCH,new long search,,,,,,
usdcad,2025-07-18T08:00:00+00:00,ARMED,long,ARMED,first EMA20 touch,2025-07-18T08:00:00+00:00,1.37335,,,,
usdcad,2025-07-18T12:00:00+00:00,BREACH_TOLERATED,long,ARMED,one close through touch extreme,,,,,,
usdcad,2025-07-21T08:00:00+00:00,BREACH_TOLERATED,long,ARMED,one close through touch extreme,,,,,,
usdcad,2025-07-21T12:00:00+00:00,INVALIDATED,long,ARMED,two consecutive closes through touch extreme,,,,,,
usdcad,2025-07-22T12:00:00+00:00,DC,short,SEARCH_TOUCH,new short search,,,,,,
usdcad,2025-07-24T12:00:00+00:00,ARMED,short,ARMED,first EMA20 touch,2025-07-24T12:00:00+00:00,1.36091,,,,
usdcad,2025-07-25T00:00:00+00:00,BREACH_TOLERATED,short,ARMED,one close through touch extreme,,,,,,
usdcad,2025-07-25T04:00:00+00:00,INVALIDATED,short,ARMED,two consecutive closes through touch extreme,,,,,,
usdcad,2025-07-29T00:00:00+00:00,GC,long,SEARCH_TOUCH,new long search,,,,,,
usdcad,2025-08-01T12:00:00+00:00,ARMED,long,ARMED,first EMA20 touch,2025-08-01T12:00:00+00:00,1.38755,,,,
usdcad,2025-08-06T08:00:00+00:00,BREACH_TOLERATED,long,ARMED,one close through touch extreme,,,,,,
usdcad,2025-08-06T12:00:00+00:00,INVALIDATED,long,ARMED,two consecutive closes through touch extreme,,,,,,
usdcad,2025-08-29T16:00:00+00:00,DC,short,SEARCH_TOUCH,new short search,,,,,,
usdcad,2025-09-02T04:00:00+00:00,ARMED,short,ARMED,first EMA20 touch,2025-09-02T04:00:00+00:00,1.3745,,,,
usdcad,2025-09-02T08:00:00+00:00,BREACH_TOLERATED,short,ARMED,one close through touch extreme,,,,,,
usdcad,2025-09-02T12:00:00+00:00,INVALIDATED,short,ARMED,two consecutive closes through touch extreme,,,,,,
usdcad,2025-09-03T16:00:00+00:00,GC,long,SEARCH_TOUCH,new long search,,,,,,
usdcad,2025-09-05T04:00:00+00:00,ARMED,long,ARMED,first EMA20 touch,2025-09-05T04:00:00+00:00,1.38108,,,,
usdcad,2025-09-05T12:00:00+00:00,TRIGGERED,long,ARMED,entry conditions satisfied,,1.38108,2025-09-05T12:00:00+00:00,True,True,False
usdcad,2025-09-16T20:00:00+00:00,DC,short,SEARCH_TOUCH,new short search,,,,,,
usdcad,2025-09-17T16:00:00+00:00,ARMED,short,ARMED,first EMA20 touch,2025-09-17T16:00:00+00:00,1.37261,,,,
usdcad,2025-09-18T12:00:00+00:00,BREACH_TOLERATED,short,ARMED,one close through touch extreme,,,,,,
usdcad,2025-09-18T16:00:00+00:00,INVALIDATED,short,ARMED,two consecutive closes through touch extreme,,,,,,
usdcad,2025-09-22T16:00:00+00:00,GC,long,SEARCH_TOUCH,new long search,,,,,,
usdcad,2025-09-29T12:00:00+00:00,ARMED,long,ARMED,first EMA20 touch,2025-09-29T12:00:00+00:00,1.39392,,,,
usdcad,2025-10-02T12:00:00+00:00,TRIGGERED,long,ARMED,entry conditions satisfied,,1.39392,2025-10-02T12:00:00+00:00,True,True,False
usdcad,2025-12-01T00:00:00+00:00,DC,short,SEARCH_TOUCH,new short search,,,,,,
usdcad,2025-12-02T00:00:00+00:00,ARMED,short,ARMED,first EMA20 touch,2025-12-02T00:00:00+00:00,1.39973,,,,
usdcad,2025-12-02T08:00:00+00:00,BREACH_TOLERATED,short,ARMED,one close through touch extreme,,,,,,
usdcad,2025-12-02T12:00:00+00:00,TRIGGERED,short,ARMED,entry conditions satisfied,,1.39973,2025-12-02T12:00:00+00:00,False,False,True
usdcad,2026-01-07T20:00:00+00:00,GC,long,SEARCH_TOUCH,new long search,,,,,,
usdcad,2026-01-13T04:00:00+00:00,ARMED,long,ARMED,first EMA20 touch,2026-01-13T04:00:00+00:00,1.38822,,,,
usdcad,2026-01-13T16:00:00+00:00,TRIGGERED,long,ARMED,entry conditions satisfied,,1.38822,2026-01-13T16:00:00+00:00,True,True,False
usdcad,2026-01-23T04:00:00+00:00,DC,short,SEARCH_TOUCH,new short search,,,,,,
usdcad,2026-01-27T08:00:00+00:00,ARMED,short,ARMED,first EMA20 touch,2026-01-27T08:00:00+00:00,1.37046,,,,
usdcad,2026-01-27T12:00:00+00:00,TRIGGERED,short,ARMED,entry conditions satisfied,,1.37046,2026-01-27T12:00:00+00:00,False,False,True
usdcad,2026-02-24T12:00:00+00:00,GC,long,SEARCH_TOUCH,new long search,,,,,,
usdcad,2026-02-24T20:00:00+00:00,ARMED,long,ARMED,first EMA20 touch,2026-02-24T20:00:00+00:00,1.37057,,,,
usdcad,2026-02-25T00:00:00+00:00,BREACH_TOLERATED,long,ARMED,one close through touch extreme,,,,,,
usdcad,2026-02-25T04:00:00+00:00,INVALIDATED,long,ARMED,two consecutive closes through touch extreme,,,,,,
usdcad,2026-02-25T20:00:00+00:00,DC,short,SEARCH_TOUCH,new short search,,,,,,
usdcad,2026-02-26T08:00:00+00:00,ARMED,short,ARMED,first EMA20 touch,2026-02-26T08:00:00+00:00,1.36602,,,,
usdcad,2026-03-02T00:00:00+00:00,TRIGGERED,short,ARMED,entry conditions satisfied,,1.36602,2026-03-02T00:00:00+00:00,False,False,True
usdcad,2026-03-16T08:00:00+00:00,GC,long,SEARCH_TOUCH,new long search,,,,,,
usdcad,2026-03-16T12:00:00+00:00,ARMED,long,ARMED,first EMA20 touch,2026-03-16T12:00:00+00:00,1.3694,,,,
usdcad,2026-03-19T08:00:00+00:00,TRIGGERED,long,ARMED,entry conditions satisfied,,1.3694,2026-03-19T08:00:00+00:00,True,True,False
usdcad,2026-04-15T16:00:00+00:00,DC,short,SEARCH_TOUCH,new short search,,,,,,
usdcad,2026-04-22T12:00:00+00:00,ARMED,short,ARMED,first EMA20 touch,2026-04-22T12:00:00+00:00,1.3646,,,,
usdcad,2026-04-22T16:00:00+00:00,BREACH_TOLERATED,short,ARMED,one close through touch extreme,,,,,,
usdcad,2026-04-23T00:00:00+00:00,BREACH_TOLERATED,short,ARMED,one close through touch extreme,,,,,,
usdcad,2026-04-23T12:00:00+00:00,BREACH_TOLERATED,short,ARMED,one close through touch extreme,,,,,,
usdcad,2026-04-23T16:00:00+00:00,INVALIDATED,short,ARMED,two consecutive closes through touch extreme,,,,,,
usdcad,2026-05-14T08:00:00+00:00,GC,long,SEARCH_TOUCH,new long search,,,,,,
usdcad,2026-05-18T12:00:00+00:00,ARMED,long,ARMED,first EMA20 touch,2026-05-18T12:00:00+00:00,1.37513,,,,
usdcad,2026-05-20T00:00:00+00:00,TRIGGERED,long,ARMED,entry conditions satisfied,,1.37513,2026-05-20T00:00:00+00:00,True,True,False
usdcad,2026-07-16T12:00:00+00:00,DC,short,SEARCH_TOUCH,new short search,,,,,,
usdcad,2026-07-20T12:00:00+00:00,ARMED,short,ARMED,first EMA20 touch,2026-07-20T12:00:00+00:00,1.40287,,,,
usdcad,2026-07-20T20:00:00+00:00,BREACH_TOLERATED,short,ARMED,one close through touch extreme,,,,,,
usdcad,2026-07-21T00:00:00+00:00,INVALIDATED,short,ARMED,two consecutive closes through touch extreme,,,,,,
usdcad,2026-07-22T08:00:00+00:00,GC,long,SEARCH_TOUCH,new long search,,,,,,
usdcad,2026-07-23T00:00:00+00:00,ARMED,long,ARMED,first EMA20 touch,2026-07-23T00:00:00+00:00,1.40864,,,,
usdcad,2026-07-29T16:00:00+00:00,BREACH_TOLERATED,long,ARMED,one close through touch extreme,,,,,,
usdcad,2026-07-29T20:00:00+00:00,INVALIDATED,long,ARMED,two consecutive closes through touch extreme,,,,,,
usdcad,2026-07-30T12:00:00+00:00,DC,short,SEARCH_TOUCH,new short search,,,,,,
usdcad,2026-07-31T12:00:00+00:00,ARMED,short,ARMED,first EMA20 touch,2026-07-31T12:00:00+00:00,1.40152,,,,
usdcad,2026-08-04T12:00:00+00:00,BREACH_TOLERATED,short,ARMED,one close through touch extreme,,,,,,
usdcad,2026-08-04T16:00:00+00:00,INVALIDATED,short,ARMED,two consecutive closes through touch extreme,,,,,,
usdcad,2026-09-16T04:00:00+00:00,GC,long,SEARCH_TOUCH,new long search,,,,,,
usdcad,2026-09-30T12:00:00+00:00,ARMED,long,ARMED,first EMA20 touch,2026-09-30T12:00:00+00:00,1.42121,,,,
usdcad,2026-09-30T16:00:00+00:00,TRIGGERED,long,ARMED,entry conditions satisfied,,1.42121,2026-09-30T16:00:00+00:00,True,True,False
usdchf,2021-01-04T00:00:00+00:00,GC,long,SEARCH_TOUCH,new long search,,,,,,
usdchf,2021-01-04T04:00:00+00:00,ARMED,long,ARMED,first EMA20 touch,2021-01-04T04:00:00+00:00,0.88453,,,,
usdchf,2021-01-04T08:00:00+00:00,REVERSE_CROSS_INVALIDATION,long,ARMED,reverse cross while armed,,,,,,
usdchf,2021-01-08T16:00:00+00:00,GC,long,SEARCH_TOUCH,new long search,,,,,,
usdchf,2021-01-12T16:00:00+00:00,ARMED,long,ARMED,first EMA20 touch,2021-01-12T16:00:00+00:00,0.89031,,,,
usdchf,2021-01-12T20:00:00+00:00,BREACH_TOLERATED,long,ARMED,one close through touch extreme,,,,,,
usdchf,2021-01-13T00:00:00+00:00,INVALIDATED,long,ARMED,two consecutive closes through touch extreme,,,,,,
usdchf,2021-04-12T12:00:00+00:00,DC,short,SEARCH_TOUCH,new short search,,,,,,
usdchf,2021-04-13T08:00:00+00:00,ARMED,short,ARMED,first EMA20 touch,2021-04-13T08:00:00+00:00,0.92418,,,,
usdchf,2021-04-13T12:00:00+00:00,TRIGGERED,short,ARMED,entry conditions satisfied,,0.92418,2021-04-13T12:00:00+00:00,False,False,True
usdchf,2021-06-17T08:00:00+00:00,GC,long,SEARCH_TOUCH,new long search,,,,,,
usdchf,2021-06-22T16:00:00+00:00,ARMED,long,ARMED,first EMA20 touch,2021-06-22T16:00:00+00:00,0.9205,,,,
usdchf,2021-06-23T12:00:00+00:00,BREACH_TOLERATED,long,ARMED,one close through touch extreme,,,,,,
usdchf,2021-06-25T04:00:00+00:00,BREACH_TOLERATED,long,ARMED,one close through touch extreme,,,,,,
usdchf,2021-06-25T16:00:00+00:00,BREACH_TOLERATED,long,ARMED,one close through touch extreme,,,,,,
usdchf,2021-06-25T20:00:00+00:00,INVALIDATED,long,ARMED,two consecutive closes through touch extreme,,,,,,
usdchf,2021-07-28T12:00:00+00:00,DC,short,SEARCH_TOUCH,new short search,,,,,,
usdchf,2021-07-28T16:00:00+00:00,ARMED,short,ARMED,first EMA20 touch,2021-07-28T16:00:00+00:00,0.91006,,,,
usdchf,2021-07-28T20:00:00+00:00,TRIGGERED,short,ARMED,entry conditions satisfied,,0.91006,2021-07-28T20:00:00+00:00,False,False,True
usdchf,2021-08-09T20:00:00+00:00,GC,long,SEARCH_TOUCH,new long search,,,,,,
usdchf,2021-08-13T08:00:00+00:00,ARMED,long,ARMED,first EMA20 touch,2021-08-13T08:00:00+00:00,0.92314,,,,
usdchf,2021-08-13T12:00:00+00:00,BREACH_TOLERATED,long,ARMED,one close through touch extreme,,,,,,
usdchf,2021-08-13T16:00:00+00:00,INVALIDATED,long,ARMED,two consecutive closes through touch extreme,,,,,,
usdchf,2021-08-24T08:00:00+00:00,DC,short,SEARCH_TOUCH,new short search,,,,,,
usdchf,2021-08-25T00:00:00+00:00,ARMED,short,ARMED,first EMA20 touch,2021-08-25T00:00:00+00:00,0.913,,,,
usdchf,2021-08-26T04:00:00+00:00,BREACH_TOLERATED,short,ARMED,one close through touch extreme,,,,,,
usdchf,2021-08-26T08:00:00+00:00,INVALIDATED,short,ARMED,two consecutive closes through touch extreme,,,,,,
usdchf,2021-08-26T16:00:00+00:00,GC,long,SEARCH_TOUCH,new long search,,,,,,
usdchf,2021-08-27T04:00:00+00:00,ARMED,long,ARMED,first EMA20 touch,2021-08-27T04:00:00+00:00,0.91706,,,,
usdchf,2021-08-27T12:00:00+00:00,BREACH_TOLERATED,long,ARMED,one close through touch extreme,,,,,,
usdchf,2021-08-27T16:00:00+00:00,INVALIDATED,long,ARMED,two consecutive closes through touch extreme,,,,,,
usdchf,2021-08-27T20:00:00+00:00,DC,short,SEARCH_TOUCH,new short search,,,,,,
usdchf,2021-08-30T08:00:00+00:00,ARMED,short,ARMED,first EMA20 touch,2021-08-30T08:00:00+00:00,0.91346,,,,
usdchf,2021-08-30T12:00:00+00:00,BREACH_TOLERATED,short,ARMED,one close through touch extreme,,,,,,
usdchf,2021-08-30T16:00:00+00:00,INVALIDATED,short,ARMED,two consecutive closes through touch extreme,,,,,,
usdchf,2021-08-31T00:00:00+00:00,GC,long,SEARCH_TOUCH,new long search,,,,,,
usdchf,2021-08-31T04:00:00+00:00,ARMED,long,ARMED,first EMA20 touch,2021-08-31T04:00:00+00:00,0.91589,,,,
usdchf,2021-08-31T08:00:00+00:00,REVERSE_CROSS_INVALIDATION,long,ARMED,reverse cross while armed,,,,,,
usdchf,2021-08-31T12:00:00+00:00,GC,long,SEARCH_TOUCH,new long search,,,,,,
usdchf,2021-08-31T16:00:00+00:00,ARMED,long,ARMED,first EMA20 touch,2021-08-31T16:00:00+00:00,0.91627,,,,
usdchf,2021-09-01T12:00:00+00:00,BREACH_TOLERATED,long,ARMED,one close through touch extreme,,,,,,
usdchf,2021-09-02T16:00:00+00:00,BREACH_TOLERATED,long,ARMED,one close through touch extreme,,,,,,
usdchf,2021-09-02T20:00:00+00:00,INVALIDATED,long,ARMED,two consecutive closes through touch extreme,,,,,,
usdchf,2021-09-03T16:00:00+00:00,DC,short,SEARCH_TOUCH,new short search,,,,,,
usdchf,2021-09-06T00:00:00+00:00,ARMED,short,ARMED,first EMA20 touch,2021-09-06T00:00:00+00:00,0.91379,,,,
usdchf,2021-09-06T04:00:00+00:00,BREACH_TOLERATED,short,ARMED,one close through touch extreme,,,,,,
usdchf,2021-09-06T08:00:00+00:00,INVALIDATED,short,ARMED,two consecutive closes through touch extreme,,,,,,
usdchf,2021-09-06T12:00:00+00:00,GC,long,SEARCH_TOUCH,new long search,,,,,,
usdchf,2021-09-06T16:00:00+00:00,ARMED,long,ARMED,first EMA20 touch,2021-09-06T16:00:00+00:00,0.91568,,,,
usdchf,2021-09-06T20:00:00+00:00,BREACH_TOLERATED,long,ARMED,one close through touch extreme,,,,,,
usdchf,2021-09-07T00:00:00+00:00,REVERSE_CROSS_INVALIDATION,long,ARMED,reverse cross while armed,,,,,,
usdchf,2021-09-07T12:00:00+00:00,GC,long,SEARCH_TOUCH,new long search,,,,,,
usdchf,2021-09-09T08:00:00+00:00,ARMED,long,ARMED,first EMA20 touch,2021-09-09T08:00:00+00:00,0.92001,,,,
usdchf,2021-09-09T16:00:00+00:00,BREACH_TOLERATED,long,ARMED,one close through touch extreme,,,,,,
usdchf,2021-09-09T20:00:00+00:00,INVALIDATED,long,ARMED,two consecutive closes through touch extreme,,,,,,
usdchf,2021-10-15T20:00:00+00:00,DC,short,SEARCH_TOUCH,new short search,,,,,,
usdchf,2021-10-18T00:00:00+00:00,ARMED,short,ARMED,first EMA20 touch,2021-10-18T00:00:00+00:00,0.92335,,,,
usdchf,2021-10-18T04:00:00+00:00,REVERSE_CROSS_INVALIDATION,short,ARMED,reverse cross while armed,,,,,,
usdchf,2021-10-18T12:00:00+00:00,DC,short,SEARCH_TOUCH,new short search,,,,,,
usdchf,2021-10-19T16:00:00+00:00,ARMED,short,ARMED,first EMA20 touch,2021-10-19T16:00:00+00:00,0.92215,,,,
usdchf,2021-10-20T00:00:00+00:00,BREACH_TOLERATED,short,ARMED,one close through touch extreme,,,,,,
usdchf,2021-10-20T04:00:00+00:00,INVALIDATED,short,ARMED,two consecutive closes through touch extreme,,,,,,
usdchf,2021-11-12T12:00:00+00:00,GC,long,SEARCH_TOUCH,new long search,,,,,,
usdchf,2021-11-15T00:00:00+00:00,ARMED,long,ARMED,first EMA20 touch,2021-11-15T00:00:00+00:00,0.92132,,,,
usdchf,2021-11-18T00:00:00+00:00,TRIGGERED,long,ARMED,entry conditions satisfied,,0.92132,2021-11-18T00:00:00+00:00,True,True,False
usdchf,2021-12-01T04:00:00+00:00,DC,short,SEARCH_TOUCH,new short search,,,,,,
usdchf,2021-12-02T08:00:00+00:00,ARMED,short,ARMED,first EMA20 touch,2021-12-02T08:00:00+00:00,0.91867,,,,
usdchf,2021-12-03T20:00:00+00:00,TRIGGERED,short,ARMED,entry conditions satisfied,,0.91867,2021-12-03T20:00:00+00:00,False,False,True
usdchf,2021-12-07T16:00:00+00:00,GC,long,SEARCH_TOUCH,new long search,,,,,,
usdchf,2021-12-08T04:00:00+00:00,ARMED,long,ARMED,first EMA20 touch,2021-12-08T04:00:00+00:00,0.9242,,,,
usdchf,2021-12-08T08:00:00+00:00,TRIGGERED,long,ARMED,entry conditions satisfied,,0.9242,2021-12-08T08:00:00+00:00,True,True,False
usdchf,2021-12-08T16:00:00+00:00,DC,short,SEARCH_TOUCH,new short search,,,,,,
usdchf,2021-12-09T08:00:00+00:00,ARMED,short,ARMED,first EMA20 touch,2021-12-09T08:00:00+00:00,0.92012,,,,
usdchf,2021-12-09T12:00:00+00:00,BREACH_TOLERATED,short,ARMED,one close through touch extreme,,,,,,
usdchf,2021-12-09T16:00:00+00:00,INVALIDATED,short,ARMED,two consecutive closes through touch extreme,,,,,,
usdchf,2021-12-10T00:00:00+00:00,GC,long,SEARCH_TOUCH,new long search,,,,,,
usdchf,2021-12-10T08:00:00+00:00,ARMED,long,ARMED,first EMA20 touch,2021-12-10T08:00:00+00:00,0.9252,,,,
usdchf,2021-12-10T12:00:00+00:00,BREACH_TOLERATED,long,ARMED,one close through touch extreme,,,,,,
usdchf,2021-12-10T16:00:00+00:00,REVERSE_CROSS_INVALIDATION,long,ARMED,reverse cross while armed,,,,,,
usdchf,2021-12-15T00:00:00+00:00,GC,long,SEARCH_TOUCH,new long search,,,,,,
usdchf,2021-12-15T20:00:00+00:00,ARMED,long,ARMED,first EMA20 touch,2021-12-15T20:00:00+00:00,0.92633,,,,
usdchf,2021-12-16T12:00:00+00:00,BREACH_TOLERATED,long,ARMED,one close through touch extreme,,,,,,
usdchf,2021-12-16T16:00:00+00:00,INVALIDATED,long,ARMED,two consecutive closes through touch extreme,,,,,,
usdchf,2021-12-16T20:00:00+00:00,DC,short,SEARCH_TOUCH,new short search,,,,,,
usdchf,2021-12-17T12:00:00+00:00,ARMED,short,ARMED,first EMA20 touch,2021-12-17T12:00:00+00:00,0.91813,,,,
usdchf,2021-12-17T16:00:00+00:00,BREACH_TOLERATED,short,ARMED,one close through touch extreme,,,,,,
usdchf,2021-12-17T20:00:00+00:00,INVALIDATED,short,ARMED,two consecutive closes through touch extreme,,,,,,
usdchf,2021-12-22T04:00:00+00:00,GC,long,SEARCH_TOUCH,new long search,,,,,,
usdchf,2021-12-22T08:00:00+00:00,ARMED,long,ARMED,first EMA20 touch,2021-12-22T08:00:00+00:00,0.92521,,,,
usdchf,2021-12-22T12:00:00+00:00,REVERSE_CROSS_INVALIDATION,long,ARMED,reverse cross while armed,,,,,,
usdchf,2022-01-10T12:00:00+00:00,GC,long,SEARCH_TOUCH,new long search,,,,,,
usdchf,2022-01-12T08:00:00+00:00,ARMED,long,ARMED,first EMA20 touch,2022-01-12T08:00:00+00:00,0.92439,,,,
usdchf,2022-01-12T12:00:00+00:00,BREACH_TOLERATED,long,ARMED,one close through touch extreme,,,,,,
usdchf,2022-01-12T16:00:00+00:00,INVALIDATED,long,ARMED,two consecutive closes through touch extreme,,,,,,
usdchf,2022-01-13T00:00:00+00:00,DC,short,SEARCH_TOUCH,new short search,,,,,,
usdchf,2022-01-16T20:00:00+00:00,ARMED,short,ARMED,first EMA20 touch,2022-01-16T20:00:00+00:00,0.91223,,,,
usdchf,2022-01-18T00:00:00+00:00,BREACH_TOLERATED,short,ARMED,one close through touch extreme,,,,,,
usdchf,2022-01-18T08:00:00+00:00,BREACH_TOLERATED,short,ARMED,one close through touch extreme,,,,,,
usdchf,2022-01-18T12:00:00+00:00,INVALIDATED,short,ARMED,two consecutive closes through touch extreme,,,,,,
usdchf,2022-01-26T20:00:00+00:00,GC,long,SEARCH_TOUCH,new long search,,,,,,
usdchf,2022-01-31T16:00:00+00:00,ARMED,long,ARMED,first EMA20 touch,2022-01-31T16:00:00+00:00,0.93177,,,,
usdchf,2022-02-01T04:00:00+00:00,BREACH_TOLERATED,long,ARMED,one close through touch extreme,,,,,,
usdchf,2022-02-01T08:00:00+00:00,INVALIDATED,long,ARMED,two consecutive closes through touch extreme,,,,,,
usdchf,2022-02-18T16:00:00+00:00,DC,short,SEARCH_TOUCH,new short search,,,,,,
usdchf,2022-02-20T20:00:00+00:00,ARMED,short,ARMED,first EMA20 touch,2022-02-20T20:00:00+00:00,0.92011,,,,
usdchf,2022-02-21T04:00:00+00:00,TRIGGERED,short,ARMED,entry conditions satisfied,,0.92011,2022-02-21T04:00:00+00:00,False,False,True
usdchf,2022-02-25T00:00:00+00:00,GC,long,SEARCH_TOUCH,new long search,,,,,,
usdchf,2022-02-28T08:00:00+00:00,ARMED,long,ARMED,first EMA20 touch,2022-02-28T08:00:00+00:00,0.92659,,,,
usdchf,2022-02-28T12:00:00+00:00,BREACH_TOLERATED,long,ARMED,one close through touch extreme,,,,,,
usdchf,2022-02-28T16:00:00+00:00,INVALIDATED,long,ARMED,two consecutive closes through touch extreme,,,,,,
usdchf,2022-03-01T04:00:00+00:00,DC,short,SEARCH_TOUCH,new short search,,,,,,
usdchf,2022-03-02T00:00:00+00:00,ARMED,short,ARMED,first EMA20 touch,2022-03-02T00:00:00+00:00,0.91851,,,,
usdchf,2022-03-02T12:00:00+00:00,BREACH_TOLERATED,short,ARMED,one close through touch extreme,,,,,,
usdchf,2022-03-02T16:00:00+00:00,INVALIDATED,short,ARMED,two consecutive closes through touch extreme,,,,,,
usdchf,2022-03-07T20:00:00+00:00,GC,long,SEARCH_TOUCH,new long search,,,,,,
usdchf,2022-03-09T16:00:00+00:00,ARMED,long,ARMED,first EMA20 touch,2022-03-09T16:00:00+00:00,0.92711,,,,
usdchf,2022-03-11T08:00:00+00:00,TRIGGERED,long,ARMED,entry conditions satisfied,,0.92711,2022-03-11T08:00:00+00:00,True,True,False
usdchf,2022-03-31T04:00:00+00:00,DC,short,SEARCH_TOUCH,new short search,,,,,,
usdchf,2022-04-01T12:00:00+00:00,ARMED,short,ARMED,first EMA20 touch,2022-04-01T12:00:00+00:00,0.92358,,,,
usdchf,2022-04-05T12:00:00+00:00,BREACH_TOLERATED,short,ARMED,one close through touch extreme,,,,,,
usdchf,2022-04-05T16:00:00+00:00,INVALIDATED,short,ARMED,two consecutive closes through touch extreme,,,,,,
usdchf,2022-04-06T08:00:00+00:00,GC,long,SEARCH_TOUCH,new long search,,,,,,
usdchf,2022-04-10T20:00:00+00:00,ARMED,long,ARMED,first EMA20 touch,2022-04-10T20:00:00+00:00,0.9343,,,,
usdchf,2022-04-11T12:00:00+00:00,BREACH_TOLERATED,long,ARMED,one close through touch extreme,,,,,,
usdchf,2022-04-12T12:00:00+00:00,BREACH_TOLERATED,long,ARMED,one close through touch extreme,,,,,,
usdchf,2022-04-14T08:00:00+00:00,TRIGGERED,long,ARMED,entry conditions satisfied,,0.9343,2022-04-14T08:00:00+00:00,True,True,False
usdchf,2022-05-24T16:00:00+00:00,DC,short,SEARCH_TOUCH,new short search,,,,,,
usdchf,2022-05-30T12:00:00+00:00,ARMED,short,ARMED,first EMA20 touch,2022-05-30T12:00:00+00:00,0.95678,,,,
usdchf,2022-05-31T04:00:00+00:00,BREACH_TOLERATED,short,ARMED,one close through touch extreme,,,,,,
usdchf,2022-06-01T08:00:00+00:00,BREACH_TOLERATED,short,ARMED,one close through touch extreme,,,,,,
usdchf,2022-06-01T12:00:00+00:00,INVALIDATED,short,ARMED,two consecutive closes through touch extreme,,,,,,
usdchf,2022-06-07T12:00:00+00:00,GC,long,SEARCH_TOUCH,new long search,,,,,,
usdchf,2022-06-09T12:00:00+00:00,ARMED,long,ARMED,first EMA20 touch,2022-06-09T12:00:00+00:00,0.97963,,,,
usdchf,2022-06-14T20:00:00+00:00,TRIGGERED,long,ARMED,entry conditions satisfied,,0.97963,2022-06-14T20:00:00+00:00,True,True,True
usdchf,2022-06-20T16:00:00+00:00,DC,short,SEARCH_TOUCH,new short search,,,,,,
usdchf,2022-06-23T04:00:00+00:00,ARMED,short,ARMED,first EMA20 touch,2022-06-23T04:00:00+00:00,0.96029,,,,
usdchf,2022-06-24T08:00:00+00:00,TRIGGERED,short,ARMED,entry conditions satisfied,,0.96029,2022-06-24T08:00:00+00:00,False,False,True
usdchf,2022-07-07T08:00:00+00:00,GC,long,SEARCH_TOUCH,new long search,,,,,,
usdchf,2022-07-13T04:00:00+00:00,ARMED,long,ARMED,first EMA20 touch,2022-07-13T04:00:00+00:00,0.98247,,,,
usdchf,2022-07-13T08:00:00+00:00,BREACH_TOLERATED,long,ARMED,one close through touch extreme,,,,,,
usdchf,2022-07-14T04:00:00+00:00,TRIGGERED,long,ARMED,entry conditions satisfied,,0.98247,2022-07-14T04:00:00+00:00,True,True,False
usdchf,2022-07-22T00:00:00+00:00,DC,short,SEARCH_TOUCH,new short search,,,,,,
usdchf,2022-07-26T08:00:00+00:00,ARMED,short,ARMED,first EMA20 touch,2022-07-26T08:00:00+00:00,0.96306,,,,
usdchf,2022-07-27T16:00:00+00:00,TRIGGERED,short,ARMED,entry conditions satisfied,,0.96306,2022-07-27T16:00:00+00:00,False,False,True
usdchf,2022-08-23T00:00:00+00:00,GC,long,SEARCH_TOUCH,new long search,,,,,,
usdchf,2022-08-23T12:00:00+00:00,ARMED,long,ARMED,first EMA20 touch,2022-08-23T12:00:00+00:00,0.96919,,,,
usdchf,2022-08-30T12:00:00+00:00,TRIGGERED,long,ARMED,entry conditions satisfied,,0.96919,2022-08-30T12:00:00+00:00,True,True,False
usdchf,2022-09-12T08:00:00+00:00,DC,short,SEARCH_TOUCH,new short search,,,,,,
usdchf,2022-09-13T12:00:00+00:00,ARMED,short,ARMED,first EMA20 touch,2022-09-13T12:00:00+00:00,0.94969,,,,
usdchf,2022-09-16T04:00:00+00:00,BREACH_TOLERATED,short,ARMED,one close through touch extreme,,,,,,
usdchf,2022-09-16T12:00:00+00:00,BREACH_TOLERATED,short,ARMED,one close through touch extreme,,,,,,
usdchf,2022-09-16T16:00:00+00:00,INVALIDATED,short,ARMED,two consecutive closes through touch extreme,,,,,,
usdchf,2022-09-22T04:00:00+00:00,GC,long,SEARCH_TOUCH,new long search,,,,,,
usdchf,2022-09-28T12:00:00+00:00,ARMED,long,ARMED,first EMA20 touch,2022-09-28T12:00:00+00:00,0.98775,,,,
usdchf,2022-09-29T20:00:00+00:00,BREACH_TOLERATED,long,ARMED,one close through touch extreme,,,,,,
usdchf,2022-10-04T04:00:00+00:00,TRIGGERED,long,ARMED,entry conditions satisfied,,0.98775,2022-10-04T04:00:00+00:00,True,True,False
usdchf,2022-11-09T04:00:00+00:00,DC,short,SEARCH_TOUCH,new short search,,,,,,
usdchf,2022-11-10T08:00:00+00:00,ARMED,short,ARMED,first EMA20 touch,2022-11-10T08:00:00+00:00,0.98415,,,,
usdchf,2022-11-10T12:00:00+00:00,TRIGGERED,short,ARMED,entry conditions satisfied,,0.98415,2022-11-10T12:00:00+00:00,False,False,True
usdchf,2023-02-07T04:00:00+00:00,GC,long,SEARCH_TOUCH,new long search,,,,,,
usdchf,2023-02-07T08:00:00+00:00,ARMED,long,ARMED,first EMA20 touch,2023-02-07T08:00:00+00:00,0.92898,,,,
usdchf,2023-02-07T12:00:00+00:00,BREACH_TOLERATED,long,ARMED,one close through touch extreme,,,,,,
usdchf,2023-02-07T16:00:00+00:00,REVERSE_CROSS_INVALIDATION,long,ARMED,reverse cross while armed,,,,,,
usdchf,2023-02-17T04:00:00+00:00,GC,long,SEARCH_TOUCH,new long search,,,,,,
usdchf,2023-02-17T16:00:00+00:00,ARMED,long,ARMED,first EMA20 touch,2023-02-17T16:00:00+00:00,0.9283,,,,
usdchf,2023-02-17T20:00:00+00:00,BREACH_TOLERATED,long,ARMED,one close through touch extreme,,,,,,
usdchf,2023-02-18T00:00:00+00:00,INVALIDATED,long,ARMED,two consecutive closes through touch extreme,,,,,,
usdchf,2023-02-20T12:00:00+00:00,DC,short,SEARCH_TOUCH,new short search,,,,,,
usdchf,2023-02-21T00:00:00+00:00,ARMED,short,ARMED,first EMA20 touch,2023-02-21T00:00:00+00:00,0.92294,,,,
usdchf,2023-02-21T04:00:00+00:00,BREACH_TOLERATED,short,ARMED,one close through touch extreme,,,,,,
usdchf,2023-02-21T08:00:00+00:00,INVALIDATED,short,ARMED,two consecutive closes through touch extreme,,,,,,
usdchf,2023-02-21T12:00:00+00:00,GC,long,SEARCH_TOUCH,new long search,,,,,,
usdchf,2023-02-27T12:00:00+00:00,ARMED,long,ARMED,first EMA20 touch,2023-02-27T12:00:00+00:00,0.94106,,,,
usdchf,2023-02-28T20:00:00+00:00,TRIGGERED,long,ARMED,entry conditions satisfied,,0.94106,2023-02-28T20:00:00+00:00,True,True,False
usdchf,2023-03-12T20:00:00+00:00,DC,short,SEARCH_TOUCH,new short search,,,,,,
usdchf,2023-03-15T08:00:00+00:00,ARMED,short,ARMED,first EMA20 touch,2023-03-15T08:00:00+00:00,0.91415,,,,
usdchf,2023-03-15T16:00:00+00:00,BREACH_TOLERATED,short,ARMED,one close through touch extreme,,,,,,
usdchf,2023-03-15T20:00:00+00:00,INVALIDATED,short,ARMED,two consecutive closes through touch extreme,,,,,,
usdchf,2023-05-18T16:00:00+00:00,GC,long,SEARCH_TOUCH,new long search,,,,,,
usdchf,2023-05-19T12:00:00+00:00,ARMED,long,ARMED,first EMA20 touch,2023-05-19T12:00:00+00:00,0.90311,,,,
usdchf,2023-05-22T04:00:00+00:00,BREACH_TOLERATED,long,ARMED,one close through touch extreme,,,,,,
usdchf,2023-05-22T08:00:00+00:00,INVALIDATED,long,ARMED,two consecutive closes through touch extreme,,,,,,
usdchf,2023-06-15T12:00:00+00:00,DC,short,SEARCH_TOUCH,new short search,,,,,,
usdchf,2023-06-19T08:00:00+00:00,ARMED,short,ARMED,first EMA20 touch,2023-06-19T08:00:00+00:00,0.89332,,,,
usdchf,2023-06-20T08:00:00+00:00,BREACH_TOLERATED,short,ARMED,one close through touch extreme,,,,,,
usdchf,2023-06-20T12:00:00+00:00,INVALIDATED,short,ARMED,two consecutive closes through touch extreme,,,,,,
usdchf,2023-08-15T20:00:00+00:00,GC,long,SEARCH_TOUCH,new long search,,,,,,
usdchf,2023-08-17T08:00:00+00:00,ARMED,long,ARMED,first EMA20 touch,2023-08-17T08:00:00+00:00,0.87988,,,,
usdchf,2023-08-18T12:00:00+00:00,TRIGGERED,long,ARMED,entry conditions satisfied,,0.87988,2023-08-18T12:00:00+00:00,True,True,False
usdchf,2023-10-16T08:00:00+00:00,DC,short,SEARCH_TOUCH,new short search,,,,,,
usdchf,2023-10-17T08:00:00+00:00,ARMED,short,ARMED,first EMA20 touch,2023-10-17T08:00:00+00:00,0.89944,,,,
usdchf,2023-10-18T00:00:00+00:00,TRIGGERED,short,ARMED,entry conditions satisfied,,0.89944,2023-10-18T00:00:00+00:00,False,False,True
usdchf,2023-10-31T04:00:00+00:00,GC,long,SEARCH_TOUCH,new long search,,,,,,
usdchf,2023-10-31T08:00:00+00:00,ARMED,long,ARMED,first EMA20 touch,2023-10-31T08:00:00+00:00,0.90279,,,,
usdchf,2023-11-03T12:00:00+00:00,BREACH_TOLERATED,long,ARMED,one close through touch extreme,,,,,,
usdchf,2023-11-03T16:00:00+00:00,INVALIDATED,long,ARMED,two consecutive closes through touch extreme,,,,,,
usdchf,2023-11-06T12:00:00+00:00,DC,short,SEARCH_TOUCH,new short search,,,,,,
usdchf,2023-11-07T04:00:00+00:00,ARMED,short,ARMED,first EMA20 touch,2023-11-07T04:00:00+00:00,0.89942,,,,
usdchf,2023-11-08T04:00:00+00:00,BREACH_TOLERATED,short,ARMED,one close through touch extreme,,,,,,
usdchf,2023-11-08T12:00:00+00:00,TRIGGERED,short,ARMED,entry conditions satisfied,,0.89942,2023-11-08T12:00:00+00:00,False,False,True
usdchf,2023-11-10T12:00:00+00:00,GC,long,SEARCH_TOUCH,new long search,,,,,,
usdchf,2023-11-10T20:00:00+00:00,ARMED,long,ARMED,first EMA20 touch,2023-11-10T20:00:00+00:00,0.90285,,,,
usdchf,2023-11-13T20:00:00+00:00,BREACH_TOLERATED,long,ARMED,one close through touch extreme,,,,,,
usdchf,2023-11-14T12:00:00+00:00,REVERSE_CROSS_INVALIDATION,long,ARMED,reverse cross while armed,,,,,,
usdchf,2024-01-18T12:00:00+00:00,GC,long,SEARCH_TOUCH,new long search,,,,,,
usdchf,2024-01-23T00:00:00+00:00,ARMED,long,ARMED,first EMA20 touch,2024-01-23T00:00:00+00:00,0.86933,,,,
usdchf,2024-01-23T04:00:00+00:00,BREACH_TOLERATED,long,ARMED,one close through touch extreme,,,,,,
usdchf,2024-01-23T08:00:00+00:00,TRIGGERED,long,ARMED,entry conditions satisfied,,0.86933,2024-01-23T08:00:00+00:00,True,True,False
usdchf,2024-01-31T12:00:00+00:00,DC,short,SEARCH_TOUCH,new short search,,,,,,
usdchf,2024-01-31T20:00:00+00:00,ARMED,short,ARMED,first EMA20 touch,2024-01-31T20:00:00+00:00,0.85988,,,,
usdchf,2024-02-01T16:00:00+00:00,TRIGGERED,short,ARMED,entry conditions satisfied,,0.85988,2024-02-01T16:00:00+00:00,False,False,True
usdchf,2024-02-05T04:00:00+00:00,GC,long,SEARCH_TOUCH,new long search,,,,,,
usdchf,2024-02-12T04:00:00+00:00,ARMED,long,ARMED,first EMA20 touch,2024-02-12T04:00:00+00:00,0.87474,,,,
usdchf,2024-02-12T08:00:00+00:00,TRIGGERED,long,ARMED,entry conditions satisfied,,0.87474,2024-02-12T08:00:00+00:00,True,True,False
usdchf,2024-05-15T16:00:00+00:00,DC,short,SEARCH_TOUCH,new short search,,,,,,
usdchf,2024-05-16T12:00:00+00:00,ARMED,short,ARMED,first EMA20 touch,2024-05-16T12:00:00+00:00,0.90228,,,,
usdchf,2024-05-16T20:00:00+00:00,BREACH_TOLERATED,short,ARMED,one close through touch extreme,,,,,,
usdchf,2024-05-17T00:00:00+00:00,INVALIDATED,short,ARMED,two consecutive closes through touch extreme,,,,,,
usdchf,2024-05-17T20:00:00+00:00,GC,long,SEARCH_TOUCH,new long search,,,,,,
usdchf,2024-05-24T16:00:00+00:00,ARMED,long,ARMED,first EMA20 touch,2024-05-24T16:00:00+00:00,0.91476,,,,
usdchf,2024-05-27T12:00:00+00:00,BREACH_TOLERATED,long,ARMED,one close through touch extreme,,,,,,
usdchf,2024-05-27T20:00:00+00:00,BREACH_TOLERATED,long,ARMED,one close through touch extreme,,,,,,
usdchf,2024-05-28T00:00:00+00:00,INVALIDATED,long,ARMED,two consecutive closes through touch extreme,,,,,,
usdchf,2024-05-31T08:00:00+00:00,DC,short,SEARCH_TOUCH,new short search,,,,,,
usdchf,2024-06-07T12:00:00+00:00,ARMED,short,ARMED,first EMA20 touch,2024-06-07T12:00:00+00:00,0.88871,,,,
usdchf,2024-06-10T00:00:00+00:00,BREACH_TOLERATED,short,ARMED,one close through touch extreme,,,,,,
usdchf,2024-06-11T12:00:00+00:00,BREACH_TOLERATED,short,ARMED,one close through touch extreme,,,,,,
usdchf,2024-06-11T16:00:00+00:00,INVALIDATED,short,ARMED,two consecutive closes through touch extreme,,,,,,
usdchf,2024-07-01T00:00:00+00:00,GC,long,SEARCH_TOUCH,new long search,,,,,,
usdchf,2024-07-03T12:00:00+00:00,ARMED,long,ARMED,first EMA20 touch,2024-07-03T12:00:00+00:00,0.90335,,,,
usdchf,2024-07-05T00:00:00+00:00,BREACH_TOLERATED,long,ARMED,one close through touch extreme,,,,,,
usdchf,2024-07-05T04:00:00+00:00,INVALIDATED,long,ARMED,two consecutive closes through touch extreme,,,,,,
usdchf,2024-07-08T00:00:00+00:00,DC,short,SEARCH_TOUCH,new short search,,,,,,
usdchf,2024-07-09T00:00:00+00:00,ARMED,short,ARMED,first EMA20 touch,2024-07-09T00:00:00+00:00,0.89752,,,,
usdchf,2024-07-10T00:00:00+00:00,TRIGGERED,short,ARMED,entry conditions satisfied,,0.89752,2024-07-10T00:00:00+00:00,False,False,True
usdchf,2024-10-04T16:00:00+00:00,GC,long,SEARCH_TOUCH,new long search,,,,,,
usdchf,2024-10-07T12:00:00+00:00,ARMED,long,ARMED,first EMA20 touch,2024-10-07T12:00:00+00:00,0.85652,,,,
usdchf,2024-10-08T08:00:00+00:00,TRIGGERED,long,ARMED,entry conditions satisfied,,0.85652,2024-10-08T08:00:00+00:00,True,True,False
usdchf,2025-02-14T20:00:00+00:00,DC,short,SEARCH_TOUCH,new short search,,,,,,
usdchf,2025-02-18T04:00:00+00:00,ARMED,short,ARMED,first EMA20 touch,2025-02-18T04:00:00+00:00,0.901,,,,
usdchf,2025-02-18T16:00:00+00:00,BREACH_TOLERATED,short,ARMED,one close through touch extreme,,,,,,
usdchf,2025-02-18T20:00:00+00:00,INVALIDATED,short,ARMED,two consecutive closes through touch extreme,,,,,,
usdchf,2025-05-14T20:00:00+00:00,GC,long,SEARCH_TOUCH,new long search,,,,,,
usdchf,2025-05-15T04:00:00+00:00,ARMED,long,ARMED,first EMA20 touch,2025-05-15T04:00:00+00:00,0.84057,,,,
usdchf,2025-05-15T12:00:00+00:00,REVERSE_CROSS_INVALIDATION,long,ARMED,reverse cross while armed,,,,,,
usdchf,2025-07-30T12:00:00+00:00,GC,long,SEARCH_TOUCH,new long search,,,,,,
usdchf,2025-08-01T12:00:00+00:00,ARMED,long,ARMED,first EMA20 touch,2025-08-01T12:00:00+00:00,0.81692,,,,
usdchf,2025-08-22T12:00:00+00:00,BREACH_TOLERATED,long,ARMED,one close through touch extreme,,,,,,
usdchf,2025-08-22T16:00:00+00:00,INVALIDATED,long,ARMED,two consecutive closes through touch extreme,,,,,,
usdchf,2025-08-22T20:00:00+00:00,DC,short,SEARCH_TOUCH,new short search,,,,,,
usdchf,2025-08-25T16:00:00+00:00,ARMED,short,ARMED,first EMA20 touch,2025-08-25T16:00:00+00:00,0.80335,,,,
usdchf,2025-08-26T12:00:00+00:00,TRIGGERED,short,ARMED,entry conditions satisfied,,0.80335,2025-08-26T12:00:00+00:00,False,False,True
usdchf,2025-10-08T00:00:00+00:00,GC,long,SEARCH_TOUCH,new long search,,,,,,
usdchf,2025-10-10T12:00:00+00:00,ARMED,long,ARMED,first EMA20 touch,2025-10-10T12:00:00+00:00,0.80645,,,,
usdchf,2025-10-10T20:00:00+00:00,BREACH_TOLERATED,long,ARMED,one close through touch extreme,,,,,,
usdchf,2025-10-15T00:00:00+00:00,BREACH_TOLERATED,long,ARMED,one close through touch extreme,,,,,,
usdchf,2025-10-15T04:00:00+00:00,INVALIDATED,long,ARMED,two consecutive closes through touch extreme,,,,,,
usdchf,2025-10-16T20:00:00+00:00,DC,short,SEARCH_TOUCH,new short search,,,,,,
usdchf,2025-10-21T08:00:00+00:00,ARMED,short,ARMED,first EMA20 touch,2025-10-21T08:00:00+00:00,0.79257,,,,
usdchf,2025-10-21T16:00:00+00:00,BREACH_TOLERATED,short,ARMED,one close through touch extreme,,,,,,
usdchf,2025-10-21T20:00:00+00:00,INVALIDATED,short,ARMED,two consecutive closes through touch extreme,,,,,,
usdchf,2025-10-30T12:00:00+00:00,GC,long,SEARCH_TOUCH,new long search,,,,,,
usdchf,2025-11-06T12:00:00+00:00,ARMED,long,ARMED,first EMA20 touch,2025-11-06T12:00:00+00:00,0.8089,,,,
usdchf,2025-11-06T16:00:00+00:00,BREACH_TOLERATED,long,ARMED,one close through touch extreme,,,,,,
usdchf,2025-11-06T20:00:00+00:00,INVALIDATED,long,ARMED,two consecutive closes through touch extreme,,,,,,
usdchf,2025-11-13T08:00:00+00:00,DC,short,SEARCH_TOUCH,new short search,,,,,,
usdchf,2025-11-17T08:00:00+00:00,ARMED,short,ARMED,first EMA20 touch,2025-11-17T08:00:00+00:00,0.79316,,,,
usdchf,2025-11-17T16:00:00+00:00,BREACH_TOLERATED,short,ARMED,one close through touch extreme,,,,,,
usdchf,2025-11-17T20:00:00+00:00,INVALIDATED,short,ARMED,two consecutive closes through touch extreme,,,,,,
usdchf,2025-11-19T20:00:00+00:00,GC,long,SEARCH_TOUCH,new long search,,,,,,
usdchf,2025-11-25T12:00:00+00:00,ARMED,long,ARMED,first EMA20 touch,2025-11-25T12:00:00+00:00,0.81015,,,,
usdchf,2025-11-26T00:00:00+00:00,BREACH_TOLERATED,long,ARMED,one close through touch extreme,,,,,,
usdchf,2025-11-26T12:00:00+00:00,BREACH_TOLERATED,long,ARMED,one close through touch extreme,,,,,,
usdchf,2025-11-26T16:00:00+00:00,INVALIDATED,long,ARMED,two consecutive closes through touch extreme,,,,,,
usdchf,2025-12-04T08:00:00+00:00,DC,short,SEARCH_TOUCH,new short search,,,,,,
usdchf,2025-12-04T12:00:00+00:00,ARMED,short,ARMED,first EMA20 touch,2025-12-04T12:00:00+00:00,0.79957,,,,
usdchf,2025-12-04T16:00:00+00:00,BREACH_TOLERATED,short,ARMED,one close through touch extreme,,,,,,
usdchf,2025-12-04T20:00:00+00:00,REVERSE_CROSS_INVALIDATION,short,ARMED,reverse cross while armed,,,,,,
usdchf,2025-12-11T12:00:00+00:00,DC,short,SEARCH_TOUCH,new short search,,,,,,
usdchf,2025-12-15T16:00:00+00:00,ARMED,short,ARMED,first EMA20 touch,2025-12-15T16:00:00+00:00,0.795,,,,
usdchf,2025-12-17T04:00:00+00:00,BREACH_TOLERATED,short,ARMED,one close through touch extreme,,,,,,
usdchf,2025-12-19T16:00:00+00:00,TRIGGERED,short,ARMED,entry conditions satisfied,,0.795,2025-12-19T16:00:00+00:00,False,False,True
usdchf,2026-01-08T16:00:00+00:00,GC,long,SEARCH_TOUCH,new long search,,,,,,
usdchf,2026-01-12T00:00:00+00:00,ARMED,long,ARMED,first EMA20 touch,2026-01-12T00:00:00+00:00,0.8017,,,,
usdchf,2026-01-12T04:00:00+00:00,BREACH_TOLERATED,long,ARMED,one close through touch extreme,,,,,,
usdchf,2026-01-12T12:00:00+00:00,BREACH_TOLERATED,long,ARMED,one close through touch extreme,,,,,,
usdchf,2026-01-12T16:00:00+00:00,INVALIDATED,long,ARMED,two consecutive closes through touch extreme,,,,,,
usdchf,2026-01-20T16:00:00+00:00,DC,short,SEARCH_TOUCH,new short search,,,,,,
usdchf,2026-01-21T16:00:00+00:00,ARMED,short,ARMED,first EMA20 touch,2026-01-21T16:00:00+00:00,0.79232,,,,
usdchf,2026-01-22T12:00:00+00:00,TRIGGERED,short,ARMED,entry conditions satisfied,,0.79232,2026-01-22T12:00:00+00:00,False,False,True
usdchf,2026-03-03T16:00:00+00:00,GC,long,SEARCH_TOUCH,new long search,,,,,,
usdchf,2026-03-04T16:00:00+00:00,ARMED,long,ARMED,first EMA20 touch,2026-03-04T16:00:00+00:00,0.78054,,,,
usdchf,2026-03-05T12:00:00+00:00,TRIGGERED,long,ARMED,entry conditions satisfied,,0.78054,2026-03-05T12:00:00+00:00,True,True,False
usdchf,2026-04-14T00:00:00+00:00,DC,short,SEARCH_TOUCH,new short search,,,,,,
usdchf,2026-04-16T08:00:00+00:00,ARMED,short,ARMED,first EMA20 touch,2026-04-16T08:00:00+00:00,0.78186,,,,
usdchf,2026-04-20T12:00:00+00:00,TRIGGERED,short,ARMED,entry conditions satisfied,,0.78186,2026-04-20T12:00:00+00:00,False,False,True
usdchf,2026-04-28T20:00:00+00:00,GC,long,SEARCH_TOUCH,new long search,,,,,,
usdchf,2026-04-30T08:00:00+00:00,ARMED,long,ARMED,first EMA20 touch,2026-04-30T08:00:00+00:00,0.79045,,,,
usdchf,2026-04-30T12:00:00+00:00,BREACH_TOLERATED,long,ARMED,one close through touch extreme,,,,,,
usdchf,2026-04-30T16:00:00+00:00,INVALIDATED,long,ARMED,two consecutive closes through touch extreme,,,,,,
usdchf,2026-04-30T20:00:00+00:00,DC,short,SEARCH_TOUCH,new short search,,,,,,
usdchf,2026-05-04T08:00:00+00:00,ARMED,short,ARMED,first EMA20 touch,2026-05-04T08:00:00+00:00,0.78206,,,,
usdchf,2026-05-07T04:00:00+00:00,TRIGGERED,short,ARMED,entry conditions satisfied,,0.78206,2026-05-07T04:00:00+00:00,False,False,True
usdchf,2026-05-18T00:00:00+00:00,GC,long,SEARCH_TOUCH,new long search,,,,,,
usdchf,2026-05-18T12:00:00+00:00,ARMED,long,ARMED,first EMA20 touch,2026-05-18T12:00:00+00:00,0.78643,,,,
usdchf,2026-05-21T12:00:00+00:00,TRIGGERED,long,ARMED,entry conditions satisfied,,0.78643,2026-05-21T12:00:00+00:00,True,True,False
usdchf,2026-05-25T16:00:00+00:00,DC,short,SEARCH_TOUCH,new short search,,,,,,
usdchf,2026-05-26T04:00:00+00:00,ARMED,short,ARMED,first EMA20 touch,2026-05-26T04:00:00+00:00,0.78287,,,,
usdchf,2026-05-26T08:00:00+00:00,BREACH_TOLERATED,short,ARMED,one close through touch extreme,,,,,,
usdchf,2026-05-26T12:00:00+00:00,INVALIDATED,short,ARMED,two consecutive closes through touch extreme,,,,,,
usdchf,2026-05-26T16:00:00+00:00,GC,long,SEARCH_TOUCH,new long search,,,,,,
usdchf,2026-05-27T04:00:00+00:00,ARMED,long,ARMED,first EMA20 touch,2026-05-27T04:00:00+00:00,0.78576,,,,
usdchf,2026-05-28T12:00:00+00:00,BREACH_TOLERATED,long,ARMED,one close through touch extreme,,,,,,
usdchf,2026-05-28T16:00:00+00:00,INVALIDATED,long,ARMED,two consecutive closes through touch extreme,,,,,,
usdchf,2026-05-29T16:00:00+00:00,DC,short,SEARCH_TOUCH,new short search,,,,,,
usdchf,2026-06-01T08:00:00+00:00,ARMED,short,ARMED,first EMA20 touch,2026-06-01T08:00:00+00:00,0.78286,,,,
usdchf,2026-06-01T12:00:00+00:00,BREACH_TOLERATED,short,ARMED,one close through touch extreme,,,,,,
usdchf,2026-06-01T16:00:00+00:00,INVALIDATED,short,ARMED,two consecutive closes through touch extreme,,,,,,
usdchf,2026-06-02T08:00:00+00:00,GC,long,SEARCH_TOUCH,new long search,,,,,,
usdchf,2026-06-04T08:00:00+00:00,ARMED,long,ARMED,first EMA20 touch,2026-06-04T08:00:00+00:00,0.79189,,,,
usdchf,2026-06-05T12:00:00+00:00,TRIGGERED,long,ARMED,entry conditions satisfied,,0.79189,2026-06-05T12:00:00+00:00,True,True,False
usdchf,2026-08-19T16:00:00+00:00,DC,short,SEARCH_TOUCH,new short search,,,,,,
usdchf,2026-08-24T04:00:00+00:00,ARMED,short,ARMED,first EMA20 touch,2026-08-24T04:00:00+00:00,0.80003,,,,
usdchf,2026-08-24T12:00:00+00:00,BREACH_TOLERATED,short,ARMED,one close through touch extreme,,,,,,
usdchf,2026-08-24T16:00:00+00:00,INVALIDATED,short,ARMED,two consecutive closes through touch extreme,,,,,,
usdchf,2026-09-01T04:00:00+00:00,GC,long,SEARCH_TOUCH,new long search,,,,,,
usdchf,2026-09-03T04:00:00+00:00,ARMED,long,ARMED,first EMA20 touch,2026-09-03T04:00:00+00:00,0.81204,,,,
usdchf,2026-09-03T12:00:00+00:00,BREACH_TOLERATED,long,ARMED,one close through touch extreme,,,,,,
usdchf,2026-09-03T16:00:00+00:00,INVALIDATED,long,ARMED,two consecutive closes through touch extreme,,,,,,
audnzd,2021-01-04T00:00:00+00:00,DC,short,SEARCH_TOUCH,new short search,,,,,,
audnzd,2021-01-04T04:00:00+00:00,ARMED,short,ARMED,first EMA20 touch,2021-01-04T04:00:00+00:00,1.07011,,,,
audnzd,2021-01-04T12:00:00+00:00,TRIGGERED,short,ARMED,entry conditions satisfied,,1.07011,2021-01-04T12:00:00+00:00,False,False,True
audnzd,2021-01-11T16:00:00+00:00,GC,long,SEARCH_TOUCH,new long search,,,,,,
audnzd,2021-01-15T12:00:00+00:00,ARMED,long,ARMED,first EMA20 touch,2021-01-15T12:00:00+00:00,1.07937,,,,
audnzd,2021-01-21T20:00:00+00:00,BREACH_TOLERATED,long,ARMED,one close through touch extreme,,,,,,
audnzd,2021-01-22T00:00:00+00:00,INVALIDATED,long,ARMED,two consecutive closes through touch extreme,,,,,,
audnzd,2021-01-26T04:00:00+00:00,DC,short,SEARCH_TOUCH,new short search,,,,,,
audnzd,2021-01-28T12:00:00+00:00,ARMED,short,ARMED,first EMA20 touch,2021-01-28T12:00:00+00:00,1.0674,,,,
audnzd,2021-01-29T12:00:00+00:00,TRIGGERED,short,ARMED,entry conditions satisfied,,1.0674,2021-01-29T12:00:00+00:00,False,False,True
audnzd,2021-02-11T20:00:00+00:00,GC,long,SEARCH_TOUCH,new long search,,,,,,
audnzd,2021-02-16T04:00:00+00:00,ARMED,long,ARMED,first EMA20 touch,2021-02-16T04:00:00+00:00,1.07462,,,,
audnzd,2021-02-17T08:00:00+00:00,TRIGGERED,long,ARMED,entry conditions satisfied,,1.07462,2021-02-17T08:00:00+00:00,True,True,False
audnzd,2021-02-26T04:00:00+00:00,DC,short,SEARCH_TOUCH,new short search,,,,,,
audnzd,2021-03-01T08:00:00+00:00,ARMED,short,ARMED,first EMA20 touch,2021-03-01T08:00:00+00:00,1.06534,,,,
audnzd,2021-03-01T16:00:00+00:00,BREACH_TOLERATED,short,ARMED,one close through touch extreme,,,,,,
audnzd,2021-03-02T00:00:00+00:00,BREACH_TOLERATED,short,ARMED,one close through touch extreme,,,,,,
audnzd,2021-03-02T04:00:00+00:00,INVALIDATED,short,ARMED,two consecutive closes through touch extreme,,,,,,
audnzd,2021-03-04T00:00:00+00:00,GC,long,SEARCH_TOUCH,new long search,,,,,,
audnzd,2021-03-04T20:00:00+00:00,ARMED,long,ARMED,first EMA20 touch,2021-03-04T20:00:00+00:00,1.07496,,,,
audnzd,2021-03-05T00:00:00+00:00,TRIGGERED,long,ARMED,entry conditions satisfied,,1.07496,2021-03-05T00:00:00+00:00,True,True,False
audnzd,2021-04-14T20:00:00+00:00,DC,short,SEARCH_TOUCH,new short search,,,,,,
audnzd,2021-04-15T00:00:00+00:00,ARMED,short,ARMED,first EMA20 touch,2021-04-15T00:00:00+00:00,1.07946,,,,
audnzd,2021-04-16T12:00:00+00:00,BREACH_TOLERATED,short,ARMED,one close through touch extreme,,,,,,
audnzd,2021-04-16T16:00:00+00:00,INVALIDATED,short,ARMED,two consecutive closes through touch extreme,,,,,,
audnzd,2021-06-09T08:00:00+00:00,GC,long,SEARCH_TOUCH,new long search,,,,,,
audnzd,2021-06-15T00:00:00+00:00,ARMED,long,ARMED,first EMA20 touch,2021-06-15T00:00:00+00:00,1.08004,,,,
audnzd,2021-06-15T04:00:00+00:00,BREACH_TOLERATED,long,ARMED,one close through touch extreme,,,,,,
audnzd,2021-06-16T20:00:00+00:00,BREACH_TOLERATED,long,ARMED,one close through touch extreme,,,,,,
audnzd,2021-06-17T00:00:00+00:00,INVALIDATED,long,ARMED,two consecutive closes through touch extreme,,,,,,
audnzd,2021-06-24T08:00:00+00:00,DC,short,SEARCH_TOUCH,new short search,,,,,,
audnzd,2021-06-25T16:00:00+00:00,ARMED,short,ARMED,first EMA20 touch,2021-06-25T16:00:00+00:00,1.07348,,,,
audnzd,2021-06-29T00:00:00+00:00,BREACH_TOLERATED,short,ARMED,one close through touch extreme,,,,,,
audnzd,2021-06-29T04:00:00+00:00,INVALIDATED,short,ARMED,two consecutive closes through touch extreme,,,,,,
audnzd,2021-09-29T12:00:00+00:00,GC,long,SEARCH_TOUCH,new long search,,,,,,
audnzd,2021-10-04T04:00:00+00:00,ARMED,long,ARMED,first EMA20 touch,2021-10-04T04:00:00+00:00,1.04735,,,,
audnzd,2021-10-04T08:00:00+00:00,BREACH_TOLERATED,long,ARMED,one close through touch extreme,,,,,,
audnzd,2021-10-05T08:00:00+00:00,BREACH_TOLERATED,long,ARMED,one close through touch extreme,,,,,,
audnzd,2021-10-06T08:00:00+00:00,TRIGGERED,long,ARMED,entry conditions satisfied,,1.04735,2021-10-06T08:00:00+00:00,True,True,False
audnzd,2021-10-20T16:00:00+00:00,DC,short,SEARCH_TOUCH,new short search,,,,,,
audnzd,2021-10-21T00:00:00+00:00,ARMED,short,ARMED,first EMA20 touch,2021-10-21T00:00:00+00:00,1.04389,,,,
audnzd,2021-10-21T16:00:00+00:00,TRIGGERED,short,ARMED,entry conditions satisfied,,1.04389,2021-10-21T16:00:00+00:00,False,False,True
audnzd,2021-10-27T00:00:00+00:00,GC,long,SEARCH_TOUCH,new long search,,,,,,
audnzd,2021-10-27T16:00:00+00:00,ARMED,long,ARMED,first EMA20 touch,2021-10-27T16:00:00+00:00,1.04867,,,,
audnzd,2021-10-27T20:00:00+00:00,BREACH_TOLERATED,long,ARMED,one close through touch extreme,,,,,,
audnzd,2021-10-28T00:00:00+00:00,INVALIDATED,long,ARMED,two consecutive closes through touch extreme,,,,,,
audnzd,2021-11-02T16:00:00+00:00,DC,short,SEARCH_TOUCH,new short search,,,,,,
audnzd,2021-11-05T04:00:00+00:00,ARMED,short,ARMED,first EMA20 touch,2021-11-05T04:00:00+00:00,1.0418,,,,
audnzd,2021-11-05T08:00:00+00:00,TRIGGERED,short,ARMED,entry conditions satisfied,,1.0418,2021-11-05T08:00:00+00:00,False,False,True
audnzd,2021-11-25T00:00:00+00:00,GC,long,SEARCH_TOUCH,new long search,,,,,,
audnzd,2021-11-26T08:00:00+00:00,ARMED,long,ARMED,first EMA20 touch,2021-11-26T08:00:00+00:00,1.04701,,,,
audnzd,2021-11-26T12:00:00+00:00,BREACH_TOLERATED,long,ARMED,one close through touch extreme,,,,,,
audnzd,2021-11-26T16:00:00+00:00,INVALIDATED,long,ARMED,two consecutive closes through touch extreme,,,,,,
audnzd,2021-12-03T08:00:00+00:00,DC,short,SEARCH_TOUCH,new short search,,,,,,
audnzd,2021-12-06T08:00:00+00:00,ARMED,short,ARMED,first EMA20 touch,2021-12-06T08:00:00+00:00,1.03949,,,,
audnzd,2021-12-06T12:00:00+00:00,BREACH_TOLERATED,short,ARMED,one close through touch extreme,,,,,,
audnzd,2021-12-06T16:00:00+00:00,INVALIDATED,short,ARMED,two consecutive closes through touch extreme,,,,,,
audnzd,2021-12-07T08:00:00+00:00,GC,long,SEARCH_TOUCH,new long search,,,,,,
audnzd,2021-12-12T20:00:00+00:00,ARMED,long,ARMED,first EMA20 touch,2021-12-12T20:00:00+00:00,1.05495,,,,
audnzd,2021-12-13T00:00:00+00:00,TRIGGERED,long,ARMED,entry conditions satisfied,,1.05495,2021-12-13T00:00:00+00:00,True,True,False
audnzd,2022-03-09T08:00:00+00:00,DC,short,SEARCH_TOUCH,new short search,,,,,,
audnzd,2022-03-09T12:00:00+00:00,ARMED,short,ARMED,first EMA20 touch,2022-03-09T12:00:00+00:00,1.06944,,,,
audnzd,2022-03-10T04:00:00+00:00,BREACH_TOLERATED,short,ARMED,one close through touch extreme,,,,,,
audnzd,2022-03-10T16:00:00+00:00,REVERSE_CROSS_INVALIDATION,short,ARMED,reverse cross while armed,,,,,,
audnzd,2022-03-11T12:00:00+00:00,DC,short,SEARCH_TOUCH,new short search,,,,,,
audnzd,2022-03-11T16:00:00+00:00,REVERSE_CROSS_INVALIDATION,short,SEARCH_TOUCH,reverse cross before touch,,,,,,
audnzd,2022-03-14T00:00:00+00:00,DC,short,SEARCH_TOUCH,new short search,,,,,,
audnzd,2022-03-16T12:00:00+00:00,ARMED,short,ARMED,first EMA20 touch,2022-03-16T12:00:00+00:00,1.06476,,,,
audnzd,2022-03-16T20:00:00+00:00,BREACH_TOLERATED,short,ARMED,one close through touch extreme,,,,,,
audnzd,2022-03-17T00:00:00+00:00,INVALIDATED,short,ARMED,two consecutive closes through touch extreme,,,,,,
audnzd,2022-03-20T20:00:00+00:00,GC,long,SEARCH_TOUCH,new long search,,,,,,
audnzd,2022-03-21T08:00:00+00:00,ARMED,long,ARMED,first EMA20 touch,2022-03-21T08:00:00+00:00,1.07283,,,,
audnzd,2022-03-25T20:00:00+00:00,TRIGGERED,long,ARMED,entry conditions satisfied,,1.07283,2022-03-25T20:00:00+00:00,True,True,True
audnzd,2022-05-25T12:00:00+00:00,DC,short,SEARCH_TOUCH,new short search,,,,,,
audnzd,2022-05-26T12:00:00+00:00,ARMED,short,ARMED,first EMA20 touch,2022-05-26T12:00:00+00:00,1.09432,,,,
audnzd,2022-05-30T04:00:00+00:00,BREACH_TOLERATED,short,ARMED,one close through touch extreme,,,,,,
audnzd,2022-05-30T12:00:00+00:00,BREACH_TOLERATED,short,ARMED,one close through touch extreme,,,,,,
audnzd,2022-05-30T16:00:00+00:00,INVALIDATED,short,ARMED,two consecutive closes through touch extreme,,,,,,
audnzd,2022-05-31T12:00:00+00:00,GC,long,SEARCH_TOUCH,new long search,,,,,,
audnzd,2022-06-06T08:00:00+00:00,ARMED,long,ARMED,first EMA20 touch,2022-06-06T08:00:00+00:00,1.10673,,,,
audnzd,2022-06-06T20:00:00+00:00,TRIGGERED,long,ARMED,entry conditions satisfied,,1.10673,2022-06-06T20:00:00+00:00,True,True,False
audnzd,2022-06-20T16:00:00+00:00,DC,short,SEARCH_TOUCH,new short search,,,,,,
audnzd,2022-06-21T16:00:00+00:00,ARMED,short,ARMED,first EMA20 touch,2022-06-21T16:00:00+00:00,1.0989,,,,
audnzd,2022-06-21T20:00:00+00:00,BREACH_TOLERATED,short,ARMED,one close through touch extreme,,,,,,
audnzd,2022-06-22T00:00:00+00:00,INVALIDATED,short,ARMED,two consecutive closes through touch extreme,,,,,,
audnzd,2022-06-29T08:00:00+00:00,GC,long,SEARCH_TOUCH,new long search,,,,,,
audnzd,2022-06-29T20:00:00+00:00,ARMED,long,ARMED,first EMA20 touch,2022-06-29T20:00:00+00:00,1.10603,,,,
audnzd,2022-07-01T04:00:00+00:00,BREACH_TOLERATED,long,ARMED,one close through touch extreme,,,,,,
audnzd,2022-07-01T08:00:00+00:00,INVALIDATED,long,ARMED,two consecutive closes through touch extreme,,,,,,
audnzd,2022-07-01T20:00:00+00:00,DC,short,SEARCH_TOUCH,new short search,,,,,,
audnzd,2022-07-04T08:00:00+00:00,ARMED,short,ARMED,first EMA20 touch,2022-07-04T08:00:00+00:00,1.09922,,,,
audnzd,2022-07-04T12:00:00+00:00,BREACH_TOLERATED,short,ARMED,one close through touch extreme,,,,,,
audnzd,2022-07-04T16:00:00+00:00,INVALIDATED,short,ARMED,two consecutive closes through touch extreme,,,,,,
audnzd,2022-07-05T00:00:00+00:00,GC,long,SEARCH_TOUCH,new long search,,,,,,
audnzd,2022-07-05T04:00:00+00:00,ARMED,long,ARMED,first EMA20 touch,2022-07-05T04:00:00+00:00,1.10755,,,,
audnzd,2022-07-05T20:00:00+00:00,REVERSE_CROSS_INVALIDATION,long,ARMED,reverse cross while armed,,,,,,
audnzd,2022-07-06T00:00:00+00:00,GC,long,SEARCH_TOUCH,new long search,,,,,,
audnzd,2022-07-06T04:00:00+00:00,ARMED,long,ARMED,first EMA20 touch,2022-07-06T04:00:00+00:00,1.10364,,,,
audnzd,2022-07-11T12:00:00+00:00,BREACH_TOLERATED,long,ARMED,one close through touch extreme,,,,,,
audnzd,2022-07-11T20:00:00+00:00,BREACH_TOLERATED,long,ARMED,one close through touch extreme,,,,,,
audnzd,2022-07-12T00:00:00+00:00,INVALIDATED,long,ARMED,two consecutive closes through touch extreme,,,,,,
audnzd,2022-07-15T00:00:00+00:00,DC,short,SEARCH_TOUCH,new short search,,,,,,
audnzd,2022-07-15T12:00:00+00:00,ARMED,short,ARMED,first EMA20 touch,2022-07-15T12:00:00+00:00,1.09956,,,,
audnzd,2022-07-15T16:00:00+00:00,BREACH_TOLERATED,short,ARMED,one close through touch extreme,,,,,,
audnzd,2022-07-18T04:00:00+00:00,BREACH_TOLERATED,short,ARMED,one close through touch extreme,,,,,,
audnzd,2022-07-18T08:00:00+00:00,INVALIDATED,short,ARMED,two consecutive closes through touch extreme,,,,,,
audnzd,2022-07-18T12:00:00+00:00,GC,long,SEARCH_TOUCH,new long search,,,,,,
audnzd,2022-07-20T00:00:00+00:00,ARMED,long,ARMED,first EMA20 touch,2022-07-20T00:00:00+00:00,1.10697,,,,
audnzd,2022-07-26T08:00:00+00:00,TRIGGERED,long,ARMED,entry conditions satisfied,,1.10697,2022-07-26T08:00:00+00:00,True,True,True
audnzd,2022-08-11T08:00:00+00:00,DC,short,SEARCH_TOUCH,new short search,,,,,,
audnzd,2022-08-14T20:00:00+00:00,ARMED,short,ARMED,first EMA20 touch,2022-08-14T20:00:00+00:00,1.10114,,,,
audnzd,2022-08-15T00:00:00+00:00,BREACH_TOLERATED,short,ARMED,one close through touch extreme,,,,,,
audnzd,2022-08-15T04:00:00+00:00,INVALIDATED,short,ARMED,two consecutive closes through touch extreme,,,,,,
audnzd,2022-08-19T08:00:00+00:00,GC,long,SEARCH_TOUCH,new long search,,,,,,
audnzd,2022-08-21T20:00:00+00:00,ARMED,long,ARMED,first EMA20 touch,2022-08-21T20:00:00+00:00,1.11367,,,,
audnzd,2022-08-22T08:00:00+00:00,TRIGGERED,long,ARMED,entry conditions satisfied,,1.11367,2022-08-22T08:00:00+00:00,True,True,False
audnzd,2022-10-12T00:00:00+00:00,DC,short,SEARCH_TOUCH,new short search,,,,,,
audnzd,2022-10-17T00:00:00+00:00,ARMED,short,ARMED,first EMA20 touch,2022-10-17T00:00:00+00:00,1.11507,,,,
audnzd,2022-10-17T20:00:00+00:00,TRIGGERED,short,ARMED,entry conditions satisfied,,1.11507,2022-10-17T20:00:00+00:00,False,False,True
audnzd,2023-01-02T12:00:00+00:00,GC,long,SEARCH_TOUCH,new long search,,,,,,
audnzd,2023-01-02T20:00:00+00:00,ARMED,long,ARMED,first EMA20 touch,2023-01-02T20:00:00+00:00,1.07656,,,,
audnzd,2023-01-03T04:00:00+00:00,TRIGGERED,long,ARMED,entry conditions satisfied,,1.07656,2023-01-03T04:00:00+00:00,True,True,False
audnzd,2023-02-28T16:00:00+00:00,DC,short,SEARCH_TOUCH,new short search,,,,,,
audnzd,2023-03-03T08:00:00+00:00,ARMED,short,ARMED,first EMA20 touch,2023-03-03T08:00:00+00:00,1.08368,,,,
audnzd,2023-03-03T12:00:00+00:00,BREACH_TOLERATED,short,ARMED,one close through touch extreme,,,,,,
audnzd,2023-03-03T16:00:00+00:00,INVALIDATED,short,ARMED,two consecutive closes through touch extreme,,,,,,
audnzd,2023-04-13T04:00:00+00:00,GC,long,SEARCH_TOUCH,new long search,,,,,,
audnzd,2023-04-13T20:00:00+00:00,ARMED,long,ARMED,first EMA20 touch,2023-04-13T20:00:00+00:00,1.07743,,,,
audnzd,2023-04-15T20:00:00+00:00,TRIGGERED,long,ARMED,entry conditions satisfied,,1.07743,2023-04-15T20:00:00+00:00,True,True,False
audnzd,2023-04-28T04:00:00+00:00,DC,short,SEARCH_TOUCH,new short search,,,,,,
audnzd,2023-05-01T00:00:00+00:00,ARMED,short,ARMED,first EMA20 touch,2023-05-01T00:00:00+00:00,1.07091,,,,
audnzd,2023-05-01T04:00:00+00:00,BREACH_TOLERATED,short,ARMED,one close through touch extreme,,,,,,
audnzd,2023-05-01T08:00:00+00:00,INVALIDATED,short,ARMED,two consecutive closes through touch extreme,,,,,,
audnzd,2023-05-26T12:00:00+00:00,GC,long,SEARCH_TOUCH,new long search,,,,,,
audnzd,2023-05-31T12:00:00+00:00,ARMED,long,ARMED,first EMA20 touch,2023-05-31T12:00:00+00:00,1.08063,,,,
audnzd,2023-06-01T04:00:00+00:00,TRIGGERED,long,ARMED,entry conditions satisfied,,1.08063,2023-06-01T04:00:00+00:00,True,True,True
audnzd,2023-06-24T12:00:00+00:00,DC,short,SEARCH_TOUCH,new short search,,,,,,
audnzd,2023-06-25T20:00:00+00:00,ARMED,short,ARMED,first EMA20 touch,2023-06-25T20:00:00+00:00,1.0855,,,,
audnzd,2023-06-26T00:00:00+00:00,TRIGGERED,short,ARMED,entry conditions satisfied,,1.0855,2023-06-26T00:00:00+00:00,False,False,True
audnzd,2023-07-20T20:00:00+00:00,GC,long,SEARCH_TOUCH,new long search,,,,,,
audnzd,2023-07-24T04:00:00+00:00,ARMED,long,ARMED,first EMA20 touch,2023-07-24T04:00:00+00:00,1.09138,,,,
audnzd,2023-07-24T20:00:00+00:00,BREACH_TOLERATED,long,ARMED,one close through touch extreme,,,,,,
audnzd,2023-07-26T08:00:00+00:00,BREACH_TOLERATED,long,ARMED,one close through touch extreme,,,,,,
audnzd,2023-07-27T08:00:00+00:00,BREACH_TOLERATED,long,ARMED,one close through touch extreme,,,,,,
audnzd,2023-07-27T12:00:00+00:00,INVALIDATED,long,ARMED,two consecutive closes through touch extreme,,,,,,
audnzd,2023-07-28T20:00:00+00:00,DC,short,SEARCH_TOUCH,new short search,,,,,,
audnzd,2023-07-31T12:00:00+00:00,ARMED,short,ARMED,first EMA20 touch,2023-07-31T12:00:00+00:00,1.0803,,,,
audnzd,2023-08-02T12:00:00+00:00,TRIGGERED,short,ARMED,entry conditions satisfied,,1.0803,2023-08-02T12:00:00+00:00,False,False,True
audnzd,2023-08-11T16:00:00+00:00,GC,long,SEARCH_TOUCH,new long search,,,,,,
audnzd,2023-08-13T20:00:00+00:00,ARMED,long,ARMED,first EMA20 touch,2023-08-13T20:00:00+00:00,1.08545,,,,
audnzd,2023-08-16T00:00:00+00:00,BREACH_TOLERATED,long,ARMED,one close through touch extreme,,,,,,
audnzd,2023-08-16T04:00:00+00:00,INVALIDATED,long,ARMED,two consecutive closes through touch extreme,,,,,,
audnzd,2023-08-17T20:00:00+00:00,DC,short,SEARCH_TOUCH,new short search,,,,,,
audnzd,2023-08-18T20:00:00+00:00,ARMED,short,ARMED,first EMA20 touch,2023-08-18T20:00:00+00:00,1.08045,,,,
audnzd,2023-08-20T20:00:00+00:00,BREACH_TOLERATED,short,ARMED,one close through touch extreme,,,,,,
audnzd,2023-08-21T00:00:00+00:00,INVALIDATED,short,ARMED,two consecutive closes through touch extreme,,,,,,
audnzd,2023-08-23T20:00:00+00:00,GC,long,SEARCH_TOUCH,new long search,,,,,,
audnzd,2023-08-24T20:00:00+00:00,ARMED,long,ARMED,first EMA20 touch,2023-08-24T20:00:00+00:00,1.08411,,,,
audnzd,2023-08-27T20:00:00+00:00,TRIGGERED,long,ARMED,entry conditions satisfied,,1.08411,2023-08-27T20:00:00+00:00,True,True,False
audnzd,2023-09-22T00:00:00+00:00,DC,short,SEARCH_TOUCH,new short search,,,,,,
audnzd,2023-09-28T12:00:00+00:00,ARMED,short,ARMED,first EMA20 touch,2023-09-28T12:00:00+00:00,1.07337,,,,
audnzd,2023-09-28T16:00:00+00:00,BREACH_TOLERATED,short,ARMED,one close through touch extreme,,,,,,
audnzd,2023-09-28T20:00:00+00:00,INVALIDATED,short,ARMED,two consecutive closes through touch extreme,,,,,,
audnzd,2023-10-18T12:00:00+00:00,GC,long,SEARCH_TOUCH,new long search,,,,,,
audnzd,2023-10-22T20:00:00+00:00,ARMED,long,ARMED,first EMA20 touch,2023-10-22T20:00:00+00:00,1.08428,,,,
audnzd,2023-10-24T08:00:00+00:00,TRIGGERED,long,ARMED,entry conditions satisfied,,1.08428,2023-10-24T08:00:00+00:00,True,True,False
audnzd,2023-11-10T04:00:00+00:00,DC,short,SEARCH_TOUCH,new short search,,,,,,
audnzd,2023-11-13T04:00:00+00:00,ARMED,short,ARMED,first EMA20 touch,2023-11-13T04:00:00+00:00,1.07901,,,,
audnzd,2023-11-13T08:00:00+00:00,BREACH_TOLERATED,short,ARMED,one close through touch extreme,,,,,,
audnzd,2023-11-13T12:00:00+00:00,INVALIDATED,short,ARMED,two consecutive closes through touch extreme,,,,,,
audnzd,2023-11-14T04:00:00+00:00,GC,long,SEARCH_TOUCH,new long search,,,,,,
audnzd,2023-11-14T16:00:00+00:00,ARMED,long,ARMED,first EMA20 touch,2023-11-14T16:00:00+00:00,1.08501,,,,
audnzd,2023-11-14T20:00:00+00:00,BREACH_TOLERATED,long,ARMED,one close through touch extreme,,,,,,
audnzd,2023-11-15T00:00:00+00:00,INVALIDATED,long,ARMED,two consecutive closes through touch extreme,,,,,,
audnzd,2023-11-15T04:00:00+00:00,DC,short,SEARCH_TOUCH,new short search,,,,,,
audnzd,2023-11-15T12:00:00+00:00,ARMED,short,ARMED,first EMA20 touch,2023-11-15T12:00:00+00:00,1.07965,,,,
audnzd,2023-11-16T04:00:00+00:00,BREACH_TOLERATED,short,ARMED,one close through touch extreme,,,,,,
audnzd,2023-11-16T08:00:00+00:00,INVALIDATED,short,ARMED,two consecutive closes through touch extreme,,,,,,
audnzd,2023-11-17T00:00:00+00:00,GC,long,SEARCH_TOUCH,new long search,,,,,,
audnzd,2023-11-20T00:00:00+00:00,ARMED,long,ARMED,first EMA20 touch,2023-11-20T00:00:00+00:00,1.08699,,,,
audnzd,2023-11-21T00:00:00+00:00,BREACH_TOLERATED,long,ARMED,one close through touch extreme,,,,,,
audnzd,2023-11-21T04:00:00+00:00,INVALIDATED,long,ARMED,two consecutive closes through touch extreme,,,,,,
audnzd,2023-11-29T00:00:00+00:00,DC,short,SEARCH_TOUCH,new short search,,,,,,
audnzd,2023-12-01T16:00:00+00:00,ARMED,short,ARMED,first EMA20 touch,2023-12-01T16:00:00+00:00,1.07428,,,,
audnzd,2023-12-05T00:00:00+00:00,TRIGGERED,short,ARMED,entry conditions satisfied,,1.07428,2023-12-05T00:00:00+00:00,False,False,True
audnzd,2023-12-19T00:00:00+00:00,GC,long,SEARCH_TOUCH,new long search,,,,,,
audnzd,2023-12-19T04:00:00+00:00,ARMED,long,ARMED,first EMA20 touch,2023-12-19T04:00:00+00:00,1.07939,,,,
audnzd,2023-12-20T04:00:00+00:00,BREACH_TOLERATED,long,ARMED,one close through touch extreme,,,,,,
audnzd,2023-12-20T08:00:00+00:00,INVALIDATED,long,ARMED,two consecutive closes through touch extreme,,,,,,
audnzd,2023-12-20T12:00:00+00:00,DC,short,SEARCH_TOUCH,new short search,,,,,,
audnzd,2023-12-20T20:00:00+00:00,ARMED,short,ARMED,first EMA20 touch,2023-12-20T20:00:00+00:00,1.07582,,,,
audnzd,2023-12-21T00:00:00+00:00,BREACH_TOLERATED,short,ARMED,one close through touch extreme,,,,,,
audnzd,2023-12-21T04:00:00+00:00,REVERSE_CROSS_INVALIDATION,short,ARMED,reverse cross while armed,,,,,,
audnzd,2023-12-29T20:00:00+00:00,DC,short,SEARCH_TOUCH,new short search,,,,,,
audnzd,2024-01-01T20:00:00+00:00,ARMED,short,ARMED,first EMA20 touch,2024-01-01T20:00:00+00:00,1.0756,,,,
audnzd,2024-01-02T00:00:00+00:00,REVERSE_CROSS_INVALIDATION,short,ARMED,reverse cross while armed,,,,,,
audnzd,2024-01-04T12:00:00+00:00,DC,short,SEARCH_TOUCH,new short search,,,,,,
audnzd,2024-01-08T20:00:00+00:00,ARMED,short,ARMED,first EMA20 touch,2024-01-08T20:00:00+00:00,1.07057,,,,
audnzd,2024-01-10T16:00:00+00:00,BREACH_TOLERATED,short,ARMED,one close through touch extreme,,,,,,
audnzd,2024-01-10T20:00:00+00:00,INVALIDATED,short,ARMED,two consecutive closes through touch extreme,,,,,,
audnzd,2024-01-22T08:00:00+00:00,GC,long,SEARCH_TOUCH,new long search,,,,,,
audnzd,2024-01-23T20:00:00+00:00,ARMED,long,ARMED,first EMA20 touch,2024-01-23T20:00:00+00:00,1.08086,,,,
audnzd,2024-01-24T08:00:00+00:00,BREACH_TOLERATED,long,ARMED,one close through touch extreme,,,,,,
audnzd,2024-01-24T16:00:00+00:00,BREACH_TOLERATED,long,ARMED,one close through touch extreme,,,,,,
audnzd,2024-01-24T20:00:00+00:00,INVALIDATED,long,ARMED,two consecutive closes through touch extreme,,,,,,
audnzd,2024-01-31T08:00:00+00:00,DC,short,SEARCH_TOUCH,new short search,,,,,,
audnzd,2024-02-02T08:00:00+00:00,ARMED,short,ARMED,first EMA20 touch,2024-02-02T08:00:00+00:00,1.07142,,,,
audnzd,2024-02-05T12:00:00+00:00,TRIGGERED,short,ARMED,entry conditions satisfied,,1.07142,2024-02-05T12:00:00+00:00,False,False,True
audnzd,2024-03-06T00:00:00+00:00,GC,long,SEARCH_TOUCH,new long search,,,,,,
audnzd,2024-03-06T12:00:00+00:00,ARMED,long,ARMED,first EMA20 touch,2024-03-06T12:00:00+00:00,1.07176,,,,
audnzd,2024-03-08T08:00:00+00:00,TRIGGERED,long,ARMED,entry conditions satisfied,,1.07176,2024-03-08T08:00:00+00:00,True,True,False
audnzd,2024-05-17T08:00:00+00:00,DC,short,SEARCH_TOUCH,new short search,,,,,,
audnzd,2024-05-20T00:00:00+00:00,ARMED,short,ARMED,first EMA20 touch,2024-05-20T00:00:00+00:00,1.09167,,,,
audnzd,2024-05-22T08:00:00+00:00,TRIGGERED,short,ARMED,entry conditions satisfied,,1.09167,2024-05-22T08:00:00+00:00,False,False,True
audnzd,2024-06-20T00:00:00+00:00,GC,long,SEARCH_TOUCH,new long search,,,,,,
audnzd,2024-06-20T20:00:00+00:00,ARMED,long,ARMED,first EMA20 touch,2024-06-20T20:00:00+00:00,1.088,,,,
audnzd,2024-06-26T16:00:00+00:00,TRIGGERED,long,ARMED,entry conditions satisfied,,1.088,2024-06-26T16:00:00+00:00,True,True,True
audnzd,2024-08-01T16:00:00+00:00,DC,short,SEARCH_TOUCH,new short search,,,,,,
audnzd,2024-08-05T16:00:00+00:00,ARMED,short,ARMED,first EMA20 touch,2024-08-05T16:00:00+00:00,1.09324,,,,
audnzd,2024-08-06T04:00:00+00:00,BREACH_TOLERATED,short,ARMED,one close through touch extreme,,,,,,
audnzd,2024-08-06T16:00:00+00:00,BREACH_TOLERATED,short,ARMED,one close through touch extreme,,,,,,
audnzd,2024-08-07T16:00:00+00:00,TRIGGERED,short,ARMED,entry conditions satisfied,,1.09324,2024-08-07T16:00:00+00:00,False,False,True
audnzd,2024-08-15T16:00:00+00:00,GC,long,SEARCH_TOUCH,new long search,,,,,,
audnzd,2024-08-16T08:00:00+00:00,ARMED,long,ARMED,first EMA20 touch,2024-08-16T08:00:00+00:00,1.10262,,,,
audnzd,2024-08-20T00:00:00+00:00,BREACH_TOLERATED,long,ARMED,one close through touch extreme,,,,,,
audnzd,2024-08-20T04:00:00+00:00,INVALIDATED,long,ARMED,two consecutive closes through touch extreme,,,,,,
audnzd,2024-08-20T20:00:00+00:00,DC,short,SEARCH_TOUCH,new short search,,,,,,
audnzd,2024-08-28T00:00:00+00:00,ARMED,short,ARMED,first EMA20 touch,2024-08-28T00:00:00+00:00,1.08605,,,,
audnzd,2024-08-30T12:00:00+00:00,TRIGGERED,short,ARMED,entry conditions satisfied,,1.08605,2024-08-30T12:00:00+00:00,False,False,True
audnzd,2024-09-20T00:00:00+00:00,GC,long,SEARCH_TOUCH,new long search,,,,,,
audnzd,2024-09-20T04:00:00+00:00,ARMED,long,ARMED,first EMA20 touch,2024-09-20T04:00:00+00:00,1.09268,,,,
audnzd,2024-09-23T20:00:00+00:00,BREACH_TOLERATED,long,ARMED,one close through touch extreme,,,,,,
audnzd,2024-09-24T04:00:00+00:00,BREACH_TOLERATED,long,ARMED,one close through touch extreme,,,,,,
audnzd,2024-09-24T08:00:00+00:00,INVALIDATED,long,ARMED,two consecutive closes through touch extreme,,,,,,
audnzd,2024-09-24T16:00:00+00:00,DC,short,SEARCH_TOUCH,new short search,,,,,,
audnzd,2024-09-25T20:00:00+00:00,ARMED,short,ARMED,first EMA20 touch,2024-09-25T20:00:00+00:00,1.08815,,,,
audnzd,2024-09-26T00:00:00+00:00,BREACH_TOLERATED,short,ARMED,one close through touch extreme,,,,,,
audnzd,2024-09-26T04:00:00+00:00,INVALIDATED,short,ARMED,two consecutive closes through touch extreme,,,,,,
audnzd,2024-10-01T08:00:00+00:00,GC,long,SEARCH_TOUCH,new long search,,,,,,
audnzd,2024-10-06T20:00:00+00:00,ARMED,long,ARMED,first EMA20 touch,2024-10-06T20:00:00+00:00,1.10431,,,,
audnzd,2024-10-08T00:00:00+00:00,BREACH_TOLERATED,long,ARMED,one close through touch extreme,,,,,,
audnzd,2024-10-08T04:00:00+00:00,INVALIDATED,long,ARMED,two consecutive closes through touch extreme,,,,,,
audnzd,2024-10-30T04:00:00+00:00,DC,short,SEARCH_TOUCH,new short search,,,,,,
audnzd,2024-10-30T12:00:00+00:00,ARMED,short,ARMED,first EMA20 touch,2024-10-30T12:00:00+00:00,1.09877,,,,
audnzd,2024-10-31T16:00:00+00:00,BREACH_TOLERATED,short,ARMED,one close through touch extreme,,,,,,
audnzd,2024-10-31T20:00:00+00:00,INVALIDATED,short,ARMED,two consecutive closes through touch extreme,,,,,,
audnzd,2024-11-05T04:00:00+00:00,GC,long,SEARCH_TOUCH,new long search,,,,,,
audnzd,2024-11-06T00:00:00+00:00,ARMED,long,ARMED,first EMA20 touch,2024-11-06T00:00:00+00:00,1.10489,,,,
audnzd,2024-11-21T00:00:00+00:00,TRIGGERED,long,ARMED,entry conditions satisfied,,1.10489,2024-11-21T00:00:00+00:00,True,True,False
audnzd,2024-11-29T08:00:00+00:00,DC,short,SEARCH_TOUCH,new short search,,,,,,
audnzd,2024-12-02T00:00:00+00:00,ARMED,short,ARMED,first EMA20 touch,2024-12-02T00:00:00+00:00,1.10067,,,,
audnzd,2024-12-02T12:00:00+00:00,TRIGGERED,short,ARMED,entry conditions satisfied,,1.10067,2024-12-02T12:00:00+00:00,False,False,True
audnzd,2024-12-13T08:00:00+00:00,GC,long,SEARCH_TOUCH,new long search,,,,,,
audnzd,2024-12-15T20:00:00+00:00,ARMED,long,ARMED,first EMA20 touch,2024-12-15T20:00:00+00:00,1.10354,,,,
audnzd,2024-12-16T20:00:00+00:00,BREACH_TOLERATED,long,ARMED,one close through touch extreme,,,,,,
audnzd,2024-12-17T08:00:00+00:00,REVERSE_CROSS_INVALIDATION,long,ARMED,reverse cross while armed,,,,,,
audnzd,2024-12-19T00:00:00+00:00,GC,long,SEARCH_TOUCH,new long search,,,,,,
audnzd,2024-12-23T12:00:00+00:00,ARMED,long,ARMED,first EMA20 touch,2024-12-23T12:00:00+00:00,1.10597,,,,
audnzd,2024-12-24T20:00:00+00:00,BREACH_TOLERATED,long,ARMED,one close through touch extreme,,,,,,
audnzd,2024-12-25T00:00:00+00:00,INVALIDATED,long,ARMED,two consecutive closes through touch extreme,,,,,,
audnzd,2025-01-28T12:00:00+00:00,DC,short,SEARCH_TOUCH,new short search,,,,,,
audnzd,2025-01-30T08:00:00+00:00,ARMED,short,ARMED,first EMA20 touch,2025-01-30T08:00:00+00:00,1.10189,,,,
audnzd,2025-01-31T04:00:00+00:00,TRIGGERED,short,ARMED,entry conditions satisfied,,1.10189,2025-01-31T04:00:00+00:00,False,False,True
audnzd,2025-02-04T20:00:00+00:00,GC,long,SEARCH_TOUCH,new long search,,,,,,
audnzd,2025-02-05T00:00:00+00:00,ARMED,long,ARMED,first EMA20 touch,2025-02-05T00:00:00+00:00,1.1068,,,,
audnzd,2025-02-06T00:00:00+00:00,REVERSE_CROSS_INVALIDATION,long,ARMED,reverse cross while armed,,,,,,
audnzd,2025-02-06T04:00:00+00:00,GC,long,SEARCH_TOUCH,new long search,,,,,,
audnzd,2025-02-06T20:00:00+00:00,ARMED,long,ARMED,first EMA20 touch,2025-02-06T20:00:00+00:00,1.10736,,,,
audnzd,2025-02-11T12:00:00+00:00,TRIGGERED,long,ARMED,entry conditions satisfied,,1.10736,2025-02-11T12:00:00+00:00,True,True,False
audnzd,2025-02-27T00:00:00+00:00,DC,short,SEARCH_TOUCH,new short search,,,,,,
audnzd,2025-02-27T04:00:00+00:00,ARMED,short,ARMED,first EMA20 touch,2025-02-27T04:00:00+00:00,1.10653,,,,
audnzd,2025-02-27T08:00:00+00:00,REVERSE_CROSS_INVALIDATION,short,ARMED,reverse cross while armed,,,,,,
audnzd,2025-02-27T16:00:00+00:00,DC,short,SEARCH_TOUCH,new short search,,,,,,
audnzd,2025-02-28T00:00:00+00:00,ARMED,short,ARMED,first EMA20 touch,2025-02-28T00:00:00+00:00,1.10731,,,,
audnzd,2025-02-28T04:00:00+00:00,REVERSE_CROSS_INVALIDATION,short,ARMED,reverse cross while armed,,,,,,
audnzd,2025-03-04T12:00:00+00:00,DC,short,SEARCH_TOUCH,new short search,,,,,,
audnzd,2025-03-04T20:00:00+00:00,ARMED,short,ARMED,first EMA20 touch,2025-03-04T20:00:00+00:00,1.10367,,,,
audnzd,2025-03-10T04:00:00+00:00,TRIGGERED,short,ARMED,entry conditions satisfied,,1.10367,2025-03-10T04:00:00+00:00,False,False,True
audnzd,2025-05-09T00:00:00+00:00,GC,long,SEARCH_TOUCH,new long search,,,,,,
audnzd,2025-05-11T20:00:00+00:00,ARMED,long,ARMED,first EMA20 touch,2025-05-11T20:00:00+00:00,1.0856,,,,
audnzd,2025-05-12T04:00:00+00:00,TRIGGERED,long,ARMED,entry conditions satisfied,,1.0856,2025-05-12T04:00:00+00:00,True,True,False
audnzd,2025-05-26T12:00:00+00:00,DC,short,SEARCH_TOUCH,new short search,,,,,,
audnzd,2025-05-27T12:00:00+00:00,ARMED,short,ARMED,first EMA20 touch,2025-05-27T12:00:00+00:00,1.08133,,,,
audnzd,2025-05-27T20:00:00+00:00,BREACH_TOLERATED,short,ARMED,one close through touch extreme,,,,,,
audnzd,2025-05-28T00:00:00+00:00,TRIGGERED,short,ARMED,entry conditions satisfied,,1.08133,2025-05-28T00:00:00+00:00,False,False,True
audnzd,2025-06-20T20:00:00+00:00,GC,long,SEARCH_TOUCH,new long search,,,,,,
audnzd,2025-06-22T20:00:00+00:00,ARMED,long,ARMED,first EMA20 touch,2025-06-22T20:00:00+00:00,1.0826,,,,
audnzd,2025-06-24T08:00:00+00:00,BREACH_TOLERATED,long,ARMED,one close through touch extreme,,,,,,
audnzd,2025-06-25T00:00:00+00:00,REVERSE_CROSS_INVALIDATION,long,ARMED,reverse cross while armed,,,,,,
audnzd,2025-07-03T04:00:00+00:00,GC,long,SEARCH_TOUCH,new long search,,,,,,
audnzd,2025-07-04T04:00:00+00:00,ARMED,long,ARMED,first EMA20 touch,2025-07-04T04:00:00+00:00,1.08249,,,,
audnzd,2025-07-04T20:00:00+00:00,BREACH_TOLERATED,long,ARMED,one close through touch extreme,,,,,,
audnzd,2025-07-08T04:00:00+00:00,TRIGGERED,long,ARMED,entry conditions satisfied,,1.08249,2025-07-08T04:00:00+00:00,True,True,False
audnzd,2025-11-28T04:00:00+00:00,DC,short,SEARCH_TOUCH,new short search,,,,,,
audnzd,2025-12-01T12:00:00+00:00,ARMED,short,ARMED,first EMA20 touch,2025-12-01T12:00:00+00:00,1.14129,,,,
audnzd,2025-12-02T00:00:00+00:00,BREACH_TOLERATED,short,ARMED,one close through touch extreme,,,,,,
audnzd,2025-12-02T04:00:00+00:00,INVALIDATED,short,ARMED,two consecutive closes through touch extreme,,,,,,
audnzd,2025-12-04T04:00:00+00:00,GC,long,SEARCH_TOUCH,new long search,,,,,,
audnzd,2025-12-04T20:00:00+00:00,ARMED,long,ARMED,first EMA20 touch,2025-12-04T20:00:00+00:00,1.14734,,,,
audnzd,2025-12-17T12:00:00+00:00,BREACH_TOLERATED,long,ARMED,one close through touch extreme,,,,,,
audnzd,2025-12-17T16:00:00+00:00,INVALIDATED,long,ARMED,two consecutive closes through touch extreme,,,,,,
audnzd,2026-05-28T08:00:00+00:00,DC,short,SEARCH_TOUCH,new short search,,,,,,
audnzd,2026-06-01T08:00:00+00:00,ARMED,short,ARMED,first EMA20 touch,2026-06-01T08:00:00+00:00,1.20281,,,,
audnzd,2026-06-01T16:00:00+00:00,BREACH_TOLERATED,short,ARMED,one close through touch extreme,,,,,,
audnzd,2026-06-01T20:00:00+00:00,INVALIDATED,short,ARMED,two consecutive closes through touch extreme,,,,,,
audnzd,2026-06-18T00:00:00+00:00,GC,long,SEARCH_TOUCH,new long search,,,,,,
audnzd,2026-06-18T20:00:00+00:00,ARMED,long,ARMED,first EMA20 touch,2026-06-18T20:00:00+00:00,1.2194,,,,
audnzd,2026-07-01T04:00:00+00:00,BREACH_TOLERATED,long,ARMED,one close through touch extreme,,,,,,
audnzd,2026-07-02T04:00:00+00:00,BREACH_TOLERATED,long,ARMED,one close through touch extreme,,,,,,
audnzd,2026-07-03T00:00:00+00:00,REVERSE_CROSS_INVALIDATION,long,ARMED,reverse cross while armed,,,,,,
audnzd,2026-07-06T04:00:00+00:00,GC,long,SEARCH_TOUCH,new long search,,,,,,
audnzd,2026-07-07T20:00:00+00:00,ARMED,long,ARMED,first EMA20 touch,2026-07-07T20:00:00+00:00,1.22082,,,,
audnzd,2026-07-08T00:00:00+00:00,BREACH_TOLERATED,long,ARMED,one close through touch extreme,,,,,,
audnzd,2026-07-08T04:00:00+00:00,INVALIDATED,long,ARMED,two consecutive closes through touch extreme,,,,,,
audnzd,2026-07-09T04:00:00+00:00,DC,short,SEARCH_TOUCH,new short search,,,,,,
audnzd,2026-07-20T08:00:00+00:00,ARMED,short,ARMED,first EMA20 touch,2026-07-20T08:00:00+00:00,1.1949,,,,
audnzd,2026-07-20T12:00:00+00:00,BREACH_TOLERATED,short,ARMED,one close through touch extreme,,,,,,
audnzd,2026-07-20T16:00:00+00:00,INVALIDATED,short,ARMED,two consecutive closes through touch extreme,,,,,,
audnzd,2026-08-13T16:00:00+00:00,GC,long,SEARCH_TOUCH,new long search,,,,,,
audnzd,2026-08-14T00:00:00+00:00,ARMED,long,ARMED,first EMA20 touch,2026-08-14T00:00:00+00:00,1.20666,,,,
audnzd,2026-08-14T08:00:00+00:00,BREACH_TOLERATED,long,ARMED,one close through touch extreme,,,,,,
audnzd,2026-08-14T12:00:00+00:00,INVALIDATED,long,ARMED,two consecutive closes through touch extreme,,,,,,
audnzd,2026-08-14T16:00:00+00:00,DC,short,SEARCH_TOUCH,new short search,,,,,,
audnzd,2026-08-17T08:00:00+00:00,ARMED,short,ARMED,first EMA20 touch,2026-08-17T08:00:00+00:00,1.20202,,,,
audnzd,2026-08-18T00:00:00+00:00,BREACH_TOLERATED,short,ARMED,one close through touch extreme,,,,,,
audnzd,2026-08-18T04:00:00+00:00,REVERSE_CROSS_INVALIDATION,short,ARMED,reverse cross while armed,,,,,,
audnzd,2026-08-19T20:00:00+00:00,DC,short,SEARCH_TOUCH,new short search,,,,,,
audnzd,2026-08-21T12:00:00+00:00,ARMED,short,ARMED,first EMA20 touch,2026-08-21T12:00:00+00:00,1.19698,,,,
audnzd,2026-08-24T04:00:00+00:00,BREACH_TOLERATED,short,ARMED,one close through touch extreme,,,,,,
audnzd,2026-08-24T08:00:00+00:00,INVALIDATED,short,ARMED,two consecutive closes through touch extreme,,,,,,
audnzd,2026-08-27T00:00:00+00:00,GC,long,SEARCH_TOUCH,new long search,,,,,,
audnzd,2026-08-31T20:00:00+00:00,ARMED,long,ARMED,first EMA20 touch,2026-08-31T20:00:00+00:00,1.21162,,,,
audnzd,2026-09-01T00:00:00+00:00,TRIGGERED,long,ARMED,entry conditions satisfied,,1.21162,2026-09-01T00:00:00+00:00,True,True,False
eurgbp,2021-01-04T00:00:00+00:00,DC,short,SEARCH_TOUCH,new short search,,,,,,
eurgbp,2021-01-04T04:00:00+00:00,ARMED,short,ARMED,first EMA20 touch,2021-01-04T04:00:00+00:00,0.89434,,,,
eurgbp,2021-01-04T08:00:00+00:00,REVERSE_CROSS_INVALIDATION,short,ARMED,reverse cross while armed,,,,,,
eurgbp,2021-01-13T04:00:00+00:00,DC,short,SEARCH_TOUCH,new short search,,,,,,
eurgbp,2021-01-18T04:00:00+00:00,ARMED,short,ARMED,first EMA20 touch,2021-01-18T04:00:00+00:00,0.88932,,,,
eurgbp,2021-01-21T04:00:00+00:00,TRIGGERED,short,ARMED,entry conditions satisfied,,0.88932,2021-01-21T04:00:00+00:00,False,False,True
eurgbp,2021-04-08T16:00:00+00:00,GC,long,SEARCH_TOUCH,new long search,,,,,,
eurgbp,2021-04-12T04:00:00+00:00,ARMED,long,ARMED,first EMA20 touch,2021-04-12T04:00:00+00:00,0.86951,,,,
eurgbp,2021-04-14T20:00:00+00:00,TRIGGERED,long,ARMED,entry conditions satisfied,,0.86951,2021-04-14T20:00:00+00:00,True,True,False
eurgbp,2021-05-05T16:00:00+00:00,DC,short,SEARCH_TOUCH,new short search,,,,,,
eurgbp,2021-05-06T08:00:00+00:00,ARMED,short,ARMED,first EMA20 touch,2021-05-06T08:00:00+00:00,0.86381,,,,
eurgbp,2021-05-06T20:00:00+00:00,REVERSE_CROSS_INVALIDATION,short,ARMED,reverse cross while armed,,,,,,
eurgbp,2021-05-10T12:00:00+00:00,DC,short,SEARCH_TOUCH,new short search,,,,,,
eurgbp,2021-05-13T04:00:00+00:00,ARMED,short,ARMED,first EMA20 touch,2021-05-13T04:00:00+00:00,0.85842,,,,
eurgbp,2021-05-14T04:00:00+00:00,BREACH_TOLERATED,short,ARMED,one close through touch extreme,,,,,,
eurgbp,2021-05-14T12:00:00+00:00,BREACH_TOLERATED,short,ARMED,one close through touch extreme,,,,,,
eurgbp,2021-05-14T16:00:00+00:00,INVALIDATED,short,ARMED,two consecutive closes through touch extreme,,,,,,
eurgbp,2021-05-26T04:00:00+00:00,GC,long,SEARCH_TOUCH,new long search,,,,,,
eurgbp,2021-05-26T08:00:00+00:00,ARMED,long,ARMED,first EMA20 touch,2021-05-26T08:00:00+00:00,0.86588,,,,
eurgbp,2021-05-26T16:00:00+00:00,REVERSE_CROSS_INVALIDATION,long,ARMED,reverse cross while armed,,,,,,
eurgbp,2021-05-27T00:00:00+00:00,GC,long,SEARCH_TOUCH,new long search,,,,,,
eurgbp,2021-05-27T04:00:00+00:00,ARMED,long,ARMED,first EMA20 touch,2021-05-27T04:00:00+00:00,0.86462,,,,
eurgbp,2021-05-27T08:00:00+00:00,REVERSE_CROSS_INVALIDATION,long,ARMED,reverse cross while armed,,,,,,
eurgbp,2021-07-02T08:00:00+00:00,GC,long,SEARCH_TOUCH,new long search,,,,,,
eurgbp,2021-07-02T12:00:00+00:00,ARMED,long,ARMED,first EMA20 touch,2021-07-02T12:00:00+00:00,0.86051,,,,
eurgbp,2021-07-02T16:00:00+00:00,REVERSE_CROSS_INVALIDATION,long,ARMED,reverse cross while armed,,,,,,
eurgbp,2021-07-19T20:00:00+00:00,GC,long,SEARCH_TOUCH,new long search,,,,,,
eurgbp,2021-07-21T12:00:00+00:00,ARMED,long,ARMED,first EMA20 touch,2021-07-21T12:00:00+00:00,0.86411,,,,
eurgbp,2021-07-21T16:00:00+00:00,BREACH_TOLERATED,long,ARMED,one close through touch extreme,,,,,,
eurgbp,2021-07-21T20:00:00+00:00,INVALIDATED,long,ARMED,two consecutive closes through touch extreme,,,,,,
eurgbp,2021-07-23T12:00:00+00:00,DC,short,SEARCH_TOUCH,new short search,,,,,,
eurgbp,2021-07-27T12:00:00+00:00,ARMED,short,ARMED,first EMA20 touch,2021-07-27T12:00:00+00:00,0.85135,,,,
eurgbp,2021-07-29T00:00:00+00:00,TRIGGERED,short,ARMED,entry conditions satisfied,,0.85135,2021-07-29T00:00:00+00:00,False,False,True
eurgbp,2021-08-20T00:00:00+00:00,GC,long,SEARCH_TOUCH,new long search,,,,,,
eurgbp,2021-08-23T12:00:00+00:00,ARMED,long,ARMED,first EMA20 touch,2021-08-23T12:00:00+00:00,0.85754,,,,
eurgbp,2021-08-26T12:00:00+00:00,TRIGGERED,long,ARMED,entry conditions satisfied,,0.85754,2021-08-26T12:00:00+00:00,True,True,False
eurgbp,2021-09-10T16:00:00+00:00,DC,short,SEARCH_TOUCH,new short search,,,,,,
eurgbp,2021-09-14T12:00:00+00:00,ARMED,short,ARMED,first EMA20 touch,2021-09-14T12:00:00+00:00,0.85107,,,,
eurgbp,2021-09-14T16:00:00+00:00,BREACH_TOLERATED,short,ARMED,one close through touch extreme,,,,,,
eurgbp,2021-09-14T20:00:00+00:00,INVALIDATED,short,ARMED,two consecutive closes through touch extreme,,,,,,
eurgbp,2021-09-20T20:00:00+00:00,GC,long,SEARCH_TOUCH,new long search,,,,,,
eurgbp,2021-09-22T20:00:00+00:00,ARMED,long,ARMED,first EMA20 touch,2021-09-22T20:00:00+00:00,0.85873,,,,
eurgbp,2021-09-23T08:00:00+00:00,BREACH_TOLERATED,long,ARMED,one close through touch extreme,,,,,,
eurgbp,2021-09-23T12:00:00+00:00,INVALIDATED,long,ARMED,two consecutive closes through touch extreme,,,,,,
eurgbp,2021-09-28T00:00:00+00:00,DC,short,SEARCH_TOUCH,new short search,,,,,,
eurgbp,2021-09-28T08:00:00+00:00,REVERSE_CROSS_INVALIDATION,short,SEARCH_TOUCH,reverse cross before touch,,,,,,
eurgbp,2021-10-05T00:00:00+00:00,DC,short,SEARCH_TOUCH,new short search,,,,,,
eurgbp,2021-10-11T16:00:00+00:00,ARMED,short,ARMED,first EMA20 touch,2021-10-11T16:00:00+00:00,0.84913,,,,
eurgbp,2021-10-12T04:00:00+00:00,BREACH_TOLERATED,short,ARMED,one close through touch extreme,,,,,,
eurgbp,2021-10-12T08:00:00+00:00,TRIGGERED,short,ARMED,entry conditions satisfied,,0.84913,2021-10-12T08:00:00+00:00,False,False,True
eurgbp,2021-11-04T16:00:00+00:00,GC,long,SEARCH_TOUCH,new long search,,,,,,
eurgbp,2021-11-08T12:00:00+00:00,ARMED,long,ARMED,first EMA20 touch,2021-11-08T12:00:00+00:00,0.85689,,,,
eurgbp,2021-11-09T08:00:00+00:00,BREACH_TOLERATED,long,ARMED,one close through touch extreme,,,,,,
eurgbp,2021-11-10T04:00:00+00:00,BREACH_TOLERATED,long,ARMED,one close through touch extreme,,,,,,
eurgbp,2021-11-12T16:00:00+00:00,BREACH_TOLERATED,long,ARMED,one close through touch extreme,,,,,,
eurgbp,2021-11-12T20:00:00+00:00,INVALIDATED,long,ARMED,two consecutive closes through touch extreme,,,,,,
eurgbp,2021-11-16T12:00:00+00:00,DC,short,SEARCH_TOUCH,new short search,,,,,,
eurgbp,2021-11-19T08:00:00+00:00,ARMED,short,ARMED,first EMA20 touch,2021-11-19T08:00:00+00:00,0.83911,,,,
eurgbp,2021-11-24T08:00:00+00:00,TRIGGERED,short,ARMED,entry conditions satisfied,,0.83911,2021-11-24T08:00:00+00:00,False,False,True
eurgbp,2021-11-30T16:00:00+00:00,GC,long,SEARCH_TOUCH,new long search,,,,,,
eurgbp,2021-12-02T08:00:00+00:00,ARMED,long,ARMED,first EMA20 touch,2021-12-02T08:00:00+00:00,0.85212,,,,
eurgbp,2021-12-02T16:00:00+00:00,BREACH_TOLERATED,long,ARMED,one close through touch extreme,,,,,,
eurgbp,2021-12-05T20:00:00+00:00,TRIGGERED,long,ARMED,entry conditions satisfied,,0.85212,2021-12-05T20:00:00+00:00,True,True,False
eurgbp,2021-12-23T04:00:00+00:00,DC,short,SEARCH_TOUCH,new short search,,,,,,
eurgbp,2021-12-31T12:00:00+00:00,ARMED,short,ARMED,first EMA20 touch,2021-12-31T12:00:00+00:00,0.83891,,,,
eurgbp,2021-12-31T16:00:00+00:00,BREACH_TOLERATED,short,ARMED,one close through touch extreme,,,,,,
eurgbp,2022-01-02T20:00:00+00:00,BREACH_TOLERATED,short,ARMED,one close through touch extreme,,,,,,
eurgbp,2022-01-04T04:00:00+00:00,TRIGGERED,short,ARMED,entry conditions satisfied,,0.83891,2022-01-04T04:00:00+00:00,False,False,True
eurgbp,2022-02-04T12:00:00+00:00,GC,long,SEARCH_TOUCH,new long search,,,,,,
eurgbp,2022-02-08T04:00:00+00:00,ARMED,long,ARMED,first EMA20 touch,2022-02-08T04:00:00+00:00,0.84507,,,,
eurgbp,2022-02-08T12:00:00+00:00,BREACH_TOLERATED,long,ARMED,one close through touch extreme,,,,,,
eurgbp,2022-02-09T04:00:00+00:00,BREACH_TOLERATED,long,ARMED,one close through touch extreme,,,,,,
eurgbp,2022-02-09T08:00:00+00:00,INVALIDATED,long,ARMED,two consecutive closes through touch extreme,,,,,,
eurgbp,2022-02-14T16:00:00+00:00,DC,short,SEARCH_TOUCH,new short search,,,,,,
eurgbp,2022-02-15T12:00:00+00:00,ARMED,short,ARMED,first EMA20 touch,2022-02-15T12:00:00+00:00,0.83689,,,,
eurgbp,2022-02-16T12:00:00+00:00,TRIGGERED,short,ARMED,entry conditions satisfied,,0.83689,2022-02-16T12:00:00+00:00,False,False,True
eurgbp,2022-03-10T20:00:00+00:00,GC,long,SEARCH_TOUCH,new long search,,,,,,
eurgbp,2022-03-11T12:00:00+00:00,ARMED,long,ARMED,first EMA20 touch,2022-03-11T12:00:00+00:00,0.84105,,,,
eurgbp,2022-03-11T16:00:00+00:00,BREACH_TOLERATED,long,ARMED,one close through touch extreme,,,,,,
eurgbp,2022-03-11T20:00:00+00:00,INVALIDATED,long,ARMED,two consecutive closes through touch extreme,,,,,,
eurgbp,2022-03-22T20:00:00+00:00,DC,short,SEARCH_TOUCH,new short search,,,,,,
eurgbp,2022-03-24T08:00:00+00:00,ARMED,short,ARMED,first EMA20 touch,2022-03-24T08:00:00+00:00,0.83185,,,,
eurgbp,2022-03-25T00:00:00+00:00,BREACH_TOLERATED,short,ARMED,one close through touch extreme,,,,,,
eurgbp,2022-03-25T04:00:00+00:00,INVALIDATED,short,ARMED,two consecutive closes through touch extreme,,,,,,
eurgbp,2022-03-29T08:00:00+00:00,GC,long,SEARCH_TOUCH,new long search,,,,,,
eurgbp,2022-03-31T12:00:00+00:00,ARMED,long,ARMED,first EMA20 touch,2022-03-31T12:00:00+00:00,0.84632,,,,
eurgbp,2022-03-31T16:00:00+00:00,BREACH_TOLERATED,long,ARMED,one close through touch extreme,,,,,,
eurgbp,2022-03-31T20:00:00+00:00,INVALIDATED,long,ARMED,two consecutive closes through touch extreme,,,,,,
eurgbp,2022-04-06T00:00:00+00:00,DC,short,SEARCH_TOUCH,new short search,,,,,,
eurgbp,2022-04-07T12:00:00+00:00,ARMED,short,ARMED,first EMA20 touch,2022-04-07T12:00:00+00:00,0.83391,,,,
eurgbp,2022-04-07T16:00:00+00:00,TRIGGERED,short,ARMED,entry conditions satisfied,,0.83391,2022-04-07T16:00:00+00:00,False,False,True
eurgbp,2022-04-24T20:00:00+00:00,GC,long,SEARCH_TOUCH,new long search,,,,,,
eurgbp,2022-04-27T08:00:00+00:00,ARMED,long,ARMED,first EMA20 touch,2022-04-27T08:00:00+00:00,0.84505,,,,
eurgbp,2022-04-27T12:00:00+00:00,BREACH_TOLERATED,long,ARMED,one close through touch extreme,,,,,,
eurgbp,2022-04-28T00:00:00+00:00,BREACH_TOLERATED,long,ARMED,one close through touch extreme,,,,,,
eurgbp,2022-04-28T04:00:00+00:00,INVALIDATED,long,ARMED,two consecutive closes through touch extreme,,,,,,
eurgbp,2022-07-07T12:00:00+00:00,DC,short,SEARCH_TOUCH,new short search,,,,,,
eurgbp,2022-07-11T12:00:00+00:00,ARMED,short,ARMED,first EMA20 touch,2022-07-11T12:00:00+00:00,0.8449,,,,
eurgbp,2022-07-11T16:00:00+00:00,TRIGGERED,short,ARMED,entry conditions satisfied,,0.8449,2022-07-11T16:00:00+00:00,False,False,True
eurgbp,2022-08-19T20:00:00+00:00,GC,long,SEARCH_TOUCH,new long search,,,,,,
eurgbp,2022-08-22T12:00:00+00:00,ARMED,long,ARMED,first EMA20 touch,2022-08-22T12:00:00+00:00,0.8472,,,,
eurgbp,2022-08-23T00:00:00+00:00,BREACH_TOLERATED,long,ARMED,one close through touch extreme,,,,,,
eurgbp,2022-08-23T04:00:00+00:00,INVALIDATED,long,ARMED,two consecutive closes through touch extreme,,,,,,
eurgbp,2022-08-23T08:00:00+00:00,DC,short,SEARCH_TOUCH,new short search,,,,,,
eurgbp,2022-08-24T12:00:00+00:00,ARMED,short,ARMED,first EMA20 touch,2022-08-24T12:00:00+00:00,0.84248,,,,
eurgbp,2022-08-26T04:00:00+00:00,BREACH_TOLERATED,short,ARMED,one close through touch extreme,,,,,,
eurgbp,2022-08-26T08:00:00+00:00,INVALIDATED,short,ARMED,two consecutive closes through touch extreme,,,,,,
eurgbp,2022-08-28T20:00:00+00:00,GC,long,SEARCH_TOUCH,new long search,,,,,,
eurgbp,2022-09-05T04:00:00+00:00,ARMED,long,ARMED,first EMA20 touch,2022-09-05T04:00:00+00:00,0.86541,,,,
eurgbp,2022-09-05T08:00:00+00:00,BREACH_TOLERATED,long,ARMED,one close through touch extreme,,,,,,
eurgbp,2022-09-05T12:00:00+00:00,INVALIDATED,long,ARMED,two consecutive closes through touch extreme,,,,,,
eurgbp,2022-10-14T00:00:00+00:00,DC,short,SEARCH_TOUCH,new short search,,,,,,
eurgbp,2022-10-14T12:00:00+00:00,ARMED,short,ARMED,first EMA20 touch,2022-10-14T12:00:00+00:00,0.86594,,,,
eurgbp,2022-10-18T00:00:00+00:00,TRIGGERED,short,ARMED,entry conditions satisfied,,0.86594,2022-10-18T00:00:00+00:00,False,False,True
eurgbp,2022-10-21T08:00:00+00:00,GC,long,SEARCH_TOUCH,new long search,,,,,,
eurgbp,2022-10-21T20:00:00+00:00,ARMED,long,ARMED,first EMA20 touch,2022-10-21T20:00:00+00:00,0.8737,,,,
eurgbp,2022-10-23T20:00:00+00:00,BREACH_TOLERATED,long,ARMED,one close through touch extreme,,,,,,
eurgbp,2022-10-24T00:00:00+00:00,REVERSE_CROSS_INVALIDATION,long,ARMED,reverse cross while armed,,,,,,
eurgbp,2022-10-24T16:00:00+00:00,GC,long,SEARCH_TOUCH,new long search,,,,,,
eurgbp,2022-10-25T08:00:00+00:00,ARMED,long,ARMED,first EMA20 touch,2022-10-25T08:00:00+00:00,0.87317,,,,
eurgbp,2022-10-25T12:00:00+00:00,BREACH_TOLERATED,long,ARMED,one close through touch extreme,,,,,,
eurgbp,2022-10-25T16:00:00+00:00,REVERSE_CROSS_INVALIDATION,long,ARMED,reverse cross while armed,,,,,,
eurgbp,2022-11-04T20:00:00+00:00,GC,long,SEARCH_TOUCH,new long search,,,,,,
eurgbp,2022-11-07T08:00:00+00:00,ARMED,long,ARMED,first EMA20 touch,2022-11-07T08:00:00+00:00,0.87848,,,,
eurgbp,2022-11-07T16:00:00+00:00,BREACH_TOLERATED,long,ARMED,one close through touch extreme,,,,,,
eurgbp,2022-11-07T20:00:00+00:00,INVALIDATED,long,ARMED,two consecutive closes through touch extreme,,,,,,
eurgbp,2022-11-21T04:00:00+00:00,DC,short,SEARCH_TOUCH,new short search,,,,,,
eurgbp,2022-11-23T00:00:00+00:00,ARMED,short,ARMED,first EMA20 touch,2022-11-23T00:00:00+00:00,0.86626,,,,
eurgbp,2022-11-23T04:00:00+00:00,BREACH_TOLERATED,short,ARMED,one close through touch extreme,,,,,,
eurgbp,2022-11-23T08:00:00+00:00,TRIGGERED,short,ARMED,entry conditions satisfied,,0.86626,2022-11-23T08:00:00+00:00,False,False,True
eurgbp,2022-12-16T04:00:00+00:00,GC,long,SEARCH_TOUCH,new long search,,,,,,
eurgbp,2022-12-20T20:00:00+00:00,ARMED,long,ARMED,first EMA20 touch,2022-12-20T20:00:00+00:00,0.87298,,,,
eurgbp,2022-12-21T16:00:00+00:00,TRIGGERED,long,ARMED,entry conditions satisfied,,0.87298,2022-12-21T16:00:00+00:00,True,True,False
eurgbp,2023-01-19T20:00:00+00:00,DC,short,SEARCH_TOUCH,new short search,,,,,,
eurgbp,2023-01-20T08:00:00+00:00,ARMED,short,ARMED,first EMA20 touch,2023-01-20T08:00:00+00:00,0.87601,,,,
eurgbp,2023-01-23T04:00:00+00:00,BREACH_TOLERATED,short,ARMED,one close through touch extreme,,,,,,
eurgbp,2023-01-23T08:00:00+00:00,INVALIDATED,short,ARMED,two consecutive closes through touch extreme,,,,,,
eurgbp,2023-01-24T08:00:00+00:00,GC,long,SEARCH_TOUCH,new long search,,,,,,
eurgbp,2023-01-25T16:00:00+00:00,ARMED,long,ARMED,first EMA20 touch,2023-01-25T16:00:00+00:00,0.88216,,,,
eurgbp,2023-01-26T08:00:00+00:00,BREACH_TOLERATED,long,ARMED,one close through touch extreme,,,,,,
eurgbp,2023-01-26T12:00:00+00:00,INVALIDATED,long,ARMED,two consecutive closes through touch extreme,,,,,,
eurgbp,2023-02-22T08:00:00+00:00,DC,short,SEARCH_TOUCH,new short search,,,,,,
eurgbp,2023-02-23T16:00:00+00:00,ARMED,short,ARMED,first EMA20 touch,2023-02-23T16:00:00+00:00,0.88029,,,,
eurgbp,2023-02-24T08:00:00+00:00,BREACH_TOLERATED,short,ARMED,one close through touch extreme,,,,,,
eurgbp,2023-02-24T12:00:00+00:00,INVALIDATED,short,ARMED,two consecutive closes through touch extreme,,,,,,
eurgbp,2023-03-02T04:00:00+00:00,GC,long,SEARCH_TOUCH,new long search,,,,,,
eurgbp,2023-03-03T08:00:00+00:00,ARMED,long,ARMED,first EMA20 touch,2023-03-03T08:00:00+00:00,0.88684,,,,
eurgbp,2023-03-03T16:00:00+00:00,BREACH_TOLERATED,long,ARMED,one close through touch extreme,,,,,,
eurgbp,2023-03-03T20:00:00+00:00,INVALIDATED,long,ARMED,two consecutive closes through touch extreme,,,,,,
eurgbp,2023-03-14T00:00:00+00:00,DC,short,SEARCH_TOUCH,new short search,,,,,,
eurgbp,2023-03-15T00:00:00+00:00,ARMED,short,ARMED,first EMA20 touch,2023-03-15T00:00:00+00:00,0.88258,,,,
eurgbp,2023-03-15T08:00:00+00:00,TRIGGERED,short,ARMED,entry conditions satisfied,,0.88258,2023-03-15T08:00:00+00:00,False,False,True
eurgbp,2023-04-14T00:00:00+00:00,GC,long,SEARCH_TOUCH,new long search,,,,,,
eurgbp,2023-04-17T12:00:00+00:00,ARMED,long,ARMED,first EMA20 touch,2023-04-17T12:00:00+00:00,0.88388,,,,
eurgbp,2023-04-18T08:00:00+00:00,BREACH_TOLERATED,long,ARMED,one close through touch extreme,,,,,,
eurgbp,2023-04-19T04:00:00+00:00,BREACH_TOLERATED,long,ARMED,one close through touch extreme,,,,,,
eurgbp,2023-04-19T08:00:00+00:00,INVALIDATED,long,ARMED,two consecutive closes through touch extreme,,,,,,
eurgbp,2023-04-30T20:00:00+00:00,DC,short,SEARCH_TOUCH,new short search,,,,,,
eurgbp,2023-05-02T04:00:00+00:00,ARMED,short,ARMED,first EMA20 touch,2023-05-02T04:00:00+00:00,0.87842,,,,
eurgbp,2023-05-02T12:00:00+00:00,BREACH_TOLERATED,short,ARMED,one close through touch extreme,,,,,,
eurgbp,2023-05-02T16:00:00+00:00,INVALIDATED,short,ARMED,two consecutive closes through touch extreme,,,,,,
eurgbp,2023-07-19T04:00:00+00:00,GC,long,SEARCH_TOUCH,new long search,,,,,,
eurgbp,2023-07-21T04:00:00+00:00,ARMED,long,ARMED,first EMA20 touch,2023-07-21T04:00:00+00:00,0.86529,,,,
eurgbp,2023-07-21T08:00:00+00:00,TRIGGERED,long,ARMED,entry conditions satisfied,,0.86529,2023-07-21T08:00:00+00:00,True,True,False
eurgbp,2023-07-26T16:00:00+00:00,DC,short,SEARCH_TOUCH,new short search,,,,,,
eurgbp,2023-07-27T08:00:00+00:00,ARMED,short,ARMED,first EMA20 touch,2023-07-27T08:00:00+00:00,0.85665,,,,
eurgbp,2023-07-27T12:00:00+00:00,TRIGGERED,short,ARMED,entry conditions satisfied,,0.85665,2023-07-27T12:00:00+00:00,False,False,True
eurgbp,2023-08-03T08:00:00+00:00,GC,long,SEARCH_TOUCH,new long search,,,,,,
eurgbp,2023-08-03T20:00:00+00:00,ARMED,long,ARMED,first EMA20 touch,2023-08-03T20:00:00+00:00,0.86155,,,,
eurgbp,2023-08-06T20:00:00+00:00,TRIGGERED,long,ARMED,entry conditions satisfied,,0.86155,2023-08-06T20:00:00+00:00,True,True,False
eurgbp,2023-08-16T04:00:00+00:00,DC,short,SEARCH_TOUCH,new short search,,,,,,
eurgbp,2023-08-21T04:00:00+00:00,ARMED,short,ARMED,first EMA20 touch,2023-08-21T04:00:00+00:00,0.85394,,,,
eurgbp,2023-08-23T08:00:00+00:00,BREACH_TOLERATED,short,ARMED,one close through touch extreme,,,,,,
eurgbp,2023-08-24T08:00:00+00:00,BREACH_TOLERATED,short,ARMED,one close through touch extreme,,,,,,
eurgbp,2023-08-24T12:00:00+00:00,INVALIDATED,short,ARMED,two consecutive closes through touch extreme,,,,,,
eurgbp,2023-08-30T00:00:00+00:00,GC,long,SEARCH_TOUCH,new long search,,,,,,
eurgbp,2023-08-30T12:00:00+00:00,ARMED,long,ARMED,first EMA20 touch,2023-08-30T12:00:00+00:00,0.86006,,,,
eurgbp,2023-08-31T04:00:00+00:00,BREACH_TOLERATED,long,ARMED,one close through touch extreme,,,,,,
eurgbp,2023-08-31T08:00:00+00:00,REVERSE_CROSS_INVALIDATION,long,ARMED,reverse cross while armed,,,,,,
eurgbp,2023-09-12T08:00:00+00:00,GC,long,SEARCH_TOUCH,new long search,,,,,,
eurgbp,2023-09-13T16:00:00+00:00,ARMED,long,ARMED,first EMA20 touch,2023-09-13T16:00:00+00:00,0.85993,,,,
eurgbp,2023-09-14T12:00:00+00:00,BREACH_TOLERATED,long,ARMED,one close through touch extreme,,,,,,
eurgbp,2023-09-14T16:00:00+00:00,INVALIDATED,long,ARMED,two consecutive closes through touch extreme,,,,,,
eurgbp,2023-11-24T20:00:00+00:00,DC,short,SEARCH_TOUCH,new short search,,,,,,
eurgbp,2023-11-28T12:00:00+00:00,ARMED,short,ARMED,first EMA20 touch,2023-11-28T12:00:00+00:00,0.86558,,,,
eurgbp,2023-11-28T16:00:00+00:00,TRIGGERED,short,ARMED,entry conditions satisfied,,0.86558,2023-11-28T16:00:00+00:00,False,False,True
eurgbp,2023-12-21T08:00:00+00:00,GC,long,SEARCH_TOUCH,new long search,,,,,,
eurgbp,2023-12-22T04:00:00+00:00,ARMED,long,ARMED,first EMA20 touch,2023-12-22T04:00:00+00:00,0.86714,,,,
eurgbp,2023-12-24T20:00:00+00:00,BREACH_TOLERATED,long,ARMED,one close through touch extreme,,,,,,
eurgbp,2023-12-28T00:00:00+00:00,TRIGGERED,long,ARMED,entry conditions satisfied,,0.86714,2023-12-28T00:00:00+00:00,True,True,False
eurgbp,2024-01-04T00:00:00+00:00,DC,short,SEARCH_TOUCH,new short search,,,,,,
eurgbp,2024-01-08T04:00:00+00:00,ARMED,short,ARMED,first EMA20 touch,2024-01-08T04:00:00+00:00,0.86063,,,,
eurgbp,2024-01-08T08:00:00+00:00,BREACH_TOLERATED,short,ARMED,one close through touch extreme,,,,,,
eurgbp,2024-01-08T12:00:00+00:00,TRIGGERED,short,ARMED,entry conditions satisfied,,0.86063,2024-01-08T12:00:00+00:00,False,False,True
eurgbp,2024-02-22T04:00:00+00:00,GC,long,SEARCH_TOUCH,new long search,,,,,,
eurgbp,2024-02-22T08:00:00+00:00,ARMED,long,ARMED,first EMA20 touch,2024-02-22T08:00:00+00:00,0.8575,,,,
eurgbp,2024-02-22T20:00:00+00:00,REVERSE_CROSS_INVALIDATION,long,ARMED,reverse cross while armed,,,,,,
eurgbp,2024-03-01T00:00:00+00:00,GC,long,SEARCH_TOUCH,new long search,,,,,,
eurgbp,2024-03-01T08:00:00+00:00,ARMED,long,ARMED,first EMA20 touch,2024-03-01T08:00:00+00:00,0.85663,,,,
eurgbp,2024-03-04T20:00:00+00:00,BREACH_TOLERATED,long,ARMED,one close through touch extreme,,,,,,
eurgbp,2024-03-05T00:00:00+00:00,INVALIDATED,long,ARMED,two consecutive closes through touch extreme,,,,,,
eurgbp,2024-03-05T12:00:00+00:00,DC,short,SEARCH_TOUCH,new short search,,,,,,
eurgbp,2024-03-06T12:00:00+00:00,ARMED,short,ARMED,first EMA20 touch,2024-03-06T12:00:00+00:00,0.85446,,,,
eurgbp,2024-03-08T20:00:00+00:00,TRIGGERED,short,ARMED,entry conditions satisfied,,0.85446,2024-03-08T20:00:00+00:00,False,False,True
eurgbp,2024-03-21T16:00:00+00:00,GC,long,SEARCH_TOUCH,new long search,,,,,,
eurgbp,2024-03-24T20:00:00+00:00,ARMED,long,ARMED,first EMA20 touch,2024-03-24T20:00:00+00:00,0.85812,,,,
eurgbp,2024-03-27T00:00:00+00:00,TRIGGERED,long,ARMED,entry conditions satisfied,,0.85812,2024-03-27T00:00:00+00:00,True,True,False
eurgbp,2024-03-29T20:00:00+00:00,DC,short,SEARCH_TOUCH,new short search,,,,,,
eurgbp,2024-04-01T08:00:00+00:00,ARMED,short,ARMED,first EMA20 touch,2024-04-01T08:00:00+00:00,0.85453,,,,
eurgbp,2024-04-01T12:00:00+00:00,BREACH_TOLERATED,short,ARMED,one close through touch extreme,,,,,,
eurgbp,2024-04-01T16:00:00+00:00,INVALIDATED,short,ARMED,two consecutive closes through touch extreme,,,,,,
eurgbp,2024-04-02T16:00:00+00:00,GC,long,SEARCH_TOUCH,new long search,,,,,,
eurgbp,2024-04-03T08:00:00+00:00,ARMED,long,ARMED,first EMA20 touch,2024-04-03T08:00:00+00:00,0.85737,,,,
eurgbp,2024-04-04T08:00:00+00:00,TRIGGERED,long,ARMED,entry conditions satisfied,,0.85737,2024-04-04T08:00:00+00:00,True,True,False
eurgbp,2024-04-12T00:00:00+00:00,DC,short,SEARCH_TOUCH,new short search,,,,,,
eurgbp,2024-04-15T00:00:00+00:00,ARMED,short,ARMED,first EMA20 touch,2024-04-15T00:00:00+00:00,0.85435,,,,
eurgbp,2024-04-17T12:00:00+00:00,BREACH_TOLERATED,short,ARMED,one close through touch extreme,,,,,,
eurgbp,2024-04-17T16:00:00+00:00,INVALIDATED,short,ARMED,two consecutive closes through touch extreme,,,,,,
eurgbp,2024-04-19T12:00:00+00:00,GC,long,SEARCH_TOUCH,new long search,,,,,,
eurgbp,2024-04-23T12:00:00+00:00,ARMED,long,ARMED,first EMA20 touch,2024-04-23T12:00:00+00:00,0.86139,,,,
eurgbp,2024-04-23T20:00:00+00:00,BREACH_TOLERATED,long,ARMED,one close through touch extreme,,,,,,
eurgbp,2024-04-24T16:00:00+00:00,BREACH_TOLERATED,long,ARMED,one close through touch extreme,,,,,,
eurgbp,2024-04-24T20:00:00+00:00,INVALIDATED,long,ARMED,two consecutive closes through touch extreme,,,,,,
eurgbp,2024-04-29T16:00:00+00:00,DC,short,SEARCH_TOUCH,new short search,,,,,,
eurgbp,2024-04-30T12:00:00+00:00,ARMED,short,ARMED,first EMA20 touch,2024-04-30T12:00:00+00:00,0.85345,,,,
eurgbp,2024-05-01T16:00:00+00:00,BREACH_TOLERATED,short,ARMED,one close through touch extreme,,,,,,
eurgbp,2024-05-02T12:00:00+00:00,BREACH_TOLERATED,short,ARMED,one close through touch extreme,,,,,,
eurgbp,2024-05-02T16:00:00+00:00,INVALIDATED,short,ARMED,two consecutive closes through touch extreme,,,,,,
eurgbp,2024-05-06T12:00:00+00:00,GC,long,SEARCH_TOUCH,new long search,,,,,,
eurgbp,2024-05-06T20:00:00+00:00,ARMED,long,ARMED,first EMA20 touch,2024-05-06T20:00:00+00:00,0.85735,,,,
eurgbp,2024-05-09T12:00:00+00:00,TRIGGERED,long,ARMED,entry conditions satisfied,,0.85735,2024-05-09T12:00:00+00:00,True,True,False
eurgbp,2024-05-19T20:00:00+00:00,DC,short,SEARCH_TOUCH,new short search,,,,,,
eurgbp,2024-05-24T04:00:00+00:00,ARMED,short,ARMED,first EMA20 touch,2024-05-24T04:00:00+00:00,0.85155,,,,
eurgbp,2024-05-24T12:00:00+00:00,TRIGGERED,short,ARMED,entry conditions satisfied,,0.85155,2024-05-24T12:00:00+00:00,False,False,True
eurgbp,2024-08-02T04:00:00+00:00,GC,long,SEARCH_TOUCH,new long search,,,,,,
eurgbp,2024-08-08T12:00:00+00:00,ARMED,long,ARMED,first EMA20 touch,2024-08-08T12:00:00+00:00,0.86103,,,,
eurgbp,2024-08-08T20:00:00+00:00,BREACH_TOLERATED,long,ARMED,one close through touch extreme,,,,,,
eurgbp,2024-08-09T00:00:00+00:00,INVALIDATED,long,ARMED,two consecutive closes through touch extreme,,,,,,
eurgbp,2024-08-23T12:00:00+00:00,DC,short,SEARCH_TOUCH,new short search,,,,,,
eurgbp,2024-08-30T12:00:00+00:00,ARMED,short,ARMED,first EMA20 touch,2024-08-30T12:00:00+00:00,0.84062,,,,
eurgbp,2024-09-04T00:00:00+00:00,BREACH_TOLERATED,short,ARMED,one close through touch extreme,,,,,,
eurgbp,2024-09-04T04:00:00+00:00,INVALIDATED,short,ARMED,two consecutive closes through touch extreme,,,,,,
eurgbp,2024-10-31T20:00:00+00:00,GC,long,SEARCH_TOUCH,new long search,,,,,,
eurgbp,2024-11-01T12:00:00+00:00,ARMED,long,ARMED,first EMA20 touch,2024-11-01T12:00:00+00:00,0.84127,,,,
eurgbp,2024-11-06T00:00:00+00:00,BREACH_TOLERATED,long,ARMED,one close through touch extreme,,,,,,
eurgbp,2024-11-06T04:00:00+00:00,INVALIDATED,long,ARMED,two consecutive closes through touch extreme,,,,,,
eurgbp,2024-11-06T16:00:00+00:00,DC,short,SEARCH_TOUCH,new short search,,,,,,
eurgbp,2024-11-12T04:00:00+00:00,ARMED,short,ARMED,first EMA20 touch,2024-11-12T04:00:00+00:00,0.82838,,,,
eurgbp,2024-11-12T08:00:00+00:00,TRIGGERED,short,ARMED,entry conditions satisfied,,0.82838,2024-11-12T08:00:00+00:00,False,False,True
eurgbp,2024-11-18T12:00:00+00:00,GC,long,SEARCH_TOUCH,new long search,,,,,,
eurgbp,2024-11-19T04:00:00+00:00,ARMED,long,ARMED,first EMA20 touch,2024-11-19T04:00:00+00:00,0.83577,,,,
eurgbp,2024-11-20T04:00:00+00:00,BREACH_TOLERATED,long,ARMED,one close through touch extreme,,,,,,
eurgbp,2024-11-20T08:00:00+00:00,INVALIDATED,long,ARMED,two consecutive closes through touch extreme,,,,,,
eurgbp,2024-11-20T12:00:00+00:00,DC,short,SEARCH_TOUCH,new short search,,,,,,
eurgbp,2024-11-21T08:00:00+00:00,ARMED,short,ARMED,first EMA20 touch,2024-11-21T08:00:00+00:00,0.83206,,,,
eurgbp,2024-11-22T20:00:00+00:00,TRIGGERED,short,ARMED,entry conditions satisfied,,0.83206,2024-11-22T20:00:00+00:00,False,False,True
eurgbp,2024-12-27T00:00:00+00:00,GC,long,SEARCH_TOUCH,new long search,,,,,,
eurgbp,2024-12-27T12:00:00+00:00,ARMED,long,ARMED,first EMA20 touch,2024-12-27T12:00:00+00:00,0.83186,,,,
eurgbp,2024-12-27T20:00:00+00:00,REVERSE_CROSS_INVALIDATION,long,ARMED,reverse cross while armed,,,,,,
eurgbp,2025-01-08T08:00:00+00:00,GC,long,SEARCH_TOUCH,new long search,,,,,,
eurgbp,2025-01-15T12:00:00+00:00,ARMED,long,ARMED,first EMA20 touch,2025-01-15T12:00:00+00:00,0.84384,,,,
eurgbp,2025-01-17T04:00:00+00:00,TRIGGERED,long,ARMED,entry conditions satisfied,,0.84384,2025-01-17T04:00:00+00:00,True,True,False
eurgbp,2025-02-03T00:00:00+00:00,DC,short,SEARCH_TOUCH,new short search,,,,,,
eurgbp,2025-02-05T12:00:00+00:00,ARMED,short,ARMED,first EMA20 touch,2025-02-05T12:00:00+00:00,0.83063,,,,
eurgbp,2025-02-06T08:00:00+00:00,BREACH_TOLERATED,short,ARMED,one close through touch extreme,,,,,,
eurgbp,2025-02-06T12:00:00+00:00,INVALIDATED,short,ARMED,two consecutive closes through touch extreme,,,,,,
eurgbp,2025-03-06T04:00:00+00:00,GC,long,SEARCH_TOUCH,new long search,,,,,,
eurgbp,2025-03-12T12:00:00+00:00,ARMED,long,ARMED,first EMA20 touch,2025-03-12T12:00:00+00:00,0.84312,,,,
eurgbp,2025-03-12T16:00:00+00:00,BREACH_TOLERATED,long,ARMED,one close through touch extreme,,,,,,
eurgbp,2025-03-12T20:00:00+00:00,INVALIDATED,long,ARMED,two consecutive closes through touch extreme,,,,,,
eurgbp,2025-03-26T20:00:00+00:00,DC,short,SEARCH_TOUCH,new short search,,,,,,
eurgbp,2025-03-28T12:00:00+00:00,ARMED,short,ARMED,first EMA20 touch,2025-03-28T12:00:00+00:00,0.83279,,,,
eurgbp,2025-03-31T12:00:00+00:00,BREACH_TOLERATED,short,ARMED,one close through touch extreme,,,,,,
eurgbp,2025-03-31T16:00:00+00:00,INVALIDATED,short,ARMED,two consecutive closes through touch extreme,,,,,,
eurgbp,2025-03-31T20:00:00+00:00,GC,long,SEARCH_TOUCH,new long search,,,,,,
eurgbp,2025-04-01T08:00:00+00:00,ARMED,long,ARMED,first EMA20 touch,2025-04-01T08:00:00+00:00,0.83731,,,,
eurgbp,2025-04-01T16:00:00+00:00,BREACH_TOLERATED,long,ARMED,one close through touch extreme,,,,,,
eurgbp,2025-04-01T20:00:00+00:00,INVALIDATED,long,ARMED,two consecutive closes through touch extreme,,,,,,
eurgbp,2025-04-02T08:00:00+00:00,DC,short,SEARCH_TOUCH,new short search,,,,,,
eurgbp,2025-04-02T12:00:00+00:00,REVERSE_CROSS_INVALIDATION,short,SEARCH_TOUCH,reverse cross before touch,,,,,,
eurgbp,2025-04-03T04:00:00+00:00,DC,short,SEARCH_TOUCH,new short search,,,,,,
eurgbp,2025-04-03T08:00:00+00:00,REVERSE_CROSS_INVALIDATION,short,SEARCH_TOUCH,reverse cross before touch,,,,,,
eurgbp,2025-05-08T12:00:00+00:00,DC,short,SEARCH_TOUCH,new short search,,,,,,
eurgbp,2025-05-09T04:00:00+00:00,ARMED,short,ARMED,first EMA20 touch,2025-05-09T04:00:00+00:00,0.84809,,,,
eurgbp,2025-05-09T12:00:00+00:00,TRIGGERED,short,ARMED,entry conditions satisfied,,0.84809,2025-05-09T12:00:00+00:00,False,False,True
eurgbp,2025-06-11T00:00:00+00:00,GC,long,SEARCH_TOUCH,new long search,,,,,,
eurgbp,2025-06-15T20:00:00+00:00,ARMED,long,ARMED,first EMA20 touch,2025-06-15T20:00:00+00:00,0.85153,,,,
eurgbp,2025-06-16T00:00:00+00:00,TRIGGERED,long,ARMED,entry conditions satisfied,,0.85153,2025-06-16T00:00:00+00:00,True,True,False
eurgbp,2025-08-14T04:00:00+00:00,DC,short,SEARCH_TOUCH,new short search,,,,,,
eurgbp,2025-08-15T12:00:00+00:00,ARMED,short,ARMED,first EMA20 touch,2025-08-15T12:00:00+00:00,0.86163,,,,
eurgbp,2025-08-18T16:00:00+00:00,BREACH_TOLERATED,short,ARMED,one close through touch extreme,,,,,,
eurgbp,2025-08-19T04:00:00+00:00,BREACH_TOLERATED,short,ARMED,one close through touch extreme,,,,,,
eurgbp,2025-08-19T08:00:00+00:00,INVALIDATED,short,ARMED,two consecutive closes through touch extreme,,,,,,
eurgbp,2025-08-21T00:00:00+00:00,GC,long,SEARCH_TOUCH,new long search,,,,,,
eurgbp,2025-08-22T04:00:00+00:00,ARMED,long,ARMED,first EMA20 touch,2025-08-22T04:00:00+00:00,0.86534,,,,
eurgbp,2025-08-25T16:00:00+00:00,BREACH_TOLERATED,long,ARMED,one close through touch extreme,,,,,,
eurgbp,2025-08-25T20:00:00+00:00,INVALIDATED,long,ARMED,two consecutive closes through touch extreme,,,,,,
eurgbp,2025-08-27T08:00:00+00:00,DC,short,SEARCH_TOUCH,new short search,,,,,,
eurgbp,2025-08-28T12:00:00+00:00,ARMED,short,ARMED,first EMA20 touch,2025-08-28T12:00:00+00:00,0.86317,,,,
eurgbp,2025-08-28T16:00:00+00:00,BREACH_TOLERATED,short,ARMED,one close through touch extreme,,,,,,
eurgbp,2025-08-28T20:00:00+00:00,INVALIDATED,short,ARMED,two consecutive closes through touch extreme,,,,,,
eurgbp,2025-08-29T12:00:00+00:00,GC,long,SEARCH_TOUCH,new long search,,,,,,
eurgbp,2025-09-01T12:00:00+00:00,ARMED,long,ARMED,first EMA20 touch,2025-09-01T12:00:00+00:00,0.8663,,,,
eurgbp,2025-09-15T04:00:00+00:00,REVERSE_CROSS_INVALIDATION,long,ARMED,reverse cross while armed,,,,,,
eurgbp,2025-09-16T12:00:00+00:00,GC,long,SEARCH_TOUCH,new long search,,,,,,
eurgbp,2025-09-17T20:00:00+00:00,ARMED,long,ARMED,first EMA20 touch,2025-09-17T20:00:00+00:00,0.86766,,,,
eurgbp,2025-09-18T16:00:00+00:00,TRIGGERED,long,ARMED,entry conditions satisfied,,0.86766,2025-09-18T16:00:00+00:00,True,True,False
eurgbp,2025-10-08T12:00:00+00:00,DC,short,SEARCH_TOUCH,new short search,,,,,,
eurgbp,2025-10-09T04:00:00+00:00,ARMED,short,ARMED,first EMA20 touch,2025-10-09T04:00:00+00:00,0.86792,,,,
eurgbp,2025-10-10T04:00:00+00:00,REVERSE_CROSS_INVALIDATION,short,ARMED,reverse cross while armed,,,,,,
eurgbp,2025-10-13T20:00:00+00:00,DC,short,SEARCH_TOUCH,new short search,,,,,,
eurgbp,2025-10-14T04:00:00+00:00,REVERSE_CROSS_INVALIDATION,short,SEARCH_TOUCH,reverse cross before touch,,,,,,
eurgbp,2025-10-20T16:00:00+00:00,DC,short,SEARCH_TOUCH,new short search,,,,,,
eurgbp,2025-10-21T00:00:00+00:00,ARMED,short,ARMED,first EMA20 touch,2025-10-21T00:00:00+00:00,0.86857,,,,
eurgbp,2025-10-21T04:00:00+00:00,TRIGGERED,short,ARMED,entry conditions satisfied,,0.86857,2025-10-21T04:00:00+00:00,False,False,True
eurgbp,2025-10-23T12:00:00+00:00,GC,long,SEARCH_TOUCH,new long search,,,,,,
eurgbp,2025-10-31T12:00:00+00:00,ARMED,long,ARMED,first EMA20 touch,2025-10-31T12:00:00+00:00,0.88174,,,,
eurgbp,2025-10-31T16:00:00+00:00,BREACH_TOLERATED,long,ARMED,one close through touch extreme,,,,,,
eurgbp,2025-10-31T20:00:00+00:00,INVALIDATED,long,ARMED,two consecutive closes through touch extreme,,,,,,
eurgbp,2025-11-27T16:00:00+00:00,DC,short,SEARCH_TOUCH,new short search,,,,,,
eurgbp,2025-11-28T12:00:00+00:00,ARMED,short,ARMED,first EMA20 touch,2025-11-28T12:00:00+00:00,0.87479,,,,
eurgbp,2025-12-01T04:00:00+00:00,BREACH_TOLERATED,short,ARMED,one close through touch extreme,,,,,,
eurgbp,2025-12-01T08:00:00+00:00,INVALIDATED,short,ARMED,two consecutive closes through touch extreme,,,,,,
eurgbp,2025-12-02T00:00:00+00:00,GC,long,SEARCH_TOUCH,new long search,,,,,,
eurgbp,2025-12-03T08:00:00+00:00,ARMED,long,ARMED,first EMA20 touch,2025-12-03T08:00:00+00:00,0.87922,,,,
eurgbp,2025-12-03T12:00:00+00:00,BREACH_TOLERATED,long,ARMED,one close through touch extreme,,,,,,
eurgbp,2025-12-03T16:00:00+00:00,INVALIDATED,long,ARMED,two consecutive closes through touch extreme,,,,,,
eurgbp,2025-12-03T20:00:00+00:00,DC,short,SEARCH_TOUCH,new short search,,,,,,
eurgbp,2025-12-08T04:00:00+00:00,ARMED,short,ARMED,first EMA20 touch,2025-12-08T04:00:00+00:00,0.87343,,,,
eurgbp,2025-12-08T12:00:00+00:00,TRIGGERED,short,ARMED,entry conditions satisfied,,0.87343,2025-12-08T12:00:00+00:00,False,False,True
eurgbp,2025-12-15T00:00:00+00:00,GC,long,SEARCH_TOUCH,new long search,,,,,,
eurgbp,2025-12-16T08:00:00+00:00,ARMED,long,ARMED,first EMA20 touch,2025-12-16T08:00:00+00:00,0.87883,,,,
eurgbp,2025-12-16T20:00:00+00:00,BREACH_TOLERATED,long,ARMED,one close through touch extreme,,,,,,
eurgbp,2025-12-17T00:00:00+00:00,INVALIDATED,long,ARMED,two consecutive closes through touch extreme,,,,,,
eurgbp,2025-12-19T20:00:00+00:00,DC,short,SEARCH_TOUCH,new short search,,,,,,
eurgbp,2025-12-25T00:00:00+00:00,ARMED,short,ARMED,first EMA20 touch,2025-12-25T00:00:00+00:00,0.87043,,,,
eurgbp,2025-12-25T04:00:00+00:00,TRIGGERED,short,ARMED,entry conditions satisfied,,0.87043,2025-12-25T04:00:00+00:00,False,False,True
eurgbp,2026-02-10T04:00:00+00:00,GC,long,SEARCH_TOUCH,new long search,,,,,,
eurgbp,2026-02-10T12:00:00+00:00,ARMED,long,ARMED,first EMA20 touch,2026-02-10T12:00:00+00:00,0.87177,,,,
eurgbp,2026-02-17T04:00:00+00:00,TRIGGERED,long,ARMED,entry conditions satisfied,,0.87177,2026-02-17T04:00:00+00:00,True,True,False
eurgbp,2026-03-05T08:00:00+00:00,DC,short,SEARCH_TOUCH,new short search,,,,,,
eurgbp,2026-03-13T08:00:00+00:00,ARMED,short,ARMED,first EMA20 touch,2026-03-13T08:00:00+00:00,0.86197,,,,
eurgbp,2026-03-20T12:00:00+00:00,BREACH_TOLERATED,short,ARMED,one close through touch extreme,,,,,,
eurgbp,2026-03-20T16:00:00+00:00,INVALIDATED,short,ARMED,two consecutive closes through touch extreme,,,,,,
eurgbp,2026-03-31T00:00:00+00:00,GC,long,SEARCH_TOUCH,new long search,,,,,,
eurgbp,2026-03-31T12:00:00+00:00,ARMED,long,ARMED,first EMA20 touch,2026-03-31T12:00:00+00:00,0.87424,,,,
eurgbp,2026-04-22T12:00:00+00:00,BREACH_TOLERATED,long,ARMED,one close through touch extreme,,,,,,
eurgbp,2026-04-22T16:00:00+00:00,INVALIDATED,long,ARMED,two consecutive closes through touch extreme,,,,,,
eurgbp,2026-04-22T20:00:00+00:00,DC,short,SEARCH_TOUCH,new short search,,,,,,
eurgbp,2026-04-24T08:00:00+00:00,ARMED,short,ARMED,first EMA20 touch,2026-04-24T08:00:00+00:00,0.86672,,,,
eurgbp,2026-04-24T16:00:00+00:00,TRIGGERED,short,ARMED,entry conditions satisfied,,0.86672,2026-04-24T16:00:00+00:00,False,False,True
eurgbp,2026-05-14T16:00:00+00:00,GC,long,SEARCH_TOUCH,new long search,,,,,,
eurgbp,2026-05-17T20:00:00+00:00,ARMED,long,ARMED,first EMA20 touch,2026-05-17T20:00:00+00:00,0.87293,,,,
eurgbp,2026-05-18T04:00:00+00:00,BREACH_TOLERATED,long,ARMED,one close through touch extreme,,,,,,
eurgbp,2026-05-18T08:00:00+00:00,INVALIDATED,long,ARMED,two consecutive closes through touch extreme,,,,,,
eurgbp,2026-05-20T20:00:00+00:00,DC,short,SEARCH_TOUCH,new short search,,,,,,
eurgbp,2026-05-24T20:00:00+00:00,ARMED,short,ARMED,first EMA20 touch,2026-05-24T20:00:00+00:00,0.86325,,,,
eurgbp,2026-05-25T04:00:00+00:00,TRIGGERED,short,ARMED,entry conditions satisfied,,0.86325,2026-05-25T04:00:00+00:00,False,False,True
eurgbp,2026-06-18T08:00:00+00:00,GC,long,SEARCH_TOUCH,new long search,,,,,,
eurgbp,2026-06-19T08:00:00+00:00,ARMED,long,ARMED,first EMA20 touch,2026-06-19T08:00:00+00:00,0.86772,,,,
eurgbp,2026-06-21T20:00:00+00:00,TRIGGERED,long,ARMED,entry conditions satisfied,,0.86772,2026-06-21T20:00:00+00:00,True,True,False
eurgbp,2026-06-23T08:00:00+00:00,DC,short,SEARCH_TOUCH,new short search,,,,,,
eurgbp,2026-06-26T04:00:00+00:00,ARMED,short,ARMED,first EMA20 touch,2026-06-26T04:00:00+00:00,0.86146,,,,
eurgbp,2026-06-26T16:00:00+00:00,BREACH_TOLERATED,short,ARMED,one close through touch extreme,,,,,,
eurgbp,2026-06-28T20:00:00+00:00,BREACH_TOLERATED,short,ARMED,one close through touch extreme,,,,,,
eurgbp,2026-06-29T04:00:00+00:00,BREACH_TOLERATED,short,ARMED,one close through touch extreme,,,,,,
eurgbp,2026-06-30T00:00:00+00:00,TRIGGERED,short,ARMED,entry conditions satisfied,,0.86146,2026-06-30T00:00:00+00:00,False,False,True
eurgbp,2026-07-30T08:00:00+00:00,GC,long,SEARCH_TOUCH,new long search,,,,,,
eurgbp,2026-07-30T12:00:00+00:00,ARMED,long,ARMED,first EMA20 touch,2026-07-30T12:00:00+00:00,0.85858,,,,
eurgbp,2026-07-30T16:00:00+00:00,REVERSE_CROSS_INVALIDATION,long,ARMED,reverse cross while armed,,,,,,
eurgbp,2026-08-04T00:00:00+00:00,GC,long,SEARCH_TOUCH,new long search,,,,,,
eurgbp,2026-08-04T08:00:00+00:00,ARMED,long,ARMED,first EMA20 touch,2026-08-04T08:00:00+00:00,0.85683,,,,
eurgbp,2026-08-10T08:00:00+00:00,BREACH_TOLERATED,long,ARMED,one close through touch extreme,,,,,,
eurgbp,2026-08-10T12:00:00+00:00,REVERSE_CROSS_INVALIDATION,long,ARMED,reverse cross while armed,,,,,,
eurgbp,2026-08-20T00:00:00+00:00,GC,long,SEARCH_TOUCH,new long search,,,,,,
eurgbp,2026-08-20T12:00:00+00:00,ARMED,long,ARMED,first EMA20 touch,2026-08-20T12:00:00+00:00,0.85743,,,,
eurgbp,2026-08-21T16:00:00+00:00,BREACH_TOLERATED,long,ARMED,one close through touch extreme,,,,,,
eurgbp,2026-08-21T20:00:00+00:00,INVALIDATED,long,ARMED,two consecutive closes through touch extreme,,,,,,
eurgbp,2026-08-25T00:00:00+00:00,DC,short,SEARCH_TOUCH,new short search,,,,,,
eurgbp,2026-08-25T12:00:00+00:00,ARMED,short,ARMED,first EMA20 touch,2026-08-25T12:00:00+00:00,0.85506,,,,
eurgbp,2026-08-26T08:00:00+00:00,BREACH_TOLERATED,short,ARMED,one close through touch extreme,,,,,,
eurgbp,2026-08-26T12:00:00+00:00,INVALIDATED,short,ARMED,two consecutive closes through touch extreme,,,,,,
eurgbp,2026-08-26T16:00:00+00:00,GC,long,SEARCH_TOUCH,new long search,,,,,,
eurgbp,2026-08-27T20:00:00+00:00,ARMED,long,ARMED,first EMA20 touch,2026-08-27T20:00:00+00:00,0.85734,,,,
eurgbp,2026-08-28T12:00:00+00:00,BREACH_TOLERATED,long,ARMED,one close through touch extreme,,,,,,
eurgbp,2026-08-28T16:00:00+00:00,INVALIDATED,long,ARMED,two consecutive closes through touch extreme,,,,,,
eurgbp,2026-09-15T00:00:00+00:00,DC,short,SEARCH_TOUCH,new short search,,,,,,
eurgbp,2026-09-16T00:00:00+00:00,ARMED,short,ARMED,first EMA20 touch,2026-09-16T00:00:00+00:00,0.85611,,,,
eurgbp,2026-09-16T04:00:00+00:00,BREACH_TOLERATED,short,ARMED,one close through touch extreme,,,,,,
eurgbp,2026-09-16T08:00:00+00:00,INVALIDATED,short,ARMED,two consecutive closes through touch extreme,,,,,,
eurgbp,2026-09-17T12:00:00+00:00,GC,long,SEARCH_TOUCH,new long search,,,,,,
eurgbp,2026-09-18T12:00:00+00:00,ARMED,long,ARMED,first EMA20 touch,2026-09-18T12:00:00+00:00,0.85931,,,,
eurgbp,2026-09-22T04:00:00+00:00,BREACH_TOLERATED,long,ARMED,one close through touch extreme,,,,,,
eurgbp,2026-09-23T12:00:00+00:00,TRIGGERED,long,ARMED,entry conditions satisfied,,0.85931,2026-09-23T12:00:00+00:00,True,True,False
eurgbp,2026-09-30T08:00:00+00:00,DC,short,SEARCH_TOUCH,new short search,,,,,,
