pair,direction,signal_timestamp,entry_timestamp,touch_timestamp,entry_price,stop_price,stop_distance_pips,bars_touch_to_signal,signal_range_pips,signal_body_pips,signal_body_ratio,signal_range_atr,signal_body_atr,ema20_distance_pips,ema20_distance_atr,touch_to_signal_pips,touch_to_signal_atr,pre6_move_pips,pre6_move_atr,atr_pips,period,pnl_50,hit_50,pnl_100,hit_100,pnl_150,hit_150,pnl_200,hit_200
usdjpy,short,2021-01-05 08:00:00+00:00,2021-01-05 12:00:00+00:00,2021-01-04 12:00:00+00:00,102.818000,103.253000,-43.500000,5,16.500000,13.100000,0.793939,,,27.335786,,31.000000,,3.900000,,,discovery,-43.500000,False,-43.500000,False,-43.500000,False,-43.500000,False
usdjpy,short,2021-04-20 12:00:00+00:00,2021-04-20 16:00:00+00:00,2021-04-20 04:00:00+00:00,108.074000,108.548000,-47.400000,2,49.000000,33.500000,0.683673,2.023599,1.383481,39.686962,1.638990,32.400000,1.338053,2.300000,0.094985,24.214286,discovery,50.000000,True,-5.100000,False,-5.100000,False,-5.100000,False
usdjpy,long,2021-06-02 04:00:00+00:00,2021-06-02 08:00:00+00:00,2021-05-31 12:00:00+00:00,109.770000,109.351000,-41.900000,10,18.200000,15.100000,0.829670,1.003150,0.832283,20.801967,1.146565,29.000000,1.598425,28.300000,1.559843,18.142857,discovery,50.000000,True,-41.900000,False,-41.900000,False,-41.900000,False
usdjpy,short,2021-07-18 20:00:00+00:00,2021-07-19 00:00:00+00:00,2021-07-16 04:00:00+00:00,109.876000,110.220000,-34.400000,5,24.800000,15.000000,0.604839,1.217391,0.736325,19.626436,0.963430,28.000000,1.374474,7.700000,0.377980,20.371429,discovery,50.000000,True,-34.400000,False,-34.400000,False,-34.400000,False
usdjpy,short,2021-12-03 16:00:00+00:00,2021-12-03 20:00:00+00:00,2021-12-03 04:00:00+00:00,112.618000,113.406000,-78.800000,3,69.800000,60.400000,0.865330,1.811978,1.567958,59.179250,1.536268,76.200000,1.978120,54.700000,1.419989,38.521429,discovery,-78.800000,False,-78.800000,False,-78.800000,False,-78.800000,False
usdjpy,short,2022-05-26 04:00:00+00:00,2022-05-26 08:00:00+00:00,2022-05-25 12:00:00+00:00,126.599000,127.441000,-84.200000,4,89.400000,79.700000,0.891499,1.785704,1.591953,70.659353,1.411372,71.400000,1.426166,52.100000,1.040662,50.064286,discovery,-84.200000,False,-84.200000,False,-84.200000,False,-84.200000,False
usdjpy,long,2022-06-10 16:00:00+00:00,2022-06-10 20:00:00+00:00,2022-06-10 04:00:00+00:00,134.381000,133.362000,-101.900000,3,23.000000,18.500000,0.804348,0.394705,0.317480,79.562611,1.365379,77.100000,1.323118,-5.000000,-0.085805,58.271429,discovery,50.000000,True,100.000000,True,-101.900000,False,-101.900000,False
usdjpy,long,2022-08-28 20:00:00+00:00,2022-08-29 00:00:00+00:00,2022-08-23 12:00:00+00:00,138.160000,135.804000,-235.600000,21,65.000000,52.000000,0.800000,1.377327,1.101862,111.568085,2.364088,179.600000,3.805661,150.700000,3.193280,47.192857,discovery,50.000000,True,100.000000,True,150.000000,True,200.000000,True
usdjpy,long,2023-02-14 12:00:00+00:00,2023-02-14 16:00:00+00:00,2023-02-14 04:00:00+00:00,132.824000,131.784000,-104.000000,2,163.100000,59.400000,0.364194,3.014389,1.097822,86.136655,1.591965,74.600000,1.378746,2.600000,0.048053,54.107143,discovery,50.000000,True,100.000000,True,150.000000,True,200.000000,True
usdjpy,short,2023-03-22 16:00:00+00:00,2023-03-22 20:00:00+00:00,2023-03-16 16:00:00+00:00,131.201000,133.824000,-262.300000,25,170.800000,147.400000,0.862998,2.763435,2.384838,105.247665,1.702840,229.400000,3.711545,125.300000,2.027274,61.807143,discovery,50.000000,True,100.000000,True,150.000000,True,40.400000,False
usdjpy,short,2023-07-18 04:00:00+00:00,2023-07-18 08:00:00+00:00,2023-07-14 12:00:00+00:00,138.226000,139.156000,-93.000000,11,42.400000,35.900000,0.846698,0.824330,0.697959,53.119452,1.032735,51.600000,1.003194,43.700000,0.849604,51.435714,discovery,50.000000,True,-93.000000,False,-93.000000,False,-93.000000,False
usdjpy,short,2023-07-27 16:00:00+00:00,2023-07-27 20:00:00+00:00,2023-07-27 12:00:00+00:00,139.067000,141.320000,-225.300000,1,238.900000,197.100000,0.825031,3.471663,2.864231,138.819905,2.017312,197.100000,2.864231,113.800000,1.653726,68.814286,discovery,50.000000,True,100.000000,True,-225.300000,False,-225.300000,False
usdjpy,long,2024-03-22 16:00:00+00:00,2024-03-22 20:00:00+00:00,2024-03-21 00:00:00+00:00,151.425000,150.263000,-116.200000,10,15.200000,7.700000,0.506579,0.315727,0.159941,37.417162,0.777211,93.600000,1.944214,-26.000000,-0.540059,48.142857,discovery,50.000000,True,-3.800000,False,-3.800000,False,-3.800000,False
usdjpy,short,2024-07-16 08:00:00+00:00,2024-07-16 12:00:00+00:00,2024-07-16 04:00:00+00:00,158.343000,158.787000,-44.400000,1,27.000000,15.300000,0.566667,0.523691,0.296758,38.710297,0.750823,15.200000,0.294819,-22.900000,-0.444167,51.557143,discovery,-44.400000,False,-44.400000,False,-44.400000,False,-44.400000,False
usdjpy,long,2024-10-08 12:00:00+00:00,2024-10-08 16:00:00+00:00,2024-10-08 04:00:00+00:00,148.227000,147.343000,-88.400000,2,51.000000,37.400000,0.733333,0.804145,0.589706,66.674901,1.051299,63.500000,1.001239,10.000000,0.157675,63.421429,discovery,50.000000,True,100.000000,True,150.000000,True,159.800000,False
usdjpy,long,2024-12-19 04:00:00+00:00,2024-12-19 08:00:00+00:00,2024-12-12 12:00:00+00:00,156.475000,151.798000,-467.700000,29,186.600000,121.800000,0.652733,3.157742,2.061163,233.179614,3.945986,419.000000,7.090535,289.800000,4.904146,59.092857,discovery,50.000000,True,100.000000,True,53.500000,False,53.500000,False
usdjpy,short,2025-01-30 16:00:00+00:00,2025-01-30 20:00:00+00:00,2025-01-28 00:00:00+00:00,154.110000,155.741000,-163.100000,16,42.000000,2.400000,0.057143,0.852050,0.048689,87.372713,1.772523,162.300000,3.292566,113.100000,2.294450,49.292857,validation,-163.100000,False,-163.100000,False,-163.100000,False,-163.100000,False
usdjpy,short,2025-04-01 00:00:00+00:00,2025-04-01 04:00:00+00:00,2025-03-31 16:00:00+00:00,149.658000,150.264000,-60.600000,2,34.900000,28.800000,0.825215,0.650773,0.537027,28.672588,0.534651,30.100000,0.561268,-73.600000,-1.372403,53.628571,validation,50.000000,True,-60.600000,False,-60.600000,False,-60.600000,False
usdjpy,short,2025-05-23 00:00:00+00:00,2025-05-23 04:00:00+00:00,2025-05-22 16:00:00+00:00,143.437000,144.328000,-89.100000,2,60.000000,42.600000,0.710000,1.038191,0.737115,58.991552,1.020741,56.500000,0.977629,-12.000000,-0.207638,57.792857,validation,50.000000,True,100.000000,True,-89.100000,False,-89.100000,False
usdjpy,long,2025-06-19 08:00:00+00:00,2025-06-19 12:00:00+00:00,2025-06-18 12:00:00+00:00,145.670000,144.551000,-111.900000,5,52.200000,28.000000,0.536398,1.078512,0.578512,76.881921,1.588469,109.100000,2.254132,82.300000,1.700413,48.400000,validation,50.000000,True,100.000000,True,150.000000,True,200.000000,True
usdjpy,short,2025-06-30 16:00:00+00:00,2025-06-30 20:00:00+00:00,2025-06-30 00:00:00+00:00,144.032000,144.762000,-73.000000,4,39.500000,12.700000,0.321519,2.148407,0.690754,43.649112,2.374078,18.200000,0.989899,57.900000,3.149184,18.385714,validation,50.000000,True,100.000000,True,-73.000000,False,-73.000000,False
usdjpy,long,2025-07-10 04:00:00+00:00,2025-07-10 08:00:00+00:00,2025-07-10 00:00:00+00:00,146.277000,145.753000,-52.400000,1,39.800000,2.100000,0.052764,0.914192,0.048236,18.554200,0.426183,2.400000,0.055127,-56.300000,-1.293191,43.535714,validation,50.000000,True,100.000000,True,150.000000,True,200.000000,True
usdjpy,short,2025-09-16 12:00:00+00:00,2025-09-16 16:00:00+00:00,2025-09-16 00:00:00+00:00,146.558000,147.538000,-98.000000,3,75.300000,39.700000,0.527224,2.212846,1.166667,71.892543,2.112711,54.200000,1.592779,71.500000,2.101175,34.028571,validation,50.000000,True,100.000000,True,-98.000000,False,-98.000000,False
usdjpy,long,2026-03-02 08:00:00+00:00,2026-03-02 12:00:00+00:00,2026-02-26 04:00:00+00:00,156.962000,155.702000,-126.000000,14,45.300000,1.700000,0.037528,1.038651,0.038978,78.800814,1.806766,91.100000,2.088765,89.500000,2.052080,43.614286,oos,50.000000,True,100.000000,True,62.200000,False,62.200000,False
usdjpy,short,2026-05-08 20:00:00+00:00,2026-05-10 20:00:00+00:00,2026-05-05 08:00:00+00:00,156.501000,157.868000,-136.700000,21,13.700000,10.800000,0.788321,0.476049,0.375279,16.839452,0.585139,112.300000,3.902209,22.700000,0.788781,28.778571,oos,-136.700000,False,-136.700000,False,-136.700000,False,-136.700000,False
usdjpy,long,2026-05-26 12:00:00+00:00,2026-05-26 16:00:00+00:00,2026-05-19 12:00:00+00:00,159.362000,158.650000,-71.200000,31,19.300000,17.000000,0.880829,1.263207,1.112669,31.527690,2.063523,24.600000,1.610098,46.500000,3.043478,15.278571,oos,29.500000,False,29.500000,False,29.500000,False,29.500000,False
eurjpy,long,2021-08-31 08:00:00+00:00,2021-08-31 12:00:00+00:00,2021-08-30 00:00:00+00:00,130.064000,129.490000,-57.400000,8,29.600000,17.900000,0.604730,2.540773,1.536481,40.667796,3.490798,49.800000,4.274678,41.500000,3.562232,11.650000,discovery,50.000000,True,24.000000,False,24.000000,False,24.000000,False
eurjpy,short,2021-09-17 12:00:00+00:00,2021-09-17 16:00:00+00:00,2021-09-17 04:00:00+00:00,129.002000,129.464000,-46.200000,2,74.000000,65.600000,0.886486,2.659138,2.357290,31.786504,1.142226,43.600000,1.566735,0.500000,0.017967,27.828571,discovery,50.000000,True,100.000000,True,-28.000000,False,-28.000000,False
eurjpy,short,2021-10-05 04:00:00+00:00,2021-10-05 08:00:00+00:00,2021-10-04 08:00:00+00:00,128.837000,129.377000,-54.000000,5,21.500000,10.600000,0.493023,0.759142,0.374275,20.723808,0.731736,38.900000,1.373518,21.500000,0.759142,28.321429,discovery,-54.000000,False,-54.000000,False,-54.000000,False,-54.000000,False
eurjpy,long,2021-10-20 20:00:00+00:00,2021-10-21 00:00:00+00:00,2021-10-20 12:00:00+00:00,133.289000,132.736000,-55.300000,2,23.200000,14.600000,0.629310,0.810784,0.510235,46.413722,1.622047,27.900000,0.975037,6.100000,0.213180,28.614286,discovery,-55.300000,False,-55.300000,False,-55.300000,False,-55.300000,False
eurjpy,short,2021-11-10 16:00:00+00:00,2021-11-10 20:00:00+00:00,2021-11-10 08:00:00+00:00,130.701000,131.128000,-42.700000,2,62.200000,49.300000,0.792605,1.941583,1.538907,33.625987,1.049641,6.800000,0.212263,12.300000,0.383946,32.035714,discovery,50.000000,True,100.000000,True,90.700000,False,90.700000,False
eurjpy,long,2021-12-27 08:00:00+00:00,2021-12-27 12:00:00+00:00,2021-12-24 20:00:00+00:00,129.741000,129.192000,-54.900000,4,26.500000,5.500000,0.207547,0.977860,0.202952,38.291461,1.412969,36.500000,1.346863,40.200000,1.483395,27.100000,discovery,50.000000,True,100.000000,True,120.200000,False,120.200000,False
eurjpy,short,2022-01-25 00:00:00+00:00,2022-01-25 04:00:00+00:00,2022-01-24 20:00:00+00:00,128.708000,129.199000,-49.100000,1,47.600000,39.700000,0.834034,1.447123,1.206949,40.402393,1.228303,39.800000,1.209989,28.300000,0.860369,32.892857,discovery,-49.100000,False,-49.100000,False,-49.100000,False,-49.100000,False
eurjpy,short,2022-02-24 00:00:00+00:00,2022-02-24 04:00:00+00:00,2022-02-22 08:00:00+00:00,128.898000,130.687000,-178.900000,10,116.900000,99.800000,0.853721,2.441593,2.084440,126.096589,2.633675,167.900000,3.506788,137.300000,2.867671,47.878571,discovery,50.000000,True,100.000000,True,150.000000,True,98.800000,False
eurjpy,long,2022-03-23 16:00:00+00:00,2022-03-23 20:00:00+00:00,2022-03-23 12:00:00+00:00,133.292000,132.327000,-96.500000,1,29.900000,14.300000,0.478261,0.599198,0.286573,79.878547,1.600772,14.000000,0.280561,8.900000,0.178357,49.900000,discovery,50.000000,True,100.000000,True,150.000000,True,200.000000,True
eurjpy,long,2022-06-02 00:00:00+00:00,2022-06-02 04:00:00+00:00,2022-05-24 12:00:00+00:00,138.592000,135.548000,-304.400000,40,26.400000,0.400000,0.015152,0.576060,0.008728,70.644418,1.541493,263.300000,5.745324,18.500000,0.403678,45.828571,discovery,50.000000,True,100.000000,True,150.000000,True,200.000000,True
eurjpy,short,2022-07-12 16:00:00+00:00,2022-07-12 20:00:00+00:00,2022-07-10 20:00:00+00:00,137.251000,138.685000,-143.400000,11,44.800000,36.000000,0.803571,0.845283,0.679245,85.052313,1.604761,132.600000,2.501887,74.900000,1.413208,53.000000,discovery,-143.400000,False,-143.400000,False,-143.400000,False,-143.400000,False
eurjpy,short,2022-07-26 08:00:00+00:00,2022-07-26 12:00:00+00:00,2022-07-25 08:00:00+00:00,138.450000,139.903000,-145.300000,6,130.800000,119.700000,0.915138,2.254617,2.063285,114.475871,1.973236,129.500000,2.232209,129.500000,2.232209,58.014286,discovery,50.000000,True,100.000000,True,150.000000,True,200.000000,True
eurjpy,long,2022-09-02 00:00:00+00:00,2022-09-02 04:00:00+00:00,2022-08-31 08:00:00+00:00,139.610000,138.262000,-134.800000,10,39.500000,20.400000,0.516456,0.842474,0.435101,55.069207,1.174541,84.400000,1.800122,-13.500000,-0.287934,46.885714,discovery,50.000000,True,100.000000,True,150.000000,True,200.000000,True
eurjpy,long,2022-10-06 00:00:00+00:00,2022-10-06 04:00:00+00:00,2022-10-05 12:00:00+00:00,143.365000,142.433000,-93.200000,3,35.100000,20.300000,0.578348,0.649828,0.375827,60.842775,1.126420,57.600000,1.066385,-26.900000,-0.498016,54.014286,discovery,-93.200000,False,-93.200000,False,-93.200000,False,-93.200000,False
eurjpy,short,2022-11-28 12:00:00+00:00,2022-11-28 16:00:00+00:00,2022-11-25 08:00:00+00:00,144.297000,145.144000,-84.700000,8,79.500000,39.700000,0.499371,1.289986,0.644182,21.540022,0.349514,72.300000,1.173157,43.800000,0.710709,61.628571,discovery,50.000000,True,100.000000,True,150.000000,True,200.000000,True
eurjpy,short,2023-02-10 04:00:00+00:00,2023-02-10 08:00:00+00:00,2023-02-09 00:00:00+00:00,140.111000,141.247000,-113.600000,7,122.400000,114.800000,0.937908,2.383973,2.235949,91.263413,1.777529,87.300000,1.700334,64.700000,1.260156,51.342857,discovery,50.000000,True,-113.600000,False,-113.600000,False,-113.600000,False
eurjpy,short,2023-10-05 12:00:00+00:00,2023-10-05 16:00:00+00:00,2023-10-05 08:00:00+00:00,156.298000,156.784000,-48.600000,1,45.100000,31.700000,0.702882,0.766262,0.538592,38.136251,0.647946,31.800000,0.540291,23.700000,0.402670,58.857143,discovery,-48.600000,False,-48.600000,False,-48.600000,False,-48.600000,False
eurjpy,long,2024-03-20 08:00:00+00:00,2024-03-20 12:00:00+00:00,2024-03-14 12:00:00+00:00,164.486000,161.100000,-338.600000,24,34.800000,10.100000,0.290230,0.787203,0.228470,131.992639,2.985776,314.500000,7.114235,130.800000,2.958798,44.207143,discovery,50.000000,True,-12.800000,False,-12.800000,False,-12.800000,False
eurjpy,long,2024-06-23 16:00:00+00:00,2024-06-23 20:00:00+00:00,2024-06-19 04:00:00+00:00,170.835000,169.125000,-171.000000,27,0.000000,0.000000,,0.000000,0.000000,29.673073,3.054581,146.900000,15.122059,0.000000,0.000000,9.714286,discovery,50.000000,True,100.000000,True,123.700000,False,123.700000,False
eurjpy,short,2024-07-23 00:00:00+00:00,2024-07-23 04:00:00+00:00,2024-07-19 04:00:00+00:00,170.255000,171.871000,-161.600000,12,70.900000,59.500000,0.839210,1.390196,1.166667,91.661998,1.797294,103.000000,2.019608,126.700000,2.484314,51.000000,discovery,50.000000,True,100.000000,True,150.000000,True,200.000000,True
eurjpy,long,2024-10-04 08:00:00+00:00,2024-10-04 12:00:00+00:00,2024-10-04 04:00:00+00:00,161.719000,161.007000,-71.200000,1,48.700000,38.100000,0.782341,0.689383,0.539333,59.772502,0.846122,37.900000,0.536502,-24.100000,-0.341153,70.642857,discovery,50.000000,True,100.000000,True,150.000000,True,110.300000,False
eurjpy,short,2025-02-03 08:00:00+00:00,2025-02-03 12:00:00+00:00,2025-01-31 16:00:00+00:00,158.504000,161.497000,-299.300000,5,100.800000,62.200000,0.617063,1.413886,0.872458,192.919382,2.706013,247.200000,3.467388,245.300000,3.440737,71.292857,validation,50.000000,True,100.000000,True,150.000000,True,200.000000,True
eurjpy,long,2025-03-11 20:00:00+00:00,2025-03-12 00:00:00+00:00,2025-03-07 16:00:00+00:00,161.581000,159.427000,-215.400000,14,54.000000,22.900000,0.424074,0.742998,0.315086,137.143451,1.886986,107.500000,1.479115,216.000000,2.971990,72.678571,validation,50.000000,True,100.000000,True,150.000000,True,153.600000,False
eurjpy,short,2025-04-09 08:00:00+00:00,2025-04-09 12:00:00+00:00,2025-04-09 04:00:00+00:00,159.622000,160.890000,-126.800000,1,100.500000,67.400000,0.670647,1.022232,0.685557,102.499343,1.042568,67.400000,0.685557,100.200000,1.019180,98.314286,validation,-126.800000,False,-126.800000,False,-126.800000,False,-126.800000,False
eurjpy,long,2026-02-06 20:00:00+00:00,2026-02-08 20:00:00+00:00,2026-02-02 04:00:00+00:00,186.033000,183.184000,-284.900000,28,13.800000,4.900000,0.355072,0.303965,0.107930,78.674839,1.732926,211.700000,4.662996,107.200000,2.361233,45.400000,oos,-284.900000,False,-284.900000,False,-284.900000,False,-284.900000,False
eurjpy,short,2026-02-17 16:00:00+00:00,2026-02-17 20:00:00+00:00,2026-02-16 08:00:00+00:00,181.573000,182.297000,-72.400000,8,24.300000,7.200000,0.296296,0.604908,0.179232,18.944497,0.471591,34.300000,0.853841,36.700000,0.913585,40.171429,oos,-72.400000,False,-72.400000,False,-72.400000,False,-72.400000,False
eurjpy,long,2026-06-02 16:00:00+00:00,2026-06-02 20:00:00+00:00,2026-05-28 00:00:00+00:00,186.032000,184.949000,-108.300000,23,30.400000,7.200000,0.236842,1.285801,0.304532,27.738825,1.173243,108.300000,4.580665,28.600000,1.209668,23.642857,oos,-108.300000,False,-108.300000,False,-108.300000,False,-108.300000,False
eurjpy,long,2026-06-15 00:00:00+00:00,2026-06-15 04:00:00+00:00,2026-06-14 20:00:00+00:00,185.732000,185.171000,-56.100000,1,26.600000,13.700000,0.515038,0.883302,0.454934,40.002516,1.328357,13.700000,0.454934,34.200000,1.135674,30.114286,oos,50.000000,True,-56.100000,False,-56.100000,False,-56.100000,False
eurjpy,short,2026-06-23 04:00:00+00:00,2026-06-23 08:00:00+00:00,2026-06-19 16:00:00+00:00,184.256000,185.139000,-88.300000,10,59.300000,39.100000,0.659359,1.683634,1.110120,62.848385,1.784379,82.600000,2.345163,86.600000,2.458730,35.221429,oos,50.000000,True,100.000000,True,-26.100000,False,-26.100000,False
eurjpy,short,2026-09-11 16:00:00+00:00,2026-09-11 20:00:00+00:00,2026-09-10 12:00:00+00:00,178.214000,179.483000,-126.900000,7,18.400000,13.800000,0.750000,0.399752,0.299814,76.786762,1.668241,92.800000,2.016139,97.400000,2.116077,46.028571,oos,-85.700000,False,-85.700000,False,-85.700000,False,-85.700000,False
gbpjpy,long,2021-08-10 08:00:00+00:00,2021-08-10 12:00:00+00:00,2021-08-09 08:00:00+00:00,153.149000,152.616000,-53.300000,6,23.700000,16.000000,0.675105,0.898213,0.606389,38.193618,1.447511,38.000000,1.440173,38.000000,1.440173,26.385714,discovery,-53.300000,False,-53.300000,False,-53.300000,False,-53.300000,False
gbpjpy,short,2021-08-19 04:00:00+00:00,2021-08-19 08:00:00+00:00,2021-08-18 12:00:00+00:00,150.377000,151.266000,-88.900000,4,89.000000,77.100000,0.866292,2.067021,1.790644,73.170305,1.699377,72.700000,1.688454,24.500000,0.569011,43.057143,discovery,50.000000,True,100.000000,True,-17.900000,False,-17.900000,False
gbpjpy,long,2021-10-11 12:00:00+00:00,2021-10-11 16:00:00+00:00,2021-10-07 04:00:00+00:00,154.449000,151.138000,-331.100000,15,61.200000,53.800000,0.879085,1.398172,1.229112,175.801662,4.016357,329.300000,7.523172,162.400000,3.710183,43.771429,discovery,50.000000,True,100.000000,True,150.000000,True,200.000000,True
gbpjpy,short,2021-11-10 16:00:00+00:00,2021-11-10 20:00:00+00:00,2021-11-10 12:00:00+00:00,152.663000,153.738000,-107.500000,1,104.500000,80.400000,0.769378,2.105642,1.620035,65.132972,1.312409,80.400000,1.620035,35.300000,0.711284,49.628571,discovery,-107.500000,False,-107.500000,False,-107.500000,False,-107.500000,False
gbpjpy,long,2022-01-04 00:00:00+00:00,2022-01-04 04:00:00+00:00,2022-01-03 12:00:00+00:00,155.786000,154.883000,-90.300000,3,57.100000,30.400000,0.532399,1.352852,0.720257,45.846052,1.086215,75.700000,1.793535,17.800000,0.421730,42.207143,discovery,50.000000,True,100.000000,True,150.000000,True,150.500000,False
gbpjpy,long,2022-02-10 00:00:00+00:00,2022-02-10 04:00:00+00:00,2022-02-02 08:00:00+00:00,156.354000,154.805000,-154.900000,35,24.400000,8.100000,0.331967,0.699284,0.232139,12.919678,0.370267,127.300000,3.648311,-11.400000,-0.326714,34.892857,discovery,50.000000,True,100.000000,True,150.000000,True,29.000000,False
gbpjpy,short,2022-02-25 20:00:00+00:00,2022-02-27 20:00:00+00:00,2022-02-25 16:00:00+00:00,153.978000,155.177000,-119.900000,1,21.400000,19.300000,0.901869,0.341931,0.308377,27.275428,0.435809,18.900000,0.301986,-33.400000,-0.533668,62.585714,discovery,50.000000,True,100.000000,True,-119.900000,False,-119.900000,False
gbpjpy,long,2022-03-21 12:00:00+00:00,2022-03-21 16:00:00+00:00,2022-03-21 08:00:00+00:00,157.288000,156.370000,-91.800000,1,81.500000,68.800000,0.844172,5.075623,4.284698,57.101255,3.556128,68.400000,4.259786,32.500000,2.024021,16.057143,discovery,50.000000,True,100.000000,True,150.000000,True,200.000000,True
gbpjpy,short,2022-05-09 16:00:00+00:00,2022-05-09 20:00:00+00:00,2022-05-08 20:00:00+00:00,160.561000,161.294000,-73.300000,5,70.000000,25.600000,0.365714,1.750625,0.640229,59.513995,1.488381,57.300000,1.433012,43.100000,1.077885,39.985714,discovery,-73.300000,False,-73.300000,False,-73.300000,False,-73.300000,False
gbpjpy,long,2022-06-01 08:00:00+00:00,2022-06-01 12:00:00+00:00,2022-05-29 20:00:00+00:00,162.855000,160.255000,-260.000000,15,40.300000,10.300000,0.255583,0.782959,0.200111,120.146998,2.334246,219.100000,4.256731,151.500000,2.943381,51.471429,discovery,50.000000,True,100.000000,True,150.000000,True,200.000000,True
gbpjpy,long,2022-09-12 00:00:00+00:00,2022-09-12 04:00:00+00:00,2022-09-09 08:00:00+00:00,165.960000,164.296000,-166.400000,5,73.100000,31.700000,0.433653,1.114208,0.483179,80.382440,1.225209,121.200000,1.847360,38.900000,0.592923,65.607143,discovery,50.000000,True,100.000000,True,150.000000,True,-166.400000,False
gbpjpy,short,2022-10-11 16:00:00+00:00,2022-10-11 20:00:00+00:00,2022-10-11 00:00:00+00:00,160.206000,161.635000,-142.900000,4,263.100000,230.200000,0.874952,2.859339,2.501785,124.667298,1.354869,63.400000,0.689023,91.100000,0.990064,92.014286,discovery,-142.900000,False,-142.900000,False,-142.900000,False,-142.900000,False
gbpjpy,long,2022-10-20 12:00:00+00:00,2022-10-20 16:00:00+00:00,2022-10-19 16:00:00+00:00,169.084000,167.615000,-146.900000,5,129.800000,52.200000,0.402157,1.695624,0.681907,96.849699,1.265182,84.800000,1.107773,86.400000,1.128674,76.550000,discovery,-146.900000,False,-146.900000,False,-146.900000,False,-146.900000,False
gbpjpy,short,2022-11-30 20:00:00+00:00,2022-12-01 00:00:00+00:00,2022-11-30 16:00:00+00:00,165.849000,166.637000,-78.800000,1,72.600000,49.500000,0.681818,0.948311,0.646576,61.837269,0.807727,49.800000,0.650494,-10.300000,-0.134540,76.557143,discovery,50.000000,True,100.000000,True,-78.800000,False,-78.800000,False
gbpjpy,long,2022-12-15 08:00:00+00:00,2022-12-15 12:00:00+00:00,2022-12-08 08:00:00+00:00,168.290000,166.273000,-201.700000,31,85.300000,9.900000,0.116061,1.285053,0.149145,48.525035,0.731035,177.200000,2.669536,133.500000,2.011191,66.378571,discovery,-201.700000,False,-201.700000,False,-201.700000,False,-201.700000,False
gbpjpy,short,2022-12-20 00:00:00+00:00,2022-12-20 04:00:00+00:00,2022-12-19 16:00:00+00:00,161.979000,166.895000,-491.600000,2,537.700000,448.800000,0.834666,4.954130,4.135044,426.099995,3.925897,433.400000,3.993156,400.200000,3.687266,108.535714,discovery,50.000000,True,100.000000,True,150.000000,True,200.000000,True
gbpjpy,short,2023-03-20 00:00:00+00:00,2023-03-20 04:00:00+00:00,2023-03-16 16:00:00+00:00,160.718000,162.066000,-134.800000,9,112.500000,47.800000,0.424889,1.100475,0.467580,48.841340,0.477766,100.500000,0.983091,106.900000,1.045696,102.228571,discovery,50.000000,True,100.000000,True,150.000000,True,-134.800000,False
gbpjpy,long,2023-04-04 04:00:00+00:00,2023-04-04 08:00:00+00:00,2023-04-03 00:00:00+00:00,165.351000,163.419000,-193.200000,7,82.100000,55.800000,0.679659,1.239112,0.842173,123.990056,1.871346,152.700000,2.304657,80.000000,1.207417,66.257143,discovery,50.000000,True,100.000000,True,-193.200000,False,-193.200000,False
gbpjpy,long,2023-11-02 08:00:00+00:00,2023-11-02 12:00:00+00:00,2023-11-02 04:00:00+00:00,183.347000,182.723000,-62.400000,1,62.700000,34.700000,0.553429,1.006651,0.557110,41.178039,0.661115,34.600000,0.555505,-2.900000,-0.046560,62.285714,discovery,50.000000,True,100.000000,True,150.000000,True,200.000000,True
gbpjpy,long,2024-01-12 00:00:00+00:00,2024-01-12 04:00:00+00:00,2024-01-09 00:00:00+00:00,185.139000,183.026000,-211.300000,18,61.200000,27.000000,0.441176,1.118684,0.493537,37.082169,0.677830,193.300000,3.533359,-36.700000,-0.670845,54.707143,discovery,50.000000,True,100.000000,True,150.000000,True,200.000000,True
gbpjpy,short,2024-07-26 20:00:00+00:00,2024-07-28 20:00:00+00:00,2024-07-26 08:00:00+00:00,197.529000,199.135000,-160.600000,3,22.600000,14.300000,0.632743,0.202600,0.128194,91.134974,0.816988,122.500000,1.098162,-20.700000,-0.185567,111.550000,discovery,50.000000,True,-160.600000,False,-160.600000,False,-160.600000,False
gbpjpy,long,2024-12-19 16:00:00+00:00,2024-12-19 20:00:00+00:00,2024-12-18 04:00:00+00:00,196.840000,194.699000,-214.100000,9,129.000000,108.400000,0.840310,1.314985,1.104995,111.128381,1.132807,193.200000,1.969419,207.900000,2.119266,98.100000,discovery,50.000000,True,35.100000,False,35.100000,False,35.100000,False
gbpjpy,short,2025-01-15 12:00:00+00:00,2025-01-15 16:00:00+00:00,2025-01-14 16:00:00+00:00,191.574000,192.981000,-140.700000,5,95.900000,35.500000,0.370177,1.053020,0.389804,100.874155,1.107638,109.800000,1.205647,114.000000,1.251765,91.071429,validation,50.000000,True,100.000000,True,150.000000,True,200.000000,True
gbpjpy,long,2025-03-14 00:00:00+00:00,2025-03-14 04:00:00+00:00,2025-03-13 04:00:00+00:00,192.002000,191.167000,-83.500000,5,57.000000,32.200000,0.564912,0.774081,0.437288,57.162323,0.776285,57.900000,0.786303,17.300000,0.234940,73.635714,validation,50.000000,True,100.000000,True,150.000000,True,200.000000,True
gbpjpy,short,2025-04-09 08:00:00+00:00,2025-04-09 12:00:00+00:00,2025-04-07 12:00:00+00:00,184.760000,190.075000,-531.500000,11,191.300000,150.300000,0.785677,1.451284,1.140241,314.977062,2.389552,351.700000,2.668148,296.100000,2.246342,131.814286,validation,-431.000000,False,-431.000000,False,-431.000000,False,-431.000000,False
gbpjpy,long,2025-05-09 04:00:00+00:00,2025-05-09 08:00:00+00:00,2025-04-29 12:00:00+00:00,192.526000,190.426000,-210.000000,47,39.700000,20.200000,0.508816,0.707665,0.360071,45.793262,0.816279,191.000000,3.404635,71.900000,1.281640,56.100000,validation,50.000000,True,100.000000,True,150.000000,True,200.000000,True
gbpjpy,long,2025-11-17 04:00:00+00:00,2025-11-17 08:00:00+00:00,2025-11-14 00:00:00+00:00,203.816000,202.999000,-81.700000,8,57.500000,44.400000,0.772174,0.933550,0.720863,56.530674,0.917812,66.700000,1.082918,62.600000,1.016352,61.592857,validation,50.000000,True,100.000000,True,150.000000,True,200.000000,True
gbpjpy,short,2026-02-17 20:00:00+00:00,2026-02-18 00:00:00+00:00,2026-02-16 04:00:00+00:00,207.683000,209.295000,-161.200000,10,37.000000,14.400000,0.389189,0.687185,0.267445,87.589710,1.626766,153.300000,2.847174,156.300000,2.902892,53.842857,oos,-161.200000,False,-161.200000,False,-161.200000,False,-161.200000,False
gbpjpy,long,2026-04-17 00:00:00+00:00,2026-04-17 04:00:00+00:00,2026-04-16 00:00:00+00:00,215.573000,215.119000,-45.400000,6,34.200000,24.600000,0.719298,0.976346,0.702284,32.712880,0.933891,7.900000,0.225530,7.900000,0.225530,35.028571,oos,-45.400000,False,-45.400000,False,-45.400000,False,-45.400000,False
gbpjpy,long,2026-07-06 04:00:00+00:00,2026-07-06 08:00:00+00:00,2026-06-30 12:00:00+00:00,216.458000,214.187000,-227.100000,23,59.800000,52.900000,0.884615,1.227566,1.085924,105.063279,2.156724,88.000000,1.806452,123.600000,2.537243,48.714286,oos,50.000000,True,100.000000,True,150.000000,True,83.400000,False
audjpy,long,2021-02-17 00:00:00+00:00,2021-02-17 04:00:00+00:00,2021-02-03 20:00:00+00:00,82.132000,79.981000,-215.100000,57,11.200000,4.800000,0.428571,0.516639,0.221417,30.032107,1.385336,195.800000,9.031960,-26.000000,-1.199341,21.678571,discovery,50.000000,True,100.000000,True,98.600000,False,98.600000,False
audjpy,long,2021-04-20 08:00:00+00:00,2021-04-20 12:00:00+00:00,2021-04-18 20:00:00+00:00,84.334000,83.858000,-47.600000,9,48.100000,27.800000,0.577963,2.298294,1.328328,20.963851,1.001686,47.500000,2.269625,26.500000,1.266212,20.928571,discovery,-47.600000,False,-47.600000,False,-47.600000,False,-47.600000,False
audjpy,long,2021-04-29 20:00:00+00:00,2021-04-30 00:00:00+00:00,2021-04-29 16:00:00+00:00,84.698000,84.360000,-33.800000,1,13.900000,4.900000,0.352518,0.553155,0.194997,24.054787,0.957268,4.900000,0.194997,5.100000,0.202956,25.128571,discovery,-33.800000,False,-33.800000,False,-33.800000,False,-33.800000,False
audjpy,long,2021-05-27 20:00:00+00:00,2021-05-28 00:00:00+00:00,2021-05-26 12:00:00+00:00,85.017000,84.346000,-67.100000,8,14.800000,2.000000,0.135135,0.709832,0.095923,40.540675,1.944397,53.700000,2.575540,52.400000,2.513189,20.850000,discovery,-14.700000,False,-14.700000,False,-14.700000,False,-14.700000,False
audjpy,short,2021-06-22 04:00:00+00:00,2021-06-22 08:00:00+00:00,2021-06-21 16:00:00+00:00,82.905000,83.217000,-31.200000,3,19.000000,8.100000,0.426316,0.568012,0.242152,23.060032,0.689388,26.500000,0.792227,-40.300000,-1.204783,33.450000,discovery,-31.200000,False,-31.200000,False,-31.200000,False,-31.200000,False
audjpy,short,2021-09-17 20:00:00+00:00,2021-09-19 20:00:00+00:00,2021-09-17 04:00:00+00:00,79.800000,80.447000,-64.700000,4,9.500000,8.800000,0.926316,0.374648,0.347042,33.947516,1.338775,57.900000,2.283380,12.100000,0.477183,25.357143,discovery,50.000000,True,-64.700000,False,-64.700000,False,-64.700000,False
audjpy,short,2021-11-19 08:00:00+00:00,2021-11-19 12:00:00+00:00,2021-11-19 04:00:00+00:00,82.397000,83.357000,-96.000000,1,103.400000,88.500000,0.855899,2.910919,2.491454,83.358367,2.346706,88.500000,2.491454,80.200000,2.257792,35.521429,discovery,-51.900000,False,-51.900000,False,-51.900000,False,-51.900000,False
audjpy,long,2021-12-27 12:00:00+00:00,2021-12-27 16:00:00+00:00,2021-12-26 20:00:00+00:00,83.147000,82.139000,-100.800000,4,49.000000,41.300000,0.842857,1.891370,1.594155,62.381845,2.407901,48.700000,1.879790,52.600000,2.030328,25.907143,discovery,50.000000,True,52.500000,False,52.500000,False,52.500000,False
audjpy,long,2022-02-11 12:00:00+00:00,2022-02-11 16:00:00+00:00,2022-02-11 00:00:00+00:00,83.162000,82.779000,-38.300000,3,44.100000,36.200000,0.820862,1.149507,0.943586,34.784789,0.906697,24.300000,0.633402,-75.300000,-1.962763,38.364286,discovery,-38.300000,False,-38.300000,False,-38.300000,False,-38.300000,False
audjpy,short,2022-05-11 20:00:00+00:00,2022-05-12 00:00:00+00:00,2022-05-11 12:00:00+00:00,89.934000,91.765000,-183.100000,2,32.600000,15.200000,0.466258,0.492819,0.229781,101.636518,1.536455,112.100000,1.694633,44.400000,0.671202,66.150000,discovery,50.000000,True,100.000000,True,150.000000,True,200.000000,True
audjpy,long,2022-07-20 20:00:00+00:00,2022-07-21 00:00:00+00:00,2022-07-15 04:00:00+00:00,95.283000,93.151000,-213.200000,23,20.800000,11.400000,0.548077,0.552981,0.303076,47.325394,1.258176,181.600000,4.827953,-0.100000,-0.002659,37.614286,discovery,-15.900000,False,-15.900000,False,-15.900000,False,-15.900000,False
audjpy,long,2022-08-12 16:00:00+00:00,2022-08-12 20:00:00+00:00,2022-08-10 12:00:00+00:00,95.100000,93.468000,-163.200000,13,25.500000,19.600000,0.768627,0.761194,0.585075,68.557027,2.046478,100.300000,2.994030,59.600000,1.779104,33.500000,discovery,-163.200000,False,-163.200000,False,-163.200000,False,-163.200000,False
audjpy,short,2022-09-27 12:00:00+00:00,2022-09-27 16:00:00+00:00,2022-09-26 00:00:00+00:00,93.250000,93.953000,-70.300000,9,52.200000,47.300000,0.906130,1.441704,1.306372,41.568376,1.148071,34.900000,0.963898,13.900000,0.383902,36.207143,discovery,50.000000,True,100.000000,True,-70.300000,False,-70.300000,False
audjpy,long,2023-01-26 04:00:00+00:00,2023-01-26 08:00:00+00:00,2023-01-25 12:00:00+00:00,92.170000,91.410000,-76.000000,4,38.100000,22.100000,0.580052,0.844656,0.489945,55.760527,1.236180,49.300000,1.092953,-38.600000,-0.855740,45.107143,discovery,50.000000,True,-8.200000,False,-8.200000,False,-8.200000,False
audjpy,long,2023-02-15 16:00:00+00:00,2023-02-15 20:00:00+00:00,2023-02-15 04:00:00+00:00,92.595000,91.921000,-67.400000,3,33.000000,23.900000,0.724242,0.832733,0.603100,55.421496,1.398524,53.700000,1.355083,-39.600000,-0.999279,39.628571,discovery,-33.800000,False,-33.800000,False,-33.800000,False,-33.800000,False
audjpy,short,2023-07-18 04:00:00+00:00,2023-07-18 08:00:00+00:00,2023-07-17 12:00:00+00:00,94.086000,94.891000,-80.500000,4,63.700000,53.200000,0.835165,2.456073,2.051226,52.904155,2.039819,66.300000,2.556321,44.400000,1.711925,25.935714,discovery,-80.500000,False,-80.500000,False,-80.500000,False,-80.500000,False
audjpy,long,2023-10-10 20:00:00+00:00,2023-10-11 00:00:00+00:00,2023-10-08 20:00:00+00:00,95.594000,94.618000,-97.600000,12,18.400000,1.300000,0.070652,0.655471,0.046310,43.275774,1.541631,59.800000,2.130280,34.900000,1.243257,28.071429,discovery,-97.600000,False,-97.600000,False,-97.600000,False,-97.600000,False
audjpy,short,2023-10-20 04:00:00+00:00,2023-10-20 08:00:00+00:00,2023-10-19 16:00:00+00:00,94.502000,95.165000,-66.300000,3,21.600000,19.000000,0.879630,0.683544,0.601266,31.599755,0.999992,37.400000,1.183544,-15.100000,-0.477848,31.600000,discovery,-66.300000,False,-66.300000,False,-66.300000,False,-66.300000,False
audjpy,short,2023-12-14 12:00:00+00:00,2023-12-14 16:00:00+00:00,2023-12-11 04:00:00+00:00,94.916000,95.992000,-107.600000,20,34.000000,1.100000,0.032353,0.878553,0.028424,47.824339,1.235771,103.400000,2.671835,64.400000,1.664083,38.700000,discovery,-107.600000,False,-107.600000,False,-107.600000,False,-107.600000,False
audjpy,short,2024-01-02 16:00:00+00:00,2024-01-02 20:00:00+00:00,2024-01-02 00:00:00+00:00,95.970000,96.540000,-57.000000,4,23.200000,8.500000,0.366379,0.663534,0.243105,45.625731,1.304924,45.700000,1.307048,5.800000,0.165884,34.964286,discovery,-57.000000,False,-57.000000,False,-57.000000,False,-57.000000,False
audjpy,long,2024-02-14 08:00:00+00:00,2024-02-14 12:00:00+00:00,2024-02-11 20:00:00+00:00,97.525000,97.174000,-35.100000,15,21.500000,9.300000,0.432558,0.947435,0.409821,17.085431,0.752899,19.100000,0.841675,11.900000,0.524394,22.692857,discovery,50.000000,True,55.800000,False,55.800000,False,55.800000,False
audjpy,long,2024-03-21 12:00:00+00:00,2024-03-21 16:00:00+00:00,2024-03-18 16:00:00+00:00,99.576000,97.640000,-193.600000,17,34.000000,14.100000,0.414706,1.021678,0.423696,64.149339,1.927647,176.100000,5.291693,56.900000,1.709809,33.278571,discovery,-90.000000,False,-90.000000,False,-90.000000,False,-90.000000,False
audjpy,short,2024-07-22 00:00:00+00:00,2024-07-22 04:00:00+00:00,2024-07-21 20:00:00+00:00,105.054000,105.424000,-37.000000,1,41.200000,35.200000,0.854369,7.539869,6.441830,27.381896,5.011066,35.400000,6.478431,15.700000,2.873203,5.464286,discovery,50.000000,True,100.000000,True,150.000000,True,200.000000,True
audjpy,short,2024-12-06 12:00:00+00:00,2024-12-06 16:00:00+00:00,2024-12-05 12:00:00+00:00,95.758000,97.085000,-132.700000,6,106.000000,80.800000,0.762264,2.671467,2.036364,96.076781,2.421377,93.000000,2.343834,93.000000,2.343834,39.678571,discovery,-132.700000,False,-132.700000,False,-132.700000,False,-132.700000,False
audjpy,short,2025-01-10 12:00:00+00:00,2025-01-10 16:00:00+00:00,2025-01-10 00:00:00+00:00,96.985000,98.127000,-114.200000,3,83.200000,78.500000,0.943510,2.301521,2.171508,99.687520,2.757608,105.800000,2.926694,82.900000,2.293223,36.150000,validation,50.000000,True,31.800000,False,31.800000,False,31.800000,False
audjpy,short,2025-02-05 00:00:00+00:00,2025-02-05 04:00:00+00:00,2025-01-31 12:00:00+00:00,95.766000,96.621000,-85.500000,16,75.200000,55.300000,0.735372,1.161390,0.854054,45.098694,0.696505,80.200000,1.238610,50.100000,0.773745,64.750000,validation,50.000000,True,100.000000,True,150.000000,True,49.000000,False
audjpy,long,2025-05-28 20:00:00+00:00,2025-05-29 00:00:00+00:00,2025-05-28 00:00:00+00:00,93.585000,92.737000,-84.800000,5,78.600000,48.900000,0.622137,2.404195,1.495740,68.348136,2.090614,56.200000,1.719030,65.400000,2.000437,32.692857,validation,-84.800000,False,-84.800000,False,-84.800000,False,-84.800000,False
audjpy,long,2025-08-10 20:00:00+00:00,2025-08-11 00:00:00+00:00,2025-08-07 12:00:00+00:00,96.216000,95.750000,-46.600000,9,24.700000,8.700000,0.352227,0.923364,0.325234,18.223281,0.681244,42.900000,1.603738,22.900000,0.856075,26.750000,validation,50.000000,True,-46.600000,False,-46.600000,False,-46.600000,False
audjpy,long,2025-09-03 12:00:00+00:00,2025-09-03 16:00:00+00:00,2025-08-28 04:00:00+00:00,96.902000,95.706000,-119.600000,27,41.300000,22.600000,0.547215,1.515994,0.829575,28.755167,1.055512,102.400000,3.758783,33.200000,1.218668,27.242857,validation,50.000000,True,13.100000,False,13.100000,False,13.100000,False
audjpy,long,2026-04-13 20:00:00+00:00,2026-04-14 00:00:00+00:00,2026-04-12 20:00:00+00:00,113.029000,111.458000,-157.100000,6,26.100000,8.100000,0.310345,0.757149,0.234977,64.078306,1.858882,94.200000,2.732698,94.200000,2.732698,34.471429,oos,50.000000,True,100.000000,True,52.200000,False,52.200000,False
audjpy,long,2026-07-20 08:00:00+00:00,2026-07-20 12:00:00+00:00,2026-07-17 00:00:00+00:00,113.795000,113.280000,-51.500000,9,26.200000,13.700000,0.522901,1.019172,0.532926,37.402256,1.454936,40.700000,1.583218,35.700000,1.388719,25.707143,oos,50.000000,True,72.400000,False,72.400000,False,72.400000,False
eurusd,long,2021-02-25 04:00:00+00:00,2021-02-25 08:00:00+00:00,2021-02-24 12:00:00+00:00,1.218710,1.210920,-77.900000,4,21.200000,18.100000,0.853774,0.854593,0.729629,37.533629,1.513017,65.000000,2.620213,31.700000,1.277858,24.807143,discovery,50.000000,True,-77.900000,False,-77.900000,False,-77.900000,False
eurusd,short,2021-03-03 20:00:00+00:00,2021-03-04 00:00:00+00:00,2021-03-02 16:00:00+00:00,1.204630,1.208920,-42.900000,7,29.500000,18.700000,0.633898,1.035867,0.656634,27.681571,0.972014,37.400000,1.313268,38.400000,1.348382,28.478571,discovery,50.000000,True,100.000000,True,150.000000,True,200.000000,True
eurusd,long,2021-04-16 04:00:00+00:00,2021-04-16 08:00:00+00:00,2021-04-16 00:00:00+00:00,1.198750,1.195030,-37.200000,1,32.100000,30.400000,0.947040,1.572979,1.489674,32.074373,1.571723,30.400000,1.489674,7.400000,0.362618,20.407143,discovery,-37.200000,False,-37.200000,False,-37.200000,False,-37.200000,False
eurusd,short,2021-06-15 08:00:00+00:00,2021-06-15 12:00:00+00:00,2021-06-15 04:00:00+00:00,1.210690,1.214730,-40.400000,1,39.600000,36.700000,0.926768,1.828496,1.694591,25.718119,1.187512,36.600000,1.689974,8.700000,0.401715,21.657143,discovery,50.000000,True,100.000000,True,150.000000,True,200.000000,True
eurusd,long,2021-09-02 12:00:00+00:00,2021-09-02 16:00:00+00:00,2021-09-01 04:00:00+00:00,1.185730,1.179350,-63.800000,8,34.500000,10.400000,0.301449,1.714590,0.516862,34.135270,1.696464,51.900000,2.579340,7.500000,0.372737,20.121429,discovery,50.000000,True,-39.300000,False,-39.300000,False,-39.300000,False
eurusd,short,2021-09-17 20:00:00+00:00,2021-09-19 20:00:00+00:00,2021-09-17 12:00:00+00:00,1.172880,1.178880,-60.000000,2,7.600000,6.500000,0.855263,0.405797,0.347063,51.377179,2.743251,9.600000,0.512586,40.900000,2.183829,18.728571,discovery,-11.000000,False,-11.000000,False,-11.000000,False,-11.000000,False
eurusd,long,2022-01-03 08:00:00+00:00,2022-01-03 12:00:00+00:00,2022-01-03 04:00:00+00:00,1.135540,1.133490,-20.500000,1,30.900000,7.500000,0.242718,1.127737,0.273723,13.754862,0.502002,7.400000,0.270073,-16.500000,-0.602190,27.400000,discovery,-20.500000,False,-20.500000,False,-20.500000,False,-20.500000,False
eurusd,short,2022-01-24 08:00:00+00:00,2022-01-24 12:00:00+00:00,2022-01-21 12:00:00+00:00,1.130410,1.135960,-55.500000,6,35.100000,19.600000,0.558405,1.543827,0.862080,34.013205,1.496025,41.900000,1.842915,41.900000,1.842915,22.735714,discovery,50.000000,True,100.000000,True,150.000000,True,139.900000,False
eurusd,long,2022-02-10 08:00:00+00:00,2022-02-10 12:00:00+00:00,2022-02-08 04:00:00+00:00,1.143180,1.139610,-35.700000,13,23.800000,3.200000,0.134454,1.036070,0.139303,10.554134,0.459446,33.200000,1.445274,2.600000,0.113184,22.971429,discovery,-35.700000,False,-35.700000,False,-35.700000,False,-35.700000,False
eurusd,short,2022-02-24 00:00:00+00:00,2022-02-24 04:00:00+00:00,2022-02-22 08:00:00+00:00,1.123790,1.136670,-128.800000,10,71.200000,67.500000,0.948034,2.303142,2.183457,82.772810,2.677494,108.000000,3.493530,87.700000,2.836876,30.914286,discovery,50.000000,True,100.000000,True,119.000000,False,119.000000,False
eurusd,long,2022-05-30 00:00:00+00:00,2022-05-30 04:00:00+00:00,2022-05-25 08:00:00+00:00,1.074440,1.065400,-90.400000,17,29.100000,15.400000,0.529210,0.970925,0.513823,33.542093,1.119136,84.800000,2.829361,8.800000,0.293613,29.971429,discovery,-90.400000,False,-90.400000,False,-90.400000,False,-90.400000,False
eurusd,short,2022-06-15 12:00:00+00:00,2022-06-15 16:00:00+00:00,2022-06-15 04:00:00+00:00,1.038550,1.049420,-108.700000,2,75.900000,72.600000,0.956522,1.570732,1.502439,86.146974,1.782790,80.700000,1.670067,31.100000,0.643607,48.321429,discovery,-108.700000,False,-108.700000,False,-108.700000,False,-108.700000,False
eurusd,short,2022-08-18 12:00:00+00:00,2022-08-18 16:00:00+00:00,2022-08-17 12:00:00+00:00,1.011230,1.019840,-86.100000,6,75.000000,64.700000,0.862667,2.160938,1.864170,64.393186,1.855330,48.700000,1.403169,48.700000,1.403169,34.707143,discovery,50.000000,True,100.000000,True,150.000000,True,200.000000,True
eurusd,long,2022-11-10 12:00:00+00:00,2022-11-10 16:00:00+00:00,2022-11-09 16:00:00+00:00,1.018100,0.999270,-188.300000,5,243.800000,236.500000,0.970057,4.145251,4.021132,165.526358,2.814390,178.500000,3.034977,153.200000,2.604809,58.814286,discovery,50.000000,True,100.000000,True,150.000000,True,200.000000,True
eurusd,short,2023-02-10 00:00:00+00:00,2023-02-10 04:00:00+00:00,2023-02-09 08:00:00+00:00,1.072060,1.077830,-57.700000,4,22.200000,18.600000,0.837838,0.877470,0.735178,26.570020,1.050198,42.500000,1.679842,8.800000,0.347826,25.300000,discovery,50.000000,True,-57.700000,False,-57.700000,False,-57.700000,False
eurusd,long,2023-03-28 08:00:00+00:00,2023-03-28 12:00:00+00:00,2023-03-24 08:00:00+00:00,1.083130,1.071310,-118.200000,13,26.200000,11.000000,0.419847,0.895071,0.375793,34.112563,1.165388,93.200000,3.183992,59.600000,2.036115,29.271429,discovery,50.000000,True,45.200000,False,45.200000,False,45.200000,False
eurusd,short,2023-05-17 04:00:00+00:00,2023-05-17 08:00:00+00:00,2023-05-16 04:00:00+00:00,1.083170,1.089450,-62.800000,6,36.400000,33.700000,0.925824,1.864618,1.726308,47.075753,2.411491,56.700000,2.904501,56.700000,2.904501,19.521429,discovery,50.000000,True,28.300000,False,28.300000,False,28.300000,False
eurusd,long,2023-06-21 12:00:00+00:00,2023-06-21 16:00:00+00:00,2023-06-20 12:00:00+00:00,1.095040,1.089210,-58.300000,6,55.800000,26.400000,0.473118,2.442777,1.155722,33.938633,1.485744,50.900000,2.228268,50.900000,2.228268,22.842857,discovery,50.000000,True,-58.300000,False,-58.300000,False,-58.300000,False
eurusd,short,2023-08-08 04:00:00+00:00,2023-08-08 08:00:00+00:00,2023-08-01 20:00:00+00:00,1.097890,1.101920,-40.300000,27,37.500000,3.000000,0.080000,1.347536,0.107803,6.121890,0.219986,28.800000,1.034908,14.000000,0.503080,27.828571,discovery,-40.300000,False,-40.300000,False,-40.300000,False,-40.300000,False
eurusd,long,2023-11-08 20:00:00+00:00,2023-11-09 00:00:00+00:00,2023-11-07 08:00:00+00:00,1.071130,1.066550,-45.800000,9,11.300000,9.000000,0.796460,0.514806,0.410023,19.394329,0.883569,37.400000,1.703872,15.600000,0.710706,21.950000,discovery,-45.800000,False,-45.800000,False,-45.800000,False,-45.800000,False
eurusd,long,2023-12-18 04:00:00+00:00,2023-12-18 08:00:00+00:00,2023-12-15 16:00:00+00:00,1.092150,1.088850,-33.000000,4,21.000000,10.700000,0.509524,0.629281,0.320634,18.203077,0.545469,22.100000,0.662243,-46.700000,-1.399401,33.371429,discovery,50.000000,True,100.000000,True,104.200000,False,104.200000,False
eurusd,short,2024-01-18 12:00:00+00:00,2024-01-18 16:00:00+00:00,2024-01-18 00:00:00+00:00,1.085190,1.090280,-50.900000,3,47.300000,36.900000,0.780127,1.740799,1.358044,42.189241,1.552706,43.300000,1.593586,-3.100000,-0.114090,27.171429,discovery,-50.900000,False,-50.900000,False,-50.900000,False,-50.900000,False
eurusd,short,2024-03-27 08:00:00+00:00,2024-03-27 12:00:00+00:00,2024-03-25 12:00:00+00:00,1.082090,1.084240,-21.500000,11,21.000000,5.300000,0.252381,1.411426,0.356217,14.044507,0.943942,15.700000,1.055209,35.900000,2.412866,14.878571,discovery,50.000000,True,69.400000,False,69.400000,False,69.400000,False
eurusd,short,2024-06-13 12:00:00+00:00,2024-06-13 16:00:00+00:00,2024-06-12 12:00:00+00:00,1.075530,1.085210,-96.800000,6,62.900000,27.900000,0.443561,2.270173,1.006961,30.362529,1.095838,87.000000,3.139985,87.000000,3.139985,27.707143,discovery,50.000000,True,6.100000,False,6.100000,False,6.100000,False
eurusd,long,2024-07-11 08:00:00+00:00,2024-07-11 12:00:00+00:00,2024-07-07 20:00:00+00:00,1.085470,1.079980,-54.900000,21,19.500000,15.100000,0.774359,1.605882,1.243529,28.371921,2.336511,29.100000,2.396471,29.100000,2.396471,12.142857,discovery,50.000000,True,80.000000,False,80.000000,False,80.000000,False
eurusd,short,2024-08-01 04:00:00+00:00,2024-08-01 08:00:00+00:00,2024-07-31 16:00:00+00:00,1.080090,1.083290,-32.000000,3,36.300000,31.900000,0.878788,1.833333,1.611111,24.585566,1.241695,21.800000,1.101010,17.200000,0.868687,19.800000,discovery,-32.000000,False,-32.000000,False,-32.000000,False,-32.000000,False
eurusd,long,2024-08-08 04:00:00+00:00,2024-08-08 08:00:00+00:00,2024-08-06 12:00:00+00:00,1.093990,1.090460,-35.300000,10,15.300000,5.100000,0.333333,0.778626,0.259542,20.275422,1.031828,14.800000,0.753181,17.700000,0.900763,19.650000,discovery,-35.300000,False,-35.300000,False,-35.300000,False,-35.300000,False
eurusd,short,2024-10-13 20:00:00+00:00,2024-10-14 00:00:00+00:00,2024-10-11 08:00:00+00:00,1.092310,1.095370,-30.600000,4,11.400000,8.100000,0.710526,0.632330,0.449287,21.981248,1.219245,7.900000,0.438193,16.500000,0.915214,18.028571,discovery,50.000000,True,100.000000,True,84.700000,False,84.700000,False
eurusd,short,2025-10-14 04:00:00+00:00,2025-10-14 08:00:00+00:00,2025-10-10 12:00:00+00:00,1.154940,1.163050,-81.100000,11,51.200000,29.200000,0.570313,1.716886,0.979162,41.683163,1.397759,62.900000,2.109222,50.200000,1.683353,29.821429,validation,-81.100000,False,-81.100000,False,-81.100000,False,-81.100000,False
eurusd,long,2025-12-03 12:00:00+00:00,2025-12-03 16:00:00+00:00,2025-12-02 08:00:00+00:00,1.165950,1.159830,-61.200000,7,20.900000,5.900000,0.282297,1.047244,0.295634,38.382944,1.923269,47.900000,2.400143,53.400000,2.675734,19.957143,validation,-30.800000,False,-30.800000,False,-30.800000,False,-30.800000,False
eurusd,long,2026-01-27 12:00:00+00:00,2026-01-27 16:00:00+00:00,2026-01-21 16:00:00+00:00,1.195060,1.167680,-273.800000,24,78.300000,55.500000,0.708812,1.993091,1.412727,116.604794,2.968122,259.400000,6.602909,55.500000,1.412727,39.285714,oos,50.000000,True,100.000000,True,-158.300000,False,-158.300000,False
eurusd,long,2026-04-13 00:00:00+00:00,2026-04-13 04:00:00+00:00,2026-04-12 20:00:00+00:00,1.168800,1.166380,-24.200000,1,19.200000,12.900000,0.671875,0.889477,0.597617,10.454646,0.484332,13.100000,0.606883,8.200000,0.379881,21.585714,oos,50.000000,True,100.000000,True,94.300000,False,94.300000,False
eurusd,short,2026-05-19 00:00:00+00:00,2026-05-19 04:00:00+00:00,2026-05-18 20:00:00+00:00,1.164110,1.166160,-20.500000,1,15.300000,13.800000,0.901961,0.778626,0.702290,15.174310,0.772229,13.800000,0.702290,-19.100000,-0.972010,19.650000,oos,50.000000,True,3.900000,False,3.900000,False,3.900000,False
eurusd,long,2026-08-02 20:00:00+00:00,2026-08-03 00:00:00+00:00,2026-07-31 12:00:00+00:00,1.154370,1.145500,-88.700000,3,16.800000,1.000000,0.059524,0.542310,0.032280,62.011463,2.001753,25.600000,0.826378,30.300000,0.978095,30.978571,oos,-20.600000,False,-20.600000,False,-20.600000,False,-20.600000,False
eurusd,short,2026-09-21 12:00:00+00:00,2026-09-21 16:00:00+00:00,2026-09-21 08:00:00+00:00,1.146800,1.149070,-22.700000,1,29.200000,21.800000,0.746575,1.820935,1.359465,20.424066,1.273661,21.800000,1.359465,18.400000,1.147439,16.035714,oos,50.000000,True,100.000000,True,72.900000,False,72.900000,False
gbpusd,short,2021-08-17 00:00:00+00:00,2021-08-17 04:00:00+00:00,2021-08-11 12:00:00+00:00,1.381500,1.387570,-60.700000,22,26.200000,25.100000,0.958015,1.132798,1.085238,29.123984,1.259221,49.600000,2.144534,37.300000,1.612724,23.128571,discovery,50.000000,True,100.000000,True,150.000000,True,200.000000,True
gbpusd,long,2021-10-20 12:00:00+00:00,2021-10-20 16:00:00+00:00,2021-10-20 08:00:00+00:00,1.382010,1.374200,-78.100000,1,82.000000,77.700000,0.947561,2.407213,2.280981,58.660073,1.722040,77.500000,2.275110,14.500000,0.425666,34.064286,discovery,-78.100000,False,-78.100000,False,-78.100000,False,-78.100000,False
gbpusd,long,2021-12-29 12:00:00+00:00,2021-12-29 16:00:00+00:00,2021-12-29 08:00:00+00:00,1.348540,1.340820,-77.200000,1,76.200000,46.600000,0.611549,2.760870,1.688406,62.432004,2.262029,46.800000,1.695652,60.100000,2.177536,27.600000,discovery,50.000000,True,67.100000,False,67.100000,False,67.100000,False
gbpusd,short,2022-03-01 12:00:00+00:00,2022-03-01 16:00:00+00:00,2022-02-28 12:00:00+00:00,1.335160,1.343140,-79.800000,6,70.000000,54.900000,0.784286,1.648444,1.292851,63.996736,1.507072,68.100000,1.603701,68.100000,1.603701,42.464286,discovery,50.000000,True,100.000000,True,150.000000,True,200.000000,True
gbpusd,short,2022-06-10 12:00:00+00:00,2022-06-10 16:00:00+00:00,2022-06-01 12:00:00+00:00,1.232880,1.259930,-270.500000,43,138.200000,108.400000,0.784370,3.073550,2.410802,166.619805,3.705603,140.700000,3.129150,183.500000,4.081017,44.964286,discovery,50.000000,True,100.000000,True,150.000000,True,200.000000,True
gbpusd,long,2022-08-01 20:00:00+00:00,2022-08-02 00:00:00+00:00,2022-07-29 12:00:00+00:00,1.225660,1.206270,-193.900000,9,17.600000,1.000000,0.056818,0.373220,0.021206,73.893153,1.566956,75.200000,1.594668,89.300000,1.893669,47.157143,discovery,-193.900000,False,-193.900000,False,-193.900000,False,-193.900000,False
gbpusd,short,2022-08-18 12:00:00+00:00,2022-08-18 16:00:00+00:00,2022-08-16 12:00:00+00:00,1.196820,1.211750,-149.300000,12,103.200000,94.600000,0.916667,2.026083,1.857243,93.748599,1.840528,120.500000,2.365727,59.500000,1.168139,50.935714,discovery,50.000000,True,100.000000,True,150.000000,True,200.000000,True
gbpusd,long,2022-10-28 16:00:00+00:00,2022-10-28 20:00:00+00:00,2022-10-28 04:00:00+00:00,1.161650,1.150910,-107.400000,3,67.400000,45.200000,0.670623,1.176999,0.789323,85.341647,1.490312,101.600000,1.774230,42.100000,0.735188,57.264286,discovery,-107.400000,False,-107.400000,False,-107.400000,False,-107.400000,False
gbpusd,long,2023-01-17 12:00:00+00:00,2023-01-17 16:00:00+00:00,2023-01-11 08:00:00+00:00,1.227880,1.211670,-162.100000,26,67.200000,24.400000,0.363095,1.451852,0.527160,67.630643,1.461156,148.700000,3.212654,73.900000,1.596605,46.285714,discovery,50.000000,True,100.000000,True,150.000000,True,91.400000,False
gbpusd,long,2023-03-20 00:00:00+00:00,2023-03-20 04:00:00+00:00,2023-03-15 08:00:00+00:00,1.217260,1.205880,-113.800000,17,31.400000,13.600000,0.433121,0.733890,0.317863,41.735800,0.975461,106.200000,2.482137,9.500000,0.222037,42.785714,discovery,50.000000,True,100.000000,True,150.000000,True,98.300000,False
gbpusd,short,2023-05-24 04:00:00+00:00,2023-05-24 08:00:00+00:00,2023-05-19 12:00:00+00:00,1.240970,1.248350,-73.800000,17,67.200000,16.600000,0.247024,2.020619,0.499141,18.891230,0.568035,51.600000,1.551546,-0.800000,-0.024055,33.257143,discovery,50.000000,True,100.000000,True,54.000000,False,54.000000,False
gbpusd,long,2023-06-13 08:00:00+00:00,2023-06-13 12:00:00+00:00,2023-06-12 12:00:00+00:00,1.257180,1.248650,-85.300000,5,22.000000,6.400000,0.290909,0.762376,0.221782,36.859513,1.277310,83.300000,2.886634,8.900000,0.308416,28.857143,discovery,50.000000,True,100.000000,True,150.000000,True,200.000000,True
gbpusd,short,2023-08-10 16:00:00+00:00,2023-08-10 20:00:00+00:00,2023-08-04 12:00:00+00:00,1.267510,1.278330,-108.200000,26,56.100000,48.700000,0.868093,1.558024,1.352509,57.150395,1.587196,97.800000,2.716128,45.300000,1.258084,36.007143,discovery,50.000000,True,-43.800000,False,-43.800000,False,-43.800000,False
gbpusd,long,2023-11-16 08:00:00+00:00,2023-11-16 12:00:00+00:00,2023-11-16 04:00:00+00:00,1.240370,1.237630,-27.400000,1,37.200000,24.300000,0.653226,0.819126,0.535074,23.499208,0.517441,24.100000,0.530670,-67.900000,-1.495124,45.414286,discovery,50.000000,True,-27.400000,False,-27.400000,False,-27.400000,False
gbpusd,short,2024-03-26 12:00:00+00:00,2024-03-26 16:00:00+00:00,2024-03-25 12:00:00+00:00,1.262790,1.265200,-24.100000,6,33.200000,25.000000,0.753012,1.564456,1.178055,17.508438,0.825036,16.300000,0.768092,16.300000,0.768092,21.221429,discovery,-24.100000,False,-24.100000,False,-24.100000,False,-24.100000,False
gbpusd,long,2024-05-22 04:00:00+00:00,2024-05-22 08:00:00+00:00,2024-05-21 12:00:00+00:00,1.274700,1.268630,-60.700000,4,53.300000,34.600000,0.649156,2.683207,1.741819,46.912660,2.361659,39.200000,1.973391,34.600000,1.741819,19.864286,discovery,-60.700000,False,-60.700000,False,-60.700000,False,-60.700000,False
gbpusd,long,2024-07-10 12:00:00+00:00,2024-07-10 16:00:00+00:00,2024-07-09 12:00:00+00:00,1.284100,1.277730,-63.700000,6,41.700000,34.900000,0.836930,2.013798,1.685409,45.100210,2.178003,56.900000,2.747844,56.900000,2.747844,20.707143,discovery,50.000000,True,100.000000,True,150.000000,True,114.700000,False
gbpusd,short,2024-08-06 04:00:00+00:00,2024-08-06 08:00:00+00:00,2024-08-02 12:00:00+00:00,1.273970,1.284000,-100.300000,11,45.600000,39.300000,0.861842,0.991304,0.854348,42.596774,0.926017,57.100000,1.241304,54.300000,1.180435,46.000000,discovery,50.000000,True,-29.000000,False,-29.000000,False,-29.000000,False
gbpusd,long,2024-08-20 16:00:00+00:00,2024-08-20 20:00:00+00:00,2024-08-15 12:00:00+00:00,1.303250,1.279840,-234.100000,20,18.200000,7.000000,0.384615,0.716939,0.275746,76.505368,3.013717,170.300000,6.708497,43.100000,1.697805,25.385714,discovery,50.000000,True,100.000000,True,150.000000,True,152.000000,False
gbpusd,short,2024-10-13 20:00:00+00:00,2024-10-14 00:00:00+00:00,2024-10-11 08:00:00+00:00,1.304790,1.308090,-33.000000,4,19.900000,13.000000,0.653266,0.803577,0.524950,25.185939,1.017027,12.500000,0.504759,6.300000,0.254399,24.764286,discovery,-33.000000,False,-33.000000,False,-33.000000,False,-33.000000,False
gbpusd,long,2025-02-20 12:00:00+00:00,2025-02-20 16:00:00+00:00,2025-02-19 08:00:00+00:00,1.264000,1.257490,-65.100000,7,46.300000,31.500000,0.680346,1.584066,1.077713,44.405328,1.519244,56.300000,1.926197,51.000000,1.744868,29.228571,validation,50.000000,True,54.400000,False,54.400000,False,54.400000,False
gbpusd,short,2025-04-09 08:00:00+00:00,2025-04-09 12:00:00+00:00,2025-04-09 00:00:00+00:00,1.277350,1.284540,-71.900000,2,64.400000,26.100000,0.405280,0.987514,0.400219,54.441508,0.834810,44.300000,0.679299,5.300000,0.081271,65.214286,validation,-71.900000,False,-71.900000,False,-71.900000,False,-71.900000,False
gbpusd,long,2025-09-10 00:00:00+00:00,2025-09-10 04:00:00+00:00,2025-09-09 20:00:00+00:00,1.353240,1.351510,-17.300000,1,21.900000,12.000000,0.547945,0.789392,0.432544,14.766834,0.532275,12.100000,0.436148,-27.000000,-0.973223,27.742857,validation,-17.300000,False,-17.300000,False,-17.300000,False,-17.300000,False
gbpusd,long,2026-04-14 04:00:00+00:00,2026-04-14 08:00:00+00:00,2026-04-12 20:00:00+00:00,1.353160,1.338060,-151.000000,8,28.500000,15.100000,0.529825,0.985915,0.522362,84.369901,2.918652,138.000000,4.773907,100.000000,3.459353,28.907143,oos,50.000000,True,-29.200000,False,-29.200000,False,-29.200000,False
gbpusd,long,2026-07-10 08:00:00+00:00,2026-07-10 12:00:00+00:00,2026-07-07 16:00:00+00:00,1.342590,1.334860,-77.300000,16,29.000000,4.700000,0.162069,0.936995,0.151858,32.285880,1.043163,64.500000,2.084006,37.600000,1.214863,30.950000,oos,-77.300000,False,-77.300000,False,-77.300000,False,-77.300000,False
gbpusd,short,2026-07-27 08:00:00+00:00,2026-07-27 12:00:00+00:00,2026-07-26 20:00:00+00:00,1.331370,1.335610,-42.400000,3,31.400000,20.600000,0.656051,1.110943,0.728835,33.106288,1.171312,36.600000,1.294920,28.000000,0.990649,28.264286,oos,-42.400000,False,-42.400000,False,-42.400000,False,-42.400000,False
gbpusd,long,2026-08-05 08:00:00+00:00,2026-08-05 12:00:00+00:00,2026-08-03 12:00:00+00:00,1.347890,1.342240,-56.500000,11,28.700000,11.200000,0.390244,1.409330,0.549982,34.682011,1.703080,45.100000,2.214662,32.500000,1.595931,20.364286,oos,50.000000,True,14.300000,False,14.300000,False,14.300000,False
gbpusd,short,2026-09-16 08:00:00+00:00,2026-09-16 12:00:00+00:00,2026-09-16 04:00:00+00:00,1.345570,1.349730,-41.600000,1,20.200000,15.600000,0.772277,1.011445,0.781116,33.577076,1.681256,15.700000,0.786123,27.300000,1.366953,19.971429,oos,50.000000,True,100.000000,True,95.300000,False,95.300000,False
audusd,short,2021-01-29 00:00:00+00:00,2021-01-29 04:00:00+00:00,2021-01-28 16:00:00+00:00,0.764280,0.769690,-54.100000,2,34.200000,27.500000,0.804094,0.935156,0.751953,36.591496,1.000549,51.900000,1.419141,-14.700000,-0.401953,36.571429,discovery,-54.100000,False,-54.100000,False,-54.100000,False,-54.100000,False
audusd,long,2021-02-18 08:00:00+00:00,2021-02-18 12:00:00+00:00,2021-02-12 08:00:00+00:00,0.777680,0.771950,-57.300000,25,28.200000,18.500000,0.656028,1.034591,0.678721,19.191560,0.704093,51.600000,1.893082,36.000000,1.320755,27.257143,discovery,50.000000,True,100.000000,True,150.000000,True,147.600000,False
audusd,short,2021-03-23 00:00:00+00:00,2021-03-23 04:00:00+00:00,2021-03-22 12:00:00+00:00,0.771280,0.775460,-41.800000,3,38.400000,31.500000,0.820313,1.493748,1.225340,31.149405,1.211702,36.300000,1.412059,12.700000,0.494026,25.707143,discovery,50.000000,True,100.000000,True,150.000000,True,77.000000,False
audusd,long,2021-04-19 20:00:00+00:00,2021-04-20 00:00:00+00:00,2021-04-18 20:00:00+00:00,0.776430,0.771270,-51.600000,6,15.900000,7.900000,0.496855,0.784079,0.389574,28.758483,1.418171,51.400000,2.534695,51.400000,2.534695,20.278571,discovery,50.000000,True,-51.600000,False,-51.600000,False,-51.600000,False
audusd,short,2021-09-16 00:00:00+00:00,2021-09-16 04:00:00+00:00,2021-09-15 20:00:00+00:00,0.732410,0.734360,-19.500000,1,26.400000,16.900000,0.640152,1.191874,0.762980,15.554190,0.702221,17.000000,0.767494,-2.900000,-0.130926,22.150000,discovery,50.000000,True,100.000000,True,84.700000,False,84.700000,False
audusd,long,2021-10-14 04:00:00+00:00,2021-10-14 08:00:00+00:00,2021-10-12 20:00:00+00:00,0.740070,0.733180,-68.900000,8,23.000000,12.300000,0.534783,1.000933,0.535281,44.601227,1.940992,67.700000,2.946223,52.900000,2.302145,22.978571,discovery,50.000000,True,100.000000,True,86.900000,False,86.900000,False
audusd,short,2021-11-10 16:00:00+00:00,2021-11-10 20:00:00+00:00,2021-11-10 12:00:00+00:00,0.733120,0.739290,-61.700000,1,40.500000,26.800000,0.661728,1.575875,1.042802,52.909971,2.058754,27.000000,1.050584,47.000000,1.828794,25.700000,discovery,50.000000,True,31.100000,False,31.100000,False,31.100000,False
audusd,long,2021-12-28 08:00:00+00:00,2021-12-28 12:00:00+00:00,2021-12-27 08:00:00+00:00,0.725160,0.720510,-46.500000,6,17.500000,15.800000,0.902857,1.004922,0.907301,26.794484,1.538650,36.600000,2.101723,36.600000,2.101723,17.414286,discovery,-3.900000,False,-3.900000,False,-3.900000,False,-3.900000,False
audusd,short,2022-01-25 08:00:00+00:00,2022-01-25 12:00:00+00:00,2022-01-25 00:00:00+00:00,0.712760,0.717600,-48.400000,2,31.000000,14.600000,0.470968,1.096236,0.516292,38.582535,1.364374,15.800000,0.558727,4.100000,0.144986,28.278571,discovery,-48.400000,False,-48.400000,False,-48.400000,False,-48.400000,False
audusd,long,2022-02-21 04:00:00+00:00,2022-02-21 08:00:00+00:00,2022-02-17 00:00:00+00:00,0.721510,0.715610,-59.000000,14,19.200000,9.000000,0.468750,0.710735,0.333157,29.968622,1.109362,58.300000,2.158117,10.300000,0.381280,27.014286,discovery,50.000000,True,-59.000000,False,-59.000000,False,-59.000000,False
audusd,long,2022-06-02 12:00:00+00:00,2022-06-02 16:00:00+00:00,2022-05-31 12:00:00+00:00,0.725140,0.714920,-102.200000,12,50.300000,43.300000,0.860835,1.590334,1.369015,69.857363,2.208679,66.500000,2.102529,89.400000,2.826558,31.628571,discovery,-32.600000,False,-32.600000,False,-32.600000,False,-32.600000,False
audusd,long,2022-07-27 16:00:00+00:00,2022-07-27 20:00:00+00:00,2022-07-26 08:00:00+00:00,0.699390,0.692160,-72.300000,8,100.300000,75.100000,0.748754,3.151964,2.360045,57.494141,1.806774,64.000000,2.011223,61.500000,1.932660,31.821429,discovery,-72.300000,False,-72.300000,False,-72.300000,False,-72.300000,False
audusd,short,2022-11-01 12:00:00+00:00,2022-11-01 16:00:00+00:00,2022-10-31 00:00:00+00:00,0.639040,0.642490,-34.500000,9,83.100000,54.700000,0.658243,3.021033,1.988574,22.543154,0.819538,32.300000,1.174240,2.300000,0.083615,27.507143,discovery,-34.500000,False,-34.500000,False,-34.500000,False,-34.500000,False
audusd,short,2023-02-16 20:00:00+00:00,2023-02-17 00:00:00+00:00,2023-02-16 08:00:00+00:00,0.686120,0.693570,-74.500000,3,36.400000,35.500000,0.975275,1.013726,0.988661,52.801947,1.470514,52.000000,1.448180,44.500000,1.239308,35.907143,discovery,50.000000,True,50.100000,False,50.100000,False,50.100000,False
audusd,short,2023-04-25 00:00:00+00:00,2023-04-25 04:00:00+00:00,2023-04-24 20:00:00+00:00,0.667860,0.670460,-26.000000,1,28.200000,24.300000,0.861702,1.379455,1.188679,18.338194,0.897047,24.400000,1.193571,0.600000,0.029350,20.442857,discovery,50.000000,True,100.000000,True,44.100000,False,44.100000,False
audusd,long,2023-05-10 16:00:00+00:00,2023-05-10 20:00:00+00:00,2023-05-09 12:00:00+00:00,0.677560,0.674610,-29.500000,7,34.200000,14.700000,0.429825,1.644796,0.706974,20.804685,1.000569,25.700000,1.236001,15.400000,0.740639,20.792857,discovery,-29.500000,False,-29.500000,False,-29.500000,False,-29.500000,False
audusd,long,2023-06-15 12:00:00+00:00,2023-06-15 16:00:00+00:00,2023-06-14 16:00:00+00:00,0.686890,0.675530,-113.600000,5,83.000000,74.100000,0.892771,2.385057,2.129310,83.141663,2.389128,78.800000,2.264368,38.700000,1.112069,34.800000,discovery,-113.600000,False,-113.600000,False,-113.600000,False,-113.600000,False
audusd,long,2024-03-12 00:00:00+00:00,2024-03-12 04:00:00+00:00,2024-03-11 12:00:00+00:00,0.661580,0.659630,-19.500000,3,12.000000,1.900000,0.158333,0.724763,0.114754,10.820626,0.653532,8.800000,0.531493,4.700000,0.283865,16.557143,discovery,-19.500000,False,-19.500000,False,-19.500000,False,-19.500000,False
audusd,long,2024-04-09 20:00:00+00:00,2024-04-10 00:00:00+00:00,2024-04-05 12:00:00+00:00,0.662780,0.654880,-79.000000,15,11.900000,1.400000,0.117647,0.769871,0.090573,31.185306,2.017534,45.300000,2.930684,23.200000,1.500924,15.457143,discovery,-79.000000,False,-79.000000,False,-79.000000,False,-79.000000,False
audusd,short,2024-07-30 08:00:00+00:00,2024-07-30 12:00:00+00:00,2024-07-30 04:00:00+00:00,0.653620,0.656200,-25.800000,1,20.600000,14.300000,0.694175,1.234061,0.856654,19.873232,1.190523,14.500000,0.868635,5.900000,0.353445,16.692857,discovery,50.000000,True,100.000000,True,150.000000,True,93.400000,False
audusd,long,2024-08-20 16:00:00+00:00,2024-08-20 20:00:00+00:00,2024-08-15 12:00:00+00:00,0.674640,0.659550,-150.900000,20,15.400000,6.700000,0.435065,0.866211,0.376858,52.315273,2.942603,117.800000,6.625954,14.800000,0.832463,17.778571,discovery,50.000000,True,26.300000,False,26.300000,False,26.300000,False
audusd,long,2024-09-16 04:00:00+00:00,2024-09-16 08:00:00+00:00,2024-09-15 20:00:00+00:00,0.672740,0.669550,-31.900000,2,9.700000,0.600000,0.061856,0.489722,0.030292,25.032253,1.263799,13.900000,0.701767,30.500000,1.539849,19.807143,discovery,50.000000,True,100.000000,True,82.300000,False,82.300000,False
audusd,long,2025-01-24 00:00:00+00:00,2025-01-24 04:00:00+00:00,2025-01-23 16:00:00+00:00,0.631840,0.625460,-63.800000,2,42.500000,36.300000,0.854118,1.907663,1.629368,51.663574,2.318981,30.500000,1.369029,45.600000,2.046810,22.278571,validation,-63.800000,False,-63.800000,False,-63.800000,False,-63.800000,False
audusd,short,2025-01-31 20:00:00+00:00,2025-02-01 00:00:00+00:00,2025-01-31 12:00:00+00:00,0.620580,0.623900,-33.200000,2,16.000000,8.600000,0.537500,0.673077,0.361779,26.097247,1.097841,31.300000,1.316707,7.900000,0.332332,23.771429,validation,50.000000,True,100.000000,True,-33.200000,False,-33.200000,False
audusd,long,2025-02-13 20:00:00+00:00,2025-02-14 00:00:00+00:00,2025-02-07 12:00:00+00:00,0.631590,0.625770,-58.200000,27,21.900000,14.200000,0.648402,0.877253,0.568813,30.138541,1.207266,41.200000,1.650358,34.800000,1.393991,24.964286,validation,50.000000,True,27.100000,False,27.100000,False,27.100000,False
audusd,short,2025-03-03 16:00:00+00:00,2025-03-03 20:00:00+00:00,2025-03-03 12:00:00+00:00,0.622170,0.625410,-32.400000,1,30.500000,18.500000,0.606557,1.639785,0.994624,22.519872,1.210746,18.700000,1.005376,-19.200000,-1.032258,18.600000,validation,-32.400000,False,-32.400000,False,-32.400000,False,-32.400000,False
audusd,short,2025-03-24 12:00:00+00:00,2025-03-24 16:00:00+00:00,2025-03-24 08:00:00+00:00,0.627810,0.630480,-26.700000,1,19.300000,13.800000,0.715026,1.008209,0.720896,19.611080,1.024459,13.800000,0.720896,-3.700000,-0.193284,19.142857,validation,-26.700000,False,-26.700000,False,-26.700000,False,-26.700000,False
audusd,long,2025-06-30 12:00:00+00:00,2025-06-30 16:00:00+00:00,2025-06-27 16:00:00+00:00,0.657220,0.650770,-64.500000,6,45.700000,40.800000,0.892779,2.182873,1.948823,42.024289,2.007301,47.600000,2.273627,47.600000,2.273627,20.935714,validation,-22.300000,False,-22.300000,False,-22.300000,False,-22.300000,False
audusd,long,2025-09-05 12:00:00+00:00,2025-09-05 16:00:00+00:00,2025-09-02 04:00:00+00:00,0.656770,0.649970,-68.000000,20,48.100000,27.000000,0.561331,2.633555,1.478295,34.669495,1.898212,63.800000,3.493156,56.600000,3.098944,18.264286,validation,50.000000,True,88.600000,False,88.600000,False,88.600000,False
audusd,short,2025-10-22 08:00:00+00:00,2025-10-22 12:00:00+00:00,2025-10-15 00:00:00+00:00,0.648400,0.651600,-32.000000,33,21.300000,18.500000,0.868545,1.193277,1.036415,11.866328,0.664780,28.300000,1.585434,8.100000,0.453782,17.850000,validation,-32.000000,False,-32.000000,False,-32.000000,False,-32.000000,False
audusd,short,2025-11-06 12:00:00+00:00,2025-11-06 16:00:00+00:00,2025-11-06 04:00:00+00:00,0.646860,0.651750,-48.900000,2,52.300000,38.700000,0.739962,2.424503,1.794040,39.220205,1.818155,42.000000,1.947020,30.600000,1.418543,21.571429,validation,-48.900000,False,-48.900000,False,-48.900000,False,-48.900000,False
audusd,long,2025-12-10 04:00:00+00:00,2025-12-10 08:00:00+00:00,2025-12-08 12:00:00+00:00,0.664700,0.661390,-33.100000,10,15.400000,9.900000,0.642857,0.874645,0.562272,17.107511,0.971623,29.800000,1.692495,9.900000,0.562272,17.607143,validation,-9.700000,False,-9.700000,False,-9.700000,False,-9.700000,False
audusd,short,2026-03-24 00:00:00+00:00,2026-03-24 04:00:00+00:00,2026-03-23 16:00:00+00:00,0.696770,0.702890,-61.200000,2,44.200000,40.100000,0.907240,0.983002,0.891819,51.517022,1.145732,43.100000,0.958539,13.300000,0.295790,44.964286,oos,50.000000,True,100.000000,True,98.900000,False,98.900000,False
audusd,long,2026-04-14 20:00:00+00:00,2026-04-15 00:00:00+00:00,2026-04-13 00:00:00+00:00,0.712840,0.701620,-112.200000,11,30.200000,2.600000,0.086093,1.102765,0.094940,46.408693,1.694631,90.600000,3.308294,29.900000,1.091810,27.385714,oos,50.000000,True,45.000000,False,45.000000,False,45.000000,False
audusd,short,2026-06-09 12:00:00+00:00,2026-06-09 16:00:00+00:00,2026-06-05 12:00:00+00:00,0.702670,0.714270,-116.000000,13,40.800000,33.300000,0.816176,1.450114,1.183549,44.507713,1.581894,31.200000,1.108911,26.600000,0.945418,28.135714,oos,-53.000000,False,-53.000000,False,-53.000000,False,-53.000000,False
audusd,long,2026-08-02 20:00:00+00:00,2026-08-03 00:00:00+00:00,2026-07-31 12:00:00+00:00,0.704510,0.699090,-54.200000,3,14.100000,0.400000,0.028369,0.621341,0.017627,39.821790,1.754816,21.400000,0.943028,20.100000,0.885741,22.692857,oos,-54.200000,False,-54.200000,False,-54.200000,False,-54.200000,False
audusd,short,2026-09-22 04:00:00+00:00,2026-09-22 08:00:00+00:00,2026-09-17 12:00:00+00:00,0.710150,0.712610,-24.600000,17,23.000000,20.400000,0.886957,1.500466,1.330848,19.331906,1.261168,11.200000,0.730662,24.500000,1.598322,15.328571,oos,50.000000,True,81.300000,False,81.300000,False,81.300000,False
nzdusd,long,2021-04-19 20:00:00+00:00,2021-04-20 00:00:00+00:00,2021-04-18 20:00:00+00:00,0.718880,0.712400,-64.800000,6,20.300000,7.800000,0.384236,1.011028,0.388474,37.582365,1.871765,63.300000,3.152615,63.300000,3.152615,20.078571,discovery,1.700000,False,1.700000,False,1.700000,False,1.700000,False
nzdusd,short,2021-06-09 12:00:00+00:00,2021-06-09 16:00:00+00:00,2021-06-09 04:00:00+00:00,0.717350,0.720820,-34.700000,2,45.800000,31.100000,0.679039,2.451070,1.664373,29.170955,1.561137,27.000000,1.444954,21.000000,1.123853,18.685714,discovery,-34.700000,False,-34.700000,False,-34.700000,False,-34.700000,False
nzdusd,long,2021-10-22 04:00:00+00:00,2021-10-22 08:00:00+00:00,2021-10-21 16:00:00+00:00,0.718040,0.714050,-39.900000,3,22.200000,14.300000,0.644144,0.997113,0.642284,25.018909,1.123724,25.700000,1.154315,4.000000,0.179660,22.264286,discovery,-39.900000,False,-39.900000,False,-39.900000,False,-39.900000,False
nzdusd,short,2022-01-20 00:00:00+00:00,2022-01-20 04:00:00+00:00,2022-01-19 08:00:00+00:00,0.676660,0.679820,-31.600000,4,28.300000,12.500000,0.441696,1.374263,0.607007,22.649948,1.099893,24.800000,1.204301,12.700000,0.616719,20.592857,discovery,-31.600000,False,-31.600000,False,-31.600000,False,-31.600000,False
nzdusd,long,2022-02-28 16:00:00+00:00,2022-02-28 20:00:00+00:00,2022-02-21 20:00:00+00:00,0.676500,0.667990,-85.100000,30,26.000000,2.700000,0.103846,0.857884,0.089088,39.167718,1.292359,70.400000,2.322885,21.700000,0.716003,30.307143,discovery,50.000000,True,100.000000,True,92.100000,False,92.100000,False
nzdusd,short,2022-04-13 08:00:00+00:00,2022-04-13 12:00:00+00:00,2022-04-12 12:00:00+00:00,0.677480,0.688920,-114.400000,5,28.700000,26.200000,0.912892,0.969829,0.885349,67.272250,2.273260,105.600000,3.568429,70.500000,2.382332,29.592857,discovery,50.000000,True,36.700000,False,36.700000,False,36.700000,False
nzdusd,short,2022-06-08 00:00:00+00:00,2022-06-08 04:00:00+00:00,2022-06-07 16:00:00+00:00,0.645990,0.649850,-38.600000,2,27.900000,19.700000,0.706093,0.957353,0.675980,28.676205,0.983987,34.800000,1.194118,9.500000,0.325980,29.142857,discovery,50.000000,True,100.000000,True,150.000000,True,200.000000,True
nzdusd,long,2022-08-01 12:00:00+00:00,2022-08-01 16:00:00+00:00,2022-07-29 08:00:00+00:00,0.634400,0.626850,-75.500000,8,30.000000,11.600000,0.386667,1.007919,0.389729,54.847382,1.842725,71.200000,2.392129,55.500000,1.864651,29.764286,discovery,-75.500000,False,-75.500000,False,-75.500000,False,-75.500000,False
nzdusd,short,2022-08-26 12:00:00+00:00,2022-08-26 16:00:00+00:00,2022-08-23 12:00:00+00:00,0.615810,0.624410,-86.000000,18,76.600000,47.700000,0.622715,2.663686,1.658718,44.430068,1.545010,66.100000,2.298559,55.700000,1.936910,28.757143,discovery,50.000000,True,92.400000,False,92.400000,False,92.400000,False
nzdusd,long,2022-10-31 00:00:00+00:00,2022-10-31 04:00:00+00:00,2022-10-28 08:00:00+00:00,0.582090,0.578230,-38.600000,5,28.100000,20.800000,0.740214,0.714234,0.528686,17.907235,0.455158,19.000000,0.482934,12.300000,0.312636,39.342857,discovery,-38.600000,False,-38.600000,False,-38.600000,False,-38.600000,False
nzdusd,short,2023-02-15 08:00:00+00:00,2023-02-15 12:00:00+00:00,2023-02-07 16:00:00+00:00,0.626900,0.635890,-89.900000,35,26.400000,13.900000,0.526515,0.904774,0.476377,52.436882,1.797102,48.400000,1.658752,68.300000,2.340759,29.178571,discovery,50.000000,True,25.400000,False,25.400000,False,25.400000,False
nzdusd,long,2023-06-22 00:00:00+00:00,2023-06-22 04:00:00+00:00,2023-06-15 08:00:00+00:00,0.620600,0.616000,-46.000000,29,15.500000,0.800000,0.051613,0.658774,0.034001,16.526910,0.702419,44.200000,1.878567,35.600000,1.513054,23.528571,discovery,-46.000000,False,-46.000000,False,-46.000000,False,-46.000000,False
nzdusd,long,2023-07-06 08:00:00+00:00,2023-07-06 12:00:00+00:00,2023-07-06 04:00:00+00:00,0.621770,0.616230,-55.400000,1,30.300000,19.100000,0.630363,1.232423,0.776874,41.890626,1.703860,19.200000,0.780941,32.200000,1.309704,24.585714,discovery,-55.400000,False,-55.400000,False,-55.400000,False,-55.400000,False
nzdusd,short,2023-10-18 12:00:00+00:00,2023-10-18 16:00:00+00:00,2023-10-18 04:00:00+00:00,0.585670,0.591930,-62.600000,2,41.400000,33.900000,0.818841,1.866066,1.528010,50.275033,2.266099,47.200000,2.127495,49.400000,2.226658,22.185714,discovery,24.700000,False,24.700000,False,24.700000,False,24.700000,False
nzdusd,short,2024-01-22 12:00:00+00:00,2024-01-22 16:00:00+00:00,2024-01-22 00:00:00+00:00,0.610400,0.613860,-34.600000,3,20.200000,11.200000,0.554455,0.965847,0.535519,15.281443,0.730670,18.900000,0.903689,8.000000,0.382514,20.914286,discovery,-34.600000,False,-34.600000,False,-34.600000,False,-34.600000,False
nzdusd,long,2024-05-08 20:00:00+00:00,2024-05-09 00:00:00+00:00,2024-05-08 00:00:00+00:00,0.600300,0.598280,-20.200000,5,12.100000,3.300000,0.272727,0.932306,0.254265,7.864540,0.605963,13.600000,1.047881,7.100000,0.547056,12.978571,discovery,38.800000,False,38.800000,False,38.800000,False,38.800000,False
nzdusd,short,2024-06-27 12:00:00+00:00,2024-06-27 16:00:00+00:00,2024-06-27 08:00:00+00:00,0.608710,0.610450,-17.400000,1,23.500000,7.000000,0.297872,1.468095,0.437305,14.500692,0.905889,6.900000,0.431058,-10.100000,-0.630968,16.007143,discovery,-17.400000,False,-17.400000,False,-17.400000,False,-17.400000,False
nzdusd,short,2024-07-17 00:00:00+00:00,2024-07-17 04:00:00+00:00,2024-07-11 12:00:00+00:00,0.606710,0.613410,-67.000000,22,15.600000,3.100000,0.198718,0.817059,0.162364,11.172699,0.585177,44.000000,2.304527,-8.900000,-0.466143,19.092857,discovery,50.000000,True,100.000000,True,98.400000,False,98.400000,False
nzdusd,short,2025-01-31 08:00:00+00:00,2025-01-31 12:00:00+00:00,2025-01-29 20:00:00+00:00,0.564040,0.566610,-25.700000,9,22.900000,18.300000,0.799127,1.192708,0.953125,13.714497,0.714297,24.200000,1.260417,6.800000,0.354167,19.200000,validation,-25.700000,False,-25.700000,False,-25.700000,False,-25.700000,False
nzdusd,short,2025-03-04 00:00:00+00:00,2025-03-04 04:00:00+00:00,2025-03-03 12:00:00+00:00,0.560240,0.563490,-32.500000,3,20.100000,9.300000,0.462687,1.182850,0.547289,24.253977,1.427304,23.400000,1.377049,-0.900000,-0.052963,16.992857,validation,-32.500000,False,-32.500000,False,-32.500000,False,-32.500000,False
nzdusd,long,2025-04-21 00:00:00+00:00,2025-04-21 04:00:00+00:00,2025-04-20 20:00:00+00:00,0.600130,0.591500,-86.300000,1,45.500000,42.300000,0.929670,1.817404,1.689586,70.018326,2.796738,42.400000,1.693581,74.500000,2.975749,25.035714,validation,-28.000000,False,-28.000000,False,-28.000000,False,-28.000000,False
nzdusd,long,2025-06-30 12:00:00+00:00,2025-06-30 16:00:00+00:00,2025-06-27 16:00:00+00:00,0.608970,0.603650,-53.200000,6,33.500000,28.200000,0.841791,1.544796,1.300395,35.674194,1.645055,37.800000,1.743083,37.800000,1.743083,21.685714,validation,-53.200000,False,-53.200000,False,-53.200000,False,-53.200000,False
nzdusd,short,2025-07-16 00:00:00+00:00,2025-07-16 04:00:00+00:00,2025-07-15 08:00:00+00:00,0.594540,0.600120,-55.800000,4,21.700000,8.700000,0.400922,1.078070,0.432221,34.224830,1.700311,46.800000,2.325053,31.500000,1.564940,20.128571,validation,-13.700000,False,-13.700000,False,-13.700000,False,-13.700000,False
nzdusd,long,2025-09-11 20:00:00+00:00,2025-09-12 00:00:00+00:00,2025-09-10 20:00:00+00:00,0.597640,0.592800,-48.400000,6,15.200000,1.100000,0.072368,0.845451,0.061184,35.510108,1.975135,34.300000,1.907827,34.300000,1.907827,17.978571,validation,-42.900000,False,-42.900000,False,-42.900000,False,-42.900000,False
nzdusd,short,2025-09-29 16:00:00+00:00,2025-09-29 20:00:00+00:00,2025-09-29 08:00:00+00:00,0.577850,0.579560,-17.100000,2,8.700000,6.000000,0.689655,0.660163,0.455285,12.907162,0.979405,7.000000,0.531165,-5.800000,-0.440108,13.178571,validation,-17.100000,False,-17.100000,False,-17.100000,False,-17.100000,False
nzdusd,long,2025-12-03 00:00:00+00:00,2025-12-03 04:00:00+00:00,2025-12-01 16:00:00+00:00,0.574830,0.572460,-23.700000,8,17.400000,7.700000,0.442529,1.063291,0.470537,17.781975,1.086633,22.000000,1.344391,22.700000,1.387167,16.364286,validation,36.900000,False,36.900000,False,36.900000,False,36.900000,False
nzdusd,short,2026-05-19 00:00:00+00:00,2026-05-19 04:00:00+00:00,2026-05-18 12:00:00+00:00,0.585440,0.588110,-26.700000,3,23.700000,19.000000,0.801688,1.198267,0.960636,20.257016,1.024190,11.900000,0.601661,-14.500000,-0.733117,19.778571,oos,-26.700000,False,-26.700000,False,-26.700000,False,-26.700000,False
nzdusd,short,2026-06-10 16:00:00+00:00,2026-06-10 20:00:00+00:00,2026-06-09 04:00:00+00:00,0.580140,0.584760,-46.200000,9,24.500000,19.500000,0.795918,1.202243,0.956887,20.846550,1.022964,23.600000,1.158079,13.700000,0.672275,20.378571,oos,-46.200000,False,-46.200000,False,-46.200000,False,-46.200000,False
nzdusd,long,2026-07-17 12:00:00+00:00,2026-07-17 16:00:00+00:00,2026-07-17 08:00:00+00:00,0.584650,0.582460,-21.900000,1,23.400000,15.300000,0.653846,1.406612,0.919708,18.499413,1.112030,15.400000,0.925719,3.100000,0.186346,16.635714,oos,-21.900000,False,-21.900000,False,-21.900000,False,-21.900000,False
nzdusd,short,2026-09-08 00:00:00+00:00,2026-09-08 04:00:00+00:00,2026-09-07 04:00:00+00:00,0.585620,0.588140,-25.200000,5,31.000000,26.000000,0.838710,1.891892,1.586748,21.272640,1.298243,24.700000,1.507411,15.600000,0.952049,16.385714,oos,50.000000,True,74.200000,False,74.200000,False,74.200000,False
usdcad,long,2021-06-22 00:00:00+00:00,2021-06-22 04:00:00+00:00,2021-06-21 16:00:00+00:00,1.237190,1.235290,-19.000000,2,15.500000,2.200000,0.141935,0.408048,0.057917,7.324988,0.192835,13.300000,0.350132,-97.300000,-2.561489,37.985714,discovery,-19.000000,False,-19.000000,False,-19.000000,False,-19.000000,False
usdcad,long,2021-09-09 20:00:00+00:00,2021-09-10 00:00:00+00:00,2021-09-09 16:00:00+00:00,1.266540,1.262220,-43.200000,1,14.100000,10.800000,0.765957,0.371891,0.284853,20.670188,0.545182,10.400000,0.274303,-28.300000,-0.746420,37.914286,discovery,-43.200000,False,-43.200000,False,-43.200000,False,-43.200000,False
usdcad,short,2021-10-06 16:00:00+00:00,2021-10-06 20:00:00+00:00,2021-10-06 04:00:00+00:00,1.258830,1.264070,-52.400000,3,39.500000,25.900000,0.655696,1.248025,0.818325,27.649111,0.873590,50.600000,1.598736,-10.200000,-0.322275,31.650000,discovery,50.000000,True,100.000000,True,150.000000,True,128.300000,False
usdcad,short,2022-01-04 12:00:00+00:00,2022-01-04 16:00:00+00:00,2022-01-03 12:00:00+00:00,1.267470,1.277850,-103.800000,6,98.700000,75.800000,0.767984,2.310702,1.774582,51.419129,1.203792,97.300000,2.277926,97.300000,2.277926,42.714286,discovery,-103.800000,False,-103.800000,False,-103.800000,False,-103.800000,False
usdcad,long,2022-03-08 08:00:00+00:00,2022-03-08 12:00:00+00:00,2022-03-07 04:00:00+00:00,1.281450,1.268480,-129.700000,7,33.000000,18.600000,0.563636,0.797927,0.449741,62.848851,1.519661,107.300000,2.594473,102.000000,2.466321,41.357143,discovery,50.000000,True,-43.600000,False,-43.600000,False,-43.600000,False
usdcad,short,2022-03-22 16:00:00+00:00,2022-03-22 20:00:00+00:00,2022-03-22 08:00:00+00:00,1.256720,1.262370,-56.500000,2,41.700000,37.900000,0.908873,1.302544,1.183846,45.064119,1.407625,19.300000,0.602856,22.000000,0.687193,32.014286,discovery,50.000000,True,100.000000,True,43.100000,False,43.100000,False
usdcad,short,2022-06-02 12:00:00+00:00,2022-06-02 16:00:00+00:00,2022-06-02 04:00:00+00:00,1.258650,1.268550,-99.000000,2,73.600000,60.700000,0.824728,2.203122,1.816977,77.644825,2.324198,73.100000,2.188155,84.400000,2.526406,33.407143,discovery,50.000000,True,65.000000,False,65.000000,False,65.000000,False
usdcad,long,2022-06-17 16:00:00+00:00,2022-06-17 20:00:00+00:00,2022-06-15 16:00:00+00:00,1.302750,1.286200,-165.500000,12,42.700000,25.100000,0.587822,0.781438,0.459346,85.105315,1.557483,136.500000,2.498039,95.000000,1.738562,54.642857,discovery,-41.900000,False,-41.900000,False,-41.900000,False,-41.900000,False
usdcad,short,2022-07-25 12:00:00+00:00,2022-07-25 16:00:00+00:00,2022-07-22 16:00:00+00:00,1.284320,1.292740,-84.200000,6,35.200000,22.800000,0.647727,1.075044,0.696335,52.377958,1.599676,70.600000,2.156195,70.600000,2.156195,32.742857,discovery,50.000000,True,39.100000,False,39.100000,False,39.100000,False
usdcad,long,2022-08-26 12:00:00+00:00,2022-08-26 16:00:00+00:00,2022-08-18 08:00:00+00:00,1.300550,1.288030,-125.200000,38,106.200000,69.300000,0.652542,2.894860,1.889019,48.009757,1.308677,115.100000,3.137461,62.300000,1.698209,36.685714,discovery,50.000000,True,100.000000,True,150.000000,True,200.000000,True
usdcad,short,2023-01-13 04:00:00+00:00,2023-01-13 08:00:00+00:00,2023-01-10 12:00:00+00:00,1.335490,1.344510,-90.200000,16,40.600000,28.800000,0.709360,1.145044,0.812248,54.520650,1.537649,78.200000,2.205479,78.800000,2.222401,35.457143,discovery,-90.200000,False,-90.200000,False,-90.200000,False,-90.200000,False
usdcad,long,2023-02-21 00:00:00+00:00,2023-02-21 04:00:00+00:00,2023-02-20 12:00:00+00:00,1.347410,1.344090,-33.200000,3,27.100000,20.600000,0.760148,1.071449,0.814459,21.413454,0.846621,18.900000,0.747247,-5.900000,-0.233267,25.292857,discovery,-33.200000,False,-33.200000,False,-33.200000,False,-33.200000,False
usdcad,short,2023-04-03 08:00:00+00:00,2023-04-03 12:00:00+00:00,2023-04-03 04:00:00+00:00,1.344690,1.353600,-89.100000,1,53.000000,49.800000,0.939623,2.997980,2.816970,75.798435,4.287588,49.700000,2.811313,66.200000,3.744646,17.678571,discovery,-67.300000,False,-67.300000,False,-67.300000,False,-67.300000,False
usdcad,short,2023-06-08 04:00:00+00:00,2023-06-08 08:00:00+00:00,2023-06-06 12:00:00+00:00,1.334200,1.345210,-110.100000,10,25.800000,19.000000,0.736434,0.798938,0.588365,61.678615,1.909977,61.800000,1.913736,73.200000,2.266755,32.292857,discovery,50.000000,True,49.800000,False,49.800000,False,49.800000,False
usdcad,long,2023-08-08 04:00:00+00:00,2023-08-08 08:00:00+00:00,2023-08-04 16:00:00+00:00,1.342310,1.331870,-104.400000,10,36.200000,29.000000,0.801105,1.287602,1.031504,58.753641,2.089814,39.600000,1.408537,47.900000,1.703760,28.114286,discovery,50.000000,True,22.500000,False,22.500000,False,22.500000,False
usdcad,short,2023-11-24 12:00:00+00:00,2023-11-24 16:00:00+00:00,2023-11-23 12:00:00+00:00,1.360090,1.371070,-109.800000,6,94.300000,83.100000,0.881230,2.976105,2.622633,89.132030,2.813004,97.900000,3.089720,97.900000,3.089720,31.685714,discovery,50.000000,True,37.400000,False,37.400000,False,37.400000,False
usdcad,short,2024-01-31 12:00:00+00:00,2024-01-31 16:00:00+00:00,2024-01-31 08:00:00+00:00,1.335920,1.343140,-72.200000,1,78.300000,69.600000,0.888889,3.081811,2.739387,64.281356,2.530051,69.600000,2.739387,70.800000,2.786618,25.407143,discovery,-72.200000,False,-72.200000,False,-72.200000,False,-72.200000,False
usdcad,long,2024-06-07 12:00:00+00:00,2024-06-07 16:00:00+00:00,2024-06-06 00:00:00+00:00,1.374860,1.366550,-83.100000,9,92.200000,76.000000,0.824295,3.332817,2.747224,68.878273,2.489790,71.900000,2.599019,63.900000,2.309837,27.664286,discovery,-0.600000,False,-0.600000,False,-0.600000,False,-0.600000,False
usdcad,long,2024-07-23 16:00:00+00:00,2024-07-23 20:00:00+00:00,2024-07-18 08:00:00+00:00,1.377910,1.367000,-109.100000,21,21.600000,13.800000,0.638889,1.247010,0.796701,38.853249,2.243074,99.900000,5.767423,26.000000,1.501031,17.321429,discovery,50.000000,True,73.500000,False,73.500000,False,73.500000,False
usdcad,short,2024-08-13 16:00:00+00:00,2024-08-13 20:00:00+00:00,2024-08-12 12:00:00+00:00,1.370780,1.374730,-39.500000,7,18.800000,15.300000,0.813830,1.249763,1.017094,28.259759,1.878616,32.100000,2.133903,35.400000,2.353276,15.042857,discovery,50.000000,True,72.000000,False,72.000000,False,72.000000,False
usdcad,short,2025-02-10 12:00:00+00:00,2025-02-10 16:00:00+00:00,2025-02-09 20:00:00+00:00,1.431990,1.437930,-59.400000,4,25.300000,19.700000,0.778656,0.751698,0.585314,16.049826,0.476862,12.500000,0.371392,-36.900000,-1.096350,33.657143,validation,50.000000,True,100.000000,True,150.000000,True,160.500000,False
usdcad,long,2025-03-04 16:00:00+00:00,2025-03-04 20:00:00+00:00,2025-03-03 12:00:00+00:00,1.448780,1.436820,-119.600000,7,58.100000,9.600000,0.165232,1.125346,0.185944,46.236248,0.895555,86.900000,1.683177,-11.500000,-0.222745,51.628571,validation,-119.600000,False,-119.600000,False,-119.600000,False,-119.600000,False
usdcad,long,2025-09-05 12:00:00+00:00,2025-09-05 16:00:00+00:00,2025-09-05 04:00:00+00:00,1.382430,1.379330,-31.000000,2,81.100000,22.300000,0.274969,3.573812,0.982688,23.484106,1.034868,30.700000,1.352849,-4.200000,-0.185080,22.692857,validation,-31.000000,False,-31.000000,False,-31.000000,False,-31.000000,False
usdcad,long,2025-10-02 12:00:00+00:00,2025-10-02 16:00:00+00:00,2025-09-29 12:00:00+00:00,1.397590,1.390280,-73.100000,18,46.200000,31.300000,0.677489,2.040379,1.382334,41.594381,1.836976,70.900000,3.131230,21.700000,0.958360,22.642857,validation,-21.700000,False,-21.700000,False,-21.700000,False,-21.700000,False
usdcad,short,2025-12-02 12:00:00+00:00,2025-12-02 16:00:00+00:00,2025-12-02 00:00:00+00:00,1.398030,1.400690,-26.600000,3,38.600000,32.100000,0.831606,1.422105,1.182632,22.473524,0.827972,17.800000,0.655789,-15.600000,-0.574737,27.142857,validation,50.000000,True,100.000000,True,150.000000,True,169.300000,False
usdcad,long,2026-01-13 16:00:00+00:00,2026-01-13 20:00:00+00:00,2026-01-13 04:00:00+00:00,1.388650,1.386660,-19.900000,3,21.000000,7.700000,0.366667,1.045891,0.383493,14.712727,0.732758,9.300000,0.463180,16.100000,0.801850,20.078571,oos,-19.900000,False,-19.900000,False,-19.900000,False,-19.900000,False
usdcad,short,2026-01-27 12:00:00+00:00,2026-01-27 16:00:00+00:00,2026-01-27 08:00:00+00:00,1.361000,1.373790,-127.900000,1,101.600000,96.100000,0.945866,3.068162,2.902071,115.506810,3.488126,95.900000,2.896031,69.600000,2.101812,33.114286,oos,50.000000,True,100.000000,True,-81.500000,False,-81.500000,False
usdcad,short,2026-03-02 00:00:00+00:00,2026-03-02 04:00:00+00:00,2026-02-26 08:00:00+00:00,1.364520,1.368610,-40.900000,11,33.000000,23.300000,0.706061,1.327968,0.937626,21.275287,0.856148,39.700000,1.597586,25.400000,1.022133,24.850000,oos,-40.900000,False,-40.900000,False,-40.900000,False,-40.900000,False
usdcad,long,2026-03-19 08:00:00+00:00,2026-03-19 12:00:00+00:00,2026-03-16 12:00:00+00:00,1.373600,1.365250,-83.500000,17,19.600000,0.100000,0.005102,0.871388,0.004446,31.782770,1.413016,52.100000,2.316291,47.500000,2.111782,22.492857,oos,50.000000,True,59.100000,False,59.100000,False,59.100000,False
usdcad,long,2026-05-20 00:00:00+00:00,2026-05-20 04:00:00+00:00,2026-05-18 12:00:00+00:00,1.375450,1.373200,-22.500000,9,11.700000,5.400000,0.461538,0.667754,0.308194,11.701302,0.667828,11.600000,0.662046,8.500000,0.485120,17.521429,oos,-22.500000,False,-22.500000,False,-22.500000,False,-22.500000,False
usdcad,long,2026-09-30 16:00:00+00:00,2026-09-30 20:00:00+00:00,2026-09-30 12:00:00+00:00,1.422970,1.415410,-75.600000,1,25.600000,18.600000,0.726563,1.244877,0.904481,52.269697,2.541771,18.600000,0.904481,46.900000,2.280653,20.564286,oos,14.700000,False,14.700000,False,14.700000,False,14.700000,False
usdchf,short,2021-04-13 12:00:00+00:00,2021-04-13 16:00:00+00:00,2021-04-13 08:00:00+00:00,0.921300,0.925940,-46.400000,1,46.500000,33.000000,0.709677,2.178715,1.546185,37.415465,1.753067,33.000000,1.546185,15.300000,0.716867,21.342857,discovery,50.000000,True,57.300000,False,57.300000,False,57.300000,False
usdchf,short,2021-07-28 20:00:00+00:00,2021-07-29 00:00:00+00:00,2021-07-28 16:00:00+00:00,0.909710,0.915770,-60.600000,1,7.100000,3.900000,0.549296,0.344780,0.189386,51.397787,2.495904,3.900000,0.189386,46.800000,2.272633,20.592857,discovery,50.000000,True,59.000000,False,59.000000,False,59.000000,False
usdchf,long,2021-11-18 00:00:00+00:00,2021-11-18 04:00:00+00:00,2021-11-15 00:00:00+00:00,0.927690,0.918660,-90.300000,18,17.200000,8.400000,0.488372,0.730583,0.356796,9.577069,0.406793,84.200000,3.576456,-42.500000,-1.805218,23.542857,discovery,50.000000,True,64.400000,False,64.400000,False,64.400000,False
usdchf,short,2021-12-03 20:00:00+00:00,2021-12-05 20:00:00+00:00,2021-12-02 08:00:00+00:00,0.917230,0.922120,-48.900000,9,23.900000,13.900000,0.581590,1.010266,0.587560,40.691802,1.720064,29.900000,1.263889,36.100000,1.525966,23.657143,discovery,-48.900000,False,-48.900000,False,-48.900000,False,-48.900000,False
usdchf,long,2021-12-08 08:00:00+00:00,2021-12-08 12:00:00+00:00,2021-12-08 04:00:00+00:00,0.924330,0.922920,-14.100000,1,24.600000,1.800000,0.073171,1.188406,0.086957,9.166563,0.442829,1.600000,0.077295,-6.000000,-0.289855,20.700000,discovery,-14.100000,False,-14.100000,False,-14.100000,False,-14.100000,False
usdchf,short,2022-02-21 04:00:00+00:00,2022-02-21 08:00:00+00:00,2022-02-20 20:00:00+00:00,0.919100,0.921980,-28.800000,2,14.100000,8.300000,0.588652,0.861632,0.507202,22.139979,1.352945,17.800000,1.087735,15.200000,0.928852,16.364286,discovery,-28.800000,False,-28.800000,False,-28.800000,False,-28.800000,False
usdchf,long,2022-03-11 08:00:00+00:00,2022-03-11 12:00:00+00:00,2022-03-09 16:00:00+00:00,0.931570,0.925010,-65.600000,10,25.400000,12.200000,0.480315,1.104348,0.530435,37.027188,1.609878,51.400000,2.234783,47.800000,2.078261,23.000000,discovery,50.000000,True,100.000000,True,83.000000,False,83.000000,False
usdchf,long,2022-04-14 08:00:00+00:00,2022-04-14 12:00:00+00:00,2022-04-10 20:00:00+00:00,0.937590,0.931210,-63.800000,21,35.600000,34.900000,0.980337,1.314693,1.288842,41.190355,1.521142,33.700000,1.244527,34.100000,1.259298,27.078571,discovery,50.000000,True,100.000000,True,150.000000,True,91.400000,False
usdchf,long,2022-06-14 20:00:00+00:00,2022-06-15 00:00:00+00:00,2022-06-09 12:00:00+00:00,0.999460,0.972350,-271.100000,21,27.700000,23.600000,0.851986,0.632111,0.538549,76.209621,1.739095,217.100000,4.954197,27.400000,0.625265,43.821429,discovery,50.000000,True,-271.100000,False,-271.100000,False,-271.100000,False
usdchf,short,2022-06-24 08:00:00+00:00,2022-06-24 12:00:00+00:00,2022-06-23 04:00:00+00:00,0.956590,0.966680,-100.900000,7,70.600000,46.700000,0.661473,1.791878,1.185279,68.486104,1.738226,97.500000,2.474619,82.000000,2.081218,39.400000,discovery,50.000000,True,-6.600000,False,-6.600000,False,-6.600000,False
usdchf,long,2022-07-14 04:00:00+00:00,2022-07-14 08:00:00+00:00,2022-07-13 04:00:00+00:00,0.984270,0.978420,-58.500000,6,31.200000,28.600000,0.916667,0.987342,0.905063,44.623210,1.412127,53.800000,1.702532,53.800000,1.702532,31.600000,discovery,-58.500000,False,-58.500000,False,-58.500000,False,-58.500000,False
usdchf,short,2022-07-27 16:00:00+00:00,2022-07-27 20:00:00+00:00,2022-07-26 08:00:00+00:00,0.958940,0.966770,-78.300000,8,75.700000,63.100000,0.833554,2.749870,2.292164,48.751184,1.770930,55.400000,2.012455,39.800000,1.445771,27.528571,discovery,50.000000,True,100.000000,True,18.300000,False,18.300000,False
usdchf,long,2022-08-30 12:00:00+00:00,2022-08-30 16:00:00+00:00,2022-08-23 12:00:00+00:00,0.974470,0.960270,-142.000000,31,60.300000,39.700000,0.658375,1.722857,1.134286,66.982356,1.913782,111.500000,3.185714,54.300000,1.551429,35.000000,discovery,50.000000,True,100.000000,True,54.000000,False,54.000000,False
usdchf,long,2022-10-04 04:00:00+00:00,2022-10-04 08:00:00+00:00,2022-09-28 12:00:00+00:00,0.989700,0.975210,-144.900000,23,53.900000,3.000000,0.055659,1.190596,0.066267,29.274411,0.646642,139.900000,3.090249,18.600000,0.410855,45.271429,discovery,50.000000,True,76.700000,False,76.700000,False,76.700000,False
usdchf,short,2022-11-10 12:00:00+00:00,2022-11-10 16:00:00+00:00,2022-11-10 08:00:00+00:00,0.967130,0.989850,-227.200000,1,238.800000,225.500000,0.944305,4.418131,4.172063,192.227711,3.556479,225.500000,4.172063,168.600000,3.119334,54.050000,discovery,50.000000,True,100.000000,True,150.000000,True,200.000000,True
usdchf,long,2023-02-28 20:00:00+00:00,2023-03-01 00:00:00+00:00,2023-02-27 12:00:00+00:00,0.942030,0.934380,-76.500000,8,19.800000,16.200000,0.818182,0.738019,0.603834,35.213630,1.312542,49.200000,1.833866,63.000000,2.348243,26.828571,discovery,-76.500000,False,-76.500000,False,-76.500000,False,-76.500000,False
usdchf,long,2023-08-18 12:00:00+00:00,2023-08-18 16:00:00+00:00,2023-08-17 08:00:00+00:00,0.881680,0.877100,-45.800000,7,32.700000,10.200000,0.311927,1.427057,0.445137,26.872222,1.172728,45.100000,1.968204,25.000000,1.091022,22.914286,discovery,-45.800000,False,-45.800000,False,-45.800000,False,-45.800000,False
usdchf,short,2023-10-18 00:00:00+00:00,2023-10-18 04:00:00+00:00,2023-10-17 08:00:00+00:00,0.899110,0.903020,-39.100000,4,19.600000,10.100000,0.515306,0.900558,0.464063,23.812169,1.094094,7.200000,0.330817,16.100000,0.739744,21.764286,discovery,50.000000,True,84.200000,False,84.200000,False,84.200000,False
usdchf,short,2023-11-08 12:00:00+00:00,2023-11-08 16:00:00+00:00,2023-11-07 04:00:00+00:00,0.898530,0.901130,-26.000000,8,28.200000,18.100000,0.641844,1.440876,0.924818,18.932044,0.967331,17.500000,0.894161,17.900000,0.914599,19.571429,discovery,-26.000000,False,-26.000000,False,-26.000000,False,-26.000000,False
usdchf,long,2024-01-23 08:00:00+00:00,2024-01-23 12:00:00+00:00,2024-01-23 00:00:00+00:00,0.869350,0.866730,-26.200000,2,31.200000,27.000000,0.865385,1.616580,1.398964,20.699205,1.072498,25.300000,1.310881,11.800000,0.611399,19.300000,discovery,-26.200000,False,-26.200000,False,-26.200000,False,-26.200000,False
usdchf,short,2024-02-01 16:00:00+00:00,2024-02-01 20:00:00+00:00,2024-01-31 20:00:00+00:00,0.857560,0.864350,-67.900000,5,44.200000,39.200000,0.886878,1.407643,1.248408,44.841561,1.428075,47.900000,1.525478,24.400000,0.777070,31.400000,discovery,-67.900000,False,-67.900000,False,-67.900000,False,-67.900000,False
usdchf,long,2024-02-12 08:00:00+00:00,2024-02-12 12:00:00+00:00,2024-02-12 04:00:00+00:00,0.875150,0.872620,-25.300000,1,30.400000,23.000000,0.756579,1.911950,1.446541,16.963299,1.066874,22.900000,1.440252,2.400000,0.150943,15.900000,discovery,50.000000,True,100.000000,True,57.400000,False,57.400000,False
usdchf,short,2024-07-10 00:00:00+00:00,2024-07-10 04:00:00+00:00,2024-07-09 00:00:00+00:00,0.897310,0.899030,-17.200000,6,9.700000,2.600000,0.268041,0.828554,0.222087,5.541128,0.473312,10.500000,0.896888,10.500000,0.896888,11.707143,discovery,-17.200000,False,-17.200000,False,-17.200000,False,-17.200000,False
usdchf,long,2024-10-08 08:00:00+00:00,2024-10-08 12:00:00+00:00,2024-10-07 12:00:00+00:00,0.856550,0.853380,-31.700000,5,34.000000,28.100000,0.826471,1.309131,1.081958,24.079110,0.927138,11.100000,0.427393,13.800000,0.531353,25.971429,discovery,50.000000,True,52.500000,False,52.500000,False,52.500000,False
usdchf,short,2025-08-26 12:00:00+00:00,2025-08-26 16:00:00+00:00,2025-08-25 16:00:00+00:00,0.803100,0.807090,-39.900000,5,21.100000,15.600000,0.739336,0.782931,0.578850,17.358208,0.644089,37.100000,1.376623,3.500000,0.129870,26.950000,validation,-39.900000,False,-39.900000,False,-39.900000,False,-39.900000,False
usdchf,short,2025-12-19 16:00:00+00:00,2025-12-19 20:00:00+00:00,2025-12-15 16:00:00+00:00,0.794690,0.797310,-26.200000,24,14.100000,11.800000,0.836879,0.831858,0.696165,7.286102,0.429859,19.300000,1.138643,-6.700000,-0.395280,16.950000,validation,50.000000,True,53.100000,False,53.100000,False,53.100000,False
usdchf,short,2026-01-22 12:00:00+00:00,2026-01-22 16:00:00+00:00,2026-01-21 16:00:00+00:00,0.790730,0.796850,-61.200000,5,24.600000,20.800000,0.845528,0.891766,0.754013,35.149829,1.274204,48.600000,1.761781,33.100000,1.199896,27.585714,oos,50.000000,True,100.000000,True,150.000000,True,200.000000,True
usdchf,long,2026-03-05 12:00:00+00:00,2026-03-05 16:00:00+00:00,2026-03-04 16:00:00+00:00,0.781820,0.778690,-31.300000,5,36.300000,16.800000,0.462810,1.267648,0.586680,24.138111,0.842937,30.300000,1.058119,18.800000,0.656523,28.635714,oos,-31.300000,False,-31.300000,False,-31.300000,False,-31.300000,False
usdchf,short,2026-04-20 12:00:00+00:00,2026-04-20 16:00:00+00:00,2026-04-16 08:00:00+00:00,0.778190,0.784310,-61.200000,14,43.600000,29.500000,0.676606,2.108463,1.426598,38.939829,1.883101,50.500000,2.442142,31.200000,1.508808,20.678571,oos,-61.200000,False,-61.200000,False,-61.200000,False,-61.200000,False
usdchf,short,2026-05-07 04:00:00+00:00,2026-05-07 08:00:00+00:00,2026-05-04 08:00:00+00:00,0.777580,0.784660,-70.800000,17,18.200000,15.700000,0.862637,0.939182,0.810173,32.960369,1.700867,66.500000,3.431626,21.600000,1.114633,19.378571,oos,-39.500000,False,-39.500000,False,-39.500000,False,-39.500000,False
usdchf,long,2026-05-21 12:00:00+00:00,2026-05-21 16:00:00+00:00,2026-05-18 12:00:00+00:00,0.789290,0.784410,-48.800000,18,25.500000,11.200000,0.439216,1.224280,0.537723,18.626911,0.894296,37.500000,1.800412,17.000000,0.816187,20.828571,oos,-48.800000,False,-48.800000,False,-48.800000,False,-48.800000,False
usdchf,long,2026-06-05 12:00:00+00:00,2026-06-05 16:00:00+00:00,2026-06-04 08:00:00+00:00,0.795520,0.786770,-87.500000,7,77.300000,75.100000,0.971539,3.406358,3.309411,65.033086,2.865795,84.600000,3.728045,70.400000,3.102298,22.692857,oos,50.000000,True,51.300000,False,51.300000,False,51.300000,False
audnzd,short,2021-01-04 12:00:00+00:00,2021-01-04 16:00:00+00:00,2021-01-04 04:00:00+00:00,1.068650,1.071760,-31.100000,2,30.300000,21.100000,0.696370,,,24.594469,,25.400000,,28.700000,,,discovery,-31.100000,False,-31.100000,False,-31.100000,False,-31.100000,False
audnzd,short,2021-01-29 12:00:00+00:00,2021-01-29 16:00:00+00:00,2021-01-28 12:00:00+00:00,1.064670,1.071250,-65.800000,6,26.900000,23.300000,0.866171,1.218376,1.055322,45.654256,2.067808,61.300000,2.776448,61.300000,2.776448,22.078571,discovery,50.000000,True,100.000000,True,34.300000,False,34.300000,False
audnzd,long,2021-02-17 08:00:00+00:00,2021-02-17 12:00:00+00:00,2021-02-16 04:00:00+00:00,1.077490,1.073350,-41.400000,7,17.500000,8.400000,0.480000,1.030278,0.494533,23.299526,1.371713,39.000000,2.296047,37.100000,2.184188,16.985714,discovery,50.000000,True,10.600000,False,10.600000,False,10.600000,False
audnzd,long,2021-03-05 00:00:00+00:00,2021-03-05 04:00:00+00:00,2021-03-04 20:00:00+00:00,1.075220,1.072910,-23.100000,1,17.400000,4.300000,0.247126,0.920635,0.227513,19.517617,1.032678,4.200000,0.222222,11.000000,0.582011,18.900000,discovery,-23.100000,False,-23.100000,False,-23.100000,False,-23.100000,False
audnzd,long,2021-10-06 08:00:00+00:00,2021-10-06 12:00:00+00:00,2021-10-04 04:00:00+00:00,1.051190,1.045520,-56.700000,13,24.700000,13.000000,0.526316,1.095691,0.576679,40.831881,1.811300,55.700000,2.470849,69.200000,3.069708,22.542857,discovery,50.000000,True,85.900000,False,85.900000,False,85.900000,False
audnzd,short,2021-10-21 16:00:00+00:00,2021-10-21 20:00:00+00:00,2021-10-21 00:00:00+00:00,1.043170,1.046410,-32.400000,4,25.000000,15.200000,0.608000,1.226349,0.745620,20.753736,1.018053,18.800000,0.922214,2.200000,0.107919,20.385714,discovery,-32.400000,False,-32.400000,False,-32.400000,False,-32.400000,False
audnzd,short,2021-11-05 08:00:00+00:00,2021-11-05 12:00:00+00:00,2021-11-05 04:00:00+00:00,1.040660,1.042800,-21.400000,1,29.600000,18.500000,0.625000,1.565546,0.978466,18.717728,0.989982,18.500000,0.978466,-6.700000,-0.354363,18.907143,discovery,50.000000,True,15.600000,False,15.600000,False,15.600000,False
audnzd,long,2021-12-13 00:00:00+00:00,2021-12-13 04:00:00+00:00,2021-12-12 20:00:00+00:00,1.055660,1.051620,-40.400000,1,22.300000,11.900000,0.533632,1.171043,0.624906,31.374998,1.647599,12.700000,0.666917,22.200000,1.165791,19.042857,discovery,15.900000,False,15.900000,False,15.900000,False,15.900000,False
audnzd,long,2022-03-25 20:00:00+00:00,2022-03-27 20:00:00+00:00,2022-03-21 08:00:00+00:00,1.079020,1.070540,-84.800000,27,13.900000,11.500000,0.827338,0.709960,0.587377,22.194590,1.133616,65.400000,3.340387,6.900000,0.352426,19.578571,discovery,50.000000,True,18.400000,False,18.400000,False,18.400000,False
audnzd,long,2022-06-06 20:00:00+00:00,2022-06-07 00:00:00+00:00,2022-06-06 08:00:00+00:00,1.108290,1.105560,-27.300000,3,31.600000,2.600000,0.082278,1.876166,0.154368,17.728413,1.052578,17.900000,1.062765,17.000000,1.009330,16.842857,discovery,50.000000,True,-6.300000,False,-6.300000,False,-6.300000,False
audnzd,long,2022-07-26 08:00:00+00:00,2022-07-26 12:00:00+00:00,2022-07-20 00:00:00+00:00,1.111250,1.103930,-73.200000,27,27.600000,13.400000,0.485507,1.183824,0.574755,19.726179,0.846098,72.400000,3.105392,23.700000,1.016544,23.314286,discovery,50.000000,True,0.700000,False,0.700000,False,0.700000,False
audnzd,long,2022-08-22 08:00:00+00:00,2022-08-22 12:00:00+00:00,2022-08-21 20:00:00+00:00,1.113760,1.109870,-38.900000,3,29.400000,11.100000,0.377551,3.636042,1.372792,18.393084,2.274763,1.400000,0.173145,6.400000,0.791519,8.085714,discovery,50.000000,True,100.000000,True,96.600000,False,96.600000,False
audnzd,short,2022-10-17 20:00:00+00:00,2022-10-18 00:00:00+00:00,2022-10-17 00:00:00+00:00,1.113040,1.118820,-57.800000,5,46.000000,38.100000,0.828261,1.694737,1.403684,42.299277,1.558394,32.500000,1.197368,27.100000,0.998421,27.142857,discovery,50.000000,True,100.000000,True,77.800000,False,77.800000,False
audnzd,long,2023-01-03 04:00:00+00:00,2023-01-03 08:00:00+00:00,2023-01-02 20:00:00+00:00,1.077400,1.072190,-52.100000,2,44.900000,25.900000,0.576837,1.318926,0.760806,42.380140,1.244906,14.200000,0.417121,25.900000,0.760806,34.042857,discovery,-52.100000,False,-52.100000,False,-52.100000,False,-52.100000,False
audnzd,long,2023-04-15 20:00:00+00:00,2023-04-16 00:00:00+00:00,2023-04-13 20:00:00+00:00,1.080250,1.074610,-56.400000,12,0.000000,0.000000,,0.000000,0.000000,20.889647,1.462275,40.200000,2.814000,0.000000,0.000000,14.285714,discovery,50.000000,True,84.500000,False,84.500000,False,84.500000,False
audnzd,long,2023-06-01 04:00:00+00:00,2023-06-01 08:00:00+00:00,2023-05-31 12:00:00+00:00,1.082410,1.077950,-44.600000,4,21.900000,14.200000,0.648402,0.797814,0.517304,31.595527,1.151021,27.900000,1.016393,22.300000,0.812386,27.450000,discovery,50.000000,True,63.500000,False,63.500000,False,63.500000,False
audnzd,short,2023-06-26 00:00:00+00:00,2023-06-26 04:00:00+00:00,2023-06-25 20:00:00+00:00,1.083620,1.088590,-49.700000,1,32.400000,29.300000,0.904321,6.039947,5.462051,41.817299,7.795502,29.200000,5.443409,26.100000,4.865513,5.364286,discovery,-49.700000,False,-49.700000,False,-49.700000,False,-49.700000,False
audnzd,short,2023-08-02 12:00:00+00:00,2023-08-02 16:00:00+00:00,2023-07-31 12:00:00+00:00,1.075430,1.083350,-79.200000,12,24.900000,11.900000,0.477912,0.831584,0.397424,38.312377,1.279516,66.900000,2.234256,8.700000,0.290553,29.942857,discovery,-11.600000,False,-11.600000,False,-11.600000,False,-11.600000,False
audnzd,long,2023-08-27 20:00:00+00:00,2023-08-28 00:00:00+00:00,2023-08-24 20:00:00+00:00,1.085550,1.082600,-29.500000,18,24.900000,18.000000,0.722892,6.835294,4.941176,15.756163,4.325221,22.800000,6.258824,18.000000,4.941176,3.642857,discovery,3.300000,False,3.300000,False,3.300000,False,3.300000,False
audnzd,long,2023-10-24 08:00:00+00:00,2023-10-24 12:00:00+00:00,2023-10-22 20:00:00+00:00,1.087720,1.080370,-73.500000,9,17.800000,14.400000,0.808989,0.950057,0.768586,43.362721,2.314442,35.700000,1.905452,35.900000,1.916127,18.735714,discovery,50.000000,True,48.000000,False,48.000000,False,48.000000,False
audnzd,short,2023-12-05 00:00:00+00:00,2023-12-05 04:00:00+00:00,2023-12-01 16:00:00+00:00,1.069980,1.076140,-61.600000,9,42.200000,32.500000,0.770142,1.809495,1.393568,43.066127,1.846633,56.400000,2.418377,44.000000,1.886677,23.321429,discovery,-27.200000,False,-27.200000,False,-27.200000,False,-27.200000,False
audnzd,short,2024-02-05 12:00:00+00:00,2024-02-05 16:00:00+00:00,2024-02-02 08:00:00+00:00,1.070670,1.073490,-28.200000,8,22.100000,15.300000,0.692308,1.225347,0.848317,19.285230,1.069280,19.500000,1.081188,26.300000,1.458218,18.035714,discovery,-28.200000,False,-28.200000,False,-28.200000,False,-28.200000,False
audnzd,long,2024-03-08 08:00:00+00:00,2024-03-08 12:00:00+00:00,2024-03-06 12:00:00+00:00,1.074510,1.068400,-61.100000,11,13.000000,8.100000,0.623077,0.854460,0.532394,31.727815,2.085396,29.700000,1.952113,22.900000,1.505164,15.214286,discovery,-11.500000,False,-11.500000,False,-11.500000,False,-11.500000,False
audnzd,short,2024-05-22 08:00:00+00:00,2024-05-22 12:00:00+00:00,2024-05-20 00:00:00+00:00,1.088240,1.094370,-61.300000,14,14.600000,5.200000,0.356164,0.694765,0.247451,34.854314,1.658601,52.500000,2.498300,56.800000,2.702923,21.014286,discovery,50.000000,True,63.800000,False,63.800000,False,63.800000,False
audnzd,long,2024-06-26 16:00:00+00:00,2024-06-26 20:00:00+00:00,2024-06-20 20:00:00+00:00,1.093300,1.084970,-83.300000,24,11.100000,5.200000,0.468468,0.524823,0.245863,44.340318,2.096469,54.200000,2.562648,71.400000,3.375887,21.150000,discovery,50.000000,True,33.500000,False,33.500000,False,33.500000,False
audnzd,short,2024-08-07 16:00:00+00:00,2024-08-07 20:00:00+00:00,2024-08-05 16:00:00+00:00,1.087330,1.095570,-82.400000,12,30.000000,23.000000,0.766667,0.710540,0.544747,52.872779,1.252274,69.300000,1.641347,82.800000,1.961089,42.221429,discovery,-82.400000,False,-82.400000,False,-82.400000,False,-82.400000,False
audnzd,short,2024-08-30 12:00:00+00:00,2024-08-30 16:00:00+00:00,2024-08-28 00:00:00+00:00,1.083800,1.090940,-71.400000,15,31.100000,26.700000,0.858521,1.172953,1.007004,28.427252,1.072149,42.000000,1.584052,21.600000,0.814655,26.514286,discovery,9.200000,False,9.200000,False,9.200000,False,9.200000,False
audnzd,long,2024-11-21 00:00:00+00:00,2024-11-21 04:00:00+00:00,2024-11-06 00:00:00+00:00,1.109370,1.100010,-93.600000,68,26.300000,20.000000,0.760456,1.657812,1.260693,39.553232,2.493225,83.900000,5.288609,45.100000,2.842864,15.864286,discovery,50.000000,True,-49.900000,False,-49.900000,False,-49.900000,False
audnzd,short,2024-12-02 12:00:00+00:00,2024-12-02 16:00:00+00:00,2024-12-02 00:00:00+00:00,1.098390,1.102740,-43.500000,3,26.700000,9.100000,0.340824,1.260708,0.429680,34.490483,1.628556,36.100000,1.704553,24.100000,1.137943,21.178571,discovery,-43.500000,False,-43.500000,False,-43.500000,False,-43.500000,False
audnzd,short,2025-01-31 04:00:00+00:00,2025-01-31 08:00:00+00:00,2025-01-30 08:00:00+00:00,1.101470,1.103350,-18.800000,5,16.400000,11.000000,0.670732,1.000436,0.671024,13.854765,0.845171,8.800000,0.536819,9.000000,0.549020,16.392857,validation,-18.800000,False,-18.800000,False,-18.800000,False,-18.800000,False
audnzd,long,2025-02-11 12:00:00+00:00,2025-02-11 16:00:00+00:00,2025-02-06 20:00:00+00:00,1.112770,1.103960,-88.100000,17,14.700000,11.900000,0.809524,0.870190,0.704440,30.369886,1.797795,58.400000,3.457082,19.200000,1.136575,16.892857,validation,-30.900000,False,-30.900000,False,-30.900000,False,-30.900000,False
audnzd,short,2025-03-10 04:00:00+00:00,2025-03-10 08:00:00+00:00,2025-03-04 20:00:00+00:00,1.103100,1.107660,-45.600000,21,14.600000,6.500000,0.445205,0.779558,0.347063,14.035156,0.749398,41.400000,2.210526,-10.900000,-0.581998,18.728571,validation,20.900000,False,20.900000,False,20.900000,False,20.900000,False
audnzd,long,2025-05-12 04:00:00+00:00,2025-05-12 08:00:00+00:00,2025-05-11 20:00:00+00:00,1.088720,1.082430,-62.900000,2,60.800000,50.100000,0.824013,2.750242,2.266236,45.516756,2.058916,42.300000,1.913409,21.200000,0.958966,22.107143,validation,-10.800000,False,-10.800000,False,-10.800000,False,-10.800000,False
audnzd,short,2025-05-28 00:00:00+00:00,2025-05-28 04:00:00+00:00,2025-05-27 12:00:00+00:00,1.078220,1.083490,-52.700000,3,71.900000,56.900000,0.791377,2.888379,2.285796,45.401251,1.823867,47.300000,1.900143,34.000000,1.365854,24.892857,validation,50.000000,True,32.900000,False,32.900000,False,32.900000,False
audnzd,long,2025-07-08 04:00:00+00:00,2025-07-08 08:00:00+00:00,2025-07-04 04:00:00+00:00,1.085670,1.081020,-46.500000,13,50.200000,27.100000,0.539841,2.946751,1.590776,31.578015,1.853636,41.700000,2.447799,26.200000,1.537945,17.035714,validation,50.000000,True,100.000000,True,113.500000,False,113.500000,False
audnzd,long,2026-09-01 00:00:00+00:00,2026-09-01 04:00:00+00:00,2026-08-31 20:00:00+00:00,1.213260,1.208970,-42.900000,1,32.600000,23.500000,0.720859,1.600281,1.153576,38.298981,1.880034,23.300000,1.143759,27.600000,1.354839,20.371429,oos,50.000000,True,100.000000,True,150.000000,True,135.000000,False
eurgbp,short,2021-01-21 04:00:00+00:00,2021-01-21 08:00:00+00:00,2021-01-18 04:00:00+00:00,0.884800,0.891250,-64.500000,18,20.000000,17.200000,0.860000,1.111994,0.956315,34.827592,1.936403,55.800000,3.102462,44.200000,2.457506,17.985714,discovery,-64.500000,False,-64.500000,False,-64.500000,False,-64.500000,False
eurgbp,long,2021-04-14 20:00:00+00:00,2021-04-15 00:00:00+00:00,2021-04-12 04:00:00+00:00,0.869710,0.864520,-51.900000,16,7.300000,7.200000,0.986301,0.436007,0.430034,18.652933,1.114083,48.500000,2.896758,9.400000,0.561433,16.742857,discovery,-51.900000,False,-51.900000,False,-51.900000,False,-51.900000,False
eurgbp,short,2021-07-29 00:00:00+00:00,2021-07-29 04:00:00+00:00,2021-07-27 12:00:00+00:00,0.851130,0.855580,-44.500000,9,9.300000,6.500000,0.698925,0.621480,0.434368,18.566711,1.240735,9.400000,0.628162,8.800000,0.588067,14.964286,discovery,-44.500000,False,-44.500000,False,-44.500000,False,-44.500000,False
eurgbp,long,2021-08-26 12:00:00+00:00,2021-08-26 16:00:00+00:00,2021-08-23 12:00:00+00:00,0.857790,0.855020,-27.700000,18,15.300000,8.500000,0.555556,1.151613,0.639785,16.794228,1.264082,25.300000,1.904301,10.500000,0.790323,13.285714,discovery,15.300000,False,15.300000,False,15.300000,False,15.300000,False
eurgbp,short,2021-10-12 08:00:00+00:00,2021-10-12 12:00:00+00:00,2021-10-11 16:00:00+00:00,0.848120,0.850160,-20.400000,4,41.900000,24.900000,0.594272,2.940351,1.747368,16.117241,1.131034,19.500000,1.368421,6.200000,0.435088,14.250000,discovery,50.000000,True,37.800000,False,37.800000,False,37.800000,False
eurgbp,short,2021-11-24 08:00:00+00:00,2021-11-24 12:00:00+00:00,2021-11-19 08:00:00+00:00,0.838930,0.842630,-37.000000,19,27.800000,20.300000,0.730216,1.780421,1.300091,15.256795,0.977105,4.600000,0.294602,27.600000,1.767612,15.614286,discovery,-37.000000,False,-37.000000,False,-37.000000,False,-37.000000,False
eurgbp,long,2021-12-05 20:00:00+00:00,2021-12-06 00:00:00+00:00,2021-12-02 08:00:00+00:00,0.854000,0.849820,-41.800000,10,15.900000,2.200000,0.138365,0.874656,0.121022,24.783482,1.363335,32.800000,1.804322,39.900000,2.194892,18.178571,discovery,-41.800000,False,-41.800000,False,-41.800000,False,-41.800000,False
eurgbp,short,2022-01-04 04:00:00+00:00,2022-01-04 08:00:00+00:00,2021-12-31 12:00:00+00:00,0.837090,0.840930,-38.400000,11,24.200000,19.800000,0.818182,1.247882,1.020994,25.447018,1.312185,24.700000,1.273665,31.000000,1.598527,19.392857,discovery,32.600000,False,32.600000,False,32.600000,False,32.600000,False
eurgbp,short,2022-02-16 12:00:00+00:00,2022-02-16 16:00:00+00:00,2022-02-15 12:00:00+00:00,0.836910,0.839950,-30.400000,6,32.900000,27.900000,0.848024,1.810535,1.535377,15.340006,0.844183,28.500000,1.568396,28.500000,1.568396,18.171429,discovery,50.000000,True,29.000000,False,29.000000,False,29.000000,False
eurgbp,short,2022-04-07 16:00:00+00:00,2022-04-07 20:00:00+00:00,2022-04-07 12:00:00+00:00,0.831520,0.836440,-49.200000,1,31.400000,29.600000,0.942675,1.719202,1.620649,35.396654,1.938026,29.800000,1.631600,21.700000,1.188111,18.264286,discovery,-49.200000,False,-49.200000,False,-49.200000,False,-49.200000,False
eurgbp,short,2022-07-11 16:00:00+00:00,2022-07-11 20:00:00+00:00,2022-07-11 12:00:00+00:00,0.844460,0.848970,-45.100000,1,30.600000,26.900000,0.879085,1.394531,1.225911,37.885330,1.726545,26.900000,1.225911,15.100000,0.688151,21.942857,discovery,-45.100000,False,-45.100000,False,-45.100000,False,-45.100000,False
eurgbp,short,2022-10-18 00:00:00+00:00,2022-10-18 04:00:00+00:00,2022-10-14 12:00:00+00:00,0.865240,0.871440,-62.000000,10,21.100000,17.800000,0.843602,0.546228,0.460799,23.610952,0.611230,37.200000,0.963018,16.800000,0.434911,38.628571,discovery,-62.000000,False,-62.000000,False,-62.000000,False,-62.000000,False
eurgbp,short,2022-11-23 08:00:00+00:00,2022-11-23 12:00:00+00:00,2022-11-23 00:00:00+00:00,0.864300,0.868300,-40.000000,2,63.900000,45.400000,0.710485,2.700272,1.918503,34.346029,1.451387,39.400000,1.664956,4.300000,0.181708,23.664286,discovery,50.000000,True,10.900000,False,10.900000,False,10.900000,False
eurgbp,long,2022-12-21 16:00:00+00:00,2022-12-21 20:00:00+00:00,2022-12-20 20:00:00+00:00,0.878460,0.871320,-71.400000,5,27.900000,18.400000,0.659498,0.952683,0.628293,53.717071,1.834241,68.100000,2.325366,57.000000,1.946341,29.285714,discovery,50.000000,True,60.700000,False,60.700000,False,60.700000,False
eurgbp,short,2023-03-15 08:00:00+00:00,2023-03-15 12:00:00+00:00,2023-03-15 00:00:00+00:00,0.877330,0.883510,-61.800000,2,67.300000,58.700000,0.872214,2.384109,2.079453,54.656634,1.936217,58.000000,2.054656,38.700000,1.370951,28.228571,discovery,50.000000,True,-25.100000,False,-25.100000,False,-25.100000,False
eurgbp,long,2023-07-21 08:00:00+00:00,2023-07-21 12:00:00+00:00,2023-07-21 04:00:00+00:00,0.866920,0.863350,-35.700000,1,26.000000,23.500000,0.903846,1.147541,1.037201,24.187424,1.067541,23.100000,1.019546,-23.500000,-1.037201,22.657143,discovery,-35.700000,False,-35.700000,False,-35.700000,False,-35.700000,False
eurgbp,short,2023-07-27 12:00:00+00:00,2023-07-27 16:00:00+00:00,2023-07-27 08:00:00+00:00,0.854590,0.859930,-53.400000,1,50.000000,44.500000,0.890000,2.592593,2.307407,40.977445,2.124756,44.600000,2.312593,20.700000,1.073333,19.285714,discovery,-53.400000,False,-53.400000,False,-53.400000,False,-53.400000,False
eurgbp,long,2023-08-06 20:00:00+00:00,2023-08-07 00:00:00+00:00,2023-08-03 20:00:00+00:00,0.862980,0.859620,-33.600000,7,13.900000,4.100000,0.294964,0.665527,0.196306,15.627175,0.748223,18.100000,0.866621,27.300000,1.307114,20.885714,discovery,-33.600000,False,-33.600000,False,-33.600000,False,-33.600000,False
eurgbp,short,2023-11-28 16:00:00+00:00,2023-11-28 20:00:00+00:00,2023-11-28 12:00:00+00:00,0.865510,0.868320,-28.100000,1,9.500000,2.700000,0.284211,0.761305,0.216371,23.886000,1.914161,2.600000,0.208357,17.500000,1.402404,12.478571,discovery,50.000000,True,100.000000,True,77.400000,False,77.400000,False
eurgbp,long,2023-12-28 00:00:00+00:00,2023-12-28 04:00:00+00:00,2023-12-22 04:00:00+00:00,0.867710,0.865060,-26.500000,21,6.200000,0.500000,0.080645,0.470461,0.037940,3.846598,0.291883,12.300000,0.933333,4.500000,0.341463,13.178571,discovery,-11.100000,False,-11.100000,False,-11.100000,False,-11.100000,False
eurgbp,short,2024-01-08 12:00:00+00:00,2024-01-08 16:00:00+00:00,2024-01-08 04:00:00+00:00,0.860340,0.861340,-10.000000,2,15.600000,10.200000,0.653846,4.290766,2.805501,5.722797,1.574050,8.800000,2.420432,-2.800000,-0.770138,3.635714,discovery,-10.000000,False,-10.000000,False,-10.000000,False,-10.000000,False
eurgbp,short,2024-03-08 20:00:00+00:00,2024-03-10 20:00:00+00:00,2024-03-06 12:00:00+00:00,0.850050,0.856230,-61.800000,14,8.300000,5.900000,0.710843,0.672454,0.478009,32.480903,2.631555,53.700000,4.350694,42.000000,3.402778,12.342857,discovery,-38.200000,False,-38.200000,False,-38.200000,False,-38.200000,False
eurgbp,long,2024-03-27 00:00:00+00:00,2024-03-27 04:00:00+00:00,2024-03-24 20:00:00+00:00,0.858240,0.856440,-18.000000,13,7.200000,4.600000,0.638889,0.724659,0.462976,8.551368,0.860670,4.000000,0.402588,7.600000,0.764917,9.935714,discovery,-18.000000,False,-18.000000,False,-18.000000,False,-18.000000,False
eurgbp,long,2024-04-04 08:00:00+00:00,2024-04-04 12:00:00+00:00,2024-04-03 08:00:00+00:00,0.857850,0.855670,-21.800000,6,9.400000,4.900000,0.521277,0.821986,0.428482,13.915064,1.216808,5.100000,0.445971,5.100000,0.445971,11.435714,discovery,-21.800000,False,-21.800000,False,-21.800000,False,-21.800000,False
eurgbp,long,2024-05-09 12:00:00+00:00,2024-05-09 16:00:00+00:00,2024-05-06 20:00:00+00:00,0.861340,0.855190,-61.500000,16,20.400000,11.000000,0.539216,1.641379,0.885057,19.436135,1.563827,40.900000,3.290805,11.700000,0.941379,12.428571,discovery,-32.900000,False,-32.900000,False,-32.900000,False,-32.900000,False
eurgbp,short,2024-05-24 12:00:00+00:00,2024-05-24 16:00:00+00:00,2024-05-24 04:00:00+00:00,0.851460,0.852760,-13.000000,2,19.900000,9.700000,0.487437,1.847480,0.900531,9.674778,0.898189,9.300000,0.863395,-1.400000,-0.129973,10.771429,discovery,7.100000,False,7.100000,False,7.100000,False,7.100000,False
eurgbp,short,2024-11-12 08:00:00+00:00,2024-11-12 12:00:00+00:00,2024-11-12 04:00:00+00:00,0.828200,0.830170,-19.700000,1,21.700000,14.800000,0.682028,2.130435,1.453015,9.855171,0.967548,14.900000,1.462833,-7.300000,-0.716690,10.185714,discovery,-19.700000,False,-19.700000,False,-19.700000,False,-19.700000,False
eurgbp,short,2024-11-22 20:00:00+00:00,2024-11-23 00:00:00+00:00,2024-11-21 08:00:00+00:00,0.830910,0.834100,-31.900000,9,6.200000,2.300000,0.370968,0.330793,0.122713,18.227134,0.972484,14.700000,0.784299,9.400000,0.501524,18.742857,discovery,-31.900000,False,-31.900000,False,-31.900000,False,-31.900000,False
eurgbp,long,2025-01-17 04:00:00+00:00,2025-01-17 08:00:00+00:00,2025-01-15 12:00:00+00:00,0.844720,0.840450,-42.700000,10,34.700000,27.500000,0.792507,1.815396,1.438714,29.671039,1.552297,40.100000,2.097907,20.100000,1.051570,19.114286,validation,4.300000,False,4.300000,False,4.300000,False,4.300000,False
eurgbp,short,2025-05-09 12:00:00+00:00,2025-05-09 16:00:00+00:00,2025-05-09 04:00:00+00:00,0.846320,0.849210,-28.900000,2,19.100000,13.600000,0.712042,0.971657,0.691860,24.608093,1.251865,20.300000,1.032703,3.900000,0.198401,19.657143,validation,50.000000,True,45.100000,False,45.100000,False,45.100000,False
eurgbp,long,2025-06-16 00:00:00+00:00,2025-06-16 04:00:00+00:00,2025-06-15 20:00:00+00:00,0.851570,0.849310,-22.600000,1,8.700000,0.500000,0.057471,0.465063,0.026728,18.882434,1.009370,0.300000,0.016037,8.600000,0.459717,18.707143,validation,29.700000,False,29.700000,False,29.700000,False,29.700000,False
eurgbp,long,2025-09-18 16:00:00+00:00,2025-09-18 20:00:00+00:00,2025-09-17 20:00:00+00:00,0.869810,0.865330,-44.800000,5,7.400000,3.500000,0.472973,0.457395,0.216336,23.105975,1.428184,21.900000,1.353642,27.400000,1.693598,16.178571,validation,30.900000,False,30.900000,False,30.900000,False,30.900000,False
eurgbp,short,2025-10-21 04:00:00+00:00,2025-10-21 08:00:00+00:00,2025-10-21 00:00:00+00:00,0.867980,0.869040,-10.600000,1,14.300000,6.700000,0.468531,1.008056,0.472306,8.816738,0.621522,6.800000,0.479355,12.700000,0.895267,14.185714,validation,-10.600000,False,-10.600000,False,-10.600000,False,-10.600000,False
eurgbp,short,2025-12-08 12:00:00+00:00,2025-12-08 16:00:00+00:00,2025-12-08 04:00:00+00:00,0.873240,0.875220,-19.800000,2,19.800000,15.200000,0.767677,1.845539,1.416778,10.945255,1.020197,16.400000,1.528628,-0.900000,-0.083888,10.728571,validation,-19.800000,False,-19.800000,False,-19.800000,False,-19.800000,False
eurgbp,short,2025-12-25 04:00:00+00:00,2025-12-25 20:00:00+00:00,2025-12-25 00:00:00+00:00,0.870230,0.873450,-32.200000,1,13.300000,10.800000,0.812030,1.018043,0.826681,26.052438,1.994172,12.900000,0.987425,22.600000,1.729907,13.064286,validation,-32.200000,False,-32.200000,False,-32.200000,False,-32.200000,False
eurgbp,long,2026-02-17 04:00:00+00:00,2026-02-17 08:00:00+00:00,2026-02-10 12:00:00+00:00,0.872410,0.868580,-38.300000,29,32.200000,25.900000,0.804348,2.472847,1.989029,22.111723,1.698103,11.800000,0.906199,30.500000,2.342293,13.021429,oos,16.800000,False,16.800000,False,16.800000,False,16.800000,False
eurgbp,short,2026-04-24 16:00:00+00:00,2026-04-24 20:00:00+00:00,2026-04-24 08:00:00+00:00,0.865920,0.868250,-23.300000,2,13.000000,10.400000,0.800000,1.090473,0.872379,19.154959,1.606767,21.100000,1.769922,17.900000,1.501498,11.921429,oos,34.300000,False,34.300000,False,34.300000,False,34.300000,False
eurgbp,short,2026-05-25 04:00:00+00:00,2026-05-25 08:00:00+00:00,2026-05-24 20:00:00+00:00,0.862980,0.864520,-15.400000,2,6.100000,6.000000,0.983607,3.681034,3.620690,7.934600,4.788121,5.400000,3.258621,3.600000,2.172414,1.657143,oos,-15.400000,False,-15.400000,False,-15.400000,False,-15.400000,False
eurgbp,long,2026-06-21 20:00:00+00:00,2026-06-22 00:00:00+00:00,2026-06-19 08:00:00+00:00,0.867850,0.865700,-21.500000,15,20.300000,11.600000,0.571429,7.122807,4.070175,11.840875,4.154693,15.100000,5.298246,11.600000,4.070175,2.850000,oos,-21.500000,False,-21.500000,False,-21.500000,False,-21.500000,False
eurgbp,short,2026-06-30 00:00:00+00:00,2026-06-30 04:00:00+00:00,2026-06-26 04:00:00+00:00,0.861300,0.862520,-12.200000,23,7.500000,2.600000,0.346667,1.337580,0.463694,8.209661,1.464143,9.800000,1.747771,11.300000,2.015287,5.607143,oos,50.000000,True,45.100000,False,45.100000,False,45.100000,False
eurgbp,long,2026-09-23 12:00:00+00:00,2026-09-23 16:00:00+00:00,2026-09-18 12:00:00+00:00,0.859760,0.857230,-25.300000,19,9.200000,4.800000,0.521739,1.151028,0.600536,16.453454,2.058520,24.200000,3.027703,18.600000,2.327078,7.992857,oos,-25.300000,False,-25.300000,False,-25.300000,False,-25.300000,False
