entry_date,sl_type,sl_mult,tp_pips,outcome,r,bars,mae_r,mfe_r,entry,entry_atr,break_level,retest_high,struct_high_5,struct_high_10,year
2021-04-06 16:00:00,atr,0.50000000,100,SL,-1.00000000,4,1.28172043,7.00215054,109.81100000,0.23250000,110.37300000,110.40500000,110.55100000,110.72100000,2021
2021-04-06 16:00:00,atr,0.50000000,150,SL,-1.00000000,4,1.28172043,7.00215054,109.81100000,0.23250000,110.37300000,110.40500000,110.55100000,110.72100000,2021
2021-04-06 16:00:00,atr,0.50000000,200,SL,-1.00000000,4,1.28172043,7.00215054,109.81100000,0.23250000,110.37300000,110.40500000,110.55100000,110.72100000,2021
2021-04-06 16:00:00,atr,0.75000000,100,TIME,0.51612903,20,0.85448029,4.66810036,109.81100000,0.23250000,110.37300000,110.40500000,110.55100000,110.72100000,2021
2021-04-06 16:00:00,atr,0.75000000,150,TIME,0.51612903,20,0.85448029,4.66810036,109.81100000,0.23250000,110.37300000,110.40500000,110.55100000,110.72100000,2021
2021-04-06 16:00:00,atr,0.75000000,200,TIME,0.51612903,20,0.85448029,4.66810036,109.81100000,0.23250000,110.37300000,110.40500000,110.55100000,110.72100000,2021
2021-04-06 16:00:00,atr,1.00000000,100,TIME,0.38709677,20,0.64086022,3.50107527,109.81100000,0.23250000,110.37300000,110.40500000,110.55100000,110.72100000,2021
2021-04-06 16:00:00,atr,1.00000000,150,TIME,0.38709677,20,0.64086022,3.50107527,109.81100000,0.23250000,110.37300000,110.40500000,110.55100000,110.72100000,2021
2021-04-06 16:00:00,atr,1.00000000,200,TIME,0.38709677,20,0.64086022,3.50107527,109.81100000,0.23250000,110.37300000,110.40500000,110.55100000,110.72100000,2021
2021-04-06 16:00:00,atr,1.25000000,100,TIME,0.30967742,20,0.51268817,2.80086022,109.81100000,0.23250000,110.37300000,110.40500000,110.55100000,110.72100000,2021
2021-04-06 16:00:00,atr,1.25000000,150,TIME,0.30967742,20,0.51268817,2.80086022,109.81100000,0.23250000,110.37300000,110.40500000,110.55100000,110.72100000,2021
2021-04-06 16:00:00,atr,1.25000000,200,TIME,0.30967742,20,0.51268817,2.80086022,109.81100000,0.23250000,110.37300000,110.40500000,110.55100000,110.72100000,2021
2021-04-06 16:00:00,retest_high,0.00000000,100,TIME,0.15151515,20,0.25084175,1.37037037,109.81100000,0.23250000,110.37300000,110.40500000,110.55100000,110.72100000,2021
2021-04-06 16:00:00,retest_high,0.00000000,150,TIME,0.15151515,20,0.25084175,1.37037037,109.81100000,0.23250000,110.37300000,110.40500000,110.55100000,110.72100000,2021
2021-04-06 16:00:00,retest_high,0.00000000,200,TIME,0.15151515,20,0.25084175,1.37037037,109.81100000,0.23250000,110.37300000,110.40500000,110.55100000,110.72100000,2021
2021-04-06 16:00:00,retest_high,0.10000000,100,TIME,0.14580802,20,0.24139328,1.31875253,109.81100000,0.23250000,110.37300000,110.40500000,110.55100000,110.72100000,2021
2021-04-06 16:00:00,retest_high,0.10000000,150,TIME,0.14580802,20,0.24139328,1.31875253,109.81100000,0.23250000,110.37300000,110.40500000,110.55100000,110.72100000,2021
2021-04-06 16:00:00,retest_high,0.10000000,200,TIME,0.14580802,20,0.24139328,1.31875253,109.81100000,0.23250000,110.37300000,110.40500000,110.55100000,110.72100000,2021
2021-04-06 16:00:00,retest_high,0.25000000,100,TIME,0.13801035,20,0.22848380,1.24822695,109.81100000,0.23250000,110.37300000,110.40500000,110.55100000,110.72100000,2021
2021-04-06 16:00:00,retest_high,0.25000000,150,TIME,0.13801035,20,0.22848380,1.24822695,109.81100000,0.23250000,110.37300000,110.40500000,110.55100000,110.72100000,2021
2021-04-06 16:00:00,retest_high,0.25000000,200,TIME,0.13801035,20,0.22848380,1.24822695,109.81100000,0.23250000,110.37300000,110.40500000,110.55100000,110.72100000,2021
2021-04-06 16:00:00,struct5,0.00000000,100,TIME,0.12162162,20,0.20135135,1.10000000,109.81100000,0.23250000,110.37300000,110.40500000,110.55100000,110.72100000,2021
2021-04-06 16:00:00,struct5,0.00000000,150,TIME,0.12162162,20,0.20135135,1.10000000,109.81100000,0.23250000,110.37300000,110.40500000,110.55100000,110.72100000,2021
2021-04-06 16:00:00,struct5,0.00000000,200,TIME,0.12162162,20,0.20135135,1.10000000,109.81100000,0.23250000,110.37300000,110.40500000,110.55100000,110.72100000,2021
2021-04-06 16:00:00,struct5,0.10000000,100,TIME,0.11791680,20,0.19521782,1.06649198,109.81100000,0.23250000,110.37300000,110.40500000,110.55100000,110.72100000,2021
2021-04-06 16:00:00,struct5,0.10000000,150,TIME,0.11791680,20,0.19521782,1.06649198,109.81100000,0.23250000,110.37300000,110.40500000,110.55100000,110.72100000,2021
2021-04-06 16:00:00,struct5,0.10000000,200,TIME,0.11791680,20,0.19521782,1.06649198,109.81100000,0.23250000,110.37300000,110.40500000,110.55100000,110.72100000,2021
2021-04-06 16:00:00,struct5,0.25000000,100,TIME,0.11276429,20,0.18668755,1.01989037,109.81100000,0.23250000,110.37300000,110.40500000,110.55100000,110.72100000,2021
2021-04-06 16:00:00,struct5,0.25000000,150,TIME,0.11276429,20,0.18668755,1.01989037,109.81100000,0.23250000,110.37300000,110.40500000,110.55100000,110.72100000,2021
2021-04-06 16:00:00,struct5,0.25000000,200,TIME,0.11276429,20,0.18668755,1.01989037,109.81100000,0.23250000,110.37300000,110.40500000,110.55100000,110.72100000,2021
2021-04-06 16:00:00,struct10,0.00000000,100,TIME,0.09890110,20,0.16373626,0.89450549,109.81100000,0.23250000,110.37300000,110.40500000,110.55100000,110.72100000,2021
2021-04-06 16:00:00,struct10,0.00000000,150,TIME,0.09890110,20,0.16373626,0.89450549,109.81100000,0.23250000,110.37300000,110.40500000,110.55100000,110.72100000,2021
2021-04-06 16:00:00,struct10,0.00000000,200,TIME,0.09890110,20,0.16373626,0.89450549,109.81100000,0.23250000,110.37300000,110.40500000,110.55100000,110.72100000,2021
2021-04-06 16:00:00,struct10,0.10000000,100,TIME,0.09643718,20,0.15965711,0.87222073,109.81100000,0.23250000,110.37300000,110.40500000,110.55100000,110.72100000,2021
2021-04-06 16:00:00,struct10,0.10000000,150,TIME,0.09643718,20,0.15965711,0.87222073,109.81100000,0.23250000,110.37300000,110.40500000,110.55100000,110.72100000,2021
2021-04-06 16:00:00,struct10,0.10000000,200,TIME,0.09643718,20,0.15965711,0.87222073,109.81100000,0.23250000,110.37300000,110.40500000,110.55100000,110.72100000,2021
2021-04-06 16:00:00,struct10,0.25000000,100,TIME,0.09296320,20,0.15390575,0.84080052,109.81100000,0.23250000,110.37300000,110.40500000,110.55100000,110.72100000,2021
2021-04-06 16:00:00,struct10,0.25000000,150,TIME,0.09296320,20,0.15390575,0.84080052,109.81100000,0.23250000,110.37300000,110.40500000,110.55100000,110.72100000,2021
2021-04-06 16:00:00,struct10,0.25000000,200,TIME,0.09296320,20,0.15390575,0.84080052,109.81100000,0.23250000,110.37300000,110.40500000,110.55100000,110.72100000,2021
2021-04-14 12:00:00,atr,0.50000000,100,TIME,6.29250892,20,0.44946492,7.71581451,108.93500000,0.24028571,109.01700000,109.07100000,109.23300000,109.75100000,2021
2021-04-14 12:00:00,atr,0.50000000,150,TIME,6.29250892,20,0.44946492,7.71581451,108.93500000,0.24028571,109.01700000,109.07100000,109.23300000,109.75100000,2021
2021-04-14 12:00:00,atr,0.50000000,200,TIME,6.29250892,20,0.44946492,7.71581451,108.93500000,0.24028571,109.01700000,109.07100000,109.23300000,109.75100000,2021
2021-04-14 12:00:00,atr,0.75000000,100,TIME,4.19500595,20,0.29964328,5.14387634,108.93500000,0.24028571,109.01700000,109.07100000,109.23300000,109.75100000,2021
2021-04-14 12:00:00,atr,0.75000000,150,TIME,4.19500595,20,0.29964328,5.14387634,108.93500000,0.24028571,109.01700000,109.07100000,109.23300000,109.75100000,2021
2021-04-14 12:00:00,atr,0.75000000,200,TIME,4.19500595,20,0.29964328,5.14387634,108.93500000,0.24028571,109.01700000,109.07100000,109.23300000,109.75100000,2021
2021-04-14 12:00:00,atr,1.00000000,100,TIME,3.14625446,20,0.22473246,3.85790725,108.93500000,0.24028571,109.01700000,109.07100000,109.23300000,109.75100000,2021
2021-04-14 12:00:00,atr,1.00000000,150,TIME,3.14625446,20,0.22473246,3.85790725,108.93500000,0.24028571,109.01700000,109.07100000,109.23300000,109.75100000,2021
2021-04-14 12:00:00,atr,1.00000000,200,TIME,3.14625446,20,0.22473246,3.85790725,108.93500000,0.24028571,109.01700000,109.07100000,109.23300000,109.75100000,2021
2021-04-14 12:00:00,atr,1.25000000,100,TIME,2.51700357,20,0.17978597,3.08632580,108.93500000,0.24028571,109.01700000,109.07100000,109.23300000,109.75100000,2021
2021-04-14 12:00:00,atr,1.25000000,150,TIME,2.51700357,20,0.17978597,3.08632580,108.93500000,0.24028571,109.01700000,109.07100000,109.23300000,109.75100000,2021
2021-04-14 12:00:00,atr,1.25000000,200,TIME,2.51700357,20,0.17978597,3.08632580,108.93500000,0.24028571,109.01700000,109.07100000,109.23300000,109.75100000,2021
2021-04-14 12:00:00,retest_high,0.00000000,100,TIME,5.55882353,20,0.39705882,6.81617647,108.93500000,0.24028571,109.01700000,109.07100000,109.23300000,109.75100000,2021
2021-04-14 12:00:00,retest_high,0.00000000,150,TIME,5.55882353,20,0.39705882,6.81617647,108.93500000,0.24028571,109.01700000,109.07100000,109.23300000,109.75100000,2021
2021-04-14 12:00:00,retest_high,0.00000000,200,TIME,5.55882353,20,0.39705882,6.81617647,108.93500000,0.24028571,109.01700000,109.07100000,109.23300000,109.75100000,2021
2021-04-14 12:00:00,retest_high,0.10000000,100,TIME,4.72415640,20,0.33743974,5.79271559,108.93500000,0.24028571,109.01700000,109.07100000,109.23300000,109.75100000,2021
2021-04-14 12:00:00,retest_high,0.10000000,150,TIME,4.72415640,20,0.33743974,5.79271559,108.93500000,0.24028571,109.01700000,109.07100000,109.23300000,109.75100000,2021
2021-04-14 12:00:00,retest_high,0.10000000,200,TIME,4.72415640,20,0.33743974,5.79271559,108.93500000,0.24028571,109.01700000,109.07100000,109.23300000,109.75100000,2021
2021-04-14 12:00:00,retest_high,0.25000000,100,TIME,3.85573770,20,0.27540984,4.72786885,108.93500000,0.24028571,109.01700000,109.07100000,109.23300000,109.75100000,2021
2021-04-14 12:00:00,retest_high,0.25000000,150,TIME,3.85573770,20,0.27540984,4.72786885,108.93500000,0.24028571,109.01700000,109.07100000,109.23300000,109.75100000,2021
2021-04-14 12:00:00,retest_high,0.25000000,200,TIME,3.85573770,20,0.27540984,4.72786885,108.93500000,0.24028571,109.01700000,109.07100000,109.23300000,109.75100000,2021
2021-04-14 12:00:00,struct5,0.00000000,100,TIME,2.53691275,20,0.18120805,3.11073826,108.93500000,0.24028571,109.01700000,109.07100000,109.23300000,109.75100000,2021
2021-04-14 12:00:00,struct5,0.00000000,150,TIME,2.53691275,20,0.18120805,3.11073826,108.93500000,0.24028571,109.01700000,109.07100000,109.23300000,109.75100000,2021
2021-04-14 12:00:00,struct5,0.00000000,200,TIME,2.53691275,20,0.18120805,3.11073826,108.93500000,0.24028571,109.01700000,109.07100000,109.23300000,109.75100000,2021
2021-04-14 12:00:00,struct5,0.10000000,100,TIME,2.34761778,20,0.16768698,2.87862656,108.93500000,0.24028571,109.01700000,109.07100000,109.23300000,109.75100000,2021
2021-04-14 12:00:00,struct5,0.10000000,150,TIME,2.34761778,20,0.16768698,2.87862656,108.93500000,0.24028571,109.01700000,109.07100000,109.23300000,109.75100000,2021
2021-04-14 12:00:00,struct5,0.10000000,200,TIME,2.34761778,20,0.16768698,2.87862656,108.93500000,0.24028571,109.01700000,109.07100000,109.23300000,109.75100000,2021
2021-04-14 12:00:00,struct5,0.25000000,100,TIME,2.11131059,20,0.15080790,2.58886894,108.93500000,0.24028571,109.01700000,109.07100000,109.23300000,109.75100000,2021
2021-04-14 12:00:00,struct5,0.25000000,150,TIME,2.11131059,20,0.15080790,2.58886894,108.93500000,0.24028571,109.01700000,109.07100000,109.23300000,109.75100000,2021
2021-04-14 12:00:00,struct5,0.25000000,200,TIME,2.11131059,20,0.15080790,2.58886894,108.93500000,0.24028571,109.01700000,109.07100000,109.23300000,109.75100000,2021
2021-04-14 12:00:00,struct10,0.00000000,100,TIME,0.92647059,20,0.06617647,1.13602941,108.93500000,0.24028571,109.01700000,109.07100000,109.23300000,109.75100000,2021
2021-04-14 12:00:00,struct10,0.00000000,150,TIME,0.92647059,20,0.06617647,1.13602941,108.93500000,0.24028571,109.01700000,109.07100000,109.23300000,109.75100000,2021
2021-04-14 12:00:00,struct10,0.00000000,200,TIME,0.92647059,20,0.06617647,1.13602941,108.93500000,0.24028571,109.01700000,109.07100000,109.23300000,109.75100000,2021
2021-04-14 12:00:00,struct10,0.10000000,100,TIME,0.89996939,20,0.06428353,1.10353389,108.93500000,0.24028571,109.01700000,109.07100000,109.23300000,109.75100000,2021
2021-04-14 12:00:00,struct10,0.10000000,150,TIME,0.89996939,20,0.06428353,1.10353389,108.93500000,0.24028571,109.01700000,109.07100000,109.23300000,109.75100000,2021
2021-04-14 12:00:00,struct10,0.10000000,200,TIME,0.89996939,20,0.06428353,1.10353389,108.93500000,0.24028571,109.01700000,109.07100000,109.23300000,109.75100000,2021
2021-04-14 12:00:00,struct10,0.25000000,100,TIME,0.86294333,20,0.06163881,1.05813290,108.93500000,0.24028571,109.01700000,109.07100000,109.23300000,109.75100000,2021
2021-04-14 12:00:00,struct10,0.25000000,150,TIME,0.86294333,20,0.06163881,1.05813290,108.93500000,0.24028571,109.01700000,109.07100000,109.23300000,109.75100000,2021
2021-04-14 12:00:00,struct10,0.25000000,200,TIME,0.86294333,20,0.06163881,1.05813290,108.93500000,0.24028571,109.01700000,109.07100000,109.23300000,109.75100000,2021
2021-05-10 12:00:00,atr,0.50000000,100,SL,-1.00000000,1,8.22095238,2.71238095,108.70500000,0.26250000,108.93600000,109.05600000,109.05600000,109.28700000,2021
2021-05-10 12:00:00,atr,0.50000000,150,SL,-1.00000000,1,8.22095238,2.71238095,108.70500000,0.26250000,108.93600000,109.05600000,109.05600000,109.28700000,2021
2021-05-10 12:00:00,atr,0.50000000,200,SL,-1.00000000,1,8.22095238,2.71238095,108.70500000,0.26250000,108.93600000,109.05600000,109.05600000,109.28700000,2021
2021-05-10 12:00:00,atr,0.75000000,100,SL,-1.00000000,3,5.48063492,1.80825397,108.70500000,0.26250000,108.93600000,109.05600000,109.05600000,109.28700000,2021
2021-05-10 12:00:00,atr,0.75000000,150,SL,-1.00000000,3,5.48063492,1.80825397,108.70500000,0.26250000,108.93600000,109.05600000,109.05600000,109.28700000,2021
2021-05-10 12:00:00,atr,0.75000000,200,SL,-1.00000000,3,5.48063492,1.80825397,108.70500000,0.26250000,108.93600000,109.05600000,109.05600000,109.28700000,2021
2021-05-10 12:00:00,atr,1.00000000,100,SL,-1.00000000,3,4.11047619,1.35619048,108.70500000,0.26250000,108.93600000,109.05600000,109.05600000,109.28700000,2021
2021-05-10 12:00:00,atr,1.00000000,150,SL,-1.00000000,3,4.11047619,1.35619048,108.70500000,0.26250000,108.93600000,109.05600000,109.05600000,109.28700000,2021
2021-05-10 12:00:00,atr,1.00000000,200,SL,-1.00000000,3,4.11047619,1.35619048,108.70500000,0.26250000,108.93600000,109.05600000,109.05600000,109.28700000,2021
2021-05-10 12:00:00,atr,1.25000000,100,SL,-1.00000000,12,3.28838095,1.08495238,108.70500000,0.26250000,108.93600000,109.05600000,109.05600000,109.28700000,2021
2021-05-10 12:00:00,atr,1.25000000,150,SL,-1.00000000,12,3.28838095,1.08495238,108.70500000,0.26250000,108.93600000,109.05600000,109.05600000,109.28700000,2021
2021-05-10 12:00:00,atr,1.25000000,200,SL,-1.00000000,12,3.28838095,1.08495238,108.70500000,0.26250000,108.93600000,109.05600000,109.05600000,109.28700000,2021
2021-05-10 12:00:00,retest_high,0.00000000,100,SL,-1.00000000,12,3.07407407,1.01424501,108.70500000,0.26250000,108.93600000,109.05600000,109.05600000,109.28700000,2021
2021-05-10 12:00:00,retest_high,0.00000000,150,SL,-1.00000000,12,3.07407407,1.01424501,108.70500000,0.26250000,108.93600000,109.05600000,109.05600000,109.28700000,2021
2021-05-10 12:00:00,retest_high,0.00000000,200,SL,-1.00000000,12,3.07407407,1.01424501,108.70500000,0.26250000,108.93600000,109.05600000,109.05600000,109.28700000,2021
2021-05-10 12:00:00,retest_high,0.10000000,100,SL,-1.00000000,12,2.86017230,0.94367131,108.70500000,0.26250000,108.93600000,109.05600000,109.05600000,109.28700000,2021
2021-05-10 12:00:00,retest_high,0.10000000,150,SL,-1.00000000,12,2.86017230,0.94367131,108.70500000,0.26250000,108.93600000,109.05600000,109.05600000,109.28700000,2021
2021-05-10 12:00:00,retest_high,0.10000000,200,SL,-1.00000000,12,2.86017230,0.94367131,108.70500000,0.26250000,108.93600000,109.05600000,109.05600000,109.28700000,2021
2021-05-10 12:00:00,retest_high,0.25000000,100,SL,-1.00000000,12,2.58985899,0.85448545,108.70500000,0.26250000,108.93600000,109.05600000,109.05600000,109.28700000,2021
2021-05-10 12:00:00,retest_high,0.25000000,150,SL,-1.00000000,12,2.58985899,0.85448545,108.70500000,0.26250000,108.93600000,109.05600000,109.05600000,109.28700000,2021
2021-05-10 12:00:00,retest_high,0.25000000,200,SL,-1.00000000,12,2.58985899,0.85448545,108.70500000,0.26250000,108.93600000,109.05600000,109.05600000,109.28700000,2021
2021-05-10 12:00:00,struct5,0.00000000,100,SL,-1.00000000,12,3.07407407,1.01424501,108.70500000,0.26250000,108.93600000,109.05600000,109.05600000,109.28700000,2021
2021-05-10 12:00:00,struct5,0.00000000,150,SL,-1.00000000,12,3.07407407,1.01424501,108.70500000,0.26250000,108.93600000,109.05600000,109.05600000,109.28700000,2021
2021-05-10 12:00:00,struct5,0.00000000,200,SL,-1.00000000,12,3.07407407,1.01424501,108.70500000,0.26250000,108.93600000,109.05600000,109.05600000,109.28700000,2021
2021-05-10 12:00:00,struct5,0.10000000,100,SL,-1.00000000,12,2.86017230,0.94367131,108.70500000,0.26250000,108.93600000,109.05600000,109.05600000,109.28700000,2021
2021-05-10 12:00:00,struct5,0.10000000,150,SL,-1.00000000,12,2.86017230,0.94367131,108.70500000,0.26250000,108.93600000,109.05600000,109.05600000,109.28700000,2021
2021-05-10 12:00:00,struct5,0.10000000,200,SL,-1.00000000,12,2.86017230,0.94367131,108.70500000,0.26250000,108.93600000,109.05600000,109.05600000,109.28700000,2021
2021-05-10 12:00:00,struct5,0.25000000,100,SL,-1.00000000,12,2.58985899,0.85448545,108.70500000,0.26250000,108.93600000,109.05600000,109.05600000,109.28700000,2021
2021-05-10 12:00:00,struct5,0.25000000,150,SL,-1.00000000,12,2.58985899,0.85448545,108.70500000,0.26250000,108.93600000,109.05600000,109.05600000,109.28700000,2021
2021-05-10 12:00:00,struct5,0.25000000,200,SL,-1.00000000,12,2.58985899,0.85448545,108.70500000,0.26250000,108.93600000,109.05600000,109.05600000,109.28700000,2021
2021-05-10 12:00:00,struct10,0.00000000,100,SL,-1.00000000,12,1.85395189,0.61168385,108.70500000,0.26250000,108.93600000,109.05600000,109.05600000,109.28700000,2021
2021-05-10 12:00:00,struct10,0.00000000,150,SL,-1.00000000,12,1.85395189,0.61168385,108.70500000,0.26250000,108.93600000,109.05600000,109.05600000,109.28700000,2021
2021-05-10 12:00:00,struct10,0.00000000,200,SL,-1.00000000,12,1.85395189,0.61168385,108.70500000,0.26250000,108.93600000,109.05600000,109.05600000,109.28700000,2021
2021-05-10 12:00:00,struct10,0.10000000,100,SL,-1.00000000,12,1.77394164,0.58528566,108.70500000,0.26250000,108.93600000,109.05600000,109.05600000,109.28700000,2021
2021-05-10 12:00:00,struct10,0.10000000,150,SL,-1.00000000,12,1.77394164,0.58528566,108.70500000,0.26250000,108.93600000,109.05600000,109.05600000,109.28700000,2021
2021-05-10 12:00:00,struct10,0.10000000,200,SL,-1.00000000,12,1.77394164,0.58528566,108.70500000,0.26250000,108.93600000,109.05600000,109.05600000,109.28700000,2021
2021-05-10 12:00:00,struct10,0.25000000,100,SL,-1.00000000,12,1.66608763,0.54970083,108.70500000,0.26250000,108.93600000,109.05600000,109.05600000,109.28700000,2021
2021-05-10 12:00:00,struct10,0.25000000,150,SL,-1.00000000,12,1.66608763,0.54970083,108.70500000,0.26250000,108.93600000,109.05600000,109.05600000,109.28700000,2021
2021-05-10 12:00:00,struct10,0.25000000,200,SL,-1.00000000,12,1.66608763,0.54970083,108.70500000,0.26250000,108.93600000,109.05600000,109.05600000,109.28700000,2021
2021-07-28 16:00:00,atr,0.50000000,100,TIME,5.36478191,20,0.74184168,6.12471729,109.86300000,0.22107143,109.97600000,109.96700000,110.22500000,110.32900000,2021
2021-07-28 16:00:00,atr,0.50000000,150,TIME,5.36478191,20,0.74184168,6.12471729,109.86300000,0.22107143,109.97600000,109.96700000,110.22500000,110.32900000,2021
2021-07-28 16:00:00,atr,0.50000000,200,TIME,5.36478191,20,0.74184168,6.12471729,109.86300000,0.22107143,109.97600000,109.96700000,110.22500000,110.32900000,2021
2021-07-28 16:00:00,atr,0.75000000,100,TIME,3.57652127,20,0.49456112,4.08314486,109.86300000,0.22107143,109.97600000,109.96700000,110.22500000,110.32900000,2021
2021-07-28 16:00:00,atr,0.75000000,150,TIME,3.57652127,20,0.49456112,4.08314486,109.86300000,0.22107143,109.97600000,109.96700000,110.22500000,110.32900000,2021
2021-07-28 16:00:00,atr,0.75000000,200,TIME,3.57652127,20,0.49456112,4.08314486,109.86300000,0.22107143,109.97600000,109.96700000,110.22500000,110.32900000,2021
2021-07-28 16:00:00,atr,1.00000000,100,TIME,2.68239095,20,0.37092084,3.06235864,109.86300000,0.22107143,109.97600000,109.96700000,110.22500000,110.32900000,2021
2021-07-28 16:00:00,atr,1.00000000,150,TIME,2.68239095,20,0.37092084,3.06235864,109.86300000,0.22107143,109.97600000,109.96700000,110.22500000,110.32900000,2021
2021-07-28 16:00:00,atr,1.00000000,200,TIME,2.68239095,20,0.37092084,3.06235864,109.86300000,0.22107143,109.97600000,109.96700000,110.22500000,110.32900000,2021
2021-07-28 16:00:00,atr,1.25000000,100,TIME,2.14591276,20,0.29673667,2.44988691,109.86300000,0.22107143,109.97600000,109.96700000,110.22500000,110.32900000,2021
2021-07-28 16:00:00,atr,1.25000000,150,TIME,2.14591276,20,0.29673667,2.44988691,109.86300000,0.22107143,109.97600000,109.96700000,110.22500000,110.32900000,2021
2021-07-28 16:00:00,atr,1.25000000,200,TIME,2.14591276,20,0.29673667,2.44988691,109.86300000,0.22107143,109.97600000,109.96700000,110.22500000,110.32900000,2021
2021-07-28 16:00:00,retest_high,0.00000000,100,TIME,5.70192308,20,0.78846154,6.50961538,109.86300000,0.22107143,109.97600000,109.96700000,110.22500000,110.32900000,2021
2021-07-28 16:00:00,retest_high,0.00000000,150,TIME,5.70192308,20,0.78846154,6.50961538,109.86300000,0.22107143,109.97600000,109.96700000,110.22500000,110.32900000,2021
2021-07-28 16:00:00,retest_high,0.00000000,200,TIME,5.70192308,20,0.78846154,6.50961538,109.86300000,0.22107143,109.97600000,109.96700000,110.22500000,110.32900000,2021
2021-07-28 16:00:00,retest_high,0.10000000,100,TIME,4.70235061,20,0.65024073,5.36845086,109.86300000,0.22107143,109.97600000,109.96700000,110.22500000,110.32900000,2021
2021-07-28 16:00:00,retest_high,0.10000000,150,TIME,4.70235061,20,0.65024073,5.36845086,109.86300000,0.22107143,109.97600000,109.96700000,110.22500000,110.32900000,2021
2021-07-28 16:00:00,retest_high,0.10000000,200,TIME,4.70235061,20,0.65024073,5.36845086,109.86300000,0.22107143,109.97600000,109.96700000,110.22500000,110.32900000,2021
2021-07-28 16:00:00,retest_high,0.25000000,100,TIME,3.72328736,20,0.51485593,4.25070075,109.86300000,0.22107143,109.97600000,109.96700000,110.22500000,110.32900000,2021
2021-07-28 16:00:00,retest_high,0.25000000,150,TIME,3.72328736,20,0.51485593,4.25070075,109.86300000,0.22107143,109.97600000,109.96700000,110.22500000,110.32900000,2021
2021-07-28 16:00:00,retest_high,0.25000000,200,TIME,3.72328736,20,0.51485593,4.25070075,109.86300000,0.22107143,109.97600000,109.96700000,110.22500000,110.32900000,2021
2021-07-28 16:00:00,struct5,0.00000000,100,TIME,1.63812155,20,0.22651934,1.87016575,109.86300000,0.22107143,109.97600000,109.96700000,110.22500000,110.32900000,2021
2021-07-28 16:00:00,struct5,0.00000000,150,TIME,1.63812155,20,0.22651934,1.87016575,109.86300000,0.22107143,109.97600000,109.96700000,110.22500000,110.32900000,2021
2021-07-28 16:00:00,struct5,0.00000000,200,TIME,1.63812155,20,0.22651934,1.87016575,109.86300000,0.22107143,109.97600000,109.96700000,110.22500000,110.32900000,2021
2021-07-28 16:00:00,struct5,0.10000000,100,TIME,1.54384007,20,0.21348210,1.76252906,109.86300000,0.22107143,109.97600000,109.96700000,110.22500000,110.32900000,2021
2021-07-28 16:00:00,struct5,0.10000000,150,TIME,1.54384007,20,0.21348210,1.76252906,109.86300000,0.22107143,109.97600000,109.96700000,110.22500000,110.32900000,2021
2021-07-28 16:00:00,struct5,0.10000000,200,TIME,1.54384007,20,0.21348210,1.76252906,109.86300000,0.22107143,109.97600000,109.96700000,110.22500000,110.32900000,2021
2021-07-28 16:00:00,struct5,0.25000000,100,TIME,1.42114948,20,0.19651645,1.62245902,109.86300000,0.22107143,109.97600000,109.96700000,110.22500000,110.32900000,2021
2021-07-28 16:00:00,struct5,0.25000000,150,TIME,1.42114948,20,0.19651645,1.62245902,109.86300000,0.22107143,109.97600000,109.96700000,110.22500000,110.32900000,2021
2021-07-28 16:00:00,struct5,0.25000000,200,TIME,1.42114948,20,0.19651645,1.62245902,109.86300000,0.22107143,109.97600000,109.96700000,110.22500000,110.32900000,2021
2021-07-28 16:00:00,struct10,0.00000000,100,TIME,1.27253219,20,0.17596567,1.45278970,109.86300000,0.22107143,109.97600000,109.96700000,110.22500000,110.32900000,2021
2021-07-28 16:00:00,struct10,0.00000000,150,TIME,1.27253219,20,0.17596567,1.45278970,109.86300000,0.22107143,109.97600000,109.96700000,110.22500000,110.32900000,2021
2021-07-28 16:00:00,struct10,0.00000000,200,TIME,1.27253219,20,0.17596567,1.45278970,109.86300000,0.22107143,109.97600000,109.96700000,110.22500000,110.32900000,2021
2021-07-28 16:00:00,struct10,0.10000000,100,TIME,1.21489720,20,0.16799590,1.38699056,109.86300000,0.22107143,109.97600000,109.96700000,110.22500000,110.32900000,2021
2021-07-28 16:00:00,struct10,0.10000000,150,TIME,1.21489720,20,0.16799590,1.38699056,109.86300000,0.22107143,109.97600000,109.96700000,110.22500000,110.32900000,2021
2021-07-28 16:00:00,struct10,0.10000000,200,TIME,1.21489720,20,0.16799590,1.38699056,109.86300000,0.22107143,109.97600000,109.96700000,110.22500000,110.32900000,2021
2021-07-28 16:00:00,struct10,0.25000000,100,TIME,1.13761091,20,0.15730876,1.29875647,109.86300000,0.22107143,109.97600000,109.96700000,110.22500000,110.32900000,2021
2021-07-28 16:00:00,struct10,0.25000000,150,TIME,1.13761091,20,0.15730876,1.29875647,109.86300000,0.22107143,109.97600000,109.96700000,110.22500000,110.32900000,2021
2021-07-28 16:00:00,struct10,0.25000000,200,TIME,1.13761091,20,0.15730876,1.29875647,109.86300000,0.22107143,109.97600000,109.96700000,110.22500000,110.32900000,2021
2022-01-21 12:00:00,atr,0.50000000,100,SL,-1.00000000,1,7.68950749,1.50642398,113.66700000,0.26685714,113.85800000,114.03200000,114.23100000,114.54600000,2022
2022-01-21 12:00:00,atr,0.50000000,150,SL,-1.00000000,1,7.68950749,1.50642398,113.66700000,0.26685714,113.85800000,114.03200000,114.23100000,114.54600000,2022
2022-01-21 12:00:00,atr,0.50000000,200,SL,-1.00000000,1,7.68950749,1.50642398,113.66700000,0.26685714,113.85800000,114.03200000,114.23100000,114.54600000,2022
2022-01-21 12:00:00,atr,0.75000000,100,SL,-1.00000000,4,5.12633833,1.00428266,113.66700000,0.26685714,113.85800000,114.03200000,114.23100000,114.54600000,2022
2022-01-21 12:00:00,atr,0.75000000,150,SL,-1.00000000,4,5.12633833,1.00428266,113.66700000,0.26685714,113.85800000,114.03200000,114.23100000,114.54600000,2022
2022-01-21 12:00:00,atr,0.75000000,200,SL,-1.00000000,4,5.12633833,1.00428266,113.66700000,0.26685714,113.85800000,114.03200000,114.23100000,114.54600000,2022
2022-01-21 12:00:00,atr,1.00000000,100,SL,-1.00000000,4,3.84475375,0.75321199,113.66700000,0.26685714,113.85800000,114.03200000,114.23100000,114.54600000,2022
2022-01-21 12:00:00,atr,1.00000000,150,SL,-1.00000000,4,3.84475375,0.75321199,113.66700000,0.26685714,113.85800000,114.03200000,114.23100000,114.54600000,2022
2022-01-21 12:00:00,atr,1.00000000,200,SL,-1.00000000,4,3.84475375,0.75321199,113.66700000,0.26685714,113.85800000,114.03200000,114.23100000,114.54600000,2022
2022-01-21 12:00:00,atr,1.25000000,100,SL,-1.00000000,9,3.07580300,0.60256959,113.66700000,0.26685714,113.85800000,114.03200000,114.23100000,114.54600000,2022
2022-01-21 12:00:00,atr,1.25000000,150,SL,-1.00000000,9,3.07580300,0.60256959,113.66700000,0.26685714,113.85800000,114.03200000,114.23100000,114.54600000,2022
2022-01-21 12:00:00,atr,1.25000000,200,SL,-1.00000000,9,3.07580300,0.60256959,113.66700000,0.26685714,113.85800000,114.03200000,114.23100000,114.54600000,2022
2022-01-21 12:00:00,retest_high,0.00000000,100,SL,-1.00000000,9,2.81095890,0.55068493,113.66700000,0.26685714,113.85800000,114.03200000,114.23100000,114.54600000,2022
2022-01-21 12:00:00,retest_high,0.00000000,150,SL,-1.00000000,9,2.81095890,0.55068493,113.66700000,0.26685714,113.85800000,114.03200000,114.23100000,114.54600000,2022
2022-01-21 12:00:00,retest_high,0.00000000,200,SL,-1.00000000,9,2.81095890,0.55068493,113.66700000,0.26685714,113.85800000,114.03200000,114.23100000,114.54600000,2022
2022-01-21 12:00:00,retest_high,0.10000000,100,SL,-1.00000000,9,2.61944708,0.51316653,113.66700000,0.26685714,113.85800000,114.03200000,114.23100000,114.54600000,2022
2022-01-21 12:00:00,retest_high,0.10000000,150,SL,-1.00000000,9,2.61944708,0.51316653,113.66700000,0.26685714,113.85800000,114.03200000,114.23100000,114.54600000,2022
2022-01-21 12:00:00,retest_high,0.10000000,200,SL,-1.00000000,9,2.61944708,0.51316653,113.66700000,0.26685714,113.85800000,114.03200000,114.23100000,114.54600000,2022
2022-01-21 12:00:00,retest_high,0.25000000,100,SL,-1.00000000,12,2.37657181,0.46558570,113.66700000,0.26685714,113.85800000,114.03200000,114.23100000,114.54600000,2022
2022-01-21 12:00:00,retest_high,0.25000000,150,SL,-1.00000000,12,2.37657181,0.46558570,113.66700000,0.26685714,113.85800000,114.03200000,114.23100000,114.54600000,2022
2022-01-21 12:00:00,retest_high,0.25000000,200,SL,-1.00000000,12,2.37657181,0.46558570,113.66700000,0.26685714,113.85800000,114.03200000,114.23100000,114.54600000,2022
2022-01-21 12:00:00,struct5,0.00000000,100,SL,-1.00000000,18,1.81914894,0.35638298,113.66700000,0.26685714,113.85800000,114.03200000,114.23100000,114.54600000,2022
2022-01-21 12:00:00,struct5,0.00000000,150,SL,-1.00000000,18,1.81914894,0.35638298,113.66700000,0.26685714,113.85800000,114.03200000,114.23100000,114.54600000,2022
2022-01-21 12:00:00,struct5,0.00000000,200,SL,-1.00000000,18,1.81914894,0.35638298,113.66700000,0.26685714,113.85800000,114.03200000,114.23100000,114.54600000,2022
2022-01-21 12:00:00,struct5,0.10000000,100,SL,-1.00000000,19,1.73696430,0.34028248,113.66700000,0.26685714,113.85800000,114.03200000,114.23100000,114.54600000,2022
2022-01-21 12:00:00,struct5,0.10000000,150,SL,-1.00000000,19,1.73696430,0.34028248,113.66700000,0.26685714,113.85800000,114.03200000,114.23100000,114.54600000,2022
2022-01-21 12:00:00,struct5,0.10000000,200,SL,-1.00000000,19,1.73696430,0.34028248,113.66700000,0.26685714,113.85800000,114.03200000,114.23100000,114.54600000,2022
2022-01-21 12:00:00,struct5,0.25000000,100,SL,-1.00000000,19,1.62672707,0.31868630,113.66700000,0.26685714,113.85800000,114.03200000,114.23100000,114.54600000,2022
2022-01-21 12:00:00,struct5,0.25000000,150,SL,-1.00000000,19,1.62672707,0.31868630,113.66700000,0.26685714,113.85800000,114.03200000,114.23100000,114.54600000,2022
2022-01-21 12:00:00,struct5,0.25000000,200,SL,-1.00000000,19,1.62672707,0.31868630,113.66700000,0.26685714,113.85800000,114.03200000,114.23100000,114.54600000,2022
2022-01-21 12:00:00,struct10,0.00000000,100,SL,-1.00000000,20,1.16723549,0.22866894,113.66700000,0.26685714,113.85800000,114.03200000,114.23100000,114.54600000,2022
2022-01-21 12:00:00,struct10,0.00000000,150,SL,-1.00000000,20,1.16723549,0.22866894,113.66700000,0.26685714,113.85800000,114.03200000,114.23100000,114.54600000,2022
2022-01-21 12:00:00,struct10,0.00000000,200,SL,-1.00000000,20,1.16723549,0.22866894,113.66700000,0.26685714,113.85800000,114.03200000,114.23100000,114.54600000,2022
2022-01-21 12:00:00,struct10,0.10000000,100,SL,-1.00000000,20,1.13284331,0.22193129,113.66700000,0.26685714,113.85800000,114.03200000,114.23100000,114.54600000,2022
2022-01-21 12:00:00,struct10,0.10000000,150,SL,-1.00000000,20,1.13284331,0.22193129,113.66700000,0.26685714,113.85800000,114.03200000,114.23100000,114.54600000,2022
2022-01-21 12:00:00,struct10,0.10000000,200,SL,-1.00000000,20,1.13284331,0.22193129,113.66700000,0.26685714,113.85800000,114.03200000,114.23100000,114.54600000,2022
2022-01-21 12:00:00,struct10,0.25000000,100,SL,-1.00000000,20,1.08489426,0.21253776,113.66700000,0.26685714,113.85800000,114.03200000,114.23100000,114.54600000,2022
2022-01-21 12:00:00,struct10,0.25000000,150,SL,-1.00000000,20,1.08489426,0.21253776,113.66700000,0.26685714,113.85800000,114.03200000,114.23100000,114.54600000,2022
2022-01-21 12:00:00,struct10,0.25000000,200,SL,-1.00000000,20,1.08489426,0.21253776,113.66700000,0.26685714,113.85800000,114.03200000,114.23100000,114.54600000,2022
2022-05-16 16:00:00,atr,0.50000000,100,SL,-1.00000000,2,2.70447675,8.40362747,129.10900000,0.49621429,129.44400000,129.49900000,129.63900000,129.63900000,2022
2022-05-16 16:00:00,atr,0.50000000,150,SL,-1.00000000,2,2.70447675,8.40362747,129.10900000,0.49621429,129.44400000,129.49900000,129.63900000,129.63900000,2022
2022-05-16 16:00:00,atr,0.50000000,200,SL,-1.00000000,2,2.70447675,8.40362747,129.10900000,0.49621429,129.44400000,129.49900000,129.63900000,129.63900000,2022
2022-05-16 16:00:00,atr,0.75000000,100,SL,-1.00000000,4,1.80298450,5.60241831,129.10900000,0.49621429,129.44400000,129.49900000,129.63900000,129.63900000,2022
2022-05-16 16:00:00,atr,0.75000000,150,SL,-1.00000000,4,1.80298450,5.60241831,129.10900000,0.49621429,129.44400000,129.49900000,129.63900000,129.63900000,2022
2022-05-16 16:00:00,atr,0.75000000,200,SL,-1.00000000,4,1.80298450,5.60241831,129.10900000,0.49621429,129.44400000,129.49900000,129.63900000,129.63900000,2022
2022-05-16 16:00:00,atr,1.00000000,100,SL,-1.00000000,5,1.35223838,4.20181373,129.10900000,0.49621429,129.44400000,129.49900000,129.63900000,129.63900000,2022
2022-05-16 16:00:00,atr,1.00000000,150,SL,-1.00000000,5,1.35223838,4.20181373,129.10900000,0.49621429,129.44400000,129.49900000,129.63900000,129.63900000,2022
2022-05-16 16:00:00,atr,1.00000000,200,SL,-1.00000000,5,1.35223838,4.20181373,129.10900000,0.49621429,129.44400000,129.49900000,129.63900000,129.63900000,2022
2022-05-16 16:00:00,atr,1.25000000,100,SL,-1.00000000,5,1.08179070,3.36145099,129.10900000,0.49621429,129.44400000,129.49900000,129.63900000,129.63900000,2022
2022-05-16 16:00:00,atr,1.25000000,150,SL,-1.00000000,5,1.08179070,3.36145099,129.10900000,0.49621429,129.44400000,129.49900000,129.63900000,129.63900000,2022
2022-05-16 16:00:00,atr,1.25000000,200,SL,-1.00000000,5,1.08179070,3.36145099,129.10900000,0.49621429,129.44400000,129.49900000,129.63900000,129.63900000,2022
2022-05-16 16:00:00,retest_high,0.00000000,100,SL,-1.00000000,4,1.72051282,5.34615385,129.10900000,0.49621429,129.44400000,129.49900000,129.63900000,129.63900000,2022
2022-05-16 16:00:00,retest_high,0.00000000,150,SL,-1.00000000,4,1.72051282,5.34615385,129.10900000,0.49621429,129.44400000,129.49900000,129.63900000,129.63900000,2022
2022-05-16 16:00:00,retest_high,0.00000000,200,SL,-1.00000000,4,1.72051282,5.34615385,129.10900000,0.49621429,129.44400000,129.49900000,129.63900000,129.63900000,2022
2022-05-16 16:00:00,retest_high,0.10000000,100,SL,-1.00000000,4,1.52631322,4.74271695,129.10900000,0.49621429,129.44400000,129.49900000,129.63900000,129.63900000,2022
2022-05-16 16:00:00,retest_high,0.10000000,150,SL,-1.00000000,4,1.52631322,4.74271695,129.10900000,0.49621429,129.44400000,129.49900000,129.63900000,129.63900000,2022
2022-05-16 16:00:00,retest_high,0.10000000,200,SL,-1.00000000,4,1.52631322,4.74271695,129.10900000,0.49621429,129.44400000,129.49900000,129.63900000,129.63900000,2022
2022-05-16 16:00:00,retest_high,0.25000000,100,SL,-1.00000000,5,1.30531143,4.05599750,129.10900000,0.49621429,129.44400000,129.49900000,129.63900000,129.63900000,2022
2022-05-16 16:00:00,retest_high,0.25000000,150,SL,-1.00000000,5,1.30531143,4.05599750,129.10900000,0.49621429,129.44400000,129.49900000,129.63900000,129.63900000,2022
2022-05-16 16:00:00,retest_high,0.25000000,200,SL,-1.00000000,5,1.30531143,4.05599750,129.10900000,0.49621429,129.44400000,129.49900000,129.63900000,129.63900000,2022
2022-05-16 16:00:00,struct5,0.00000000,100,SL,-1.00000000,5,1.26603774,3.93396226,129.10900000,0.49621429,129.44400000,129.49900000,129.63900000,129.63900000,2022
2022-05-16 16:00:00,struct5,0.00000000,150,SL,-1.00000000,5,1.26603774,3.93396226,129.10900000,0.49621429,129.44400000,129.49900000,129.63900000,129.63900000,2022
2022-05-16 16:00:00,struct5,0.00000000,200,SL,-1.00000000,5,1.26603774,3.93396226,129.10900000,0.49621429,129.44400000,129.49900000,129.63900000,129.63900000,2022
2022-05-16 16:00:00,struct5,0.10000000,100,SL,-1.00000000,5,1.15765216,3.59717550,129.10900000,0.49621429,129.44400000,129.49900000,129.63900000,129.63900000,2022
2022-05-16 16:00:00,struct5,0.10000000,150,SL,-1.00000000,5,1.15765216,3.59717550,129.10900000,0.49621429,129.44400000,129.49900000,129.63900000,129.63900000,2022
2022-05-16 16:00:00,struct5,0.10000000,200,SL,-1.00000000,5,1.15765216,3.59717550,129.10900000,0.49621429,129.44400000,129.49900000,129.63900000,129.63900000,2022
2022-05-16 16:00:00,struct5,0.25000000,100,SL,-1.00000000,5,1.02590985,3.18781227,129.10900000,0.49621429,129.44400000,129.49900000,129.63900000,129.63900000,2022
2022-05-16 16:00:00,struct5,0.25000000,150,SL,-1.00000000,5,1.02590985,3.18781227,129.10900000,0.49621429,129.44400000,129.49900000,129.63900000,129.63900000,2022
2022-05-16 16:00:00,struct5,0.25000000,200,SL,-1.00000000,5,1.02590985,3.18781227,129.10900000,0.49621429,129.44400000,129.49900000,129.63900000,129.63900000,2022
2022-05-16 16:00:00,struct10,0.00000000,100,SL,-1.00000000,5,1.26603774,3.93396226,129.10900000,0.49621429,129.44400000,129.49900000,129.63900000,129.63900000,2022
2022-05-16 16:00:00,struct10,0.00000000,150,SL,-1.00000000,5,1.26603774,3.93396226,129.10900000,0.49621429,129.44400000,129.49900000,129.63900000,129.63900000,2022
2022-05-16 16:00:00,struct10,0.00000000,200,SL,-1.00000000,5,1.26603774,3.93396226,129.10900000,0.49621429,129.44400000,129.49900000,129.63900000,129.63900000,2022
2022-05-16 16:00:00,struct10,0.10000000,100,SL,-1.00000000,5,1.15765216,3.59717550,129.10900000,0.49621429,129.44400000,129.49900000,129.63900000,129.63900000,2022
2022-05-16 16:00:00,struct10,0.10000000,150,SL,-1.00000000,5,1.15765216,3.59717550,129.10900000,0.49621429,129.44400000,129.49900000,129.63900000,129.63900000,2022
2022-05-16 16:00:00,struct10,0.10000000,200,SL,-1.00000000,5,1.15765216,3.59717550,129.10900000,0.49621429,129.44400000,129.49900000,129.63900000,129.63900000,2022
2022-05-16 16:00:00,struct10,0.25000000,100,SL,-1.00000000,5,1.02590985,3.18781227,129.10900000,0.49621429,129.44400000,129.49900000,129.63900000,129.63900000,2022
2022-05-16 16:00:00,struct10,0.25000000,150,SL,-1.00000000,5,1.02590985,3.18781227,129.10900000,0.49621429,129.44400000,129.49900000,129.63900000,129.63900000,2022
2022-05-16 16:00:00,struct10,0.25000000,200,SL,-1.00000000,5,1.02590985,3.18781227,129.10900000,0.49621429,129.44400000,129.49900000,129.63900000,129.63900000,2022
2022-07-25 20:00:00,atr,0.50000000,100,SL,-1.00000000,2,3.95656254,14.65880145,136.40800000,0.53278571,136.77900000,136.78800000,136.78800000,137.75500000,2022
2022-07-25 20:00:00,atr,0.50000000,150,SL,-1.00000000,2,3.95656254,14.65880145,136.40800000,0.53278571,136.77900000,136.78800000,136.78800000,137.75500000,2022
2022-07-25 20:00:00,atr,0.50000000,200,SL,-1.00000000,2,3.95656254,14.65880145,136.40800000,0.53278571,136.77900000,136.78800000,136.78800000,137.75500000,2022
2022-07-25 20:00:00,atr,0.75000000,100,SL,-1.00000000,3,2.63770836,9.77253430,136.40800000,0.53278571,136.77900000,136.78800000,136.78800000,137.75500000,2022
2022-07-25 20:00:00,atr,0.75000000,150,SL,-1.00000000,3,2.63770836,9.77253430,136.40800000,0.53278571,136.77900000,136.78800000,136.78800000,137.75500000,2022
2022-07-25 20:00:00,atr,0.75000000,200,SL,-1.00000000,3,2.63770836,9.77253430,136.40800000,0.53278571,136.77900000,136.78800000,136.78800000,137.75500000,2022
2022-07-25 20:00:00,atr,1.00000000,100,SL,-1.00000000,6,1.97828127,7.32940072,136.40800000,0.53278571,136.77900000,136.78800000,136.78800000,137.75500000,2022
2022-07-25 20:00:00,atr,1.00000000,150,SL,-1.00000000,6,1.97828127,7.32940072,136.40800000,0.53278571,136.77900000,136.78800000,136.78800000,137.75500000,2022
2022-07-25 20:00:00,atr,1.00000000,200,SL,-1.00000000,6,1.97828127,7.32940072,136.40800000,0.53278571,136.77900000,136.78800000,136.78800000,137.75500000,2022
2022-07-25 20:00:00,atr,1.25000000,100,SL,-1.00000000,7,1.58262502,5.86352058,136.40800000,0.53278571,136.77900000,136.78800000,136.78800000,137.75500000,2022
2022-07-25 20:00:00,atr,1.25000000,150,SL,-1.00000000,7,1.58262502,5.86352058,136.40800000,0.53278571,136.77900000,136.78800000,136.78800000,137.75500000,2022
2022-07-25 20:00:00,atr,1.25000000,200,SL,-1.00000000,7,1.58262502,5.86352058,136.40800000,0.53278571,136.77900000,136.78800000,136.78800000,137.75500000,2022
2022-07-25 20:00:00,retest_high,0.00000000,100,SL,-1.00000000,3,2.77368421,10.27631579,136.40800000,0.53278571,136.77900000,136.78800000,136.78800000,137.75500000,2022
2022-07-25 20:00:00,retest_high,0.00000000,150,SL,-1.00000000,3,2.77368421,10.27631579,136.40800000,0.53278571,136.77900000,136.78800000,136.78800000,137.75500000,2022
2022-07-25 20:00:00,retest_high,0.00000000,200,SL,-1.00000000,3,2.77368421,10.27631579,136.40800000,0.53278571,136.77900000,136.78800000,136.78800000,137.75500000,2022
2022-07-25 20:00:00,retest_high,0.10000000,100,SL,-1.00000000,3,2.43261511,9.01267743,136.40800000,0.53278571,136.77900000,136.78800000,136.78800000,137.75500000,2022
2022-07-25 20:00:00,retest_high,0.10000000,150,SL,-1.00000000,3,2.43261511,9.01267743,136.40800000,0.53278571,136.77900000,136.78800000,136.78800000,137.75500000,2022
2022-07-25 20:00:00,retest_high,0.10000000,200,SL,-1.00000000,3,2.43261511,9.01267743,136.40800000,0.53278571,136.77900000,136.78800000,136.78800000,137.75500000,2022
2022-07-25 20:00:00,retest_high,0.25000000,100,SL,-1.00000000,6,2.05379450,7.60917221,136.40800000,0.53278571,136.77900000,136.78800000,136.78800000,137.75500000,2022
2022-07-25 20:00:00,retest_high,0.25000000,150,SL,-1.00000000,6,2.05379450,7.60917221,136.40800000,0.53278571,136.77900000,136.78800000,136.78800000,137.75500000,2022
2022-07-25 20:00:00,retest_high,0.25000000,200,SL,-1.00000000,6,2.05379450,7.60917221,136.40800000,0.53278571,136.77900000,136.78800000,136.78800000,137.75500000,2022
2022-07-25 20:00:00,struct5,0.00000000,100,SL,-1.00000000,3,2.77368421,10.27631579,136.40800000,0.53278571,136.77900000,136.78800000,136.78800000,137.75500000,2022
2022-07-25 20:00:00,struct5,0.00000000,150,SL,-1.00000000,3,2.77368421,10.27631579,136.40800000,0.53278571,136.77900000,136.78800000,136.78800000,137.75500000,2022
2022-07-25 20:00:00,struct5,0.00000000,200,SL,-1.00000000,3,2.77368421,10.27631579,136.40800000,0.53278571,136.77900000,136.78800000,136.78800000,137.75500000,2022
2022-07-25 20:00:00,struct5,0.10000000,100,SL,-1.00000000,3,2.43261511,9.01267743,136.40800000,0.53278571,136.77900000,136.78800000,136.78800000,137.75500000,2022
2022-07-25 20:00:00,struct5,0.10000000,150,SL,-1.00000000,3,2.43261511,9.01267743,136.40800000,0.53278571,136.77900000,136.78800000,136.78800000,137.75500000,2022
2022-07-25 20:00:00,struct5,0.10000000,200,SL,-1.00000000,3,2.43261511,9.01267743,136.40800000,0.53278571,136.77900000,136.78800000,136.78800000,137.75500000,2022
2022-07-25 20:00:00,struct5,0.25000000,100,SL,-1.00000000,6,2.05379450,7.60917221,136.40800000,0.53278571,136.77900000,136.78800000,136.78800000,137.75500000,2022
2022-07-25 20:00:00,struct5,0.25000000,150,SL,-1.00000000,6,2.05379450,7.60917221,136.40800000,0.53278571,136.77900000,136.78800000,136.78800000,137.75500000,2022
2022-07-25 20:00:00,struct5,0.25000000,200,SL,-1.00000000,6,2.05379450,7.60917221,136.40800000,0.53278571,136.77900000,136.78800000,136.78800000,137.75500000,2022
2022-07-25 20:00:00,struct10,0.00000000,100,TP,0.74239050,13,0.78247958,2.89903489,136.40800000,0.53278571,136.77900000,136.78800000,136.78800000,137.75500000,2022
2022-07-25 20:00:00,struct10,0.00000000,150,TP,1.11358575,16,0.78247958,2.89903489,136.40800000,0.53278571,136.77900000,136.78800000,136.78800000,137.75500000,2022
2022-07-25 20:00:00,struct10,0.00000000,200,TP,1.48478099,16,0.78247958,2.89903489,136.40800000,0.53278571,136.77900000,136.78800000,136.78800000,137.75500000,2022
2022-07-25 20:00:00,struct10,0.10000000,100,TP,0.71414361,13,0.75270737,2.78873081,136.40800000,0.53278571,136.77900000,136.78800000,136.78800000,137.75500000,2022
2022-07-25 20:00:00,struct10,0.10000000,150,TP,1.07121542,16,0.75270737,2.78873081,136.40800000,0.53278571,136.77900000,136.78800000,136.78800000,137.75500000,2022
2022-07-25 20:00:00,struct10,0.10000000,200,TP,1.42828723,16,0.75270737,2.78873081,136.40800000,0.53278571,136.77900000,136.78800000,136.78800000,137.75500000,2022
2022-07-25 20:00:00,struct10,0.25000000,100,TP,0.67558601,13,0.71206766,2.63816337,136.40800000,0.53278571,136.77900000,136.78800000,136.78800000,137.75500000,2022
2022-07-25 20:00:00,struct10,0.25000000,150,TP,1.01337902,16,0.71206766,2.63816337,136.40800000,0.53278571,136.77900000,136.78800000,136.78800000,137.75500000,2022
2022-07-25 20:00:00,struct10,0.25000000,200,TP,1.35117202,16,0.71206766,2.63816337,136.40800000,0.53278571,136.77900000,136.78800000,136.78800000,137.75500000,2022
2022-08-11 08:00:00,atr,0.50000000,100,SL,-1.00000000,1,7.85809744,2.18053699,132.37200000,0.58792857,132.83700000,132.95600000,135.07200000,135.30000000,2022
2022-08-11 08:00:00,atr,0.50000000,150,SL,-1.00000000,1,7.85809744,2.18053699,132.37200000,0.58792857,132.83700000,132.95600000,135.07200000,135.30000000,2022
2022-08-11 08:00:00,atr,0.50000000,200,SL,-1.00000000,1,7.85809744,2.18053699,132.37200000,0.58792857,132.83700000,132.95600000,135.07200000,135.30000000,2022
2022-08-11 08:00:00,atr,0.75000000,100,SL,-1.00000000,1,5.23873162,1.45369133,132.37200000,0.58792857,132.83700000,132.95600000,135.07200000,135.30000000,2022
2022-08-11 08:00:00,atr,0.75000000,150,SL,-1.00000000,1,5.23873162,1.45369133,132.37200000,0.58792857,132.83700000,132.95600000,135.07200000,135.30000000,2022
2022-08-11 08:00:00,atr,0.75000000,200,SL,-1.00000000,1,5.23873162,1.45369133,132.37200000,0.58792857,132.83700000,132.95600000,135.07200000,135.30000000,2022
2022-08-11 08:00:00,atr,1.00000000,100,SL,-1.00000000,2,3.92904872,1.09026850,132.37200000,0.58792857,132.83700000,132.95600000,135.07200000,135.30000000,2022
2022-08-11 08:00:00,atr,1.00000000,150,SL,-1.00000000,2,3.92904872,1.09026850,132.37200000,0.58792857,132.83700000,132.95600000,135.07200000,135.30000000,2022
2022-08-11 08:00:00,atr,1.00000000,200,SL,-1.00000000,2,3.92904872,1.09026850,132.37200000,0.58792857,132.83700000,132.95600000,135.07200000,135.30000000,2022
2022-08-11 08:00:00,atr,1.25000000,100,SL,-1.00000000,2,3.14323897,0.87221480,132.37200000,0.58792857,132.83700000,132.95600000,135.07200000,135.30000000,2022
2022-08-11 08:00:00,atr,1.25000000,150,SL,-1.00000000,2,3.14323897,0.87221480,132.37200000,0.58792857,132.83700000,132.95600000,135.07200000,135.30000000,2022
2022-08-11 08:00:00,atr,1.25000000,200,SL,-1.00000000,2,3.14323897,0.87221480,132.37200000,0.58792857,132.83700000,132.95600000,135.07200000,135.30000000,2022
2022-08-11 08:00:00,retest_high,0.00000000,100,SL,-1.00000000,2,3.95547945,1.09760274,132.37200000,0.58792857,132.83700000,132.95600000,135.07200000,135.30000000,2022
2022-08-11 08:00:00,retest_high,0.00000000,150,SL,-1.00000000,2,3.95547945,1.09760274,132.37200000,0.58792857,132.83700000,132.95600000,135.07200000,135.30000000,2022
2022-08-11 08:00:00,retest_high,0.00000000,200,SL,-1.00000000,2,3.95547945,1.09760274,132.37200000,0.58792857,132.83700000,132.95600000,135.07200000,135.30000000,2022
2022-08-11 08:00:00,retest_high,0.10000000,100,SL,-1.00000000,2,3.59369270,0.99721083,132.37200000,0.58792857,132.83700000,132.95600000,135.07200000,135.30000000,2022
2022-08-11 08:00:00,retest_high,0.10000000,150,SL,-1.00000000,2,3.59369270,0.99721083,132.37200000,0.58792857,132.83700000,132.95600000,135.07200000,135.30000000,2022
2022-08-11 08:00:00,retest_high,0.10000000,200,SL,-1.00000000,2,3.59369270,0.99721083,132.37200000,0.58792857,132.83700000,132.95600000,135.07200000,135.30000000,2022
2022-08-11 08:00:00,retest_high,0.25000000,100,SL,-1.00000000,2,3.16013192,0.87690241,132.37200000,0.58792857,132.83700000,132.95600000,135.07200000,135.30000000,2022
2022-08-11 08:00:00,retest_high,0.25000000,150,SL,-1.00000000,2,3.16013192,0.87690241,132.37200000,0.58792857,132.83700000,132.95600000,135.07200000,135.30000000,2022
2022-08-11 08:00:00,retest_high,0.25000000,200,SL,-1.00000000,2,3.16013192,0.87690241,132.37200000,0.58792857,132.83700000,132.95600000,135.07200000,135.30000000,2022
2022-08-11 08:00:00,struct5,0.00000000,100,TIME,-0.74518519,20,0.85555556,0.23740741,132.37200000,0.58792857,132.83700000,132.95600000,135.07200000,135.30000000,2022
2022-08-11 08:00:00,struct5,0.00000000,150,TIME,-0.74518519,20,0.85555556,0.23740741,132.37200000,0.58792857,132.83700000,132.95600000,135.07200000,135.30000000,2022
2022-08-11 08:00:00,struct5,0.00000000,200,TIME,-0.74518519,20,0.85555556,0.23740741,132.37200000,0.58792857,132.83700000,132.95600000,135.07200000,135.30000000,2022
2022-08-11 08:00:00,struct5,0.10000000,100,TIME,-0.72930448,20,0.83732274,0.23234800,132.37200000,0.58792857,132.83700000,132.95600000,135.07200000,135.30000000,2022
2022-08-11 08:00:00,struct5,0.10000000,150,TIME,-0.72930448,20,0.83732274,0.23234800,132.37200000,0.58792857,132.83700000,132.95600000,135.07200000,135.30000000,2022
2022-08-11 08:00:00,struct5,0.10000000,200,TIME,-0.72930448,20,0.83732274,0.23234800,132.37200000,0.58792857,132.83700000,132.95600000,135.07200000,135.30000000,2022
2022-08-11 08:00:00,struct5,0.25000000,100,TIME,-0.70671325,20,0.81138549,0.22515069,132.37200000,0.58792857,132.83700000,132.95600000,135.07200000,135.30000000,2022
2022-08-11 08:00:00,struct5,0.25000000,150,TIME,-0.70671325,20,0.81138549,0.22515069,132.37200000,0.58792857,132.83700000,132.95600000,135.07200000,135.30000000,2022
2022-08-11 08:00:00,struct5,0.25000000,200,TIME,-0.70671325,20,0.81138549,0.22515069,132.37200000,0.58792857,132.83700000,132.95600000,135.07200000,135.30000000,2022
2022-08-11 08:00:00,struct10,0.00000000,100,TIME,-0.68715847,20,0.78893443,0.21892077,132.37200000,0.58792857,132.83700000,132.95600000,135.07200000,135.30000000,2022
2022-08-11 08:00:00,struct10,0.00000000,150,TIME,-0.68715847,20,0.78893443,0.21892077,132.37200000,0.58792857,132.83700000,132.95600000,135.07200000,135.30000000,2022
2022-08-11 08:00:00,struct10,0.00000000,200,TIME,-0.68715847,20,0.78893443,0.21892077,132.37200000,0.58792857,132.83700000,132.95600000,135.07200000,135.30000000,2022
2022-08-11 08:00:00,struct10,0.10000000,100,TIME,-0.67363225,20,0.77340482,0.21461147,132.37200000,0.58792857,132.83700000,132.95600000,135.07200000,135.30000000,2022
2022-08-11 08:00:00,struct10,0.10000000,150,TIME,-0.67363225,20,0.77340482,0.21461147,132.37200000,0.58792857,132.83700000,132.95600000,135.07200000,135.30000000,2022
2022-08-11 08:00:00,struct10,0.10000000,200,TIME,-0.67363225,20,0.77340482,0.21461147,132.37200000,0.58792857,132.83700000,132.95600000,135.07200000,135.30000000,2022
2022-08-11 08:00:00,struct10,0.25000000,100,TIME,-0.65431274,20,0.75122387,0.20845650,132.37200000,0.58792857,132.83700000,132.95600000,135.07200000,135.30000000,2022
2022-08-11 08:00:00,struct10,0.25000000,150,TIME,-0.65431274,20,0.75122387,0.20845650,132.37200000,0.58792857,132.83700000,132.95600000,135.07200000,135.30000000,2022
2022-08-11 08:00:00,struct10,0.25000000,200,TIME,-0.65431274,20,0.75122387,0.20845650,132.37200000,0.58792857,132.83700000,132.95600000,135.07200000,135.30000000,2022
2022-12-02 20:00:00,atr,0.50000000,100,SL,-1.00000000,2,7.74942067,0.31144755,134.27100000,0.92471429,135.52700000,135.98100000,135.98100000,136.91100000,2022
2022-12-02 20:00:00,atr,0.50000000,150,SL,-1.00000000,2,7.74942067,0.31144755,134.27100000,0.92471429,135.52700000,135.98100000,135.98100000,136.91100000,2022
2022-12-02 20:00:00,atr,0.50000000,200,SL,-1.00000000,2,7.74942067,0.31144755,134.27100000,0.92471429,135.52700000,135.98100000,135.98100000,136.91100000,2022
2022-12-02 20:00:00,atr,0.75000000,100,SL,-1.00000000,3,5.16628045,0.20763170,134.27100000,0.92471429,135.52700000,135.98100000,135.98100000,136.91100000,2022
2022-12-02 20:00:00,atr,0.75000000,150,SL,-1.00000000,3,5.16628045,0.20763170,134.27100000,0.92471429,135.52700000,135.98100000,135.98100000,136.91100000,2022
2022-12-02 20:00:00,atr,0.75000000,200,SL,-1.00000000,3,5.16628045,0.20763170,134.27100000,0.92471429,135.52700000,135.98100000,135.98100000,136.91100000,2022
2022-12-02 20:00:00,atr,1.00000000,100,SL,-1.00000000,3,3.87471034,0.15572378,134.27100000,0.92471429,135.52700000,135.98100000,135.98100000,136.91100000,2022
2022-12-02 20:00:00,atr,1.00000000,150,SL,-1.00000000,3,3.87471034,0.15572378,134.27100000,0.92471429,135.52700000,135.98100000,135.98100000,136.91100000,2022
2022-12-02 20:00:00,atr,1.00000000,200,SL,-1.00000000,3,3.87471034,0.15572378,134.27100000,0.92471429,135.52700000,135.98100000,135.98100000,136.91100000,2022
2022-12-02 20:00:00,atr,1.25000000,100,SL,-1.00000000,4,3.09976827,0.12457902,134.27100000,0.92471429,135.52700000,135.98100000,135.98100000,136.91100000,2022
2022-12-02 20:00:00,atr,1.25000000,150,SL,-1.00000000,4,3.09976827,0.12457902,134.27100000,0.92471429,135.52700000,135.98100000,135.98100000,136.91100000,2022
2022-12-02 20:00:00,atr,1.25000000,200,SL,-1.00000000,4,3.09976827,0.12457902,134.27100000,0.92471429,135.52700000,135.98100000,135.98100000,136.91100000,2022
2022-12-02 20:00:00,retest_high,0.00000000,100,SL,-1.00000000,5,2.09532164,0.08421053,134.27100000,0.92471429,135.52700000,135.98100000,135.98100000,136.91100000,2022
2022-12-02 20:00:00,retest_high,0.00000000,150,SL,-1.00000000,5,2.09532164,0.08421053,134.27100000,0.92471429,135.52700000,135.98100000,135.98100000,136.91100000,2022
2022-12-02 20:00:00,retest_high,0.00000000,200,SL,-1.00000000,5,2.09532164,0.08421053,134.27100000,0.92471429,135.52700000,135.98100000,135.98100000,136.91100000,2022
2022-12-02 20:00:00,retest_high,0.10000000,100,SL,-1.00000000,5,1.98782624,0.07989031,134.27100000,0.92471429,135.52700000,135.98100000,135.98100000,136.91100000,2022
2022-12-02 20:00:00,retest_high,0.10000000,150,SL,-1.00000000,5,1.98782624,0.07989031,134.27100000,0.92471429,135.52700000,135.98100000,135.98100000,136.91100000,2022
2022-12-02 20:00:00,retest_high,0.10000000,200,SL,-1.00000000,5,1.98782624,0.07989031,134.27100000,0.92471429,135.52700000,135.98100000,135.98100000,136.91100000,2022
2022-12-02 20:00:00,retest_high,0.25000000,100,SL,-1.00000000,5,1.84578588,0.07418174,134.27100000,0.92471429,135.52700000,135.98100000,135.98100000,136.91100000,2022
2022-12-02 20:00:00,retest_high,0.25000000,150,SL,-1.00000000,5,1.84578588,0.07418174,134.27100000,0.92471429,135.52700000,135.98100000,135.98100000,136.91100000,2022
2022-12-02 20:00:00,retest_high,0.25000000,200,SL,-1.00000000,5,1.84578588,0.07418174,134.27100000,0.92471429,135.52700000,135.98100000,135.98100000,136.91100000,2022
2022-12-02 20:00:00,struct5,0.00000000,100,SL,-1.00000000,5,2.09532164,0.08421053,134.27100000,0.92471429,135.52700000,135.98100000,135.98100000,136.91100000,2022
2022-12-02 20:00:00,struct5,0.00000000,150,SL,-1.00000000,5,2.09532164,0.08421053,134.27100000,0.92471429,135.52700000,135.98100000,135.98100000,136.91100000,2022
2022-12-02 20:00:00,struct5,0.00000000,200,SL,-1.00000000,5,2.09532164,0.08421053,134.27100000,0.92471429,135.52700000,135.98100000,135.98100000,136.91100000,2022
2022-12-02 20:00:00,struct5,0.10000000,100,SL,-1.00000000,5,1.98782624,0.07989031,134.27100000,0.92471429,135.52700000,135.98100000,135.98100000,136.91100000,2022
2022-12-02 20:00:00,struct5,0.10000000,150,SL,-1.00000000,5,1.98782624,0.07989031,134.27100000,0.92471429,135.52700000,135.98100000,135.98100000,136.91100000,2022
2022-12-02 20:00:00,struct5,0.10000000,200,SL,-1.00000000,5,1.98782624,0.07989031,134.27100000,0.92471429,135.52700000,135.98100000,135.98100000,136.91100000,2022
2022-12-02 20:00:00,struct5,0.25000000,100,SL,-1.00000000,5,1.84578588,0.07418174,134.27100000,0.92471429,135.52700000,135.98100000,135.98100000,136.91100000,2022
2022-12-02 20:00:00,struct5,0.25000000,150,SL,-1.00000000,5,1.84578588,0.07418174,134.27100000,0.92471429,135.52700000,135.98100000,135.98100000,136.91100000,2022
2022-12-02 20:00:00,struct5,0.25000000,200,SL,-1.00000000,5,1.84578588,0.07418174,134.27100000,0.92471429,135.52700000,135.98100000,135.98100000,136.91100000,2022
2022-12-02 20:00:00,struct10,0.00000000,100,SL,-1.00000000,8,1.35719697,0.05454545,134.27100000,0.92471429,135.52700000,135.98100000,135.98100000,136.91100000,2022
2022-12-02 20:00:00,struct10,0.00000000,150,SL,-1.00000000,8,1.35719697,0.05454545,134.27100000,0.92471429,135.52700000,135.98100000,135.98100000,136.91100000,2022
2022-12-02 20:00:00,struct10,0.00000000,200,SL,-1.00000000,8,1.35719697,0.05454545,134.27100000,0.92471429,135.52700000,135.98100000,135.98100000,136.91100000,2022
2022-12-02 20:00:00,struct10,0.10000000,100,SL,-1.00000000,8,1.31126714,0.05269954,134.27100000,0.92471429,135.52700000,135.98100000,135.98100000,136.91100000,2022
2022-12-02 20:00:00,struct10,0.10000000,150,SL,-1.00000000,8,1.31126714,0.05269954,134.27100000,0.92471429,135.52700000,135.98100000,135.98100000,136.91100000,2022
2022-12-02 20:00:00,struct10,0.10000000,200,SL,-1.00000000,8,1.31126714,0.05269954,134.27100000,0.92471429,135.52700000,135.98100000,135.98100000,136.91100000,2022
2022-12-02 20:00:00,struct10,0.25000000,100,SL,-1.00000000,8,1.24791959,0.05015362,134.27100000,0.92471429,135.52700000,135.98100000,135.98100000,136.91100000,2022
2022-12-02 20:00:00,struct10,0.25000000,150,SL,-1.00000000,8,1.24791959,0.05015362,134.27100000,0.92471429,135.52700000,135.98100000,135.98100000,136.91100000,2022
2022-12-02 20:00:00,struct10,0.25000000,200,SL,-1.00000000,8,1.24791959,0.05015362,134.27100000,0.92471429,135.52700000,135.98100000,135.98100000,136.91100000,2022
2022-12-14 04:00:00,atr,0.50000000,100,SL,-1.00000000,3,8.20180494,2.94704795,135.47700000,0.65692857,135.60200000,135.73300000,137.83200000,137.96900000,2022
2022-12-14 04:00:00,atr,0.50000000,150,SL,-1.00000000,3,8.20180494,2.94704795,135.47700000,0.65692857,135.60200000,135.73300000,137.83200000,137.96900000,2022
2022-12-14 04:00:00,atr,0.50000000,200,SL,-1.00000000,3,8.20180494,2.94704795,135.47700000,0.65692857,135.60200000,135.73300000,137.83200000,137.96900000,2022
2022-12-14 04:00:00,atr,0.75000000,100,SL,-1.00000000,3,5.46786996,1.96469863,135.47700000,0.65692857,135.60200000,135.73300000,137.83200000,137.96900000,2022
2022-12-14 04:00:00,atr,0.75000000,150,SL,-1.00000000,3,5.46786996,1.96469863,135.47700000,0.65692857,135.60200000,135.73300000,137.83200000,137.96900000,2022
2022-12-14 04:00:00,atr,0.75000000,200,SL,-1.00000000,3,5.46786996,1.96469863,135.47700000,0.65692857,135.60200000,135.73300000,137.83200000,137.96900000,2022
2022-12-14 04:00:00,atr,1.00000000,100,SL,-1.00000000,7,4.10090247,1.47352398,135.47700000,0.65692857,135.60200000,135.73300000,137.83200000,137.96900000,2022
2022-12-14 04:00:00,atr,1.00000000,150,SL,-1.00000000,7,4.10090247,1.47352398,135.47700000,0.65692857,135.60200000,135.73300000,137.83200000,137.96900000,2022
2022-12-14 04:00:00,atr,1.00000000,200,SL,-1.00000000,7,4.10090247,1.47352398,135.47700000,0.65692857,135.60200000,135.73300000,137.83200000,137.96900000,2022
2022-12-14 04:00:00,atr,1.25000000,100,SL,-1.00000000,7,3.28072197,1.17881918,135.47700000,0.65692857,135.60200000,135.73300000,137.83200000,137.96900000,2022
2022-12-14 04:00:00,atr,1.25000000,150,SL,-1.00000000,7,3.28072197,1.17881918,135.47700000,0.65692857,135.60200000,135.73300000,137.83200000,137.96900000,2022
2022-12-14 04:00:00,atr,1.25000000,200,SL,-1.00000000,7,3.28072197,1.17881918,135.47700000,0.65692857,135.60200000,135.73300000,137.83200000,137.96900000,2022
2022-12-14 04:00:00,retest_high,0.00000000,100,SL,-1.00000000,3,10.52343750,3.78125000,135.47700000,0.65692857,135.60200000,135.73300000,137.83200000,137.96900000,2022
2022-12-14 04:00:00,retest_high,0.00000000,150,SL,-1.00000000,3,10.52343750,3.78125000,135.47700000,0.65692857,135.60200000,135.73300000,137.83200000,137.96900000,2022
2022-12-14 04:00:00,retest_high,0.00000000,200,SL,-1.00000000,3,10.52343750,3.78125000,135.47700000,0.65692857,135.60200000,135.73300000,137.83200000,137.96900000,2022
2022-12-14 04:00:00,retest_high,0.10000000,100,SL,-1.00000000,3,8.37444768,3.00908142,135.47700000,0.65692857,135.60200000,135.73300000,137.83200000,137.96900000,2022
2022-12-14 04:00:00,retest_high,0.10000000,150,SL,-1.00000000,3,8.37444768,3.00908142,135.47700000,0.65692857,135.60200000,135.73300000,137.83200000,137.96900000,2022
2022-12-14 04:00:00,retest_high,0.10000000,200,SL,-1.00000000,3,8.37444768,3.00908142,135.47700000,0.65692857,135.60200000,135.73300000,137.83200000,137.96900000,2022
2022-12-14 04:00:00,retest_high,0.25000000,100,SL,-1.00000000,3,6.41074236,2.30348872,135.47700000,0.65692857,135.60200000,135.73300000,137.83200000,137.96900000,2022
2022-12-14 04:00:00,retest_high,0.25000000,150,SL,-1.00000000,3,6.41074236,2.30348872,135.47700000,0.65692857,135.60200000,135.73300000,137.83200000,137.96900000,2022
2022-12-14 04:00:00,retest_high,0.25000000,200,SL,-1.00000000,3,6.41074236,2.30348872,135.47700000,0.65692857,135.60200000,135.73300000,137.83200000,137.96900000,2022
2022-12-14 04:00:00,struct5,0.00000000,100,SL,-1.00000000,9,1.14394904,0.41104034,135.47700000,0.65692857,135.60200000,135.73300000,137.83200000,137.96900000,2022
2022-12-14 04:00:00,struct5,0.00000000,150,SL,-1.00000000,9,1.14394904,0.41104034,135.47700000,0.65692857,135.60200000,135.73300000,137.83200000,137.96900000,2022
2022-12-14 04:00:00,struct5,0.00000000,200,SL,-1.00000000,9,1.14394904,0.41104034,135.47700000,0.65692857,135.60200000,135.73300000,137.83200000,137.96900000,2022
2022-12-14 04:00:00,struct5,0.10000000,100,SL,-1.00000000,9,1.11290451,0.39988551,135.47700000,0.65692857,135.60200000,135.73300000,137.83200000,137.96900000,2022
2022-12-14 04:00:00,struct5,0.10000000,150,SL,-1.00000000,9,1.11290451,0.39988551,135.47700000,0.65692857,135.60200000,135.73300000,137.83200000,137.96900000,2022
2022-12-14 04:00:00,struct5,0.10000000,200,SL,-1.00000000,9,1.11290451,0.39988551,135.47700000,0.65692857,135.60200000,135.73300000,137.83200000,137.96900000,2022
2022-12-14 04:00:00,struct5,0.25000000,100,SL,-1.00000000,9,1.06937346,0.38424407,135.47700000,0.65692857,135.60200000,135.73300000,137.83200000,137.96900000,2022
2022-12-14 04:00:00,struct5,0.25000000,150,SL,-1.00000000,9,1.06937346,0.38424407,135.47700000,0.65692857,135.60200000,135.73300000,137.83200000,137.96900000,2022
2022-12-14 04:00:00,struct5,0.25000000,200,SL,-1.00000000,9,1.06937346,0.38424407,135.47700000,0.65692857,135.60200000,135.73300000,137.83200000,137.96900000,2022
2022-12-14 04:00:00,struct10,0.00000000,100,SL,-1.00000000,9,1.08105939,0.38844302,135.47700000,0.65692857,135.60200000,135.73300000,137.83200000,137.96900000,2022
2022-12-14 04:00:00,struct10,0.00000000,150,SL,-1.00000000,9,1.08105939,0.38844302,135.47700000,0.65692857,135.60200000,135.73300000,137.83200000,137.96900000,2022
2022-12-14 04:00:00,struct10,0.00000000,200,SL,-1.00000000,9,1.08105939,0.38844302,135.47700000,0.65692857,135.60200000,135.73300000,137.83200000,137.96900000,2022
2022-12-14 04:00:00,struct10,0.10000000,100,SL,-1.00000000,9,1.05329301,0.37846608,135.47700000,0.65692857,135.60200000,135.73300000,137.83200000,137.96900000,2022
2022-12-14 04:00:00,struct10,0.10000000,150,SL,-1.00000000,9,1.05329301,0.37846608,135.47700000,0.65692857,135.60200000,135.73300000,137.83200000,137.96900000,2022
2022-12-14 04:00:00,struct10,0.10000000,200,SL,-1.00000000,9,1.05329301,0.37846608,135.47700000,0.65692857,135.60200000,135.73300000,137.83200000,137.96900000,2022
2022-12-14 04:00:00,struct10,0.25000000,100,SL,-1.00000000,9,1.01421858,0.36442598,135.47700000,0.65692857,135.60200000,135.73300000,137.83200000,137.96900000,2022
2022-12-14 04:00:00,struct10,0.25000000,150,SL,-1.00000000,9,1.01421858,0.36442598,135.47700000,0.65692857,135.60200000,135.73300000,137.83200000,137.96900000,2022
2022-12-14 04:00:00,struct10,0.25000000,200,SL,-1.00000000,9,1.01421858,0.36442598,135.47700000,0.65692857,135.60200000,135.73300000,137.83200000,137.96900000,2022
2023-01-17 08:00:00,atr,0.50000000,100,SL,-1.00000000,4,8.85022026,3.51850220,128.70200000,0.64857143,128.63000000,128.75800000,129.15500000,129.15500000,2023
2023-01-17 08:00:00,atr,0.50000000,150,SL,-1.00000000,4,8.85022026,3.51850220,128.70200000,0.64857143,128.63000000,128.75800000,129.15500000,129.15500000,2023
2023-01-17 08:00:00,atr,0.50000000,200,SL,-1.00000000,4,8.85022026,3.51850220,128.70200000,0.64857143,128.63000000,128.75800000,129.15500000,129.15500000,2023
2023-01-17 08:00:00,atr,0.75000000,100,SL,-1.00000000,4,5.90014684,2.34566814,128.70200000,0.64857143,128.63000000,128.75800000,129.15500000,129.15500000,2023
2023-01-17 08:00:00,atr,0.75000000,150,SL,-1.00000000,4,5.90014684,2.34566814,128.70200000,0.64857143,128.63000000,128.75800000,129.15500000,129.15500000,2023
2023-01-17 08:00:00,atr,0.75000000,200,SL,-1.00000000,4,5.90014684,2.34566814,128.70200000,0.64857143,128.63000000,128.75800000,129.15500000,129.15500000,2023
2023-01-17 08:00:00,atr,1.00000000,100,SL,-1.00000000,4,4.42511013,1.75925110,128.70200000,0.64857143,128.63000000,128.75800000,129.15500000,129.15500000,2023
2023-01-17 08:00:00,atr,1.00000000,150,SL,-1.00000000,4,4.42511013,1.75925110,128.70200000,0.64857143,128.63000000,128.75800000,129.15500000,129.15500000,2023
2023-01-17 08:00:00,atr,1.00000000,200,SL,-1.00000000,4,4.42511013,1.75925110,128.70200000,0.64857143,128.63000000,128.75800000,129.15500000,129.15500000,2023
2023-01-17 08:00:00,atr,1.25000000,100,SL,-1.00000000,4,3.54008811,1.40740088,128.70200000,0.64857143,128.63000000,128.75800000,129.15500000,129.15500000,2023
2023-01-17 08:00:00,atr,1.25000000,150,SL,-1.00000000,4,3.54008811,1.40740088,128.70200000,0.64857143,128.63000000,128.75800000,129.15500000,129.15500000,2023
2023-01-17 08:00:00,atr,1.25000000,200,SL,-1.00000000,4,3.54008811,1.40740088,128.70200000,0.64857143,128.63000000,128.75800000,129.15500000,129.15500000,2023
2023-01-17 08:00:00,retest_high,0.00000000,100,SL,-1.00000000,1,51.25000000,20.37500000,128.70200000,0.64857143,128.63000000,128.75800000,129.15500000,129.15500000,2023
2023-01-17 08:00:00,retest_high,0.00000000,150,SL,-1.00000000,1,51.25000000,20.37500000,128.70200000,0.64857143,128.63000000,128.75800000,129.15500000,129.15500000,2023
2023-01-17 08:00:00,retest_high,0.00000000,200,SL,-1.00000000,1,51.25000000,20.37500000,128.70200000,0.64857143,128.63000000,128.75800000,129.15500000,129.15500000,2023
2023-01-17 08:00:00,retest_high,0.10000000,100,SL,-1.00000000,4,23.74704492,9.44089835,128.70200000,0.64857143,128.63000000,128.75800000,129.15500000,129.15500000,2023
2023-01-17 08:00:00,retest_high,0.10000000,150,SL,-1.00000000,4,23.74704492,9.44089835,128.70200000,0.64857143,128.63000000,128.75800000,129.15500000,129.15500000,2023
2023-01-17 08:00:00,retest_high,0.10000000,200,SL,-1.00000000,4,23.74704492,9.44089835,128.70200000,0.64857143,128.63000000,128.75800000,129.15500000,129.15500000,2023
2023-01-17 08:00:00,retest_high,0.25000000,100,SL,-1.00000000,4,13.15651604,5.23051735,128.70200000,0.64857143,128.63000000,128.75800000,129.15500000,129.15500000,2023
2023-01-17 08:00:00,retest_high,0.25000000,150,SL,-1.00000000,4,13.15651604,5.23051735,128.70200000,0.64857143,128.63000000,128.75800000,129.15500000,129.15500000,2023
2023-01-17 08:00:00,retest_high,0.25000000,200,SL,-1.00000000,4,13.15651604,5.23051735,128.70200000,0.64857143,128.63000000,128.75800000,129.15500000,129.15500000,2023
2023-01-17 08:00:00,struct5,0.00000000,100,SL,-1.00000000,4,6.33554084,2.51876380,128.70200000,0.64857143,128.63000000,128.75800000,129.15500000,129.15500000,2023
2023-01-17 08:00:00,struct5,0.00000000,150,SL,-1.00000000,4,6.33554084,2.51876380,128.70200000,0.64857143,128.63000000,128.75800000,129.15500000,129.15500000,2023
2023-01-17 08:00:00,struct5,0.00000000,200,SL,-1.00000000,4,6.33554084,2.51876380,128.70200000,0.64857143,128.63000000,128.75800000,129.15500000,129.15500000,2023
2023-01-17 08:00:00,struct5,0.10000000,100,SL,-1.00000000,4,5.54206897,2.20331034,128.70200000,0.64857143,128.63000000,128.75800000,129.15500000,129.15500000,2023
2023-01-17 08:00:00,struct5,0.10000000,150,SL,-1.00000000,4,5.54206897,2.20331034,128.70200000,0.64857143,128.63000000,128.75800000,129.15500000,129.15500000,2023
2023-01-17 08:00:00,struct5,0.10000000,200,SL,-1.00000000,4,5.54206897,2.20331034,128.70200000,0.64857143,128.63000000,128.75800000,129.15500000,129.15500000,2023
2023-01-17 08:00:00,struct5,0.25000000,100,SL,-1.00000000,4,4.66558291,1.85485369,128.70200000,0.64857143,128.63000000,128.75800000,129.15500000,129.15500000,2023
2023-01-17 08:00:00,struct5,0.25000000,150,SL,-1.00000000,4,4.66558291,1.85485369,128.70200000,0.64857143,128.63000000,128.75800000,129.15500000,129.15500000,2023
2023-01-17 08:00:00,struct5,0.25000000,200,SL,-1.00000000,4,4.66558291,1.85485369,128.70200000,0.64857143,128.63000000,128.75800000,129.15500000,129.15500000,2023
2023-01-17 08:00:00,struct10,0.00000000,100,SL,-1.00000000,4,6.33554084,2.51876380,128.70200000,0.64857143,128.63000000,128.75800000,129.15500000,129.15500000,2023
2023-01-17 08:00:00,struct10,0.00000000,150,SL,-1.00000000,4,6.33554084,2.51876380,128.70200000,0.64857143,128.63000000,128.75800000,129.15500000,129.15500000,2023
2023-01-17 08:00:00,struct10,0.00000000,200,SL,-1.00000000,4,6.33554084,2.51876380,128.70200000,0.64857143,128.63000000,128.75800000,129.15500000,129.15500000,2023
2023-01-17 08:00:00,struct10,0.10000000,100,SL,-1.00000000,4,5.54206897,2.20331034,128.70200000,0.64857143,128.63000000,128.75800000,129.15500000,129.15500000,2023
2023-01-17 08:00:00,struct10,0.10000000,150,SL,-1.00000000,4,5.54206897,2.20331034,128.70200000,0.64857143,128.63000000,128.75800000,129.15500000,129.15500000,2023
2023-01-17 08:00:00,struct10,0.10000000,200,SL,-1.00000000,4,5.54206897,2.20331034,128.70200000,0.64857143,128.63000000,128.75800000,129.15500000,129.15500000,2023
2023-01-17 08:00:00,struct10,0.25000000,100,SL,-1.00000000,4,4.66558291,1.85485369,128.70200000,0.64857143,128.63000000,128.75800000,129.15500000,129.15500000,2023
2023-01-17 08:00:00,struct10,0.25000000,150,SL,-1.00000000,4,4.66558291,1.85485369,128.70200000,0.64857143,128.63000000,128.75800000,129.15500000,129.15500000,2023
2023-01-17 08:00:00,struct10,0.25000000,200,SL,-1.00000000,4,4.66558291,1.85485369,128.70200000,0.64857143,128.63000000,128.75800000,129.15500000,129.15500000,2023
2023-07-07 00:00:00,atr,0.50000000,100,TP,5.17273231,2,0.22760022,23.81008683,143.91200000,0.38664286,143.98400000,144.13600000,144.65100000,144.69600000,2023
2023-07-07 00:00:00,atr,0.50000000,150,TP,7.75909847,3,0.22760022,23.81008683,143.91200000,0.38664286,143.98400000,144.13600000,144.65100000,144.69600000,2023
2023-07-07 00:00:00,atr,0.50000000,200,TP,10.34546462,10,0.22760022,23.81008683,143.91200000,0.38664286,143.98400000,144.13600000,144.65100000,144.69600000,2023
2023-07-07 00:00:00,atr,0.75000000,100,TP,3.44848821,2,0.15173348,15.87339122,143.91200000,0.38664286,143.98400000,144.13600000,144.65100000,144.69600000,2023
2023-07-07 00:00:00,atr,0.75000000,150,TP,5.17273231,3,0.15173348,15.87339122,143.91200000,0.38664286,143.98400000,144.13600000,144.65100000,144.69600000,2023
2023-07-07 00:00:00,atr,0.75000000,200,TP,6.89697641,10,0.15173348,15.87339122,143.91200000,0.38664286,143.98400000,144.13600000,144.65100000,144.69600000,2023
2023-07-07 00:00:00,atr,1.00000000,100,TP,2.58636616,2,0.11380011,11.90504341,143.91200000,0.38664286,143.98400000,144.13600000,144.65100000,144.69600000,2023
2023-07-07 00:00:00,atr,1.00000000,150,TP,3.87954923,3,0.11380011,11.90504341,143.91200000,0.38664286,143.98400000,144.13600000,144.65100000,144.69600000,2023
2023-07-07 00:00:00,atr,1.00000000,200,TP,5.17273231,10,0.11380011,11.90504341,143.91200000,0.38664286,143.98400000,144.13600000,144.65100000,144.69600000,2023
2023-07-07 00:00:00,atr,1.25000000,100,TP,2.06909292,2,0.09104009,9.52403473,143.91200000,0.38664286,143.98400000,144.13600000,144.65100000,144.69600000,2023
2023-07-07 00:00:00,atr,1.25000000,150,TP,3.10363939,3,0.09104009,9.52403473,143.91200000,0.38664286,143.98400000,144.13600000,144.65100000,144.69600000,2023
2023-07-07 00:00:00,atr,1.25000000,200,TP,4.13818585,10,0.09104009,9.52403473,143.91200000,0.38664286,143.98400000,144.13600000,144.65100000,144.69600000,2023
2023-07-07 00:00:00,retest_high,0.00000000,100,TP,4.46428571,2,0.19642857,20.54910714,143.91200000,0.38664286,143.98400000,144.13600000,144.65100000,144.69600000,2023
2023-07-07 00:00:00,retest_high,0.00000000,150,TP,6.69642857,3,0.19642857,20.54910714,143.91200000,0.38664286,143.98400000,144.13600000,144.65100000,144.69600000,2023
2023-07-07 00:00:00,retest_high,0.00000000,200,TP,8.92857143,10,0.19642857,20.54910714,143.91200000,0.38664286,143.98400000,144.13600000,144.65100000,144.69600000,2023
2023-07-07 00:00:00,retest_high,0.10000000,100,TP,3.80714111,2,0.16751421,17.52427052,143.91200000,0.38664286,143.98400000,144.13600000,144.65100000,144.69600000,2023
2023-07-07 00:00:00,retest_high,0.10000000,150,TP,5.71071166,3,0.16751421,17.52427052,143.91200000,0.38664286,143.98400000,144.13600000,144.65100000,144.69600000,2023
2023-07-07 00:00:00,retest_high,0.10000000,200,TP,7.61428222,10,0.16751421,17.52427052,143.91200000,0.38664286,143.98400000,144.13600000,144.65100000,144.69600000,2023
2023-07-07 00:00:00,retest_high,0.25000000,100,TP,3.11856101,2,0.13721668,14.35473631,143.91200000,0.38664286,143.98400000,144.13600000,144.65100000,144.69600000,2023
2023-07-07 00:00:00,retest_high,0.25000000,150,TP,4.67784151,3,0.13721668,14.35473631,143.91200000,0.38664286,143.98400000,144.13600000,144.65100000,144.69600000,2023
2023-07-07 00:00:00,retest_high,0.25000000,200,TP,6.23712201,10,0.13721668,14.35473631,143.91200000,0.38664286,143.98400000,144.13600000,144.65100000,144.69600000,2023
2023-07-07 00:00:00,struct5,0.00000000,100,TP,1.35317997,2,0.05953992,6.22868742,143.91200000,0.38664286,143.98400000,144.13600000,144.65100000,144.69600000,2023
2023-07-07 00:00:00,struct5,0.00000000,150,TP,2.02976996,3,0.05953992,6.22868742,143.91200000,0.38664286,143.98400000,144.13600000,144.65100000,144.69600000,2023
2023-07-07 00:00:00,struct5,0.00000000,200,TP,2.70635995,10,0.05953992,6.22868742,143.91200000,0.38664286,143.98400000,144.13600000,144.65100000,144.69600000,2023
2023-07-07 00:00:00,struct5,0.10000000,100,TP,1.28590192,2,0.05657968,5.91900655,143.91200000,0.38664286,143.98400000,144.13600000,144.65100000,144.69600000,2023
2023-07-07 00:00:00,struct5,0.10000000,150,TP,1.92885288,3,0.05657968,5.91900655,143.91200000,0.38664286,143.98400000,144.13600000,144.65100000,144.69600000,2023
2023-07-07 00:00:00,struct5,0.10000000,200,TP,2.57180384,10,0.05657968,5.91900655,143.91200000,0.38664286,143.98400000,144.13600000,144.65100000,144.69600000,2023
2023-07-07 00:00:00,struct5,0.25000000,100,TP,1.19665791,2,0.05265295,5.50821634,143.91200000,0.38664286,143.98400000,144.13600000,144.65100000,144.69600000,2023
2023-07-07 00:00:00,struct5,0.25000000,150,TP,1.79498686,3,0.05265295,5.50821634,143.91200000,0.38664286,143.98400000,144.13600000,144.65100000,144.69600000,2023
2023-07-07 00:00:00,struct5,0.25000000,200,TP,2.39331581,10,0.05265295,5.50821634,143.91200000,0.38664286,143.98400000,144.13600000,144.65100000,144.69600000,2023
2023-07-07 00:00:00,struct10,0.00000000,100,TP,1.27551020,2,0.05612245,5.87117347,143.91200000,0.38664286,143.98400000,144.13600000,144.65100000,144.69600000,2023
2023-07-07 00:00:00,struct10,0.00000000,150,TP,1.91326531,3,0.05612245,5.87117347,143.91200000,0.38664286,143.98400000,144.13600000,144.65100000,144.69600000,2023
2023-07-07 00:00:00,struct10,0.00000000,200,TP,2.55102041,10,0.05612245,5.87117347,143.91200000,0.38664286,143.98400000,144.13600000,144.65100000,144.69600000,2023
2023-07-07 00:00:00,struct10,0.10000000,100,TP,1.21556268,2,0.05348476,5.59523499,143.91200000,0.38664286,143.98400000,144.13600000,144.65100000,144.69600000,2023
2023-07-07 00:00:00,struct10,0.10000000,150,TP,1.82334401,3,0.05348476,5.59523499,143.91200000,0.38664286,143.98400000,144.13600000,144.65100000,144.69600000,2023
2023-07-07 00:00:00,struct10,0.10000000,200,TP,2.43112535,10,0.05348476,5.59523499,143.91200000,0.38664286,143.98400000,144.13600000,144.65100000,144.69600000,2023
2023-07-07 00:00:00,struct10,0.25000000,100,TP,1.13551108,2,0.04996249,5.22675751,143.91200000,0.38664286,143.98400000,144.13600000,144.65100000,144.69600000,2023
2023-07-07 00:00:00,struct10,0.25000000,150,TP,1.70326662,3,0.04996249,5.22675751,143.91200000,0.38664286,143.98400000,144.13600000,144.65100000,144.69600000,2023
2023-07-07 00:00:00,struct10,0.25000000,200,TP,2.27102216,10,0.04996249,5.22675751,143.91200000,0.38664286,143.98400000,144.13600000,144.65100000,144.69600000,2023
2023-09-01 08:00:00,atr,0.50000000,100,SL,-1.00000000,1,13.56749672,4.12581913,145.22800000,0.38150000,145.45600000,145.62800000,146.22700000,146.29100000,2023
2023-09-01 08:00:00,atr,0.50000000,150,SL,-1.00000000,1,13.56749672,4.12581913,145.22800000,0.38150000,145.45600000,145.62800000,146.22700000,146.29100000,2023
2023-09-01 08:00:00,atr,0.50000000,200,SL,-1.00000000,1,13.56749672,4.12581913,145.22800000,0.38150000,145.45600000,145.62800000,146.22700000,146.29100000,2023
2023-09-01 08:00:00,atr,0.75000000,100,SL,-1.00000000,1,9.04499782,2.75054609,145.22800000,0.38150000,145.45600000,145.62800000,146.22700000,146.29100000,2023
2023-09-01 08:00:00,atr,0.75000000,150,SL,-1.00000000,1,9.04499782,2.75054609,145.22800000,0.38150000,145.45600000,145.62800000,146.22700000,146.29100000,2023
2023-09-01 08:00:00,atr,0.75000000,200,SL,-1.00000000,1,9.04499782,2.75054609,145.22800000,0.38150000,145.45600000,145.62800000,146.22700000,146.29100000,2023
2023-09-01 08:00:00,atr,1.00000000,100,SL,-1.00000000,1,6.78374836,2.06290957,145.22800000,0.38150000,145.45600000,145.62800000,146.22700000,146.29100000,2023
2023-09-01 08:00:00,atr,1.00000000,150,SL,-1.00000000,1,6.78374836,2.06290957,145.22800000,0.38150000,145.45600000,145.62800000,146.22700000,146.29100000,2023
2023-09-01 08:00:00,atr,1.00000000,200,SL,-1.00000000,1,6.78374836,2.06290957,145.22800000,0.38150000,145.45600000,145.62800000,146.22700000,146.29100000,2023
2023-09-01 08:00:00,atr,1.25000000,100,SL,-1.00000000,1,5.42699869,1.65032765,145.22800000,0.38150000,145.45600000,145.62800000,146.22700000,146.29100000,2023
2023-09-01 08:00:00,atr,1.25000000,150,SL,-1.00000000,1,5.42699869,1.65032765,145.22800000,0.38150000,145.45600000,145.62800000,146.22700000,146.29100000,2023
2023-09-01 08:00:00,atr,1.25000000,200,SL,-1.00000000,1,5.42699869,1.65032765,145.22800000,0.38150000,145.45600000,145.62800000,146.22700000,146.29100000,2023
2023-09-01 08:00:00,retest_high,0.00000000,100,SL,-1.00000000,1,6.47000000,1.96750000,145.22800000,0.38150000,145.45600000,145.62800000,146.22700000,146.29100000,2023
2023-09-01 08:00:00,retest_high,0.00000000,150,SL,-1.00000000,1,6.47000000,1.96750000,145.22800000,0.38150000,145.45600000,145.62800000,146.22700000,146.29100000,2023
2023-09-01 08:00:00,retest_high,0.00000000,200,SL,-1.00000000,1,6.47000000,1.96750000,145.22800000,0.38150000,145.45600000,145.62800000,146.22700000,146.29100000,2023
2023-09-01 08:00:00,retest_high,0.10000000,100,SL,-1.00000000,1,5.90665297,1.79618852,145.22800000,0.38150000,145.45600000,145.62800000,146.22700000,146.29100000,2023
2023-09-01 08:00:00,retest_high,0.10000000,150,SL,-1.00000000,1,5.90665297,1.79618852,145.22800000,0.38150000,145.45600000,145.62800000,146.22700000,146.29100000,2023
2023-09-01 08:00:00,retest_high,0.10000000,200,SL,-1.00000000,1,5.90665297,1.79618852,145.22800000,0.38150000,145.45600000,145.62800000,146.22700000,146.29100000,2023
2023-09-01 08:00:00,retest_high,0.25000000,100,SL,-1.00000000,1,5.22432501,1.58869543,145.22800000,0.38150000,145.45600000,145.62800000,146.22700000,146.29100000,2023
2023-09-01 08:00:00,retest_high,0.25000000,150,SL,-1.00000000,1,5.22432501,1.58869543,145.22800000,0.38150000,145.45600000,145.62800000,146.22700000,146.29100000,2023
2023-09-01 08:00:00,retest_high,0.25000000,200,SL,-1.00000000,1,5.22432501,1.58869543,145.22800000,0.38150000,145.45600000,145.62800000,146.22700000,146.29100000,2023
2023-09-01 08:00:00,struct5,0.00000000,100,SL,-1.00000000,2,2.59059059,0.78778779,145.22800000,0.38150000,145.45600000,145.62800000,146.22700000,146.29100000,2023
2023-09-01 08:00:00,struct5,0.00000000,150,SL,-1.00000000,2,2.59059059,0.78778779,145.22800000,0.38150000,145.45600000,145.62800000,146.22700000,146.29100000,2023
2023-09-01 08:00:00,struct5,0.00000000,200,SL,-1.00000000,2,2.59059059,0.78778779,145.22800000,0.38150000,145.45600000,145.62800000,146.22700000,146.29100000,2023
2023-09-01 08:00:00,struct5,0.10000000,100,SL,-1.00000000,2,2.49529962,0.75881020,145.22800000,0.38150000,145.45600000,145.62800000,146.22700000,146.29100000,2023
2023-09-01 08:00:00,struct5,0.10000000,150,SL,-1.00000000,2,2.49529962,0.75881020,145.22800000,0.38150000,145.45600000,145.62800000,146.22700000,146.29100000,2023
2023-09-01 08:00:00,struct5,0.10000000,200,SL,-1.00000000,2,2.49529962,0.75881020,145.22800000,0.38150000,145.45600000,145.62800000,146.22700000,146.29100000,2023
2023-09-01 08:00:00,struct5,0.25000000,100,SL,-1.00000000,6,2.36482010,0.71913192,145.22800000,0.38150000,145.45600000,145.62800000,146.22700000,146.29100000,2023
2023-09-01 08:00:00,struct5,0.25000000,150,SL,-1.00000000,6,2.36482010,0.71913192,145.22800000,0.38150000,145.45600000,145.62800000,146.22700000,146.29100000,2023
2023-09-01 08:00:00,struct5,0.25000000,200,SL,-1.00000000,6,2.36482010,0.71913192,145.22800000,0.38150000,145.45600000,145.62800000,146.22700000,146.29100000,2023
2023-09-01 08:00:00,struct10,0.00000000,100,SL,-1.00000000,2,2.43461900,0.74035748,145.22800000,0.38150000,145.45600000,145.62800000,146.22700000,146.29100000,2023
2023-09-01 08:00:00,struct10,0.00000000,150,SL,-1.00000000,2,2.43461900,0.74035748,145.22800000,0.38150000,145.45600000,145.62800000,146.22700000,146.29100000,2023
2023-09-01 08:00:00,struct10,0.00000000,200,SL,-1.00000000,2,2.43461900,0.74035748,145.22800000,0.38150000,145.45600000,145.62800000,146.22700000,146.29100000,2023
2023-09-01 08:00:00,struct10,0.10000000,100,SL,-1.00000000,6,2.35027017,0.71470735,145.22800000,0.38150000,145.45600000,145.62800000,146.22700000,146.29100000,2023
2023-09-01 08:00:00,struct10,0.10000000,150,SL,-1.00000000,6,2.35027017,0.71470735,145.22800000,0.38150000,145.45600000,145.62800000,146.22700000,146.29100000,2023
2023-09-01 08:00:00,struct10,0.10000000,200,SL,-1.00000000,6,2.35027017,0.71470735,145.22800000,0.38150000,145.45600000,145.62800000,146.22700000,146.29100000,2023
2023-09-01 08:00:00,struct10,0.25000000,100,SL,-1.00000000,6,2.23416424,0.67940002,145.22800000,0.38150000,145.45600000,145.62800000,146.22700000,146.29100000,2023
2023-09-01 08:00:00,struct10,0.25000000,150,SL,-1.00000000,6,2.23416424,0.67940002,145.22800000,0.38150000,145.45600000,145.62800000,146.22700000,146.29100000,2023
2023-09-01 08:00:00,struct10,0.25000000,200,SL,-1.00000000,6,2.23416424,0.67940002,145.22800000,0.38150000,145.45600000,145.62800000,146.22700000,146.29100000,2023
2023-12-11 20:00:00,atr,0.50000000,100,TP,2.71554650,4,0.20095044,13.83027834,146.04900000,0.73650000,145.51600000,145.57100000,146.58800000,146.58800000,2023
2023-12-11 20:00:00,atr,0.50000000,150,TP,4.07331976,11,0.20095044,13.83027834,146.04900000,0.73650000,145.51600000,145.57100000,146.58800000,146.58800000,2023
2023-12-11 20:00:00,atr,0.50000000,200,TP,5.43109301,11,0.20095044,13.83027834,146.04900000,0.73650000,145.51600000,145.57100000,146.58800000,146.58800000,2023
2023-12-11 20:00:00,atr,0.75000000,100,TP,1.81036434,4,0.13396696,9.22018556,146.04900000,0.73650000,145.51600000,145.57100000,146.58800000,146.58800000,2023
2023-12-11 20:00:00,atr,0.75000000,150,TP,2.71554650,11,0.13396696,9.22018556,146.04900000,0.73650000,145.51600000,145.57100000,146.58800000,146.58800000,2023
2023-12-11 20:00:00,atr,0.75000000,200,TP,3.62072867,11,0.13396696,9.22018556,146.04900000,0.73650000,145.51600000,145.57100000,146.58800000,146.58800000,2023
2023-12-11 20:00:00,atr,1.00000000,100,TP,1.35777325,4,0.10047522,6.91513917,146.04900000,0.73650000,145.51600000,145.57100000,146.58800000,146.58800000,2023
2023-12-11 20:00:00,atr,1.00000000,150,TP,2.03665988,11,0.10047522,6.91513917,146.04900000,0.73650000,145.51600000,145.57100000,146.58800000,146.58800000,2023
2023-12-11 20:00:00,atr,1.00000000,200,TP,2.71554650,11,0.10047522,6.91513917,146.04900000,0.73650000,145.51600000,145.57100000,146.58800000,146.58800000,2023
2023-12-11 20:00:00,atr,1.25000000,100,TP,1.08621860,4,0.08038018,5.53211134,146.04900000,0.73650000,145.51600000,145.57100000,146.58800000,146.58800000,2023
2023-12-11 20:00:00,atr,1.25000000,150,TP,1.62932790,11,0.08038018,5.53211134,146.04900000,0.73650000,145.51600000,145.57100000,146.58800000,146.58800000,2023
2023-12-11 20:00:00,atr,1.25000000,200,TP,2.17243720,11,0.08038018,5.53211134,146.04900000,0.73650000,145.51600000,145.57100000,146.58800000,146.58800000,2023
2023-12-11 20:00:00,retest_high,0.00000000,100,SL,,1,-0.15481172,-10.65481172,146.04900000,0.73650000,145.51600000,145.57100000,146.58800000,146.58800000,2023
2023-12-11 20:00:00,retest_high,0.00000000,150,SL,,1,-0.15481172,-10.65481172,146.04900000,0.73650000,145.51600000,145.57100000,146.58800000,146.58800000,2023
2023-12-11 20:00:00,retest_high,0.00000000,200,SL,,1,-0.15481172,-10.65481172,146.04900000,0.73650000,145.51600000,145.57100000,146.58800000,146.58800000,2023
2023-12-11 20:00:00,retest_high,0.10000000,100,SL,,1,-0.18300977,-12.59552368,146.04900000,0.73650000,145.51600000,145.57100000,146.58800000,146.58800000,2023
2023-12-11 20:00:00,retest_high,0.10000000,150,SL,,1,-0.18300977,-12.59552368,146.04900000,0.73650000,145.51600000,145.57100000,146.58800000,146.58800000,2023
2023-12-11 20:00:00,retest_high,0.10000000,200,SL,,1,-0.18300977,-12.59552368,146.04900000,0.73650000,145.51600000,145.57100000,146.58800000,146.58800000,2023
2023-12-11 20:00:00,retest_high,0.25000000,100,SL,,1,-0.25180774,-17.33049766,146.04900000,0.73650000,145.51600000,145.57100000,146.58800000,146.58800000,2023
2023-12-11 20:00:00,retest_high,0.25000000,150,SL,,1,-0.25180774,-17.33049766,146.04900000,0.73650000,145.51600000,145.57100000,146.58800000,146.58800000,2023
2023-12-11 20:00:00,retest_high,0.25000000,200,SL,,1,-0.25180774,-17.33049766,146.04900000,0.73650000,145.51600000,145.57100000,146.58800000,146.58800000,2023
2023-12-11 20:00:00,struct5,0.00000000,100,TP,1.85528757,4,0.13729128,9.44897959,146.04900000,0.73650000,145.51600000,145.57100000,146.58800000,146.58800000,2023
2023-12-11 20:00:00,struct5,0.00000000,150,TP,2.78293135,11,0.13729128,9.44897959,146.04900000,0.73650000,145.51600000,145.57100000,146.58800000,146.58800000,2023
2023-12-11 20:00:00,struct5,0.00000000,200,TP,3.71057514,11,0.13729128,9.44897959,146.04900000,0.73650000,145.51600000,145.57100000,146.58800000,146.58800000,2023
2023-12-11 20:00:00,struct5,0.10000000,100,TP,1.63225333,4,0.12078675,8.31306619,146.04900000,0.73650000,145.51600000,145.57100000,146.58800000,146.58800000,2023
2023-12-11 20:00:00,struct5,0.10000000,150,TP,2.44837999,11,0.12078675,8.31306619,146.04900000,0.73650000,145.51600000,145.57100000,146.58800000,146.58800000,2023
2023-12-11 20:00:00,struct5,0.10000000,200,TP,3.26450665,11,0.12078675,8.31306619,146.04900000,0.73650000,145.51600000,145.57100000,146.58800000,146.58800000,2023
2023-12-11 20:00:00,struct5,0.25000000,100,TP,1.38288678,4,0.10233362,7.04304235,146.04900000,0.73650000,145.51600000,145.57100000,146.58800000,146.58800000,2023
2023-12-11 20:00:00,struct5,0.25000000,150,TP,2.07433016,11,0.10233362,7.04304235,146.04900000,0.73650000,145.51600000,145.57100000,146.58800000,146.58800000,2023
2023-12-11 20:00:00,struct5,0.25000000,200,TP,2.76577355,11,0.10233362,7.04304235,146.04900000,0.73650000,145.51600000,145.57100000,146.58800000,146.58800000,2023
2023-12-11 20:00:00,struct10,0.00000000,100,TP,1.85528757,4,0.13729128,9.44897959,146.04900000,0.73650000,145.51600000,145.57100000,146.58800000,146.58800000,2023
2023-12-11 20:00:00,struct10,0.00000000,150,TP,2.78293135,11,0.13729128,9.44897959,146.04900000,0.73650000,145.51600000,145.57100000,146.58800000,146.58800000,2023
2023-12-11 20:00:00,struct10,0.00000000,200,TP,3.71057514,11,0.13729128,9.44897959,146.04900000,0.73650000,145.51600000,145.57100000,146.58800000,146.58800000,2023
2023-12-11 20:00:00,struct10,0.10000000,100,TP,1.63225333,4,0.12078675,8.31306619,146.04900000,0.73650000,145.51600000,145.57100000,146.58800000,146.58800000,2023
2023-12-11 20:00:00,struct10,0.10000000,150,TP,2.44837999,11,0.12078675,8.31306619,146.04900000,0.73650000,145.51600000,145.57100000,146.58800000,146.58800000,2023
2023-12-11 20:00:00,struct10,0.10000000,200,TP,3.26450665,11,0.12078675,8.31306619,146.04900000,0.73650000,145.51600000,145.57100000,146.58800000,146.58800000,2023
2023-12-11 20:00:00,struct10,0.25000000,100,TP,1.38288678,4,0.10233362,7.04304235,146.04900000,0.73650000,145.51600000,145.57100000,146.58800000,146.58800000,2023
2023-12-11 20:00:00,struct10,0.25000000,150,TP,2.07433016,11,0.10233362,7.04304235,146.04900000,0.73650000,145.51600000,145.57100000,146.58800000,146.58800000,2023
2023-12-11 20:00:00,struct10,0.25000000,200,TP,2.76577355,11,0.10233362,7.04304235,146.04900000,0.73650000,145.51600000,145.57100000,146.58800000,146.58800000,2023
2024-03-01 12:00:00,atr,0.50000000,100,SL,-1.00000000,5,2.09144197,4.82063306,150.12200000,0.42650000,150.07300000,150.17900000,150.68500000,150.72400000,2024
2024-03-01 12:00:00,atr,0.50000000,150,SL,-1.00000000,5,2.09144197,4.82063306,150.12200000,0.42650000,150.07300000,150.17900000,150.68500000,150.72400000,2024
2024-03-01 12:00:00,atr,0.50000000,200,SL,-1.00000000,5,2.09144197,4.82063306,150.12200000,0.42650000,150.07300000,150.17900000,150.68500000,150.72400000,2024
2024-03-01 12:00:00,atr,0.75000000,100,SL,-1.00000000,6,1.39429465,3.21375537,150.12200000,0.42650000,150.07300000,150.17900000,150.68500000,150.72400000,2024
2024-03-01 12:00:00,atr,0.75000000,150,SL,-1.00000000,6,1.39429465,3.21375537,150.12200000,0.42650000,150.07300000,150.17900000,150.68500000,150.72400000,2024
2024-03-01 12:00:00,atr,0.75000000,200,SL,-1.00000000,6,1.39429465,3.21375537,150.12200000,0.42650000,150.07300000,150.17900000,150.68500000,150.72400000,2024
2024-03-01 12:00:00,atr,1.00000000,100,SL,-1.00000000,7,1.04572098,2.41031653,150.12200000,0.42650000,150.07300000,150.17900000,150.68500000,150.72400000,2024
2024-03-01 12:00:00,atr,1.00000000,150,SL,-1.00000000,7,1.04572098,2.41031653,150.12200000,0.42650000,150.07300000,150.17900000,150.68500000,150.72400000,2024
2024-03-01 12:00:00,atr,1.00000000,200,SL,-1.00000000,7,1.04572098,2.41031653,150.12200000,0.42650000,150.07300000,150.17900000,150.68500000,150.72400000,2024
2024-03-01 12:00:00,atr,1.25000000,100,TP,1.87573271,20,0.83657679,1.92825322,150.12200000,0.42650000,150.07300000,150.17900000,150.68500000,150.72400000,2024
2024-03-01 12:00:00,atr,1.25000000,150,TIME,1.45932005,20,0.83657679,1.92825322,150.12200000,0.42650000,150.07300000,150.17900000,150.68500000,150.72400000,2024
2024-03-01 12:00:00,atr,1.25000000,200,TIME,1.45932005,20,0.83657679,1.92825322,150.12200000,0.42650000,150.07300000,150.17900000,150.68500000,150.72400000,2024
2024-03-01 12:00:00,retest_high,0.00000000,100,SL,-1.00000000,1,7.82456140,18.03508772,150.12200000,0.42650000,150.07300000,150.17900000,150.68500000,150.72400000,2024
2024-03-01 12:00:00,retest_high,0.00000000,150,SL,-1.00000000,1,7.82456140,18.03508772,150.12200000,0.42650000,150.07300000,150.17900000,150.68500000,150.72400000,2024
2024-03-01 12:00:00,retest_high,0.00000000,200,SL,-1.00000000,1,7.82456140,18.03508772,150.12200000,0.42650000,150.07300000,150.17900000,150.68500000,150.72400000,2024
2024-03-01 12:00:00,retest_high,0.10000000,100,SL,-1.00000000,1,4.47566483,10.31610637,150.12200000,0.42650000,150.07300000,150.17900000,150.68500000,150.72400000,2024
2024-03-01 12:00:00,retest_high,0.10000000,150,SL,-1.00000000,1,4.47566483,10.31610637,150.12200000,0.42650000,150.07300000,150.17900000,150.68500000,150.72400000,2024
2024-03-01 12:00:00,retest_high,0.10000000,200,SL,-1.00000000,1,4.47566483,10.31610637,150.12200000,0.42650000,150.07300000,150.17900000,150.68500000,150.72400000,2024
2024-03-01 12:00:00,retest_high,0.25000000,100,SL,-1.00000000,5,2.72574484,6.28265852,150.12200000,0.42650000,150.07300000,150.17900000,150.68500000,150.72400000,2024
2024-03-01 12:00:00,retest_high,0.25000000,150,SL,-1.00000000,5,2.72574484,6.28265852,150.12200000,0.42650000,150.07300000,150.17900000,150.68500000,150.72400000,2024
2024-03-01 12:00:00,retest_high,0.25000000,200,SL,-1.00000000,5,2.72574484,6.28265852,150.12200000,0.42650000,150.07300000,150.17900000,150.68500000,150.72400000,2024
2024-03-01 12:00:00,struct5,0.00000000,100,TP,1.77619893,20,0.79218472,1.82593250,150.12200000,0.42650000,150.07300000,150.17900000,150.68500000,150.72400000,2024
2024-03-01 12:00:00,struct5,0.00000000,150,TIME,1.38188277,20,0.79218472,1.82593250,150.12200000,0.42650000,150.07300000,150.17900000,150.68500000,150.72400000,2024
2024-03-01 12:00:00,struct5,0.00000000,200,TIME,1.38188277,20,0.79218472,1.82593250,150.12200000,0.42650000,150.07300000,150.17900000,150.68500000,150.72400000,2024
2024-03-01 12:00:00,struct5,0.10000000,100,TP,1.65111863,20,0.73639891,1.69734995,150.12200000,0.42650000,150.07300000,150.17900000,150.68500000,150.72400000,2024
2024-03-01 12:00:00,struct5,0.10000000,150,TIME,1.28457030,20,0.73639891,1.69734995,150.12200000,0.42650000,150.07300000,150.17900000,150.68500000,150.72400000,2024
2024-03-01 12:00:00,struct5,0.10000000,200,TIME,1.28457030,20,0.73639891,1.69734995,150.12200000,0.42650000,150.07300000,150.17900000,150.68500000,150.72400000,2024
2024-03-01 12:00:00,struct5,0.25000000,100,TP,1.49337316,20,0.66604443,1.53518761,150.12200000,0.42650000,150.07300000,150.17900000,150.68500000,150.72400000,2024
2024-03-01 12:00:00,struct5,0.25000000,150,TIME,1.16184432,20,0.66604443,1.53518761,150.12200000,0.42650000,150.07300000,150.17900000,150.68500000,150.72400000,2024
2024-03-01 12:00:00,struct5,0.25000000,200,TIME,1.16184432,20,0.66604443,1.53518761,150.12200000,0.42650000,150.07300000,150.17900000,150.68500000,150.72400000,2024
2024-03-01 12:00:00,struct10,0.00000000,100,TP,1.66112957,20,0.74086379,1.70764120,150.12200000,0.42650000,150.07300000,150.17900000,150.68500000,150.72400000,2024
2024-03-01 12:00:00,struct10,0.00000000,150,TIME,1.29235880,20,0.74086379,1.70764120,150.12200000,0.42650000,150.07300000,150.17900000,150.68500000,150.72400000,2024
2024-03-01 12:00:00,struct10,0.00000000,200,TIME,1.29235880,20,0.74086379,1.70764120,150.12200000,0.42650000,150.07300000,150.17900000,150.68500000,150.72400000,2024
2024-03-01 12:00:00,struct10,0.10000000,100,TP,1.55122935,20,0.69184829,1.59466377,150.12200000,0.42650000,150.07300000,150.17900000,150.68500000,150.72400000,2024
2024-03-01 12:00:00,struct10,0.10000000,150,TIME,1.20685643,20,0.69184829,1.59466377,150.12200000,0.42650000,150.07300000,150.17900000,150.68500000,150.72400000,2024
2024-03-01 12:00:00,struct10,0.10000000,200,TIME,1.20685643,20,0.69184829,1.59466377,150.12200000,0.42650000,150.07300000,150.17900000,150.68500000,150.72400000,2024
2024-03-01 12:00:00,struct10,0.25000000,100,TP,1.41118363,20,0.62938790,1.45069677,150.12200000,0.42650000,150.07300000,150.17900000,150.68500000,150.72400000,2024
2024-03-01 12:00:00,struct10,0.25000000,150,TIME,1.09790086,20,0.62938790,1.45069677,150.12200000,0.42650000,150.07300000,150.17900000,150.68500000,150.72400000,2024
2024-03-01 12:00:00,struct10,0.25000000,200,TIME,1.09790086,20,0.62938790,1.45069677,150.12200000,0.42650000,150.07300000,150.17900000,150.68500000,150.72400000,2024
2024-06-06 00:00:00,atr,0.50000000,100,SL,-1.00000000,1,6.68812342,1.67575475,155.56900000,0.53707143,155.94800000,156.15700000,156.48500000,156.48500000,2024
2024-06-06 00:00:00,atr,0.50000000,150,SL,-1.00000000,1,6.68812342,1.67575475,155.56900000,0.53707143,155.94800000,156.15700000,156.48500000,156.48500000,2024
2024-06-06 00:00:00,atr,0.50000000,200,SL,-1.00000000,1,6.68812342,1.67575475,155.56900000,0.53707143,155.94800000,156.15700000,156.48500000,156.48500000,2024
2024-06-06 00:00:00,atr,0.75000000,100,SL,-1.00000000,1,4.45874895,1.11716984,155.56900000,0.53707143,155.94800000,156.15700000,156.48500000,156.48500000,2024
2024-06-06 00:00:00,atr,0.75000000,150,SL,-1.00000000,1,4.45874895,1.11716984,155.56900000,0.53707143,155.94800000,156.15700000,156.48500000,156.48500000,2024
2024-06-06 00:00:00,atr,0.75000000,200,SL,-1.00000000,1,4.45874895,1.11716984,155.56900000,0.53707143,155.94800000,156.15700000,156.48500000,156.48500000,2024
2024-06-06 00:00:00,atr,1.00000000,100,SL,-1.00000000,1,3.34406171,0.83787738,155.56900000,0.53707143,155.94800000,156.15700000,156.48500000,156.48500000,2024
2024-06-06 00:00:00,atr,1.00000000,150,SL,-1.00000000,1,3.34406171,0.83787738,155.56900000,0.53707143,155.94800000,156.15700000,156.48500000,156.48500000,2024
2024-06-06 00:00:00,atr,1.00000000,200,SL,-1.00000000,1,3.34406171,0.83787738,155.56900000,0.53707143,155.94800000,156.15700000,156.48500000,156.48500000,2024
2024-06-06 00:00:00,atr,1.25000000,100,SL,-1.00000000,1,2.67524937,0.67030190,155.56900000,0.53707143,155.94800000,156.15700000,156.48500000,156.48500000,2024
2024-06-06 00:00:00,atr,1.25000000,150,SL,-1.00000000,1,2.67524937,0.67030190,155.56900000,0.53707143,155.94800000,156.15700000,156.48500000,156.48500000,2024
2024-06-06 00:00:00,atr,1.25000000,200,SL,-1.00000000,1,2.67524937,0.67030190,155.56900000,0.53707143,155.94800000,156.15700000,156.48500000,156.48500000,2024
2024-06-06 00:00:00,retest_high,0.00000000,100,SL,-1.00000000,1,3.05442177,0.76530612,155.56900000,0.53707143,155.94800000,156.15700000,156.48500000,156.48500000,2024
2024-06-06 00:00:00,retest_high,0.00000000,150,SL,-1.00000000,1,3.05442177,0.76530612,155.56900000,0.53707143,155.94800000,156.15700000,156.48500000,156.48500000,2024
2024-06-06 00:00:00,retest_high,0.00000000,200,SL,-1.00000000,1,3.05442177,0.76530612,155.56900000,0.53707143,155.94800000,156.15700000,156.48500000,156.48500000,2024
2024-06-06 00:00:00,retest_high,0.10000000,100,SL,-1.00000000,1,2.79878449,0.70125447,155.56900000,0.53707143,155.94800000,156.15700000,156.48500000,156.48500000,2024
2024-06-06 00:00:00,retest_high,0.10000000,150,SL,-1.00000000,1,2.79878449,0.70125447,155.56900000,0.53707143,155.94800000,156.15700000,156.48500000,156.48500000,2024
2024-06-06 00:00:00,retest_high,0.10000000,200,SL,-1.00000000,1,2.79878449,0.70125447,155.56900000,0.53707143,155.94800000,156.15700000,156.48500000,156.48500000,2024
2024-06-06 00:00:00,retest_high,0.25000000,100,SL,-1.00000000,1,2.48661211,0.62303756,155.56900000,0.53707143,155.94800000,156.15700000,156.48500000,156.48500000,2024
2024-06-06 00:00:00,retest_high,0.25000000,150,SL,-1.00000000,1,2.48661211,0.62303756,155.56900000,0.53707143,155.94800000,156.15700000,156.48500000,156.48500000,2024
2024-06-06 00:00:00,retest_high,0.25000000,200,SL,-1.00000000,1,2.48661211,0.62303756,155.56900000,0.53707143,155.94800000,156.15700000,156.48500000,156.48500000,2024
2024-06-06 00:00:00,struct5,0.00000000,100,SL,-1.00000000,9,1.96069869,0.49126638,155.56900000,0.53707143,155.94800000,156.15700000,156.48500000,156.48500000,2024
2024-06-06 00:00:00,struct5,0.00000000,150,SL,-1.00000000,9,1.96069869,0.49126638,155.56900000,0.53707143,155.94800000,156.15700000,156.48500000,156.48500000,2024
2024-06-06 00:00:00,struct5,0.00000000,200,SL,-1.00000000,9,1.96069869,0.49126638,155.56900000,0.53707143,155.94800000,156.15700000,156.48500000,156.48500000,2024
2024-06-06 00:00:00,struct5,0.10000000,100,SL,-1.00000000,9,1.85210557,0.46405763,155.56900000,0.53707143,155.94800000,156.15700000,156.48500000,156.48500000,2024
2024-06-06 00:00:00,struct5,0.10000000,150,SL,-1.00000000,9,1.85210557,0.46405763,155.56900000,0.53707143,155.94800000,156.15700000,156.48500000,156.48500000,2024
2024-06-06 00:00:00,struct5,0.10000000,200,SL,-1.00000000,9,1.85210557,0.46405763,155.56900000,0.53707143,155.94800000,156.15700000,156.48500000,156.48500000,2024
2024-06-06 00:00:00,struct5,0.25000000,100,SL,-1.00000000,9,1.71003996,0.42846213,155.56900000,0.53707143,155.94800000,156.15700000,156.48500000,156.48500000,2024
2024-06-06 00:00:00,struct5,0.25000000,150,SL,-1.00000000,9,1.71003996,0.42846213,155.56900000,0.53707143,155.94800000,156.15700000,156.48500000,156.48500000,2024
2024-06-06 00:00:00,struct5,0.25000000,200,SL,-1.00000000,9,1.71003996,0.42846213,155.56900000,0.53707143,155.94800000,156.15700000,156.48500000,156.48500000,2024
2024-06-06 00:00:00,struct10,0.00000000,100,SL,-1.00000000,9,1.96069869,0.49126638,155.56900000,0.53707143,155.94800000,156.15700000,156.48500000,156.48500000,2024
2024-06-06 00:00:00,struct10,0.00000000,150,SL,-1.00000000,9,1.96069869,0.49126638,155.56900000,0.53707143,155.94800000,156.15700000,156.48500000,156.48500000,2024
2024-06-06 00:00:00,struct10,0.00000000,200,SL,-1.00000000,9,1.96069869,0.49126638,155.56900000,0.53707143,155.94800000,156.15700000,156.48500000,156.48500000,2024
2024-06-06 00:00:00,struct10,0.10000000,100,SL,-1.00000000,9,1.85210557,0.46405763,155.56900000,0.53707143,155.94800000,156.15700000,156.48500000,156.48500000,2024
2024-06-06 00:00:00,struct10,0.10000000,150,SL,-1.00000000,9,1.85210557,0.46405763,155.56900000,0.53707143,155.94800000,156.15700000,156.48500000,156.48500000,2024
2024-06-06 00:00:00,struct10,0.10000000,200,SL,-1.00000000,9,1.85210557,0.46405763,155.56900000,0.53707143,155.94800000,156.15700000,156.48500000,156.48500000,2024
2024-06-06 00:00:00,struct10,0.25000000,100,SL,-1.00000000,9,1.71003996,0.42846213,155.56900000,0.53707143,155.94800000,156.15700000,156.48500000,156.48500000,2024
2024-06-06 00:00:00,struct10,0.25000000,150,SL,-1.00000000,9,1.71003996,0.42846213,155.56900000,0.53707143,155.94800000,156.15700000,156.48500000,156.48500000,2024
2024-06-06 00:00:00,struct10,0.25000000,200,SL,-1.00000000,9,1.71003996,0.42846213,155.56900000,0.53707143,155.94800000,156.15700000,156.48500000,156.48500000,2024
2024-07-07 20:00:00,atr,0.50000000,100,SL,-1.00000000,2,6.48292295,2.10166799,160.63800000,0.35971429,160.76800000,161.32900000,161.32900000,161.39500000,2024
2024-07-07 20:00:00,atr,0.50000000,150,SL,-1.00000000,2,6.48292295,2.10166799,160.63800000,0.35971429,160.76800000,161.32900000,161.32900000,161.39500000,2024
2024-07-07 20:00:00,atr,0.50000000,200,SL,-1.00000000,2,6.48292295,2.10166799,160.63800000,0.35971429,160.76800000,161.32900000,161.32900000,161.39500000,2024
2024-07-07 20:00:00,atr,0.75000000,100,SL,-1.00000000,2,4.32194864,1.40111199,160.63800000,0.35971429,160.76800000,161.32900000,161.32900000,161.39500000,2024
2024-07-07 20:00:00,atr,0.75000000,150,SL,-1.00000000,2,4.32194864,1.40111199,160.63800000,0.35971429,160.76800000,161.32900000,161.32900000,161.39500000,2024
2024-07-07 20:00:00,atr,0.75000000,200,SL,-1.00000000,2,4.32194864,1.40111199,160.63800000,0.35971429,160.76800000,161.32900000,161.32900000,161.39500000,2024
2024-07-07 20:00:00,atr,1.00000000,100,SL,-1.00000000,3,3.24146148,1.05083400,160.63800000,0.35971429,160.76800000,161.32900000,161.32900000,161.39500000,2024
2024-07-07 20:00:00,atr,1.00000000,150,SL,-1.00000000,3,3.24146148,1.05083400,160.63800000,0.35971429,160.76800000,161.32900000,161.32900000,161.39500000,2024
2024-07-07 20:00:00,atr,1.00000000,200,SL,-1.00000000,3,3.24146148,1.05083400,160.63800000,0.35971429,160.76800000,161.32900000,161.32900000,161.39500000,2024
2024-07-07 20:00:00,atr,1.25000000,100,SL,-1.00000000,3,2.59316918,0.84066720,160.63800000,0.35971429,160.76800000,161.32900000,161.32900000,161.39500000,2024
2024-07-07 20:00:00,atr,1.25000000,150,SL,-1.00000000,3,2.59316918,0.84066720,160.63800000,0.35971429,160.76800000,161.32900000,161.32900000,161.39500000,2024
2024-07-07 20:00:00,atr,1.25000000,200,SL,-1.00000000,3,2.59316918,0.84066720,160.63800000,0.35971429,160.76800000,161.32900000,161.32900000,161.39500000,2024
2024-07-07 20:00:00,retest_high,0.00000000,100,SL,-1.00000000,10,1.68740955,0.54703329,160.63800000,0.35971429,160.76800000,161.32900000,161.32900000,161.39500000,2024
2024-07-07 20:00:00,retest_high,0.00000000,150,SL,-1.00000000,10,1.68740955,0.54703329,160.63800000,0.35971429,160.76800000,161.32900000,161.32900000,161.39500000,2024
2024-07-07 20:00:00,retest_high,0.00000000,200,SL,-1.00000000,10,1.68740955,0.54703329,160.63800000,0.35971429,160.76800000,161.32900000,161.32900000,161.39500000,2024
2024-07-07 20:00:00,retest_high,0.10000000,100,SL,-1.00000000,10,1.60391448,0.51996541,160.63800000,0.35971429,160.76800000,161.32900000,161.32900000,161.39500000,2024
2024-07-07 20:00:00,retest_high,0.10000000,150,SL,-1.00000000,10,1.60391448,0.51996541,160.63800000,0.35971429,160.76800000,161.32900000,161.32900000,161.39500000,2024
2024-07-07 20:00:00,retest_high,0.10000000,200,SL,-1.00000000,10,1.60391448,0.51996541,160.63800000,0.35971429,160.76800000,161.32900000,161.32900000,161.39500000,2024
2024-07-07 20:00:00,retest_high,0.25000000,100,SL,-1.00000000,10,1.49309430,0.48403915,160.63800000,0.35971429,160.76800000,161.32900000,161.32900000,161.39500000,2024
2024-07-07 20:00:00,retest_high,0.25000000,150,SL,-1.00000000,10,1.49309430,0.48403915,160.63800000,0.35971429,160.76800000,161.32900000,161.32900000,161.39500000,2024
2024-07-07 20:00:00,retest_high,0.25000000,200,SL,-1.00000000,10,1.49309430,0.48403915,160.63800000,0.35971429,160.76800000,161.32900000,161.32900000,161.39500000,2024
2024-07-07 20:00:00,struct5,0.00000000,100,SL,-1.00000000,10,1.68740955,0.54703329,160.63800000,0.35971429,160.76800000,161.32900000,161.32900000,161.39500000,2024
2024-07-07 20:00:00,struct5,0.00000000,150,SL,-1.00000000,10,1.68740955,0.54703329,160.63800000,0.35971429,160.76800000,161.32900000,161.32900000,161.39500000,2024
2024-07-07 20:00:00,struct5,0.00000000,200,SL,-1.00000000,10,1.68740955,0.54703329,160.63800000,0.35971429,160.76800000,161.32900000,161.32900000,161.39500000,2024
2024-07-07 20:00:00,struct5,0.10000000,100,SL,-1.00000000,10,1.60391448,0.51996541,160.63800000,0.35971429,160.76800000,161.32900000,161.32900000,161.39500000,2024
2024-07-07 20:00:00,struct5,0.10000000,150,SL,-1.00000000,10,1.60391448,0.51996541,160.63800000,0.35971429,160.76800000,161.32900000,161.32900000,161.39500000,2024
2024-07-07 20:00:00,struct5,0.10000000,200,SL,-1.00000000,10,1.60391448,0.51996541,160.63800000,0.35971429,160.76800000,161.32900000,161.32900000,161.39500000,2024
2024-07-07 20:00:00,struct5,0.25000000,100,SL,-1.00000000,10,1.49309430,0.48403915,160.63800000,0.35971429,160.76800000,161.32900000,161.32900000,161.39500000,2024
2024-07-07 20:00:00,struct5,0.25000000,150,SL,-1.00000000,10,1.49309430,0.48403915,160.63800000,0.35971429,160.76800000,161.32900000,161.32900000,161.39500000,2024
2024-07-07 20:00:00,struct5,0.25000000,200,SL,-1.00000000,10,1.49309430,0.48403915,160.63800000,0.35971429,160.76800000,161.32900000,161.32900000,161.39500000,2024
2024-07-07 20:00:00,struct10,0.00000000,100,SL,-1.00000000,10,1.54029062,0.49933950,160.63800000,0.35971429,160.76800000,161.32900000,161.32900000,161.39500000,2024
2024-07-07 20:00:00,struct10,0.00000000,150,SL,-1.00000000,10,1.54029062,0.49933950,160.63800000,0.35971429,160.76800000,161.32900000,161.32900000,161.39500000,2024
2024-07-07 20:00:00,struct10,0.00000000,200,SL,-1.00000000,10,1.54029062,0.49933950,160.63800000,0.35971429,160.76800000,161.32900000,161.32900000,161.39500000,2024
2024-07-07 20:00:00,struct10,0.10000000,100,SL,-1.00000000,10,1.47041868,0.47668804,160.63800000,0.35971429,160.76800000,161.32900000,161.32900000,161.39500000,2024
2024-07-07 20:00:00,struct10,0.10000000,150,SL,-1.00000000,10,1.47041868,0.47668804,160.63800000,0.35971429,160.76800000,161.32900000,161.32900000,161.39500000,2024
2024-07-07 20:00:00,struct10,0.10000000,200,SL,-1.00000000,10,1.47041868,0.47668804,160.63800000,0.35971429,160.76800000,161.32900000,161.32900000,161.39500000,2024
2024-07-07 20:00:00,struct10,0.25000000,100,SL,-1.00000000,10,1.37673948,0.44631863,160.63800000,0.35971429,160.76800000,161.32900000,161.32900000,161.39500000,2024
2024-07-07 20:00:00,struct10,0.25000000,150,SL,-1.00000000,10,1.37673948,0.44631863,160.63800000,0.35971429,160.76800000,161.32900000,161.32900000,161.39500000,2024
2024-07-07 20:00:00,struct10,0.25000000,200,SL,-1.00000000,10,1.37673948,0.44631863,160.63800000,0.35971429,160.76800000,161.32900000,161.32900000,161.39500000,2024
2024-07-25 20:00:00,atr,0.50000000,100,SL,-1.00000000,1,3.52416604,4.92172032,153.70000000,0.85864286,154.05600000,154.19300000,154.31800000,155.05400000,2024
2024-07-25 20:00:00,atr,0.50000000,150,SL,-1.00000000,1,3.52416604,4.92172032,153.70000000,0.85864286,154.05600000,154.19300000,154.31800000,155.05400000,2024
2024-07-25 20:00:00,atr,0.50000000,200,SL,-1.00000000,1,3.52416604,4.92172032,153.70000000,0.85864286,154.05600000,154.19300000,154.31800000,155.05400000,2024
2024-07-25 20:00:00,atr,0.75000000,100,SL,-1.00000000,3,2.34944403,3.28114688,153.70000000,0.85864286,154.05600000,154.19300000,154.31800000,155.05400000,2024
2024-07-25 20:00:00,atr,0.75000000,150,SL,-1.00000000,3,2.34944403,3.28114688,153.70000000,0.85864286,154.05600000,154.19300000,154.31800000,155.05400000,2024
2024-07-25 20:00:00,atr,0.75000000,200,SL,-1.00000000,3,2.34944403,3.28114688,153.70000000,0.85864286,154.05600000,154.19300000,154.31800000,155.05400000,2024
2024-07-25 20:00:00,atr,1.00000000,100,SL,-1.00000000,3,1.76208302,2.46086016,153.70000000,0.85864286,154.05600000,154.19300000,154.31800000,155.05400000,2024
2024-07-25 20:00:00,atr,1.00000000,150,SL,-1.00000000,3,1.76208302,2.46086016,153.70000000,0.85864286,154.05600000,154.19300000,154.31800000,155.05400000,2024
2024-07-25 20:00:00,atr,1.00000000,200,SL,-1.00000000,3,1.76208302,2.46086016,153.70000000,0.85864286,154.05600000,154.19300000,154.31800000,155.05400000,2024
2024-07-25 20:00:00,atr,1.25000000,100,SL,-1.00000000,15,1.40966642,1.96868813,153.70000000,0.85864286,154.05600000,154.19300000,154.31800000,155.05400000,2024
2024-07-25 20:00:00,atr,1.25000000,150,SL,-1.00000000,15,1.40966642,1.96868813,153.70000000,0.85864286,154.05600000,154.19300000,154.31800000,155.05400000,2024
2024-07-25 20:00:00,atr,1.25000000,200,SL,-1.00000000,15,1.40966642,1.96868813,153.70000000,0.85864286,154.05600000,154.19300000,154.31800000,155.05400000,2024
2024-07-25 20:00:00,retest_high,0.00000000,100,SL,-1.00000000,3,3.06896552,4.28600406,153.70000000,0.85864286,154.05600000,154.19300000,154.31800000,155.05400000,2024
2024-07-25 20:00:00,retest_high,0.00000000,150,SL,-1.00000000,3,3.06896552,4.28600406,153.70000000,0.85864286,154.05600000,154.19300000,154.31800000,155.05400000,2024
2024-07-25 20:00:00,retest_high,0.00000000,200,SL,-1.00000000,3,3.06896552,4.28600406,153.70000000,0.85864286,154.05600000,154.19300000,154.31800000,155.05400000,2024
2024-07-25 20:00:00,retest_high,0.10000000,100,SL,-1.00000000,3,2.61373872,3.65025111,153.70000000,0.85864286,154.05600000,154.19300000,154.31800000,155.05400000,2024
2024-07-25 20:00:00,retest_high,0.10000000,150,SL,-1.00000000,3,2.61373872,3.65025111,153.70000000,0.85864286,154.05600000,154.19300000,154.31800000,155.05400000,2024
2024-07-25 20:00:00,retest_high,0.10000000,200,SL,-1.00000000,3,2.61373872,3.65025111,153.70000000,0.85864286,154.05600000,154.19300000,154.31800000,155.05400000,2024
2024-07-25 20:00:00,retest_high,0.25000000,100,SL,-1.00000000,3,2.13803023,2.98589417,153.70000000,0.85864286,154.05600000,154.19300000,154.31800000,155.05400000,2024
2024-07-25 20:00:00,retest_high,0.25000000,150,SL,-1.00000000,3,2.13803023,2.98589417,153.70000000,0.85864286,154.05600000,154.19300000,154.31800000,155.05400000,2024
2024-07-25 20:00:00,retest_high,0.25000000,200,SL,-1.00000000,3,2.13803023,2.98589417,153.70000000,0.85864286,154.05600000,154.19300000,154.31800000,155.05400000,2024
2024-07-25 20:00:00,struct5,0.00000000,100,SL,-1.00000000,3,2.44822006,3.41909385,153.70000000,0.85864286,154.05600000,154.19300000,154.31800000,155.05400000,2024
2024-07-25 20:00:00,struct5,0.00000000,150,SL,-1.00000000,3,2.44822006,3.41909385,153.70000000,0.85864286,154.05600000,154.19300000,154.31800000,155.05400000,2024
2024-07-25 20:00:00,struct5,0.00000000,200,SL,-1.00000000,3,2.44822006,3.41909385,153.70000000,0.85864286,154.05600000,154.19300000,154.31800000,155.05400000,2024
2024-07-25 20:00:00,struct5,0.10000000,100,SL,-1.00000000,3,2.14956211,3.00199917,153.70000000,0.85864286,154.05600000,154.19300000,154.31800000,155.05400000,2024
2024-07-25 20:00:00,struct5,0.10000000,150,SL,-1.00000000,3,2.14956211,3.00199917,153.70000000,0.85864286,154.05600000,154.19300000,154.31800000,155.05400000,2024
2024-07-25 20:00:00,struct5,0.10000000,200,SL,-1.00000000,3,2.14956211,3.00199917,153.70000000,0.85864286,154.05600000,154.19300000,154.31800000,155.05400000,2024
2024-07-25 20:00:00,struct5,0.25000000,100,SL,-1.00000000,3,1.81706663,2.53764824,153.70000000,0.85864286,154.05600000,154.19300000,154.31800000,155.05400000,2024
2024-07-25 20:00:00,struct5,0.25000000,150,SL,-1.00000000,3,1.81706663,2.53764824,153.70000000,0.85864286,154.05600000,154.19300000,154.31800000,155.05400000,2024
2024-07-25 20:00:00,struct5,0.25000000,200,SL,-1.00000000,3,1.81706663,2.53764824,153.70000000,0.85864286,154.05600000,154.19300000,154.31800000,155.05400000,2024
2024-07-25 20:00:00,struct10,0.00000000,100,SL,-1.00000000,15,1.11742984,1.56056130,153.70000000,0.85864286,154.05600000,154.19300000,154.31800000,155.05400000,2024
2024-07-25 20:00:00,struct10,0.00000000,150,SL,-1.00000000,15,1.11742984,1.56056130,153.70000000,0.85864286,154.05600000,154.19300000,154.31800000,155.05400000,2024
2024-07-25 20:00:00,struct10,0.00000000,200,SL,-1.00000000,15,1.11742984,1.56056130,153.70000000,0.85864286,154.05600000,154.19300000,154.31800000,155.05400000,2024
2024-07-25 20:00:00,struct10,0.10000000,100,SL,-1.00000000,15,1.05079348,1.46749942,153.70000000,0.85864286,154.05600000,154.19300000,154.31800000,155.05400000,2024
2024-07-25 20:00:00,struct10,0.10000000,150,SL,-1.00000000,15,1.05079348,1.46749942,153.70000000,0.85864286,154.05600000,154.19300000,154.31800000,155.05400000,2024
2024-07-25 20:00:00,struct10,0.10000000,200,SL,-1.00000000,15,1.05079348,1.46749942,153.70000000,0.85864286,154.05600000,154.19300000,154.31800000,155.05400000,2024
2024-07-25 20:00:00,struct10,0.25000000,100,TP,0.63748648,19,0.96451705,1.34700894,153.70000000,0.85864286,154.05600000,154.19300000,154.31800000,155.05400000,2024
2024-07-25 20:00:00,struct10,0.25000000,150,TP,0.95622972,20,0.96451705,1.34700894,153.70000000,0.85864286,154.05600000,154.19300000,154.31800000,155.05400000,2024
2024-07-25 20:00:00,struct10,0.25000000,200,TP,1.27497296,20,0.96451705,1.34700894,153.70000000,0.85864286,154.05600000,154.19300000,154.31800000,155.05400000,2024
2024-08-01 16:00:00,atr,0.50000000,100,TP,1.53584554,3,0.01843015,12.43266963,149.77100000,1.30221429,150.60700000,150.62100000,150.89000000,153.89400000,2024
2024-08-01 16:00:00,atr,0.50000000,150,TP,2.30376831,5,0.01843015,12.43266963,149.77100000,1.30221429,150.60700000,150.62100000,150.89000000,153.89400000,2024
2024-08-01 16:00:00,atr,0.50000000,200,TP,3.07169108,5,0.01843015,12.43266963,149.77100000,1.30221429,150.60700000,150.62100000,150.89000000,153.89400000,2024
2024-08-01 16:00:00,atr,0.75000000,100,TP,1.02389703,3,0.01228676,8.28844642,149.77100000,1.30221429,150.60700000,150.62100000,150.89000000,153.89400000,2024
2024-08-01 16:00:00,atr,0.75000000,150,TP,1.53584554,5,0.01228676,8.28844642,149.77100000,1.30221429,150.60700000,150.62100000,150.89000000,153.89400000,2024
2024-08-01 16:00:00,atr,0.75000000,200,TP,2.04779405,5,0.01228676,8.28844642,149.77100000,1.30221429,150.60700000,150.62100000,150.89000000,153.89400000,2024
2024-08-01 16:00:00,atr,1.00000000,100,TP,0.76792277,3,0.00921507,6.21633481,149.77100000,1.30221429,150.60700000,150.62100000,150.89000000,153.89400000,2024
2024-08-01 16:00:00,atr,1.00000000,150,TP,1.15188415,5,0.00921507,6.21633481,149.77100000,1.30221429,150.60700000,150.62100000,150.89000000,153.89400000,2024
2024-08-01 16:00:00,atr,1.00000000,200,TP,1.53584554,5,0.00921507,6.21633481,149.77100000,1.30221429,150.60700000,150.62100000,150.89000000,153.89400000,2024
2024-08-01 16:00:00,atr,1.25000000,100,TP,0.61433822,3,0.00737206,4.97306785,149.77100000,1.30221429,150.60700000,150.62100000,150.89000000,153.89400000,2024
2024-08-01 16:00:00,atr,1.25000000,150,TP,0.92150732,5,0.00737206,4.97306785,149.77100000,1.30221429,150.60700000,150.62100000,150.89000000,153.89400000,2024
2024-08-01 16:00:00,atr,1.25000000,200,TP,1.22867643,5,0.00737206,4.97306785,149.77100000,1.30221429,150.60700000,150.62100000,150.89000000,153.89400000,2024
2024-08-01 16:00:00,retest_high,0.00000000,100,TP,1.17647059,3,0.01411765,9.52352941,149.77100000,1.30221429,150.60700000,150.62100000,150.89000000,153.89400000,2024
2024-08-01 16:00:00,retest_high,0.00000000,150,TP,1.76470588,5,0.01411765,9.52352941,149.77100000,1.30221429,150.60700000,150.62100000,150.89000000,153.89400000,2024
2024-08-01 16:00:00,retest_high,0.00000000,200,TP,2.35294118,5,0.01411765,9.52352941,149.77100000,1.30221429,150.60700000,150.62100000,150.89000000,153.89400000,2024
2024-08-01 16:00:00,retest_high,0.10000000,100,TP,1.02017766,3,0.01224213,8.25833813,149.77100000,1.30221429,150.60700000,150.62100000,150.89000000,153.89400000,2024
2024-08-01 16:00:00,retest_high,0.10000000,150,TP,1.53026648,5,0.01224213,8.25833813,149.77100000,1.30221429,150.60700000,150.62100000,150.89000000,153.89400000,2024
2024-08-01 16:00:00,retest_high,0.10000000,200,TP,2.04035531,5,0.01224213,8.25833813,149.77100000,1.30221429,150.60700000,150.62100000,150.89000000,153.89400000,2024
2024-08-01 16:00:00,retest_high,0.25000000,100,TP,0.85066306,3,0.01020796,6.88611748,149.77100000,1.30221429,150.60700000,150.62100000,150.89000000,153.89400000,2024
2024-08-01 16:00:00,retest_high,0.25000000,150,TP,1.27599459,5,0.01020796,6.88611748,149.77100000,1.30221429,150.60700000,150.62100000,150.89000000,153.89400000,2024
2024-08-01 16:00:00,retest_high,0.25000000,200,TP,1.70132612,5,0.01020796,6.88611748,149.77100000,1.30221429,150.60700000,150.62100000,150.89000000,153.89400000,2024
2024-08-01 16:00:00,struct5,0.00000000,100,TP,0.89365505,3,0.01072386,7.23413762,149.77100000,1.30221429,150.60700000,150.62100000,150.89000000,153.89400000,2024
2024-08-01 16:00:00,struct5,0.00000000,150,TP,1.34048257,5,0.01072386,7.23413762,149.77100000,1.30221429,150.60700000,150.62100000,150.89000000,153.89400000,2024
2024-08-01 16:00:00,struct5,0.00000000,200,TP,1.78731010,5,0.01072386,7.23413762,149.77100000,1.30221429,150.60700000,150.62100000,150.89000000,153.89400000,2024
2024-08-01 16:00:00,struct5,0.10000000,100,TP,0.80049860,3,0.00960598,6.48003614,149.77100000,1.30221429,150.60700000,150.62100000,150.89000000,153.89400000,2024
2024-08-01 16:00:00,struct5,0.10000000,150,TP,1.20074789,5,0.00960598,6.48003614,149.77100000,1.30221429,150.60700000,150.62100000,150.89000000,153.89400000,2024
2024-08-01 16:00:00,struct5,0.10000000,200,TP,1.60099719,5,0.00960598,6.48003614,149.77100000,1.30221429,150.60700000,150.62100000,150.89000000,153.89400000,2024
2024-08-01 16:00:00,struct5,0.25000000,100,TP,0.69225539,3,0.00830706,5.60380740,149.77100000,1.30221429,150.60700000,150.62100000,150.89000000,153.89400000,2024
2024-08-01 16:00:00,struct5,0.25000000,150,TP,1.03838309,5,0.00830706,5.60380740,149.77100000,1.30221429,150.60700000,150.62100000,150.89000000,153.89400000,2024
2024-08-01 16:00:00,struct5,0.25000000,200,TP,1.38451079,5,0.00830706,5.60380740,149.77100000,1.30221429,150.60700000,150.62100000,150.89000000,153.89400000,2024
2024-08-01 16:00:00,struct10,0.00000000,100,TP,0.24254184,3,0.00291050,1.96337618,149.77100000,1.30221429,150.60700000,150.62100000,150.89000000,153.89400000,2024
2024-08-01 16:00:00,struct10,0.00000000,150,TP,0.36381276,5,0.00291050,1.96337618,149.77100000,1.30221429,150.60700000,150.62100000,150.89000000,153.89400000,2024
2024-08-01 16:00:00,struct10,0.00000000,200,TP,0.48508368,5,0.00291050,1.96337618,149.77100000,1.30221429,150.60700000,150.62100000,150.89000000,153.89400000,2024
2024-08-01 16:00:00,struct10,0.10000000,100,TP,0.23511590,3,0.00282139,1.90326324,149.77100000,1.30221429,150.60700000,150.62100000,150.89000000,153.89400000,2024
2024-08-01 16:00:00,struct10,0.10000000,150,TP,0.35267386,5,0.00282139,1.90326324,149.77100000,1.30221429,150.60700000,150.62100000,150.89000000,153.89400000,2024
2024-08-01 16:00:00,struct10,0.10000000,200,TP,0.47023181,5,0.00282139,1.90326324,149.77100000,1.30221429,150.60700000,150.62100000,150.89000000,153.89400000,2024
2024-08-01 16:00:00,struct10,0.25000000,100,TP,0.22479217,3,0.00269751,1.81969260,149.77100000,1.30221429,150.60700000,150.62100000,150.89000000,153.89400000,2024
2024-08-01 16:00:00,struct10,0.25000000,150,TP,0.33718825,5,0.00269751,1.81969260,149.77100000,1.30221429,150.60700000,150.62100000,150.89000000,153.89400000,2024
2024-08-01 16:00:00,struct10,0.25000000,200,TP,0.44958434,5,0.00269751,1.81969260,149.77100000,1.30221429,150.60700000,150.62100000,150.89000000,153.89400000,2024
2024-10-31 16:00:00,atr,0.50000000,100,SL,-1.00000000,2,3.95959596,2.03431909,151.93100000,0.58692857,152.40700000,153.04800000,153.61100000,153.61100000,2024
2024-10-31 16:00:00,atr,0.50000000,150,SL,-1.00000000,2,3.95959596,2.03431909,151.93100000,0.58692857,152.40700000,153.04800000,153.61100000,153.61100000,2024
2024-10-31 16:00:00,atr,0.50000000,200,SL,-1.00000000,2,3.95959596,2.03431909,151.93100000,0.58692857,152.40700000,153.04800000,153.61100000,153.61100000,2024
2024-10-31 16:00:00,atr,0.75000000,100,SL,-1.00000000,2,2.63973064,1.35621273,151.93100000,0.58692857,152.40700000,153.04800000,153.61100000,153.61100000,2024
2024-10-31 16:00:00,atr,0.75000000,150,SL,-1.00000000,2,2.63973064,1.35621273,151.93100000,0.58692857,152.40700000,153.04800000,153.61100000,153.61100000,2024
2024-10-31 16:00:00,atr,0.75000000,200,SL,-1.00000000,2,2.63973064,1.35621273,151.93100000,0.58692857,152.40700000,153.04800000,153.61100000,153.61100000,2024
2024-10-31 16:00:00,atr,1.00000000,100,SL,-1.00000000,3,1.97979798,1.01715955,151.93100000,0.58692857,152.40700000,153.04800000,153.61100000,153.61100000,2024
2024-10-31 16:00:00,atr,1.00000000,150,SL,-1.00000000,3,1.97979798,1.01715955,151.93100000,0.58692857,152.40700000,153.04800000,153.61100000,153.61100000,2024
2024-10-31 16:00:00,atr,1.00000000,200,SL,-1.00000000,3,1.97979798,1.01715955,151.93100000,0.58692857,152.40700000,153.04800000,153.61100000,153.61100000,2024
2024-10-31 16:00:00,atr,1.25000000,100,SL,-1.00000000,4,1.58383838,0.81372764,151.93100000,0.58692857,152.40700000,153.04800000,153.61100000,153.61100000,2024
2024-10-31 16:00:00,atr,1.25000000,150,SL,-1.00000000,4,1.58383838,0.81372764,151.93100000,0.58692857,152.40700000,153.04800000,153.61100000,153.61100000,2024
2024-10-31 16:00:00,atr,1.25000000,200,SL,-1.00000000,4,1.58383838,0.81372764,151.93100000,0.58692857,152.40700000,153.04800000,153.61100000,153.61100000,2024
2024-10-31 16:00:00,retest_high,0.00000000,100,SL,-1.00000000,5,1.04028648,0.53446732,151.93100000,0.58692857,152.40700000,153.04800000,153.61100000,153.61100000,2024
2024-10-31 16:00:00,retest_high,0.00000000,150,SL,-1.00000000,5,1.04028648,0.53446732,151.93100000,0.58692857,152.40700000,153.04800000,153.61100000,153.61100000,2024
2024-10-31 16:00:00,retest_high,0.00000000,200,SL,-1.00000000,5,1.04028648,0.53446732,151.93100000,0.58692857,152.40700000,153.04800000,153.61100000,153.61100000,2024
2024-10-31 16:00:00,retest_high,0.10000000,100,TIME,0.41762608,20,0.98835337,0.50778568,151.93100000,0.58692857,152.40700000,153.04800000,153.61100000,153.61100000,2024
2024-10-31 16:00:00,retest_high,0.10000000,150,TIME,0.41762608,20,0.98835337,0.50778568,151.93100000,0.58692857,152.40700000,153.04800000,153.61100000,153.61100000,2024
2024-10-31 16:00:00,retest_high,0.10000000,200,TIME,0.41762608,20,0.98835337,0.50778568,151.93100000,0.58692857,152.40700000,153.04800000,153.61100000,153.61100000,2024
2024-10-31 16:00:00,retest_high,0.25000000,100,TIME,0.38853170,20,0.91949865,0.47241024,151.93100000,0.58692857,152.40700000,153.04800000,153.61100000,153.61100000,2024
2024-10-31 16:00:00,retest_high,0.25000000,150,TIME,0.38853170,20,0.91949865,0.47241024,151.93100000,0.58692857,152.40700000,153.04800000,153.61100000,153.61100000,2024
2024-10-31 16:00:00,retest_high,0.25000000,200,TIME,0.38853170,20,0.91949865,0.47241024,151.93100000,0.58692857,152.40700000,153.04800000,153.61100000,153.61100000,2024
2024-10-31 16:00:00,struct5,0.00000000,100,TIME,0.29226190,20,0.69166667,0.35535714,151.93100000,0.58692857,152.40700000,153.04800000,153.61100000,153.61100000,2024
2024-10-31 16:00:00,struct5,0.00000000,150,TIME,0.29226190,20,0.69166667,0.35535714,151.93100000,0.58692857,152.40700000,153.04800000,153.61100000,153.61100000,2024
2024-10-31 16:00:00,struct5,0.00000000,200,TIME,0.29226190,20,0.69166667,0.35535714,151.93100000,0.58692857,152.40700000,153.04800000,153.61100000,153.61100000,2024
2024-10-31 16:00:00,struct5,0.10000000,100,TIME,0.28239605,20,0.66831815,0.34336139,151.93100000,0.58692857,152.40700000,153.04800000,153.61100000,153.61100000,2024
2024-10-31 16:00:00,struct5,0.10000000,150,TIME,0.28239605,20,0.66831815,0.34336139,151.93100000,0.58692857,152.40700000,153.04800000,153.61100000,153.61100000,2024
2024-10-31 16:00:00,struct5,0.10000000,200,TIME,0.28239605,20,0.66831815,0.34336139,151.93100000,0.58692857,152.40700000,153.04800000,153.61100000,153.61100000,2024
2024-10-31 16:00:00,struct5,0.25000000,100,TIME,0.26878599,20,0.63610859,0.32681310,151.93100000,0.58692857,152.40700000,153.04800000,153.61100000,153.61100000,2024
2024-10-31 16:00:00,struct5,0.25000000,150,TIME,0.26878599,20,0.63610859,0.32681310,151.93100000,0.58692857,152.40700000,153.04800000,153.61100000,153.61100000,2024
2024-10-31 16:00:00,struct5,0.25000000,200,TIME,0.26878599,20,0.63610859,0.32681310,151.93100000,0.58692857,152.40700000,153.04800000,153.61100000,153.61100000,2024
2024-10-31 16:00:00,struct10,0.00000000,100,TIME,0.29226190,20,0.69166667,0.35535714,151.93100000,0.58692857,152.40700000,153.04800000,153.61100000,153.61100000,2024
2024-10-31 16:00:00,struct10,0.00000000,150,TIME,0.29226190,20,0.69166667,0.35535714,151.93100000,0.58692857,152.40700000,153.04800000,153.61100000,153.61100000,2024
2024-10-31 16:00:00,struct10,0.00000000,200,TIME,0.29226190,20,0.69166667,0.35535714,151.93100000,0.58692857,152.40700000,153.04800000,153.61100000,153.61100000,2024
2024-10-31 16:00:00,struct10,0.10000000,100,TIME,0.28239605,20,0.66831815,0.34336139,151.93100000,0.58692857,152.40700000,153.04800000,153.61100000,153.61100000,2024
2024-10-31 16:00:00,struct10,0.10000000,150,TIME,0.28239605,20,0.66831815,0.34336139,151.93100000,0.58692857,152.40700000,153.04800000,153.61100000,153.61100000,2024
2024-10-31 16:00:00,struct10,0.10000000,200,TIME,0.28239605,20,0.66831815,0.34336139,151.93100000,0.58692857,152.40700000,153.04800000,153.61100000,153.61100000,2024
2024-10-31 16:00:00,struct10,0.25000000,100,TIME,0.26878599,20,0.63610859,0.32681310,151.93100000,0.58692857,152.40700000,153.04800000,153.61100000,153.61100000,2024
2024-10-31 16:00:00,struct10,0.25000000,150,TIME,0.26878599,20,0.63610859,0.32681310,151.93100000,0.58692857,152.40700000,153.04800000,153.61100000,153.61100000,2024
2024-10-31 16:00:00,struct10,0.25000000,200,TIME,0.26878599,20,0.63610859,0.32681310,151.93100000,0.58692857,152.40700000,153.04800000,153.61100000,153.61100000,2024
2024-11-28 16:00:00,atr,0.50000000,100,TP,3.61710373,2,0.20617491,10.30512854,151.49500000,0.55292857,151.83800000,151.94800000,151.94800000,153.03200000,2024
2024-11-28 16:00:00,atr,0.50000000,150,TP,5.42565560,2,0.20617491,10.30512854,151.49500000,0.55292857,151.83800000,151.94800000,151.94800000,153.03200000,2024
2024-11-28 16:00:00,atr,0.50000000,200,TP,7.23420747,6,0.20617491,10.30512854,151.49500000,0.55292857,151.83800000,151.94800000,151.94800000,153.03200000,2024
2024-11-28 16:00:00,atr,0.75000000,100,TP,2.41140249,2,0.13744994,6.87008569,151.49500000,0.55292857,151.83800000,151.94800000,151.94800000,153.03200000,2024
2024-11-28 16:00:00,atr,0.75000000,150,TP,3.61710373,2,0.13744994,6.87008569,151.49500000,0.55292857,151.83800000,151.94800000,151.94800000,153.03200000,2024
2024-11-28 16:00:00,atr,0.75000000,200,TP,4.82280498,6,0.13744994,6.87008569,151.49500000,0.55292857,151.83800000,151.94800000,151.94800000,153.03200000,2024
2024-11-28 16:00:00,atr,1.00000000,100,TP,1.80855187,2,0.10308746,5.15256427,151.49500000,0.55292857,151.83800000,151.94800000,151.94800000,153.03200000,2024
2024-11-28 16:00:00,atr,1.00000000,150,TP,2.71282780,2,0.10308746,5.15256427,151.49500000,0.55292857,151.83800000,151.94800000,151.94800000,153.03200000,2024
2024-11-28 16:00:00,atr,1.00000000,200,TP,3.61710373,6,0.10308746,5.15256427,151.49500000,0.55292857,151.83800000,151.94800000,151.94800000,153.03200000,2024
2024-11-28 16:00:00,atr,1.25000000,100,TP,1.44684149,2,0.08246997,4.12205141,151.49500000,0.55292857,151.83800000,151.94800000,151.94800000,153.03200000,2024
2024-11-28 16:00:00,atr,1.25000000,150,TP,2.17026224,2,0.08246997,4.12205141,151.49500000,0.55292857,151.83800000,151.94800000,151.94800000,153.03200000,2024
2024-11-28 16:00:00,atr,1.25000000,200,TP,2.89368299,6,0.08246997,4.12205141,151.49500000,0.55292857,151.83800000,151.94800000,151.94800000,153.03200000,2024
2024-11-28 16:00:00,retest_high,0.00000000,100,TP,2.20750552,2,0.12582781,6.28918322,151.49500000,0.55292857,151.83800000,151.94800000,151.94800000,153.03200000,2024
2024-11-28 16:00:00,retest_high,0.00000000,150,TP,3.31125828,2,0.12582781,6.28918322,151.49500000,0.55292857,151.83800000,151.94800000,151.94800000,153.03200000,2024
2024-11-28 16:00:00,retest_high,0.00000000,200,TP,4.41501104,6,0.12582781,6.28918322,151.49500000,0.55292857,151.83800000,151.94800000,151.94800000,153.03200000,2024
2024-11-28 16:00:00,retest_high,0.10000000,100,TP,1.96736977,2,0.11214008,5.60503647,151.49500000,0.55292857,151.83800000,151.94800000,151.94800000,153.03200000,2024
2024-11-28 16:00:00,retest_high,0.10000000,150,TP,2.95105465,2,0.11214008,5.60503647,151.49500000,0.55292857,151.83800000,151.94800000,151.94800000,153.03200000,2024
2024-11-28 16:00:00,retest_high,0.10000000,200,TP,3.93473953,6,0.11214008,5.60503647,151.49500000,0.55292857,151.83800000,151.94800000,151.94800000,153.03200000,2024
2024-11-28 16:00:00,retest_high,0.25000000,100,TP,1.69138301,2,0.09640883,4.81875019,151.49500000,0.55292857,151.83800000,151.94800000,151.94800000,153.03200000,2024
2024-11-28 16:00:00,retest_high,0.25000000,150,TP,2.53707451,2,0.09640883,4.81875019,151.49500000,0.55292857,151.83800000,151.94800000,151.94800000,153.03200000,2024
2024-11-28 16:00:00,retest_high,0.25000000,200,TP,3.38276602,6,0.09640883,4.81875019,151.49500000,0.55292857,151.83800000,151.94800000,151.94800000,153.03200000,2024
2024-11-28 16:00:00,struct5,0.00000000,100,TP,2.20750552,2,0.12582781,6.28918322,151.49500000,0.55292857,151.83800000,151.94800000,151.94800000,153.03200000,2024
2024-11-28 16:00:00,struct5,0.00000000,150,TP,3.31125828,2,0.12582781,6.28918322,151.49500000,0.55292857,151.83800000,151.94800000,151.94800000,153.03200000,2024
2024-11-28 16:00:00,struct5,0.00000000,200,TP,4.41501104,6,0.12582781,6.28918322,151.49500000,0.55292857,151.83800000,151.94800000,151.94800000,153.03200000,2024
2024-11-28 16:00:00,struct5,0.10000000,100,TP,1.96736977,2,0.11214008,5.60503647,151.49500000,0.55292857,151.83800000,151.94800000,151.94800000,153.03200000,2024
2024-11-28 16:00:00,struct5,0.10000000,150,TP,2.95105465,2,0.11214008,5.60503647,151.49500000,0.55292857,151.83800000,151.94800000,151.94800000,153.03200000,2024
2024-11-28 16:00:00,struct5,0.10000000,200,TP,3.93473953,6,0.11214008,5.60503647,151.49500000,0.55292857,151.83800000,151.94800000,151.94800000,153.03200000,2024
2024-11-28 16:00:00,struct5,0.25000000,100,TP,1.69138301,2,0.09640883,4.81875019,151.49500000,0.55292857,151.83800000,151.94800000,151.94800000,153.03200000,2024
2024-11-28 16:00:00,struct5,0.25000000,150,TP,2.53707451,2,0.09640883,4.81875019,151.49500000,0.55292857,151.83800000,151.94800000,151.94800000,153.03200000,2024
2024-11-28 16:00:00,struct5,0.25000000,200,TP,3.38276602,6,0.09640883,4.81875019,151.49500000,0.55292857,151.83800000,151.94800000,151.94800000,153.03200000,2024
2024-11-28 16:00:00,struct10,0.00000000,100,TP,0.65061809,2,0.03708523,1.85361093,151.49500000,0.55292857,151.83800000,151.94800000,151.94800000,153.03200000,2024
2024-11-28 16:00:00,struct10,0.00000000,150,TP,0.97592713,2,0.03708523,1.85361093,151.49500000,0.55292857,151.83800000,151.94800000,151.94800000,153.03200000,2024
2024-11-28 16:00:00,struct10,0.00000000,200,TP,1.30123617,6,0.03708523,1.85361093,151.49500000,0.55292857,151.83800000,151.94800000,151.94800000,153.03200000,2024
2024-11-28 16:00:00,struct10,0.10000000,100,TP,0.62802517,2,0.03579743,1.78924372,151.49500000,0.55292857,151.83800000,151.94800000,151.94800000,153.03200000,2024
2024-11-28 16:00:00,struct10,0.10000000,150,TP,0.94203776,2,0.03579743,1.78924372,151.49500000,0.55292857,151.83800000,151.94800000,151.94800000,153.03200000,2024
2024-11-28 16:00:00,struct10,0.10000000,200,TP,1.25605035,6,0.03579743,1.78924372,151.49500000,0.55292857,151.83800000,151.94800000,151.94800000,153.03200000,2024
2024-11-28 16:00:00,struct10,0.25000000,100,TP,0.59693219,2,0.03402514,1.70065982,151.49500000,0.55292857,151.83800000,151.94800000,151.94800000,153.03200000,2024
2024-11-28 16:00:00,struct10,0.25000000,150,TP,0.89539829,2,0.03402514,1.70065982,151.49500000,0.55292857,151.83800000,151.94800000,151.94800000,153.03200000,2024
2024-11-28 16:00:00,struct10,0.25000000,200,TP,1.19386439,6,0.03402514,1.70065982,151.49500000,0.55292857,151.83800000,151.94800000,151.94800000,153.03200000,2024
2025-04-01 04:00:00,atr,0.50000000,100,SL,-1.00000000,4,3.24458701,18.96230954,149.61700000,0.53442857,149.68200000,149.98200000,150.26400000,150.29400000,2025
2025-04-01 04:00:00,atr,0.50000000,150,SL,-1.00000000,4,3.24458701,18.96230954,149.61700000,0.53442857,149.68200000,149.98200000,150.26400000,150.29400000,2025
2025-04-01 04:00:00,atr,0.50000000,200,SL,-1.00000000,4,3.24458701,18.96230954,149.61700000,0.53442857,149.68200000,149.98200000,150.26400000,150.29400000,2025
2025-04-01 04:00:00,atr,0.75000000,100,SL,-1.00000000,8,2.16305801,12.64153970,149.61700000,0.53442857,149.68200000,149.98200000,150.26400000,150.29400000,2025
2025-04-01 04:00:00,atr,0.75000000,150,SL,-1.00000000,8,2.16305801,12.64153970,149.61700000,0.53442857,149.68200000,149.98200000,150.26400000,150.29400000,2025
2025-04-01 04:00:00,atr,0.75000000,200,SL,-1.00000000,8,2.16305801,12.64153970,149.61700000,0.53442857,149.68200000,149.98200000,150.26400000,150.29400000,2025
2025-04-01 04:00:00,atr,1.00000000,100,SL,-1.00000000,9,1.62229350,9.48115477,149.61700000,0.53442857,149.68200000,149.98200000,150.26400000,150.29400000,2025
2025-04-01 04:00:00,atr,1.00000000,150,SL,-1.00000000,9,1.62229350,9.48115477,149.61700000,0.53442857,149.68200000,149.98200000,150.26400000,150.29400000,2025
2025-04-01 04:00:00,atr,1.00000000,200,SL,-1.00000000,9,1.62229350,9.48115477,149.61700000,0.53442857,149.68200000,149.98200000,150.26400000,150.29400000,2025
2025-04-01 04:00:00,atr,1.25000000,100,SL,-1.00000000,10,1.29783480,7.58492382,149.61700000,0.53442857,149.68200000,149.98200000,150.26400000,150.29400000,2025
2025-04-01 04:00:00,atr,1.25000000,150,SL,-1.00000000,10,1.29783480,7.58492382,149.61700000,0.53442857,149.68200000,149.98200000,150.26400000,150.29400000,2025
2025-04-01 04:00:00,atr,1.25000000,200,SL,-1.00000000,10,1.29783480,7.58492382,149.61700000,0.53442857,149.68200000,149.98200000,150.26400000,150.29400000,2025
2025-04-01 04:00:00,retest_high,0.00000000,100,SL,-1.00000000,6,2.37534247,13.88219178,149.61700000,0.53442857,149.68200000,149.98200000,150.26400000,150.29400000,2025
2025-04-01 04:00:00,retest_high,0.00000000,150,SL,-1.00000000,6,2.37534247,13.88219178,149.61700000,0.53442857,149.68200000,149.98200000,150.26400000,150.29400000,2025
2025-04-01 04:00:00,retest_high,0.00000000,200,SL,-1.00000000,6,2.37534247,13.88219178,149.61700000,0.53442857,149.68200000,149.98200000,150.26400000,150.29400000,2025
2025-04-01 04:00:00,retest_high,0.10000000,100,SL,-1.00000000,8,2.07196750,12.10918029,149.61700000,0.53442857,149.68200000,149.98200000,150.26400000,150.29400000,2025
2025-04-01 04:00:00,retest_high,0.10000000,150,SL,-1.00000000,8,2.07196750,12.10918029,149.61700000,0.53442857,149.68200000,149.98200000,150.26400000,150.29400000,2025
2025-04-01 04:00:00,retest_high,0.10000000,200,SL,-1.00000000,8,2.07196750,12.10918029,149.61700000,0.53442857,149.68200000,149.98200000,150.26400000,150.29400000,2025
2025-04-01 04:00:00,retest_high,0.25000000,100,SL,-1.00000000,9,1.73884392,10.16230929,149.61700000,0.53442857,149.68200000,149.98200000,150.26400000,150.29400000,2025
2025-04-01 04:00:00,retest_high,0.25000000,150,SL,-1.00000000,9,1.73884392,10.16230929,149.61700000,0.53442857,149.68200000,149.98200000,150.26400000,150.29400000,2025
2025-04-01 04:00:00,retest_high,0.25000000,200,SL,-1.00000000,9,1.73884392,10.16230929,149.61700000,0.53442857,149.68200000,149.98200000,150.26400000,150.29400000,2025
2025-04-01 04:00:00,struct5,0.00000000,100,SL,-1.00000000,10,1.34003091,7.83153014,149.61700000,0.53442857,149.68200000,149.98200000,150.26400000,150.29400000,2025
2025-04-01 04:00:00,struct5,0.00000000,150,SL,-1.00000000,10,1.34003091,7.83153014,149.61700000,0.53442857,149.68200000,149.98200000,150.26400000,150.29400000,2025
2025-04-01 04:00:00,struct5,0.00000000,200,SL,-1.00000000,10,1.34003091,7.83153014,149.61700000,0.53442857,149.68200000,149.98200000,150.26400000,150.29400000,2025
2025-04-01 04:00:00,struct5,0.10000000,100,SL,-1.00000000,10,1.23778834,7.23399482,149.61700000,0.53442857,149.68200000,149.98200000,150.26400000,150.29400000,2025
2025-04-01 04:00:00,struct5,0.10000000,150,SL,-1.00000000,10,1.23778834,7.23399482,149.61700000,0.53442857,149.68200000,149.98200000,150.26400000,150.29400000,2025
2025-04-01 04:00:00,struct5,0.10000000,200,SL,-1.00000000,10,1.23778834,7.23399482,149.61700000,0.53442857,149.68200000,149.98200000,150.26400000,150.29400000,2025
2025-04-01 04:00:00,struct5,0.25000000,100,SL,-1.00000000,10,1.11067393,6.49110125,149.61700000,0.53442857,149.68200000,149.98200000,150.26400000,150.29400000,2025
2025-04-01 04:00:00,struct5,0.25000000,150,SL,-1.00000000,10,1.11067393,6.49110125,149.61700000,0.53442857,149.68200000,149.98200000,150.26400000,150.29400000,2025
2025-04-01 04:00:00,struct5,0.25000000,200,SL,-1.00000000,10,1.11067393,6.49110125,149.61700000,0.53442857,149.68200000,149.98200000,150.26400000,150.29400000,2025
2025-04-01 04:00:00,struct10,0.00000000,100,SL,-1.00000000,10,1.28064993,7.48449040,149.61700000,0.53442857,149.68200000,149.98200000,150.26400000,150.29400000,2025
2025-04-01 04:00:00,struct10,0.00000000,150,SL,-1.00000000,10,1.28064993,7.48449040,149.61700000,0.53442857,149.68200000,149.98200000,150.26400000,150.29400000,2025
2025-04-01 04:00:00,struct10,0.00000000,200,SL,-1.00000000,10,1.28064993,7.48449040,149.61700000,0.53442857,149.68200000,149.98200000,150.26400000,150.29400000,2025
2025-04-01 04:00:00,struct10,0.10000000,100,SL,-1.00000000,10,1.18695116,6.93688760,149.61700000,0.53442857,149.68200000,149.98200000,150.26400000,150.29400000,2025
2025-04-01 04:00:00,struct10,0.10000000,150,SL,-1.00000000,10,1.18695116,6.93688760,149.61700000,0.53442857,149.68200000,149.98200000,150.26400000,150.29400000,2025
2025-04-01 04:00:00,struct10,0.10000000,200,SL,-1.00000000,10,1.18695116,6.93688760,149.61700000,0.53442857,149.68200000,149.98200000,150.26400000,150.29400000,2025
2025-04-01 04:00:00,struct10,0.25000000,100,SL,-1.00000000,10,1.06956867,6.25087016,149.61700000,0.53442857,149.68200000,149.98200000,150.26400000,150.29400000,2025
2025-04-01 04:00:00,struct10,0.25000000,150,SL,-1.00000000,10,1.06956867,6.25087016,149.61700000,0.53442857,149.68200000,149.98200000,150.26400000,150.29400000,2025
2025-04-01 04:00:00,struct10,0.25000000,200,SL,-1.00000000,10,1.06956867,6.25087016,149.61700000,0.53442857,149.68200000,149.98200000,150.26400000,150.29400000,2025
2025-04-13 20:00:00,atr,0.50000000,100,TP,2.02195263,1,0.78653957,4.20566147,143.69100000,0.98914286,143.71200000,144.19900000,144.19900000,146.42600000,2025
2025-04-13 20:00:00,atr,0.50000000,150,TP,3.03292894,14,0.78653957,4.20566147,143.69100000,0.98914286,143.71200000,144.19900000,144.19900000,146.42600000,2025
2025-04-13 20:00:00,atr,0.50000000,200,TP,4.04390526,17,0.78653957,4.20566147,143.69100000,0.98914286,143.71200000,144.19900000,144.19900000,146.42600000,2025
2025-04-13 20:00:00,atr,0.75000000,100,TP,1.34796842,1,0.52435972,2.80377431,143.69100000,0.98914286,143.71200000,144.19900000,144.19900000,146.42600000,2025
2025-04-13 20:00:00,atr,0.75000000,150,TP,2.02195263,14,0.52435972,2.80377431,143.69100000,0.98914286,143.71200000,144.19900000,144.19900000,146.42600000,2025
2025-04-13 20:00:00,atr,0.75000000,200,TP,2.69593684,17,0.52435972,2.80377431,143.69100000,0.98914286,143.71200000,144.19900000,144.19900000,146.42600000,2025
2025-04-13 20:00:00,atr,1.00000000,100,TP,1.01097631,1,0.39326979,2.10283073,143.69100000,0.98914286,143.71200000,144.19900000,144.19900000,146.42600000,2025
2025-04-13 20:00:00,atr,1.00000000,150,TP,1.51646447,14,0.39326979,2.10283073,143.69100000,0.98914286,143.71200000,144.19900000,144.19900000,146.42600000,2025
2025-04-13 20:00:00,atr,1.00000000,200,TP,2.02195263,17,0.39326979,2.10283073,143.69100000,0.98914286,143.71200000,144.19900000,144.19900000,146.42600000,2025
2025-04-13 20:00:00,atr,1.25000000,100,TP,0.80878105,1,0.31461583,1.68226459,143.69100000,0.98914286,143.71200000,144.19900000,144.19900000,146.42600000,2025
2025-04-13 20:00:00,atr,1.25000000,150,TP,1.21317158,14,0.31461583,1.68226459,143.69100000,0.98914286,143.71200000,144.19900000,144.19900000,146.42600000,2025
2025-04-13 20:00:00,atr,1.25000000,200,TP,1.61756210,17,0.31461583,1.68226459,143.69100000,0.98914286,143.71200000,144.19900000,144.19900000,146.42600000,2025
2025-04-13 20:00:00,retest_high,0.00000000,100,TP,1.96850394,1,0.76574803,4.09448819,143.69100000,0.98914286,143.71200000,144.19900000,144.19900000,146.42600000,2025
2025-04-13 20:00:00,retest_high,0.00000000,150,TP,2.95275591,14,0.76574803,4.09448819,143.69100000,0.98914286,143.71200000,144.19900000,144.19900000,146.42600000,2025
2025-04-13 20:00:00,retest_high,0.00000000,200,TP,3.93700787,17,0.76574803,4.09448819,143.69100000,0.98914286,143.71200000,144.19900000,144.19900000,146.42600000,2025
2025-04-13 20:00:00,retest_high,0.10000000,100,TP,1.64767913,1,0.64094718,3.42717258,143.69100000,0.98914286,143.71200000,144.19900000,144.19900000,146.42600000,2025
2025-04-13 20:00:00,retest_high,0.10000000,150,TP,2.47151869,14,0.64094718,3.42717258,143.69100000,0.98914286,143.71200000,144.19900000,144.19900000,146.42600000,2025
2025-04-13 20:00:00,retest_high,0.10000000,200,TP,3.29535825,17,0.64094718,3.42717258,143.69100000,0.98914286,143.71200000,144.19900000,144.19900000,146.42600000,2025
2025-04-13 20:00:00,retest_high,0.25000000,100,TP,1.32400227,1,0.51503688,2.75392472,143.69100000,0.98914286,143.71200000,144.19900000,144.19900000,146.42600000,2025
2025-04-13 20:00:00,retest_high,0.25000000,150,TP,1.98600340,14,0.51503688,2.75392472,143.69100000,0.98914286,143.71200000,144.19900000,144.19900000,146.42600000,2025
2025-04-13 20:00:00,retest_high,0.25000000,200,TP,2.64800454,17,0.51503688,2.75392472,143.69100000,0.98914286,143.71200000,144.19900000,144.19900000,146.42600000,2025
2025-04-13 20:00:00,struct5,0.00000000,100,TP,1.96850394,1,0.76574803,4.09448819,143.69100000,0.98914286,143.71200000,144.19900000,144.19900000,146.42600000,2025
2025-04-13 20:00:00,struct5,0.00000000,150,TP,2.95275591,14,0.76574803,4.09448819,143.69100000,0.98914286,143.71200000,144.19900000,144.19900000,146.42600000,2025
2025-04-13 20:00:00,struct5,0.00000000,200,TP,3.93700787,17,0.76574803,4.09448819,143.69100000,0.98914286,143.71200000,144.19900000,144.19900000,146.42600000,2025
2025-04-13 20:00:00,struct5,0.10000000,100,TP,1.64767913,1,0.64094718,3.42717258,143.69100000,0.98914286,143.71200000,144.19900000,144.19900000,146.42600000,2025
2025-04-13 20:00:00,struct5,0.10000000,150,TP,2.47151869,14,0.64094718,3.42717258,143.69100000,0.98914286,143.71200000,144.19900000,144.19900000,146.42600000,2025
2025-04-13 20:00:00,struct5,0.10000000,200,TP,3.29535825,17,0.64094718,3.42717258,143.69100000,0.98914286,143.71200000,144.19900000,144.19900000,146.42600000,2025
2025-04-13 20:00:00,struct5,0.25000000,100,TP,1.32400227,1,0.51503688,2.75392472,143.69100000,0.98914286,143.71200000,144.19900000,144.19900000,146.42600000,2025
2025-04-13 20:00:00,struct5,0.25000000,150,TP,1.98600340,14,0.51503688,2.75392472,143.69100000,0.98914286,143.71200000,144.19900000,144.19900000,146.42600000,2025
2025-04-13 20:00:00,struct5,0.25000000,200,TP,2.64800454,17,0.51503688,2.75392472,143.69100000,0.98914286,143.71200000,144.19900000,144.19900000,146.42600000,2025
2025-04-13 20:00:00,struct10,0.00000000,100,TP,0.36563071,1,0.14223035,0.76051188,143.69100000,0.98914286,143.71200000,144.19900000,144.19900000,146.42600000,2025
2025-04-13 20:00:00,struct10,0.00000000,150,TP,0.54844607,14,0.14223035,0.76051188,143.69100000,0.98914286,143.71200000,144.19900000,144.19900000,146.42600000,2025
2025-04-13 20:00:00,struct10,0.00000000,200,TP,0.73126143,17,0.14223035,0.76051188,143.69100000,0.98914286,143.71200000,144.19900000,144.19900000,146.42600000,2025
2025-04-13 20:00:00,struct10,0.10000000,100,TP,0.35286882,1,0.13726597,0.73396715,143.69100000,0.98914286,143.71200000,144.19900000,144.19900000,146.42600000,2025
2025-04-13 20:00:00,struct10,0.10000000,150,TP,0.52930324,14,0.13726597,0.73396715,143.69100000,0.98914286,143.71200000,144.19900000,144.19900000,146.42600000,2025
2025-04-13 20:00:00,struct10,0.10000000,200,TP,0.70573765,17,0.13726597,0.73396715,143.69100000,0.98914286,143.71200000,144.19900000,144.19900000,146.42600000,2025
2025-04-13 20:00:00,struct10,0.25000000,100,TP,0.33531328,1,0.13043687,0.69745162,143.69100000,0.98914286,143.71200000,144.19900000,144.19900000,146.42600000,2025
2025-04-13 20:00:00,struct10,0.25000000,150,TP,0.50296992,14,0.13043687,0.69745162,143.69100000,0.98914286,143.71200000,144.19900000,144.19900000,146.42600000,2025
2025-04-13 20:00:00,struct10,0.25000000,200,TP,0.67062656,17,0.13043687,0.69745162,143.69100000,0.98914286,143.71200000,144.19900000,144.19900000,146.42600000,2025
2025-04-23 04:00:00,atr,0.50000000,100,SL,-1.00000000,2,5.77900763,0.78282443,141.86600000,0.74857143,141.61100000,141.63400000,143.21800000,143.21800000,2025
2025-04-23 04:00:00,atr,0.50000000,150,SL,-1.00000000,2,5.77900763,0.78282443,141.86600000,0.74857143,141.61100000,141.63400000,143.21800000,143.21800000,2025
2025-04-23 04:00:00,atr,0.50000000,200,SL,-1.00000000,2,5.77900763,0.78282443,141.86600000,0.74857143,141.61100000,141.63400000,143.21800000,143.21800000,2025
2025-04-23 04:00:00,atr,0.75000000,100,SL,-1.00000000,2,3.85267176,0.52188295,141.86600000,0.74857143,141.61100000,141.63400000,143.21800000,143.21800000,2025
2025-04-23 04:00:00,atr,0.75000000,150,SL,-1.00000000,2,3.85267176,0.52188295,141.86600000,0.74857143,141.61100000,141.63400000,143.21800000,143.21800000,2025
2025-04-23 04:00:00,atr,0.75000000,200,SL,-1.00000000,2,3.85267176,0.52188295,141.86600000,0.74857143,141.61100000,141.63400000,143.21800000,143.21800000,2025
2025-04-23 04:00:00,atr,1.00000000,100,SL,-1.00000000,2,2.88950382,0.39141221,141.86600000,0.74857143,141.61100000,141.63400000,143.21800000,143.21800000,2025
2025-04-23 04:00:00,atr,1.00000000,150,SL,-1.00000000,2,2.88950382,0.39141221,141.86600000,0.74857143,141.61100000,141.63400000,143.21800000,143.21800000,2025
2025-04-23 04:00:00,atr,1.00000000,200,SL,-1.00000000,2,2.88950382,0.39141221,141.86600000,0.74857143,141.61100000,141.63400000,143.21800000,143.21800000,2025
2025-04-23 04:00:00,atr,1.25000000,100,SL,-1.00000000,3,2.31160305,0.31312977,141.86600000,0.74857143,141.61100000,141.63400000,143.21800000,143.21800000,2025
2025-04-23 04:00:00,atr,1.25000000,150,SL,-1.00000000,3,2.31160305,0.31312977,141.86600000,0.74857143,141.61100000,141.63400000,143.21800000,143.21800000,2025
2025-04-23 04:00:00,atr,1.25000000,200,SL,-1.00000000,3,2.31160305,0.31312977,141.86600000,0.74857143,141.61100000,141.63400000,143.21800000,143.21800000,2025
2025-04-23 04:00:00,retest_high,0.00000000,100,SL,,1,-9.32327586,-1.26293103,141.86600000,0.74857143,141.61100000,141.63400000,143.21800000,143.21800000,2025
2025-04-23 04:00:00,retest_high,0.00000000,150,SL,,1,-9.32327586,-1.26293103,141.86600000,0.74857143,141.61100000,141.63400000,143.21800000,143.21800000,2025
2025-04-23 04:00:00,retest_high,0.00000000,200,SL,,1,-9.32327586,-1.26293103,141.86600000,0.74857143,141.61100000,141.63400000,143.21800000,143.21800000,2025
2025-04-23 04:00:00,retest_high,0.10000000,100,SL,,1,-13.76454545,-1.86454545,141.86600000,0.74857143,141.61100000,141.63400000,143.21800000,143.21800000,2025
2025-04-23 04:00:00,retest_high,0.10000000,150,SL,,1,-13.76454545,-1.86454545,141.86600000,0.74857143,141.61100000,141.63400000,143.21800000,143.21800000,2025
2025-04-23 04:00:00,retest_high,0.10000000,200,SL,,1,-13.76454545,-1.86454545,141.86600000,0.74857143,141.61100000,141.63400000,143.21800000,143.21800000,2025
2025-04-23 04:00:00,retest_high,0.25000000,100,SL,,1,-48.21974522,-6.53184713,141.86600000,0.74857143,141.61100000,141.63400000,143.21800000,143.21800000,2025
2025-04-23 04:00:00,retest_high,0.25000000,150,SL,,1,-48.21974522,-6.53184713,141.86600000,0.74857143,141.61100000,141.63400000,143.21800000,143.21800000,2025
2025-04-23 04:00:00,retest_high,0.25000000,200,SL,,1,-48.21974522,-6.53184713,141.86600000,0.74857143,141.61100000,141.63400000,143.21800000,143.21800000,2025
2025-04-23 04:00:00,struct5,0.00000000,100,SL,-1.00000000,3,1.59985207,0.21671598,141.86600000,0.74857143,141.61100000,141.63400000,143.21800000,143.21800000,2025
2025-04-23 04:00:00,struct5,0.00000000,150,SL,-1.00000000,3,1.59985207,0.21671598,141.86600000,0.74857143,141.61100000,141.63400000,143.21800000,143.21800000,2025
2025-04-23 04:00:00,struct5,0.00000000,200,SL,-1.00000000,3,1.59985207,0.21671598,141.86600000,0.74857143,141.61100000,141.63400000,143.21800000,143.21800000,2025
2025-04-23 04:00:00,struct5,0.10000000,100,SL,-1.00000000,3,1.51591910,0.20534642,141.86600000,0.74857143,141.61100000,141.63400000,143.21800000,143.21800000,2025
2025-04-23 04:00:00,struct5,0.10000000,150,SL,-1.00000000,3,1.51591910,0.20534642,141.86600000,0.74857143,141.61100000,141.63400000,143.21800000,143.21800000,2025
2025-04-23 04:00:00,struct5,0.10000000,200,SL,-1.00000000,3,1.51591910,0.20534642,141.86600000,0.74857143,141.61100000,141.63400000,143.21800000,143.21800000,2025
2025-04-23 04:00:00,struct5,0.25000000,100,SL,-1.00000000,3,1.40532764,0.19036570,141.86600000,0.74857143,141.61100000,141.63400000,143.21800000,143.21800000,2025
2025-04-23 04:00:00,struct5,0.25000000,150,SL,-1.00000000,3,1.40532764,0.19036570,141.86600000,0.74857143,141.61100000,141.63400000,143.21800000,143.21800000,2025
2025-04-23 04:00:00,struct5,0.25000000,200,SL,-1.00000000,3,1.40532764,0.19036570,141.86600000,0.74857143,141.61100000,141.63400000,143.21800000,143.21800000,2025
2025-04-23 04:00:00,struct10,0.00000000,100,SL,-1.00000000,3,1.59985207,0.21671598,141.86600000,0.74857143,141.61100000,141.63400000,143.21800000,143.21800000,2025
2025-04-23 04:00:00,struct10,0.00000000,150,SL,-1.00000000,3,1.59985207,0.21671598,141.86600000,0.74857143,141.61100000,141.63400000,143.21800000,143.21800000,2025
2025-04-23 04:00:00,struct10,0.00000000,200,SL,-1.00000000,3,1.59985207,0.21671598,141.86600000,0.74857143,141.61100000,141.63400000,143.21800000,143.21800000,2025
2025-04-23 04:00:00,struct10,0.10000000,100,SL,-1.00000000,3,1.51591910,0.20534642,141.86600000,0.74857143,141.61100000,141.63400000,143.21800000,143.21800000,2025
2025-04-23 04:00:00,struct10,0.10000000,150,SL,-1.00000000,3,1.51591910,0.20534642,141.86600000,0.74857143,141.61100000,141.63400000,143.21800000,143.21800000,2025
2025-04-23 04:00:00,struct10,0.10000000,200,SL,-1.00000000,3,1.51591910,0.20534642,141.86600000,0.74857143,141.61100000,141.63400000,143.21800000,143.21800000,2025
2025-04-23 04:00:00,struct10,0.25000000,100,SL,-1.00000000,3,1.40532764,0.19036570,141.86600000,0.74857143,141.61100000,141.63400000,143.21800000,143.21800000,2025
2025-04-23 04:00:00,struct10,0.25000000,150,SL,-1.00000000,3,1.40532764,0.19036570,141.86600000,0.74857143,141.61100000,141.63400000,143.21800000,143.21800000,2025
2025-04-23 04:00:00,struct10,0.25000000,200,SL,-1.00000000,3,1.40532764,0.19036570,141.86600000,0.74857143,141.61100000,141.63400000,143.21800000,143.21800000,2025
2025-10-03 08:00:00,atr,0.50000000,100,SL,-1.00000000,1,26.15284128,0.96472894,147.27800000,0.43742857,147.64900000,147.76500000,147.81400000,147.81400000,2025
2025-10-03 08:00:00,atr,0.50000000,150,SL,-1.00000000,1,26.15284128,0.96472894,147.27800000,0.43742857,147.64900000,147.76500000,147.81400000,147.81400000,2025
2025-10-03 08:00:00,atr,0.50000000,200,SL,-1.00000000,1,26.15284128,0.96472894,147.27800000,0.43742857,147.64900000,147.76500000,147.81400000,147.81400000,2025
2025-10-03 08:00:00,atr,0.75000000,100,SL,-1.00000000,4,17.43522752,0.64315262,147.27800000,0.43742857,147.64900000,147.76500000,147.81400000,147.81400000,2025
2025-10-03 08:00:00,atr,0.75000000,150,SL,-1.00000000,4,17.43522752,0.64315262,147.27800000,0.43742857,147.64900000,147.76500000,147.81400000,147.81400000,2025
2025-10-03 08:00:00,atr,0.75000000,200,SL,-1.00000000,4,17.43522752,0.64315262,147.27800000,0.43742857,147.64900000,147.76500000,147.81400000,147.81400000,2025
2025-10-03 08:00:00,atr,1.00000000,100,SL,-1.00000000,4,13.07642064,0.48236447,147.27800000,0.43742857,147.64900000,147.76500000,147.81400000,147.81400000,2025
2025-10-03 08:00:00,atr,1.00000000,150,SL,-1.00000000,4,13.07642064,0.48236447,147.27800000,0.43742857,147.64900000,147.76500000,147.81400000,147.81400000,2025
2025-10-03 08:00:00,atr,1.00000000,200,SL,-1.00000000,4,13.07642064,0.48236447,147.27800000,0.43742857,147.64900000,147.76500000,147.81400000,147.81400000,2025
2025-10-03 08:00:00,atr,1.25000000,100,SL,-1.00000000,4,10.46113651,0.38589157,147.27800000,0.43742857,147.64900000,147.76500000,147.81400000,147.81400000,2025
2025-10-03 08:00:00,atr,1.25000000,150,SL,-1.00000000,4,10.46113651,0.38589157,147.27800000,0.43742857,147.64900000,147.76500000,147.81400000,147.81400000,2025
2025-10-03 08:00:00,atr,1.25000000,200,SL,-1.00000000,4,10.46113651,0.38589157,147.27800000,0.43742857,147.64900000,147.76500000,147.81400000,147.81400000,2025
2025-10-03 08:00:00,retest_high,0.00000000,100,SL,-1.00000000,4,11.74537988,0.43326489,147.27800000,0.43742857,147.64900000,147.76500000,147.81400000,147.81400000,2025
2025-10-03 08:00:00,retest_high,0.00000000,150,SL,-1.00000000,4,11.74537988,0.43326489,147.27800000,0.43742857,147.64900000,147.76500000,147.81400000,147.81400000,2025
2025-10-03 08:00:00,retest_high,0.00000000,200,SL,-1.00000000,4,11.74537988,0.43326489,147.27800000,0.43742857,147.64900000,147.76500000,147.81400000,147.81400000,2025
2025-10-03 08:00:00,retest_high,0.10000000,100,SL,-1.00000000,4,10.77734711,0.39755599,147.27800000,0.43742857,147.64900000,147.76500000,147.81400000,147.81400000,2025
2025-10-03 08:00:00,retest_high,0.10000000,150,SL,-1.00000000,4,10.77734711,0.39755599,147.27800000,0.43742857,147.64900000,147.76500000,147.81400000,147.81400000,2025
2025-10-03 08:00:00,retest_high,0.10000000,200,SL,-1.00000000,4,10.77734711,0.39755599,147.27800000,0.43742857,147.64900000,147.76500000,147.81400000,147.81400000,2025
2025-10-03 08:00:00,retest_high,0.25000000,100,SL,-1.00000000,4,9.59156785,0.35381483,147.27800000,0.43742857,147.64900000,147.76500000,147.81400000,147.81400000,2025
2025-10-03 08:00:00,retest_high,0.25000000,150,SL,-1.00000000,4,9.59156785,0.35381483,147.27800000,0.43742857,147.64900000,147.76500000,147.81400000,147.81400000,2025
2025-10-03 08:00:00,retest_high,0.25000000,200,SL,-1.00000000,4,9.59156785,0.35381483,147.27800000,0.43742857,147.64900000,147.76500000,147.81400000,147.81400000,2025
2025-10-03 08:00:00,struct5,0.00000000,100,SL,-1.00000000,4,10.67164179,0.39365672,147.27800000,0.43742857,147.64900000,147.76500000,147.81400000,147.81400000,2025
2025-10-03 08:00:00,struct5,0.00000000,150,SL,-1.00000000,4,10.67164179,0.39365672,147.27800000,0.43742857,147.64900000,147.76500000,147.81400000,147.81400000,2025
2025-10-03 08:00:00,struct5,0.00000000,200,SL,-1.00000000,4,10.67164179,0.39365672,147.27800000,0.43742857,147.64900000,147.76500000,147.81400000,147.81400000,2025
2025-10-03 08:00:00,struct5,0.10000000,100,SL,-1.00000000,4,9.86644325,0.36395446,147.27800000,0.43742857,147.64900000,147.76500000,147.81400000,147.81400000,2025
2025-10-03 08:00:00,struct5,0.10000000,150,SL,-1.00000000,4,9.86644325,0.36395446,147.27800000,0.43742857,147.64900000,147.76500000,147.81400000,147.81400000,2025
2025-10-03 08:00:00,struct5,0.10000000,200,SL,-1.00000000,4,9.86644325,0.36395446,147.27800000,0.43742857,147.64900000,147.76500000,147.81400000,147.81400000,2025
2025-10-03 08:00:00,struct5,0.25000000,100,SL,-1.00000000,4,8.86330935,0.32695075,147.27800000,0.43742857,147.64900000,147.76500000,147.81400000,147.81400000,2025
2025-10-03 08:00:00,struct5,0.25000000,150,SL,-1.00000000,4,8.86330935,0.32695075,147.27800000,0.43742857,147.64900000,147.76500000,147.81400000,147.81400000,2025
2025-10-03 08:00:00,struct5,0.25000000,200,SL,-1.00000000,4,8.86330935,0.32695075,147.27800000,0.43742857,147.64900000,147.76500000,147.81400000,147.81400000,2025
2025-10-03 08:00:00,struct10,0.00000000,100,SL,-1.00000000,4,10.67164179,0.39365672,147.27800000,0.43742857,147.64900000,147.76500000,147.81400000,147.81400000,2025
2025-10-03 08:00:00,struct10,0.00000000,150,SL,-1.00000000,4,10.67164179,0.39365672,147.27800000,0.43742857,147.64900000,147.76500000,147.81400000,147.81400000,2025
2025-10-03 08:00:00,struct10,0.00000000,200,SL,-1.00000000,4,10.67164179,0.39365672,147.27800000,0.43742857,147.64900000,147.76500000,147.81400000,147.81400000,2025
2025-10-03 08:00:00,struct10,0.10000000,100,SL,-1.00000000,4,9.86644325,0.36395446,147.27800000,0.43742857,147.64900000,147.76500000,147.81400000,147.81400000,2025
2025-10-03 08:00:00,struct10,0.10000000,150,SL,-1.00000000,4,9.86644325,0.36395446,147.27800000,0.43742857,147.64900000,147.76500000,147.81400000,147.81400000,2025
2025-10-03 08:00:00,struct10,0.10000000,200,SL,-1.00000000,4,9.86644325,0.36395446,147.27800000,0.43742857,147.64900000,147.76500000,147.81400000,147.81400000,2025
2025-10-03 08:00:00,struct10,0.25000000,100,SL,-1.00000000,4,8.86330935,0.32695075,147.27800000,0.43742857,147.64900000,147.76500000,147.81400000,147.81400000,2025
2025-10-03 08:00:00,struct10,0.25000000,150,SL,-1.00000000,4,8.86330935,0.32695075,147.27800000,0.43742857,147.64900000,147.76500000,147.81400000,147.81400000,2025
2025-10-03 08:00:00,struct10,0.25000000,200,SL,-1.00000000,4,8.86330935,0.32695075,147.27800000,0.43742857,147.64900000,147.76500000,147.81400000,147.81400000,2025
