date,entry_mode,sl_mode,exit_mode,outcome,r,bars,year
2021-04-06 00:00:00,retest,atr05,chandelier15,SL,-1.0,2,2021
2021-04-06 00:00:00,retest,atr05,chandelier20,SL,-1.0,2,2021
2021-04-06 00:00:00,retest,atr05,chandelier25,SL,-1.0,2,2021
2021-04-06 00:00:00,retest,atr05,swing5trail,SL,-1.0,2,2021
2021-04-06 00:00:00,retest,atr05,ema20,SL,-1.0,2,2021
2021-04-06 00:00:00,retest,atr05,range_reentry,SL,-1.0,2,2021
2021-04-06 00:00:00,retest,atr075,chandelier15,SL,-1.0,2,2021
2021-04-06 00:00:00,retest,atr075,chandelier20,SL,-1.0,2,2021
2021-04-06 00:00:00,retest,atr075,chandelier25,SL,-1.0,2,2021
2021-04-06 00:00:00,retest,atr075,swing5trail,SL,-1.0,2,2021
2021-04-06 00:00:00,retest,atr075,ema20,SL,-1.0,2,2021
2021-04-06 00:00:00,retest,atr075,range_reentry,SL,-1.0,2,2021
2021-04-06 00:00:00,retest,atr10,chandelier15,CH15,-5.245543834121622,17,2021
2021-04-06 00:00:00,retest,atr10,chandelier20,CH20,-4.384867224445372,19,2021
2021-04-06 00:00:00,retest,atr10,chandelier25,CH25,-3.289923608585018,20,2021
2021-04-06 00:00:00,retest,atr10,swing5trail,SW5,-3.289923608585018,20,2021
2021-04-06 00:00:00,retest,atr10,ema20,EMA20,-3.289923608585018,20,2021
2021-04-06 00:00:00,retest,atr10,range_reentry,TIME,-3.289923608585018,20,2021
2021-04-06 00:00:00,retest,retest,chandelier15,SL,-1.0,2,2021
2021-04-06 00:00:00,retest,retest,chandelier20,SL,-1.0,2,2021
2021-04-06 00:00:00,retest,retest,chandelier25,SL,-1.0,2,2021
2021-04-06 00:00:00,retest,retest,swing5trail,SL,-1.0,2,2021
2021-04-06 00:00:00,retest,retest,ema20,SL,-1.0,2,2021
2021-04-06 00:00:00,retest,retest,range_reentry,SL,-1.0,2,2021
2021-04-06 00:00:00,retest,struct5,chandelier15,CH15,-3.1595092024539175,17,2021
2021-04-06 00:00:00,retest,struct5,chandelier20,CH20,-2.641104294478479,19,2021
2021-04-06 00:00:00,retest,struct5,chandelier25,CH25,-1.981595092024496,20,2021
2021-04-06 00:00:00,retest,struct5,swing5trail,SW5,-1.981595092024496,20,2021
2021-04-06 00:00:00,retest,struct5,ema20,EMA20,-1.981595092024496,20,2021
2021-04-06 00:00:00,retest,struct5,range_reentry,TIME,-1.981595092024496,20,2021
2021-04-06 00:00:00,retest,struct10,chandelier15,CH15,-2.64102564102564,17,2021
2021-04-06 00:00:00,retest,struct10,chandelier20,CH20,-2.2076923076923154,19,2021
2021-04-06 00:00:00,retest,struct10,chandelier25,CH25,-1.656410256410256,20,2021
2021-04-06 00:00:00,retest,struct10,swing5trail,SW5,-1.656410256410256,20,2021
2021-04-06 00:00:00,retest,struct10,ema20,EMA20,-1.656410256410256,20,2021
2021-04-06 00:00:00,retest,struct10,range_reentry,TIME,-1.656410256410256,20,2021
2021-04-06 16:00:00,timed,atr05,chandelier15,SL,-1.0,4,2021
2021-04-06 16:00:00,timed,atr05,chandelier20,SL,-1.0,4,2021
2021-04-06 16:00:00,timed,atr05,chandelier25,SL,-1.0,4,2021
2021-04-06 16:00:00,timed,atr05,swing5trail,SL,-1.0,4,2021
2021-04-06 16:00:00,timed,atr05,ema20,SL,-1.0,4,2021
2021-04-06 16:00:00,timed,atr05,range_reentry,SL,-1.0,4,2021
2021-04-06 16:00:00,timed,atr075,chandelier15,CH15,-2.7584229390681867,13,2021
2021-04-06 16:00:00,timed,atr075,chandelier20,CH20,-1.789247311828048,15,2021
2021-04-06 16:00:00,timed,atr075,chandelier25,CH25,-0.5562724014337472,16,2021
2021-04-06 16:00:00,timed,atr075,swing5trail,SW5,-0.5562724014337472,16,2021
2021-04-06 16:00:00,timed,atr075,ema20,EMA20,-0.5562724014337472,16,2021
2021-04-06 16:00:00,timed,atr075,range_reentry,TIME,-0.5161290322580908,20,2021
2021-04-06 16:00:00,timed,atr10,chandelier15,CH15,-2.068817204301098,13,2021
2021-04-06 16:00:00,timed,atr10,chandelier20,CH20,-1.3419354838710087,15,2021
2021-04-06 16:00:00,timed,atr10,chandelier25,CH25,-0.41720430107530193,16,2021
2021-04-06 16:00:00,timed,atr10,swing5trail,SW5,-0.41720430107530193,16,2021
2021-04-06 16:00:00,timed,atr10,ema20,EMA20,-0.41720430107530193,16,2021
2021-04-06 16:00:00,timed,atr10,range_reentry,TIME,-0.3870967741935602,20,2021
2021-04-06 16:00:00,timed,retest,chandelier15,CH15,-0.8097643097643326,13,2021
2021-04-06 16:00:00,timed,retest,chandelier20,CH20,-0.5252525252525504,15,2021
2021-04-06 16:00:00,timed,retest,chandelier25,CH25,-0.1632996632996791,16,2021
2021-04-06 16:00:00,timed,retest,swing5trail,SW5,-0.1632996632996791,16,2021
2021-04-06 16:00:00,timed,retest,ema20,EMA20,-0.1632996632996791,16,2021
2021-04-06 16:00:00,timed,retest,range_reentry,TIME,-0.15151515151515876,20,2021
2021-04-06 16:00:00,timed,struct5,chandelier15,CH15,-0.6500000000000163,13,2021
2021-04-06 16:00:00,timed,struct5,chandelier20,CH20,-0.4216216216216405,15,2021
2021-04-06 16:00:00,timed,struct5,chandelier25,CH25,-0.13108108108109334,16,2021
2021-04-06 16:00:00,timed,struct5,swing5trail,SW5,-0.13108108108109334,16,2021
2021-04-06 16:00:00,timed,struct5,ema20,EMA20,-0.13108108108109334,16,2021
2021-04-06 16:00:00,timed,struct5,range_reentry,TIME,-0.12162162162162707,20,2021
2021-04-06 16:00:00,timed,struct10,chandelier15,CH15,-0.5285714285714401,13,2021
2021-04-06 16:00:00,timed,struct10,chandelier20,CH20,-0.3428571428571571,15,2021
2021-04-06 16:00:00,timed,struct10,chandelier25,CH25,-0.10659340659341623,16,2021
2021-04-06 16:00:00,timed,struct10,swing5trail,SW5,-0.10659340659341623,16,2021
2021-04-06 16:00:00,timed,struct10,ema20,EMA20,-0.10659340659341623,16,2021
2021-04-06 16:00:00,timed,struct10,range_reentry,TIME,-0.09890109890110302,20,2021
2021-04-14 04:00:00,retest,atr05,chandelier15,CH15,-0.8582068175307637,12,2021
2021-04-14 04:00:00,retest,atr05,chandelier20,TIME,-7.0581495273558215,20,2021
2021-04-14 04:00:00,retest,atr05,chandelier25,TIME,-7.0581495273558215,20,2021
2021-04-14 04:00:00,retest,atr05,swing5trail,TIME,-7.0581495273558215,20,2021
2021-04-14 04:00:00,retest,atr05,ema20,TIME,-7.0581495273558215,20,2021
2021-04-14 04:00:00,retest,atr05,range_reentry,TIME,-7.0581495273558215,20,2021
2021-04-14 04:00:00,retest,atr075,chandelier15,CH15,-0.5721378783538859,12,2021
2021-04-14 04:00:00,retest,atr075,chandelier20,TIME,-4.705433018237572,20,2021
2021-04-14 04:00:00,retest,atr075,chandelier25,TIME,-4.705433018237572,20,2021
2021-04-14 04:00:00,retest,atr075,swing5trail,TIME,-4.705433018237572,20,2021
2021-04-14 04:00:00,retest,atr075,ema20,TIME,-4.705433018237572,20,2021
2021-04-14 04:00:00,retest,atr075,range_reentry,TIME,-4.705433018237572,20,2021
2021-04-14 04:00:00,retest,atr10,chandelier15,CH15,-0.42910340876540626,12,2021
2021-04-14 04:00:00,retest,atr10,chandelier20,TIME,-3.529074763678112,20,2021
2021-04-14 04:00:00,retest,atr10,chandelier25,TIME,-3.529074763678112,20,2021
2021-04-14 04:00:00,retest,atr10,swing5trail,TIME,-3.529074763678112,20,2021
2021-04-14 04:00:00,retest,atr10,ema20,TIME,-3.529074763678112,20,2021
2021-04-14 04:00:00,retest,atr10,range_reentry,TIME,-3.529074763678112,20,2021
2021-04-14 04:00:00,retest,retest,chandelier15,SL,-1.0,2,2021
2021-04-14 04:00:00,retest,retest,chandelier20,SL,-1.0,2,2021
2021-04-14 04:00:00,retest,retest,chandelier25,SL,-1.0,2,2021
2021-04-14 04:00:00,retest,retest,swing5trail,SL,-1.0,2,2021
2021-04-14 04:00:00,retest,retest,ema20,SL,-1.0,2,2021
2021-04-14 04:00:00,retest,retest,range_reentry,SL,-1.0,2,2021
2021-04-14 04:00:00,retest,struct5,chandelier15,CH15,-0.17863105175291927,12,2021
2021-04-14 04:00:00,retest,struct5,chandelier20,TIME,-1.4691151919866277,20,2021
2021-04-14 04:00:00,retest,struct5,chandelier25,TIME,-1.4691151919866277,20,2021
2021-04-14 04:00:00,retest,struct5,swing5trail,TIME,-1.4691151919866277,20,2021
2021-04-14 04:00:00,retest,struct5,ema20,TIME,-1.4691151919866277,20,2021
2021-04-14 04:00:00,retest,struct5,range_reentry,TIME,-1.4691151919866277,20,2021
2021-04-14 04:00:00,retest,struct10,chandelier15,CH15,-0.14228723404255048,12,2021
2021-04-14 04:00:00,retest,struct10,chandelier20,TIME,-1.170212765957426,20,2021
2021-04-14 04:00:00,retest,struct10,chandelier25,TIME,-1.170212765957426,20,2021
2021-04-14 04:00:00,retest,struct10,swing5trail,TIME,-1.170212765957426,20,2021
2021-04-14 04:00:00,retest,struct10,ema20,TIME,-1.170212765957426,20,2021
2021-04-14 04:00:00,retest,struct10,range_reentry,TIME,-1.170212765957426,20,2021
2021-04-14 12:00:00,timed,atr05,chandelier15,CH15,-0.3579072532699844,10,2021
2021-04-14 12:00:00,timed,atr05,chandelier20,TIME,-6.292508917955075,20,2021
2021-04-14 12:00:00,timed,atr05,chandelier25,TIME,-6.292508917955075,20,2021
2021-04-14 12:00:00,timed,atr05,swing5trail,TIME,-6.292508917955075,20,2021
2021-04-14 12:00:00,timed,atr05,ema20,TIME,-6.292508917955075,20,2021
2021-04-14 12:00:00,timed,atr05,range_reentry,TIME,-6.292508917955075,20,2021
2021-04-14 12:00:00,timed,atr075,chandelier15,CH15,-0.23860483551331355,10,2021
2021-04-14 12:00:00,timed,atr075,chandelier20,TIME,-4.195005945303218,20,2021
2021-04-14 12:00:00,timed,atr075,chandelier25,TIME,-4.195005945303218,20,2021
2021-04-14 12:00:00,timed,atr075,swing5trail,TIME,-4.195005945303218,20,2021
2021-04-14 12:00:00,timed,atr075,ema20,TIME,-4.195005945303218,20,2021
2021-04-14 12:00:00,timed,atr075,range_reentry,TIME,-4.195005945303218,20,2021
2021-04-14 12:00:00,timed,atr10,chandelier15,CH15,-0.1789536266349922,10,2021
2021-04-14 12:00:00,timed,atr10,chandelier20,TIME,-3.1462544589775376,20,2021
2021-04-14 12:00:00,timed,atr10,chandelier25,TIME,-3.1462544589775376,20,2021
2021-04-14 12:00:00,timed,atr10,swing5trail,TIME,-3.1462544589775376,20,2021
2021-04-14 12:00:00,timed,atr10,ema20,TIME,-3.1462544589775376,20,2021
2021-04-14 12:00:00,timed,atr10,range_reentry,TIME,-3.1462544589775376,20,2021
2021-04-14 12:00:00,timed,retest,chandelier15,CH15,-0.3161764705882921,10,2021
2021-04-14 12:00:00,timed,retest,chandelier20,TIME,-5.558823529411943,20,2021
2021-04-14 12:00:00,timed,retest,chandelier25,TIME,-5.558823529411943,20,2021
2021-04-14 12:00:00,timed,retest,swing5trail,TIME,-5.558823529411943,20,2021
2021-04-14 12:00:00,timed,retest,ema20,TIME,-5.558823529411943,20,2021
2021-04-14 12:00:00,timed,retest,range_reentry,TIME,-5.558823529411943,20,2021
2021-04-14 12:00:00,timed,struct5,chandelier15,CH15,-0.1442953020134433,10,2021
2021-04-14 12:00:00,timed,struct5,chandelier20,TIME,-2.536912751677838,20,2021
2021-04-14 12:00:00,timed,struct5,chandelier25,TIME,-2.536912751677838,20,2021
2021-04-14 12:00:00,timed,struct5,swing5trail,TIME,-2.536912751677838,20,2021
2021-04-14 12:00:00,timed,struct5,ema20,TIME,-2.536912751677838,20,2021
2021-04-14 12:00:00,timed,struct5,range_reentry,TIME,-2.536912751677838,20,2021
2021-04-14 12:00:00,timed,struct10,chandelier15,CH15,-0.05269607843138019,10,2021
2021-04-14 12:00:00,timed,struct10,chandelier20,TIME,-0.9264705882352916,20,2021
2021-04-14 12:00:00,timed,struct10,chandelier25,TIME,-0.9264705882352916,20,2021
2021-04-14 12:00:00,timed,struct10,swing5trail,TIME,-0.9264705882352916,20,2021
2021-04-14 12:00:00,timed,struct10,ema20,TIME,-0.9264705882352916,20,2021
2021-04-14 12:00:00,timed,struct10,range_reentry,TIME,-0.9264705882352916,20,2021
2021-05-10 04:00:00,retest,atr05,chandelier15,CH15,-1.5754281054635122,10,2021
2021-05-10 04:00:00,retest,atr05,chandelier20,CH20,-0.570807284588229,11,2021
2021-05-10 04:00:00,retest,atr05,chandelier25,SL,-1.0,14,2021
2021-05-10 04:00:00,retest,atr05,swing5trail,SL,-1.0,14,2021
2021-05-10 04:00:00,retest,atr05,ema20,EMA20,0.09893992932866241,6,2021
2021-05-10 04:00:00,retest,atr05,range_reentry,REENTRY,0.09893992932866241,6,2021
2021-05-10 04:00:00,retest,atr075,chandelier15,CH15,-1.0502854036423415,10,2021
2021-05-10 04:00:00,retest,atr075,chandelier20,CH20,-0.38053818972548603,11,2021
2021-05-10 04:00:00,retest,atr075,chandelier25,SL,-1.0,14,2021
2021-05-10 04:00:00,retest,atr075,swing5trail,SL,-1.0,14,2021
2021-05-10 04:00:00,retest,atr075,ema20,EMA20,0.06595995288577494,6,2021
2021-05-10 04:00:00,retest,atr075,range_reentry,REENTRY,0.06595995288577494,6,2021
2021-05-10 04:00:00,retest,atr10,chandelier15,CH15,-0.7877140527317561,10,2021
2021-05-10 04:00:00,retest,atr10,chandelier20,CH20,-0.2854036422941145,11,2021
2021-05-10 04:00:00,retest,atr10,chandelier25,SL,-1.0,14,2021
2021-05-10 04:00:00,retest,atr10,swing5trail,SL,-1.0,14,2021
2021-05-10 04:00:00,retest,atr10,ema20,EMA20,0.049469964664331206,6,2021
2021-05-10 04:00:00,retest,atr10,range_reentry,REENTRY,0.049469964664331206,6,2021
2021-05-10 04:00:00,retest,retest,chandelier15,CH15,-1.55639097744372,10,2021
2021-05-10 04:00:00,retest,retest,chandelier20,CH20,-0.5639097744361304,11,2021
2021-05-10 04:00:00,retest,retest,chandelier25,SL,-1.0,14,2021
2021-05-10 04:00:00,retest,retest,swing5trail,SL,-1.0,14,2021
2021-05-10 04:00:00,retest,retest,ema20,EMA20,0.09774436090229822,6,2021
2021-05-10 04:00:00,retest,retest,range_reentry,REENTRY,0.09774436090229822,6,2021
2021-05-10 04:00:00,retest,struct5,chandelier15,CH15,-0.5686813186813335,10,2021
2021-05-10 04:00:00,retest,struct5,chandelier20,CH20,-0.20604395604396142,11,2021
2021-05-10 04:00:00,retest,struct5,chandelier25,SL,-1.0,14,2021
2021-05-10 04:00:00,retest,struct5,swing5trail,SL,-1.0,14,2021
2021-05-10 04:00:00,retest,struct5,ema20,EMA20,0.03571428571429966,6,2021
2021-05-10 04:00:00,retest,struct5,range_reentry,REENTRY,0.03571428571429966,6,2021
2021-05-10 04:00:00,retest,struct10,chandelier15,CH15,-0.5686813186813335,10,2021
2021-05-10 04:00:00,retest,struct10,chandelier20,CH20,-0.20604395604396142,11,2021
2021-05-10 04:00:00,retest,struct10,chandelier25,SL,-1.0,14,2021
2021-05-10 04:00:00,retest,struct10,swing5trail,SL,-1.0,14,2021
2021-05-10 04:00:00,retest,struct10,ema20,EMA20,0.03571428571429966,6,2021
2021-05-10 04:00:00,retest,struct10,range_reentry,REENTRY,0.03571428571429966,6,2021
2021-05-10 12:00:00,timed,atr05,chandelier15,SL,-1.0,1,2021
2021-05-10 12:00:00,timed,atr05,chandelier20,SL,-1.0,1,2021
2021-05-10 12:00:00,timed,atr05,chandelier25,SL,-1.0,1,2021
2021-05-10 12:00:00,timed,atr05,swing5trail,SL,-1.0,1,2021
2021-05-10 12:00:00,timed,atr05,ema20,SL,-1.0,1,2021
2021-05-10 12:00:00,timed,atr05,range_reentry,SL,-1.0,1,2021
2021-05-10 12:00:00,timed,atr075,chandelier15,SL,-1.0,3,2021
2021-05-10 12:00:00,timed,atr075,chandelier20,SL,-1.0,3,2021
2021-05-10 12:00:00,timed,atr075,chandelier25,SL,-1.0,3,2021
2021-05-10 12:00:00,timed,atr075,swing5trail,SL,-1.0,3,2021
2021-05-10 12:00:00,timed,atr075,ema20,SL,-1.0,3,2021
2021-05-10 12:00:00,timed,atr075,range_reentry,SL,-1.0,3,2021
2021-05-10 12:00:00,timed,atr10,chandelier15,SL,-1.0,3,2021
2021-05-10 12:00:00,timed,atr10,chandelier20,SL,-1.0,3,2021
2021-05-10 12:00:00,timed,atr10,chandelier25,SL,-1.0,3,2021
2021-05-10 12:00:00,timed,atr10,swing5trail,SL,-1.0,3,2021
2021-05-10 12:00:00,timed,atr10,ema20,SL,-1.0,3,2021
2021-05-10 12:00:00,timed,atr10,range_reentry,SL,-1.0,3,2021
2021-05-10 12:00:00,timed,retest,chandelier15,CH15,0.031339031339019115,8,2021
2021-05-10 12:00:00,timed,retest,chandelier20,CH20,0.4074074074074104,9,2021
2021-05-10 12:00:00,timed,retest,chandelier25,SL,-1.0,12,2021
2021-05-10 12:00:00,timed,retest,swing5trail,SL,-1.0,12,2021
2021-05-10 12:00:00,timed,retest,ema20,EMA20,0.6581196581196848,4,2021
2021-05-10 12:00:00,timed,retest,range_reentry,REENTRY,0.6581196581196848,4,2021
2021-05-10 12:00:00,timed,struct5,chandelier15,CH15,0.031339031339019115,8,2021
2021-05-10 12:00:00,timed,struct5,chandelier20,CH20,0.4074074074074104,9,2021
2021-05-10 12:00:00,timed,struct5,chandelier25,SL,-1.0,12,2021
2021-05-10 12:00:00,timed,struct5,swing5trail,SL,-1.0,12,2021
2021-05-10 12:00:00,timed,struct5,ema20,EMA20,0.6581196581196848,4,2021
2021-05-10 12:00:00,timed,struct5,range_reentry,REENTRY,0.6581196581196848,4,2021
2021-05-10 12:00:00,timed,struct10,chandelier15,CH15,0.018900343642604005,8,2021
2021-05-10 12:00:00,timed,struct10,chandelier20,CH20,0.24570446735394974,9,2021
2021-05-10 12:00:00,timed,struct10,chandelier25,SL,-1.0,12,2021
2021-05-10 12:00:00,timed,struct10,swing5trail,SL,-1.0,12,2021
2021-05-10 12:00:00,timed,struct10,ema20,EMA20,0.39690721649485505,4,2021
2021-05-10 12:00:00,timed,struct10,range_reentry,REENTRY,0.39690721649485505,4,2021
2021-05-21 08:00:00,retest,atr05,chandelier15,SL,-1.0,1,2021
2021-05-21 08:00:00,retest,atr05,chandelier20,SL,-1.0,1,2021
2021-05-21 08:00:00,retest,atr05,chandelier25,SL,-1.0,1,2021
2021-05-21 08:00:00,retest,atr05,swing5trail,SL,-1.0,1,2021
2021-05-21 08:00:00,retest,atr05,ema20,SL,-1.0,1,2021
2021-05-21 08:00:00,retest,atr05,range_reentry,SL,-1.0,1,2021
2021-05-21 08:00:00,retest,atr075,chandelier15,CH15,0.5590135055784019,3,2021
2021-05-21 08:00:00,retest,atr075,chandelier20,SL,-1.0,14,2021
2021-05-21 08:00:00,retest,atr075,chandelier25,SL,-1.0,14,2021
2021-05-21 08:00:00,retest,atr075,swing5trail,SL,-1.0,14,2021
2021-05-21 08:00:00,retest,atr075,ema20,EMA20,0.5480524564494397,7,2021
2021-05-21 08:00:00,retest,atr075,range_reentry,REENTRY,0.6028577020943291,1,2021
2021-05-21 08:00:00,retest,atr10,chandelier15,CH15,0.41926012918380146,3,2021
2021-05-21 08:00:00,retest,atr10,chandelier20,CH20,0.5343511450381394,14,2021
2021-05-21 08:00:00,retest,atr10,chandelier25,SL,-1.0,20,2021
2021-05-21 08:00:00,retest,atr10,swing5trail,SL,-1.0,20,2021
2021-05-21 08:00:00,retest,atr10,ema20,EMA20,0.4110393423370797,7,2021
2021-05-21 08:00:00,retest,atr10,range_reentry,REENTRY,0.4521432765707468,1,2021
2021-05-21 08:00:00,retest,retest,chandelier15,SL,-1.0,1,2021
2021-05-21 08:00:00,retest,retest,chandelier20,SL,-1.0,1,2021
2021-05-21 08:00:00,retest,retest,chandelier25,SL,-1.0,1,2021
2021-05-21 08:00:00,retest,retest,swing5trail,SL,-1.0,1,2021
2021-05-21 08:00:00,retest,retest,ema20,SL,-1.0,1,2021
2021-05-21 08:00:00,retest,retest,range_reentry,SL,-1.0,1,2021
2021-05-21 08:00:00,retest,struct5,chandelier15,CH15,0.5151515151515151,3,2021
2021-05-21 08:00:00,retest,struct5,chandelier20,SL,-1.0,14,2021
2021-05-21 08:00:00,retest,struct5,chandelier25,SL,-1.0,14,2021
2021-05-21 08:00:00,retest,struct5,swing5trail,SL,-1.0,14,2021
2021-05-21 08:00:00,retest,struct5,ema20,EMA20,0.505050505050529,7,2021
2021-05-21 08:00:00,retest,struct5,range_reentry,REENTRY,0.5555555555555316,1,2021
2021-05-21 08:00:00,retest,struct10,chandelier15,CH15,0.21205821205821623,3,2021
2021-05-21 08:00:00,retest,struct10,chandelier20,CH20,0.2702702702702559,14,2021
2021-05-21 08:00:00,retest,struct10,chandelier25,CH25,0.5758835758835675,20,2021
2021-05-21 08:00:00,retest,struct10,swing5trail,SW5,0.5758835758835675,20,2021
2021-05-21 08:00:00,retest,struct10,ema20,EMA20,0.20790020790022185,7,2021
2021-05-21 08:00:00,retest,struct10,range_reentry,REENTRY,0.22869022869022335,1,2021
2021-07-28 04:00:00,retest,atr05,chandelier15,SL,-1.0,1,2021
2021-07-28 04:00:00,retest,atr05,chandelier20,SL,-1.0,1,2021
2021-07-28 04:00:00,retest,atr05,chandelier25,SL,-1.0,1,2021
2021-07-28 04:00:00,retest,atr05,swing5trail,SL,-1.0,1,2021
2021-07-28 04:00:00,retest,atr05,ema20,SL,-1.0,1,2021
2021-07-28 04:00:00,retest,atr05,range_reentry,SL,-1.0,1,2021
2021-07-28 04:00:00,retest,atr075,chandelier15,CH15,0.6871552403466931,1,2021
2021-07-28 04:00:00,retest,atr075,chandelier20,SL,-1.0,2,2021
2021-07-28 04:00:00,retest,atr075,chandelier25,SL,-1.0,2,2021
2021-07-28 04:00:00,retest,atr075,swing5trail,SL,-1.0,2,2021
2021-07-28 04:00:00,retest,atr075,ema20,EMA20,0.6871552403466931,1,2021
2021-07-28 04:00:00,retest,atr075,range_reentry,REENTRY,0.6871552403466931,1,2021
2021-07-28 04:00:00,retest,atr10,chandelier15,CH15,0.5153664302600198,1,2021
2021-07-28 04:00:00,retest,atr10,chandelier20,SL,-1.0,2,2021
2021-07-28 04:00:00,retest,atr10,chandelier25,SL,-1.0,2,2021
2021-07-28 04:00:00,retest,atr10,swing5trail,SL,-1.0,2,2021
2021-07-28 04:00:00,retest,atr10,ema20,EMA20,0.5153664302600198,1,2021
2021-07-28 04:00:00,retest,atr10,range_reentry,REENTRY,0.5153664302600198,1,2021
2021-07-28 04:00:00,retest,retest,chandelier15,INVALID,,0,2021
2021-07-28 04:00:00,retest,retest,chandelier20,INVALID,,0,2021
2021-07-28 04:00:00,retest,retest,chandelier25,INVALID,,0,2021
2021-07-28 04:00:00,retest,retest,swing5trail,INVALID,,0,2021
2021-07-28 04:00:00,retest,retest,ema20,INVALID,,0,2021
2021-07-28 04:00:00,retest,retest,range_reentry,INVALID,,0,2021
2021-07-28 04:00:00,retest,struct5,chandelier15,CH15,0.5343137254901497,1,2021
2021-07-28 04:00:00,retest,struct5,chandelier20,SL,-1.0,2,2021
2021-07-28 04:00:00,retest,struct5,chandelier25,SL,-1.0,2,2021
2021-07-28 04:00:00,retest,struct5,swing5trail,SL,-1.0,2,2021
2021-07-28 04:00:00,retest,struct5,ema20,EMA20,0.5343137254901497,1,2021
2021-07-28 04:00:00,retest,struct5,range_reentry,REENTRY,0.5343137254901497,1,2021
2021-07-28 04:00:00,retest,struct10,chandelier15,CH15,0.23851203501092513,1,2021
2021-07-28 04:00:00,retest,struct10,chandelier20,TIME,-1.0065645514222885,20,2021
2021-07-28 04:00:00,retest,struct10,chandelier25,TIME,-1.0065645514222885,20,2021
2021-07-28 04:00:00,retest,struct10,swing5trail,SW5,-0.5404814004376273,14,2021
2021-07-28 04:00:00,retest,struct10,ema20,EMA20,0.23851203501092513,1,2021
2021-07-28 04:00:00,retest,struct10,range_reentry,REENTRY,0.23851203501092513,1,2021
2021-07-28 16:00:00,timed,atr05,chandelier15,CH15,-1.2936995153473054,11,2021
2021-07-28 16:00:00,timed,atr05,chandelier20,TIME,-5.3647819063003706,20,2021
2021-07-28 16:00:00,timed,atr05,chandelier25,TIME,-5.3647819063003706,20,2021
2021-07-28 16:00:00,timed,atr05,swing5trail,SW5,-1.2936995153473054,11,2021
2021-07-28 16:00:00,timed,atr05,ema20,TIME,-5.3647819063003706,20,2021
2021-07-28 16:00:00,timed,atr05,range_reentry,TIME,-5.3647819063003706,20,2021
2021-07-28 16:00:00,timed,atr075,chandelier15,CH15,-0.8624663435649073,11,2021
2021-07-28 16:00:00,timed,atr075,chandelier20,TIME,-3.576521270867067,20,2021
2021-07-28 16:00:00,timed,atr075,chandelier25,TIME,-3.576521270867067,20,2021
2021-07-28 16:00:00,timed,atr075,swing5trail,SW5,-0.8624663435649073,11,2021
2021-07-28 16:00:00,timed,atr075,ema20,TIME,-3.576521270867067,20,2021
2021-07-28 16:00:00,timed,atr075,range_reentry,TIME,-3.576521270867067,20,2021
2021-07-28 16:00:00,timed,atr10,chandelier15,CH15,-0.6468497576736527,11,2021
2021-07-28 16:00:00,timed,atr10,chandelier20,TIME,-2.6823909531501853,20,2021
2021-07-28 16:00:00,timed,atr10,chandelier25,TIME,-2.6823909531501853,20,2021
2021-07-28 16:00:00,timed,atr10,swing5trail,SW5,-0.6468497576736527,11,2021
2021-07-28 16:00:00,timed,atr10,ema20,TIME,-2.6823909531501853,20,2021
2021-07-28 16:00:00,timed,atr10,range_reentry,TIME,-2.6823909531501853,20,2021
2021-07-28 16:00:00,timed,retest,chandelier15,CH15,-1.375000000000017,11,2021
2021-07-28 16:00:00,timed,retest,chandelier20,TIME,-5.701923076923155,20,2021
2021-07-28 16:00:00,timed,retest,chandelier25,TIME,-5.701923076923155,20,2021
2021-07-28 16:00:00,timed,retest,swing5trail,SW5,-1.375000000000017,11,2021
2021-07-28 16:00:00,timed,retest,ema20,TIME,-5.701923076923155,20,2021
2021-07-28 16:00:00,timed,retest,range_reentry,TIME,-5.701923076923155,20,2021
2021-07-28 16:00:00,timed,struct5,chandelier15,CH15,-0.39502762430939986,11,2021
2021-07-28 16:00:00,timed,struct5,chandelier20,TIME,-1.6381215469613595,20,2021
2021-07-28 16:00:00,timed,struct5,chandelier25,TIME,-1.6381215469613595,20,2021
2021-07-28 16:00:00,timed,struct5,swing5trail,SW5,-0.39502762430939986,11,2021
2021-07-28 16:00:00,timed,struct5,ema20,TIME,-1.6381215469613595,20,2021
2021-07-28 16:00:00,timed,struct5,range_reentry,TIME,-1.6381215469613595,20,2021
2021-07-28 16:00:00,timed,struct10,chandelier15,CH15,-0.306866952789705,11,2021
2021-07-28 16:00:00,timed,struct10,chandelier20,TIME,-1.2725321888412258,20,2021
2021-07-28 16:00:00,timed,struct10,chandelier25,TIME,-1.2725321888412258,20,2021
2021-07-28 16:00:00,timed,struct10,swing5trail,SW5,-0.306866952789705,11,2021
2021-07-28 16:00:00,timed,struct10,ema20,TIME,-1.2725321888412258,20,2021
2021-07-28 16:00:00,timed,struct10,range_reentry,TIME,-1.2725321888412258,20,2021
2021-08-17 20:00:00,retest,atr05,chandelier15,SL,-1.0,1,2021
2021-08-17 20:00:00,retest,atr05,chandelier20,SL,-1.0,1,2021
2021-08-17 20:00:00,retest,atr05,chandelier25,SL,-1.0,1,2021
2021-08-17 20:00:00,retest,atr05,swing5trail,SL,-1.0,1,2021
2021-08-17 20:00:00,retest,atr05,ema20,SL,-1.0,1,2021
2021-08-17 20:00:00,retest,atr05,range_reentry,SL,-1.0,1,2021
2021-08-17 20:00:00,retest,atr075,chandelier15,SL,-1.0,2,2021
2021-08-17 20:00:00,retest,atr075,chandelier20,SL,-1.0,2,2021
2021-08-17 20:00:00,retest,atr075,chandelier25,SL,-1.0,2,2021
2021-08-17 20:00:00,retest,atr075,swing5trail,SL,-1.0,2,2021
2021-08-17 20:00:00,retest,atr075,ema20,EMA20,0.7094710947109971,1,2021
2021-08-17 20:00:00,retest,atr075,range_reentry,REENTRY,0.7094710947109971,1,2021
2021-08-17 20:00:00,retest,atr10,chandelier15,SL,-1.0,3,2021
2021-08-17 20:00:00,retest,atr10,chandelier20,SL,-1.0,3,2021
2021-08-17 20:00:00,retest,atr10,chandelier25,SL,-1.0,3,2021
2021-08-17 20:00:00,retest,atr10,swing5trail,SL,-1.0,3,2021
2021-08-17 20:00:00,retest,atr10,ema20,EMA20,0.5321033210332479,1,2021
2021-08-17 20:00:00,retest,atr10,range_reentry,REENTRY,0.5321033210332479,1,2021
2021-08-17 20:00:00,retest,retest,chandelier15,SL,-1.0,1,2021
2021-08-17 20:00:00,retest,retest,chandelier20,SL,-1.0,1,2021
2021-08-17 20:00:00,retest,retest,chandelier25,SL,-1.0,1,2021
2021-08-17 20:00:00,retest,retest,swing5trail,SL,-1.0,1,2021
2021-08-17 20:00:00,retest,retest,ema20,SL,-1.0,1,2021
2021-08-17 20:00:00,retest,retest,range_reentry,SL,-1.0,1,2021
2021-08-17 20:00:00,retest,struct5,chandelier15,SL,-1.0,2,2021
2021-08-17 20:00:00,retest,struct5,chandelier20,SL,-1.0,2,2021
2021-08-17 20:00:00,retest,struct5,chandelier25,SL,-1.0,2,2021
2021-08-17 20:00:00,retest,struct5,swing5trail,SL,-1.0,2,2021
2021-08-17 20:00:00,retest,struct5,ema20,EMA20,0.8879310344828357,1,2021
2021-08-17 20:00:00,retest,struct5,range_reentry,REENTRY,0.8879310344828357,1,2021
2021-08-17 20:00:00,retest,struct10,chandelier15,SL,-1.0,2,2021
2021-08-17 20:00:00,retest,struct10,chandelier20,SL,-1.0,2,2021
2021-08-17 20:00:00,retest,struct10,chandelier25,SL,-1.0,2,2021
2021-08-17 20:00:00,retest,struct10,swing5trail,SL,-1.0,2,2021
2021-08-17 20:00:00,retest,struct10,ema20,EMA20,0.8879310344828357,1,2021
2021-08-17 20:00:00,retest,struct10,range_reentry,REENTRY,0.8879310344828357,1,2021
2022-01-10 20:00:00,retest,atr05,chandelier15,SL,-1.0,1,2022
2022-01-10 20:00:00,retest,atr05,chandelier20,SL,-1.0,1,2022
2022-01-10 20:00:00,retest,atr05,chandelier25,SL,-1.0,1,2022
2022-01-10 20:00:00,retest,atr05,swing5trail,SL,-1.0,1,2022
2022-01-10 20:00:00,retest,atr05,ema20,SL,-1.0,1,2022
2022-01-10 20:00:00,retest,atr05,range_reentry,SL,-1.0,1,2022
2022-01-10 20:00:00,retest,atr075,chandelier15,SL,-1.0,3,2022
2022-01-10 20:00:00,retest,atr075,chandelier20,SL,-1.0,3,2022
2022-01-10 20:00:00,retest,atr075,chandelier25,SL,-1.0,3,2022
2022-01-10 20:00:00,retest,atr075,swing5trail,SL,-1.0,3,2022
2022-01-10 20:00:00,retest,atr075,ema20,SL,-1.0,3,2022
2022-01-10 20:00:00,retest,atr075,range_reentry,REENTRY,0.5907968574635042,1,2022
2022-01-10 20:00:00,retest,atr10,chandelier15,SL,-1.0,4,2022
2022-01-10 20:00:00,retest,atr10,chandelier20,SL,-1.0,4,2022
2022-01-10 20:00:00,retest,atr10,chandelier25,SL,-1.0,4,2022
2022-01-10 20:00:00,retest,atr10,swing5trail,SL,-1.0,4,2022
2022-01-10 20:00:00,retest,atr10,ema20,SL,-1.0,4,2022
2022-01-10 20:00:00,retest,atr10,range_reentry,REENTRY,0.4430976430975984,1,2022
2022-01-10 20:00:00,retest,retest,chandelier15,SL,-1.0,1,2022
2022-01-10 20:00:00,retest,retest,chandelier20,SL,-1.0,1,2022
2022-01-10 20:00:00,retest,retest,chandelier25,SL,-1.0,1,2022
2022-01-10 20:00:00,retest,retest,swing5trail,SL,-1.0,1,2022
2022-01-10 20:00:00,retest,retest,ema20,SL,-1.0,1,2022
2022-01-10 20:00:00,retest,retest,range_reentry,SL,-1.0,1,2022
2022-01-10 20:00:00,retest,struct5,chandelier15,TIME,-2.5891608391608174,20,2022
2022-01-10 20:00:00,retest,struct5,chandelier20,TIME,-2.5891608391608174,20,2022
2022-01-10 20:00:00,retest,struct5,chandelier25,TIME,-2.5891608391608174,20,2022
2022-01-10 20:00:00,retest,struct5,swing5trail,TIME,-2.5891608391608174,20,2022
2022-01-10 20:00:00,retest,struct5,ema20,TIME,-2.5891608391608174,20,2022
2022-01-10 20:00:00,retest,struct5,range_reentry,REENTRY,0.16433566433565322,1,2022
2022-01-10 20:00:00,retest,struct10,chandelier15,TIME,-2.2645259938837965,20,2022
2022-01-10 20:00:00,retest,struct10,chandelier20,TIME,-2.2645259938837965,20,2022
2022-01-10 20:00:00,retest,struct10,chandelier25,TIME,-2.2645259938837965,20,2022
2022-01-10 20:00:00,retest,struct10,swing5trail,TIME,-2.2645259938837965,20,2022
2022-01-10 20:00:00,retest,struct10,ema20,TIME,-2.2645259938837965,20,2022
2022-01-10 20:00:00,retest,struct10,range_reentry,REENTRY,0.14373088685014468,1,2022
2022-01-21 08:00:00,retest,atr05,chandelier15,SL,-1.0,8,2022
2022-01-21 08:00:00,retest,atr05,chandelier20,SL,-1.0,8,2022
2022-01-21 08:00:00,retest,atr05,chandelier25,SL,-1.0,8,2022
2022-01-21 08:00:00,retest,atr05,swing5trail,SL,-1.0,8,2022
2022-01-21 08:00:00,retest,atr05,ema20,SL,-1.0,8,2022
2022-01-21 08:00:00,retest,atr05,range_reentry,REENTRY,0.12379713914181899,5,2022
2022-01-21 08:00:00,retest,atr075,chandelier15,CH15,0.4466406588643989,8,2022
2022-01-21 08:00:00,retest,atr075,chandelier20,SL,-1.0,10,2022
2022-01-21 08:00:00,retest,atr075,chandelier25,SL,-1.0,10,2022
2022-01-21 08:00:00,retest,atr075,swing5trail,SL,-1.0,10,2022
2022-01-21 08:00:00,retest,atr075,ema20,SL,-1.0,10,2022
2022-01-21 08:00:00,retest,atr075,range_reentry,REENTRY,0.08253142609454599,5,2022
2022-01-21 08:00:00,retest,atr10,chandelier15,CH15,0.33498049414829917,8,2022
2022-01-21 08:00:00,retest,atr10,chandelier20,CH20,0.6153446033810687,10,2022
2022-01-21 08:00:00,retest,atr10,chandelier25,SL,-1.0,13,2022
2022-01-21 08:00:00,retest,atr10,swing5trail,SW5,0.6153446033810687,10,2022
2022-01-21 08:00:00,retest,atr10,ema20,EMA20,0.6153446033810687,10,2022
2022-01-21 08:00:00,retest,atr10,range_reentry,REENTRY,0.061898569570909494,5,2022
2022-01-21 08:00:00,retest,retest,chandelier15,CH15,0.4893617021277223,8,2022
2022-01-21 08:00:00,retest,retest,chandelier20,SL,-1.0,10,2022
2022-01-21 08:00:00,retest,retest,chandelier25,SL,-1.0,10,2022
2022-01-21 08:00:00,retest,retest,swing5trail,SL,-1.0,10,2022
2022-01-21 08:00:00,retest,retest,ema20,SL,-1.0,10,2022
2022-01-21 08:00:00,retest,retest,range_reentry,REENTRY,0.09042553191494629,5,2022
2022-01-21 08:00:00,retest,struct5,chandelier15,CH15,0.18775510204083928,8,2022
2022-01-21 08:00:00,retest,struct5,chandelier20,CH20,0.3448979591836898,10,2022
2022-01-21 08:00:00,retest,struct5,chandelier25,CH25,0.71836734693877,19,2022
2022-01-21 08:00:00,retest,struct5,swing5trail,SW5,0.3448979591836898,10,2022
2022-01-21 08:00:00,retest,struct5,ema20,EMA20,0.3448979591836898,10,2022
2022-01-21 08:00:00,retest,struct5,range_reentry,REENTRY,0.03469387755104041,5,2022
2022-01-21 08:00:00,retest,struct10,chandelier15,CH15,0.1310541310541472,8,2022
2022-01-21 08:00:00,retest,struct10,chandelier20,CH20,0.24074074074075236,10,2022
2022-01-21 08:00:00,retest,struct10,chandelier25,CH25,0.5014245014244981,19,2022
2022-01-21 08:00:00,retest,struct10,swing5trail,SW5,0.24074074074075236,10,2022
2022-01-21 08:00:00,retest,struct10,ema20,EMA20,0.24074074074075236,10,2022
2022-01-21 08:00:00,retest,struct10,range_reentry,REENTRY,0.024216524216538204,5,2022
2022-01-21 12:00:00,timed,atr05,chandelier15,SL,-1.0,1,2022
2022-01-21 12:00:00,timed,atr05,chandelier20,SL,-1.0,1,2022
2022-01-21 12:00:00,timed,atr05,chandelier25,SL,-1.0,1,2022
2022-01-21 12:00:00,timed,atr05,swing5trail,SL,-1.0,1,2022
2022-01-21 12:00:00,timed,atr05,ema20,SL,-1.0,1,2022
2022-01-21 12:00:00,timed,atr05,range_reentry,SL,-1.0,1,2022
2022-01-21 12:00:00,timed,atr075,chandelier15,SL,-1.0,4,2022
2022-01-21 12:00:00,timed,atr075,chandelier20,SL,-1.0,4,2022
2022-01-21 12:00:00,timed,atr075,chandelier25,SL,-1.0,4,2022
2022-01-21 12:00:00,timed,atr075,swing5trail,SL,-1.0,4,2022
2022-01-21 12:00:00,timed,atr075,ema20,SL,-1.0,4,2022
2022-01-21 12:00:00,timed,atr075,range_reentry,SL,-1.0,4,2022
2022-01-21 12:00:00,timed,atr10,chandelier15,SL,-1.0,4,2022
2022-01-21 12:00:00,timed,atr10,chandelier20,SL,-1.0,4,2022
2022-01-21 12:00:00,timed,atr10,chandelier25,SL,-1.0,4,2022
2022-01-21 12:00:00,timed,atr10,swing5trail,SL,-1.0,4,2022
2022-01-21 12:00:00,timed,atr10,ema20,SL,-1.0,4,2022
2022-01-21 12:00:00,timed,atr10,range_reentry,SL,-1.0,4,2022
2022-01-21 12:00:00,timed,retest,chandelier15,CH15,0.7369863013698883,7,2022
2022-01-21 12:00:00,timed,retest,chandelier20,SL,-1.0,9,2022
2022-01-21 12:00:00,timed,retest,chandelier25,SL,-1.0,9,2022
2022-01-21 12:00:00,timed,retest,swing5trail,SL,-1.0,9,2022
2022-01-21 12:00:00,timed,retest,ema20,SL,-1.0,9,2022
2022-01-21 12:00:00,timed,retest,range_reentry,REENTRY,0.5315068493150831,4,2022
2022-01-21 12:00:00,timed,struct5,chandelier15,CH15,0.4769503546099447,7,2022
2022-01-21 12:00:00,timed,struct5,chandelier20,CH20,0.6134751773049787,9,2022
2022-01-21 12:00:00,timed,struct5,chandelier25,SL,-1.0,18,2022
2022-01-21 12:00:00,timed,struct5,swing5trail,SW5,0.6134751773049787,9,2022
2022-01-21 12:00:00,timed,struct5,ema20,EMA20,0.6134751773049787,9,2022
2022-01-21 12:00:00,timed,struct5,range_reentry,REENTRY,0.3439716312056827,4,2022
2022-01-21 12:00:00,timed,struct10,chandelier15,CH15,0.30602957906712625,7,2022
2022-01-21 12:00:00,timed,struct10,chandelier20,CH20,0.3936291240045526,9,2022
2022-01-21 12:00:00,timed,struct10,chandelier25,CH25,0.6018202502844067,18,2022
2022-01-21 12:00:00,timed,struct10,swing5trail,SW5,0.3936291240045526,9,2022
2022-01-21 12:00:00,timed,struct10,ema20,EMA20,0.3936291240045526,9,2022
2022-01-21 12:00:00,timed,struct10,range_reentry,REENTRY,0.22070534698521221,4,2022
2022-02-22 04:00:00,retest,atr05,chandelier15,SL,-1.0,1,2022
2022-02-22 04:00:00,retest,atr05,chandelier20,SL,-1.0,1,2022
2022-02-22 04:00:00,retest,atr05,chandelier25,SL,-1.0,1,2022
2022-02-22 04:00:00,retest,atr05,swing5trail,SL,-1.0,1,2022
2022-02-22 04:00:00,retest,atr05,ema20,SL,-1.0,1,2022
2022-02-22 04:00:00,retest,atr05,range_reentry,SL,-1.0,1,2022
2022-02-22 04:00:00,retest,atr075,chandelier15,SL,-1.0,1,2022
2022-02-22 04:00:00,retest,atr075,chandelier20,SL,-1.0,1,2022
2022-02-22 04:00:00,retest,atr075,chandelier25,SL,-1.0,1,2022
2022-02-22 04:00:00,retest,atr075,swing5trail,SL,-1.0,1,2022
2022-02-22 04:00:00,retest,atr075,ema20,SL,-1.0,1,2022
2022-02-22 04:00:00,retest,atr075,range_reentry,SL,-1.0,1,2022
2022-02-22 04:00:00,retest,atr10,chandelier15,SL,-1.0,1,2022
2022-02-22 04:00:00,retest,atr10,chandelier20,SL,-1.0,1,2022
2022-02-22 04:00:00,retest,atr10,chandelier25,SL,-1.0,1,2022
2022-02-22 04:00:00,retest,atr10,swing5trail,SL,-1.0,1,2022
2022-02-22 04:00:00,retest,atr10,ema20,SL,-1.0,1,2022
2022-02-22 04:00:00,retest,atr10,range_reentry,SL,-1.0,1,2022
2022-02-22 04:00:00,retest,retest,chandelier15,SL,-1.0,1,2022
2022-02-22 04:00:00,retest,retest,chandelier20,SL,-1.0,1,2022
2022-02-22 04:00:00,retest,retest,chandelier25,SL,-1.0,1,2022
2022-02-22 04:00:00,retest,retest,swing5trail,SL,-1.0,1,2022
2022-02-22 04:00:00,retest,retest,ema20,SL,-1.0,1,2022
2022-02-22 04:00:00,retest,retest,range_reentry,SL,-1.0,1,2022
2022-02-22 04:00:00,retest,struct5,chandelier15,SL,-1.0,1,2022
2022-02-22 04:00:00,retest,struct5,chandelier20,SL,-1.0,1,2022
2022-02-22 04:00:00,retest,struct5,chandelier25,SL,-1.0,1,2022
2022-02-22 04:00:00,retest,struct5,swing5trail,SL,-1.0,1,2022
2022-02-22 04:00:00,retest,struct5,ema20,SL,-1.0,1,2022
2022-02-22 04:00:00,retest,struct5,range_reentry,SL,-1.0,1,2022
2022-02-22 04:00:00,retest,struct10,chandelier15,CH15,0.8166666666666379,1,2022
2022-02-22 04:00:00,retest,struct10,chandelier20,CH20,0.8166666666666379,1,2022
2022-02-22 04:00:00,retest,struct10,chandelier25,SL,-1.0,2,2022
2022-02-22 04:00:00,retest,struct10,swing5trail,SL,-1.0,2,2022
2022-02-22 04:00:00,retest,struct10,ema20,EMA20,0.8166666666666379,1,2022
2022-02-22 04:00:00,retest,struct10,range_reentry,REENTRY,0.8166666666666379,1,2022
2022-05-15 20:00:00,retest,atr05,chandelier15,CH15,-0.06166601891445227,8,2022
2022-05-15 20:00:00,retest,atr05,chandelier20,SL,-1.0,10,2022
2022-05-15 20:00:00,retest,atr05,chandelier25,SL,-1.0,10,2022
2022-05-15 20:00:00,retest,atr05,swing5trail,SL,-1.0,10,2022
2022-05-15 20:00:00,retest,atr05,ema20,EMA20,-0.17411581811115204,2,2022
2022-05-15 20:00:00,retest,atr05,range_reentry,REENTRY,0.28293820443062206,3,2022
2022-05-15 20:00:00,retest,atr075,chandelier15,CH15,-0.04111067927630292,8,2022
2022-05-15 20:00:00,retest,atr075,chandelier20,TIME,-2.8390551453124018,20,2022
2022-05-15 20:00:00,retest,atr075,chandelier25,TIME,-2.8390551453124018,20,2022
2022-05-15 20:00:00,retest,atr075,swing5trail,TIME,-2.8390551453124018,20,2022
2022-05-15 20:00:00,retest,atr075,ema20,EMA20,-0.11607721207410536,2,2022
2022-05-15 20:00:00,retest,atr075,range_reentry,REENTRY,0.1886254696204212,3,2022
2022-05-15 20:00:00,retest,atr10,chandelier15,CH15,-0.030833009457227722,8,2022
2022-05-15 20:00:00,retest,atr10,chandelier20,TIME,-2.129291358984338,20,2022
2022-05-15 20:00:00,retest,atr10,chandelier25,TIME,-2.129291358984338,20,2022
2022-05-15 20:00:00,retest,atr10,swing5trail,TIME,-2.129291358984338,20,2022
2022-05-15 20:00:00,retest,atr10,ema20,EMA20,-0.08705790905558052,2,2022
2022-05-15 20:00:00,retest,atr10,range_reentry,REENTRY,0.14146910221531833,3,2022
2022-05-15 20:00:00,retest,retest,chandelier15,SL,-1.0,1,2022
2022-05-15 20:00:00,retest,retest,chandelier20,SL,-1.0,1,2022
2022-05-15 20:00:00,retest,retest,chandelier25,SL,-1.0,1,2022
2022-05-15 20:00:00,retest,retest,swing5trail,SL,-1.0,1,2022
2022-05-15 20:00:00,retest,retest,ema20,SL,-1.0,1,2022
2022-05-15 20:00:00,retest,retest,range_reentry,SL,-1.0,1,2022
2022-05-15 20:00:00,retest,struct5,chandelier15,SL,-1.0,1,2022
2022-05-15 20:00:00,retest,struct5,chandelier20,SL,-1.0,1,2022
2022-05-15 20:00:00,retest,struct5,chandelier25,SL,-1.0,1,2022
2022-05-15 20:00:00,retest,struct5,swing5trail,SL,-1.0,1,2022
2022-05-15 20:00:00,retest,struct5,ema20,SL,-1.0,1,2022
2022-05-15 20:00:00,retest,struct5,range_reentry,SL,-1.0,1,2022
2022-05-15 20:00:00,retest,struct10,chandelier15,SL,-1.0,1,2022
2022-05-15 20:00:00,retest,struct10,chandelier20,SL,-1.0,1,2022
2022-05-15 20:00:00,retest,struct10,chandelier25,SL,-1.0,1,2022
2022-05-15 20:00:00,retest,struct10,swing5trail,SL,-1.0,1,2022
2022-05-15 20:00:00,retest,struct10,ema20,SL,-1.0,1,2022
2022-05-15 20:00:00,retest,struct10,range_reentry,SL,-1.0,1,2022
2022-05-16 16:00:00,timed,atr05,chandelier15,SL,-1.0,2,2022
2022-05-16 16:00:00,timed,atr05,chandelier20,SL,-1.0,2,2022
2022-05-16 16:00:00,timed,atr05,chandelier25,SL,-1.0,2,2022
2022-05-16 16:00:00,timed,atr05,swing5trail,SL,-1.0,2,2022
2022-05-16 16:00:00,timed,atr05,ema20,SL,-1.0,2,2022
2022-05-16 16:00:00,timed,atr05,range_reentry,SL,-1.0,2,2022
2022-05-16 16:00:00,timed,atr075,chandelier15,SL,-1.0,4,2022
2022-05-16 16:00:00,timed,atr075,chandelier20,SL,-1.0,4,2022
2022-05-16 16:00:00,timed,atr075,chandelier25,SL,-1.0,4,2022
2022-05-16 16:00:00,timed,atr075,swing5trail,SL,-1.0,4,2022
2022-05-16 16:00:00,timed,atr075,ema20,EMA20,0.6126385490139128,2,2022
2022-05-16 16:00:00,timed,atr075,range_reentry,SL,-1.0,4,2022
2022-05-16 16:00:00,timed,atr10,chandelier15,SL,-1.0,5,2022
2022-05-16 16:00:00,timed,atr10,chandelier20,SL,-1.0,5,2022
2022-05-16 16:00:00,timed,atr10,chandelier25,SL,-1.0,5,2022
2022-05-16 16:00:00,timed,atr10,swing5trail,SL,-1.0,5,2022
2022-05-16 16:00:00,timed,atr10,ema20,EMA20,0.45947891176044336,2,2022
2022-05-16 16:00:00,timed,atr10,range_reentry,SL,-1.0,5,2022
2022-05-16 16:00:00,timed,retest,chandelier15,SL,-1.0,4,2022
2022-05-16 16:00:00,timed,retest,chandelier20,SL,-1.0,4,2022
2022-05-16 16:00:00,timed,retest,chandelier25,SL,-1.0,4,2022
2022-05-16 16:00:00,timed,retest,swing5trail,SL,-1.0,4,2022
2022-05-16 16:00:00,timed,retest,ema20,EMA20,0.5846153846153543,2,2022
2022-05-16 16:00:00,timed,retest,range_reentry,SL,-1.0,4,2022
2022-05-16 16:00:00,timed,struct5,chandelier15,SL,-1.0,5,2022
2022-05-16 16:00:00,timed,struct5,chandelier20,SL,-1.0,5,2022
2022-05-16 16:00:00,timed,struct5,chandelier25,SL,-1.0,5,2022
2022-05-16 16:00:00,timed,struct5,swing5trail,SL,-1.0,5,2022
2022-05-16 16:00:00,timed,struct5,ema20,EMA20,0.4301886792452448,2,2022
2022-05-16 16:00:00,timed,struct5,range_reentry,SL,-1.0,5,2022
2022-05-16 16:00:00,timed,struct10,chandelier15,SL,-1.0,5,2022
2022-05-16 16:00:00,timed,struct10,chandelier20,SL,-1.0,5,2022
2022-05-16 16:00:00,timed,struct10,chandelier25,SL,-1.0,5,2022
2022-05-16 16:00:00,timed,struct10,swing5trail,SL,-1.0,5,2022
2022-05-16 16:00:00,timed,struct10,ema20,EMA20,0.4301886792452448,2,2022
2022-05-16 16:00:00,timed,struct10,range_reentry,SL,-1.0,5,2022
2022-07-25 12:00:00,retest,atr05,chandelier15,CH15,0.3174089068826303,7,2022
2022-07-25 12:00:00,retest,atr05,chandelier20,SL,-1.0,9,2022
2022-07-25 12:00:00,retest,atr05,chandelier25,SL,-1.0,9,2022
2022-07-25 12:00:00,retest,atr05,swing5trail,SW5,0.7643724696356787,8,2022
2022-07-25 12:00:00,retest,atr05,ema20,EMA20,0.7643724696356787,8,2022
2022-07-25 12:00:00,retest,atr05,range_reentry,REENTRY,0.3174089068826303,7,2022
2022-07-25 12:00:00,retest,atr075,chandelier15,CH15,0.21160593792176002,7,2022
2022-07-25 12:00:00,retest,atr075,chandelier20,CH20,0.563562753036439,10,2022
2022-07-25 12:00:00,retest,atr075,chandelier25,SL,-1.0,12,2022
2022-07-25 12:00:00,retest,atr075,swing5trail,SW5,0.5095816464238014,8,2022
2022-07-25 12:00:00,retest,atr075,ema20,EMA20,0.5095816464238014,8,2022
2022-07-25 12:00:00,retest,atr075,range_reentry,REENTRY,0.21160593792176002,7,2022
2022-07-25 12:00:00,retest,atr10,chandelier15,CH15,0.15870445344131515,7,2022
2022-07-25 12:00:00,retest,atr10,chandelier20,CH20,0.4226720647773163,10,2022
2022-07-25 12:00:00,retest,atr10,chandelier25,SL,-1.0,12,2022
2022-07-25 12:00:00,retest,atr10,swing5trail,SW5,0.38218623481783937,8,2022
2022-07-25 12:00:00,retest,atr10,ema20,EMA20,0.38218623481783937,8,2022
2022-07-25 12:00:00,retest,atr10,range_reentry,REENTRY,0.15870445344131515,7,2022
2022-07-25 12:00:00,retest,retest,chandelier15,SL,-1.0,5,2022
2022-07-25 12:00:00,retest,retest,chandelier20,SL,-1.0,5,2022
2022-07-25 12:00:00,retest,retest,chandelier25,SL,-1.0,5,2022
2022-07-25 12:00:00,retest,retest,swing5trail,SL,-1.0,5,2022
2022-07-25 12:00:00,retest,retest,ema20,SL,-1.0,5,2022
2022-07-25 12:00:00,retest,retest,range_reentry,SL,-1.0,5,2022
2022-07-25 12:00:00,retest,struct5,chandelier15,INVALID,,0,2022
2022-07-25 12:00:00,retest,struct5,chandelier20,INVALID,,0,2022
2022-07-25 12:00:00,retest,struct5,chandelier25,INVALID,,0,2022
2022-07-25 12:00:00,retest,struct5,swing5trail,INVALID,,0,2022
2022-07-25 12:00:00,retest,struct5,ema20,INVALID,,0,2022
2022-07-25 12:00:00,retest,struct5,range_reentry,INVALID,,0,2022
2022-07-25 12:00:00,retest,struct10,chandelier15,CH15,0.0798045602605965,7,2022
2022-07-25 12:00:00,retest,struct10,chandelier20,CH20,0.21254071661237284,10,2022
2022-07-25 12:00:00,retest,struct10,chandelier25,CH25,0.505700325732903,12,2022
2022-07-25 12:00:00,retest,struct10,swing5trail,SW5,0.19218241042346643,8,2022
2022-07-25 12:00:00,retest,struct10,ema20,EMA20,0.19218241042346643,8,2022
2022-07-25 12:00:00,retest,struct10,range_reentry,REENTRY,0.0798045602605965,7,2022
2022-07-25 20:00:00,timed,atr05,chandelier15,SL,-1.0,2,2022
2022-07-25 20:00:00,timed,atr05,chandelier20,SL,-1.0,2,2022
2022-07-25 20:00:00,timed,atr05,chandelier25,SL,-1.0,2,2022
2022-07-25 20:00:00,timed,atr05,swing5trail,SL,-1.0,2,2022
2022-07-25 20:00:00,timed,atr05,ema20,SL,-1.0,2,2022
2022-07-25 20:00:00,timed,atr05,range_reentry,SL,-1.0,2,2022
2022-07-25 20:00:00,timed,atr075,chandelier15,SL,-1.0,3,2022
2022-07-25 20:00:00,timed,atr075,chandelier20,SL,-1.0,3,2022
2022-07-25 20:00:00,timed,atr075,chandelier25,SL,-1.0,3,2022
2022-07-25 20:00:00,timed,atr075,swing5trail,SL,-1.0,3,2022
2022-07-25 20:00:00,timed,atr075,ema20,SL,-1.0,3,2022
2022-07-25 20:00:00,timed,atr075,range_reentry,SL,-1.0,3,2022
2022-07-25 20:00:00,timed,atr10,chandelier15,CH15,0.7789247888457159,5,2022
2022-07-25 20:00:00,timed,atr10,chandelier20,SL,-1.0,6,2022
2022-07-25 20:00:00,timed,atr10,chandelier25,SL,-1.0,6,2022
2022-07-25 20:00:00,timed,atr10,swing5trail,SL,-1.0,6,2022
2022-07-25 20:00:00,timed,atr10,ema20,SL,-1.0,6,2022
2022-07-25 20:00:00,timed,atr10,range_reentry,REENTRY,0.7789247888457159,5,2022
2022-07-25 20:00:00,timed,retest,chandelier15,SL,-1.0,3,2022
2022-07-25 20:00:00,timed,retest,chandelier20,SL,-1.0,3,2022
2022-07-25 20:00:00,timed,retest,chandelier25,SL,-1.0,3,2022
2022-07-25 20:00:00,timed,retest,swing5trail,SL,-1.0,3,2022
2022-07-25 20:00:00,timed,retest,ema20,SL,-1.0,3,2022
2022-07-25 20:00:00,timed,retest,range_reentry,SL,-1.0,3,2022
2022-07-25 20:00:00,timed,struct5,chandelier15,SL,-1.0,3,2022
2022-07-25 20:00:00,timed,struct5,chandelier20,SL,-1.0,3,2022
2022-07-25 20:00:00,timed,struct5,chandelier25,SL,-1.0,3,2022
2022-07-25 20:00:00,timed,struct5,swing5trail,SL,-1.0,3,2022
2022-07-25 20:00:00,timed,struct5,ema20,SL,-1.0,3,2022
2022-07-25 20:00:00,timed,struct5,range_reentry,SL,-1.0,3,2022
2022-07-25 20:00:00,timed,struct10,chandelier15,CH15,0.3080920564216911,5,2022
2022-07-25 20:00:00,timed,struct10,chandelier20,CH20,0.4291017074981435,8,2022
2022-07-25 20:00:00,timed,struct10,chandelier25,CH25,0.69636228656274,10,2022
2022-07-25 20:00:00,timed,struct10,swing5trail,SW5,0.4105419450631197,6,2022
2022-07-25 20:00:00,timed,struct10,ema20,EMA20,0.4105419450631197,6,2022
2022-07-25 20:00:00,timed,struct10,range_reentry,REENTRY,0.3080920564216911,5,2022
2022-08-10 20:00:00,retest,atr05,chandelier15,SL,-1.0,1,2022
2022-08-10 20:00:00,retest,atr05,chandelier20,SL,-1.0,1,2022
2022-08-10 20:00:00,retest,atr05,chandelier25,SL,-1.0,1,2022
2022-08-10 20:00:00,retest,atr05,swing5trail,SL,-1.0,1,2022
2022-08-10 20:00:00,retest,atr05,ema20,SL,-1.0,1,2022
2022-08-10 20:00:00,retest,atr05,range_reentry,SL,-1.0,1,2022
2022-08-10 20:00:00,retest,atr075,chandelier15,SL,-1.0,1,2022
2022-08-10 20:00:00,retest,atr075,chandelier20,SL,-1.0,1,2022
2022-08-10 20:00:00,retest,atr075,chandelier25,SL,-1.0,1,2022
2022-08-10 20:00:00,retest,atr075,swing5trail,SL,-1.0,1,2022
2022-08-10 20:00:00,retest,atr075,ema20,SL,-1.0,1,2022
2022-08-10 20:00:00,retest,atr075,range_reentry,SL,-1.0,1,2022
2022-08-10 20:00:00,retest,atr10,chandelier15,CH15,0.561417532640525,5,2022
2022-08-10 20:00:00,retest,atr10,chandelier20,CH20,0.561417532640525,5,2022
2022-08-10 20:00:00,retest,atr10,chandelier25,SL,-1.0,7,2022
2022-08-10 20:00:00,retest,atr10,swing5trail,SL,-1.0,7,2022
2022-08-10 20:00:00,retest,atr10,ema20,SL,-1.0,7,2022
2022-08-10 20:00:00,retest,atr10,range_reentry,REENTRY,0.647215560884634,1,2022
2022-08-10 20:00:00,retest,retest,chandelier15,SL,-1.0,1,2022
2022-08-10 20:00:00,retest,retest,chandelier20,SL,-1.0,1,2022
2022-08-10 20:00:00,retest,retest,chandelier25,SL,-1.0,1,2022
2022-08-10 20:00:00,retest,retest,swing5trail,SL,-1.0,1,2022
2022-08-10 20:00:00,retest,retest,ema20,SL,-1.0,1,2022
2022-08-10 20:00:00,retest,retest,range_reentry,SL,-1.0,1,2022
2022-08-10 20:00:00,retest,struct5,chandelier15,CH15,0.12088353413654081,5,2022
2022-08-10 20:00:00,retest,struct5,chandelier20,CH20,0.12088353413654081,5,2022
2022-08-10 20:00:00,retest,struct5,chandelier25,CH25,0.40602409638553894,9,2022
2022-08-10 20:00:00,retest,struct5,swing5trail,SW5,0.1879518072289107,7,2022
2022-08-10 20:00:00,retest,struct5,ema20,EMA20,0.40602409638553894,9,2022
2022-08-10 20:00:00,retest,struct5,range_reentry,REENTRY,0.13935742971887838,1,2022
2022-08-10 20:00:00,retest,struct10,chandelier15,CH15,0.12088353413654081,5,2022
2022-08-10 20:00:00,retest,struct10,chandelier20,CH20,0.12088353413654081,5,2022
2022-08-10 20:00:00,retest,struct10,chandelier25,CH25,0.40602409638553894,9,2022
2022-08-10 20:00:00,retest,struct10,swing5trail,SW5,0.1879518072289107,7,2022
2022-08-10 20:00:00,retest,struct10,ema20,EMA20,0.40602409638553894,9,2022
2022-08-10 20:00:00,retest,struct10,range_reentry,REENTRY,0.13935742971887838,1,2022
2022-08-11 08:00:00,timed,atr05,chandelier15,SL,-1.0,1,2022
2022-08-11 08:00:00,timed,atr05,chandelier20,SL,-1.0,1,2022
2022-08-11 08:00:00,timed,atr05,chandelier25,SL,-1.0,1,2022
2022-08-11 08:00:00,timed,atr05,swing5trail,SL,-1.0,1,2022
2022-08-11 08:00:00,timed,atr05,ema20,SL,-1.0,1,2022
2022-08-11 08:00:00,timed,atr05,range_reentry,SL,-1.0,1,2022
2022-08-11 08:00:00,timed,atr075,chandelier15,SL,-1.0,1,2022
2022-08-11 08:00:00,timed,atr075,chandelier20,SL,-1.0,1,2022
2022-08-11 08:00:00,timed,atr075,chandelier25,SL,-1.0,1,2022
2022-08-11 08:00:00,timed,atr075,swing5trail,SL,-1.0,1,2022
2022-08-11 08:00:00,timed,atr075,ema20,SL,-1.0,1,2022
2022-08-11 08:00:00,timed,atr075,range_reentry,SL,-1.0,1,2022
2022-08-11 08:00:00,timed,atr10,chandelier15,SL,-1.0,2,2022
2022-08-11 08:00:00,timed,atr10,chandelier20,SL,-1.0,2,2022
2022-08-11 08:00:00,timed,atr10,chandelier25,SL,-1.0,2,2022
2022-08-11 08:00:00,timed,atr10,swing5trail,SL,-1.0,2,2022
2022-08-11 08:00:00,timed,atr10,ema20,SL,-1.0,2,2022
2022-08-11 08:00:00,timed,atr10,range_reentry,SL,-1.0,2,2022
2022-08-11 08:00:00,timed,retest,chandelier15,SL,-1.0,2,2022
2022-08-11 08:00:00,timed,retest,chandelier20,SL,-1.0,2,2022
2022-08-11 08:00:00,timed,retest,chandelier25,SL,-1.0,2,2022
2022-08-11 08:00:00,timed,retest,swing5trail,SL,-1.0,2,2022
2022-08-11 08:00:00,timed,retest,ema20,SL,-1.0,2,2022
2022-08-11 08:00:00,timed,retest,range_reentry,SL,-1.0,2,2022
2022-08-11 08:00:00,timed,struct5,chandelier15,CH15,0.27370370370369596,2,2022
2022-08-11 08:00:00,timed,struct5,chandelier20,CH20,0.27370370370369596,2,2022
2022-08-11 08:00:00,timed,struct5,chandelier25,CH25,0.536666666666663,6,2022
2022-08-11 08:00:00,timed,struct5,swing5trail,SW5,0.536666666666663,6,2022
2022-08-11 08:00:00,timed,struct5,ema20,EMA20,0.536666666666663,6,2022
2022-08-11 08:00:00,timed,struct5,range_reentry,REENTRY,0.27370370370369596,2,2022
2022-08-11 08:00:00,timed,struct10,chandelier15,CH15,0.25239071038250566,2,2022
2022-08-11 08:00:00,timed,struct10,chandelier20,CH20,0.25239071038250566,2,2022
2022-08-11 08:00:00,timed,struct10,chandelier25,CH25,0.4948770491803228,6,2022
2022-08-11 08:00:00,timed,struct10,swing5trail,SW5,0.4948770491803228,6,2022
2022-08-11 08:00:00,timed,struct10,ema20,EMA20,0.4948770491803228,6,2022
2022-08-11 08:00:00,timed,struct10,range_reentry,REENTRY,0.25239071038250566,2,2022
2022-12-02 12:00:00,retest,atr05,chandelier15,CH15,-0.39941176470590967,6,2022
2022-12-02 12:00:00,retest,atr05,chandelier20,SL,-1.0,7,2022
2022-12-02 12:00:00,retest,atr05,chandelier25,SL,-1.0,7,2022
2022-12-02 12:00:00,retest,atr05,swing5trail,SL,-1.0,7,2022
2022-12-02 12:00:00,retest,atr05,ema20,SL,-1.0,7,2022
2022-12-02 12:00:00,retest,atr05,range_reentry,SL,-1.0,7,2022
2022-12-02 12:00:00,retest,atr075,chandelier15,CH15,-0.26627450980394496,6,2022
2022-12-02 12:00:00,retest,atr075,chandelier20,SL,-1.0,7,2022
2022-12-02 12:00:00,retest,atr075,chandelier25,SL,-1.0,7,2022
2022-12-02 12:00:00,retest,atr075,swing5trail,SL,-1.0,7,2022
2022-12-02 12:00:00,retest,atr075,ema20,SL,-1.0,7,2022
2022-12-02 12:00:00,retest,atr075,range_reentry,SL,-1.0,7,2022
2022-12-02 12:00:00,retest,atr10,chandelier15,CH15,-0.19970588235296066,6,2022
2022-12-02 12:00:00,retest,atr10,chandelier20,CH20,0.8739705882352928,7,2022
2022-12-02 12:00:00,retest,atr10,chandelier25,CH25,0.8739705882352928,7,2022
2022-12-02 12:00:00,retest,atr10,swing5trail,SW5,0.8739705882352928,7,2022
2022-12-02 12:00:00,retest,atr10,ema20,EMA20,0.8739705882352928,7,2022
2022-12-02 12:00:00,retest,atr10,range_reentry,REENTRY,0.8739705882352928,7,2022
2022-12-02 12:00:00,retest,retest,chandelier15,CH15,-0.3803921568627849,6,2022
2022-12-02 12:00:00,retest,retest,chandelier20,SL,-1.0,7,2022
2022-12-02 12:00:00,retest,retest,chandelier25,SL,-1.0,7,2022
2022-12-02 12:00:00,retest,retest,swing5trail,SL,-1.0,7,2022
2022-12-02 12:00:00,retest,retest,ema20,SL,-1.0,7,2022
2022-12-02 12:00:00,retest,retest,range_reentry,SL,-1.0,7,2022
2022-12-02 12:00:00,retest,struct5,chandelier15,CH15,-0.4000000000000469,6,2022
2022-12-02 12:00:00,retest,struct5,chandelier20,SL,-1.0,7,2022
2022-12-02 12:00:00,retest,struct5,chandelier25,SL,-1.0,7,2022
2022-12-02 12:00:00,retest,struct5,swing5trail,SL,-1.0,7,2022
2022-12-02 12:00:00,retest,struct5,ema20,SL,-1.0,7,2022
2022-12-02 12:00:00,retest,struct5,range_reentry,SL,-1.0,7,2022
2022-12-02 12:00:00,retest,struct10,chandelier15,CH15,-0.07244212098581666,6,2022
2022-12-02 12:00:00,retest,struct10,chandelier20,CH20,0.31702763256160954,7,2022
2022-12-02 12:00:00,retest,struct10,chandelier25,CH25,0.31702763256160954,7,2022
2022-12-02 12:00:00,retest,struct10,swing5trail,SW5,0.31702763256160954,7,2022
2022-12-02 12:00:00,retest,struct10,ema20,EMA20,0.31702763256160954,7,2022
2022-12-02 12:00:00,retest,struct10,range_reentry,REENTRY,0.31702763256160954,7,2022
2022-12-02 20:00:00,timed,atr05,chandelier15,SL,-1.0,2,2022
2022-12-02 20:00:00,timed,atr05,chandelier20,SL,-1.0,2,2022
2022-12-02 20:00:00,timed,atr05,chandelier25,SL,-1.0,2,2022
2022-12-02 20:00:00,timed,atr05,swing5trail,SL,-1.0,2,2022
2022-12-02 20:00:00,timed,atr05,ema20,SL,-1.0,2,2022
2022-12-02 20:00:00,timed,atr05,range_reentry,SL,-1.0,2,2022
2022-12-02 20:00:00,timed,atr075,chandelier15,SL,-1.0,3,2022
2022-12-02 20:00:00,timed,atr075,chandelier20,SL,-1.0,3,2022
2022-12-02 20:00:00,timed,atr075,chandelier25,SL,-1.0,3,2022
2022-12-02 20:00:00,timed,atr075,swing5trail,SL,-1.0,3,2022
2022-12-02 20:00:00,timed,atr075,ema20,SL,-1.0,3,2022
2022-12-02 20:00:00,timed,atr075,range_reentry,SL,-1.0,3,2022
2022-12-02 20:00:00,timed,atr10,chandelier15,SL,-1.0,3,2022
2022-12-02 20:00:00,timed,atr10,chandelier20,SL,-1.0,3,2022
2022-12-02 20:00:00,timed,atr10,chandelier25,SL,-1.0,3,2022
2022-12-02 20:00:00,timed,atr10,swing5trail,SL,-1.0,3,2022
2022-12-02 20:00:00,timed,atr10,ema20,SL,-1.0,3,2022
2022-12-02 20:00:00,timed,atr10,range_reentry,SL,-1.0,3,2022
2022-12-02 20:00:00,timed,retest,chandelier15,SL,-1.0,5,2022
2022-12-02 20:00:00,timed,retest,chandelier20,SL,-1.0,5,2022
2022-12-02 20:00:00,timed,retest,chandelier25,SL,-1.0,5,2022
2022-12-02 20:00:00,timed,retest,swing5trail,SL,-1.0,5,2022
2022-12-02 20:00:00,timed,retest,ema20,SL,-1.0,5,2022
2022-12-02 20:00:00,timed,retest,range_reentry,SL,-1.0,5,2022
2022-12-02 20:00:00,timed,struct5,chandelier15,SL,-1.0,5,2022
2022-12-02 20:00:00,timed,struct5,chandelier20,SL,-1.0,5,2022
2022-12-02 20:00:00,timed,struct5,chandelier25,SL,-1.0,5,2022
2022-12-02 20:00:00,timed,struct5,swing5trail,SL,-1.0,5,2022
2022-12-02 20:00:00,timed,struct5,ema20,SL,-1.0,5,2022
2022-12-02 20:00:00,timed,struct5,range_reentry,SL,-1.0,5,2022
2022-12-02 20:00:00,timed,struct10,chandelier15,CH15,0.7761363636363617,5,2022
2022-12-02 20:00:00,timed,struct10,chandelier20,CH20,0.7761363636363617,5,2022
2022-12-02 20:00:00,timed,struct10,chandelier25,CH25,0.7761363636363617,5,2022
2022-12-02 20:00:00,timed,struct10,swing5trail,SW5,0.7761363636363617,5,2022
2022-12-02 20:00:00,timed,struct10,ema20,EMA20,0.7761363636363617,5,2022
2022-12-02 20:00:00,timed,struct10,range_reentry,REENTRY,0.7761363636363617,5,2022
2022-12-13 20:00:00,retest,atr05,chandelier15,SL,-1.0,5,2022
2022-12-13 20:00:00,retest,atr05,chandelier20,SL,-1.0,5,2022
2022-12-13 20:00:00,retest,atr05,chandelier25,SL,-1.0,5,2022
2022-12-13 20:00:00,retest,atr05,swing5trail,SL,-1.0,5,2022
2022-12-13 20:00:00,retest,atr05,ema20,SL,-1.0,5,2022
2022-12-13 20:00:00,retest,atr05,range_reentry,SL,-1.0,5,2022
2022-12-13 20:00:00,retest,atr075,chandelier15,CH15,0.5952642768125506,8,2022
2022-12-13 20:00:00,retest,atr075,chandelier20,SL,-1.0,9,2022
2022-12-13 20:00:00,retest,atr075,chandelier25,SL,-1.0,9,2022
2022-12-13 20:00:00,retest,atr075,swing5trail,SL,-1.0,9,2022
2022-12-13 20:00:00,retest,atr075,ema20,SL,-1.0,9,2022
2022-12-13 20:00:00,retest,atr075,range_reentry,REENTRY,0.5952642768125506,8,2022
2022-12-13 20:00:00,retest,atr10,chandelier15,CH15,0.4464482076094064,8,2022
2022-12-13 20:00:00,retest,atr10,chandelier20,SL,-1.0,9,2022
2022-12-13 20:00:00,retest,atr10,chandelier25,SL,-1.0,9,2022
2022-12-13 20:00:00,retest,atr10,swing5trail,SL,-1.0,9,2022
2022-12-13 20:00:00,retest,atr10,ema20,SL,-1.0,9,2022
2022-12-13 20:00:00,retest,atr10,range_reentry,REENTRY,0.4464482076094064,8,2022
2022-12-13 20:00:00,retest,retest,chandelier15,SL,-1.0,5,2022
2022-12-13 20:00:00,retest,retest,chandelier20,SL,-1.0,5,2022
2022-12-13 20:00:00,retest,retest,chandelier25,SL,-1.0,5,2022
2022-12-13 20:00:00,retest,retest,swing5trail,SL,-1.0,5,2022
2022-12-13 20:00:00,retest,retest,ema20,SL,-1.0,5,2022
2022-12-13 20:00:00,retest,retest,range_reentry,SL,-1.0,5,2022
2022-12-13 20:00:00,retest,struct5,chandelier15,CH15,0.12103505843071521,8,2022
2022-12-13 20:00:00,retest,struct5,chandelier20,CH20,0.39649415692821116,9,2022
2022-12-13 20:00:00,retest,struct5,chandelier25,CH25,0.8493322203672822,10,2022
2022-12-13 20:00:00,retest,struct5,swing5trail,SW5,0.39649415692821116,9,2022
2022-12-13 20:00:00,retest,struct5,ema20,EMA20,0.39649415692821116,9,2022
2022-12-13 20:00:00,retest,struct5,range_reentry,REENTRY,0.12103505843071521,8,2022
2022-12-13 20:00:00,retest,struct10,chandelier15,CH15,0.12103505843071521,8,2022
2022-12-13 20:00:00,retest,struct10,chandelier20,CH20,0.39649415692821116,9,2022
2022-12-13 20:00:00,retest,struct10,chandelier25,CH25,0.8493322203672822,10,2022
2022-12-13 20:00:00,retest,struct10,swing5trail,SW5,0.39649415692821116,9,2022
2022-12-13 20:00:00,retest,struct10,ema20,EMA20,0.39649415692821116,9,2022
2022-12-13 20:00:00,retest,struct10,range_reentry,REENTRY,0.12103505843071521,8,2022
2022-12-14 04:00:00,timed,atr05,chandelier15,SL,-1.0,3,2022
2022-12-14 04:00:00,timed,atr05,chandelier20,SL,-1.0,3,2022
2022-12-14 04:00:00,timed,atr05,chandelier25,SL,-1.0,3,2022
2022-12-14 04:00:00,timed,atr05,swing5trail,SL,-1.0,3,2022
2022-12-14 04:00:00,timed,atr05,ema20,SL,-1.0,3,2022
2022-12-14 04:00:00,timed,atr05,range_reentry,SL,-1.0,3,2022
2022-12-14 04:00:00,timed,atr075,chandelier15,SL,-1.0,3,2022
2022-12-14 04:00:00,timed,atr075,chandelier20,SL,-1.0,3,2022
2022-12-14 04:00:00,timed,atr075,chandelier25,SL,-1.0,3,2022
2022-12-14 04:00:00,timed,atr075,swing5trail,SL,-1.0,3,2022
2022-12-14 04:00:00,timed,atr075,ema20,SL,-1.0,3,2022
2022-12-14 04:00:00,timed,atr075,range_reentry,SL,-1.0,3,2022
2022-12-14 04:00:00,timed,atr10,chandelier15,CH15,0.5875829074698131,6,2022
2022-12-14 04:00:00,timed,atr10,chandelier20,SL,-1.0,7,2022
2022-12-14 04:00:00,timed,atr10,chandelier25,SL,-1.0,7,2022
2022-12-14 04:00:00,timed,atr10,swing5trail,SL,-1.0,7,2022
2022-12-14 04:00:00,timed,atr10,ema20,SL,-1.0,7,2022
2022-12-14 04:00:00,timed,atr10,range_reentry,REENTRY,0.5875829074698131,6,2022
2022-12-14 04:00:00,timed,retest,chandelier15,SL,-1.0,3,2022
2022-12-14 04:00:00,timed,retest,chandelier20,SL,-1.0,3,2022
2022-12-14 04:00:00,timed,retest,chandelier25,SL,-1.0,3,2022
2022-12-14 04:00:00,timed,retest,swing5trail,SL,-1.0,3,2022
2022-12-14 04:00:00,timed,retest,ema20,SL,-1.0,3,2022
2022-12-14 04:00:00,timed,retest,range_reentry,SL,-1.0,3,2022
2022-12-14 04:00:00,timed,struct5,chandelier15,CH15,0.16390658174097553,6,2022
2022-12-14 04:00:00,timed,struct5,chandelier20,CH20,0.44416135881103896,7,2022
2022-12-14 04:00:00,timed,struct5,chandelier25,CH25,0.9048832271762248,8,2022
2022-12-14 04:00:00,timed,struct5,swing5trail,SW5,0.44416135881103896,7,2022
2022-12-14 04:00:00,timed,struct5,ema20,EMA20,0.44416135881103896,7,2022
2022-12-14 04:00:00,timed,struct5,range_reentry,REENTRY,0.16390658174097553,6,2022
2022-12-14 04:00:00,timed,struct10,chandelier15,CH15,0.15489566613162006,6,2022
2022-12-14 04:00:00,timed,struct10,chandelier20,CH20,0.419743178170143,7,2022
2022-12-14 04:00:00,timed,struct10,chandelier25,CH25,0.8551364365971142,8,2022
2022-12-14 04:00:00,timed,struct10,swing5trail,SW5,0.419743178170143,7,2022
2022-12-14 04:00:00,timed,struct10,ema20,EMA20,0.419743178170143,7,2022
2022-12-14 04:00:00,timed,struct10,range_reentry,REENTRY,0.15489566613162006,6,2022
2023-01-04 08:00:00,retest,atr05,chandelier15,SL,-1.0,1,2023
2023-01-04 08:00:00,retest,atr05,chandelier20,SL,-1.0,1,2023
2023-01-04 08:00:00,retest,atr05,chandelier25,SL,-1.0,1,2023
2023-01-04 08:00:00,retest,atr05,swing5trail,SL,-1.0,1,2023
2023-01-04 08:00:00,retest,atr05,ema20,SL,-1.0,1,2023
2023-01-04 08:00:00,retest,atr05,range_reentry,SL,-1.0,1,2023
2023-01-04 08:00:00,retest,atr075,chandelier15,SL,-1.0,1,2023
2023-01-04 08:00:00,retest,atr075,chandelier20,SL,-1.0,1,2023
2023-01-04 08:00:00,retest,atr075,chandelier25,SL,-1.0,1,2023
2023-01-04 08:00:00,retest,atr075,swing5trail,SL,-1.0,1,2023
2023-01-04 08:00:00,retest,atr075,ema20,SL,-1.0,1,2023
2023-01-04 08:00:00,retest,atr075,range_reentry,SL,-1.0,1,2023
2023-01-04 08:00:00,retest,atr10,chandelier15,SL,-1.0,1,2023
2023-01-04 08:00:00,retest,atr10,chandelier20,SL,-1.0,1,2023
2023-01-04 08:00:00,retest,atr10,chandelier25,SL,-1.0,1,2023
2023-01-04 08:00:00,retest,atr10,swing5trail,SL,-1.0,1,2023
2023-01-04 08:00:00,retest,atr10,ema20,SL,-1.0,1,2023
2023-01-04 08:00:00,retest,atr10,range_reentry,SL,-1.0,1,2023
2023-01-04 08:00:00,retest,retest,chandelier15,SL,-1.0,1,2023
2023-01-04 08:00:00,retest,retest,chandelier20,SL,-1.0,1,2023
2023-01-04 08:00:00,retest,retest,chandelier25,SL,-1.0,1,2023
2023-01-04 08:00:00,retest,retest,swing5trail,SL,-1.0,1,2023
2023-01-04 08:00:00,retest,retest,ema20,SL,-1.0,1,2023
2023-01-04 08:00:00,retest,retest,range_reentry,SL,-1.0,1,2023
2023-01-04 08:00:00,retest,struct5,chandelier15,SL,-1.0,1,2023
2023-01-04 08:00:00,retest,struct5,chandelier20,SL,-1.0,1,2023
2023-01-04 08:00:00,retest,struct5,chandelier25,SL,-1.0,1,2023
2023-01-04 08:00:00,retest,struct5,swing5trail,SL,-1.0,1,2023
2023-01-04 08:00:00,retest,struct5,ema20,SL,-1.0,1,2023
2023-01-04 08:00:00,retest,struct5,range_reentry,SL,-1.0,1,2023
2023-01-04 08:00:00,retest,struct10,chandelier15,SL,-1.0,1,2023
2023-01-04 08:00:00,retest,struct10,chandelier20,SL,-1.0,1,2023
2023-01-04 08:00:00,retest,struct10,chandelier25,SL,-1.0,1,2023
2023-01-04 08:00:00,retest,struct10,swing5trail,SL,-1.0,1,2023
2023-01-04 08:00:00,retest,struct10,ema20,SL,-1.0,1,2023
2023-01-04 08:00:00,retest,struct10,range_reentry,SL,-1.0,1,2023
2023-01-16 16:00:00,retest,atr05,chandelier15,SL,-1.0,2,2023
2023-01-16 16:00:00,retest,atr05,chandelier20,SL,-1.0,2,2023
2023-01-16 16:00:00,retest,atr05,chandelier25,SL,-1.0,2,2023
2023-01-16 16:00:00,retest,atr05,swing5trail,SL,-1.0,2,2023
2023-01-16 16:00:00,retest,atr05,ema20,SL,-1.0,2,2023
2023-01-16 16:00:00,retest,atr05,range_reentry,SL,-1.0,2,2023
2023-01-16 16:00:00,retest,atr075,chandelier15,SL,-1.0,2,2023
2023-01-16 16:00:00,retest,atr075,chandelier20,SL,-1.0,2,2023
2023-01-16 16:00:00,retest,atr075,chandelier25,SL,-1.0,2,2023
2023-01-16 16:00:00,retest,atr075,swing5trail,SL,-1.0,2,2023
2023-01-16 16:00:00,retest,atr075,ema20,SL,-1.0,2,2023
2023-01-16 16:00:00,retest,atr075,range_reentry,SL,-1.0,2,2023
2023-01-16 16:00:00,retest,atr10,chandelier15,SL,-1.0,8,2023
2023-01-16 16:00:00,retest,atr10,chandelier20,SL,-1.0,8,2023
2023-01-16 16:00:00,retest,atr10,chandelier25,SL,-1.0,8,2023
2023-01-16 16:00:00,retest,atr10,swing5trail,SL,-1.0,8,2023
2023-01-16 16:00:00,retest,atr10,ema20,SL,-1.0,8,2023
2023-01-16 16:00:00,retest,atr10,range_reentry,REENTRY,0.3059875978448801,2,2023
2023-01-16 16:00:00,retest,retest,chandelier15,SL,-1.0,2,2023
2023-01-16 16:00:00,retest,retest,chandelier20,SL,-1.0,2,2023
2023-01-16 16:00:00,retest,retest,chandelier25,SL,-1.0,2,2023
2023-01-16 16:00:00,retest,retest,swing5trail,SL,-1.0,2,2023
2023-01-16 16:00:00,retest,retest,ema20,SL,-1.0,2,2023
2023-01-16 16:00:00,retest,retest,range_reentry,SL,-1.0,2,2023
2023-01-16 16:00:00,retest,struct5,chandelier15,SL,-1.0,2,2023
2023-01-16 16:00:00,retest,struct5,chandelier20,SL,-1.0,2,2023
2023-01-16 16:00:00,retest,struct5,chandelier25,SL,-1.0,2,2023
2023-01-16 16:00:00,retest,struct5,swing5trail,SL,-1.0,2,2023
2023-01-16 16:00:00,retest,struct5,ema20,SL,-1.0,2,2023
2023-01-16 16:00:00,retest,struct5,range_reentry,SL,-1.0,2,2023
2023-01-16 16:00:00,retest,struct10,chandelier15,SL,-1.0,8,2023
2023-01-16 16:00:00,retest,struct10,chandelier20,SL,-1.0,8,2023
2023-01-16 16:00:00,retest,struct10,chandelier25,SL,-1.0,8,2023
2023-01-16 16:00:00,retest,struct10,swing5trail,SL,-1.0,8,2023
2023-01-16 16:00:00,retest,struct10,ema20,SL,-1.0,8,2023
2023-01-16 16:00:00,retest,struct10,range_reentry,REENTRY,0.28975741239893027,2,2023
2023-01-17 08:00:00,timed,atr05,chandelier15,SL,-1.0,4,2023
2023-01-17 08:00:00,timed,atr05,chandelier20,SL,-1.0,4,2023
2023-01-17 08:00:00,timed,atr05,chandelier25,SL,-1.0,4,2023
2023-01-17 08:00:00,timed,atr05,swing5trail,SL,-1.0,4,2023
2023-01-17 08:00:00,timed,atr05,ema20,SL,-1.0,4,2023
2023-01-17 08:00:00,timed,atr05,range_reentry,SL,-1.0,4,2023
2023-01-17 08:00:00,timed,atr075,chandelier15,SL,-1.0,4,2023
2023-01-17 08:00:00,timed,atr075,chandelier20,SL,-1.0,4,2023
2023-01-17 08:00:00,timed,atr075,chandelier25,SL,-1.0,4,2023
2023-01-17 08:00:00,timed,atr075,swing5trail,SL,-1.0,4,2023
2023-01-17 08:00:00,timed,atr075,ema20,SL,-1.0,4,2023
2023-01-17 08:00:00,timed,atr075,range_reentry,SL,-1.0,4,2023
2023-01-17 08:00:00,timed,atr10,chandelier15,SL,-1.0,4,2023
2023-01-17 08:00:00,timed,atr10,chandelier20,SL,-1.0,4,2023
2023-01-17 08:00:00,timed,atr10,chandelier25,SL,-1.0,4,2023
2023-01-17 08:00:00,timed,atr10,swing5trail,SL,-1.0,4,2023
2023-01-17 08:00:00,timed,atr10,ema20,SL,-1.0,4,2023
2023-01-17 08:00:00,timed,atr10,range_reentry,SL,-1.0,4,2023
2023-01-17 08:00:00,timed,retest,chandelier15,SL,-1.0,1,2023
2023-01-17 08:00:00,timed,retest,chandelier20,SL,-1.0,1,2023
2023-01-17 08:00:00,timed,retest,chandelier25,SL,-1.0,1,2023
2023-01-17 08:00:00,timed,retest,swing5trail,SL,-1.0,1,2023
2023-01-17 08:00:00,timed,retest,ema20,SL,-1.0,1,2023
2023-01-17 08:00:00,timed,retest,range_reentry,SL,-1.0,1,2023
2023-01-17 08:00:00,timed,struct5,chandelier15,SL,-1.0,4,2023
2023-01-17 08:00:00,timed,struct5,chandelier20,SL,-1.0,4,2023
2023-01-17 08:00:00,timed,struct5,chandelier25,SL,-1.0,4,2023
2023-01-17 08:00:00,timed,struct5,swing5trail,SL,-1.0,4,2023
2023-01-17 08:00:00,timed,struct5,ema20,SL,-1.0,4,2023
2023-01-17 08:00:00,timed,struct5,range_reentry,SL,-1.0,4,2023
2023-01-17 08:00:00,timed,struct10,chandelier15,SL,-1.0,4,2023
2023-01-17 08:00:00,timed,struct10,chandelier20,SL,-1.0,4,2023
2023-01-17 08:00:00,timed,struct10,chandelier25,SL,-1.0,4,2023
2023-01-17 08:00:00,timed,struct10,swing5trail,SL,-1.0,4,2023
2023-01-17 08:00:00,timed,struct10,ema20,SL,-1.0,4,2023
2023-01-17 08:00:00,timed,struct10,range_reentry,SL,-1.0,4,2023
2023-04-05 08:00:00,retest,atr05,chandelier15,CH15,0.010216492337679553,6,2023
2023-04-05 08:00:00,retest,atr05,chandelier20,SL,-1.0,7,2023
2023-04-05 08:00:00,retest,atr05,chandelier25,SL,-1.0,7,2023
2023-04-05 08:00:00,retest,atr05,swing5trail,SL,-1.0,7,2023
2023-04-05 08:00:00,retest,atr05,ema20,SL,-1.0,7,2023
2023-04-05 08:00:00,retest,atr05,range_reentry,SL,-1.0,7,2023
2023-04-05 08:00:00,retest,atr075,chandelier15,CH15,0.0068109948917863695,6,2023
2023-04-05 08:00:00,retest,atr075,chandelier20,CH20,0.6969918105895142,8,2023
2023-04-05 08:00:00,retest,atr075,chandelier25,SL,-1.0,9,2023
2023-04-05 08:00:00,retest,atr075,swing5trail,SW5,0.4563366577475574,7,2023
2023-04-05 08:00:00,retest,atr075,ema20,EMA20,0.6969918105895142,8,2023
2023-04-05 08:00:00,retest,atr075,range_reentry,REENTRY,0.4563366577475574,7,2023
2023-04-05 08:00:00,retest,atr10,chandelier15,CH15,0.005108246168839777,6,2023
2023-04-05 08:00:00,retest,atr10,chandelier20,CH20,0.5227438579421357,8,2023
2023-04-05 08:00:00,retest,atr10,chandelier25,CH25,0.6998297251277101,11,2023
2023-04-05 08:00:00,retest,atr10,swing5trail,SW5,0.34225249331066804,7,2023
2023-04-05 08:00:00,retest,atr10,ema20,EMA20,0.5227438579421357,8,2023
2023-04-05 08:00:00,retest,atr10,range_reentry,REENTRY,0.34225249331066804,7,2023
2023-04-05 08:00:00,retest,retest,chandelier15,CH15,0.009803921568673891,6,2023
2023-04-05 08:00:00,retest,retest,chandelier20,SL,-1.0,7,2023
2023-04-05 08:00:00,retest,retest,chandelier25,SL,-1.0,7,2023
2023-04-05 08:00:00,retest,retest,swing5trail,SL,-1.0,7,2023
2023-04-05 08:00:00,retest,retest,ema20,SL,-1.0,7,2023
2023-04-05 08:00:00,retest,retest,range_reentry,SL,-1.0,7,2023
2023-04-05 08:00:00,retest,struct5,chandelier15,CH15,0.0018703241895350995,6,2023
2023-04-05 08:00:00,retest,struct5,chandelier20,CH20,0.19139650872818817,8,2023
2023-04-05 08:00:00,retest,struct5,chandelier25,CH25,0.256234413965086,11,2023
2023-04-05 08:00:00,retest,struct5,swing5trail,SW5,0.12531172069826693,7,2023
2023-04-05 08:00:00,retest,struct5,ema20,EMA20,0.19139650872818817,8,2023
2023-04-05 08:00:00,retest,struct5,range_reentry,REENTRY,0.12531172069826693,7,2023
2023-04-05 08:00:00,retest,struct10,chandelier15,CH15,0.0017720023626782654,6,2023
2023-04-05 08:00:00,retest,struct10,chandelier20,CH20,0.18133490844655298,8,2023
2023-04-05 08:00:00,retest,struct10,chandelier25,CH25,0.242764323685764,11,2023
2023-04-05 08:00:00,retest,struct10,swing5trail,SW5,0.11872415829888978,7,2023
2023-04-05 08:00:00,retest,struct10,ema20,EMA20,0.18133490844655298,8,2023
2023-04-05 08:00:00,retest,struct10,range_reentry,REENTRY,0.11872415829888978,7,2023
2023-04-06 00:00:00,retest,atr05,chandelier15,SL,-1.0,1,2023
2023-04-06 00:00:00,retest,atr05,chandelier20,SL,-1.0,1,2023
2023-04-06 00:00:00,retest,atr05,chandelier25,SL,-1.0,1,2023
2023-04-06 00:00:00,retest,atr05,swing5trail,SL,-1.0,1,2023
2023-04-06 00:00:00,retest,atr05,ema20,SL,-1.0,1,2023
2023-04-06 00:00:00,retest,atr05,range_reentry,SL,-1.0,1,2023
2023-04-06 00:00:00,retest,atr075,chandelier15,SL,-1.0,3,2023
2023-04-06 00:00:00,retest,atr075,chandelier20,SL,-1.0,3,2023
2023-04-06 00:00:00,retest,atr075,chandelier25,SL,-1.0,3,2023
2023-04-06 00:00:00,retest,atr075,swing5trail,SL,-1.0,3,2023
2023-04-06 00:00:00,retest,atr075,ema20,SL,-1.0,3,2023
2023-04-06 00:00:00,retest,atr075,range_reentry,REENTRY,0.3798180314309628,1,2023
2023-04-06 00:00:00,retest,atr10,chandelier15,SL,-1.0,3,2023
2023-04-06 00:00:00,retest,atr10,chandelier20,SL,-1.0,3,2023
2023-04-06 00:00:00,retest,atr10,chandelier25,SL,-1.0,3,2023
2023-04-06 00:00:00,retest,atr10,swing5trail,SL,-1.0,3,2023
2023-04-06 00:00:00,retest,atr10,ema20,SL,-1.0,3,2023
2023-04-06 00:00:00,retest,atr10,range_reentry,REENTRY,0.28486352357322214,1,2023
2023-04-06 00:00:00,retest,retest,chandelier15,SL,-1.0,1,2023
2023-04-06 00:00:00,retest,retest,chandelier20,SL,-1.0,1,2023
2023-04-06 00:00:00,retest,retest,chandelier25,SL,-1.0,1,2023
2023-04-06 00:00:00,retest,retest,swing5trail,SL,-1.0,1,2023
2023-04-06 00:00:00,retest,retest,ema20,SL,-1.0,1,2023
2023-04-06 00:00:00,retest,retest,range_reentry,SL,-1.0,1,2023
2023-04-06 00:00:00,retest,struct5,chandelier15,SL,-1.0,3,2023
2023-04-06 00:00:00,retest,struct5,chandelier20,SL,-1.0,3,2023
2023-04-06 00:00:00,retest,struct5,chandelier25,SL,-1.0,3,2023
2023-04-06 00:00:00,retest,struct5,swing5trail,SL,-1.0,3,2023
2023-04-06 00:00:00,retest,struct5,ema20,SL,-1.0,3,2023
2023-04-06 00:00:00,retest,struct5,range_reentry,REENTRY,0.2692939244663601,1,2023
2023-04-06 00:00:00,retest,struct10,chandelier15,CH15,0.24109867751781078,3,2023
2023-04-06 00:00:00,retest,struct10,chandelier20,CH20,0.3479145473041682,7,2023
2023-04-06 00:00:00,retest,struct10,chandelier25,CH25,0.4689725330620515,9,2023
2023-04-06 00:00:00,retest,struct10,swing5trail,SW5,0.4689725330620515,9,2023
2023-04-06 00:00:00,retest,struct10,ema20,EMA20,0.29501525940997464,4,2023
2023-04-06 00:00:00,retest,struct10,range_reentry,REENTRY,0.08341810783317141,1,2023
2023-07-06 20:00:00,retest,atr05,chandelier15,SL,-1.0,1,2023
2023-07-06 20:00:00,retest,atr05,chandelier20,SL,-1.0,1,2023
2023-07-06 20:00:00,retest,atr05,chandelier25,SL,-1.0,1,2023
2023-07-06 20:00:00,retest,atr05,swing5trail,SL,-1.0,1,2023
2023-07-06 20:00:00,retest,atr05,ema20,SL,-1.0,1,2023
2023-07-06 20:00:00,retest,atr05,range_reentry,SL,-1.0,1,2023
2023-07-06 20:00:00,retest,atr075,chandelier15,TIME,-15.607327141382271,20,2023
2023-07-06 20:00:00,retest,atr075,chandelier20,TIME,-15.607327141382271,20,2023
2023-07-06 20:00:00,retest,atr075,chandelier25,TIME,-15.607327141382271,20,2023
2023-07-06 20:00:00,retest,atr075,swing5trail,TIME,-15.607327141382271,20,2023
2023-07-06 20:00:00,retest,atr075,ema20,TIME,-15.607327141382271,20,2023
2023-07-06 20:00:00,retest,atr075,range_reentry,TIME,-15.607327141382271,20,2023
2023-07-06 20:00:00,retest,atr10,chandelier15,TIME,-11.705495356037003,20,2023
2023-07-06 20:00:00,retest,atr10,chandelier20,TIME,-11.705495356037003,20,2023
2023-07-06 20:00:00,retest,atr10,chandelier25,TIME,-11.705495356037003,20,2023
2023-07-06 20:00:00,retest,atr10,swing5trail,TIME,-11.705495356037003,20,2023
2023-07-06 20:00:00,retest,atr10,ema20,TIME,-11.705495356037003,20,2023
2023-07-06 20:00:00,retest,atr10,range_reentry,TIME,-11.705495356037003,20,2023
2023-07-06 20:00:00,retest,retest,chandelier15,SL,-1.0,1,2023
2023-07-06 20:00:00,retest,retest,chandelier20,SL,-1.0,1,2023
2023-07-06 20:00:00,retest,retest,chandelier25,SL,-1.0,1,2023
2023-07-06 20:00:00,retest,retest,swing5trail,SL,-1.0,1,2023
2023-07-06 20:00:00,retest,retest,ema20,SL,-1.0,1,2023
2023-07-06 20:00:00,retest,retest,range_reentry,SL,-1.0,1,2023
2023-07-06 20:00:00,retest,struct5,chandelier15,TIME,-6.382570162481336,20,2023
2023-07-06 20:00:00,retest,struct5,chandelier20,TIME,-6.382570162481336,20,2023
2023-07-06 20:00:00,retest,struct5,chandelier25,TIME,-6.382570162481336,20,2023
2023-07-06 20:00:00,retest,struct5,swing5trail,TIME,-6.382570162481336,20,2023
2023-07-06 20:00:00,retest,struct5,ema20,TIME,-6.382570162481336,20,2023
2023-07-06 20:00:00,retest,struct5,range_reentry,TIME,-6.382570162481336,20,2023
2023-07-06 20:00:00,retest,struct10,chandelier15,TIME,-5.6855263157893265,20,2023
2023-07-06 20:00:00,retest,struct10,chandelier20,TIME,-5.6855263157893265,20,2023
2023-07-06 20:00:00,retest,struct10,chandelier25,TIME,-5.6855263157893265,20,2023
2023-07-06 20:00:00,retest,struct10,swing5trail,TIME,-5.6855263157893265,20,2023
2023-07-06 20:00:00,retest,struct10,ema20,TIME,-5.6855263157893265,20,2023
2023-07-06 20:00:00,retest,struct10,range_reentry,TIME,-5.6855263157893265,20,2023
2023-07-07 00:00:00,timed,atr05,chandelier15,TIME,-22.47034915942998,20,2023
2023-07-07 00:00:00,timed,atr05,chandelier20,TIME,-22.47034915942998,20,2023
2023-07-07 00:00:00,timed,atr05,chandelier25,TIME,-22.47034915942998,20,2023
2023-07-07 00:00:00,timed,atr05,swing5trail,TIME,-22.47034915942998,20,2023
2023-07-07 00:00:00,timed,atr05,ema20,TIME,-22.47034915942998,20,2023
2023-07-07 00:00:00,timed,atr05,range_reentry,TIME,-22.47034915942998,20,2023
2023-07-07 00:00:00,timed,atr075,chandelier15,TIME,-14.98023277295332,20,2023
2023-07-07 00:00:00,timed,atr075,chandelier20,TIME,-14.98023277295332,20,2023
2023-07-07 00:00:00,timed,atr075,chandelier25,TIME,-14.98023277295332,20,2023
2023-07-07 00:00:00,timed,atr075,swing5trail,TIME,-14.98023277295332,20,2023
2023-07-07 00:00:00,timed,atr075,ema20,TIME,-14.98023277295332,20,2023
2023-07-07 00:00:00,timed,atr075,range_reentry,TIME,-14.98023277295332,20,2023
2023-07-07 00:00:00,timed,atr10,chandelier15,TIME,-11.235174579715816,20,2023
2023-07-07 00:00:00,timed,atr10,chandelier20,TIME,-11.235174579715816,20,2023
2023-07-07 00:00:00,timed,atr10,chandelier25,TIME,-11.235174579715816,20,2023
2023-07-07 00:00:00,timed,atr10,swing5trail,TIME,-11.235174579715816,20,2023
2023-07-07 00:00:00,timed,atr10,ema20,TIME,-11.235174579715816,20,2023
2023-07-07 00:00:00,timed,atr10,range_reentry,TIME,-11.235174579715816,20,2023
2023-07-07 00:00:00,timed,retest,chandelier15,TIME,-19.392857142858023,20,2023
2023-07-07 00:00:00,timed,retest,chandelier20,TIME,-19.392857142858023,20,2023
2023-07-07 00:00:00,timed,retest,chandelier25,TIME,-19.392857142858023,20,2023
2023-07-07 00:00:00,timed,retest,swing5trail,TIME,-19.392857142858023,20,2023
2023-07-07 00:00:00,timed,retest,ema20,TIME,-19.392857142858023,20,2023
2023-07-07 00:00:00,timed,retest,range_reentry,TIME,-19.392857142858023,20,2023
2023-07-07 00:00:00,timed,struct5,chandelier15,TIME,-5.878213802435681,20,2023
2023-07-07 00:00:00,timed,struct5,chandelier20,TIME,-5.878213802435681,20,2023
2023-07-07 00:00:00,timed,struct5,chandelier25,TIME,-5.878213802435681,20,2023
2023-07-07 00:00:00,timed,struct5,swing5trail,TIME,-5.878213802435681,20,2023
2023-07-07 00:00:00,timed,struct5,ema20,TIME,-5.878213802435681,20,2023
2023-07-07 00:00:00,timed,struct5,range_reentry,TIME,-5.878213802435681,20,2023
2023-07-07 00:00:00,timed,struct10,chandelier15,TIME,-5.5408163265306625,20,2023
2023-07-07 00:00:00,timed,struct10,chandelier20,TIME,-5.5408163265306625,20,2023
2023-07-07 00:00:00,timed,struct10,chandelier25,TIME,-5.5408163265306625,20,2023
2023-07-07 00:00:00,timed,struct10,swing5trail,TIME,-5.5408163265306625,20,2023
2023-07-07 00:00:00,timed,struct10,ema20,TIME,-5.5408163265306625,20,2023
2023-07-07 00:00:00,timed,struct10,range_reentry,TIME,-5.5408163265306625,20,2023
2023-09-01 04:00:00,retest,atr05,chandelier15,SL,-1.0,2,2023
2023-09-01 04:00:00,retest,atr05,chandelier20,SL,-1.0,2,2023
2023-09-01 04:00:00,retest,atr05,chandelier25,SL,-1.0,2,2023
2023-09-01 04:00:00,retest,atr05,swing5trail,SL,-1.0,2,2023
2023-09-01 04:00:00,retest,atr05,ema20,SL,-1.0,2,2023
2023-09-01 04:00:00,retest,atr05,range_reentry,SL,-1.0,2,2023
2023-09-01 04:00:00,retest,atr075,chandelier15,SL,-1.0,2,2023
2023-09-01 04:00:00,retest,atr075,chandelier20,SL,-1.0,2,2023
2023-09-01 04:00:00,retest,atr075,chandelier25,SL,-1.0,2,2023
2023-09-01 04:00:00,retest,atr075,swing5trail,SL,-1.0,2,2023
2023-09-01 04:00:00,retest,atr075,ema20,SL,-1.0,2,2023
2023-09-01 04:00:00,retest,atr075,range_reentry,SL,-1.0,2,2023
2023-09-01 04:00:00,retest,atr10,chandelier15,SL,-1.0,2,2023
2023-09-01 04:00:00,retest,atr10,chandelier20,SL,-1.0,2,2023
2023-09-01 04:00:00,retest,atr10,chandelier25,SL,-1.0,2,2023
2023-09-01 04:00:00,retest,atr10,swing5trail,SL,-1.0,2,2023
2023-09-01 04:00:00,retest,atr10,ema20,SL,-1.0,2,2023
2023-09-01 04:00:00,retest,atr10,range_reentry,SL,-1.0,2,2023
2023-09-01 04:00:00,retest,retest,chandelier15,SL,-1.0,2,2023
2023-09-01 04:00:00,retest,retest,chandelier20,SL,-1.0,2,2023
2023-09-01 04:00:00,retest,retest,chandelier25,SL,-1.0,2,2023
2023-09-01 04:00:00,retest,retest,swing5trail,SL,-1.0,2,2023
2023-09-01 04:00:00,retest,retest,ema20,SL,-1.0,2,2023
2023-09-01 04:00:00,retest,retest,range_reentry,SL,-1.0,2,2023
2023-09-01 04:00:00,retest,struct5,chandelier15,CH15,0.9714993804213189,2,2023
2023-09-01 04:00:00,retest,struct5,chandelier20,CH20,0.9714993804213189,2,2023
2023-09-01 04:00:00,retest,struct5,chandelier25,CH25,0.9714993804213189,2,2023
2023-09-01 04:00:00,retest,struct5,swing5trail,SL,-1.0,3,2023
2023-09-01 04:00:00,retest,struct5,ema20,EMA20,0.9714993804213189,2,2023
2023-09-01 04:00:00,retest,struct5,range_reentry,REENTRY,0.9714993804213189,2,2023
2023-09-01 04:00:00,retest,struct10,chandelier15,CH15,0.8270042194092975,2,2023
2023-09-01 04:00:00,retest,struct10,chandelier20,CH20,0.8270042194092975,2,2023
2023-09-01 04:00:00,retest,struct10,chandelier25,CH25,0.8270042194092975,2,2023
2023-09-01 04:00:00,retest,struct10,swing5trail,SL,-1.0,7,2023
2023-09-01 04:00:00,retest,struct10,ema20,EMA20,0.8270042194092975,2,2023
2023-09-01 04:00:00,retest,struct10,range_reentry,REENTRY,0.8270042194092975,2,2023
2023-09-01 08:00:00,timed,atr05,chandelier15,SL,-1.0,1,2023
2023-09-01 08:00:00,timed,atr05,chandelier20,SL,-1.0,1,2023
2023-09-01 08:00:00,timed,atr05,chandelier25,SL,-1.0,1,2023
2023-09-01 08:00:00,timed,atr05,swing5trail,SL,-1.0,1,2023
2023-09-01 08:00:00,timed,atr05,ema20,SL,-1.0,1,2023
2023-09-01 08:00:00,timed,atr05,range_reentry,SL,-1.0,1,2023
2023-09-01 08:00:00,timed,atr075,chandelier15,SL,-1.0,1,2023
2023-09-01 08:00:00,timed,atr075,chandelier20,SL,-1.0,1,2023
2023-09-01 08:00:00,timed,atr075,chandelier25,SL,-1.0,1,2023
2023-09-01 08:00:00,timed,atr075,swing5trail,SL,-1.0,1,2023
2023-09-01 08:00:00,timed,atr075,ema20,SL,-1.0,1,2023
2023-09-01 08:00:00,timed,atr075,range_reentry,SL,-1.0,1,2023
2023-09-01 08:00:00,timed,atr10,chandelier15,SL,-1.0,1,2023
2023-09-01 08:00:00,timed,atr10,chandelier20,SL,-1.0,1,2023
2023-09-01 08:00:00,timed,atr10,chandelier25,SL,-1.0,1,2023
2023-09-01 08:00:00,timed,atr10,swing5trail,SL,-1.0,1,2023
2023-09-01 08:00:00,timed,atr10,ema20,SL,-1.0,1,2023
2023-09-01 08:00:00,timed,atr10,range_reentry,SL,-1.0,1,2023
2023-09-01 08:00:00,timed,retest,chandelier15,SL,-1.0,1,2023
2023-09-01 08:00:00,timed,retest,chandelier20,SL,-1.0,1,2023
2023-09-01 08:00:00,timed,retest,chandelier25,SL,-1.0,1,2023
2023-09-01 08:00:00,timed,retest,swing5trail,SL,-1.0,1,2023
2023-09-01 08:00:00,timed,retest,ema20,SL,-1.0,1,2023
2023-09-01 08:00:00,timed,retest,range_reentry,SL,-1.0,1,2023
2023-09-01 08:00:00,timed,struct5,chandelier15,CH15,0.9769769769769807,1,2023
2023-09-01 08:00:00,timed,struct5,chandelier20,CH20,0.9769769769769807,1,2023
2023-09-01 08:00:00,timed,struct5,chandelier25,CH25,0.9769769769769807,1,2023
2023-09-01 08:00:00,timed,struct5,swing5trail,SL,-1.0,2,2023
2023-09-01 08:00:00,timed,struct5,ema20,EMA20,0.9769769769769807,1,2023
2023-09-01 08:00:00,timed,struct5,range_reentry,REENTRY,0.9769769769769807,1,2023
2023-09-01 08:00:00,timed,struct10,chandelier15,CH15,0.9181561618062182,1,2023
2023-09-01 08:00:00,timed,struct10,chandelier20,CH20,0.9181561618062182,1,2023
2023-09-01 08:00:00,timed,struct10,chandelier25,CH25,0.9181561618062182,1,2023
2023-09-01 08:00:00,timed,struct10,swing5trail,SL,-1.0,2,2023
2023-09-01 08:00:00,timed,struct10,ema20,EMA20,0.9181561618062182,1,2023
2023-09-01 08:00:00,timed,struct10,range_reentry,REENTRY,0.9181561618062182,1,2023
2023-12-11 00:00:00,retest,atr05,chandelier15,SL,-1.0,1,2023
2023-12-11 00:00:00,retest,atr05,chandelier20,SL,-1.0,1,2023
2023-12-11 00:00:00,retest,atr05,chandelier25,SL,-1.0,1,2023
2023-12-11 00:00:00,retest,atr05,swing5trail,SL,-1.0,1,2023
2023-12-11 00:00:00,retest,atr05,ema20,SL,-1.0,1,2023
2023-12-11 00:00:00,retest,atr05,range_reentry,SL,-1.0,1,2023
2023-12-11 00:00:00,retest,atr075,chandelier15,SL,-1.0,1,2023
2023-12-11 00:00:00,retest,atr075,chandelier20,SL,-1.0,1,2023
2023-12-11 00:00:00,retest,atr075,chandelier25,SL,-1.0,1,2023
2023-12-11 00:00:00,retest,atr075,swing5trail,SL,-1.0,1,2023
2023-12-11 00:00:00,retest,atr075,ema20,SL,-1.0,1,2023
2023-12-11 00:00:00,retest,atr075,range_reentry,SL,-1.0,1,2023
2023-12-11 00:00:00,retest,atr10,chandelier15,SL,-1.0,3,2023
2023-12-11 00:00:00,retest,atr10,chandelier20,SL,-1.0,3,2023
2023-12-11 00:00:00,retest,atr10,chandelier25,SL,-1.0,3,2023
2023-12-11 00:00:00,retest,atr10,swing5trail,SL,-1.0,3,2023
2023-12-11 00:00:00,retest,atr10,ema20,SL,-1.0,3,2023
2023-12-11 00:00:00,retest,atr10,range_reentry,REENTRY,0.9134589134589202,1,2023
2023-12-11 00:00:00,retest,retest,chandelier15,SL,-1.0,1,2023
2023-12-11 00:00:00,retest,retest,chandelier20,SL,-1.0,1,2023
2023-12-11 00:00:00,retest,retest,chandelier25,SL,-1.0,1,2023
2023-12-11 00:00:00,retest,retest,swing5trail,SL,-1.0,1,2023
2023-12-11 00:00:00,retest,retest,ema20,SL,-1.0,1,2023
2023-12-11 00:00:00,retest,retest,range_reentry,SL,-1.0,1,2023
2023-12-11 00:00:00,retest,struct5,chandelier15,INVALID,,0,2023
2023-12-11 00:00:00,retest,struct5,chandelier20,INVALID,,0,2023
2023-12-11 00:00:00,retest,struct5,chandelier25,INVALID,,0,2023
2023-12-11 00:00:00,retest,struct5,swing5trail,INVALID,,0,2023
2023-12-11 00:00:00,retest,struct5,ema20,INVALID,,0,2023
2023-12-11 00:00:00,retest,struct5,range_reentry,INVALID,,0,2023
2023-12-11 00:00:00,retest,struct10,chandelier15,INVALID,,0,2023
2023-12-11 00:00:00,retest,struct10,chandelier20,INVALID,,0,2023
2023-12-11 00:00:00,retest,struct10,chandelier25,INVALID,,0,2023
2023-12-11 00:00:00,retest,struct10,swing5trail,INVALID,,0,2023
2023-12-11 00:00:00,retest,struct10,ema20,INVALID,,0,2023
2023-12-11 00:00:00,retest,struct10,range_reentry,INVALID,,0,2023
2023-12-11 20:00:00,timed,atr05,chandelier15,CH15,-1.2355736591989843,5,2023
2023-12-11 20:00:00,timed,atr05,chandelier20,TIME,-11.06856754921959,20,2023
2023-12-11 20:00:00,timed,atr05,chandelier25,TIME,-11.06856754921959,20,2023
2023-12-11 20:00:00,timed,atr05,swing5trail,TIME,-11.06856754921959,20,2023
2023-12-11 20:00:00,timed,atr05,ema20,EMA20,-1.094365241004839,4,2023
2023-12-11 20:00:00,timed,atr05,range_reentry,REENTRY,-1.2301425661914904,1,2023
2023-12-11 20:00:00,timed,atr075,chandelier15,CH15,-0.823715772799323,5,2023
2023-12-11 20:00:00,timed,atr075,chandelier20,TIME,-7.37904503281306,20,2023
2023-12-11 20:00:00,timed,atr075,chandelier25,TIME,-7.37904503281306,20,2023
2023-12-11 20:00:00,timed,atr075,swing5trail,TIME,-7.37904503281306,20,2023
2023-12-11 20:00:00,timed,atr075,ema20,EMA20,-0.7295768273365593,4,2023
2023-12-11 20:00:00,timed,atr075,range_reentry,REENTRY,-0.8200950441276603,1,2023
2023-12-11 20:00:00,timed,atr10,chandelier15,CH15,-0.6177868295994683,5,2023
2023-12-11 20:00:00,timed,atr10,chandelier20,TIME,-5.534283774609582,20,2023
2023-12-11 20:00:00,timed,atr10,chandelier25,TIME,-5.534283774609582,20,2023
2023-12-11 20:00:00,timed,atr10,swing5trail,TIME,-5.534283774609582,20,2023
2023-12-11 20:00:00,timed,atr10,ema20,EMA20,-0.5471826205023984,4,2023
2023-12-11 20:00:00,timed,atr10,range_reentry,REENTRY,-0.6150712830957216,1,2023
2023-12-11 20:00:00,timed,retest,chandelier15,INVALID,,0,2023
2023-12-11 20:00:00,timed,retest,chandelier20,INVALID,,0,2023
2023-12-11 20:00:00,timed,retest,chandelier25,INVALID,,0,2023
2023-12-11 20:00:00,timed,retest,swing5trail,INVALID,,0,2023
2023-12-11 20:00:00,timed,retest,ema20,INVALID,,0,2023
2023-12-11 20:00:00,timed,retest,range_reentry,INVALID,,0,2023
2023-12-11 20:00:00,timed,struct5,chandelier15,CH15,-0.8441558441558873,5,2023
2023-12-11 20:00:00,timed,struct5,chandelier20,TIME,-7.562152133580871,20,2023
2023-12-11 20:00:00,timed,struct5,chandelier25,TIME,-7.562152133580871,20,2023
2023-12-11 20:00:00,timed,struct5,swing5trail,TIME,-7.562152133580871,20,2023
2023-12-11 20:00:00,timed,struct5,ema20,EMA20,-0.7476808905380882,4,2023
2023-12-11 20:00:00,timed,struct5,range_reentry,REENTRY,-0.8404452690167229,1,2023
2023-12-11 20:00:00,timed,struct10,chandelier15,CH15,-0.8441558441558873,5,2023
2023-12-11 20:00:00,timed,struct10,chandelier20,TIME,-7.562152133580871,20,2023
2023-12-11 20:00:00,timed,struct10,chandelier25,TIME,-7.562152133580871,20,2023
2023-12-11 20:00:00,timed,struct10,swing5trail,TIME,-7.562152133580871,20,2023
2023-12-11 20:00:00,timed,struct10,ema20,EMA20,-0.7476808905380882,4,2023
2023-12-11 20:00:00,timed,struct10,range_reentry,REENTRY,-0.8404452690167229,1,2023
2023-12-29 08:00:00,retest,atr05,chandelier15,SL,-1.0,1,2023
2023-12-29 08:00:00,retest,atr05,chandelier20,SL,-1.0,1,2023
2023-12-29 08:00:00,retest,atr05,chandelier25,SL,-1.0,1,2023
2023-12-29 08:00:00,retest,atr05,swing5trail,SL,-1.0,1,2023
2023-12-29 08:00:00,retest,atr05,ema20,SL,-1.0,1,2023
2023-12-29 08:00:00,retest,atr05,range_reentry,SL,-1.0,1,2023
2023-12-29 08:00:00,retest,atr075,chandelier15,CH15,0.0,6,2023
2023-12-29 08:00:00,retest,atr075,chandelier20,CH20,0.7550501415478537,7,2023
2023-12-29 08:00:00,retest,atr075,chandelier25,SL,-1.0,8,2023
2023-12-29 08:00:00,retest,atr075,swing5trail,SW5,0.7550501415478537,7,2023
2023-12-29 08:00:00,retest,atr075,ema20,EMA20,-0.12091550309490447,5,2023
2023-12-29 08:00:00,retest,atr075,range_reentry,REENTRY,0.7550501415478537,7,2023
2023-12-29 08:00:00,retest,atr10,chandelier15,CH15,0.0,6,2023
2023-12-29 08:00:00,retest,atr10,chandelier20,CH20,0.5662876061609011,7,2023
2023-12-29 08:00:00,retest,atr10,chandelier25,SL,-1.0,8,2023
2023-12-29 08:00:00,retest,atr10,swing5trail,SW5,0.5662876061609011,7,2023
2023-12-29 08:00:00,retest,atr10,ema20,EMA20,-0.09068662732118009,5,2023
2023-12-29 08:00:00,retest,atr10,range_reentry,REENTRY,0.5662876061609011,7,2023
2023-12-29 08:00:00,retest,retest,chandelier15,CH15,0.0,6,2023
2023-12-29 08:00:00,retest,retest,chandelier20,CH20,0.7635869565216883,7,2023
2023-12-29 08:00:00,retest,retest,chandelier25,SL,-1.0,8,2023
2023-12-29 08:00:00,retest,retest,swing5trail,SW5,0.7635869565216883,7,2023
2023-12-29 08:00:00,retest,retest,ema20,EMA20,-0.12228260869569708,5,2023
2023-12-29 08:00:00,retest,retest,range_reentry,REENTRY,0.7635869565216883,7,2023
2023-12-29 08:00:00,retest,struct5,chandelier15,SL,-1.0,1,2023
2023-12-29 08:00:00,retest,struct5,chandelier20,SL,-1.0,1,2023
2023-12-29 08:00:00,retest,struct5,chandelier25,SL,-1.0,1,2023
2023-12-29 08:00:00,retest,struct5,swing5trail,SL,-1.0,1,2023
2023-12-29 08:00:00,retest,struct5,ema20,SL,-1.0,1,2023
2023-12-29 08:00:00,retest,struct5,range_reentry,SL,-1.0,1,2023
2023-12-29 08:00:00,retest,struct10,chandelier15,CH15,0.0,6,2023
2023-12-29 08:00:00,retest,struct10,chandelier20,CH20,0.4054834054833826,7,2023
2023-12-29 08:00:00,retest,struct10,chandelier25,CH25,0.5800865800865748,9,2023
2023-12-29 08:00:00,retest,struct10,swing5trail,SW5,0.4054834054833826,7,2023
2023-12-29 08:00:00,retest,struct10,ema20,EMA20,-0.06493506493508944,5,2023
2023-12-29 08:00:00,retest,struct10,range_reentry,REENTRY,0.4054834054833826,7,2023
2024-01-24 16:00:00,retest,atr05,chandelier15,SL,-1.0,2,2024
2024-01-24 16:00:00,retest,atr05,chandelier20,SL,-1.0,2,2024
2024-01-24 16:00:00,retest,atr05,chandelier25,SL,-1.0,2,2024
2024-01-24 16:00:00,retest,atr05,swing5trail,SL,-1.0,2,2024
2024-01-24 16:00:00,retest,atr05,ema20,SL,-1.0,2,2024
2024-01-24 16:00:00,retest,atr05,range_reentry,SL,-1.0,2,2024
2024-01-24 16:00:00,retest,atr075,chandelier15,CH15,0.6612758310871203,6,2024
2024-01-24 16:00:00,retest,atr075,chandelier20,CH20,0.6612758310871203,6,2024
2024-01-24 16:00:00,retest,atr075,chandelier25,SL,-1.0,10,2024
2024-01-24 16:00:00,retest,atr075,swing5trail,SL,-1.0,10,2024
2024-01-24 16:00:00,retest,atr075,ema20,EMA20,0.6612758310871203,6,2024
2024-01-24 16:00:00,retest,atr075,range_reentry,REENTRY,0.21323749625636462,2,2024
2024-01-24 16:00:00,retest,atr10,chandelier15,CH15,0.4959568733153318,6,2024
2024-01-24 16:00:00,retest,atr10,chandelier20,CH20,0.4959568733153318,6,2024
2024-01-24 16:00:00,retest,atr10,chandelier25,SL,-1.0,11,2024
2024-01-24 16:00:00,retest,atr10,swing5trail,SL,-1.0,11,2024
2024-01-24 16:00:00,retest,atr10,ema20,EMA20,0.4959568733153318,6,2024
2024-01-24 16:00:00,retest,atr10,range_reentry,REENTRY,0.15992812219227076,2,2024
2024-01-24 16:00:00,retest,retest,chandelier15,SL,-1.0,1,2024
2024-01-24 16:00:00,retest,retest,chandelier20,SL,-1.0,1,2024
2024-01-24 16:00:00,retest,retest,chandelier25,SL,-1.0,1,2024
2024-01-24 16:00:00,retest,retest,swing5trail,SL,-1.0,1,2024
2024-01-24 16:00:00,retest,retest,ema20,SL,-1.0,1,2024
2024-01-24 16:00:00,retest,retest,range_reentry,SL,-1.0,1,2024
2024-01-24 16:00:00,retest,struct5,chandelier15,CH15,0.32508833922259767,6,2024
2024-01-24 16:00:00,retest,struct5,chandelier20,CH20,0.32508833922259767,6,2024
2024-01-24 16:00:00,retest,struct5,chandelier25,CH25,0.6313309776207396,12,2024
2024-01-24 16:00:00,retest,struct5,swing5trail,TIME,-0.0906949352179024,20,2024
2024-01-24 16:00:00,retest,struct5,ema20,EMA20,0.32508833922259767,6,2024
2024-01-24 16:00:00,retest,struct5,range_reentry,REENTRY,0.10482921083627766,2,2024
2024-01-24 16:00:00,retest,struct10,chandelier15,CH15,0.24381625441695032,6,2024
2024-01-24 16:00:00,retest,struct10,chandelier20,CH20,0.24381625441695032,6,2024
2024-01-24 16:00:00,retest,struct10,chandelier25,CH25,0.47349823321555873,12,2024
2024-01-24 16:00:00,retest,struct10,swing5trail,TIME,-0.06802120141342737,20,2024
2024-01-24 16:00:00,retest,struct10,ema20,EMA20,0.24381625441695032,6,2024
2024-01-24 16:00:00,retest,struct10,range_reentry,REENTRY,0.0786219081272089,2,2024
2024-02-29 20:00:00,retest,atr05,chandelier15,SL,-1.0,1,2024
2024-02-29 20:00:00,retest,atr05,chandelier20,SL,-1.0,1,2024
2024-02-29 20:00:00,retest,atr05,chandelier25,SL,-1.0,1,2024
2024-02-29 20:00:00,retest,atr05,swing5trail,SL,-1.0,1,2024
2024-02-29 20:00:00,retest,atr05,ema20,SL,-1.0,1,2024
2024-02-29 20:00:00,retest,atr05,range_reentry,SL,-1.0,1,2024
2024-02-29 20:00:00,retest,atr075,chandelier15,SL,-1.0,1,2024
2024-02-29 20:00:00,retest,atr075,chandelier20,SL,-1.0,1,2024
2024-02-29 20:00:00,retest,atr075,chandelier25,SL,-1.0,1,2024
2024-02-29 20:00:00,retest,atr075,swing5trail,SL,-1.0,1,2024
2024-02-29 20:00:00,retest,atr075,ema20,SL,-1.0,1,2024
2024-02-29 20:00:00,retest,atr075,range_reentry,SL,-1.0,1,2024
2024-02-29 20:00:00,retest,atr10,chandelier15,SL,-1.0,2,2024
2024-02-29 20:00:00,retest,atr10,chandelier20,SL,-1.0,2,2024
2024-02-29 20:00:00,retest,atr10,chandelier25,SL,-1.0,2,2024
2024-02-29 20:00:00,retest,atr10,swing5trail,SL,-1.0,2,2024
2024-02-29 20:00:00,retest,atr10,ema20,EMA20,0.6904257368522407,1,2024
2024-02-29 20:00:00,retest,atr10,range_reentry,REENTRY,0.6904257368522407,1,2024
2024-02-29 20:00:00,retest,retest,chandelier15,SL,-1.0,1,2024
2024-02-29 20:00:00,retest,retest,chandelier20,SL,-1.0,1,2024
2024-02-29 20:00:00,retest,retest,chandelier25,SL,-1.0,1,2024
2024-02-29 20:00:00,retest,retest,swing5trail,SL,-1.0,1,2024
2024-02-29 20:00:00,retest,retest,ema20,SL,-1.0,1,2024
2024-02-29 20:00:00,retest,retest,range_reentry,SL,-1.0,1,2024
2024-02-29 20:00:00,retest,struct5,chandelier15,CH15,0.727891156462588,2,2024
2024-02-29 20:00:00,retest,struct5,chandelier20,SL,-1.0,3,2024
2024-02-29 20:00:00,retest,struct5,chandelier25,SL,-1.0,3,2024
2024-02-29 20:00:00,retest,struct5,swing5trail,SL,-1.0,3,2024
2024-02-29 20:00:00,retest,struct5,ema20,EMA20,0.43537414965986887,1,2024
2024-02-29 20:00:00,retest,struct5,range_reentry,REENTRY,0.43537414965986887,1,2024
2024-02-29 20:00:00,retest,struct10,chandelier15,CH15,0.552971576227386,2,2024
2024-02-29 20:00:00,retest,struct10,chandelier20,CH20,0.6227390180878537,12,2024
2024-02-29 20:00:00,retest,struct10,chandelier25,TIME,-0.11498708010335727,20,2024
2024-02-29 20:00:00,retest,struct10,swing5trail,SW5,0.45865633074934026,10,2024
2024-02-29 20:00:00,retest,struct10,ema20,EMA20,0.33074935400516786,1,2024
2024-02-29 20:00:00,retest,struct10,range_reentry,REENTRY,0.33074935400516786,1,2024
2024-03-01 12:00:00,timed,atr05,chandelier15,SL,-1.0,5,2024
2024-03-01 12:00:00,timed,atr05,chandelier20,SL,-1.0,5,2024
2024-03-01 12:00:00,timed,atr05,chandelier25,SL,-1.0,5,2024
2024-03-01 12:00:00,timed,atr05,swing5trail,SL,-1.0,5,2024
2024-03-01 12:00:00,timed,atr05,ema20,SL,-1.0,5,2024
2024-03-01 12:00:00,timed,atr05,range_reentry,REENTRY,-0.03282532239158451,1,2024
2024-03-01 12:00:00,timed,atr075,chandelier15,SL,-1.0,6,2024
2024-03-01 12:00:00,timed,atr075,chandelier20,SL,-1.0,6,2024
2024-03-01 12:00:00,timed,atr075,chandelier25,SL,-1.0,6,2024
2024-03-01 12:00:00,timed,atr075,swing5trail,SL,-1.0,6,2024
2024-03-01 12:00:00,timed,atr075,ema20,EMA20,0.5814771395075604,5,2024
2024-03-01 12:00:00,timed,atr075,range_reentry,REENTRY,-0.02188354826105537,1,2024
2024-03-01 12:00:00,timed,atr10,chandelier15,CH15,0.705744431418487,6,2024
2024-03-01 12:00:00,timed,atr10,chandelier20,SL,-1.0,7,2024
2024-03-01 12:00:00,timed,atr10,chandelier25,SL,-1.0,7,2024
2024-03-01 12:00:00,timed,atr10,swing5trail,SW5,0.705744431418487,6,2024
2024-03-01 12:00:00,timed,atr10,ema20,EMA20,0.4361078546306606,5,2024
2024-03-01 12:00:00,timed,atr10,range_reentry,REENTRY,-0.016412661195791163,1,2024
2024-03-01 12:00:00,timed,retest,chandelier15,SL,-1.0,1,2024
2024-03-01 12:00:00,timed,retest,chandelier20,SL,-1.0,1,2024
2024-03-01 12:00:00,timed,retest,chandelier25,SL,-1.0,1,2024
2024-03-01 12:00:00,timed,retest,swing5trail,SL,-1.0,1,2024
2024-03-01 12:00:00,timed,retest,ema20,SL,-1.0,1,2024
2024-03-01 12:00:00,timed,retest,range_reentry,SL,-1.0,1,2024
2024-03-01 12:00:00,timed,struct5,chandelier15,CH15,0.5346358792184619,6,2024
2024-03-01 12:00:00,timed,struct5,chandelier20,CH20,0.7602131438721248,8,2024
2024-03-01 12:00:00,timed,struct5,chandelier25,TIME,-1.381882770870402,20,2024
2024-03-01 12:00:00,timed,struct5,swing5trail,SW5,0.5346358792184619,6,2024
2024-03-01 12:00:00,timed,struct5,ema20,EMA20,0.3303730017761679,5,2024
2024-03-01 12:00:00,timed,struct5,range_reentry,REENTRY,-0.012433392539973623,1,2024
2024-03-01 12:00:00,timed,struct10,chandelier15,CH15,0.5,6,2024
2024-03-01 12:00:00,timed,struct10,chandelier20,CH20,0.7109634551495261,8,2024
2024-03-01 12:00:00,timed,struct10,chandelier25,TIME,-1.2923588039867968,20,2024
2024-03-01 12:00:00,timed,struct10,swing5trail,SW5,0.5,6,2024
2024-03-01 12:00:00,timed,struct10,ema20,EMA20,0.3089700996677512,5,2024
2024-03-01 12:00:00,timed,struct10,range_reentry,REENTRY,-0.01162790697675297,1,2024
2024-06-05 20:00:00,retest,atr05,chandelier15,SL,-1.0,2,2024
2024-06-05 20:00:00,retest,atr05,chandelier20,SL,-1.0,2,2024
2024-06-05 20:00:00,retest,atr05,chandelier25,SL,-1.0,2,2024
2024-06-05 20:00:00,retest,atr05,swing5trail,SL,-1.0,2,2024
2024-06-05 20:00:00,retest,atr05,ema20,SL,-1.0,2,2024
2024-06-05 20:00:00,retest,atr05,range_reentry,SL,-1.0,2,2024
2024-06-05 20:00:00,retest,atr075,chandelier15,SL,-1.0,2,2024
2024-06-05 20:00:00,retest,atr075,chandelier20,SL,-1.0,2,2024
2024-06-05 20:00:00,retest,atr075,chandelier25,SL,-1.0,2,2024
2024-06-05 20:00:00,retest,atr075,swing5trail,SL,-1.0,2,2024
2024-06-05 20:00:00,retest,atr075,ema20,SL,-1.0,2,2024
2024-06-05 20:00:00,retest,atr075,range_reentry,SL,-1.0,2,2024
2024-06-05 20:00:00,retest,atr10,chandelier15,CH15,0.7099903006789202,2,2024
2024-06-05 20:00:00,retest,atr10,chandelier20,SL,-1.0,4,2024
2024-06-05 20:00:00,retest,atr10,chandelier25,SL,-1.0,4,2024
2024-06-05 20:00:00,retest,atr10,swing5trail,SL,-1.0,4,2024
2024-06-05 20:00:00,retest,atr10,ema20,EMA20,0.7099903006789202,2,2024
2024-06-05 20:00:00,retest,atr10,range_reentry,REENTRY,0.7099903006789202,2,2024
2024-06-05 20:00:00,retest,retest,chandelier15,SL,-1.0,2,2024
2024-06-05 20:00:00,retest,retest,chandelier20,SL,-1.0,2,2024
2024-06-05 20:00:00,retest,retest,chandelier25,SL,-1.0,2,2024
2024-06-05 20:00:00,retest,retest,swing5trail,SL,-1.0,2,2024
2024-06-05 20:00:00,retest,retest,ema20,SL,-1.0,2,2024
2024-06-05 20:00:00,retest,retest,range_reentry,SL,-1.0,2,2024
2024-06-05 20:00:00,retest,struct5,chandelier15,CH15,0.6398601398601114,2,2024
2024-06-05 20:00:00,retest,struct5,chandelier20,SL,-1.0,10,2024
2024-06-05 20:00:00,retest,struct5,chandelier25,SL,-1.0,10,2024
2024-06-05 20:00:00,retest,struct5,swing5trail,SL,-1.0,10,2024
2024-06-05 20:00:00,retest,struct5,ema20,EMA20,0.6398601398601114,2,2024
2024-06-05 20:00:00,retest,struct5,range_reentry,REENTRY,0.6398601398601114,2,2024
2024-06-05 20:00:00,retest,struct10,chandelier15,CH15,0.6398601398601114,2,2024
2024-06-05 20:00:00,retest,struct10,chandelier20,SL,-1.0,10,2024
2024-06-05 20:00:00,retest,struct10,chandelier25,SL,-1.0,10,2024
2024-06-05 20:00:00,retest,struct10,swing5trail,SL,-1.0,10,2024
2024-06-05 20:00:00,retest,struct10,ema20,EMA20,0.6398601398601114,2,2024
2024-06-05 20:00:00,retest,struct10,range_reentry,REENTRY,0.6398601398601114,2,2024
2024-06-06 00:00:00,timed,atr05,chandelier15,SL,-1.0,1,2024
2024-06-06 00:00:00,timed,atr05,chandelier20,SL,-1.0,1,2024
2024-06-06 00:00:00,timed,atr05,chandelier25,SL,-1.0,1,2024
2024-06-06 00:00:00,timed,atr05,swing5trail,SL,-1.0,1,2024
2024-06-06 00:00:00,timed,atr05,ema20,SL,-1.0,1,2024
2024-06-06 00:00:00,timed,atr05,range_reentry,SL,-1.0,1,2024
2024-06-06 00:00:00,timed,atr075,chandelier15,SL,-1.0,1,2024
2024-06-06 00:00:00,timed,atr075,chandelier20,SL,-1.0,1,2024
2024-06-06 00:00:00,timed,atr075,chandelier25,SL,-1.0,1,2024
2024-06-06 00:00:00,timed,atr075,swing5trail,SL,-1.0,1,2024
2024-06-06 00:00:00,timed,atr075,ema20,SL,-1.0,1,2024
2024-06-06 00:00:00,timed,atr075,range_reentry,SL,-1.0,1,2024
2024-06-06 00:00:00,timed,atr10,chandelier15,SL,-1.0,1,2024
2024-06-06 00:00:00,timed,atr10,chandelier20,SL,-1.0,1,2024
2024-06-06 00:00:00,timed,atr10,chandelier25,SL,-1.0,1,2024
2024-06-06 00:00:00,timed,atr10,swing5trail,SL,-1.0,1,2024
2024-06-06 00:00:00,timed,atr10,ema20,SL,-1.0,1,2024
2024-06-06 00:00:00,timed,atr10,range_reentry,SL,-1.0,1,2024
2024-06-06 00:00:00,timed,retest,chandelier15,SL,-1.0,1,2024
2024-06-06 00:00:00,timed,retest,chandelier20,SL,-1.0,1,2024
2024-06-06 00:00:00,timed,retest,chandelier25,SL,-1.0,1,2024
2024-06-06 00:00:00,timed,retest,swing5trail,SL,-1.0,1,2024
2024-06-06 00:00:00,timed,retest,ema20,SL,-1.0,1,2024
2024-06-06 00:00:00,timed,retest,range_reentry,SL,-1.0,1,2024
2024-06-06 00:00:00,timed,struct5,chandelier15,CH15,0.7751091703056642,1,2024
2024-06-06 00:00:00,timed,struct5,chandelier20,SL,-1.0,9,2024
2024-06-06 00:00:00,timed,struct5,chandelier25,SL,-1.0,9,2024
2024-06-06 00:00:00,timed,struct5,swing5trail,SL,-1.0,9,2024
2024-06-06 00:00:00,timed,struct5,ema20,EMA20,0.7751091703056642,1,2024
2024-06-06 00:00:00,timed,struct5,range_reentry,REENTRY,0.7751091703056642,1,2024
2024-06-06 00:00:00,timed,struct10,chandelier15,CH15,0.7751091703056642,1,2024
2024-06-06 00:00:00,timed,struct10,chandelier20,SL,-1.0,9,2024
2024-06-06 00:00:00,timed,struct10,chandelier25,SL,-1.0,9,2024
2024-06-06 00:00:00,timed,struct10,swing5trail,SL,-1.0,9,2024
2024-06-06 00:00:00,timed,struct10,ema20,EMA20,0.7751091703056642,1,2024
2024-06-06 00:00:00,timed,struct10,range_reentry,REENTRY,0.7751091703056642,1,2024
2024-07-05 12:00:00,retest,atr05,chandelier15,SL,-1.0,5,2024
2024-07-05 12:00:00,retest,atr05,chandelier20,SL,-1.0,5,2024
2024-07-05 12:00:00,retest,atr05,chandelier25,SL,-1.0,5,2024
2024-07-05 12:00:00,retest,atr05,swing5trail,SL,-1.0,5,2024
2024-07-05 12:00:00,retest,atr05,ema20,SL,-1.0,5,2024
2024-07-05 12:00:00,retest,atr05,range_reentry,SL,-1.0,5,2024
2024-07-05 12:00:00,retest,atr075,chandelier15,CH15,0.5064836003050872,5,2024
2024-07-05 12:00:00,retest,atr075,chandelier20,SL,-1.0,6,2024
2024-07-05 12:00:00,retest,atr075,chandelier25,SL,-1.0,6,2024
2024-07-05 12:00:00,retest,atr075,swing5trail,SL,-1.0,6,2024
2024-07-05 12:00:00,retest,atr075,ema20,SL,-1.0,6,2024
2024-07-05 12:00:00,retest,atr075,range_reentry,REENTRY,0.5064836003050872,5,2024
2024-07-05 12:00:00,retest,atr10,chandelier15,CH15,0.3798627002288154,5,2024
2024-07-05 12:00:00,retest,atr10,chandelier20,CH20,0.6430205949656712,6,2024
2024-07-05 12:00:00,retest,atr10,chandelier25,SL,-1.0,12,2024
2024-07-05 12:00:00,retest,atr10,swing5trail,SW5,0.6430205949656712,6,2024
2024-07-05 12:00:00,retest,atr10,ema20,EMA20,0.6430205949656712,6,2024
2024-07-05 12:00:00,retest,atr10,range_reentry,REENTRY,0.3798627002288154,5,2024
2024-07-05 12:00:00,retest,retest,chandelier15,CH15,0.2775919732441357,5,2024
2024-07-05 12:00:00,retest,retest,chandelier20,CH20,0.469899665551839,6,2024
2024-07-05 12:00:00,retest,retest,chandelier25,SL,-1.0,13,2024
2024-07-05 12:00:00,retest,retest,swing5trail,SW5,0.469899665551839,6,2024
2024-07-05 12:00:00,retest,retest,ema20,EMA20,0.469899665551839,6,2024
2024-07-05 12:00:00,retest,retest,range_reentry,REENTRY,0.2775919732441357,5,2024
2024-07-05 12:00:00,retest,struct5,chandelier15,CH15,0.2499999999999893,5,2024
2024-07-05 12:00:00,retest,struct5,chandelier20,CH20,0.42319277108433623,6,2024
2024-07-05 12:00:00,retest,struct5,chandelier25,SL,-1.0,13,2024
2024-07-05 12:00:00,retest,struct5,swing5trail,SW5,0.42319277108433623,6,2024
2024-07-05 12:00:00,retest,struct5,ema20,EMA20,0.42319277108433623,6,2024
2024-07-05 12:00:00,retest,struct5,range_reentry,REENTRY,0.2499999999999893,5,2024
2024-07-05 12:00:00,retest,struct10,chandelier15,CH15,0.16290480863591358,5,2024
2024-07-05 12:00:00,retest,struct10,chandelier20,CH20,0.2757605495583949,6,2024
2024-07-05 12:00:00,retest,struct10,chandelier25,CH25,0.6545632973503416,13,2024
2024-07-05 12:00:00,retest,struct10,swing5trail,SW5,0.2757605495583949,6,2024
2024-07-05 12:00:00,retest,struct10,ema20,EMA20,0.2757605495583949,6,2024
2024-07-05 12:00:00,retest,struct10,range_reentry,REENTRY,0.16290480863591358,5,2024
2024-07-07 20:00:00,timed,atr05,chandelier15,SL,-1.0,2,2024
2024-07-07 20:00:00,timed,atr05,chandelier20,SL,-1.0,2,2024
2024-07-07 20:00:00,timed,atr05,chandelier25,SL,-1.0,2,2024
2024-07-07 20:00:00,timed,atr05,swing5trail,SL,-1.0,2,2024
2024-07-07 20:00:00,timed,atr05,ema20,SL,-1.0,2,2024
2024-07-07 20:00:00,timed,atr05,range_reentry,SL,-1.0,2,2024
2024-07-07 20:00:00,timed,atr075,chandelier15,SL,-1.0,2,2024
2024-07-07 20:00:00,timed,atr075,chandelier20,SL,-1.0,2,2024
2024-07-07 20:00:00,timed,atr075,chandelier25,SL,-1.0,2,2024
2024-07-07 20:00:00,timed,atr075,swing5trail,SL,-1.0,2,2024
2024-07-07 20:00:00,timed,atr075,ema20,SL,-1.0,2,2024
2024-07-07 20:00:00,timed,atr075,range_reentry,SL,-1.0,2,2024
2024-07-07 20:00:00,timed,atr10,chandelier15,CH15,0.7200158856234639,2,2024
2024-07-07 20:00:00,timed,atr10,chandelier20,SL,-1.0,3,2024
2024-07-07 20:00:00,timed,atr10,chandelier25,SL,-1.0,3,2024
2024-07-07 20:00:00,timed,atr10,swing5trail,SL,-1.0,3,2024
2024-07-07 20:00:00,timed,atr10,ema20,SL,-1.0,3,2024
2024-07-07 20:00:00,timed,atr10,range_reentry,REENTRY,0.7200158856234639,2,2024
2024-07-07 20:00:00,timed,retest,chandelier15,CH15,0.3748191027496168,2,2024
2024-07-07 20:00:00,timed,retest,chandelier20,CH20,0.5412445730824803,3,2024
2024-07-07 20:00:00,timed,retest,chandelier25,SL,-1.0,10,2024
2024-07-07 20:00:00,timed,retest,swing5trail,SL,-1.0,10,2024
2024-07-07 20:00:00,timed,retest,ema20,EMA20,0.5412445730824803,3,2024
2024-07-07 20:00:00,timed,retest,range_reentry,REENTRY,0.3748191027496168,2,2024
2024-07-07 20:00:00,timed,struct5,chandelier15,CH15,0.3748191027496168,2,2024
2024-07-07 20:00:00,timed,struct5,chandelier20,CH20,0.5412445730824803,3,2024
2024-07-07 20:00:00,timed,struct5,chandelier25,SL,-1.0,10,2024
2024-07-07 20:00:00,timed,struct5,swing5trail,SL,-1.0,10,2024
2024-07-07 20:00:00,timed,struct5,ema20,EMA20,0.5412445730824803,3,2024
2024-07-07 20:00:00,timed,struct5,range_reentry,REENTRY,0.3748191027496168,2,2024
2024-07-07 20:00:00,timed,struct10,chandelier15,CH15,0.3421400264200587,2,2024
2024-07-07 20:00:00,timed,struct10,chandelier20,CH20,0.4940554821664369,3,2024
2024-07-07 20:00:00,timed,struct10,chandelier25,SL,-1.0,10,2024
2024-07-07 20:00:00,timed,struct10,swing5trail,SL,-1.0,10,2024
2024-07-07 20:00:00,timed,struct10,ema20,EMA20,0.4940554821664369,3,2024
2024-07-07 20:00:00,timed,struct10,range_reentry,REENTRY,0.3421400264200587,2,2024
2024-07-18 12:00:00,retest,atr05,chandelier15,SL,-1.0,1,2024
2024-07-18 12:00:00,retest,atr05,chandelier20,SL,-1.0,1,2024
2024-07-18 12:00:00,retest,atr05,chandelier25,SL,-1.0,1,2024
2024-07-18 12:00:00,retest,atr05,swing5trail,SL,-1.0,1,2024
2024-07-18 12:00:00,retest,atr05,ema20,SL,-1.0,1,2024
2024-07-18 12:00:00,retest,atr05,range_reentry,SL,-1.0,1,2024
2024-07-18 12:00:00,retest,atr075,chandelier15,CH15,0.7856443719412464,1,2024
2024-07-18 12:00:00,retest,atr075,chandelier20,SL,-1.0,3,2024
2024-07-18 12:00:00,retest,atr075,chandelier25,SL,-1.0,3,2024
2024-07-18 12:00:00,retest,atr075,swing5trail,SL,-1.0,3,2024
2024-07-18 12:00:00,retest,atr075,ema20,EMA20,0.7856443719412464,1,2024
2024-07-18 12:00:00,retest,atr075,range_reentry,REENTRY,0.7856443719412464,1,2024
2024-07-18 12:00:00,retest,atr10,chandelier15,CH15,0.5892332789559518,1,2024
2024-07-18 12:00:00,retest,atr10,chandelier20,SL,-1.0,4,2024
2024-07-18 12:00:00,retest,atr10,chandelier25,SL,-1.0,4,2024
2024-07-18 12:00:00,retest,atr10,swing5trail,SL,-1.0,4,2024
2024-07-18 12:00:00,retest,atr10,ema20,EMA20,0.5892332789559518,1,2024
2024-07-18 12:00:00,retest,atr10,range_reentry,REENTRY,0.5892332789559518,1,2024
2024-07-18 12:00:00,retest,retest,chandelier15,SL,-1.0,1,2024
2024-07-18 12:00:00,retest,retest,chandelier20,SL,-1.0,1,2024
2024-07-18 12:00:00,retest,retest,chandelier25,SL,-1.0,1,2024
2024-07-18 12:00:00,retest,retest,swing5trail,SL,-1.0,1,2024
2024-07-18 12:00:00,retest,retest,ema20,SL,-1.0,1,2024
2024-07-18 12:00:00,retest,retest,range_reentry,SL,-1.0,1,2024
2024-07-18 12:00:00,retest,struct5,chandelier15,INVALID,,0,2024
2024-07-18 12:00:00,retest,struct5,chandelier20,INVALID,,0,2024
2024-07-18 12:00:00,retest,struct5,chandelier25,INVALID,,0,2024
2024-07-18 12:00:00,retest,struct5,swing5trail,INVALID,,0,2024
2024-07-18 12:00:00,retest,struct5,ema20,INVALID,,0,2024
2024-07-18 12:00:00,retest,struct5,range_reentry,INVALID,,0,2024
2024-07-18 12:00:00,retest,struct10,chandelier15,CH15,0.23483009708737948,1,2024
2024-07-18 12:00:00,retest,struct10,chandelier20,CH20,0.3173543689320372,7,2024
2024-07-18 12:00:00,retest,struct10,chandelier25,CH25,0.30582524271844164,10,2024
2024-07-18 12:00:00,retest,struct10,swing5trail,TIME,-0.8118932038834933,20,2024
2024-07-18 12:00:00,retest,struct10,ema20,EMA20,0.23483009708737948,1,2024
2024-07-18 12:00:00,retest,struct10,range_reentry,REENTRY,0.23483009708737948,1,2024
2024-07-25 12:00:00,retest,atr05,chandelier15,CH15,-0.14401534303896169,1,2024
2024-07-25 12:00:00,retest,atr05,chandelier20,SL,-1.0,5,2024
2024-07-25 12:00:00,retest,atr05,chandelier25,SL,-1.0,5,2024
2024-07-25 12:00:00,retest,atr05,swing5trail,SL,-1.0,5,2024
2024-07-25 12:00:00,retest,atr05,ema20,SL,-1.0,5,2024
2024-07-25 12:00:00,retest,atr05,range_reentry,SL,-1.0,5,2024
2024-07-25 12:00:00,retest,atr075,chandelier15,CH15,-0.09601022869264111,1,2024
2024-07-25 12:00:00,retest,atr075,chandelier20,SL,-1.0,5,2024
2024-07-25 12:00:00,retest,atr075,chandelier25,SL,-1.0,5,2024
2024-07-25 12:00:00,retest,atr075,swing5trail,SL,-1.0,5,2024
2024-07-25 12:00:00,retest,atr075,ema20,SL,-1.0,5,2024
2024-07-25 12:00:00,retest,atr075,range_reentry,SL,-1.0,5,2024
2024-07-25 12:00:00,retest,atr10,chandelier15,CH15,-0.07200767151948084,1,2024
2024-07-25 12:00:00,retest,atr10,chandelier20,CH20,0.7713364135646471,5,2024
2024-07-25 12:00:00,retest,atr10,chandelier25,SL,-1.0,17,2024
2024-07-25 12:00:00,retest,atr10,swing5trail,SW5,0.7713364135646471,5,2024
2024-07-25 12:00:00,retest,atr10,ema20,EMA20,0.7713364135646471,5,2024
2024-07-25 12:00:00,retest,atr10,range_reentry,REENTRY,0.7713364135646471,5,2024
2024-07-25 12:00:00,retest,retest,chandelier15,SL,-1.0,1,2024
2024-07-25 12:00:00,retest,retest,chandelier20,SL,-1.0,1,2024
2024-07-25 12:00:00,retest,retest,chandelier25,SL,-1.0,1,2024
2024-07-25 12:00:00,retest,retest,swing5trail,SL,-1.0,1,2024
2024-07-25 12:00:00,retest,retest,ema20,SL,-1.0,1,2024
2024-07-25 12:00:00,retest,retest,range_reentry,SL,-1.0,1,2024
2024-07-25 12:00:00,retest,struct5,chandelier15,SL,-1.0,1,2024
2024-07-25 12:00:00,retest,struct5,chandelier20,SL,-1.0,1,2024
2024-07-25 12:00:00,retest,struct5,chandelier25,SL,-1.0,1,2024
2024-07-25 12:00:00,retest,struct5,swing5trail,SL,-1.0,1,2024
2024-07-25 12:00:00,retest,struct5,ema20,SL,-1.0,1,2024
2024-07-25 12:00:00,retest,struct5,range_reentry,SL,-1.0,1,2024
2024-07-25 12:00:00,retest,struct10,chandelier15,CH15,-0.029324055666002727,1,2024
2024-07-25 12:00:00,retest,struct10,chandelier20,CH20,0.31411530815109584,5,2024
2024-07-25 12:00:00,retest,struct10,chandelier25,CH25,0.45526838966202615,17,2024
2024-07-25 12:00:00,retest,struct10,swing5trail,SW5,0.31411530815109584,5,2024
2024-07-25 12:00:00,retest,struct10,ema20,EMA20,0.31411530815109584,5,2024
2024-07-25 12:00:00,retest,struct10,range_reentry,REENTRY,0.31411530815109584,5,2024
2024-07-25 20:00:00,timed,atr05,chandelier15,SL,-1.0,1,2024
2024-07-25 20:00:00,timed,atr05,chandelier20,SL,-1.0,1,2024
2024-07-25 20:00:00,timed,atr05,chandelier25,SL,-1.0,1,2024
2024-07-25 20:00:00,timed,atr05,swing5trail,SL,-1.0,1,2024
2024-07-25 20:00:00,timed,atr05,ema20,SL,-1.0,1,2024
2024-07-25 20:00:00,timed,atr05,range_reentry,SL,-1.0,1,2024
2024-07-25 20:00:00,timed,atr075,chandelier15,SL,-1.0,3,2024
2024-07-25 20:00:00,timed,atr075,chandelier20,SL,-1.0,3,2024
2024-07-25 20:00:00,timed,atr075,chandelier25,SL,-1.0,3,2024
2024-07-25 20:00:00,timed,atr075,swing5trail,SL,-1.0,3,2024
2024-07-25 20:00:00,timed,atr075,ema20,SL,-1.0,3,2024
2024-07-25 20:00:00,timed,atr075,range_reentry,SL,-1.0,3,2024
2024-07-25 20:00:00,timed,atr10,chandelier15,SL,-1.0,3,2024
2024-07-25 20:00:00,timed,atr10,chandelier20,SL,-1.0,3,2024
2024-07-25 20:00:00,timed,atr10,chandelier25,SL,-1.0,3,2024
2024-07-25 20:00:00,timed,atr10,swing5trail,SL,-1.0,3,2024
2024-07-25 20:00:00,timed,atr10,ema20,SL,-1.0,3,2024
2024-07-25 20:00:00,timed,atr10,range_reentry,SL,-1.0,3,2024
2024-07-25 20:00:00,timed,retest,chandelier15,SL,-1.0,3,2024
2024-07-25 20:00:00,timed,retest,chandelier20,SL,-1.0,3,2024
2024-07-25 20:00:00,timed,retest,chandelier25,SL,-1.0,3,2024
2024-07-25 20:00:00,timed,retest,swing5trail,SL,-1.0,3,2024
2024-07-25 20:00:00,timed,retest,ema20,SL,-1.0,3,2024
2024-07-25 20:00:00,timed,retest,range_reentry,SL,-1.0,3,2024
2024-07-25 20:00:00,timed,struct5,chandelier15,SL,-1.0,3,2024
2024-07-25 20:00:00,timed,struct5,chandelier20,SL,-1.0,3,2024
2024-07-25 20:00:00,timed,struct5,chandelier25,SL,-1.0,3,2024
2024-07-25 20:00:00,timed,struct5,swing5trail,SL,-1.0,3,2024
2024-07-25 20:00:00,timed,struct5,ema20,SL,-1.0,3,2024
2024-07-25 20:00:00,timed,struct5,range_reentry,SL,-1.0,3,2024
2024-07-25 20:00:00,timed,struct10,chandelier15,CH15,0.22082717872969249,12,2024
2024-07-25 20:00:00,timed,struct10,chandelier20,SL,-1.0,15,2024
2024-07-25 20:00:00,timed,struct10,chandelier25,SL,-1.0,15,2024
2024-07-25 20:00:00,timed,struct10,swing5trail,SL,-1.0,15,2024
2024-07-25 20:00:00,timed,struct10,ema20,EMA20,0.6720827178729808,3,2024
2024-07-25 20:00:00,timed,struct10,range_reentry,REENTRY,0.6720827178729808,3,2024
2024-08-01 08:00:00,retest,atr05,chandelier15,CH15,-10.211673151750785,14,2024
2024-08-01 08:00:00,retest,atr05,chandelier20,CH20,-7.360311284046526,16,2024
2024-08-01 08:00:00,retest,atr05,chandelier25,CH25,-7.360311284046526,16,2024
2024-08-01 08:00:00,retest,atr05,swing5trail,TIME,-8.423346303501791,20,2024
2024-08-01 08:00:00,retest,atr05,ema20,TIME,-8.423346303501791,20,2024
2024-08-01 08:00:00,retest,atr05,range_reentry,TIME,-8.423346303501791,20,2024
2024-08-01 08:00:00,retest,atr075,chandelier15,CH15,-6.80778210116729,14,2024
2024-08-01 08:00:00,retest,atr075,chandelier20,CH20,-4.906874189364423,16,2024
2024-08-01 08:00:00,retest,atr075,chandelier25,CH25,-4.906874189364423,16,2024
2024-08-01 08:00:00,retest,atr075,swing5trail,TIME,-5.61556420233461,20,2024
2024-08-01 08:00:00,retest,atr075,ema20,TIME,-5.61556420233461,20,2024
2024-08-01 08:00:00,retest,atr075,range_reentry,TIME,-5.61556420233461,20,2024
2024-08-01 08:00:00,retest,atr10,chandelier15,CH15,-5.1058365758755055,14,2024
2024-08-01 08:00:00,retest,atr10,chandelier20,CH20,-3.6801556420233443,16,2024
2024-08-01 08:00:00,retest,atr10,chandelier25,CH25,-3.6801556420233443,16,2024
2024-08-01 08:00:00,retest,atr10,swing5trail,TIME,-4.211673151750989,20,2024
2024-08-01 08:00:00,retest,atr10,ema20,TIME,-4.211673151750989,20,2024
2024-08-01 08:00:00,retest,atr10,range_reentry,TIME,-4.211673151750989,20,2024
2024-08-01 08:00:00,retest,retest,chandelier15,SL,-1.0,1,2024
2024-08-01 08:00:00,retest,retest,chandelier20,SL,-1.0,1,2024
2024-08-01 08:00:00,retest,retest,chandelier25,SL,-1.0,1,2024
2024-08-01 08:00:00,retest,retest,swing5trail,SL,-1.0,1,2024
2024-08-01 08:00:00,retest,retest,ema20,SL,-1.0,1,2024
2024-08-01 08:00:00,retest,retest,range_reentry,SL,-1.0,1,2024
2024-08-01 08:00:00,retest,struct5,chandelier15,CH15,-8.938692098092545,14,2024
2024-08-01 08:00:00,retest,struct5,chandelier20,CH20,-6.442779291553035,16,2024
2024-08-01 08:00:00,retest,struct5,chandelier25,CH25,-6.442779291553035,16,2024
2024-08-01 08:00:00,retest,struct5,swing5trail,TIME,-7.373297002724715,20,2024
2024-08-01 08:00:00,retest,struct5,ema20,TIME,-7.373297002724715,20,2024
2024-08-01 08:00:00,retest,struct5,range_reentry,TIME,-7.373297002724715,20,2024
2024-08-01 08:00:00,retest,struct10,chandelier15,CH15,-1.9463067339068494,14,2024
2024-08-01 08:00:00,retest,struct10,chandelier20,CH20,-1.4028478196380814,16,2024
2024-08-01 08:00:00,retest,struct10,chandelier25,CH25,-1.4028478196380814,16,2024
2024-08-01 08:00:00,retest,struct10,swing5trail,TIME,-1.6054583209730025,20,2024
2024-08-01 08:00:00,retest,struct10,ema20,TIME,-1.6054583209730025,20,2024
2024-08-01 08:00:00,retest,struct10,range_reentry,TIME,-1.6054583209730025,20,2024
2024-08-01 16:00:00,timed,atr05,chandelier15,CH15,-8.92172672919752,12,2024
2024-08-01 16:00:00,timed,atr05,chandelier20,CH20,-6.108057703910885,14,2024
2024-08-01 16:00:00,timed,atr05,chandelier25,CH25,-6.108057703910885,14,2024
2024-08-01 16:00:00,timed,atr05,swing5trail,TIME,-7.7299105918490305,20,2024
2024-08-01 16:00:00,timed,atr05,ema20,TIME,-7.7299105918490305,20,2024
2024-08-01 16:00:00,timed,atr05,range_reentry,TIME,-7.7299105918490305,20,2024
2024-08-01 16:00:00,timed,atr075,chandelier15,CH15,-5.947817819465013,12,2024
2024-08-01 16:00:00,timed,atr075,chandelier20,CH20,-4.072038469273924,14,2024
2024-08-01 16:00:00,timed,atr075,chandelier25,CH25,-4.072038469273924,14,2024
2024-08-01 16:00:00,timed,atr075,swing5trail,TIME,-5.153273727899354,20,2024
2024-08-01 16:00:00,timed,atr075,ema20,TIME,-5.153273727899354,20,2024
2024-08-01 16:00:00,timed,atr075,range_reentry,TIME,-5.153273727899354,20,2024
2024-08-01 16:00:00,timed,atr10,chandelier15,CH15,-4.46086336459876,12,2024
2024-08-01 16:00:00,timed,atr10,chandelier20,CH20,-3.0540288519554424,14,2024
2024-08-01 16:00:00,timed,atr10,chandelier25,CH25,-3.0540288519554424,14,2024
2024-08-01 16:00:00,timed,atr10,swing5trail,TIME,-3.8649552959245153,20,2024
2024-08-01 16:00:00,timed,atr10,ema20,TIME,-3.8649552959245153,20,2024
2024-08-01 16:00:00,timed,atr10,range_reentry,TIME,-3.8649552959245153,20,2024
2024-08-01 16:00:00,timed,retest,chandelier15,CH15,-6.834117647058638,12,2024
2024-08-01 16:00:00,timed,retest,chandelier20,CH20,-4.678823529411611,14,2024
2024-08-01 16:00:00,timed,retest,chandelier25,CH25,-4.678823529411611,14,2024
2024-08-01 16:00:00,timed,retest,swing5trail,TIME,-5.921176470588062,20,2024
2024-08-01 16:00:00,timed,retest,ema20,TIME,-5.921176470588062,20,2024
2024-08-01 16:00:00,timed,retest,range_reentry,TIME,-5.921176470588062,20,2024
2024-08-01 16:00:00,timed,struct5,chandelier15,CH15,-5.191242180518318,12,2024
2024-08-01 16:00:00,timed,struct5,chandelier20,CH20,-3.554066130473616,14,2024
2024-08-01 16:00:00,timed,struct5,chandelier25,CH25,-3.554066130473616,14,2024
2024-08-01 16:00:00,timed,struct5,swing5trail,TIME,-4.497765862377112,20,2024
2024-08-01 16:00:00,timed,struct5,ema20,TIME,-4.497765862377112,20,2024
2024-08-01 16:00:00,timed,struct5,range_reentry,TIME,-4.497765862377112,20,2024
2024-08-01 16:00:00,timed,struct10,chandelier15,CH15,-1.4089255396555835,12,2024
2024-08-01 16:00:00,timed,struct10,chandelier20,CH20,-0.9645888915837878,14,2024
2024-08-01 16:00:00,timed,struct10,chandelier25,CH25,-0.9645888915837878,14,2024
2024-08-01 16:00:00,timed,struct10,swing5trail,TIME,-1.2207130730050846,20,2024
2024-08-01 16:00:00,timed,struct10,ema20,TIME,-1.2207130730050846,20,2024
2024-08-01 16:00:00,timed,struct10,range_reentry,TIME,-1.2207130730050846,20,2024
2024-09-11 12:00:00,retest,atr05,chandelier15,SL,-1.0,1,2024
2024-09-11 12:00:00,retest,atr05,chandelier20,SL,-1.0,1,2024
2024-09-11 12:00:00,retest,atr05,chandelier25,SL,-1.0,1,2024
2024-09-11 12:00:00,retest,atr05,swing5trail,SL,-1.0,1,2024
2024-09-11 12:00:00,retest,atr05,ema20,SL,-1.0,1,2024
2024-09-11 12:00:00,retest,atr05,range_reentry,SL,-1.0,1,2024
2024-09-11 12:00:00,retest,atr075,chandelier15,SL,-1.0,1,2024
2024-09-11 12:00:00,retest,atr075,chandelier20,SL,-1.0,1,2024
2024-09-11 12:00:00,retest,atr075,chandelier25,SL,-1.0,1,2024
2024-09-11 12:00:00,retest,atr075,swing5trail,SL,-1.0,1,2024
2024-09-11 12:00:00,retest,atr075,ema20,SL,-1.0,1,2024
2024-09-11 12:00:00,retest,atr075,range_reentry,SL,-1.0,1,2024
2024-09-11 12:00:00,retest,atr10,chandelier15,CH15,0.9404069767441896,1,2024
2024-09-11 12:00:00,retest,atr10,chandelier20,SL,-1.0,2,2024
2024-09-11 12:00:00,retest,atr10,chandelier25,SL,-1.0,2,2024
2024-09-11 12:00:00,retest,atr10,swing5trail,SL,-1.0,2,2024
2024-09-11 12:00:00,retest,atr10,ema20,SL,-1.0,2,2024
2024-09-11 12:00:00,retest,atr10,range_reentry,REENTRY,0.9404069767441896,1,2024
2024-09-11 12:00:00,retest,retest,chandelier15,CH15,0.7890243902438985,1,2024
2024-09-11 12:00:00,retest,retest,chandelier20,SL,-1.0,2,2024
2024-09-11 12:00:00,retest,retest,chandelier25,SL,-1.0,2,2024
2024-09-11 12:00:00,retest,retest,swing5trail,SL,-1.0,2,2024
2024-09-11 12:00:00,retest,retest,ema20,SL,-1.0,2,2024
2024-09-11 12:00:00,retest,retest,range_reentry,REENTRY,0.7890243902438985,1,2024
2024-09-11 12:00:00,retest,struct5,chandelier15,CH15,0.7684085510688615,1,2024
2024-09-11 12:00:00,retest,struct5,chandelier20,SL,-1.0,2,2024
2024-09-11 12:00:00,retest,struct5,chandelier25,SL,-1.0,2,2024
2024-09-11 12:00:00,retest,struct5,swing5trail,SL,-1.0,2,2024
2024-09-11 12:00:00,retest,struct5,ema20,SL,-1.0,2,2024
2024-09-11 12:00:00,retest,struct5,range_reentry,REENTRY,0.7684085510688615,1,2024
2024-09-11 12:00:00,retest,struct10,chandelier15,CH15,0.3264379414732551,1,2024
2024-09-11 12:00:00,retest,struct10,chandelier20,CH20,0.45862764883955204,2,2024
2024-09-11 12:00:00,retest,struct10,chandelier25,TIME,-0.5176589303733657,20,2024
2024-09-11 12:00:00,retest,struct10,swing5trail,TIME,-0.5176589303733657,20,2024
2024-09-11 12:00:00,retest,struct10,ema20,EMA20,0.45862764883955204,2,2024
2024-09-11 12:00:00,retest,struct10,range_reentry,REENTRY,0.3264379414732551,1,2024
2024-10-31 12:00:00,retest,atr05,chandelier15,SL,-1.0,4,2024
2024-10-31 12:00:00,retest,atr05,chandelier20,SL,-1.0,4,2024
2024-10-31 12:00:00,retest,atr05,chandelier25,SL,-1.0,4,2024
2024-10-31 12:00:00,retest,atr05,swing5trail,SL,-1.0,4,2024
2024-10-31 12:00:00,retest,atr05,ema20,SL,-1.0,4,2024
2024-10-31 12:00:00,retest,atr05,range_reentry,REENTRY,0.20146383823344932,3,2024
2024-10-31 12:00:00,retest,atr075,chandelier15,SL,-1.0,5,2024
2024-10-31 12:00:00,retest,atr075,chandelier20,SL,-1.0,5,2024
2024-10-31 12:00:00,retest,atr075,chandelier25,SL,-1.0,5,2024
2024-10-31 12:00:00,retest,atr075,swing5trail,SL,-1.0,5,2024
2024-10-31 12:00:00,retest,atr075,ema20,SL,-1.0,5,2024
2024-10-31 12:00:00,retest,atr075,range_reentry,REENTRY,0.1343092254889618,3,2024
2024-10-31 12:00:00,retest,atr10,chandelier15,CH15,0.5540255551420843,5,2024
2024-10-31 12:00:00,retest,atr10,chandelier20,SL,-1.0,6,2024
2024-10-31 12:00:00,retest,atr10,chandelier25,SL,-1.0,6,2024
2024-10-31 12:00:00,retest,atr10,swing5trail,SL,-1.0,6,2024
2024-10-31 12:00:00,retest,atr10,ema20,SL,-1.0,6,2024
2024-10-31 12:00:00,retest,atr10,range_reentry,REENTRY,0.10073191911672466,3,2024
2024-10-31 12:00:00,retest,retest,chandelier15,CH15,0.46098265895955703,5,2024
2024-10-31 12:00:00,retest,retest,chandelier20,SL,-1.0,6,2024
2024-10-31 12:00:00,retest,retest,chandelier25,SL,-1.0,6,2024
2024-10-31 12:00:00,retest,retest,swing5trail,SL,-1.0,6,2024
2024-10-31 12:00:00,retest,retest,ema20,SL,-1.0,6,2024
2024-10-31 12:00:00,retest,retest,range_reentry,REENTRY,0.08381502890172271,3,2024
2024-10-31 12:00:00,retest,struct5,chandelier15,CH15,0.25418326693228527,5,2024
2024-10-31 12:00:00,retest,struct5,chandelier20,TIME,-0.721115537848609,20,2024
2024-10-31 12:00:00,retest,struct5,chandelier25,TIME,-0.721115537848609,20,2024
2024-10-31 12:00:00,retest,struct5,swing5trail,SW5,0.4669322709163465,6,2024
2024-10-31 12:00:00,retest,struct5,ema20,EMA20,0.4669322709163465,6,2024
2024-10-31 12:00:00,retest,struct5,range_reentry,REENTRY,0.046215139442225446,3,2024
2024-10-31 12:00:00,retest,struct10,chandelier15,CH15,0.25418326693228527,5,2024
2024-10-31 12:00:00,retest,struct10,chandelier20,TIME,-0.721115537848609,20,2024
2024-10-31 12:00:00,retest,struct10,chandelier25,TIME,-0.721115537848609,20,2024
2024-10-31 12:00:00,retest,struct10,swing5trail,SW5,0.4669322709163465,6,2024
2024-10-31 12:00:00,retest,struct10,ema20,EMA20,0.4669322709163465,6,2024
2024-10-31 12:00:00,retest,struct10,range_reentry,REENTRY,0.046215139442225446,3,2024
2024-10-31 16:00:00,timed,atr05,chandelier15,SL,-1.0,2,2024
2024-10-31 16:00:00,timed,atr05,chandelier20,SL,-1.0,2,2024
2024-10-31 16:00:00,timed,atr05,chandelier25,SL,-1.0,2,2024
2024-10-31 16:00:00,timed,atr05,swing5trail,SL,-1.0,2,2024
2024-10-31 16:00:00,timed,atr05,ema20,SL,-1.0,2,2024
2024-10-31 16:00:00,timed,atr05,range_reentry,SL,-1.0,2,2024
2024-10-31 16:00:00,timed,atr075,chandelier15,SL,-1.0,2,2024
2024-10-31 16:00:00,timed,atr075,chandelier20,SL,-1.0,2,2024
2024-10-31 16:00:00,timed,atr075,chandelier25,SL,-1.0,2,2024
2024-10-31 16:00:00,timed,atr075,swing5trail,SL,-1.0,2,2024
2024-10-31 16:00:00,timed,atr075,ema20,SL,-1.0,2,2024
2024-10-31 16:00:00,timed,atr075,range_reentry,SL,-1.0,2,2024
2024-10-31 16:00:00,timed,atr10,chandelier15,SL,-1.0,3,2024
2024-10-31 16:00:00,timed,atr10,chandelier20,SL,-1.0,3,2024
2024-10-31 16:00:00,timed,atr10,chandelier25,SL,-1.0,3,2024
2024-10-31 16:00:00,timed,atr10,swing5trail,SL,-1.0,3,2024
2024-10-31 16:00:00,timed,atr10,ema20,SL,-1.0,3,2024
2024-10-31 16:00:00,timed,atr10,range_reentry,REENTRY,0.8229280759401013,2,2024
2024-10-31 16:00:00,timed,retest,chandelier15,CH15,0.6660698299015275,4,2024
2024-10-31 16:00:00,timed,retest,chandelier20,SL,-1.0,5,2024
2024-10-31 16:00:00,timed,retest,chandelier25,SL,-1.0,5,2024
2024-10-31 16:00:00,timed,retest,swing5trail,SL,-1.0,5,2024
2024-10-31 16:00:00,timed,retest,ema20,SL,-1.0,5,2024
2024-10-31 16:00:00,timed,retest,range_reentry,REENTRY,0.432408236347341,2,2024
2024-10-31 16:00:00,timed,struct5,chandelier15,CH15,0.4428571428571484,4,2024
2024-10-31 16:00:00,timed,struct5,chandelier20,TIME,-0.29226190476191677,20,2024
2024-10-31 16:00:00,timed,struct5,chandelier25,TIME,-0.29226190476191677,20,2024
2024-10-31 16:00:00,timed,struct5,swing5trail,SW5,0.6017857142857195,5,2024
2024-10-31 16:00:00,timed,struct5,ema20,EMA20,0.6017857142857195,5,2024
2024-10-31 16:00:00,timed,struct5,range_reentry,REENTRY,0.2874999999999892,2,2024
2024-10-31 16:00:00,timed,struct10,chandelier15,CH15,0.4428571428571484,4,2024
2024-10-31 16:00:00,timed,struct10,chandelier20,TIME,-0.29226190476191677,20,2024
2024-10-31 16:00:00,timed,struct10,chandelier25,TIME,-0.29226190476191677,20,2024
2024-10-31 16:00:00,timed,struct10,swing5trail,SW5,0.6017857142857195,5,2024
2024-10-31 16:00:00,timed,struct10,ema20,EMA20,0.6017857142857195,5,2024
2024-10-31 16:00:00,timed,struct10,range_reentry,REENTRY,0.2874999999999892,2,2024
2024-11-28 08:00:00,retest,atr05,chandelier15,CH15,-4.421230806432356,11,2024
2024-11-28 08:00:00,retest,atr05,chandelier20,TIME,-9.082819489783978,20,2024
2024-11-28 08:00:00,retest,atr05,chandelier25,TIME,-9.082819489783978,20,2024
2024-11-28 08:00:00,retest,atr05,swing5trail,TIME,-9.082819489783978,20,2024
2024-11-28 08:00:00,retest,atr05,ema20,TIME,-9.082819489783978,20,2024
2024-11-28 08:00:00,retest,atr05,range_reentry,TIME,-9.082819489783978,20,2024
2024-11-28 08:00:00,retest,atr075,chandelier15,CH15,-2.947487204288143,11,2024
2024-11-28 08:00:00,retest,atr075,chandelier20,TIME,-6.055212993189124,20,2024
2024-11-28 08:00:00,retest,atr075,chandelier25,TIME,-6.055212993189124,20,2024
2024-11-28 08:00:00,retest,atr075,swing5trail,TIME,-6.055212993189124,20,2024
2024-11-28 08:00:00,retest,atr075,ema20,TIME,-6.055212993189124,20,2024
2024-11-28 08:00:00,retest,atr075,range_reentry,TIME,-6.055212993189124,20,2024
2024-11-28 08:00:00,retest,atr10,chandelier15,CH15,-2.210615403216072,11,2024
2024-11-28 08:00:00,retest,atr10,chandelier20,TIME,-4.54140974489177,20,2024
2024-11-28 08:00:00,retest,atr10,chandelier25,TIME,-4.54140974489177,20,2024
2024-11-28 08:00:00,retest,atr10,swing5trail,TIME,-4.54140974489177,20,2024
2024-11-28 08:00:00,retest,atr10,ema20,TIME,-4.54140974489177,20,2024
2024-11-28 08:00:00,retest,atr10,range_reentry,TIME,-4.54140974489177,20,2024
2024-11-28 08:00:00,retest,retest,chandelier15,CH15,-11.356521739129638,11,2024
2024-11-28 08:00:00,retest,retest,chandelier20,TIME,-23.330434782606787,20,2024
2024-11-28 08:00:00,retest,retest,chandelier25,TIME,-23.330434782606787,20,2024
2024-11-28 08:00:00,retest,retest,swing5trail,TIME,-23.330434782606787,20,2024
2024-11-28 08:00:00,retest,retest,ema20,TIME,-23.330434782606787,20,2024
2024-11-28 08:00:00,retest,retest,range_reentry,TIME,-23.330434782606787,20,2024
2024-11-28 08:00:00,retest,struct5,chandelier15,INVALID,,0,2024
2024-11-28 08:00:00,retest,struct5,chandelier20,INVALID,,0,2024
2024-11-28 08:00:00,retest,struct5,chandelier25,INVALID,,0,2024
2024-11-28 08:00:00,retest,struct5,swing5trail,INVALID,,0,2024
2024-11-28 08:00:00,retest,struct5,ema20,INVALID,,0,2024
2024-11-28 08:00:00,retest,struct5,range_reentry,INVALID,,0,2024
2024-11-28 08:00:00,retest,struct10,chandelier15,CH15,-0.706709956709958,11,2024
2024-11-28 08:00:00,retest,struct10,chandelier20,TIME,-1.4518398268398125,20,2024
2024-11-28 08:00:00,retest,struct10,chandelier25,TIME,-1.4518398268398125,20,2024
2024-11-28 08:00:00,retest,struct10,swing5trail,TIME,-1.4518398268398125,20,2024
2024-11-28 08:00:00,retest,struct10,ema20,TIME,-1.4518398268398125,20,2024
2024-11-28 08:00:00,retest,struct10,range_reentry,TIME,-1.4518398268398125,20,2024
2024-11-28 16:00:00,timed,atr05,chandelier15,CH15,-3.5013564138999294,9,2024
2024-11-28 16:00:00,timed,atr05,chandelier20,TIME,-6.8073892261978965,20,2024
2024-11-28 16:00:00,timed,atr05,chandelier25,TIME,-6.8073892261978965,20,2024
2024-11-28 16:00:00,timed,atr05,swing5trail,TIME,-6.8073892261978965,20,2024
2024-11-28 16:00:00,timed,atr05,ema20,TIME,-6.8073892261978965,20,2024
2024-11-28 16:00:00,timed,atr05,range_reentry,TIME,-6.8073892261978965,20,2024
2024-11-28 16:00:00,timed,atr075,chandelier15,CH15,-2.3342376092666997,9,2024
2024-11-28 16:00:00,timed,atr075,chandelier20,TIME,-4.5382594841320865,20,2024
2024-11-28 16:00:00,timed,atr075,chandelier25,TIME,-4.5382594841320865,20,2024
2024-11-28 16:00:00,timed,atr075,swing5trail,TIME,-4.5382594841320865,20,2024
2024-11-28 16:00:00,timed,atr075,ema20,TIME,-4.5382594841320865,20,2024
2024-11-28 16:00:00,timed,atr075,range_reentry,TIME,-4.5382594841320865,20,2024
2024-11-28 16:00:00,timed,atr10,chandelier15,CH15,-1.7506782069500546,9,2024
2024-11-28 16:00:00,timed,atr10,chandelier20,TIME,-3.4036946130991232,20,2024
2024-11-28 16:00:00,timed,atr10,chandelier25,TIME,-3.4036946130991232,20,2024
2024-11-28 16:00:00,timed,atr10,swing5trail,TIME,-3.4036946130991232,20,2024
2024-11-28 16:00:00,timed,atr10,ema20,TIME,-3.4036946130991232,20,2024
2024-11-28 16:00:00,timed,atr10,range_reentry,TIME,-3.4036946130991232,20,2024
2024-11-28 16:00:00,timed,retest,chandelier15,CH15,-2.1368653421633805,9,2024
2024-11-28 16:00:00,timed,retest,chandelier20,TIME,-4.15452538631345,20,2024
2024-11-28 16:00:00,timed,retest,chandelier25,TIME,-4.15452538631345,20,2024
2024-11-28 16:00:00,timed,retest,swing5trail,TIME,-4.15452538631345,20,2024
2024-11-28 16:00:00,timed,retest,ema20,TIME,-4.15452538631345,20,2024
2024-11-28 16:00:00,timed,retest,range_reentry,TIME,-4.15452538631345,20,2024
2024-11-28 16:00:00,timed,struct5,chandelier15,CH15,-2.1368653421633805,9,2024
2024-11-28 16:00:00,timed,struct5,chandelier20,TIME,-4.15452538631345,20,2024
2024-11-28 16:00:00,timed,struct5,chandelier25,TIME,-4.15452538631345,20,2024
2024-11-28 16:00:00,timed,struct5,swing5trail,TIME,-4.15452538631345,20,2024
2024-11-28 16:00:00,timed,struct5,ema20,TIME,-4.15452538631345,20,2024
2024-11-28 16:00:00,timed,struct5,range_reentry,TIME,-4.15452538631345,20,2024
2024-11-28 16:00:00,timed,struct10,chandelier15,CH15,-0.6297983083929823,9,2024
2024-11-28 16:00:00,timed,struct10,chandelier20,TIME,-1.2244632400780726,20,2024
2024-11-28 16:00:00,timed,struct10,chandelier25,TIME,-1.2244632400780726,20,2024
2024-11-28 16:00:00,timed,struct10,swing5trail,TIME,-1.2244632400780726,20,2024
2024-11-28 16:00:00,timed,struct10,ema20,TIME,-1.2244632400780726,20,2024
2024-11-28 16:00:00,timed,struct10,range_reentry,TIME,-1.2244632400780726,20,2024
2025-02-17 20:00:00,retest,atr05,chandelier15,SL,-1.0,1,2025
2025-02-17 20:00:00,retest,atr05,chandelier20,SL,-1.0,1,2025
2025-02-17 20:00:00,retest,atr05,chandelier25,SL,-1.0,1,2025
2025-02-17 20:00:00,retest,atr05,swing5trail,SL,-1.0,1,2025
2025-02-17 20:00:00,retest,atr05,ema20,SL,-1.0,1,2025
2025-02-17 20:00:00,retest,atr05,range_reentry,SL,-1.0,1,2025
2025-02-17 20:00:00,retest,atr075,chandelier15,SL,-1.0,1,2025
2025-02-17 20:00:00,retest,atr075,chandelier20,SL,-1.0,1,2025
2025-02-17 20:00:00,retest,atr075,chandelier25,SL,-1.0,1,2025
2025-02-17 20:00:00,retest,atr075,swing5trail,SL,-1.0,1,2025
2025-02-17 20:00:00,retest,atr075,ema20,SL,-1.0,1,2025
2025-02-17 20:00:00,retest,atr075,range_reentry,SL,-1.0,1,2025
2025-02-17 20:00:00,retest,atr10,chandelier15,SL,-1.0,1,2025
2025-02-17 20:00:00,retest,atr10,chandelier20,SL,-1.0,1,2025
2025-02-17 20:00:00,retest,atr10,chandelier25,SL,-1.0,1,2025
2025-02-17 20:00:00,retest,atr10,swing5trail,SL,-1.0,1,2025
2025-02-17 20:00:00,retest,atr10,ema20,SL,-1.0,1,2025
2025-02-17 20:00:00,retest,atr10,range_reentry,SL,-1.0,1,2025
2025-02-17 20:00:00,retest,retest,chandelier15,SL,-1.0,1,2025
2025-02-17 20:00:00,retest,retest,chandelier20,SL,-1.0,1,2025
2025-02-17 20:00:00,retest,retest,chandelier25,SL,-1.0,1,2025
2025-02-17 20:00:00,retest,retest,swing5trail,SL,-1.0,1,2025
2025-02-17 20:00:00,retest,retest,ema20,SL,-1.0,1,2025
2025-02-17 20:00:00,retest,retest,range_reentry,SL,-1.0,1,2025
2025-02-17 20:00:00,retest,struct5,chandelier15,CH15,0.9468242245199383,1,2025
2025-02-17 20:00:00,retest,struct5,chandelier20,SL,-1.0,2,2025
2025-02-17 20:00:00,retest,struct5,chandelier25,SL,-1.0,2,2025
2025-02-17 20:00:00,retest,struct5,swing5trail,SL,-1.0,2,2025
2025-02-17 20:00:00,retest,struct5,ema20,SL,-1.0,2,2025
2025-02-17 20:00:00,retest,struct5,range_reentry,REENTRY,0.9468242245199383,1,2025
2025-02-17 20:00:00,retest,struct10,chandelier15,CH15,0.4575303354746605,1,2025
2025-02-17 20:00:00,retest,struct10,chandelier20,CH20,-0.6359743040685446,20,2025
2025-02-17 20:00:00,retest,struct10,chandelier25,TIME,-0.6359743040685446,20,2025
2025-02-17 20:00:00,retest,struct10,swing5trail,TIME,-0.6359743040685446,20,2025
2025-02-17 20:00:00,retest,struct10,ema20,TIME,-0.6359743040685446,20,2025
2025-02-17 20:00:00,retest,struct10,range_reentry,REENTRY,0.4575303354746605,1,2025
2025-02-18 08:00:00,timed,atr05,chandelier15,SL,-1.0,2,2025
2025-02-18 08:00:00,timed,atr05,chandelier20,SL,-1.0,2,2025
2025-02-18 08:00:00,timed,atr05,chandelier25,SL,-1.0,2,2025
2025-02-18 08:00:00,timed,atr05,swing5trail,SL,-1.0,2,2025
2025-02-18 08:00:00,timed,atr05,ema20,SL,-1.0,2,2025
2025-02-18 08:00:00,timed,atr05,range_reentry,REENTRY,-0.6262135922331363,1,2025
2025-02-18 08:00:00,timed,atr075,chandelier15,SL,-1.0,3,2025
2025-02-18 08:00:00,timed,atr075,chandelier20,SL,-1.0,3,2025
2025-02-18 08:00:00,timed,atr075,chandelier25,SL,-1.0,3,2025
2025-02-18 08:00:00,timed,atr075,swing5trail,SL,-1.0,3,2025
2025-02-18 08:00:00,timed,atr075,ema20,SL,-1.0,3,2025
2025-02-18 08:00:00,timed,atr075,range_reentry,REENTRY,-0.417475728155405,1,2025
2025-02-18 08:00:00,timed,atr10,chandelier15,SL,-1.0,4,2025
2025-02-18 08:00:00,timed,atr10,chandelier20,SL,-1.0,4,2025
2025-02-18 08:00:00,timed,atr10,chandelier25,SL,-1.0,4,2025
2025-02-18 08:00:00,timed,atr10,swing5trail,SL,-1.0,4,2025
2025-02-18 08:00:00,timed,atr10,ema20,SL,-1.0,4,2025
2025-02-18 08:00:00,timed,atr10,range_reentry,REENTRY,-0.31310679611654657,1,2025
2025-02-18 08:00:00,timed,retest,chandelier15,INVALID,,0,2025
2025-02-18 08:00:00,timed,retest,chandelier20,INVALID,,0,2025
2025-02-18 08:00:00,timed,retest,chandelier25,INVALID,,0,2025
2025-02-18 08:00:00,timed,retest,swing5trail,INVALID,,0,2025
2025-02-18 08:00:00,timed,retest,ema20,INVALID,,0,2025
2025-02-18 08:00:00,timed,retest,range_reentry,INVALID,,0,2025
2025-02-18 08:00:00,timed,struct5,chandelier15,SL,-1.0,4,2025
2025-02-18 08:00:00,timed,struct5,chandelier20,SL,-1.0,4,2025
2025-02-18 08:00:00,timed,struct5,chandelier25,SL,-1.0,4,2025
2025-02-18 08:00:00,timed,struct5,swing5trail,SL,-1.0,4,2025
2025-02-18 08:00:00,timed,struct5,ema20,SL,-1.0,4,2025
2025-02-18 08:00:00,timed,struct5,range_reentry,REENTRY,-0.2951945080092082,1,2025
2025-02-18 08:00:00,timed,struct10,chandelier15,CH15,-2.4187192118227596,16,2025
2025-02-18 08:00:00,timed,struct10,chandelier20,CH20,-2.0311986863712033,17,2025
2025-02-18 08:00:00,timed,struct10,chandelier25,TIME,-4.453201970443521,20,2025
2025-02-18 08:00:00,timed,struct10,swing5trail,TIME,-4.453201970443521,20,2025
2025-02-18 08:00:00,timed,struct10,ema20,TIME,-4.453201970443521,20,2025
2025-02-18 08:00:00,timed,struct10,range_reentry,REENTRY,-0.21182266009856032,1,2025
2025-04-01 00:00:00,retest,atr05,chandelier15,SL,-1.0,1,2025
2025-04-01 00:00:00,retest,atr05,chandelier20,SL,-1.0,1,2025
2025-04-01 00:00:00,retest,atr05,chandelier25,SL,-1.0,1,2025
2025-04-01 00:00:00,retest,atr05,swing5trail,SL,-1.0,1,2025
2025-04-01 00:00:00,retest,atr05,ema20,SL,-1.0,1,2025
2025-04-01 00:00:00,retest,atr05,range_reentry,SL,-1.0,1,2025
2025-04-01 00:00:00,retest,atr075,chandelier15,CH15,0.22806551571495565,5,2025
2025-04-01 00:00:00,retest,atr075,chandelier20,SL,-1.0,9,2025
2025-04-01 00:00:00,retest,atr075,chandelier25,SL,-1.0,9,2025
2025-04-01 00:00:00,retest,atr075,swing5trail,SL,-1.0,9,2025
2025-04-01 00:00:00,retest,atr075,ema20,SL,-1.0,9,2025
2025-04-01 00:00:00,retest,atr075,range_reentry,REENTRY,0.22806551571495565,5,2025
2025-04-01 00:00:00,retest,atr10,chandelier15,CH15,0.17104913678621073,5,2025
2025-04-01 00:00:00,retest,atr10,chandelier20,CH20,0.613545816733084,9,2025
2025-04-01 00:00:00,retest,atr10,chandelier25,SL,-1.0,10,2025
2025-04-01 00:00:00,retest,atr10,swing5trail,SL,-1.0,10,2025
2025-04-01 00:00:00,retest,atr10,ema20,EMA20,0.613545816733084,9,2025
2025-04-01 00:00:00,retest,atr10,range_reentry,REENTRY,0.17104913678621073,5,2025
2025-04-01 00:00:00,retest,retest,chandelier15,SL,-1.0,1,2025
2025-04-01 00:00:00,retest,retest,chandelier20,SL,-1.0,1,2025
2025-04-01 00:00:00,retest,retest,chandelier25,SL,-1.0,1,2025
2025-04-01 00:00:00,retest,retest,swing5trail,SL,-1.0,1,2025
2025-04-01 00:00:00,retest,retest,ema20,SL,-1.0,1,2025
2025-04-01 00:00:00,retest,retest,range_reentry,SL,-1.0,1,2025
2025-04-01 00:00:00,retest,struct5,chandelier15,CH15,0.15181518151816745,5,2025
2025-04-01 00:00:00,retest,struct5,chandelier20,CH20,0.5445544554455446,9,2025
2025-04-01 00:00:00,retest,struct5,chandelier25,SL,-1.0,11,2025
2025-04-01 00:00:00,retest,struct5,swing5trail,SL,-1.0,11,2025
2025-04-01 00:00:00,retest,struct5,ema20,EMA20,0.5445544554455446,9,2025
2025-04-01 00:00:00,retest,struct5,range_reentry,REENTRY,0.15181518151816745,5,2025
2025-04-01 00:00:00,retest,struct10,chandelier15,CH15,0.07221350078493947,5,2025
2025-04-01 00:00:00,retest,struct10,chandelier20,CH20,0.2590266875981258,9,2025
2025-04-01 00:00:00,retest,struct10,chandelier25,TIME,-3.3445839874411245,20,2025
2025-04-01 00:00:00,retest,struct10,swing5trail,TIME,-3.3445839874411245,20,2025
2025-04-01 00:00:00,retest,struct10,ema20,EMA20,0.2590266875981258,9,2025
2025-04-01 00:00:00,retest,struct10,range_reentry,REENTRY,0.07221350078493947,5,2025
2025-04-01 04:00:00,timed,atr05,chandelier15,SL,-1.0,4,2025
2025-04-01 04:00:00,timed,atr05,chandelier20,SL,-1.0,4,2025
2025-04-01 04:00:00,timed,atr05,chandelier25,SL,-1.0,4,2025
2025-04-01 04:00:00,timed,atr05,swing5trail,SL,-1.0,4,2025
2025-04-01 04:00:00,timed,atr05,ema20,SL,-1.0,4,2025
2025-04-01 04:00:00,timed,atr05,range_reentry,SL,-1.0,4,2025
2025-04-01 04:00:00,timed,atr075,chandelier15,CH15,0.33181858683064813,4,2025
2025-04-01 04:00:00,timed,atr075,chandelier20,SL,-1.0,8,2025
2025-04-01 04:00:00,timed,atr075,chandelier25,SL,-1.0,8,2025
2025-04-01 04:00:00,timed,atr075,swing5trail,SL,-1.0,8,2025
2025-04-01 04:00:00,timed,atr075,ema20,SL,-1.0,8,2025
2025-04-01 04:00:00,timed,atr075,range_reentry,REENTRY,0.33181858683064813,4,2025
2025-04-01 04:00:00,timed,atr10,chandelier15,CH15,0.24886394012297725,4,2025
2025-04-01 04:00:00,timed,atr10,chandelier20,CH20,0.6941994119219556,8,2025
2025-04-01 04:00:00,timed,atr10,chandelier25,SL,-1.0,9,2025
2025-04-01 04:00:00,timed,atr10,swing5trail,SL,-1.0,9,2025
2025-04-01 04:00:00,timed,atr10,ema20,EMA20,0.6941994119219556,8,2025
2025-04-01 04:00:00,timed,atr10,range_reentry,REENTRY,0.24886394012297725,4,2025
2025-04-01 04:00:00,timed,retest,chandelier15,CH15,0.3643835616438533,4,2025
2025-04-01 04:00:00,timed,retest,chandelier20,SL,-1.0,6,2025
2025-04-01 04:00:00,timed,retest,chandelier25,SL,-1.0,6,2025
2025-04-01 04:00:00,timed,retest,swing5trail,SL,-1.0,6,2025
2025-04-01 04:00:00,timed,retest,ema20,SL,-1.0,6,2025
2025-04-01 04:00:00,timed,retest,range_reentry,REENTRY,0.3643835616438533,4,2025
2025-04-01 04:00:00,timed,struct5,chandelier15,CH15,0.2055641421947538,4,2025
2025-04-01 04:00:00,timed,struct5,chandelier20,CH20,0.5734157650695486,8,2025
2025-04-01 04:00:00,timed,struct5,chandelier25,SL,-1.0,10,2025
2025-04-01 04:00:00,timed,struct5,swing5trail,SL,-1.0,10,2025
2025-04-01 04:00:00,timed,struct5,ema20,EMA20,0.5734157650695486,8,2025
2025-04-01 04:00:00,timed,struct5,range_reentry,REENTRY,0.2055641421947538,4,2025
2025-04-01 04:00:00,timed,struct10,chandelier15,CH15,0.19645494830133778,4,2025
2025-04-01 04:00:00,timed,struct10,chandelier20,CH20,0.5480059084194946,8,2025
2025-04-01 04:00:00,timed,struct10,chandelier25,SL,-1.0,10,2025
2025-04-01 04:00:00,timed,struct10,swing5trail,SL,-1.0,10,2025
2025-04-01 04:00:00,timed,struct10,ema20,EMA20,0.5480059084194946,8,2025
2025-04-01 04:00:00,timed,struct10,range_reentry,REENTRY,0.19645494830133778,4,2025
2025-04-11 16:00:00,retest,atr05,chandelier15,TIME,-2.6229876030739527,20,2025
2025-04-11 16:00:00,retest,atr05,chandelier20,TIME,-2.6229876030739527,20,2025
2025-04-11 16:00:00,retest,atr05,chandelier25,TIME,-2.6229876030739527,20,2025
2025-04-11 16:00:00,retest,atr05,swing5trail,TIME,-2.6229876030739527,20,2025
2025-04-11 16:00:00,retest,atr05,ema20,TIME,-2.6229876030739527,20,2025
2025-04-11 16:00:00,retest,atr05,range_reentry,TIME,-2.6229876030739527,20,2025
2025-04-11 16:00:00,retest,atr075,chandelier15,TIME,-1.7486584020493279,20,2025
2025-04-11 16:00:00,retest,atr075,chandelier20,TIME,-1.7486584020493279,20,2025
2025-04-11 16:00:00,retest,atr075,chandelier25,TIME,-1.7486584020493279,20,2025
2025-04-11 16:00:00,retest,atr075,swing5trail,TIME,-1.7486584020493279,20,2025
2025-04-11 16:00:00,retest,atr075,ema20,TIME,-1.7486584020493279,20,2025
2025-04-11 16:00:00,retest,atr075,range_reentry,TIME,-1.7486584020493279,20,2025
2025-04-11 16:00:00,retest,atr10,chandelier15,TIME,-1.3114938015369764,20,2025
2025-04-11 16:00:00,retest,atr10,chandelier20,TIME,-1.3114938015369764,20,2025
2025-04-11 16:00:00,retest,atr10,chandelier25,TIME,-1.3114938015369764,20,2025
2025-04-11 16:00:00,retest,atr10,swing5trail,TIME,-1.3114938015369764,20,2025
2025-04-11 16:00:00,retest,atr10,ema20,TIME,-1.3114938015369764,20,2025
2025-04-11 16:00:00,retest,atr10,range_reentry,TIME,-1.3114938015369764,20,2025
2025-04-11 16:00:00,retest,retest,chandelier15,TIME,-2.7649006622515735,20,2025
2025-04-11 16:00:00,retest,retest,chandelier20,TIME,-2.7649006622515735,20,2025
2025-04-11 16:00:00,retest,retest,chandelier25,TIME,-2.7649006622515735,20,2025
2025-04-11 16:00:00,retest,retest,swing5trail,TIME,-2.7649006622515735,20,2025
2025-04-11 16:00:00,retest,retest,ema20,TIME,-2.7649006622515735,20,2025
2025-04-11 16:00:00,retest,retest,range_reentry,TIME,-2.7649006622515735,20,2025
2025-04-11 16:00:00,retest,struct5,chandelier15,TIME,-1.3489499192245462,20,2025
2025-04-11 16:00:00,retest,struct5,chandelier20,TIME,-1.3489499192245462,20,2025
2025-04-11 16:00:00,retest,struct5,chandelier25,TIME,-1.3489499192245462,20,2025
2025-04-11 16:00:00,retest,struct5,swing5trail,TIME,-1.3489499192245462,20,2025
2025-04-11 16:00:00,retest,struct5,ema20,TIME,-1.3489499192245462,20,2025
2025-04-11 16:00:00,retest,struct5,range_reentry,TIME,-1.3489499192245462,20,2025
2025-04-11 16:00:00,retest,struct10,chandelier15,TIME,-0.4320827943078871,20,2025
2025-04-11 16:00:00,retest,struct10,chandelier20,TIME,-0.4320827943078871,20,2025
2025-04-11 16:00:00,retest,struct10,chandelier25,TIME,-0.4320827943078871,20,2025
2025-04-11 16:00:00,retest,struct10,swing5trail,TIME,-0.4320827943078871,20,2025
2025-04-11 16:00:00,retest,struct10,ema20,TIME,-0.4320827943078871,20,2025
2025-04-11 16:00:00,retest,struct10,range_reentry,TIME,-0.4320827943078871,20,2025
2025-04-13 20:00:00,timed,atr05,chandelier15,CH15,-2.1917966493356933,19,2025
2025-04-13 20:00:00,timed,atr05,chandelier20,CH20,-1.6175621028307883,20,2025
2025-04-13 20:00:00,timed,atr05,chandelier25,TIME,-1.6175621028307883,20,2025
2025-04-13 20:00:00,timed,atr05,swing5trail,TIME,-1.6175621028307883,20,2025
2025-04-13 20:00:00,timed,atr05,ema20,TIME,-1.6175621028307883,20,2025
2025-04-13 20:00:00,timed,atr05,range_reentry,TIME,-1.6175621028307883,20,2025
2025-04-13 20:00:00,timed,atr075,chandelier15,CH15,-1.4611977662237956,19,2025
2025-04-13 20:00:00,timed,atr075,chandelier20,CH20,-1.0783747352205255,20,2025
2025-04-13 20:00:00,timed,atr075,chandelier25,TIME,-1.0783747352205255,20,2025
2025-04-13 20:00:00,timed,atr075,swing5trail,TIME,-1.0783747352205255,20,2025
2025-04-13 20:00:00,timed,atr075,ema20,TIME,-1.0783747352205255,20,2025
2025-04-13 20:00:00,timed,atr075,range_reentry,TIME,-1.0783747352205255,20,2025
2025-04-13 20:00:00,timed,atr10,chandelier15,CH15,-1.0958983246678153,19,2025
2025-04-13 20:00:00,timed,atr10,chandelier20,CH20,-0.8087810514153709,20,2025
2025-04-13 20:00:00,timed,atr10,chandelier25,TIME,-0.8087810514153709,20,2025
2025-04-13 20:00:00,timed,atr10,swing5trail,TIME,-0.8087810514153709,20,2025
2025-04-13 20:00:00,timed,atr10,ema20,TIME,-0.8087810514153709,20,2025
2025-04-13 20:00:00,timed,atr10,range_reentry,TIME,-0.8087810514153709,20,2025
2025-04-13 20:00:00,timed,retest,chandelier15,CH15,-2.1338582677165006,19,2025
2025-04-13 20:00:00,timed,retest,chandelier20,CH20,-1.5748031496062913,20,2025
2025-04-13 20:00:00,timed,retest,chandelier25,TIME,-1.5748031496062913,20,2025
2025-04-13 20:00:00,timed,retest,swing5trail,TIME,-1.5748031496062913,20,2025
2025-04-13 20:00:00,timed,retest,ema20,TIME,-1.5748031496062913,20,2025
2025-04-13 20:00:00,timed,retest,range_reentry,TIME,-1.5748031496062913,20,2025
2025-04-13 20:00:00,timed,struct5,chandelier15,CH15,-2.1338582677165006,19,2025
2025-04-13 20:00:00,timed,struct5,chandelier20,CH20,-1.5748031496062913,20,2025
2025-04-13 20:00:00,timed,struct5,chandelier25,TIME,-1.5748031496062913,20,2025
2025-04-13 20:00:00,timed,struct5,swing5trail,TIME,-1.5748031496062913,20,2025
2025-04-13 20:00:00,timed,struct5,ema20,TIME,-1.5748031496062913,20,2025
2025-04-13 20:00:00,timed,struct5,range_reentry,TIME,-1.5748031496062913,20,2025
2025-04-13 20:00:00,timed,struct10,chandelier15,CH15,-0.3963436928702044,19,2025
2025-04-13 20:00:00,timed,struct10,chandelier20,CH20,-0.292504570383918,20,2025
2025-04-13 20:00:00,timed,struct10,chandelier25,TIME,-0.292504570383918,20,2025
2025-04-13 20:00:00,timed,struct10,swing5trail,TIME,-0.292504570383918,20,2025
2025-04-13 20:00:00,timed,struct10,ema20,TIME,-0.292504570383918,20,2025
2025-04-13 20:00:00,timed,struct10,range_reentry,TIME,-0.292504570383918,20,2025
2025-04-22 16:00:00,retest,atr05,chandelier15,SL,-1.0,1,2025
2025-04-22 16:00:00,retest,atr05,chandelier20,SL,-1.0,1,2025
2025-04-22 16:00:00,retest,atr05,chandelier25,SL,-1.0,1,2025
2025-04-22 16:00:00,retest,atr05,swing5trail,SL,-1.0,1,2025
2025-04-22 16:00:00,retest,atr05,ema20,SL,-1.0,1,2025
2025-04-22 16:00:00,retest,atr05,range_reentry,SL,-1.0,1,2025
2025-04-22 16:00:00,retest,atr075,chandelier15,SL,-1.0,1,2025
2025-04-22 16:00:00,retest,atr075,chandelier20,SL,-1.0,1,2025
2025-04-22 16:00:00,retest,atr075,chandelier25,SL,-1.0,1,2025
2025-04-22 16:00:00,retest,atr075,swing5trail,SL,-1.0,1,2025
2025-04-22 16:00:00,retest,atr075,ema20,SL,-1.0,1,2025
2025-04-22 16:00:00,retest,atr075,range_reentry,SL,-1.0,1,2025
2025-04-22 16:00:00,retest,atr10,chandelier15,SL,-1.0,1,2025
2025-04-22 16:00:00,retest,atr10,chandelier20,SL,-1.0,1,2025
2025-04-22 16:00:00,retest,atr10,chandelier25,SL,-1.0,1,2025
2025-04-22 16:00:00,retest,atr10,swing5trail,SL,-1.0,1,2025
2025-04-22 16:00:00,retest,atr10,ema20,SL,-1.0,1,2025
2025-04-22 16:00:00,retest,atr10,range_reentry,SL,-1.0,1,2025
2025-04-22 16:00:00,retest,retest,chandelier15,SL,-1.0,1,2025
2025-04-22 16:00:00,retest,retest,chandelier20,SL,-1.0,1,2025
2025-04-22 16:00:00,retest,retest,chandelier25,SL,-1.0,1,2025
2025-04-22 16:00:00,retest,retest,swing5trail,SL,-1.0,1,2025
2025-04-22 16:00:00,retest,retest,ema20,SL,-1.0,1,2025
2025-04-22 16:00:00,retest,retest,range_reentry,SL,-1.0,1,2025
2025-04-22 16:00:00,retest,struct5,chandelier15,INVALID,,0,2025
2025-04-22 16:00:00,retest,struct5,chandelier20,INVALID,,0,2025
2025-04-22 16:00:00,retest,struct5,chandelier25,INVALID,,0,2025
2025-04-22 16:00:00,retest,struct5,swing5trail,INVALID,,0,2025
2025-04-22 16:00:00,retest,struct5,ema20,INVALID,,0,2025
2025-04-22 16:00:00,retest,struct5,range_reentry,INVALID,,0,2025
2025-04-22 16:00:00,retest,struct10,chandelier15,INVALID,,0,2025
2025-04-22 16:00:00,retest,struct10,chandelier20,INVALID,,0,2025
2025-04-22 16:00:00,retest,struct10,chandelier25,INVALID,,0,2025
2025-04-22 16:00:00,retest,struct10,swing5trail,INVALID,,0,2025
2025-04-22 16:00:00,retest,struct10,ema20,INVALID,,0,2025
2025-04-22 16:00:00,retest,struct10,range_reentry,INVALID,,0,2025
2025-04-23 04:00:00,timed,atr05,chandelier15,SL,-1.0,2,2025
2025-04-23 04:00:00,timed,atr05,chandelier20,SL,-1.0,2,2025
2025-04-23 04:00:00,timed,atr05,chandelier25,SL,-1.0,2,2025
2025-04-23 04:00:00,timed,atr05,swing5trail,SL,-1.0,2,2025
2025-04-23 04:00:00,timed,atr05,ema20,SL,-1.0,2,2025
2025-04-23 04:00:00,timed,atr05,range_reentry,REENTRY,-0.5851145038168467,1,2025
2025-04-23 04:00:00,timed,atr075,chandelier15,SL,-1.0,2,2025
2025-04-23 04:00:00,timed,atr075,chandelier20,SL,-1.0,2,2025
2025-04-23 04:00:00,timed,atr075,chandelier25,SL,-1.0,2,2025
2025-04-23 04:00:00,timed,atr075,swing5trail,SL,-1.0,2,2025
2025-04-23 04:00:00,timed,atr075,ema20,SL,-1.0,2,2025
2025-04-23 04:00:00,timed,atr075,range_reentry,REENTRY,-0.39007633587790763,1,2025
2025-04-23 04:00:00,timed,atr10,chandelier15,SL,-1.0,2,2025
2025-04-23 04:00:00,timed,atr10,chandelier20,SL,-1.0,2,2025
2025-04-23 04:00:00,timed,atr10,chandelier25,SL,-1.0,2,2025
2025-04-23 04:00:00,timed,atr10,swing5trail,SL,-1.0,2,2025
2025-04-23 04:00:00,timed,atr10,ema20,SL,-1.0,2,2025
2025-04-23 04:00:00,timed,atr10,range_reentry,REENTRY,-0.29255725190843446,1,2025
2025-04-23 04:00:00,timed,retest,chandelier15,INVALID,,0,2025
2025-04-23 04:00:00,timed,retest,chandelier20,INVALID,,0,2025
2025-04-23 04:00:00,timed,retest,chandelier25,INVALID,,0,2025
2025-04-23 04:00:00,timed,retest,swing5trail,INVALID,,0,2025
2025-04-23 04:00:00,timed,retest,ema20,INVALID,,0,2025
2025-04-23 04:00:00,timed,retest,range_reentry,INVALID,,0,2025
2025-04-23 04:00:00,timed,struct5,chandelier15,SL,-1.0,3,2025
2025-04-23 04:00:00,timed,struct5,chandelier20,SL,-1.0,3,2025
2025-04-23 04:00:00,timed,struct5,chandelier25,SL,-1.0,3,2025
2025-04-23 04:00:00,timed,struct5,swing5trail,SL,-1.0,3,2025
2025-04-23 04:00:00,timed,struct5,ema20,SL,-1.0,3,2025
2025-04-23 04:00:00,timed,struct5,range_reentry,REENTRY,-0.16198224852072965,1,2025
2025-04-23 04:00:00,timed,struct10,chandelier15,SL,-1.0,3,2025
2025-04-23 04:00:00,timed,struct10,chandelier20,SL,-1.0,3,2025
2025-04-23 04:00:00,timed,struct10,chandelier25,SL,-1.0,3,2025
2025-04-23 04:00:00,timed,struct10,swing5trail,SL,-1.0,3,2025
2025-04-23 04:00:00,timed,struct10,ema20,SL,-1.0,3,2025
2025-04-23 04:00:00,timed,struct10,range_reentry,REENTRY,-0.16198224852072965,1,2025
2025-05-07 04:00:00,retest,atr05,chandelier15,SL,-1.0,2,2025
2025-05-07 04:00:00,retest,atr05,chandelier20,SL,-1.0,2,2025
2025-05-07 04:00:00,retest,atr05,chandelier25,SL,-1.0,2,2025
2025-05-07 04:00:00,retest,atr05,swing5trail,SL,-1.0,2,2025
2025-05-07 04:00:00,retest,atr05,ema20,SL,-1.0,2,2025
2025-05-07 04:00:00,retest,atr05,range_reentry,REENTRY,0.7333012974530955,1,2025
2025-05-07 04:00:00,retest,atr075,chandelier15,SL,-1.0,3,2025
2025-05-07 04:00:00,retest,atr075,chandelier20,SL,-1.0,3,2025
2025-05-07 04:00:00,retest,atr075,chandelier25,SL,-1.0,3,2025
2025-05-07 04:00:00,retest,atr075,swing5trail,SL,-1.0,3,2025
2025-05-07 04:00:00,retest,atr075,ema20,SL,-1.0,3,2025
2025-05-07 04:00:00,retest,atr075,range_reentry,REENTRY,0.4888675316354126,1,2025
2025-05-07 04:00:00,retest,atr10,chandelier15,SL,-1.0,3,2025
2025-05-07 04:00:00,retest,atr10,chandelier20,SL,-1.0,3,2025
2025-05-07 04:00:00,retest,atr10,chandelier25,SL,-1.0,3,2025
2025-05-07 04:00:00,retest,atr10,swing5trail,SL,-1.0,3,2025
2025-05-07 04:00:00,retest,atr10,ema20,SL,-1.0,3,2025
2025-05-07 04:00:00,retest,atr10,range_reentry,REENTRY,0.3666506487265653,1,2025
2025-05-07 04:00:00,retest,retest,chandelier15,SL,-1.0,1,2025
2025-05-07 04:00:00,retest,retest,chandelier20,SL,-1.0,1,2025
2025-05-07 04:00:00,retest,retest,chandelier25,SL,-1.0,1,2025
2025-05-07 04:00:00,retest,retest,swing5trail,SL,-1.0,1,2025
2025-05-07 04:00:00,retest,retest,ema20,SL,-1.0,1,2025
2025-05-07 04:00:00,retest,retest,range_reentry,SL,-1.0,1,2025
2025-05-07 04:00:00,retest,struct5,chandelier15,SL,-1.0,1,2025
2025-05-07 04:00:00,retest,struct5,chandelier20,SL,-1.0,1,2025
2025-05-07 04:00:00,retest,struct5,chandelier25,SL,-1.0,1,2025
2025-05-07 04:00:00,retest,struct5,swing5trail,SL,-1.0,1,2025
2025-05-07 04:00:00,retest,struct5,ema20,SL,-1.0,1,2025
2025-05-07 04:00:00,retest,struct5,range_reentry,SL,-1.0,1,2025
2025-05-07 04:00:00,retest,struct10,chandelier15,CH15,0.578564940962762,3,2025
2025-05-07 04:00:00,retest,struct10,chandelier20,SL,-1.0,6,2025
2025-05-07 04:00:00,retest,struct10,chandelier25,SL,-1.0,6,2025
2025-05-07 04:00:00,retest,struct10,swing5trail,SL,-1.0,6,2025
2025-05-07 04:00:00,retest,struct10,ema20,EMA20,0.578564940962762,3,2025
2025-05-07 04:00:00,retest,struct10,range_reentry,REENTRY,0.19800181653041735,1,2025
2025-06-13 16:00:00,retest,atr05,chandelier15,CH15,0.3502104630186743,12,2025
2025-06-13 16:00:00,retest,atr05,chandelier20,CH20,0.3502104630186743,12,2025
2025-06-13 16:00:00,retest,atr05,chandelier25,SL,-1.0,13,2025
2025-06-13 16:00:00,retest,atr05,swing5trail,SL,-1.0,13,2025
2025-06-13 16:00:00,retest,atr05,ema20,SL,-1.0,13,2025
2025-06-13 16:00:00,retest,atr05,range_reentry,REENTRY,0.3502104630186743,1,2025
2025-06-13 16:00:00,retest,atr075,chandelier15,CH15,0.23347364201246443,12,2025
2025-06-13 16:00:00,retest,atr075,chandelier20,CH20,0.23347364201246443,12,2025
2025-06-13 16:00:00,retest,atr075,chandelier25,SL,-1.0,13,2025
2025-06-13 16:00:00,retest,atr075,swing5trail,SL,-1.0,13,2025
2025-06-13 16:00:00,retest,atr075,ema20,SL,-1.0,13,2025
2025-06-13 16:00:00,retest,atr075,range_reentry,REENTRY,0.23347364201246443,1,2025
2025-06-13 16:00:00,retest,atr10,chandelier15,CH15,0.17510523150934554,12,2025
2025-06-13 16:00:00,retest,atr10,chandelier20,CH20,0.17510523150934554,12,2025
2025-06-13 16:00:00,retest,atr10,chandelier25,SL,-1.0,13,2025
2025-06-13 16:00:00,retest,atr10,swing5trail,SL,-1.0,13,2025
2025-06-13 16:00:00,retest,atr10,ema20,SL,-1.0,13,2025
2025-06-13 16:00:00,retest,atr10,range_reentry,REENTRY,0.17510523150934554,1,2025
2025-06-13 16:00:00,retest,retest,chandelier15,CH15,0.3969465648855467,12,2025
2025-06-13 16:00:00,retest,retest,chandelier20,CH20,0.3969465648855467,12,2025
2025-06-13 16:00:00,retest,retest,chandelier25,SL,-1.0,13,2025
2025-06-13 16:00:00,retest,retest,swing5trail,SL,-1.0,13,2025
2025-06-13 16:00:00,retest,retest,ema20,SL,-1.0,13,2025
2025-06-13 16:00:00,retest,retest,range_reentry,REENTRY,0.3969465648855467,1,2025
2025-06-13 16:00:00,retest,struct5,chandelier15,CH15,0.19012797074956853,12,2025
2025-06-13 16:00:00,retest,struct5,chandelier20,CH20,0.19012797074956853,12,2025
2025-06-13 16:00:00,retest,struct5,chandelier25,SL,-1.0,13,2025
2025-06-13 16:00:00,retest,struct5,swing5trail,SL,-1.0,13,2025
2025-06-13 16:00:00,retest,struct5,ema20,SL,-1.0,13,2025
2025-06-13 16:00:00,retest,struct5,range_reentry,REENTRY,0.19012797074956853,1,2025
2025-06-13 16:00:00,retest,struct10,chandelier15,CH15,0.19012797074956853,12,2025
2025-06-13 16:00:00,retest,struct10,chandelier20,CH20,0.19012797074956853,12,2025
2025-06-13 16:00:00,retest,struct10,chandelier25,SL,-1.0,13,2025
2025-06-13 16:00:00,retest,struct10,swing5trail,SL,-1.0,13,2025
2025-06-13 16:00:00,retest,struct10,ema20,SL,-1.0,13,2025
2025-06-13 16:00:00,retest,struct10,range_reentry,REENTRY,0.19012797074956853,1,2025
2025-06-25 00:00:00,retest,atr05,chandelier15,SL,-1.0,1,2025
2025-06-25 00:00:00,retest,atr05,chandelier20,SL,-1.0,1,2025
2025-06-25 00:00:00,retest,atr05,chandelier25,SL,-1.0,1,2025
2025-06-25 00:00:00,retest,atr05,swing5trail,SL,-1.0,1,2025
2025-06-25 00:00:00,retest,atr05,ema20,SL,-1.0,1,2025
2025-06-25 00:00:00,retest,atr05,range_reentry,SL,-1.0,1,2025
2025-06-25 00:00:00,retest,atr075,chandelier15,SL,-1.0,2,2025
2025-06-25 00:00:00,retest,atr075,chandelier20,SL,-1.0,2,2025
2025-06-25 00:00:00,retest,atr075,chandelier25,SL,-1.0,2,2025
2025-06-25 00:00:00,retest,atr075,swing5trail,SL,-1.0,2,2025
2025-06-25 00:00:00,retest,atr075,ema20,SL,-1.0,2,2025
2025-06-25 00:00:00,retest,atr075,range_reentry,REENTRY,0.7573001436093868,1,2025
2025-06-25 00:00:00,retest,atr10,chandelier15,SL,-1.0,2,2025
2025-06-25 00:00:00,retest,atr10,chandelier20,SL,-1.0,2,2025
2025-06-25 00:00:00,retest,atr10,chandelier25,SL,-1.0,2,2025
2025-06-25 00:00:00,retest,atr10,swing5trail,SL,-1.0,2,2025
2025-06-25 00:00:00,retest,atr10,ema20,SL,-1.0,2,2025
2025-06-25 00:00:00,retest,atr10,range_reentry,REENTRY,0.5679751077070311,1,2025
2025-06-25 00:00:00,retest,retest,chandelier15,SL,-1.0,1,2025
2025-06-25 00:00:00,retest,retest,chandelier20,SL,-1.0,1,2025
2025-06-25 00:00:00,retest,retest,chandelier25,SL,-1.0,1,2025
2025-06-25 00:00:00,retest,retest,swing5trail,SL,-1.0,1,2025
2025-06-25 00:00:00,retest,retest,ema20,SL,-1.0,1,2025
2025-06-25 00:00:00,retest,retest,range_reentry,SL,-1.0,1,2025
2025-06-25 00:00:00,retest,struct5,chandelier15,SL,-1.0,2,2025
2025-06-25 00:00:00,retest,struct5,chandelier20,SL,-1.0,2,2025
2025-06-25 00:00:00,retest,struct5,chandelier25,SL,-1.0,2,2025
2025-06-25 00:00:00,retest,struct5,swing5trail,SL,-1.0,2,2025
2025-06-25 00:00:00,retest,struct5,ema20,SL,-1.0,2,2025
2025-06-25 00:00:00,retest,struct5,range_reentry,REENTRY,0.6254612546125418,1,2025
2025-06-25 00:00:00,retest,struct10,chandelier15,CH15,0.2541762201113602,2,2025
2025-06-25 00:00:00,retest,struct10,chandelier20,CH20,-0.11726170979364704,19,2025
2025-06-25 00:00:00,retest,struct10,chandelier25,TIME,-0.11726170979364704,20,2025
2025-06-25 00:00:00,retest,struct10,swing5trail,TIME,-0.11726170979364704,20,2025
2025-06-25 00:00:00,retest,struct10,ema20,EMA20,0.2541762201113602,2,2025
2025-06-25 00:00:00,retest,struct10,range_reentry,REENTRY,0.1110383229610216,1,2025
2025-06-25 16:00:00,timed,atr05,chandelier15,CH15,-2.050550874918912,7,2025
2025-06-25 16:00:00,timed,atr05,chandelier20,CH20,-2.264679196370613,15,2025
2025-06-25 16:00:00,timed,atr05,chandelier25,CH25,-2.264679196370613,17,2025
2025-06-25 16:00:00,timed,atr05,swing5trail,TIME,-2.264679196370613,20,2025
2025-06-25 16:00:00,timed,atr05,ema20,TIME,-2.264679196370613,20,2025
2025-06-25 16:00:00,timed,atr05,range_reentry,TIME,-2.264679196370613,20,2025
2025-06-25 16:00:00,timed,atr075,chandelier15,CH15,-1.3670339166126548,7,2025
2025-06-25 16:00:00,timed,atr075,chandelier20,CH20,-1.5097861309137939,15,2025
2025-06-25 16:00:00,timed,atr075,chandelier25,CH25,-1.5097861309137939,17,2025
2025-06-25 16:00:00,timed,atr075,swing5trail,TIME,-1.5097861309137939,20,2025
2025-06-25 16:00:00,timed,atr075,ema20,TIME,-1.5097861309137939,20,2025
2025-06-25 16:00:00,timed,atr075,range_reentry,TIME,-1.5097861309137939,20,2025
2025-06-25 16:00:00,timed,atr10,chandelier15,CH15,-1.025275437459456,7,2025
2025-06-25 16:00:00,timed,atr10,chandelier20,CH20,-1.1323395981853066,15,2025
2025-06-25 16:00:00,timed,atr10,chandelier25,CH25,-1.1323395981853066,17,2025
2025-06-25 16:00:00,timed,atr10,swing5trail,TIME,-1.1323395981853066,20,2025
2025-06-25 16:00:00,timed,atr10,ema20,TIME,-1.1323395981853066,20,2025
2025-06-25 16:00:00,timed,atr10,range_reentry,TIME,-1.1323395981853066,20,2025
2025-06-25 16:00:00,timed,retest,chandelier15,INVALID,,0,2025
2025-06-25 16:00:00,timed,retest,chandelier20,INVALID,,0,2025
2025-06-25 16:00:00,timed,retest,chandelier25,INVALID,,0,2025
2025-06-25 16:00:00,timed,retest,swing5trail,INVALID,,0,2025
2025-06-25 16:00:00,timed,retest,ema20,INVALID,,0,2025
2025-06-25 16:00:00,timed,retest,range_reentry,INVALID,,0,2025
2025-06-25 16:00:00,timed,struct5,chandelier15,CH15,-0.7946554149085621,7,2025
2025-06-25 16:00:00,timed,struct5,chandelier20,CH20,-0.8776371308016653,15,2025
2025-06-25 16:00:00,timed,struct5,chandelier25,CH25,-0.8776371308016653,17,2025
2025-06-25 16:00:00,timed,struct5,swing5trail,TIME,-0.8776371308016653,20,2025
2025-06-25 16:00:00,timed,struct5,ema20,TIME,-0.8776371308016653,20,2025
2025-06-25 16:00:00,timed,struct5,range_reentry,TIME,-0.8776371308016653,20,2025
2025-06-25 16:00:00,timed,struct10,chandelier15,CH15,-0.7946554149085621,7,2025
2025-06-25 16:00:00,timed,struct10,chandelier20,CH20,-0.8776371308016653,15,2025
2025-06-25 16:00:00,timed,struct10,chandelier25,CH25,-0.8776371308016653,17,2025
2025-06-25 16:00:00,timed,struct10,swing5trail,TIME,-0.8776371308016653,20,2025
2025-06-25 16:00:00,timed,struct10,ema20,TIME,-0.8776371308016653,20,2025
2025-06-25 16:00:00,timed,struct10,range_reentry,TIME,-0.8776371308016653,20,2025
2025-06-27 04:00:00,retest,atr05,chandelier15,SL,-1.0,2,2025
2025-06-27 04:00:00,retest,atr05,chandelier20,SL,-1.0,2,2025
2025-06-27 04:00:00,retest,atr05,chandelier25,SL,-1.0,2,2025
2025-06-27 04:00:00,retest,atr05,swing5trail,SL,-1.0,2,2025
2025-06-27 04:00:00,retest,atr05,ema20,SL,-1.0,2,2025
2025-06-27 04:00:00,retest,atr05,range_reentry,SL,-1.0,2,2025
2025-06-27 04:00:00,retest,atr075,chandelier15,SL,-1.0,2,2025
2025-06-27 04:00:00,retest,atr075,chandelier20,SL,-1.0,2,2025
2025-06-27 04:00:00,retest,atr075,chandelier25,SL,-1.0,2,2025
2025-06-27 04:00:00,retest,atr075,swing5trail,SL,-1.0,2,2025
2025-06-27 04:00:00,retest,atr075,ema20,SL,-1.0,2,2025
2025-06-27 04:00:00,retest,atr075,range_reentry,SL,-1.0,2,2025
2025-06-27 04:00:00,retest,atr10,chandelier15,CH15,0.25370675453049163,9,2025
2025-06-27 04:00:00,retest,atr10,chandelier20,CH20,0.25370675453049163,11,2025
2025-06-27 04:00:00,retest,atr10,chandelier25,CH25,0.25370675453049163,13,2025
2025-06-27 04:00:00,retest,atr10,swing5trail,TIME,-0.6073585941790375,20,2025
2025-06-27 04:00:00,retest,atr10,ema20,TIME,-0.6073585941790375,20,2025
2025-06-27 04:00:00,retest,atr10,range_reentry,REENTRY,0.4862712795167847,2,2025
2025-06-27 04:00:00,retest,retest,chandelier15,SL,-1.0,1,2025
2025-06-27 04:00:00,retest,retest,chandelier20,SL,-1.0,1,2025
2025-06-27 04:00:00,retest,retest,chandelier25,SL,-1.0,1,2025
2025-06-27 04:00:00,retest,retest,swing5trail,SL,-1.0,1,2025
2025-06-27 04:00:00,retest,retest,ema20,SL,-1.0,1,2025
2025-06-27 04:00:00,retest,retest,range_reentry,SL,-1.0,1,2025
2025-06-27 04:00:00,retest,struct5,chandelier15,SL,-1.0,2,2025
2025-06-27 04:00:00,retest,struct5,chandelier20,SL,-1.0,2,2025
2025-06-27 04:00:00,retest,struct5,chandelier25,SL,-1.0,2,2025
2025-06-27 04:00:00,retest,struct5,swing5trail,SL,-1.0,2,2025
2025-06-27 04:00:00,retest,struct5,ema20,SL,-1.0,2,2025
2025-06-27 04:00:00,retest,struct5,range_reentry,SL,-1.0,2,2025
2025-06-27 04:00:00,retest,struct10,chandelier15,CH15,0.0899795501022521,9,2025
2025-06-27 04:00:00,retest,struct10,chandelier20,CH20,0.0899795501022521,11,2025
2025-06-27 04:00:00,retest,struct10,chandelier25,CH25,0.0899795501022521,13,2025
2025-06-27 04:00:00,retest,struct10,swing5trail,TIME,-0.21540558963871828,20,2025
2025-06-27 04:00:00,retest,struct10,ema20,TIME,-0.21540558963871828,20,2025
2025-06-27 04:00:00,retest,struct10,range_reentry,REENTRY,0.1724608043626531,2,2025
2025-09-17 04:00:00,retest,atr05,chandelier15,SL,-1.0,3,2025
2025-09-17 04:00:00,retest,atr05,chandelier20,SL,-1.0,3,2025
2025-09-17 04:00:00,retest,atr05,chandelier25,SL,-1.0,3,2025
2025-09-17 04:00:00,retest,atr05,swing5trail,SL,-1.0,3,2025
2025-09-17 04:00:00,retest,atr05,ema20,SL,-1.0,3,2025
2025-09-17 04:00:00,retest,atr05,range_reentry,SL,-1.0,3,2025
2025-09-17 04:00:00,retest,atr075,chandelier15,CH15,0.45709243326709015,3,2025
2025-09-17 04:00:00,retest,atr075,chandelier20,CH20,0.45709243326709015,3,2025
2025-09-17 04:00:00,retest,atr075,chandelier25,CH25,0.45709243326709015,3,2025
2025-09-17 04:00:00,retest,atr075,swing5trail,SL,-1.0,4,2025
2025-09-17 04:00:00,retest,atr075,ema20,SL,-1.0,4,2025
2025-09-17 04:00:00,retest,atr075,range_reentry,REENTRY,0.45709243326709015,3,2025
2025-09-17 04:00:00,retest,atr10,chandelier15,CH15,0.34281932495032763,3,2025
2025-09-17 04:00:00,retest,atr10,chandelier20,CH20,0.34281932495032763,3,2025
2025-09-17 04:00:00,retest,atr10,chandelier25,CH25,0.34281932495032763,3,2025
2025-09-17 04:00:00,retest,atr10,swing5trail,SL,-1.0,4,2025
2025-09-17 04:00:00,retest,atr10,ema20,SL,-1.0,4,2025
2025-09-17 04:00:00,retest,atr10,range_reentry,REENTRY,0.34281932495032763,3,2025
2025-09-17 04:00:00,retest,retest,chandelier15,SL,-1.0,1,2025
2025-09-17 04:00:00,retest,retest,chandelier20,SL,-1.0,1,2025
2025-09-17 04:00:00,retest,retest,chandelier25,SL,-1.0,1,2025
2025-09-17 04:00:00,retest,retest,swing5trail,SL,-1.0,1,2025
2025-09-17 04:00:00,retest,retest,ema20,SL,-1.0,1,2025
2025-09-17 04:00:00,retest,retest,range_reentry,SL,-1.0,1,2025
2025-09-17 04:00:00,retest,struct5,chandelier15,CH15,0.1884550084889478,3,2025
2025-09-17 04:00:00,retest,struct5,chandelier20,CH20,0.1884550084889478,3,2025
2025-09-17 04:00:00,retest,struct5,chandelier25,CH25,0.1884550084889478,3,2025
2025-09-17 04:00:00,retest,struct5,swing5trail,SW5,0.6536502546689165,5,2025
2025-09-17 04:00:00,retest,struct5,ema20,EMA20,0.6536502546689165,5,2025
2025-09-17 04:00:00,retest,struct5,range_reentry,REENTRY,0.1884550084889478,3,2025
2025-09-17 04:00:00,retest,struct10,chandelier15,CH15,0.12729357798163785,3,2025
2025-09-17 04:00:00,retest,struct10,chandelier20,CH20,0.12729357798163785,3,2025
2025-09-17 04:00:00,retest,struct10,chandelier25,CH25,0.12729357798163785,3,2025
2025-09-17 04:00:00,retest,struct10,swing5trail,SW5,0.44151376146787236,5,2025
2025-09-17 04:00:00,retest,struct10,ema20,EMA20,0.44151376146787236,5,2025
2025-09-17 04:00:00,retest,struct10,range_reentry,REENTRY,0.12729357798163785,3,2025
2025-10-03 00:00:00,retest,atr05,chandelier15,SL,-1.0,6,2025
2025-10-03 00:00:00,retest,atr05,chandelier20,SL,-1.0,6,2025
2025-10-03 00:00:00,retest,atr05,chandelier25,SL,-1.0,6,2025
2025-10-03 00:00:00,retest,atr05,swing5trail,SL,-1.0,6,2025
2025-10-03 00:00:00,retest,atr05,ema20,SL,-1.0,6,2025
2025-10-03 00:00:00,retest,atr05,range_reentry,SL,-1.0,6,2025
2025-10-03 00:00:00,retest,atr075,chandelier15,SL,-1.0,6,2025
2025-10-03 00:00:00,retest,atr075,chandelier20,SL,-1.0,6,2025
2025-10-03 00:00:00,retest,atr075,chandelier25,SL,-1.0,6,2025
2025-10-03 00:00:00,retest,atr075,swing5trail,SL,-1.0,6,2025
2025-10-03 00:00:00,retest,atr075,ema20,SL,-1.0,6,2025
2025-10-03 00:00:00,retest,atr075,range_reentry,SL,-1.0,6,2025
2025-10-03 00:00:00,retest,atr10,chandelier15,SL,-1.0,6,2025
2025-10-03 00:00:00,retest,atr10,chandelier20,SL,-1.0,6,2025
2025-10-03 00:00:00,retest,atr10,chandelier25,SL,-1.0,6,2025
2025-10-03 00:00:00,retest,atr10,swing5trail,SL,-1.0,6,2025
2025-10-03 00:00:00,retest,atr10,ema20,SL,-1.0,6,2025
2025-10-03 00:00:00,retest,atr10,range_reentry,SL,-1.0,6,2025
2025-10-03 00:00:00,retest,retest,chandelier15,SL,-1.0,1,2025
2025-10-03 00:00:00,retest,retest,chandelier20,SL,-1.0,1,2025
2025-10-03 00:00:00,retest,retest,chandelier25,SL,-1.0,1,2025
2025-10-03 00:00:00,retest,retest,swing5trail,SL,-1.0,1,2025
2025-10-03 00:00:00,retest,retest,ema20,SL,-1.0,1,2025
2025-10-03 00:00:00,retest,retest,range_reentry,SL,-1.0,1,2025
2025-10-03 00:00:00,retest,struct5,chandelier15,INVALID,,0,2025
2025-10-03 00:00:00,retest,struct5,chandelier20,INVALID,,0,2025
2025-10-03 00:00:00,retest,struct5,chandelier25,INVALID,,0,2025
2025-10-03 00:00:00,retest,struct5,swing5trail,INVALID,,0,2025
2025-10-03 00:00:00,retest,struct5,ema20,INVALID,,0,2025
2025-10-03 00:00:00,retest,struct5,range_reentry,INVALID,,0,2025
2025-10-03 00:00:00,retest,struct10,chandelier15,INVALID,,0,2025
2025-10-03 00:00:00,retest,struct10,chandelier20,INVALID,,0,2025
2025-10-03 00:00:00,retest,struct10,chandelier25,INVALID,,0,2025
2025-10-03 00:00:00,retest,struct10,swing5trail,INVALID,,0,2025
2025-10-03 00:00:00,retest,struct10,ema20,INVALID,,0,2025
2025-10-03 00:00:00,retest,struct10,range_reentry,INVALID,,0,2025
2025-10-03 08:00:00,timed,atr05,chandelier15,SL,-1.0,1,2025
2025-10-03 08:00:00,timed,atr05,chandelier20,SL,-1.0,1,2025
2025-10-03 08:00:00,timed,atr05,chandelier25,SL,-1.0,1,2025
2025-10-03 08:00:00,timed,atr05,swing5trail,SL,-1.0,1,2025
2025-10-03 08:00:00,timed,atr05,ema20,SL,-1.0,1,2025
2025-10-03 08:00:00,timed,atr05,range_reentry,SL,-1.0,1,2025
2025-10-03 08:00:00,timed,atr075,chandelier15,SL,-1.0,4,2025
2025-10-03 08:00:00,timed,atr075,chandelier20,SL,-1.0,4,2025
2025-10-03 08:00:00,timed,atr075,chandelier25,SL,-1.0,4,2025
2025-10-03 08:00:00,timed,atr075,swing5trail,SL,-1.0,4,2025
2025-10-03 08:00:00,timed,atr075,ema20,SL,-1.0,4,2025
2025-10-03 08:00:00,timed,atr075,range_reentry,SL,-1.0,4,2025
2025-10-03 08:00:00,timed,atr10,chandelier15,SL,-1.0,4,2025
2025-10-03 08:00:00,timed,atr10,chandelier20,SL,-1.0,4,2025
2025-10-03 08:00:00,timed,atr10,chandelier25,SL,-1.0,4,2025
2025-10-03 08:00:00,timed,atr10,swing5trail,SL,-1.0,4,2025
2025-10-03 08:00:00,timed,atr10,ema20,SL,-1.0,4,2025
2025-10-03 08:00:00,timed,atr10,range_reentry,SL,-1.0,4,2025
2025-10-03 08:00:00,timed,retest,chandelier15,SL,-1.0,4,2025
2025-10-03 08:00:00,timed,retest,chandelier20,SL,-1.0,4,2025
2025-10-03 08:00:00,timed,retest,chandelier25,SL,-1.0,4,2025
2025-10-03 08:00:00,timed,retest,swing5trail,SL,-1.0,4,2025
2025-10-03 08:00:00,timed,retest,ema20,SL,-1.0,4,2025
2025-10-03 08:00:00,timed,retest,range_reentry,SL,-1.0,4,2025
2025-10-03 08:00:00,timed,struct5,chandelier15,SL,-1.0,4,2025
2025-10-03 08:00:00,timed,struct5,chandelier20,SL,-1.0,4,2025
2025-10-03 08:00:00,timed,struct5,chandelier25,SL,-1.0,4,2025
2025-10-03 08:00:00,timed,struct5,swing5trail,SL,-1.0,4,2025
2025-10-03 08:00:00,timed,struct5,ema20,SL,-1.0,4,2025
2025-10-03 08:00:00,timed,struct5,range_reentry,SL,-1.0,4,2025
2025-10-03 08:00:00,timed,struct10,chandelier15,SL,-1.0,4,2025
2025-10-03 08:00:00,timed,struct10,chandelier20,SL,-1.0,4,2025
2025-10-03 08:00:00,timed,struct10,chandelier25,SL,-1.0,4,2025
2025-10-03 08:00:00,timed,struct10,swing5trail,SL,-1.0,4,2025
2025-10-03 08:00:00,timed,struct10,ema20,SL,-1.0,4,2025
2025-10-03 08:00:00,timed,struct10,range_reentry,SL,-1.0,4,2025
2025-10-17 16:00:00,retest,atr05,chandelier15,SL,-1.0,2,2025
2025-10-17 16:00:00,retest,atr05,chandelier20,SL,-1.0,2,2025
2025-10-17 16:00:00,retest,atr05,chandelier25,SL,-1.0,2,2025
2025-10-17 16:00:00,retest,atr05,swing5trail,SL,-1.0,2,2025
2025-10-17 16:00:00,retest,atr05,ema20,SL,-1.0,2,2025
2025-10-17 16:00:00,retest,atr05,range_reentry,REENTRY,0.4069312465063465,1,2025
2025-10-17 16:00:00,retest,atr075,chandelier15,SL,-1.0,2,2025
2025-10-17 16:00:00,retest,atr075,chandelier20,SL,-1.0,2,2025
2025-10-17 16:00:00,retest,atr075,chandelier25,SL,-1.0,2,2025
2025-10-17 16:00:00,retest,atr075,swing5trail,SL,-1.0,2,2025
2025-10-17 16:00:00,retest,atr075,ema20,SL,-1.0,2,2025
2025-10-17 16:00:00,retest,atr075,range_reentry,REENTRY,0.27128749767091775,1,2025
2025-10-17 16:00:00,retest,atr10,chandelier15,SL,-1.0,3,2025
2025-10-17 16:00:00,retest,atr10,chandelier20,SL,-1.0,3,2025
2025-10-17 16:00:00,retest,atr10,chandelier25,SL,-1.0,3,2025
2025-10-17 16:00:00,retest,atr10,swing5trail,SL,-1.0,3,2025
2025-10-17 16:00:00,retest,atr10,ema20,EMA20,0.8569032979317817,2,2025
2025-10-17 16:00:00,retest,atr10,range_reentry,REENTRY,0.20346562325318457,1,2025
2025-10-17 16:00:00,retest,retest,chandelier15,SL,-1.0,1,2025
2025-10-17 16:00:00,retest,retest,chandelier20,SL,-1.0,1,2025
2025-10-17 16:00:00,retest,retest,chandelier25,SL,-1.0,1,2025
2025-10-17 16:00:00,retest,retest,swing5trail,SL,-1.0,1,2025
2025-10-17 16:00:00,retest,retest,ema20,SL,-1.0,1,2025
2025-10-17 16:00:00,retest,retest,range_reentry,SL,-1.0,1,2025
2025-10-17 16:00:00,retest,struct5,chandelier15,SL,-1.0,1,2025
2025-10-17 16:00:00,retest,struct5,chandelier20,SL,-1.0,1,2025
2025-10-17 16:00:00,retest,struct5,chandelier25,SL,-1.0,1,2025
2025-10-17 16:00:00,retest,struct5,swing5trail,SL,-1.0,1,2025
2025-10-17 16:00:00,retest,struct5,ema20,SL,-1.0,1,2025
2025-10-17 16:00:00,retest,struct5,range_reentry,SL,-1.0,1,2025
2025-10-17 16:00:00,retest,struct10,chandelier15,CH15,0.6198257080610045,9,2025
2025-10-17 16:00:00,retest,struct10,chandelier20,SL,-1.0,10,2025
2025-10-17 16:00:00,retest,struct10,chandelier25,SL,-1.0,10,2025
2025-10-17 16:00:00,retest,struct10,swing5trail,SW5,0.6198257080610045,9,2025
2025-10-17 16:00:00,retest,struct10,ema20,EMA20,0.47712418300653453,2,2025
2025-10-17 16:00:00,retest,struct10,range_reentry,REENTRY,0.11328976034857026,1,2025
2025-12-02 00:00:00,retest,atr05,chandelier15,SL,-1.0,1,2025
2025-12-02 00:00:00,retest,atr05,chandelier20,SL,-1.0,1,2025
2025-12-02 00:00:00,retest,atr05,chandelier25,SL,-1.0,1,2025
2025-12-02 00:00:00,retest,atr05,swing5trail,SL,-1.0,1,2025
2025-12-02 00:00:00,retest,atr05,ema20,SL,-1.0,1,2025
2025-12-02 00:00:00,retest,atr05,range_reentry,SL,-1.0,1,2025
2025-12-02 00:00:00,retest,atr075,chandelier15,SL,-1.0,2,2025
2025-12-02 00:00:00,retest,atr075,chandelier20,SL,-1.0,2,2025
2025-12-02 00:00:00,retest,atr075,chandelier25,SL,-1.0,2,2025
2025-12-02 00:00:00,retest,atr075,swing5trail,SL,-1.0,2,2025
2025-12-02 00:00:00,retest,atr075,ema20,SL,-1.0,2,2025
2025-12-02 00:00:00,retest,atr075,range_reentry,REENTRY,0.5102679178567001,1,2025
2025-12-02 00:00:00,retest,atr10,chandelier15,SL,-1.0,2,2025
2025-12-02 00:00:00,retest,atr10,chandelier20,SL,-1.0,2,2025
2025-12-02 00:00:00,retest,atr10,chandelier25,SL,-1.0,2,2025
2025-12-02 00:00:00,retest,atr10,swing5trail,SL,-1.0,2,2025
2025-12-02 00:00:00,retest,atr10,ema20,SL,-1.0,2,2025
2025-12-02 00:00:00,retest,atr10,range_reentry,REENTRY,0.38270093839253544,1,2025
2025-12-02 00:00:00,retest,retest,chandelier15,SL,-1.0,1,2025
2025-12-02 00:00:00,retest,retest,chandelier20,SL,-1.0,1,2025
2025-12-02 00:00:00,retest,retest,chandelier25,SL,-1.0,1,2025
2025-12-02 00:00:00,retest,retest,swing5trail,SL,-1.0,1,2025
2025-12-02 00:00:00,retest,retest,ema20,SL,-1.0,1,2025
2025-12-02 00:00:00,retest,retest,range_reentry,SL,-1.0,1,2025
2025-12-02 00:00:00,retest,struct5,chandelier15,SL,-1.0,1,2025
2025-12-02 00:00:00,retest,struct5,chandelier20,SL,-1.0,1,2025
2025-12-02 00:00:00,retest,struct5,chandelier25,SL,-1.0,1,2025
2025-12-02 00:00:00,retest,struct5,swing5trail,SL,-1.0,1,2025
2025-12-02 00:00:00,retest,struct5,ema20,SL,-1.0,1,2025
2025-12-02 00:00:00,retest,struct5,range_reentry,SL,-1.0,1,2025
2025-12-02 00:00:00,retest,struct10,chandelier15,CH15,-0.6513761467889676,17,2025
2025-12-02 00:00:00,retest,struct10,chandelier20,TIME,-0.6356487549147862,20,2025
2025-12-02 00:00:00,retest,struct10,chandelier25,TIME,-0.6356487549147862,20,2025
2025-12-02 00:00:00,retest,struct10,swing5trail,TIME,-0.6356487549147862,20,2025
2025-12-02 00:00:00,retest,struct10,ema20,EMA20,0.38663171690696446,2,2025
2025-12-02 00:00:00,retest,struct10,range_reentry,REENTRY,0.17562254259503754,1,2025
2025-12-05 04:00:00,retest,atr05,chandelier15,SL,-1.0,1,2025
2025-12-05 04:00:00,retest,atr05,chandelier20,SL,-1.0,1,2025
2025-12-05 04:00:00,retest,atr05,chandelier25,SL,-1.0,1,2025
2025-12-05 04:00:00,retest,atr05,swing5trail,SL,-1.0,1,2025
2025-12-05 04:00:00,retest,atr05,ema20,SL,-1.0,1,2025
2025-12-05 04:00:00,retest,atr05,range_reentry,SL,-1.0,1,2025
2025-12-05 04:00:00,retest,atr075,chandelier15,SL,-1.0,1,2025
2025-12-05 04:00:00,retest,atr075,chandelier20,SL,-1.0,1,2025
2025-12-05 04:00:00,retest,atr075,chandelier25,SL,-1.0,1,2025
2025-12-05 04:00:00,retest,atr075,swing5trail,SL,-1.0,1,2025
2025-12-05 04:00:00,retest,atr075,ema20,SL,-1.0,1,2025
2025-12-05 04:00:00,retest,atr075,range_reentry,SL,-1.0,1,2025
2025-12-05 04:00:00,retest,atr10,chandelier15,SL,-1.0,1,2025
2025-12-05 04:00:00,retest,atr10,chandelier20,SL,-1.0,1,2025
2025-12-05 04:00:00,retest,atr10,chandelier25,SL,-1.0,1,2025
2025-12-05 04:00:00,retest,atr10,swing5trail,SL,-1.0,1,2025
2025-12-05 04:00:00,retest,atr10,ema20,SL,-1.0,1,2025
2025-12-05 04:00:00,retest,atr10,range_reentry,SL,-1.0,1,2025
2025-12-05 04:00:00,retest,retest,chandelier15,SL,-1.0,1,2025
2025-12-05 04:00:00,retest,retest,chandelier20,SL,-1.0,1,2025
2025-12-05 04:00:00,retest,retest,chandelier25,SL,-1.0,1,2025
2025-12-05 04:00:00,retest,retest,swing5trail,SL,-1.0,1,2025
2025-12-05 04:00:00,retest,retest,ema20,SL,-1.0,1,2025
2025-12-05 04:00:00,retest,retest,range_reentry,SL,-1.0,1,2025
2025-12-05 04:00:00,retest,struct5,chandelier15,CH15,0.8306451612903403,1,2025
2025-12-05 04:00:00,retest,struct5,chandelier20,SL,-1.0,2,2025
2025-12-05 04:00:00,retest,struct5,chandelier25,SL,-1.0,2,2025
2025-12-05 04:00:00,retest,struct5,swing5trail,SL,-1.0,2,2025
2025-12-05 04:00:00,retest,struct5,ema20,SL,-1.0,2,2025
2025-12-05 04:00:00,retest,struct5,range_reentry,REENTRY,0.8306451612903403,1,2025
2025-12-05 04:00:00,retest,struct10,chandelier15,CH15,0.5320247933884352,1,2025
2025-12-05 04:00:00,retest,struct10,chandelier20,CH20,0.644628099173537,2,2025
2025-12-05 04:00:00,retest,struct10,chandelier25,CH25,0.7448347107437918,7,2025
2025-12-05 04:00:00,retest,struct10,swing5trail,SW5,0.9865702479338792,8,2025
2025-12-05 04:00:00,retest,struct10,ema20,EMA20,0.644628099173537,2,2025
2025-12-05 04:00:00,retest,struct10,range_reentry,REENTRY,0.5320247933884352,1,2025
2026-04-01 00:00:00,retest,atr05,chandelier15,SL,-1.0,6,2026
2026-04-01 00:00:00,retest,atr05,chandelier20,SL,-1.0,6,2026
2026-04-01 00:00:00,retest,atr05,chandelier25,SL,-1.0,6,2026
2026-04-01 00:00:00,retest,atr05,swing5trail,SL,-1.0,6,2026
2026-04-01 00:00:00,retest,atr05,ema20,SL,-1.0,6,2026
2026-04-01 00:00:00,retest,atr05,range_reentry,SL,-1.0,6,2026
2026-04-01 00:00:00,retest,atr075,chandelier15,SL,-1.0,6,2026
2026-04-01 00:00:00,retest,atr075,chandelier20,SL,-1.0,6,2026
2026-04-01 00:00:00,retest,atr075,chandelier25,SL,-1.0,6,2026
2026-04-01 00:00:00,retest,atr075,swing5trail,SL,-1.0,6,2026
2026-04-01 00:00:00,retest,atr075,ema20,SL,-1.0,6,2026
2026-04-01 00:00:00,retest,atr075,range_reentry,SL,-1.0,6,2026
2026-04-01 00:00:00,retest,atr10,chandelier15,SL,-1.0,6,2026
2026-04-01 00:00:00,retest,atr10,chandelier20,SL,-1.0,6,2026
2026-04-01 00:00:00,retest,atr10,chandelier25,SL,-1.0,6,2026
2026-04-01 00:00:00,retest,atr10,swing5trail,SL,-1.0,6,2026
2026-04-01 00:00:00,retest,atr10,ema20,SL,-1.0,6,2026
2026-04-01 00:00:00,retest,atr10,range_reentry,SL,-1.0,6,2026
2026-04-01 00:00:00,retest,retest,chandelier15,SL,-1.0,6,2026
2026-04-01 00:00:00,retest,retest,chandelier20,SL,-1.0,6,2026
2026-04-01 00:00:00,retest,retest,chandelier25,SL,-1.0,6,2026
2026-04-01 00:00:00,retest,retest,swing5trail,SL,-1.0,6,2026
2026-04-01 00:00:00,retest,retest,ema20,SL,-1.0,6,2026
2026-04-01 00:00:00,retest,retest,range_reentry,SL,-1.0,6,2026
2026-04-01 00:00:00,retest,struct5,chandelier15,CH15,0.5480043149945906,6,2026
2026-04-01 00:00:00,retest,struct5,chandelier20,CH20,0.5480043149945906,6,2026
2026-04-01 00:00:00,retest,struct5,chandelier25,CH25,0.7723840345199413,7,2026
2026-04-01 00:00:00,retest,struct5,swing5trail,SW5,0.5480043149945906,6,2026
2026-04-01 00:00:00,retest,struct5,ema20,EMA20,0.5480043149945906,6,2026
2026-04-01 00:00:00,retest,struct5,range_reentry,REENTRY,0.5480043149945906,6,2026
2026-04-01 00:00:00,retest,struct10,chandelier15,CH15,0.45724572457244456,6,2026
2026-04-01 00:00:00,retest,struct10,chandelier20,CH20,0.45724572457244456,6,2026
2026-04-01 00:00:00,retest,struct10,chandelier25,CH25,0.6444644464446321,7,2026
2026-04-01 00:00:00,retest,struct10,swing5trail,SW5,0.45724572457244456,6,2026
2026-04-01 00:00:00,retest,struct10,ema20,EMA20,0.45724572457244456,6,2026
2026-04-01 00:00:00,retest,struct10,range_reentry,REENTRY,0.45724572457244456,6,2026
2026-04-01 08:00:00,timed,atr05,chandelier15,SL,-1.0,1,2026
2026-04-01 08:00:00,timed,atr05,chandelier20,SL,-1.0,1,2026
2026-04-01 08:00:00,timed,atr05,chandelier25,SL,-1.0,1,2026
2026-04-01 08:00:00,timed,atr05,swing5trail,SL,-1.0,1,2026
2026-04-01 08:00:00,timed,atr05,ema20,SL,-1.0,1,2026
2026-04-01 08:00:00,timed,atr05,range_reentry,SL,-1.0,1,2026
2026-04-01 08:00:00,timed,atr075,chandelier15,SL,-1.0,1,2026
2026-04-01 08:00:00,timed,atr075,chandelier20,SL,-1.0,1,2026
2026-04-01 08:00:00,timed,atr075,chandelier25,SL,-1.0,1,2026
2026-04-01 08:00:00,timed,atr075,swing5trail,SL,-1.0,1,2026
2026-04-01 08:00:00,timed,atr075,ema20,SL,-1.0,1,2026
2026-04-01 08:00:00,timed,atr075,range_reentry,SL,-1.0,1,2026
2026-04-01 08:00:00,timed,atr10,chandelier15,SL,-1.0,2,2026
2026-04-01 08:00:00,timed,atr10,chandelier20,SL,-1.0,2,2026
2026-04-01 08:00:00,timed,atr10,chandelier25,SL,-1.0,2,2026
2026-04-01 08:00:00,timed,atr10,swing5trail,SL,-1.0,2,2026
2026-04-01 08:00:00,timed,atr10,ema20,SL,-1.0,2,2026
2026-04-01 08:00:00,timed,atr10,range_reentry,SL,-1.0,2,2026
2026-04-01 08:00:00,timed,retest,chandelier15,SL,-1.0,4,2026
2026-04-01 08:00:00,timed,retest,chandelier20,SL,-1.0,4,2026
2026-04-01 08:00:00,timed,retest,chandelier25,SL,-1.0,4,2026
2026-04-01 08:00:00,timed,retest,swing5trail,SL,-1.0,4,2026
2026-04-01 08:00:00,timed,retest,ema20,SL,-1.0,4,2026
2026-04-01 08:00:00,timed,retest,range_reentry,SL,-1.0,4,2026
2026-04-01 08:00:00,timed,struct5,chandelier15,CH15,0.8377049180327806,4,2026
2026-04-01 08:00:00,timed,struct5,chandelier20,CH20,0.8377049180327806,4,2026
2026-04-01 08:00:00,timed,struct5,chandelier25,SL,-1.0,5,2026
2026-04-01 08:00:00,timed,struct5,swing5trail,SL,-1.0,5,2026
2026-04-01 08:00:00,timed,struct5,ema20,EMA20,0.8377049180327806,4,2026
2026-04-01 08:00:00,timed,struct5,range_reentry,REENTRY,0.8377049180327806,4,2026
2026-04-01 08:00:00,timed,struct10,chandelier15,CH15,0.6289230769230716,4,2026
2026-04-01 08:00:00,timed,struct10,chandelier20,CH20,0.6289230769230716,4,2026
2026-04-01 08:00:00,timed,struct10,chandelier25,CH25,0.7569230769230706,5,2026
2026-04-01 08:00:00,timed,struct10,swing5trail,SW5,0.7569230769230706,5,2026
2026-04-01 08:00:00,timed,struct10,ema20,EMA20,0.6289230769230716,4,2026
2026-04-01 08:00:00,timed,struct10,range_reentry,REENTRY,0.6289230769230716,4,2026
2026-08-03 12:00:00,retest,atr05,chandelier15,SL,-1.0,3,2026
2026-08-03 12:00:00,retest,atr05,chandelier20,SL,-1.0,3,2026
2026-08-03 12:00:00,retest,atr05,chandelier25,SL,-1.0,3,2026
2026-08-03 12:00:00,retest,atr05,swing5trail,SL,-1.0,3,2026
2026-08-03 12:00:00,retest,atr05,ema20,SL,-1.0,3,2026
2026-08-03 12:00:00,retest,atr05,range_reentry,REENTRY,0.7515539649651489,2,2026
2026-08-03 12:00:00,retest,atr075,chandelier15,CH15,0.7014503673008157,7,2026
2026-08-03 12:00:00,retest,atr075,chandelier20,CH20,0.6566208325485188,10,2026
2026-08-03 12:00:00,retest,atr075,chandelier25,CH25,0.5194951968355724,11,2026
2026-08-03 12:00:00,retest,atr075,swing5trail,SL,-1.0,18,2026
2026-08-03 12:00:00,retest,atr075,ema20,SL,-1.0,18,2026
2026-08-03 12:00:00,retest,atr075,range_reentry,REENTRY,0.5010359766434326,2,2026
2026-08-03 12:00:00,retest,atr10,chandelier15,CH15,0.5260877754756117,7,2026
2026-08-03 12:00:00,retest,atr10,chandelier20,CH20,0.4924656244113891,10,2026
2026-08-03 12:00:00,retest,atr10,chandelier25,CH25,0.38962139762667936,11,2026
2026-08-03 12:00:00,retest,atr10,swing5trail,SW5,0.9757016387267082,18,2026
2026-08-03 12:00:00,retest,atr10,ema20,EMA20,0.9757016387267082,18,2026
2026-08-03 12:00:00,retest,atr10,range_reentry,REENTRY,0.37577698248257446,2,2026
2026-08-03 12:00:00,retest,retest,chandelier15,SL,-1.0,1,2026
2026-08-03 12:00:00,retest,retest,chandelier20,SL,-1.0,1,2026
2026-08-03 12:00:00,retest,retest,chandelier25,SL,-1.0,1,2026
2026-08-03 12:00:00,retest,retest,swing5trail,SL,-1.0,1,2026
2026-08-03 12:00:00,retest,retest,ema20,SL,-1.0,1,2026
2026-08-03 12:00:00,retest,retest,range_reentry,SL,-1.0,1,2026
2026-08-03 12:00:00,retest,struct5,chandelier15,CH15,0.3580080753701198,7,2026
2026-08-03 12:00:00,retest,struct5,chandelier20,CH20,0.3351278600269222,10,2026
2026-08-03 12:00:00,retest,struct5,chandelier25,CH25,0.26514131897712184,11,2026
2026-08-03 12:00:00,retest,struct5,swing5trail,SW5,0.663974876626294,18,2026
2026-08-03 12:00:00,retest,struct5,ema20,EMA20,0.663974876626294,18,2026
2026-08-03 12:00:00,retest,struct5,range_reentry,REENTRY,0.2557200538357962,2,2026
2026-08-03 12:00:00,retest,struct10,chandelier15,CH15,0.20403988749680427,7,2026
2026-08-03 12:00:00,retest,struct10,chandelier20,CH20,0.19099974431092145,10,2026
2026-08-03 12:00:00,retest,struct10,chandelier25,CH25,0.1511122475070335,11,2026
2026-08-03 12:00:00,retest,struct10,swing5trail,SW5,0.37841984147277363,18,2026
2026-08-03 12:00:00,retest,struct10,ema20,EMA20,0.37841984147277363,18,2026
2026-08-03 12:00:00,retest,struct10,range_reentry,REENTRY,0.14574277678342956,2,2026
