pair,structure,split,entry,tp,sl,horizon,trades,win_rate,pf,expectancy_R,net_R
usdjpy,pullback_reversal_rsi,discovery,next_open,40,40,24,99,0.36363636363636365,0.8372093023255814,-0.0707070707070707,-7.0
usdjpy,pullback_reversal_rsi,discovery,next_open,40,40,48,79,0.4050632911392405,0.8421052631578947,-0.0759493670886076,-6.0
usdjpy,pullback_reversal_rsi,discovery,next_open,40,40,72,68,0.5294117647058824,1.1612903225806452,0.07352941176470588,5.0
usdjpy,pullback_reversal_rsi,discovery,next_open,40,50,24,99,0.41414141414141414,0.9939393939393939,-0.00202020202020204,-0.20000000000000195
usdjpy,pullback_reversal_rsi,discovery,next_open,40,50,48,79,0.43037974683544306,0.8774193548387098,-0.04810126582278482,-3.8000000000000007
usdjpy,pullback_reversal_rsi,discovery,next_open,40,50,72,68,0.5735294117647058,1.1142857142857145,0.04705882352941176,3.1999999999999993
usdjpy,pullback_reversal_rsi,discovery,next_open,40,60,24,99,0.42424242424242425,1.037037037037037,0.010101010101010091,0.9999999999999991
usdjpy,pullback_reversal_rsi,discovery,next_open,40,60,48,79,0.4810126582278481,0.9743589743589746,-0.008438818565400885,-0.6666666666666698
usdjpy,pullback_reversal_rsi,discovery,next_open,40,60,72,68,0.6323529411764706,1.1944444444444444,0.06862745098039212,4.666666666666664
usdjpy,pullback_reversal_rsi,discovery,next_open,40,75,24,99,0.45454545454545453,1.1428571428571432,0.030303030303030293,2.999999999999999
usdjpy,pullback_reversal_rsi,discovery,next_open,40,75,48,79,0.5443037974683544,1.146666666666667,0.03713080168776369,2.933333333333332
usdjpy,pullback_reversal_rsi,discovery,next_open,40,75,72,68,0.6911764705882353,1.3925925925925933,0.10392156862745094,7.066666666666665
usdjpy,pullback_reversal_rsi,discovery,next_open,40,100,24,99,0.5050505050505051,1.6666666666666663,0.08080808080808081,8.0
usdjpy,pullback_reversal_rsi,discovery,next_open,40,100,48,79,0.5949367088607594,1.342857142857142,0.06075949367088609,4.800000000000001
usdjpy,pullback_reversal_rsi,discovery,next_open,40,100,72,68,0.75,1.6999999999999995,0.12352941176470589,8.4
usdjpy,pullback_reversal_rsi,discovery,next_open,40,125,24,99,0.5252525252525253,2.3771428571428572,0.0973737373737374,9.640000000000002
usdjpy,pullback_reversal_rsi,discovery,next_open,40,125,48,79,0.620253164556962,1.4254545454545455,0.05924050632911396,4.680000000000002
usdjpy,pullback_reversal_rsi,discovery,next_open,40,125,72,68,0.7794117647058824,1.8844444444444446,0.11705882352941177,7.960000000000001
usdjpy,pullback_reversal_rsi,discovery,next_open,50,40,24,99,0.26262626262626265,0.6770833333333334,-0.15656565656565657,-15.5
usdjpy,pullback_reversal_rsi,discovery,next_open,50,40,48,79,0.31645569620253167,0.7267441860465116,-0.14873417721518986,-11.75
usdjpy,pullback_reversal_rsi,discovery,next_open,50,40,72,68,0.4264705882352941,1.0069444444444444,0.003676470588235294,0.25
usdjpy,pullback_reversal_rsi,discovery,next_open,50,50,24,99,0.2828282828282828,0.7,-0.12121212121212122,-12.0
usdjpy,pullback_reversal_rsi,discovery,next_open,50,50,48,79,0.31645569620253167,0.6578947368421053,-0.16455696202531644,-13.0
usdjpy,pullback_reversal_rsi,discovery,next_open,50,50,72,68,0.4411764705882353,0.8571428571428571,-0.07352941176470588,-5.0
usdjpy,pullback_reversal_rsi,discovery,next_open,50,60,24,99,0.2828282828282828,0.6862745098039215,-0.10774410774410773,-10.666666666666664
usdjpy,pullback_reversal_rsi,discovery,next_open,50,60,48,79,0.34177215189873417,0.6617647058823528,-0.1455696202531645,-11.499999999999996
usdjpy,pullback_reversal_rsi,discovery,next_open,50,60,72,68,0.47058823529411764,0.8080808080808081,-0.09313725490196077,-6.333333333333332
usdjpy,pullback_reversal_rsi,discovery,next_open,50,75,24,99,0.31313131313131315,0.7654320987654324,-0.063973063973064,-6.333333333333336
usdjpy,pullback_reversal_rsi,discovery,next_open,50,75,48,79,0.4177215189873418,0.8148148148148148,-0.06329113924050635,-5.000000000000001
usdjpy,pullback_reversal_rsi,discovery,next_open,50,75,72,68,0.5294117647058824,0.8888888888888891,-0.04411764705882357,-3.0000000000000027
usdjpy,pullback_reversal_rsi,discovery,next_open,50,100,24,99,0.36363636363636365,1.125,0.020202020202020204,2.0
usdjpy,pullback_reversal_rsi,discovery,next_open,50,100,48,79,0.4810126582278481,1.0,0.0,0.0
usdjpy,pullback_reversal_rsi,discovery,next_open,50,100,72,68,0.5882352941176471,1.0,0.0,0.0
usdjpy,pullback_reversal_rsi,discovery,next_open,50,125,24,99,0.3838383838383838,1.688888888888889,0.06262626262626261,6.199999999999999
usdjpy,pullback_reversal_rsi,discovery,next_open,50,125,48,79,0.5316455696202531,1.1999999999999997,0.03544303797468354,2.7999999999999994
usdjpy,pullback_reversal_rsi,discovery,next_open,50,125,72,68,0.6470588235294118,1.2571428571428567,0.05294117647058824,3.6000000000000005
usdjpy,pullback_reversal_rsi,discovery,next_open,60,40,24,99,0.25252525252525254,0.7653061224489796,-0.11616161616161616,-11.5
usdjpy,pullback_reversal_rsi,discovery,next_open,60,40,48,79,0.26582278481012656,0.7,-0.17088607594936708,-13.5
usdjpy,pullback_reversal_rsi,discovery,next_open,60,40,72,68,0.39705882352941174,1.0945945945945945,0.051470588235294115,3.5
usdjpy,pullback_reversal_rsi,discovery,next_open,60,50,24,99,0.2727272727272727,0.7902439024390243,-0.08686868686868685,-8.599999999999998
usdjpy,pullback_reversal_rsi,discovery,next_open,60,50,48,79,0.26582278481012656,0.6299999999999999,-0.18734177215189873,-14.8
usdjpy,pullback_reversal_rsi,discovery,next_open,60,50,72,68,0.4117647058823529,0.9333333333333333,-0.0352941176470588,-2.3999999999999986
usdjpy,pullback_reversal_rsi,discovery,next_open,60,60,24,99,0.2727272727272727,0.7714285714285715,-0.08080808080808081,-8.0
usdjpy,pullback_reversal_rsi,discovery,next_open,60,60,48,79,0.2911392405063291,0.6388888888888888,-0.16455696202531644,-13.0
usdjpy,pullback_reversal_rsi,discovery,next_open,60,60,72,68,0.4411764705882353,0.8823529411764706,-0.058823529411764705,-4.0
usdjpy,pullback_reversal_rsi,discovery,next_open,60,75,24,99,0.30303030303030304,0.8571428571428574,-0.040404040404040394,-3.999999999999999
usdjpy,pullback_reversal_rsi,discovery,next_open,60,75,48,79,0.35443037974683544,0.7724137931034485,-0.08354430379746836,-6.6000000000000005
usdjpy,pullback_reversal_rsi,discovery,next_open,60,75,72,68,0.4852941176470588,0.942857142857143,-0.02352941176470588,-1.5999999999999996
usdjpy,pullback_reversal_rsi,discovery,next_open,60,100,24,99,0.3434343434343434,1.2000000000000002,0.03434343434343435,3.4000000000000004
usdjpy,pullback_reversal_rsi,discovery,next_open,60,100,48,79,0.4177215189873418,0.9428571428571428,-0.015189873417721522,-1.2000000000000002
usdjpy,pullback_reversal_rsi,discovery,next_open,60,100,72,68,0.5441176470588235,1.0571428571428574,0.017647058823529408,1.1999999999999997
usdjpy,pullback_reversal_rsi,discovery,next_open,60,125,24,99,0.36363636363636365,1.7280000000000002,0.07353535353535355,7.280000000000001
usdjpy,pullback_reversal_rsi,discovery,next_open,60,125,48,79,0.46835443037974683,1.11,0.02227848101265822,1.7599999999999993
usdjpy,pullback_reversal_rsi,discovery,next_open,60,125,72,68,0.6029411764705882,1.312,0.0688235294117647,4.68
usdjpy,pullback_reversal_rsi,discovery,next_open,75,40,24,99,0.16161616161616163,0.6122448979591837,-0.1919191919191919,-19.0
usdjpy,pullback_reversal_rsi,discovery,next_open,75,40,48,79,0.22784810126582278,0.75,-0.14240506329113925,-11.25
usdjpy,pullback_reversal_rsi,discovery,next_open,75,40,72,68,0.3088235294117647,1.0361842105263157,0.02022058823529412,1.375
usdjpy,pullback_reversal_rsi,discovery,next_open,75,50,24,99,0.1717171717171717,0.6071428571428571,-0.16666666666666666,-16.5
usdjpy,pullback_reversal_rsi,discovery,next_open,75,50,48,79,0.22784810126582278,0.675,-0.16455696202531644,-13.0
usdjpy,pullback_reversal_rsi,discovery,next_open,75,50,72,68,0.3235294117647059,0.9166666666666666,-0.04411764705882353,-3.0
usdjpy,pullback_reversal_rsi,discovery,next_open,75,60,24,99,0.1717171717171717,0.5902777777777778,-0.14898989898989898,-14.75
usdjpy,pullback_reversal_rsi,discovery,next_open,75,60,48,79,0.24050632911392406,0.6597222222222222,-0.1550632911392405,-12.25
usdjpy,pullback_reversal_rsi,discovery,next_open,75,60,72,68,0.3382352941176471,0.8455882352941176,-0.07720588235294118,-5.25
usdjpy,pullback_reversal_rsi,discovery,next_open,75,75,24,99,0.20202020202020202,0.6896551724137931,-0.09090909090909091,-9.0
usdjpy,pullback_reversal_rsi,discovery,next_open,75,75,48,79,0.2911392405063291,0.7931034482758621,-0.0759493670886076,-6.0
usdjpy,pullback_reversal_rsi,discovery,next_open,75,75,72,68,0.38235294117647056,0.9285714285714286,-0.029411764705882353,-2.0
usdjpy,pullback_reversal_rsi,discovery,next_open,75,100,24,99,0.24242424242424243,1.0,0.0,0.0
usdjpy,pullback_reversal_rsi,discovery,next_open,75,100,48,79,0.35443037974683544,1.0,0.0,0.0
usdjpy,pullback_reversal_rsi,discovery,next_open,75,100,72,68,0.4411764705882353,1.0714285714285714,0.022058823529411766,1.5
usdjpy,pullback_reversal_rsi,discovery,next_open,75,125,24,99,0.26262626262626265,1.418181818181818,0.04646464646464646,4.6
usdjpy,pullback_reversal_rsi,discovery,next_open,75,125,48,79,0.4050632911392405,1.2,0.04050632911392405,3.2
usdjpy,pullback_reversal_rsi,discovery,next_open,75,125,72,68,0.5,1.36,0.07941176470588233,5.399999999999999
usdjpy,pullback_reversal_rsi,discovery,next_open,100,40,24,99,0.13131313131313133,0.65,-0.17676767676767677,-17.5
usdjpy,pullback_reversal_rsi,discovery,next_open,100,40,48,79,0.17721518987341772,0.7608695652173914,-0.13924050632911392,-11.0
usdjpy,pullback_reversal_rsi,discovery,next_open,100,40,72,68,0.2647058823529412,1.1538461538461537,0.08823529411764706,6.0
usdjpy,pullback_reversal_rsi,discovery,next_open,100,50,24,99,0.1414141414141414,0.6511627906976745,-0.15151515151515152,-15.0
usdjpy,pullback_reversal_rsi,discovery,next_open,100,50,48,79,0.17721518987341772,0.6829268292682927,-0.16455696202531644,-13.0
usdjpy,pullback_reversal_rsi,discovery,next_open,100,50,72,68,0.2647058823529412,0.972972972972973,-0.014705882352941176,-1.0
usdjpy,pullback_reversal_rsi,discovery,next_open,100,60,24,99,0.1414141414141414,0.6306306306306307,-0.13804713804713803,-13.666666666666664
usdjpy,pullback_reversal_rsi,discovery,next_open,100,60,48,79,0.17721518987341772,0.6306306306306307,-0.1729957805907173,-13.666666666666666
usdjpy,pullback_reversal_rsi,discovery,next_open,100,60,72,68,0.27941176470588236,0.9047619047619049,-0.04901960784313721,-3.3333333333333304
usdjpy,pullback_reversal_rsi,discovery,next_open,100,75,24,99,0.1717171717171717,0.7555555555555554,-0.0740740740740741,-7.333333333333336
usdjpy,pullback_reversal_rsi,discovery,next_open,100,75,48,79,0.22784810126582278,0.7999999999999999,-0.07594936708860762,-6.000000000000003
usdjpy,pullback_reversal_rsi,discovery,next_open,100,75,72,68,0.3088235294117647,0.9333333333333331,-0.02941176470588238,-2.0000000000000018
usdjpy,pullback_reversal_rsi,discovery,next_open,100,100,24,99,0.1919191919191919,1.0,0.0,0.0
usdjpy,pullback_reversal_rsi,discovery,next_open,100,100,48,79,0.27848101265822783,1.0,0.0,0.0
usdjpy,pullback_reversal_rsi,discovery,next_open,100,100,72,68,0.35294117647058826,1.0434782608695652,0.014705882352941176,1.0
usdjpy,pullback_reversal_rsi,discovery,next_open,100,125,24,99,0.21212121212121213,1.4000000000000004,0.04848484848484849,4.800000000000001
usdjpy,pullback_reversal_rsi,discovery,next_open,100,125,48,79,0.3291139240506329,1.2235294117647062,0.04810126582278481,3.8
usdjpy,pullback_reversal_rsi,discovery,next_open,100,125,72,68,0.4117647058823529,1.3176470588235298,0.07941176470588238,5.400000000000001
usdjpy,pullback_reversal_rsi,discovery,next_open,125,40,24,99,0.0707070707070707,0.42892156862745096,-0.29419191919191917,-29.125
usdjpy,pullback_reversal_rsi,discovery,next_open,125,40,48,79,0.10126582278481013,0.5208333333333334,-0.2911392405063291,-23.0
usdjpy,pullback_reversal_rsi,discovery,next_open,125,40,72,68,0.19117647058823528,1.015625,0.009191176470588236,0.625
usdjpy,pullback_reversal_rsi,discovery,next_open,125,50,24,99,0.08080808080808081,0.45454545454545453,-0.24242424242424243,-24.0
usdjpy,pullback_reversal_rsi,discovery,next_open,125,50,48,79,0.10126582278481013,0.46511627906976744,-0.2911392405063291,-23.0
usdjpy,pullback_reversal_rsi,discovery,next_open,125,50,72,68,0.19117647058823528,0.8552631578947368,-0.08088235294117647,-5.5
usdjpy,pullback_reversal_rsi,discovery,next_open,125,60,24,99,0.08080808080808081,0.4385964912280702,-0.21548821548821548,-21.333333333333332
usdjpy,pullback_reversal_rsi,discovery,next_open,125,60,48,79,0.10126582278481013,0.4273504273504274,-0.2827004219409283,-22.333333333333336
usdjpy,pullback_reversal_rsi,discovery,next_open,125,60,72,68,0.20588235294117646,0.810185185185185,-0.10049019607843133,-6.83333333333333
usdjpy,pullback_reversal_rsi,discovery,next_open,125,75,24,99,0.09090909090909091,0.4838709677419355,-0.16161616161616163,-16.0
usdjpy,pullback_reversal_rsi,discovery,next_open,125,75,48,79,0.13924050632911392,0.5913978494623656,-0.16033755274261605,-12.666666666666668
usdjpy,pullback_reversal_rsi,discovery,next_open,125,75,72,68,0.23529411764705882,0.8602150537634409,-0.06372549019607843,-4.333333333333333
usdjpy,pullback_reversal_rsi,discovery,next_open,125,100,24,99,0.10101010101010101,0.625,-0.07575757575757576,-7.5
usdjpy,pullback_reversal_rsi,discovery,next_open,125,100,48,79,0.17721518987341772,0.7608695652173914,-0.06962025316455696,-5.5
usdjpy,pullback_reversal_rsi,discovery,next_open,125,100,72,68,0.27941176470588236,0.9895833333333334,-0.003676470588235294,-0.25
usdjpy,pullback_reversal_rsi,discovery,next_open,125,125,24,99,0.12121212121212122,0.9230769230769231,-0.010101010101010102,-1.0
usdjpy,pullback_reversal_rsi,discovery,next_open,125,125,48,79,0.20253164556962025,0.8888888888888888,-0.02531645569620253,-2.0
usdjpy,pullback_reversal_rsi,discovery,next_open,125,125,72,68,0.3088235294117647,1.1666666666666667,0.04411764705882353,3.0
usdjpy,pullback_reversal_rsi,discovery,break_signal_high,40,40,24,92,0.358695652173913,0.9166666666666666,-0.03260869565217391,-3.0
usdjpy,pullback_reversal_rsi,discovery,break_signal_high,40,40,48,73,0.410958904109589,0.8823529411764706,-0.0547945205479452,-4.0
usdjpy,pullback_reversal_rsi,discovery,break_signal_high,40,40,72,66,0.5,1.064516129032258,0.030303030303030304,2.0
usdjpy,pullback_reversal_rsi,discovery,break_signal_high,40,50,24,92,0.391304347826087,0.9290322580645163,-0.023913043478260863,-2.1999999999999993
usdjpy,pullback_reversal_rsi,discovery,break_signal_high,40,50,48,73,0.4383561643835616,0.9481481481481482,-0.019178082191780826,-1.4000000000000004
usdjpy,pullback_reversal_rsi,discovery,break_signal_high,40,50,72,66,0.5454545454545454,1.0285714285714287,0.012121212121212118,0.7999999999999998
usdjpy,pullback_reversal_rsi,discovery,break_signal_high,40,60,24,92,0.391304347826087,0.8888888888888891,-0.032608695652173926,-3.0000000000000013
usdjpy,pullback_reversal_rsi,discovery,break_signal_high,40,60,48,73,0.4520547945205479,0.88,-0.04109589041095894,-3.000000000000003
usdjpy,pullback_reversal_rsi,discovery,break_signal_high,40,60,72,66,0.5606060606060606,0.9135802469135804,-0.0353535353535354,-2.3333333333333366
usdjpy,pullback_reversal_rsi,discovery,break_signal_high,40,75,24,92,0.42391304347826086,1.0400000000000005,0.008695652173913037,0.7999999999999994
usdjpy,pullback_reversal_rsi,discovery,break_signal_high,40,75,48,73,0.4931506849315068,0.9142857142857146,-0.024657534246575363,-1.8000000000000014
usdjpy,pullback_reversal_rsi,discovery,break_signal_high,40,75,72,66,0.6212121212121212,1.0412698412698413,0.013131313131313098,0.8666666666666645
usdjpy,pullback_reversal_rsi,discovery,break_signal_high,40,100,24,92,0.45652173913043476,1.1199999999999999,0.019565217391304346,1.7999999999999998
usdjpy,pullback_reversal_rsi,discovery,break_signal_high,40,100,48,73,0.5205479452054794,0.8941176470588237,-0.024657534246575352,-1.8000000000000007
usdjpy,pullback_reversal_rsi,discovery,break_signal_high,40,100,72,66,0.6818181818181818,1.1999999999999995,0.04545454545454545,2.9999999999999996
usdjpy,pullback_reversal_rsi,discovery,break_signal_high,40,125,24,92,0.4673913043478261,2.2933333333333334,0.08434782608695654,7.760000000000002
usdjpy,pullback_reversal_rsi,discovery,break_signal_high,40,125,48,73,0.5753424657534246,1.12,0.01972602739726028,1.4400000000000004
usdjpy,pullback_reversal_rsi,discovery,break_signal_high,40,125,72,66,0.7121212121212122,1.3672727272727274,0.061212121212121225,4.040000000000001
usdjpy,pullback_reversal_rsi,discovery,break_signal_high,50,40,24,92,0.32608695652173914,1.0135135135135136,0.005434782608695652,0.5
usdjpy,pullback_reversal_rsi,discovery,break_signal_high,50,40,48,73,0.3698630136986301,0.9375,-0.030821917808219176,-2.25
usdjpy,pullback_reversal_rsi,discovery,break_signal_high,50,40,72,66,0.45454545454545453,1.1363636363636365,0.06818181818181818,4.5
usdjpy,pullback_reversal_rsi,discovery,break_signal_high,50,50,24,92,0.32608695652173914,0.8823529411764706,-0.043478260869565216,-4.0
usdjpy,pullback_reversal_rsi,discovery,break_signal_high,50,50,48,73,0.3698630136986301,0.8709677419354839,-0.0547945205479452,-4.0
usdjpy,pullback_reversal_rsi,discovery,break_signal_high,50,50,72,66,0.48484848484848486,1.032258064516129,0.015151515151515152,1.0
usdjpy,pullback_reversal_rsi,discovery,break_signal_high,50,60,24,92,0.32608695652173914,0.8333333333333331,-0.0543478260869565,-4.999999999999998
usdjpy,pullback_reversal_rsi,discovery,break_signal_high,50,60,48,73,0.3835616438356164,0.8045977011494251,-0.07762557077625569,-5.666666666666665
usdjpy,pullback_reversal_rsi,discovery,break_signal_high,50,60,72,66,0.5,0.9166666666666666,-0.037878787878787845,-2.499999999999998
usdjpy,pullback_reversal_rsi,discovery,break_signal_high,50,75,24,92,0.358695652173913,1.0,-1.9308226515220113e-17,-1.7763568394002505e-15
usdjpy,pullback_reversal_rsi,discovery,break_signal_high,50,75,48,73,0.4246575342465753,0.8611111111111115,-0.04566210045662104,-3.3333333333333357
usdjpy,pullback_reversal_rsi,discovery,break_signal_high,50,75,72,66,0.5606060606060606,1.027777777777778,0.010101010101010052,0.6666666666666634
usdjpy,pullback_reversal_rsi,discovery,break_signal_high,50,100,24,92,0.391304347826087,1.125,0.021739130434782608,2.0
usdjpy,pullback_reversal_rsi,discovery,break_signal_high,50,100,48,73,0.4657534246575342,0.9444444444444444,-0.0136986301369863,-1.0
usdjpy,pullback_reversal_rsi,discovery,break_signal_high,50,100,72,66,0.6212121212121212,1.2058823529411764,0.05303030303030303,3.5
usdjpy,pullback_reversal_rsi,discovery,break_signal_high,50,125,24,92,0.391304347826087,2.0571428571428574,0.08043478260869566,7.4
usdjpy,pullback_reversal_rsi,discovery,break_signal_high,50,125,48,73,0.5205479452054794,1.1692307692307695,0.03013698630136986,2.1999999999999997
usdjpy,pullback_reversal_rsi,discovery,break_signal_high,50,125,72,66,0.6515151515151515,1.3230769230769228,0.06363636363636364,4.2
usdjpy,pullback_reversal_rsi,discovery,break_signal_high,60,40,24,92,0.2391304347826087,0.825,-0.07608695652173914,-7.0
usdjpy,pullback_reversal_rsi,discovery,break_signal_high,60,40,48,73,0.3150684931506849,0.9078947368421053,-0.04794520547945205,-3.5
usdjpy,pullback_reversal_rsi,discovery,break_signal_high,60,40,72,66,0.42424242424242425,1.2352941176470589,0.12121212121212122,8.0
usdjpy,pullback_reversal_rsi,discovery,break_signal_high,60,50,24,92,0.2391304347826087,0.7333333333333332,-0.1043478260869565,-9.599999999999998
usdjpy,pullback_reversal_rsi,discovery,break_signal_high,60,50,48,73,0.3150684931506849,0.8363636363636362,-0.07397260273972604,-5.400000000000001
usdjpy,pullback_reversal_rsi,discovery,break_signal_high,60,50,72,66,0.45454545454545453,1.1250000000000002,0.060606060606060594,3.999999999999999
usdjpy,pullback_reversal_rsi,discovery,break_signal_high,60,60,24,92,0.2391304347826087,0.6875,-0.10869565217391304,-10.0
usdjpy,pullback_reversal_rsi,discovery,break_signal_high,60,60,48,73,0.3287671232876712,0.7741935483870968,-0.0958904109589041,-7.0
usdjpy,pullback_reversal_rsi,discovery,break_signal_high,60,60,72,66,0.4696969696969697,1.0,0.0,0.0
usdjpy,pullback_reversal_rsi,discovery,break_signal_high,60,75,24,92,0.2717391304347826,0.8333333333333335,-0.043478260869565216,-4.0
usdjpy,pullback_reversal_rsi,discovery,break_signal_high,60,75,48,73,0.3698630136986301,0.8307692307692309,-0.06027397260273972,-4.3999999999999995
usdjpy,pullback_reversal_rsi,discovery,break_signal_high,60,75,72,66,0.5151515151515151,1.088,0.03333333333333333,2.2
usdjpy,pullback_reversal_rsi,discovery,break_signal_high,60,100,24,92,0.30434782608695654,0.9333333333333333,-0.013043478260869568,-1.2000000000000002
usdjpy,pullback_reversal_rsi,discovery,break_signal_high,60,100,48,73,0.410958904109589,0.9000000000000001,-0.0273972602739726,-2.0
usdjpy,pullback_reversal_rsi,discovery,break_signal_high,60,100,72,66,0.5757575757575758,1.266666666666667,0.07272727272727274,4.800000000000001
usdjpy,pullback_reversal_rsi,discovery,break_signal_high,60,125,24,92,0.30434782608695654,1.4933333333333334,0.048260869565217385,4.4399999999999995
usdjpy,pullback_reversal_rsi,discovery,break_signal_high,60,125,48,73,0.4657534246575342,1.088,0.018082191780821908,1.3199999999999994
usdjpy,pullback_reversal_rsi,discovery,break_signal_high,60,125,72,66,0.6060606060606061,1.3714285714285714,0.07878787878787878,5.199999999999999
usdjpy,pullback_reversal_rsi,discovery,break_signal_high,75,40,24,92,0.20652173913043478,0.890625,-0.04755434782608696,-4.375
usdjpy,pullback_reversal_rsi,discovery,break_signal_high,75,40,48,73,0.2876712328767123,1.0361842105263157,0.018835616438356163,1.375
usdjpy,pullback_reversal_rsi,discovery,break_signal_high,75,40,72,66,0.3484848484848485,1.2321428571428572,0.12310606060606061,8.125
usdjpy,pullback_reversal_rsi,discovery,break_signal_high,75,50,24,92,0.20652173913043478,0.7916666666666666,-0.08152173913043478,-7.5
usdjpy,pullback_reversal_rsi,discovery,break_signal_high,75,50,48,73,0.2876712328767123,0.9545454545454546,-0.02054794520547945,-1.5
usdjpy,pullback_reversal_rsi,discovery,break_signal_high,75,50,72,66,0.3787878787878788,1.171875,0.08333333333333333,5.5
usdjpy,pullback_reversal_rsi,discovery,break_signal_high,75,60,24,92,0.20652173913043478,0.7421875,-0.08967391304347826,-8.25
usdjpy,pullback_reversal_rsi,discovery,break_signal_high,75,60,48,73,0.2876712328767123,0.8467741935483871,-0.06506849315068493,-4.75
usdjpy,pullback_reversal_rsi,discovery,break_signal_high,75,60,72,66,0.3939393939393939,1.0483870967741935,0.022727272727272728,1.5
usdjpy,pullback_reversal_rsi,discovery,break_signal_high,75,75,24,92,0.2391304347826087,0.9166666666666666,-0.021739130434782608,-2.0
usdjpy,pullback_reversal_rsi,discovery,break_signal_high,75,75,48,73,0.3150684931506849,0.8846153846153846,-0.0410958904109589,-3.0
usdjpy,pullback_reversal_rsi,discovery,break_signal_high,75,75,72,66,0.42424242424242425,1.12,0.045454545454545456,3.0
usdjpy,pullback_reversal_rsi,discovery,break_signal_high,75,100,24,92,0.2608695652173913,1.0,0.0,0.0
usdjpy,pullback_reversal_rsi,discovery,break_signal_high,75,100,48,73,0.3424657534246575,0.9375,-0.017123287671232876,-1.25
usdjpy,pullback_reversal_rsi,discovery,break_signal_high,75,100,72,66,0.48484848484848486,1.3333333333333333,0.09090909090909091,6.0
usdjpy,pullback_reversal_rsi,discovery,break_signal_high,75,125,24,92,0.2608695652173913,1.5999999999999999,0.05869565217391303,5.399999999999999
usdjpy,pullback_reversal_rsi,discovery,break_signal_high,75,125,48,73,0.3972602739726027,1.1600000000000001,0.03287671232876712,2.4
usdjpy,pullback_reversal_rsi,discovery,break_signal_high,75,125,72,66,0.5151515151515151,1.4571428571428573,0.09696969696969697,6.4
usdjpy,pullback_reversal_rsi,discovery,break_signal_high,100,40,24,92,0.15217391304347827,0.875,-0.05434782608695652,-5.0
usdjpy,pullback_reversal_rsi,discovery,break_signal_high,100,40,48,73,0.2465753424657534,1.1842105263157894,0.0958904109589041,7.0
usdjpy,pullback_reversal_rsi,discovery,break_signal_high,100,40,72,66,0.30303030303030304,1.4285714285714286,0.22727272727272727,15.0
usdjpy,pullback_reversal_rsi,discovery,break_signal_high,100,50,24,92,0.15217391304347827,0.7777777777777778,-0.08695652173913043,-8.0
usdjpy,pullback_reversal_rsi,discovery,break_signal_high,100,50,48,73,0.2465753424657534,1.0909090909090908,0.0410958904109589,3.0
usdjpy,pullback_reversal_rsi,discovery,break_signal_high,100,50,72,66,0.30303030303030304,1.25,0.12121212121212122,8.0
usdjpy,pullback_reversal_rsi,discovery,break_signal_high,100,60,24,92,0.15217391304347827,0.7291666666666669,-0.09420289855072461,-8.666666666666664
usdjpy,pullback_reversal_rsi,discovery,break_signal_high,100,60,48,73,0.2465753424657534,0.9677419354838711,-0.013698630136986271,-0.9999999999999978
usdjpy,pullback_reversal_rsi,discovery,break_signal_high,100,60,72,66,0.3181818181818182,1.1290322580645162,0.06060606060606065,4.000000000000003
usdjpy,pullback_reversal_rsi,discovery,break_signal_high,100,75,24,92,0.18478260869565216,0.9444444444444443,-0.014492753623188422,-1.3333333333333348
usdjpy,pullback_reversal_rsi,discovery,break_signal_high,100,75,48,73,0.273972602739726,1.0256410256410253,0.00913242009132417,0.6666666666666643
usdjpy,pullback_reversal_rsi,discovery,break_signal_high,100,75,72,66,0.3484848484848485,1.2266666666666663,0.08585858585858584,5.666666666666665
usdjpy,pullback_reversal_rsi,discovery,break_signal_high,100,100,24,92,0.1956521739130435,1.0,0.0,0.0
usdjpy,pullback_reversal_rsi,discovery,break_signal_high,100,100,48,73,0.3013698630136986,1.1,0.0273972602739726,2.0
usdjpy,pullback_reversal_rsi,discovery,break_signal_high,100,100,72,66,0.3939393939393939,1.4444444444444444,0.12121212121212122,8.0
usdjpy,pullback_reversal_rsi,discovery,break_signal_high,100,125,24,92,0.1956521739130435,1.6000000000000003,0.058695652173913045,5.4
usdjpy,pullback_reversal_rsi,discovery,break_signal_high,100,125,48,73,0.3424657534246575,1.3333333333333335,0.0684931506849315,5.0
usdjpy,pullback_reversal_rsi,discovery,break_signal_high,100,125,72,66,0.4090909090909091,1.5428571428571431,0.11515151515151517,7.600000000000001
usdjpy,pullback_reversal_rsi,discovery,break_signal_high,125,40,24,92,0.07608695652173914,0.5208333333333334,-0.21875,-20.125
usdjpy,pullback_reversal_rsi,discovery,break_signal_high,125,40,48,73,0.1232876712328767,0.6859756097560976,-0.17636986301369864,-12.875
usdjpy,pullback_reversal_rsi,discovery,break_signal_high,125,40,72,66,0.18181818181818182,0.9615384615384616,-0.022727272727272728,-1.5
usdjpy,pullback_reversal_rsi,discovery,break_signal_high,125,50,24,92,0.07608695652173914,0.4605263157894737,-0.22282608695652173,-20.5
usdjpy,pullback_reversal_rsi,discovery,break_signal_high,125,50,48,73,0.1232876712328767,0.625,-0.18493150684931506,-13.5
usdjpy,pullback_reversal_rsi,discovery,break_signal_high,125,50,72,66,0.18181818181818182,0.8333333333333334,-0.09090909090909091,-6.0
usdjpy,pullback_reversal_rsi,discovery,break_signal_high,125,60,24,92,0.07608695652173914,0.42892156862745107,-0.21105072463768113,-19.416666666666664
usdjpy,pullback_reversal_rsi,discovery,break_signal_high,125,60,48,73,0.1232876712328767,0.5514705882352942,-0.2089041095890411,-15.25
usdjpy,pullback_reversal_rsi,discovery,break_signal_high,125,60,72,66,0.19696969696969696,0.7738095238095237,-0.11994949494949492,-7.916666666666664
usdjpy,pullback_reversal_rsi,discovery,break_signal_high,125,75,24,92,0.09782608695652174,0.5769230769230769,-0.11956521739130435,-11.0
usdjpy,pullback_reversal_rsi,discovery,break_signal_high,125,75,48,73,0.1506849315068493,0.6547619047619049,-0.13242009132420088,-9.666666666666664
usdjpy,pullback_reversal_rsi,discovery,break_signal_high,125,75,72,66,0.22727272727272727,0.8620689655172417,-0.06060606060606058,-3.9999999999999982
usdjpy,pullback_reversal_rsi,discovery,break_signal_high,125,100,24,92,0.09782608695652174,0.5625,-0.09510869565217392,-8.75
usdjpy,pullback_reversal_rsi,discovery,break_signal_high,125,100,48,73,0.1780821917808219,0.7386363636363636,-0.07876712328767123,-5.75
usdjpy,pullback_reversal_rsi,discovery,break_signal_high,125,100,72,66,0.2727272727272727,1.0227272727272727,0.007575757575757576,0.5
usdjpy,pullback_reversal_rsi,discovery,break_signal_high,125,125,24,92,0.09782608695652174,0.8181818181818182,-0.021739130434782608,-2.0
usdjpy,pullback_reversal_rsi,discovery,break_signal_high,125,125,48,73,0.2054794520547945,0.8823529411764706,-0.0273972602739726,-2.0
usdjpy,pullback_reversal_rsi,discovery,break_signal_high,125,125,72,66,0.2878787878787879,1.1176470588235294,0.030303030303030304,2.0
usdjpy,pullback_reversal_rsi,discovery,confirm_1bar,40,40,24,78,0.48717948717948717,1.52,0.16666666666666666,13.0
usdjpy,pullback_reversal_rsi,discovery,confirm_1bar,40,40,48,61,0.5081967213114754,1.24,0.09836065573770492,6.0
usdjpy,pullback_reversal_rsi,discovery,confirm_1bar,40,40,72,59,0.5423728813559322,1.28,0.11864406779661017,7.0
usdjpy,pullback_reversal_rsi,discovery,confirm_1bar,40,50,24,78,0.5128205128205128,1.7777777777777777,0.1794871794871795,14.0
usdjpy,pullback_reversal_rsi,discovery,confirm_1bar,40,50,48,61,0.5409836065573771,1.3894736842105264,0.12131147540983607,7.4
usdjpy,pullback_reversal_rsi,discovery,confirm_1bar,40,50,72,59,0.6101694915254238,1.3714285714285717,0.1322033898305085,7.800000000000001
usdjpy,pullback_reversal_rsi,discovery,confirm_1bar,40,60,24,78,0.5128205128205128,1.6666666666666665,0.1367521367521367,10.666666666666663
usdjpy,pullback_reversal_rsi,discovery,confirm_1bar,40,60,48,61,0.5409836065573771,1.2941176470588236,0.08196721311475408,4.999999999999999
usdjpy,pullback_reversal_rsi,discovery,confirm_1bar,40,60,72,59,0.6271186440677966,1.2333333333333336,0.07909604519774009,4.666666666666665
usdjpy,pullback_reversal_rsi,discovery,confirm_1bar,40,75,24,78,0.5384615384615384,1.866666666666667,0.1333333333333333,10.399999999999999
usdjpy,pullback_reversal_rsi,discovery,confirm_1bar,40,75,48,61,0.6065573770491803,1.5179487179487186,0.11038251366120218,6.7333333333333325
usdjpy,pullback_reversal_rsi,discovery,confirm_1bar,40,75,72,59,0.6949152542372882,1.3666666666666667,0.09943502824858755,5.866666666666665
usdjpy,pullback_reversal_rsi,discovery,confirm_1bar,40,100,24,78,0.5384615384615384,2.0999999999999996,0.11282051282051284,8.8
usdjpy,pullback_reversal_rsi,discovery,confirm_1bar,40,100,48,61,0.6065573770491803,1.3454545454545457,0.06229508196721314,3.8000000000000016
usdjpy,pullback_reversal_rsi,discovery,confirm_1bar,40,100,72,59,0.7288135593220338,1.5636363636363633,0.10508474576271187,6.2
usdjpy,pullback_reversal_rsi,discovery,confirm_1bar,40,125,24,78,0.5384615384615384,4.48,0.13384615384615386,10.440000000000001
usdjpy,pullback_reversal_rsi,discovery,confirm_1bar,40,125,48,61,0.6721311475409836,2.186666666666667,0.11672131147540987,7.120000000000002
usdjpy,pullback_reversal_rsi,discovery,confirm_1bar,40,125,72,59,0.7796610169491526,2.102857142857143,0.13084745762711866,7.7200000000000015
usdjpy,pullback_reversal_rsi,discovery,confirm_1bar,50,40,24,78,0.41025641025641024,1.4285714285714286,0.15384615384615385,12.0
usdjpy,pullback_reversal_rsi,discovery,confirm_1bar,50,40,48,61,0.45901639344262296,1.2962962962962963,0.13114754098360656,8.0
usdjpy,pullback_reversal_rsi,discovery,confirm_1bar,50,40,72,59,0.5084745762711864,1.4423076923076923,0.19491525423728814,11.5
usdjpy,pullback_reversal_rsi,discovery,confirm_1bar,50,50,24,78,0.4230769230769231,1.5,0.14102564102564102,11.0
usdjpy,pullback_reversal_rsi,discovery,confirm_1bar,50,50,48,61,0.47540983606557374,1.3181818181818181,0.11475409836065574,7.0
usdjpy,pullback_reversal_rsi,discovery,confirm_1bar,50,50,72,59,0.559322033898305,1.434782608695652,0.1694915254237288,10.0
usdjpy,pullback_reversal_rsi,discovery,confirm_1bar,50,60,24,78,0.4230769230769231,1.5277777777777777,0.12179487179487186,9.500000000000005
usdjpy,pullback_reversal_rsi,discovery,confirm_1bar,50,60,48,61,0.47540983606557374,1.208333333333333,0.06830601092896177,4.166666666666668
usdjpy,pullback_reversal_rsi,discovery,confirm_1bar,50,60,72,59,0.576271186440678,1.2878787878787878,0.10734463276836159,6.333333333333334
usdjpy,pullback_reversal_rsi,discovery,confirm_1bar,50,75,24,78,0.4358974358974359,1.7435897435897436,0.12393162393162388,9.666666666666663
usdjpy,pullback_reversal_rsi,discovery,confirm_1bar,50,75,48,61,0.5573770491803278,1.5111111111111113,0.12568306010928962,7.666666666666666
usdjpy,pullback_reversal_rsi,discovery,confirm_1bar,50,75,72,59,0.6610169491525424,1.5294117647058827,0.15254237288135586,8.999999999999996
usdjpy,pullback_reversal_rsi,discovery,confirm_1bar,50,100,24,78,0.4358974358974359,1.8888888888888888,0.10256410256410256,8.0
usdjpy,pullback_reversal_rsi,discovery,confirm_1bar,50,100,48,61,0.5573770491803278,1.4166666666666667,0.08196721311475409,5.0
usdjpy,pullback_reversal_rsi,discovery,confirm_1bar,50,100,72,59,0.6949152542372882,1.8636363636363635,0.16101694915254236,9.5
usdjpy,pullback_reversal_rsi,discovery,confirm_1bar,50,125,24,78,0.4358974358974359,3.4000000000000004,0.12307692307692307,9.6
usdjpy,pullback_reversal_rsi,discovery,confirm_1bar,50,125,48,61,0.6229508196721312,2.1714285714285717,0.13442622950819674,8.200000000000001
usdjpy,pullback_reversal_rsi,discovery,confirm_1bar,50,125,72,59,0.7457627118644068,2.5142857142857133,0.17966101694915257,10.600000000000001
usdjpy,pullback_reversal_rsi,discovery,confirm_1bar,60,40,24,78,0.3333333333333333,1.3448275862068966,0.1282051282051282,10.0
usdjpy,pullback_reversal_rsi,discovery,confirm_1bar,60,40,48,61,0.4262295081967213,1.3928571428571428,0.18032786885245902,11.0
usdjpy,pullback_reversal_rsi,discovery,confirm_1bar,60,40,72,59,0.4576271186440678,1.4464285714285714,0.211864406779661,12.5
usdjpy,pullback_reversal_rsi,discovery,confirm_1bar,60,50,24,78,0.34615384615384615,1.408695652173913,0.1205128205128205,9.399999999999999
usdjpy,pullback_reversal_rsi,discovery,confirm_1bar,60,50,48,61,0.4426229508196721,1.408695652173913,0.15409836065573765,9.399999999999997
usdjpy,pullback_reversal_rsi,discovery,confirm_1bar,60,50,72,59,0.5084745762711864,1.5000000000000002,0.2033898305084745,11.999999999999996
usdjpy,pullback_reversal_rsi,discovery,confirm_1bar,60,60,24,78,0.34615384615384615,1.4210526315789473,0.10256410256410256,8.0
usdjpy,pullback_reversal_rsi,discovery,confirm_1bar,60,60,48,61,0.4426229508196721,1.2857142857142858,0.09836065573770492,6.0
usdjpy,pullback_reversal_rsi,discovery,confirm_1bar,60,60,72,59,0.5254237288135594,1.3478260869565217,0.13559322033898305,8.0
usdjpy,pullback_reversal_rsi,discovery,confirm_1bar,60,75,24,78,0.358974358974359,1.6000000000000003,0.1076923076923077,8.4
usdjpy,pullback_reversal_rsi,discovery,confirm_1bar,60,75,48,61,0.5081967213114754,1.5500000000000005,0.14426229508196725,8.800000000000002
usdjpy,pullback_reversal_rsi,discovery,confirm_1bar,60,75,72,59,0.6101694915254238,1.6000000000000003,0.18305084745762712,10.8
usdjpy,pullback_reversal_rsi,discovery,confirm_1bar,60,100,24,78,0.358974358974359,1.6800000000000002,0.08717948717948716,6.799999999999999
usdjpy,pullback_reversal_rsi,discovery,confirm_1bar,60,100,48,61,0.5081967213114754,1.4307692307692312,0.09180327868852456,5.599999999999998
usdjpy,pullback_reversal_rsi,discovery,confirm_1bar,60,100,72,59,0.6271186440677966,1.8500000000000005,0.17288135593220338,10.2
usdjpy,pullback_reversal_rsi,discovery,confirm_1bar,60,125,24,78,0.358974358974359,2.688,0.1082051282051282,8.44
usdjpy,pullback_reversal_rsi,discovery,confirm_1bar,60,125,48,61,0.5737704918032787,2.1,0.14426229508196725,8.800000000000002
usdjpy,pullback_reversal_rsi,discovery,confirm_1bar,60,125,72,59,0.6779661016949152,2.4,0.18983050847457628,11.200000000000001
usdjpy,pullback_reversal_rsi,discovery,confirm_1bar,75,40,24,78,0.2692307692307692,1.2701612903225807,0.10737179487179487,8.375
usdjpy,pullback_reversal_rsi,discovery,confirm_1bar,75,40,48,61,0.36065573770491804,1.4224137931034482,0.20081967213114754,12.25
usdjpy,pullback_reversal_rsi,discovery,confirm_1bar,75,40,72,59,0.4067796610169492,1.5517241379310345,0.2711864406779661,16.0
usdjpy,pullback_reversal_rsi,discovery,confirm_1bar,75,50,24,78,0.2692307692307692,1.2115384615384615,0.07051282051282051,5.5
usdjpy,pullback_reversal_rsi,discovery,confirm_1bar,75,50,48,61,0.36065573770491804,1.32,0.13114754098360656,8.0
usdjpy,pullback_reversal_rsi,discovery,confirm_1bar,75,50,72,59,0.4406779661016949,1.5,0.22033898305084745,13.0
usdjpy,pullback_reversal_rsi,discovery,confirm_1bar,75,60,24,78,0.2692307692307692,1.25,0.0673076923076923,5.25
usdjpy,pullback_reversal_rsi,discovery,confirm_1bar,75,60,48,61,0.36065573770491804,1.1956521739130435,0.07377049180327869,4.5
usdjpy,pullback_reversal_rsi,discovery,confirm_1bar,75,60,72,59,0.4576271186440678,1.35,0.1483050847457627,8.75
usdjpy,pullback_reversal_rsi,discovery,confirm_1bar,75,75,24,78,0.2692307692307692,1.3125,0.0641025641025641,5.0
usdjpy,pullback_reversal_rsi,discovery,confirm_1bar,75,75,48,61,0.4098360655737705,1.3888888888888888,0.11475409836065574,7.0
usdjpy,pullback_reversal_rsi,discovery,confirm_1bar,75,75,72,59,0.5254237288135594,1.55,0.1864406779661017,11.0
usdjpy,pullback_reversal_rsi,discovery,confirm_1bar,75,100,24,78,0.2692307692307692,1.4318181818181819,0.060897435897435896,4.75
usdjpy,pullback_reversal_rsi,discovery,confirm_1bar,75,100,48,61,0.4098360655737705,1.25,0.06147540983606557,3.75
usdjpy,pullback_reversal_rsi,discovery,confirm_1bar,75,100,72,59,0.5423728813559322,1.7142857142857142,0.1694915254237288,10.0
usdjpy,pullback_reversal_rsi,discovery,confirm_1bar,75,125,24,78,0.2692307692307692,2.0999999999999996,0.0846153846153846,6.599999999999999
usdjpy,pullback_reversal_rsi,discovery,confirm_1bar,75,125,48,61,0.45901639344262296,1.6800000000000002,0.11147540983606555,6.799999999999998
usdjpy,pullback_reversal_rsi,discovery,confirm_1bar,75,125,72,59,0.5932203389830508,2.1000000000000005,0.1864406779661017,11.0
usdjpy,pullback_reversal_rsi,discovery,confirm_1bar,100,40,24,78,0.15384615384615385,0.9090909090909091,-0.038461538461538464,-3.0
usdjpy,pullback_reversal_rsi,discovery,confirm_1bar,100,40,48,61,0.2459016393442623,1.2096774193548387,0.10655737704918032,6.5
usdjpy,pullback_reversal_rsi,discovery,confirm_1bar,100,40,72,59,0.3050847457627119,1.4516129032258065,0.23728813559322035,14.0
usdjpy,pullback_reversal_rsi,discovery,confirm_1bar,100,50,24,78,0.15384615384615385,0.8571428571428571,-0.05128205128205128,-4.0
usdjpy,pullback_reversal_rsi,discovery,confirm_1bar,100,50,48,61,0.2459016393442623,1.1111111111111112,0.04918032786885246,3.0
usdjpy,pullback_reversal_rsi,discovery,confirm_1bar,100,50,72,59,0.3050847457627119,1.2857142857142858,0.13559322033898305,8.0
usdjpy,pullback_reversal_rsi,discovery,confirm_1bar,100,60,24,78,0.15384615384615385,0.8695652173913045,-0.03846153846153845,-2.999999999999999
usdjpy,pullback_reversal_rsi,discovery,confirm_1bar,100,60,48,61,0.2459016393442623,1.0000000000000002,2.1840452943445702e-17,1.3322676295501878e-15
usdjpy,pullback_reversal_rsi,discovery,confirm_1bar,100,60,72,59,0.3050847457627119,1.1111111111111112,0.05084745762711866,3.000000000000001
usdjpy,pullback_reversal_rsi,discovery,confirm_1bar,100,75,24,78,0.15384615384615385,0.9411764705882353,-0.012820512820512832,-1.0000000000000009
usdjpy,pullback_reversal_rsi,discovery,confirm_1bar,100,75,48,61,0.29508196721311475,1.2631578947368418,0.08196721311475406,4.999999999999998
usdjpy,pullback_reversal_rsi,discovery,confirm_1bar,100,75,72,59,0.3898305084745763,1.4603174603174598,0.1638418079096045,9.666666666666666
usdjpy,pullback_reversal_rsi,discovery,confirm_1bar,100,100,24,78,0.15384615384615385,1.0,0.0,0.0
usdjpy,pullback_reversal_rsi,discovery,confirm_1bar,100,100,48,61,0.29508196721311475,1.125,0.03278688524590164,2.0
usdjpy,pullback_reversal_rsi,discovery,confirm_1bar,100,100,72,59,0.4067796610169492,1.6,0.15254237288135594,9.0
usdjpy,pullback_reversal_rsi,discovery,confirm_1bar,100,125,24,78,0.15384615384615385,1.3714285714285717,0.03333333333333334,2.6000000000000005
usdjpy,pullback_reversal_rsi,discovery,confirm_1bar,100,125,48,61,0.32786885245901637,1.4545454545454548,0.08196721311475409,5.0
usdjpy,pullback_reversal_rsi,discovery,confirm_1bar,100,125,72,59,0.4576271186440678,1.963636363636364,0.17966101694915257,10.600000000000001
usdjpy,pullback_reversal_rsi,discovery,confirm_1bar,125,40,24,78,0.11538461538461539,0.8272058823529411,-0.07532051282051282,-5.875
usdjpy,pullback_reversal_rsi,discovery,confirm_1bar,125,40,48,61,0.16393442622950818,0.946969696969697,-0.028688524590163935,-1.75
usdjpy,pullback_reversal_rsi,discovery,confirm_1bar,125,40,72,59,0.1864406779661017,1.0110294117647058,0.006355932203389831,0.375
usdjpy,pullback_reversal_rsi,discovery,confirm_1bar,125,50,24,78,0.11538461538461539,0.7758620689655172,-0.08333333333333333,-6.5
usdjpy,pullback_reversal_rsi,discovery,confirm_1bar,125,50,48,61,0.16393442622950818,0.8620689655172413,-0.06557377049180328,-4.0
usdjpy,pullback_reversal_rsi,discovery,confirm_1bar,125,50,72,59,0.1864406779661017,0.8870967741935484,-0.059322033898305086,-3.5
usdjpy,pullback_reversal_rsi,discovery,confirm_1bar,125,60,24,78,0.11538461538461539,0.78125,-0.06730769230769229,-5.249999999999999
usdjpy,pullback_reversal_rsi,discovery,confirm_1bar,125,60,48,61,0.16393442622950818,0.7716049382716049,-0.10109289617486335,-6.166666666666664
usdjpy,pullback_reversal_rsi,discovery,confirm_1bar,125,60,72,59,0.1864406779661017,0.7638888888888888,-0.12005649717514122,-7.083333333333332
usdjpy,pullback_reversal_rsi,discovery,confirm_1bar,125,75,24,78,0.11538461538461539,0.8333333333333334,-0.03846153846153845,-2.999999999999999
usdjpy,pullback_reversal_rsi,discovery,confirm_1bar,125,75,48,61,0.21311475409836064,1.0833333333333335,0.027322404371584712,1.6666666666666674
usdjpy,pullback_reversal_rsi,discovery,confirm_1bar,125,75,72,59,0.2711864406779661,1.1111111111111112,0.04519774011299437,2.666666666666668
usdjpy,pullback_reversal_rsi,discovery,confirm_1bar,125,100,24,78,0.11538461538461539,0.8653846153846154,-0.022435897435897436,-1.75
usdjpy,pullback_reversal_rsi,discovery,confirm_1bar,125,100,48,61,0.21311475409836064,0.9558823529411765,-0.012295081967213115,-0.75
usdjpy,pullback_reversal_rsi,discovery,confirm_1bar,125,100,72,59,0.2711864406779661,1.1111111111111112,0.03389830508474576,2.0
usdjpy,pullback_reversal_rsi,discovery,confirm_1bar,125,125,24,78,0.11538461538461539,1.125,0.01282051282051282,1.0
usdjpy,pullback_reversal_rsi,discovery,confirm_1bar,125,125,48,61,0.2459016393442623,1.25,0.04918032786885246,3.0
usdjpy,pullback_reversal_rsi,discovery,confirm_1bar,125,125,72,59,0.3050847457627119,1.3846153846153846,0.0847457627118644,5.0
usdjpy,pullback_reversal_rsi,validation,next_open,40,40,24,43,0.4418604651162791,0.7916666666666666,-0.11627906976744186,-5.0
usdjpy,pullback_reversal_rsi,validation,next_open,40,40,48,37,0.5135135135135135,1.0555555555555556,0.02702702702702703,1.0
usdjpy,pullback_reversal_rsi,validation,next_open,40,40,72,31,0.5161290322580645,1.0666666666666667,0.03225806451612903,1.0
usdjpy,pullback_reversal_rsi,validation,next_open,40,50,24,43,0.4883720930232558,0.7636363636363638,-0.12093023255813952,-5.199999999999999
usdjpy,pullback_reversal_rsi,validation,next_open,40,50,48,37,0.5945945945945946,1.1733333333333336,0.07027027027027029,2.6000000000000005
usdjpy,pullback_reversal_rsi,validation,next_open,40,50,72,31,0.5483870967741935,0.9714285714285715,-0.012903225806451596,-0.39999999999999947
usdjpy,pullback_reversal_rsi,validation,next_open,40,60,24,43,0.4883720930232558,0.6363636363636362,-0.18604651162790703,-8.000000000000002
usdjpy,pullback_reversal_rsi,validation,next_open,40,60,48,37,0.5945945945945946,0.9777777777777775,-0.00900900900900904,-0.3333333333333345
usdjpy,pullback_reversal_rsi,validation,next_open,40,60,72,31,0.5483870967741935,0.8095238095238094,-0.08602150537634412,-2.666666666666668
usdjpy,pullback_reversal_rsi,validation,next_open,40,75,24,43,0.5116279069767442,0.5866666666666667,-0.1922480620155039,-8.266666666666667
usdjpy,pullback_reversal_rsi,validation,next_open,40,75,48,37,0.6486486486486487,0.9846153846153847,-0.005405405405405428,-0.20000000000000084
usdjpy,pullback_reversal_rsi,validation,next_open,40,75,72,31,0.6129032258064516,0.8444444444444444,-0.06021505376344088,-1.8666666666666671
usdjpy,pullback_reversal_rsi,validation,next_open,40,100,24,43,0.5581395348837209,0.5333333333333334,-0.1953488372093023,-8.399999999999999
usdjpy,pullback_reversal_rsi,validation,next_open,40,100,48,37,0.6756756756756757,0.8333333333333335,-0.05405405405405408,-2.000000000000001
usdjpy,pullback_reversal_rsi,validation,next_open,40,100,72,31,0.6451612903225806,0.7272727272727274,-0.09677419354838711,-3.0000000000000004
usdjpy,pullback_reversal_rsi,validation,next_open,40,125,24,43,0.5581395348837209,0.5907692307692307,-0.1237209302325581,-5.3199999999999985
usdjpy,pullback_reversal_rsi,validation,next_open,40,125,48,37,0.7027027027027027,0.7563636363636363,-0.07243243243243243,-2.6799999999999997
usdjpy,pullback_reversal_rsi,validation,next_open,40,125,72,31,0.6774193548387096,0.6720000000000002,-0.10580645161290325,-3.2800000000000007
usdjpy,pullback_reversal_rsi,validation,next_open,50,40,24,43,0.3488372093023256,0.6944444444444444,-0.19186046511627908,-8.25
usdjpy,pullback_reversal_rsi,validation,next_open,50,40,48,37,0.40540540540540543,0.8522727272727273,-0.08783783783783784,-3.25
usdjpy,pullback_reversal_rsi,validation,next_open,50,40,72,31,0.3870967741935484,0.7894736842105263,-0.12903225806451613,-4.0
usdjpy,pullback_reversal_rsi,validation,next_open,50,50,24,43,0.4186046511627907,0.75,-0.13953488372093023,-6.0
usdjpy,pullback_reversal_rsi,validation,next_open,50,50,48,37,0.5405405405405406,1.1764705882352942,0.08108108108108109,3.0
usdjpy,pullback_reversal_rsi,validation,next_open,50,50,72,31,0.4838709677419355,0.9375,-0.03225806451612903,-1.0
usdjpy,pullback_reversal_rsi,validation,next_open,50,60,24,43,0.4186046511627907,0.6250000000000001,-0.20930232558139528,-8.999999999999996
usdjpy,pullback_reversal_rsi,validation,next_open,50,60,48,37,0.5405405405405406,0.9803921568627452,-0.009009009009008983,-0.33333333333333237
usdjpy,pullback_reversal_rsi,validation,next_open,50,60,72,31,0.4838709677419355,0.7812500000000002,-0.11290322580645157,-3.4999999999999987
usdjpy,pullback_reversal_rsi,validation,next_open,50,75,24,43,0.46511627906976744,0.6666666666666665,-0.1550387596899225,-6.666666666666668
usdjpy,pullback_reversal_rsi,validation,next_open,50,75,48,37,0.6216216216216216,1.095238095238095,0.036036036036036,1.3333333333333321
usdjpy,pullback_reversal_rsi,validation,next_open,50,75,72,31,0.5806451612903226,0.9230769230769229,-0.03225806451612907,-1.0000000000000013
usdjpy,pullback_reversal_rsi,validation,next_open,50,100,24,43,0.5116279069767442,0.6111111111111112,-0.16279069767441862,-7.0
usdjpy,pullback_reversal_rsi,validation,next_open,50,100,48,37,0.6486486486486487,0.9230769230769231,-0.02702702702702703,-1.0
usdjpy,pullback_reversal_rsi,validation,next_open,50,100,72,31,0.6129032258064516,0.7916666666666666,-0.08064516129032258,-2.5
usdjpy,pullback_reversal_rsi,validation,next_open,50,125,24,43,0.5116279069767442,0.6769230769230771,-0.09767441860465115,-4.199999999999999
usdjpy,pullback_reversal_rsi,validation,next_open,50,125,48,37,0.6756756756756757,0.8333333333333335,-0.05405405405405408,-2.000000000000001
usdjpy,pullback_reversal_rsi,validation,next_open,50,125,72,31,0.6451612903225806,0.7272727272727274,-0.0967741935483871,-3.0
usdjpy,pullback_reversal_rsi,validation,next_open,60,40,24,43,0.27906976744186046,0.6,-0.27906976744186046,-12.0
usdjpy,pullback_reversal_rsi,validation,next_open,60,40,48,37,0.32432432432432434,0.72,-0.1891891891891892,-7.0
usdjpy,pullback_reversal_rsi,validation,next_open,60,40,72,31,0.2903225806451613,0.6136363636363636,-0.27419354838709675,-8.5
usdjpy,pullback_reversal_rsi,validation,next_open,60,50,24,43,0.37209302325581395,0.7384615384615384,-0.15813953488372096,-6.800000000000001
usdjpy,pullback_reversal_rsi,validation,next_open,60,50,48,37,0.4864864864864865,1.1368421052631579,0.07027027027027026,2.5999999999999996
usdjpy,pullback_reversal_rsi,validation,next_open,60,50,72,31,0.41935483870967744,0.8666666666666665,-0.07741935483870967,-2.3999999999999995
usdjpy,pullback_reversal_rsi,validation,next_open,60,60,24,43,0.37209302325581395,0.6153846153846154,-0.23255813953488372,-10.0
usdjpy,pullback_reversal_rsi,validation,next_open,60,60,48,37,0.4864864864864865,0.9473684210526315,-0.02702702702702703,-1.0
usdjpy,pullback_reversal_rsi,validation,next_open,60,60,72,31,0.41935483870967744,0.7222222222222222,-0.16129032258064516,-5.0
usdjpy,pullback_reversal_rsi,validation,next_open,60,75,24,43,0.3953488372093023,0.6181818181818183,-0.19534883720930224,-8.399999999999997
usdjpy,pullback_reversal_rsi,validation,next_open,60,75,48,37,0.5405405405405406,1.0000000000000002,1.800361661554308e-17,6.661338147750939e-16
usdjpy,pullback_reversal_rsi,validation,next_open,60,75,72,31,0.5161290322580645,0.8533333333333334,-0.07096774193548387,-2.2
usdjpy,pullback_reversal_rsi,validation,next_open,60,100,24,43,0.4418604651162791,0.6,-0.17674418604651165,-7.600000000000001
usdjpy,pullback_reversal_rsi,validation,next_open,60,100,48,37,0.5945945945945946,0.9428571428571427,-0.02162162162162162,-0.7999999999999999
usdjpy,pullback_reversal_rsi,validation,next_open,60,100,72,31,0.5806451612903226,0.8307692307692307,-0.07096774193548386,-2.1999999999999997
usdjpy,pullback_reversal_rsi,validation,next_open,60,125,24,43,0.4418604651162791,0.7015384615384617,-0.09023255813953487,-3.8799999999999994
usdjpy,pullback_reversal_rsi,validation,next_open,60,125,48,37,0.6216216216216216,0.8492307692307695,-0.05297297297297299,-1.9600000000000004
usdjpy,pullback_reversal_rsi,validation,next_open,60,125,72,31,0.6129032258064516,0.7600000000000001,-0.09290322580645162,-2.8800000000000003
usdjpy,pullback_reversal_rsi,validation,next_open,75,40,24,43,0.2558139534883721,0.6653225806451613,-0.24127906976744187,-10.375
usdjpy,pullback_reversal_rsi,validation,next_open,75,40,48,37,0.2972972972972973,0.7932692307692307,-0.14527027027027026,-5.375
usdjpy,pullback_reversal_rsi,validation,next_open,75,40,72,31,0.25806451612903225,0.6521739130434783,-0.25806451612903225,-8.0
usdjpy,pullback_reversal_rsi,validation,next_open,75,50,24,43,0.32558139534883723,0.7777777777777778,-0.13953488372093023,-6.0
usdjpy,pullback_reversal_rsi,validation,next_open,75,50,48,37,0.43243243243243246,1.1428571428571428,0.08108108108108109,3.0
usdjpy,pullback_reversal_rsi,validation,next_open,75,50,72,31,0.3870967741935484,0.9473684210526315,-0.03225806451612903,-1.0
usdjpy,pullback_reversal_rsi,validation,next_open,75,60,24,43,0.32558139534883723,0.6481481481481481,-0.22093023255813954,-9.5
usdjpy,pullback_reversal_rsi,validation,next_open,75,60,48,37,0.43243243243243246,0.9523809523809523,-0.02702702702702703,-1.0
usdjpy,pullback_reversal_rsi,validation,next_open,75,60,72,31,0.3870967741935484,0.7894736842105263,-0.12903225806451613,-4.0
usdjpy,pullback_reversal_rsi,validation,next_open,75,75,24,43,0.3488372093023256,0.6521739130434783,-0.18604651162790697,-8.0
usdjpy,pullback_reversal_rsi,validation,next_open,75,75,48,37,0.4864864864864865,1.0,0.0,0.0
usdjpy,pullback_reversal_rsi,validation,next_open,75,75,72,31,0.45161290322580644,0.8235294117647058,-0.0967741935483871,-3.0
usdjpy,pullback_reversal_rsi,validation,next_open,75,100,24,43,0.37209302325581395,0.5714285714285714,-0.20930232558139536,-9.0
usdjpy,pullback_reversal_rsi,validation,next_open,75,100,48,37,0.5135135135135135,0.8382352941176471,-0.07432432432432433,-2.75
usdjpy,pullback_reversal_rsi,validation,next_open,75,100,72,31,0.5161290322580645,0.8,-0.0967741935483871,-3.0
usdjpy,pullback_reversal_rsi,validation,next_open,75,125,24,43,0.37209302325581395,0.64,-0.12558139534883725,-5.400000000000001
usdjpy,pullback_reversal_rsi,validation,next_open,75,125,48,37,0.5405405405405406,0.7999999999999999,-0.0810810810810811,-3.000000000000001
usdjpy,pullback_reversal_rsi,validation,next_open,75,125,72,31,0.5483870967741935,0.7285714285714285,-0.12258064516129033,-3.8000000000000003
usdjpy,pullback_reversal_rsi,validation,next_open,100,40,24,43,0.20930232558139536,0.703125,-0.22093023255813954,-9.5
usdjpy,pullback_reversal_rsi,validation,next_open,100,40,48,37,0.24324324324324326,0.8035714285714286,-0.14864864864864866,-5.5
usdjpy,pullback_reversal_rsi,validation,next_open,100,40,72,31,0.22580645161290322,0.7291666666666666,-0.20967741935483872,-6.5
usdjpy,pullback_reversal_rsi,validation,next_open,100,50,24,43,0.2558139534883721,0.7857142857142857,-0.13953488372093023,-6.0
usdjpy,pullback_reversal_rsi,validation,next_open,100,50,48,37,0.32432432432432434,1.0,0.0,0.0
usdjpy,pullback_reversal_rsi,validation,next_open,100,50,72,31,0.2903225806451613,0.8571428571428571,-0.0967741935483871,-3.0
usdjpy,pullback_reversal_rsi,validation,next_open,100,60,24,43,0.2558139534883721,0.6790123456790125,-0.20155038759689917,-8.666666666666664
usdjpy,pullback_reversal_rsi,validation,next_open,100,60,48,37,0.32432432432432434,0.8333333333333335,-0.10810810810810809,-3.999999999999999
usdjpy,pullback_reversal_rsi,validation,next_open,100,60,72,31,0.2903225806451613,0.7142857142857143,-0.19354838709677416,-5.999999999999999
usdjpy,pullback_reversal_rsi,validation,next_open,100,75,24,43,0.27906976744186046,0.6956521739130435,-0.16279069767441862,-7.000000000000001
usdjpy,pullback_reversal_rsi,validation,next_open,100,75,48,37,0.3783783783783784,0.8888888888888887,-0.0630630630630631,-2.333333333333335
usdjpy,pullback_reversal_rsi,validation,next_open,100,75,72,31,0.3548387096774194,0.7719298245614036,-0.1397849462365592,-4.333333333333336
usdjpy,pullback_reversal_rsi,validation,next_open,100,100,24,43,0.3023255813953488,0.6190476190476191,-0.18604651162790697,-8.0
usdjpy,pullback_reversal_rsi,validation,next_open,100,100,48,37,0.40540540540540543,0.75,-0.13513513513513514,-5.0
usdjpy,pullback_reversal_rsi,validation,next_open,100,100,72,31,0.41935483870967744,0.7647058823529411,-0.12903225806451613,-4.0
usdjpy,pullback_reversal_rsi,validation,next_open,100,125,24,43,0.3023255813953488,0.6933333333333335,-0.10697674418604651,-4.6
usdjpy,pullback_reversal_rsi,validation,next_open,100,125,48,37,0.43243243243243246,0.7111111111111111,-0.14054054054054058,-5.200000000000001
usdjpy,pullback_reversal_rsi,validation,next_open,100,125,72,31,0.45161290322580644,0.7000000000000002,-0.1548387096774194,-4.800000000000001
usdjpy,pullback_reversal_rsi,validation,next_open,125,40,24,43,0.13953488372093023,0.5859375,-0.3081395348837209,-13.25
usdjpy,pullback_reversal_rsi,validation,next_open,125,40,48,37,0.21621621621621623,0.8928571428571429,-0.08108108108108109,-3.0
usdjpy,pullback_reversal_rsi,validation,next_open,125,40,72,31,0.1935483870967742,0.75,-0.20161290322580644,-6.25
usdjpy,pullback_reversal_rsi,validation,next_open,125,50,24,43,0.13953488372093023,0.5357142857142857,-0.3023255813953488,-13.0
usdjpy,pullback_reversal_rsi,validation,next_open,125,50,48,37,0.2702702702702703,1.0,0.0,0.0
usdjpy,pullback_reversal_rsi,validation,next_open,125,50,72,31,0.22580645161290322,0.7608695652173914,-0.1774193548387097,-5.5
usdjpy,pullback_reversal_rsi,validation,next_open,125,60,24,43,0.13953488372093023,0.462962962962963,-0.33720930232558133,-14.499999999999998
usdjpy,pullback_reversal_rsi,validation,next_open,125,60,48,37,0.2702702702702703,0.8333333333333333,-0.11261261261261254,-4.166666666666664
usdjpy,pullback_reversal_rsi,validation,next_open,125,60,72,31,0.22580645161290322,0.6340579710144929,-0.27150537634408595,-8.416666666666664
usdjpy,pullback_reversal_rsi,validation,next_open,125,75,24,43,0.13953488372093023,0.4166666666666667,-0.32558139534883723,-14.0
usdjpy,pullback_reversal_rsi,validation,next_open,125,75,48,37,0.2702702702702703,0.7246376811594203,-0.17117117117117117,-6.333333333333333
usdjpy,pullback_reversal_rsi,validation,next_open,125,75,72,31,0.22580645161290322,0.5555555555555556,-0.3010752688172043,-9.333333333333334
usdjpy,pullback_reversal_rsi,validation,next_open,125,100,24,43,0.16279069767441862,0.3977272727272727,-0.3081395348837209,-13.25
usdjpy,pullback_reversal_rsi,validation,next_open,125,100,48,37,0.2972972972972973,0.625,-0.22297297297297297,-8.25
usdjpy,pullback_reversal_rsi,validation,next_open,125,100,72,31,0.25806451612903225,0.5263157894736842,-0.2903225806451613,-9.0
usdjpy,pullback_reversal_rsi,validation,next_open,125,125,24,43,0.16279069767441862,0.4666666666666667,-0.18604651162790697,-8.0
usdjpy,pullback_reversal_rsi,validation,next_open,125,125,48,37,0.2972972972972973,0.55,-0.24324324324324326,-9.0
usdjpy,pullback_reversal_rsi,validation,next_open,125,125,72,31,0.25806451612903225,0.42105263157894735,-0.3548387096774194,-11.0
usdjpy,pullback_reversal_rsi,validation,break_signal_high,40,40,24,40,0.45,0.8181818181818182,-0.1,-4.0
usdjpy,pullback_reversal_rsi,validation,break_signal_high,40,40,48,33,0.5151515151515151,1.0625,0.030303030303030304,1.0
usdjpy,pullback_reversal_rsi,validation,break_signal_high,40,40,72,28,0.5357142857142857,1.1538461538461537,0.07142857142857142,2.0
usdjpy,pullback_reversal_rsi,validation,break_signal_high,40,50,24,40,0.475,0.7238095238095239,-0.14499999999999996,-5.799999999999999
usdjpy,pullback_reversal_rsi,validation,break_signal_high,40,50,48,33,0.5454545454545454,0.9600000000000002,-0.018181818181818164,-0.5999999999999994
usdjpy,pullback_reversal_rsi,validation,break_signal_high,40,50,72,28,0.5714285714285714,1.0666666666666667,0.028571428571428605,0.8000000000000009
usdjpy,pullback_reversal_rsi,validation,break_signal_high,40,60,24,40,0.5,0.6666666666666665,-0.16666666666666669,-6.666666666666668
usdjpy,pullback_reversal_rsi,validation,break_signal_high,40,60,48,33,0.6060606060606061,1.0256410256410253,0.010101010101010069,0.33333333333333226
usdjpy,pullback_reversal_rsi,validation,break_signal_high,40,60,72,28,0.6071428571428571,1.0303030303030303,0.011904761904761866,0.33333333333333226
usdjpy,pullback_reversal_rsi,validation,break_signal_high,40,75,24,40,0.5,0.5333333333333333,-0.2333333333333334,-9.333333333333336
usdjpy,pullback_reversal_rsi,validation,break_signal_high,40,75,48,33,0.6060606060606061,0.8205128205128205,-0.07070707070707072,-2.333333333333334
usdjpy,pullback_reversal_rsi,validation,break_signal_high,40,75,72,28,0.6071428571428571,0.8242424242424242,-0.06904761904761905,-1.9333333333333336
usdjpy,pullback_reversal_rsi,validation,break_signal_high,40,100,24,40,0.575,0.6133333333333335,-0.14500000000000002,-5.800000000000001
usdjpy,pullback_reversal_rsi,validation,break_signal_high,40,100,48,33,0.6666666666666666,0.8000000000000003,-0.06666666666666668,-2.2000000000000006
usdjpy,pullback_reversal_rsi,validation,break_signal_high,40,100,72,28,0.6785714285714286,0.8444444444444446,-0.049999999999999996,-1.4
usdjpy,pullback_reversal_rsi,validation,break_signal_high,40,125,24,40,0.575,0.7360000000000002,-0.06599999999999998,-2.6399999999999992
usdjpy,pullback_reversal_rsi,validation,break_signal_high,40,125,48,33,0.696969696969697,0.7360000000000002,-0.07999999999999997,-2.6399999999999992
usdjpy,pullback_reversal_rsi,validation,break_signal_high,40,125,72,28,0.7142857142857143,0.8000000000000002,-0.05714285714285713,-1.5999999999999996
usdjpy,pullback_reversal_rsi,validation,break_signal_high,50,40,24,40,0.325,0.6018518518518519,-0.26875,-10.75
usdjpy,pullback_reversal_rsi,validation,break_signal_high,50,40,48,33,0.3939393939393939,0.8125,-0.11363636363636363,-3.75
usdjpy,pullback_reversal_rsi,validation,break_signal_high,50,40,72,28,0.35714285714285715,0.6944444444444444,-0.19642857142857142,-5.5
usdjpy,pullback_reversal_rsi,validation,break_signal_high,50,50,24,40,0.35,0.56,-0.275,-11.0
usdjpy,pullback_reversal_rsi,validation,break_signal_high,50,50,48,33,0.45454545454545453,0.8333333333333334,-0.09090909090909091,-3.0
usdjpy,pullback_reversal_rsi,validation,break_signal_high,50,50,72,28,0.42857142857142855,0.75,-0.14285714285714285,-4.0
usdjpy,pullback_reversal_rsi,validation,break_signal_high,50,60,24,40,0.375,0.5208333333333335,-0.2875,-11.5
usdjpy,pullback_reversal_rsi,validation,break_signal_high,50,60,48,33,0.5151515151515151,0.8854166666666667,-0.05555555555555552,-1.8333333333333321
usdjpy,pullback_reversal_rsi,validation,break_signal_high,50,60,72,28,0.4642857142857143,0.7222222222222224,-0.14880952380952375,-4.166666666666665
usdjpy,pullback_reversal_rsi,validation,break_signal_high,50,75,24,40,0.375,0.4166666666666666,-0.35,-14.0
usdjpy,pullback_reversal_rsi,validation,break_signal_high,50,75,48,33,0.5151515151515151,0.7083333333333333,-0.14141414141414144,-4.666666666666667
usdjpy,pullback_reversal_rsi,validation,break_signal_high,50,75,72,28,0.4642857142857143,0.5777777777777777,-0.22619047619047622,-6.333333333333334
usdjpy,pullback_reversal_rsi,validation,break_signal_high,50,100,24,40,0.425,0.4473684210526316,-0.2625,-10.5
usdjpy,pullback_reversal_rsi,validation,break_signal_high,50,100,48,33,0.5757575757575758,0.6785714285714286,-0.13636363636363635,-4.5
usdjpy,pullback_reversal_rsi,validation,break_signal_high,50,100,72,28,0.5357142857142857,0.5769230769230769,-0.19642857142857142,-5.5
usdjpy,pullback_reversal_rsi,validation,break_signal_high,50,125,24,40,0.45,0.6000000000000001,-0.11999999999999997,-4.799999999999999
usdjpy,pullback_reversal_rsi,validation,break_signal_high,50,125,48,33,0.6363636363636364,0.7000000000000002,-0.1090909090909091,-3.6
usdjpy,pullback_reversal_rsi,validation,break_signal_high,50,125,72,28,0.6071428571428571,0.6181818181818183,-0.14999999999999997,-4.199999999999999
usdjpy,pullback_reversal_rsi,validation,break_signal_high,60,40,24,40,0.3,0.6428571428571429,-0.25,-10.0
usdjpy,pullback_reversal_rsi,validation,break_signal_high,60,40,48,33,0.36363636363636365,0.8571428571428571,-0.09090909090909091,-3.0
usdjpy,pullback_reversal_rsi,validation,break_signal_high,60,40,72,28,0.32142857142857145,0.7105263157894737,-0.19642857142857142,-5.5
usdjpy,pullback_reversal_rsi,validation,break_signal_high,60,50,24,40,0.35,0.6719999999999999,-0.205,-8.2
usdjpy,pullback_reversal_rsi,validation,break_signal_high,60,50,48,33,0.45454545454545453,0.9999999999999998,-3.364312195833808e-17,-1.1102230246251565e-15
usdjpy,pullback_reversal_rsi,validation,break_signal_high,60,50,72,28,0.42857142857142855,0.8999999999999998,-0.05714285714285717,-1.6000000000000008
usdjpy,pullback_reversal_rsi,validation,break_signal_high,60,60,24,40,0.375,0.625,-0.225,-9.0
usdjpy,pullback_reversal_rsi,validation,break_signal_high,60,60,48,33,0.5151515151515151,1.0625,0.030303030303030304,1.0
usdjpy,pullback_reversal_rsi,validation,break_signal_high,60,60,72,28,0.4642857142857143,0.8666666666666667,-0.07142857142857142,-2.0
usdjpy,pullback_reversal_rsi,validation,break_signal_high,60,75,24,40,0.375,0.5000000000000001,-0.3,-12.0
usdjpy,pullback_reversal_rsi,validation,break_signal_high,60,75,48,33,0.5151515151515151,0.8500000000000001,-0.07272727272727271,-2.3999999999999995
usdjpy,pullback_reversal_rsi,validation,break_signal_high,60,75,72,28,0.4642857142857143,0.6933333333333335,-0.16428571428571428,-4.6
usdjpy,pullback_reversal_rsi,validation,break_signal_high,60,100,24,40,0.425,0.5368421052631579,-0.21999999999999997,-8.799999999999999
usdjpy,pullback_reversal_rsi,validation,break_signal_high,60,100,48,33,0.5757575757575758,0.8142857142857142,-0.0787878787878788,-2.6
usdjpy,pullback_reversal_rsi,validation,break_signal_high,60,100,72,28,0.5357142857142857,0.6923076923076922,-0.14285714285714293,-4.000000000000002
usdjpy,pullback_reversal_rsi,validation,break_signal_high,60,125,24,40,0.45,0.7200000000000001,-0.084,-3.3600000000000003
usdjpy,pullback_reversal_rsi,validation,break_signal_high,60,125,48,33,0.6363636363636364,0.8400000000000002,-0.058181818181818196,-1.9200000000000004
usdjpy,pullback_reversal_rsi,validation,break_signal_high,60,125,72,28,0.6071428571428571,0.7418181818181818,-0.10142857142857144,-2.8400000000000003
usdjpy,pullback_reversal_rsi,validation,break_signal_high,75,40,24,40,0.275,0.7112068965517241,-0.209375,-8.375
usdjpy,pullback_reversal_rsi,validation,break_signal_high,75,40,48,33,0.30303030303030304,0.8152173913043478,-0.12878787878787878,-4.25
usdjpy,pullback_reversal_rsi,validation,break_signal_high,75,40,72,28,0.2857142857142857,0.75,-0.17857142857142858,-5.0
usdjpy,pullback_reversal_rsi,validation,break_signal_high,75,50,24,40,0.325,0.75,-0.1625,-6.5
usdjpy,pullback_reversal_rsi,validation,break_signal_high,75,50,48,33,0.3939393939393939,0.975,-0.015151515151515152,-0.5
usdjpy,pullback_reversal_rsi,validation,break_signal_high,75,50,72,28,0.39285714285714285,0.9705882352941176,-0.017857142857142856,-0.5
usdjpy,pullback_reversal_rsi,validation,break_signal_high,75,60,24,40,0.35,0.7,-0.1875,-7.5
usdjpy,pullback_reversal_rsi,validation,break_signal_high,75,60,48,33,0.42424242424242425,0.9210526315789473,-0.045454545454545456,-1.5
usdjpy,pullback_reversal_rsi,validation,break_signal_high,75,60,72,28,0.42857142857142855,0.9375,-0.03571428571428571,-1.0
usdjpy,pullback_reversal_rsi,validation,break_signal_high,75,75,24,40,0.35,0.5833333333333334,-0.25,-10.0
usdjpy,pullback_reversal_rsi,validation,break_signal_high,75,75,48,33,0.42424242424242425,0.7368421052631579,-0.15151515151515152,-5.0
usdjpy,pullback_reversal_rsi,validation,break_signal_high,75,75,72,28,0.42857142857142855,0.75,-0.14285714285714285,-4.0
usdjpy,pullback_reversal_rsi,validation,break_signal_high,75,100,24,40,0.4,0.631578947368421,-0.175,-7.0
usdjpy,pullback_reversal_rsi,validation,break_signal_high,75,100,48,33,0.48484848484848486,0.7058823529411765,-0.15151515151515152,-5.0
usdjpy,pullback_reversal_rsi,validation,break_signal_high,75,100,72,28,0.5,0.75,-0.125,-3.5
usdjpy,pullback_reversal_rsi,validation,break_signal_high,75,125,24,40,0.4,0.7384615384615384,-0.085,-3.4000000000000004
usdjpy,pullback_reversal_rsi,validation,break_signal_high,75,125,48,33,0.5151515151515151,0.6799999999999999,-0.14545454545454545,-4.8
usdjpy,pullback_reversal_rsi,validation,break_signal_high,75,125,72,28,0.5357142857142857,0.6923076923076922,-0.14285714285714285,-3.9999999999999996
usdjpy,pullback_reversal_rsi,validation,break_signal_high,100,40,24,40,0.175,0.5833333333333334,-0.3125,-12.5
usdjpy,pullback_reversal_rsi,validation,break_signal_high,100,40,48,33,0.2727272727272727,0.9375,-0.045454545454545456,-1.5
usdjpy,pullback_reversal_rsi,validation,break_signal_high,100,40,72,28,0.21428571428571427,0.6818181818181818,-0.25,-7.0
usdjpy,pullback_reversal_rsi,validation,break_signal_high,100,50,24,40,0.2,0.5925925925925926,-0.275,-11.0
usdjpy,pullback_reversal_rsi,validation,break_signal_high,100,50,48,33,0.3333333333333333,1.0476190476190477,0.030303030303030304,1.0
usdjpy,pullback_reversal_rsi,validation,break_signal_high,100,50,72,28,0.2857142857142857,0.8421052631578947,-0.10714285714285714,-3.0
usdjpy,pullback_reversal_rsi,validation,break_signal_high,100,60,24,40,0.2,0.4938271604938272,-0.3416666666666666,-13.666666666666664
usdjpy,pullback_reversal_rsi,validation,break_signal_high,100,60,48,33,0.3333333333333333,0.8730158730158731,-0.08080808080808079,-2.666666666666666
usdjpy,pullback_reversal_rsi,validation,break_signal_high,100,60,72,28,0.2857142857142857,0.7017543859649124,-0.20238095238095233,-5.666666666666665
usdjpy,pullback_reversal_rsi,validation,break_signal_high,100,75,24,40,0.2,0.41025641025641024,-0.3833333333333334,-15.333333333333336
usdjpy,pullback_reversal_rsi,validation,break_signal_high,100,75,48,33,0.3333333333333333,0.6984126984126985,-0.19191919191919193,-6.333333333333334
usdjpy,pullback_reversal_rsi,validation,break_signal_high,100,75,72,28,0.2857142857142857,0.5614035087719298,-0.2976190476190477,-8.333333333333336
usdjpy,pullback_reversal_rsi,validation,break_signal_high,100,100,24,40,0.225,0.45,-0.275,-11.0
usdjpy,pullback_reversal_rsi,validation,break_signal_high,100,100,48,33,0.36363636363636365,0.631578947368421,-0.21212121212121213,-7.0
usdjpy,pullback_reversal_rsi,validation,break_signal_high,100,100,72,28,0.35714285714285715,0.625,-0.21428571428571427,-6.0
usdjpy,pullback_reversal_rsi,validation,break_signal_high,100,125,24,40,0.225,0.5142857142857143,-0.16999999999999998,-6.8
usdjpy,pullback_reversal_rsi,validation,break_signal_high,100,125,48,33,0.3939393939393939,0.6117647058823531,-0.19999999999999998,-6.6
usdjpy,pullback_reversal_rsi,validation,break_signal_high,100,125,72,28,0.39285714285714285,0.5866666666666667,-0.2214285714285714,-6.199999999999999
usdjpy,pullback_reversal_rsi,validation,break_signal_high,125,40,24,40,0.1,0.4166666666666667,-0.4375,-17.5
usdjpy,pullback_reversal_rsi,validation,break_signal_high,125,40,48,33,0.21212121212121213,0.875,-0.0946969696969697,-3.125
usdjpy,pullback_reversal_rsi,validation,break_signal_high,125,40,72,28,0.17857142857142858,0.6793478260869565,-0.26339285714285715,-7.375
usdjpy,pullback_reversal_rsi,validation,break_signal_high,125,50,24,40,0.1,0.37037037037037035,-0.425,-17.0
usdjpy,pullback_reversal_rsi,validation,break_signal_high,125,50,48,33,0.24242424242424243,0.8695652173913043,-0.09090909090909091,-3.0
usdjpy,pullback_reversal_rsi,validation,break_signal_high,125,50,72,28,0.21428571428571427,0.7142857142857143,-0.21428571428571427,-6.0
usdjpy,pullback_reversal_rsi,validation,break_signal_high,125,60,24,40,0.1,0.308641975308642,-0.4666666666666666,-18.666666666666664
usdjpy,pullback_reversal_rsi,validation,break_signal_high,125,60,48,33,0.24242424242424243,0.7246376811594203,-0.19191919191919188,-6.333333333333332
usdjpy,pullback_reversal_rsi,validation,break_signal_high,125,60,72,28,0.21428571428571427,0.5952380952380953,-0.3035714285714285,-8.499999999999998
usdjpy,pullback_reversal_rsi,validation,break_signal_high,125,75,24,40,0.1,0.25641025641025644,-0.4833333333333333,-19.333333333333332
usdjpy,pullback_reversal_rsi,validation,break_signal_high,125,75,48,33,0.24242424242424243,0.6060606060606061,-0.2626262626262626,-8.666666666666666
usdjpy,pullback_reversal_rsi,validation,break_signal_high,125,75,72,28,0.21428571428571427,0.47619047619047616,-0.39285714285714285,-11.0
usdjpy,pullback_reversal_rsi,validation,break_signal_high,125,100,24,40,0.1,0.23809523809523808,-0.4,-16.0
usdjpy,pullback_reversal_rsi,validation,break_signal_high,125,100,48,33,0.24242424242424243,0.47619047619047616,-0.3333333333333333,-11.0
usdjpy,pullback_reversal_rsi,validation,break_signal_high,125,100,72,28,0.21428571428571427,0.4166666666666667,-0.375,-10.5
usdjpy,pullback_reversal_rsi,validation,break_signal_high,125,125,24,40,0.1,0.2857142857142857,-0.25,-10.0
usdjpy,pullback_reversal_rsi,validation,break_signal_high,125,125,48,33,0.24242424242424243,0.42105263157894735,-0.3333333333333333,-11.0
usdjpy,pullback_reversal_rsi,validation,break_signal_high,125,125,72,28,0.21428571428571427,0.3333333333333333,-0.42857142857142855,-12.0
usdjpy,pullback_reversal_rsi,validation,confirm_1bar,40,40,24,32,0.375,0.6,-0.25,-8.0
usdjpy,pullback_reversal_rsi,validation,confirm_1bar,40,40,48,29,0.3448275862068966,0.5263157894736842,-0.3103448275862069,-9.0
usdjpy,pullback_reversal_rsi,validation,confirm_1bar,40,40,72,25,0.24,0.3157894736842105,-0.52,-13.0
usdjpy,pullback_reversal_rsi,validation,confirm_1bar,40,50,24,32,0.46875,0.7058823529411766,-0.15625,-5.0
usdjpy,pullback_reversal_rsi,validation,confirm_1bar,40,50,48,29,0.4482758620689655,0.6500000000000001,-0.19310344827586207,-5.6
usdjpy,pullback_reversal_rsi,validation,confirm_1bar,40,50,72,25,0.36,0.45,-0.352,-8.799999999999999
usdjpy,pullback_reversal_rsi,validation,confirm_1bar,40,60,24,32,0.5,0.6666666666666666,-0.16666666666666669,-5.333333333333334
usdjpy,pullback_reversal_rsi,validation,confirm_1bar,40,60,48,29,0.4827586206896552,0.6222222222222221,-0.19540229885057472,-5.666666666666667
usdjpy,pullback_reversal_rsi,validation,confirm_1bar,40,60,72,25,0.4,0.4444444444444445,-0.3333333333333334,-8.333333333333336
usdjpy,pullback_reversal_rsi,validation,confirm_1bar,40,75,24,32,0.5,0.5333333333333333,-0.23333333333333334,-7.466666666666667
usdjpy,pullback_reversal_rsi,validation,confirm_1bar,40,75,48,29,0.4827586206896552,0.4977777777777777,-0.2597701149425288,-7.533333333333335
usdjpy,pullback_reversal_rsi,validation,confirm_1bar,40,75,72,25,0.4,0.3555555555555555,-0.3866666666666667,-9.666666666666668
usdjpy,pullback_reversal_rsi,validation,confirm_1bar,40,100,24,32,0.5625,0.5538461538461539,-0.18125000000000002,-5.800000000000001
usdjpy,pullback_reversal_rsi,validation,confirm_1bar,40,100,48,29,0.5517241379310345,0.49230769230769234,-0.22758620689655168,-6.599999999999999
usdjpy,pullback_reversal_rsi,validation,confirm_1bar,40,100,72,25,0.48,0.3692307692307693,-0.32799999999999996,-8.2
usdjpy,pullback_reversal_rsi,validation,confirm_1bar,40,125,24,32,0.625,0.6400000000000001,-0.11249999999999999,-3.5999999999999996
usdjpy,pullback_reversal_rsi,validation,confirm_1bar,40,125,48,29,0.6551724137931034,0.6080000000000001,-0.13517241379310344,-3.9199999999999995
usdjpy,pullback_reversal_rsi,validation,confirm_1bar,40,125,72,25,0.6,0.48,-0.20799999999999996,-5.199999999999999
usdjpy,pullback_reversal_rsi,validation,confirm_1bar,50,40,24,32,0.375,0.75,-0.15625,-5.0
usdjpy,pullback_reversal_rsi,validation,confirm_1bar,50,40,48,29,0.3448275862068966,0.6578947368421053,-0.22413793103448276,-6.5
usdjpy,pullback_reversal_rsi,validation,confirm_1bar,50,40,72,25,0.24,0.39473684210526316,-0.46,-11.5
usdjpy,pullback_reversal_rsi,validation,confirm_1bar,50,50,24,32,0.4375,0.7777777777777778,-0.125,-4.0
usdjpy,pullback_reversal_rsi,validation,confirm_1bar,50,50,48,29,0.41379310344827586,0.7058823529411765,-0.1724137931034483,-5.0
usdjpy,pullback_reversal_rsi,validation,confirm_1bar,50,50,72,25,0.32,0.47058823529411764,-0.36,-9.0
usdjpy,pullback_reversal_rsi,validation,confirm_1bar,50,60,24,32,0.46875,0.735294117647059,-0.14062499999999994,-4.499999999999998
usdjpy,pullback_reversal_rsi,validation,confirm_1bar,50,60,48,29,0.4482758620689655,0.6770833333333335,-0.1781609195402299,-5.166666666666667
usdjpy,pullback_reversal_rsi,validation,confirm_1bar,50,60,72,25,0.36,0.46875,-0.3399999999999999,-8.499999999999998
usdjpy,pullback_reversal_rsi,validation,confirm_1bar,50,75,24,32,0.46875,0.588235294117647,-0.21875000000000006,-7.000000000000002
usdjpy,pullback_reversal_rsi,validation,confirm_1bar,50,75,48,29,0.4482758620689655,0.5416666666666666,-0.25287356321839083,-7.333333333333335
usdjpy,pullback_reversal_rsi,validation,confirm_1bar,50,75,72,25,0.36,0.375,-0.4000000000000001,-10.000000000000002
usdjpy,pullback_reversal_rsi,validation,confirm_1bar,50,100,24,32,0.5,0.5714285714285714,-0.1875,-6.0
usdjpy,pullback_reversal_rsi,validation,confirm_1bar,50,100,48,29,0.5172413793103449,0.5357142857142857,-0.22413793103448276,-6.5
usdjpy,pullback_reversal_rsi,validation,confirm_1bar,50,100,72,25,0.44,0.39285714285714285,-0.34,-8.5
usdjpy,pullback_reversal_rsi,validation,confirm_1bar,50,125,24,32,0.5625,0.6545454545454547,-0.11875,-3.8
usdjpy,pullback_reversal_rsi,validation,confirm_1bar,50,125,48,29,0.6206896551724138,0.6545454545454547,-0.13103448275862067,-3.7999999999999994
usdjpy,pullback_reversal_rsi,validation,confirm_1bar,50,125,72,25,0.56,0.5090909090909093,-0.21599999999999997,-5.3999999999999995
usdjpy,pullback_reversal_rsi,validation,confirm_1bar,60,40,24,32,0.34375,0.7857142857142857,-0.140625,-4.5
usdjpy,pullback_reversal_rsi,validation,confirm_1bar,60,40,48,29,0.3448275862068966,0.7894736842105263,-0.13793103448275862,-4.0
usdjpy,pullback_reversal_rsi,validation,confirm_1bar,60,40,72,25,0.24,0.47368421052631576,-0.4,-10.0
usdjpy,pullback_reversal_rsi,validation,confirm_1bar,60,50,24,32,0.375,0.7199999999999999,-0.17500000000000002,-5.6000000000000005
usdjpy,pullback_reversal_rsi,validation,confirm_1bar,60,50,48,29,0.3793103448275862,0.7333333333333332,-0.16551724137931034,-4.8
usdjpy,pullback_reversal_rsi,validation,confirm_1bar,60,50,72,25,0.28,0.4666666666666667,-0.38400000000000006,-9.600000000000001
usdjpy,pullback_reversal_rsi,validation,confirm_1bar,60,60,24,32,0.4375,0.7777777777777778,-0.125,-4.0
usdjpy,pullback_reversal_rsi,validation,confirm_1bar,60,60,48,29,0.4482758620689655,0.8125,-0.10344827586206896,-3.0
usdjpy,pullback_reversal_rsi,validation,confirm_1bar,60,60,72,25,0.36,0.5625,-0.28,-7.0
usdjpy,pullback_reversal_rsi,validation,confirm_1bar,60,75,24,32,0.4375,0.6222222222222223,-0.2125,-6.8
usdjpy,pullback_reversal_rsi,validation,confirm_1bar,60,75,48,29,0.4482758620689655,0.6500000000000001,-0.19310344827586207,-5.6
usdjpy,pullback_reversal_rsi,validation,confirm_1bar,60,75,72,25,0.36,0.45,-0.352,-8.799999999999999
usdjpy,pullback_reversal_rsi,validation,confirm_1bar,60,100,24,32,0.46875,0.6428571428571427,-0.15625,-5.0
usdjpy,pullback_reversal_rsi,validation,confirm_1bar,60,100,48,29,0.5172413793103449,0.6428571428571427,-0.17241379310344834,-5.000000000000002
usdjpy,pullback_reversal_rsi,validation,confirm_1bar,60,100,72,25,0.44,0.47142857142857136,-0.29600000000000004,-7.4
usdjpy,pullback_reversal_rsi,validation,confirm_1bar,60,125,24,32,0.5,0.64,-0.135,-4.32
usdjpy,pullback_reversal_rsi,validation,confirm_1bar,60,125,48,29,0.5862068965517241,0.68,-0.13241379310344822,-3.8399999999999985
usdjpy,pullback_reversal_rsi,validation,confirm_1bar,60,125,72,25,0.52,0.5200000000000001,-0.2304,-5.76
usdjpy,pullback_reversal_rsi,validation,confirm_1bar,75,40,24,32,0.28125,0.8035714285714286,-0.12890625,-4.125
usdjpy,pullback_reversal_rsi,validation,confirm_1bar,75,40,48,29,0.3103448275862069,0.84375,-0.10775862068965517,-3.125
usdjpy,pullback_reversal_rsi,validation,confirm_1bar,75,40,72,25,0.24,0.5921052631578947,-0.31,-7.75
usdjpy,pullback_reversal_rsi,validation,confirm_1bar,75,50,24,32,0.3125,0.75,-0.15625,-5.0
usdjpy,pullback_reversal_rsi,validation,confirm_1bar,75,50,48,29,0.3448275862068966,0.7894736842105263,-0.13793103448275862,-4.0
usdjpy,pullback_reversal_rsi,validation,confirm_1bar,75,50,72,25,0.28,0.5833333333333334,-0.3,-7.5
usdjpy,pullback_reversal_rsi,validation,confirm_1bar,75,60,24,32,0.375,0.8333333333333334,-0.09375,-3.0
usdjpy,pullback_reversal_rsi,validation,confirm_1bar,75,60,48,29,0.41379310344827586,0.8823529411764706,-0.06896551724137931,-2.0
usdjpy,pullback_reversal_rsi,validation,confirm_1bar,75,60,72,25,0.36,0.703125,-0.19,-4.75
usdjpy,pullback_reversal_rsi,validation,confirm_1bar,75,75,24,32,0.375,0.6666666666666666,-0.1875,-6.0
usdjpy,pullback_reversal_rsi,validation,confirm_1bar,75,75,48,29,0.41379310344827586,0.7058823529411765,-0.1724137931034483,-5.0
usdjpy,pullback_reversal_rsi,validation,confirm_1bar,75,75,72,25,0.36,0.5625,-0.28,-7.0
usdjpy,pullback_reversal_rsi,validation,confirm_1bar,75,100,24,32,0.40625,0.6964285714285714,-0.1328125,-4.25
usdjpy,pullback_reversal_rsi,validation,confirm_1bar,75,100,48,29,0.4827586206896552,0.7,-0.15517241379310345,-4.5
usdjpy,pullback_reversal_rsi,validation,confirm_1bar,75,100,72,25,0.44,0.5892857142857143,-0.23,-5.75
usdjpy,pullback_reversal_rsi,validation,confirm_1bar,75,125,24,32,0.4375,0.6999999999999998,-0.11249999999999999,-3.5999999999999996
usdjpy,pullback_reversal_rsi,validation,confirm_1bar,75,125,48,29,0.5517241379310345,0.7384615384615384,-0.11724137931034488,-3.4000000000000017
usdjpy,pullback_reversal_rsi,validation,confirm_1bar,75,125,72,25,0.52,0.6499999999999998,-0.168,-4.2
usdjpy,pullback_reversal_rsi,validation,confirm_1bar,100,40,24,32,0.21875,0.8333333333333334,-0.109375,-3.5
usdjpy,pullback_reversal_rsi,validation,confirm_1bar,100,40,48,29,0.27586206896551724,0.9523809523809523,-0.034482758620689655,-1.0
usdjpy,pullback_reversal_rsi,validation,confirm_1bar,100,40,72,25,0.2,0.625,-0.3,-7.5
usdjpy,pullback_reversal_rsi,validation,confirm_1bar,100,50,24,32,0.21875,0.7,-0.1875,-6.0
usdjpy,pullback_reversal_rsi,validation,confirm_1bar,100,50,48,29,0.27586206896551724,0.8,-0.13793103448275862,-4.0
usdjpy,pullback_reversal_rsi,validation,confirm_1bar,100,50,72,25,0.2,0.5263157894736842,-0.36,-9.0
usdjpy,pullback_reversal_rsi,validation,confirm_1bar,100,60,24,32,0.21875,0.6140350877192983,-0.22916666666666663,-7.333333333333332
usdjpy,pullback_reversal_rsi,validation,confirm_1bar,100,60,48,29,0.27586206896551724,0.6666666666666667,-0.2298850574712643,-6.666666666666665
usdjpy,pullback_reversal_rsi,validation,confirm_1bar,100,60,72,25,0.2,0.4385964912280702,-0.42666666666666664,-10.666666666666666
usdjpy,pullback_reversal_rsi,validation,confirm_1bar,100,75,24,32,0.21875,0.4912280701754385,-0.30208333333333337,-9.666666666666668
usdjpy,pullback_reversal_rsi,validation,confirm_1bar,100,75,48,29,0.27586206896551724,0.5333333333333333,-0.3218390804597701,-9.333333333333334
usdjpy,pullback_reversal_rsi,validation,confirm_1bar,100,75,72,25,0.2,0.3508771929824561,-0.49333333333333335,-12.333333333333334
usdjpy,pullback_reversal_rsi,validation,confirm_1bar,100,100,24,32,0.21875,0.4666666666666667,-0.25,-8.0
usdjpy,pullback_reversal_rsi,validation,confirm_1bar,100,100,48,29,0.3103448275862069,0.5294117647058824,-0.27586206896551724,-8.0
usdjpy,pullback_reversal_rsi,validation,confirm_1bar,100,100,72,25,0.24,0.375,-0.4,-10.0
usdjpy,pullback_reversal_rsi,validation,confirm_1bar,100,125,24,32,0.21875,0.39999999999999997,-0.26249999999999996,-8.399999999999999
usdjpy,pullback_reversal_rsi,validation,confirm_1bar,100,125,48,29,0.3448275862068966,0.5,-0.27586206896551724,-8.0
usdjpy,pullback_reversal_rsi,validation,confirm_1bar,100,125,72,25,0.28,0.3733333333333333,-0.37599999999999995,-9.399999999999999
usdjpy,pullback_reversal_rsi,validation,confirm_1bar,125,40,24,32,0.1875,0.8928571428571429,-0.0703125,-2.25
usdjpy,pullback_reversal_rsi,validation,confirm_1bar,125,40,48,29,0.27586206896551724,1.1904761904761905,0.13793103448275862,4.0
usdjpy,pullback_reversal_rsi,validation,confirm_1bar,125,40,72,25,0.2,0.78125,-0.175,-4.375
usdjpy,pullback_reversal_rsi,validation,confirm_1bar,125,50,24,32,0.1875,0.75,-0.15625,-5.0
usdjpy,pullback_reversal_rsi,validation,confirm_1bar,125,50,48,29,0.27586206896551724,1.0,0.0,0.0
usdjpy,pullback_reversal_rsi,validation,confirm_1bar,125,50,72,25,0.2,0.6578947368421053,-0.26,-6.5
usdjpy,pullback_reversal_rsi,validation,confirm_1bar,125,60,24,32,0.1875,0.6578947368421053,-0.20312499999999997,-6.499999999999999
usdjpy,pullback_reversal_rsi,validation,confirm_1bar,125,60,48,29,0.27586206896551724,0.8333333333333334,-0.11494252873563215,-3.3333333333333326
usdjpy,pullback_reversal_rsi,validation,confirm_1bar,125,60,72,25,0.2,0.5482456140350878,-0.34333333333333327,-8.583333333333332
usdjpy,pullback_reversal_rsi,validation,confirm_1bar,125,75,24,32,0.1875,0.5263157894736842,-0.28125,-9.0
usdjpy,pullback_reversal_rsi,validation,confirm_1bar,125,75,48,29,0.27586206896551724,0.6666666666666667,-0.2298850574712643,-6.666666666666665
usdjpy,pullback_reversal_rsi,validation,confirm_1bar,125,75,72,25,0.2,0.4385964912280702,-0.42666666666666664,-10.666666666666666
usdjpy,pullback_reversal_rsi,validation,confirm_1bar,125,100,24,32,0.1875,0.5,-0.234375,-7.5
usdjpy,pullback_reversal_rsi,validation,confirm_1bar,125,100,48,29,0.3103448275862069,0.6617647058823529,-0.19827586206896552,-5.75
usdjpy,pullback_reversal_rsi,validation,confirm_1bar,125,100,72,25,0.24,0.46875,-0.34,-8.5
usdjpy,pullback_reversal_rsi,validation,confirm_1bar,125,125,24,32,0.1875,0.42857142857142855,-0.25,-8.0
usdjpy,pullback_reversal_rsi,validation,confirm_1bar,125,125,48,29,0.3103448275862069,0.5294117647058824,-0.27586206896551724,-8.0
usdjpy,pullback_reversal_rsi,validation,confirm_1bar,125,125,72,25,0.24,0.375,-0.4,-10.0
usdjpy,pullback_reversal_rsi,oos,next_open,40,40,24,36,0.5,1.125,0.05555555555555555,2.0
usdjpy,pullback_reversal_rsi,oos,next_open,40,40,48,30,0.5333333333333333,1.1428571428571428,0.06666666666666667,2.0
usdjpy,pullback_reversal_rsi,oos,next_open,40,40,72,24,0.5,1.0,0.0,0.0
usdjpy,pullback_reversal_rsi,oos,next_open,40,50,24,36,0.5555555555555556,1.6000000000000003,0.16666666666666666,6.0
usdjpy,pullback_reversal_rsi,oos,next_open,40,50,48,30,0.6333333333333333,1.688888888888889,0.20666666666666667,6.2
usdjpy,pullback_reversal_rsi,oos,next_open,40,50,72,24,0.5833333333333334,1.2444444444444447,0.09166666666666669,2.2000000000000006
usdjpy,pullback_reversal_rsi,oos,next_open,40,60,24,36,0.5833333333333334,2.3333333333333326,0.2222222222222222,7.999999999999999
usdjpy,pullback_reversal_rsi,oos,next_open,40,60,48,30,0.7333333333333333,2.4444444444444438,0.28888888888888886,8.666666666666666
usdjpy,pullback_reversal_rsi,oos,next_open,40,60,72,24,0.6666666666666666,1.5238095238095237,0.15277777777777776,3.666666666666666
usdjpy,pullback_reversal_rsi,oos,next_open,40,75,24,36,0.6111111111111112,2.3466666666666667,0.187037037037037,6.7333333333333325
usdjpy,pullback_reversal_rsi,oos,next_open,40,75,48,30,0.8,3.2,0.29333333333333333,8.8
usdjpy,pullback_reversal_rsi,oos,next_open,40,75,72,24,0.75,2.4,0.23333333333333336,5.6000000000000005
usdjpy,pullback_reversal_rsi,oos,next_open,40,100,24,36,0.6111111111111112,2.933333333333334,0.16111111111111112,5.800000000000001
usdjpy,pullback_reversal_rsi,oos,next_open,40,100,48,30,0.8,2.4000000000000004,0.1866666666666667,5.600000000000001
usdjpy,pullback_reversal_rsi,oos,next_open,40,100,72,24,0.75,1.8000000000000003,0.13333333333333333,3.2
usdjpy,pullback_reversal_rsi,oos,next_open,40,125,24,36,0.6111111111111112,2.346666666666667,0.11222222222222222,4.04
usdjpy,pullback_reversal_rsi,oos,next_open,40,125,48,30,0.8,2.56,0.15600000000000006,4.6800000000000015
usdjpy,pullback_reversal_rsi,oos,next_open,40,125,72,24,0.75,1.4400000000000002,0.07333333333333335,1.7600000000000002
usdjpy,pullback_reversal_rsi,oos,next_open,50,40,24,36,0.4166666666666667,1.1029411764705883,0.04861111111111111,1.75
usdjpy,pullback_reversal_rsi,oos,next_open,50,40,48,30,0.5,1.25,0.125,3.75
usdjpy,pullback_reversal_rsi,oos,next_open,50,40,72,24,0.4583333333333333,1.0576923076923077,0.03125,0.75
usdjpy,pullback_reversal_rsi,oos,next_open,50,50,24,36,0.4722222222222222,1.7,0.19444444444444445,7.0
usdjpy,pullback_reversal_rsi,oos,next_open,50,50,48,30,0.6333333333333333,2.111111111111111,0.3333333333333333,10.0
usdjpy,pullback_reversal_rsi,oos,next_open,50,50,72,24,0.5833333333333334,1.5555555555555556,0.20833333333333334,5.0
usdjpy,pullback_reversal_rsi,oos,next_open,50,60,24,36,0.5,2.5000000000000004,0.2500000000000001,9.000000000000004
usdjpy,pullback_reversal_rsi,oos,next_open,50,60,48,30,0.7333333333333333,3.0555555555555554,0.41111111111111126,12.333333333333337
usdjpy,pullback_reversal_rsi,oos,next_open,50,60,72,24,0.6666666666666666,1.9047619047619049,0.2638888888888889,6.333333333333334
usdjpy,pullback_reversal_rsi,oos,next_open,50,75,24,36,0.5277777777777778,2.5333333333333328,0.21296296296296294,7.666666666666666
usdjpy,pullback_reversal_rsi,oos,next_open,50,75,48,30,0.8,4.0,0.39999999999999986,11.999999999999996
usdjpy,pullback_reversal_rsi,oos,next_open,50,75,72,24,0.75,2.9999999999999996,0.3333333333333333,8.0
usdjpy,pullback_reversal_rsi,oos,next_open,50,100,24,36,0.5277777777777778,3.1666666666666665,0.18055555555555555,6.5
usdjpy,pullback_reversal_rsi,oos,next_open,50,100,48,30,0.8,3.0,0.26666666666666666,8.0
usdjpy,pullback_reversal_rsi,oos,next_open,50,100,72,24,0.75,2.25,0.20833333333333334,5.0
usdjpy,pullback_reversal_rsi,oos,next_open,50,125,24,36,0.5277777777777778,2.5333333333333337,0.12777777777777782,4.600000000000001
usdjpy,pullback_reversal_rsi,oos,next_open,50,125,48,30,0.8,3.2000000000000006,0.22000000000000006,6.600000000000001
usdjpy,pullback_reversal_rsi,oos,next_open,50,125,72,24,0.75,1.8000000000000003,0.13333333333333333,3.2
usdjpy,pullback_reversal_rsi,oos,next_open,60,40,24,36,0.4166666666666667,1.3235294117647058,0.1527777777777778,5.5
usdjpy,pullback_reversal_rsi,oos,next_open,60,40,48,30,0.4666666666666667,1.4,0.2,6.0
usdjpy,pullback_reversal_rsi,oos,next_open,60,40,72,24,0.4583333333333333,1.2692307692307692,0.14583333333333334,3.5
usdjpy,pullback_reversal_rsi,oos,next_open,60,50,24,36,0.4722222222222222,2.04,0.28888888888888886,10.399999999999999
usdjpy,pullback_reversal_rsi,oos,next_open,60,50,48,30,0.6,2.4,0.41999999999999993,12.599999999999998
usdjpy,pullback_reversal_rsi,oos,next_open,60,50,72,24,0.5833333333333334,1.8666666666666663,0.32499999999999996,7.799999999999999
usdjpy,pullback_reversal_rsi,oos,next_open,60,60,24,36,0.5,3.0,0.3333333333333333,12.0
usdjpy,pullback_reversal_rsi,oos,next_open,60,60,48,30,0.7,3.5,0.5,15.0
usdjpy,pullback_reversal_rsi,oos,next_open,60,60,72,24,0.6666666666666666,2.2857142857142856,0.375,9.0
usdjpy,pullback_reversal_rsi,oos,next_open,60,75,24,36,0.5277777777777778,3.0400000000000005,0.28333333333333344,10.200000000000003
usdjpy,pullback_reversal_rsi,oos,next_open,60,75,48,30,0.7333333333333333,4.400000000000001,0.4533333333333335,13.600000000000005
usdjpy,pullback_reversal_rsi,oos,next_open,60,75,72,24,0.75,3.6000000000000005,0.4333333333333334,10.400000000000002
usdjpy,pullback_reversal_rsi,oos,next_open,60,100,24,36,0.5277777777777778,3.7999999999999994,0.23333333333333328,8.399999999999999
usdjpy,pullback_reversal_rsi,oos,next_open,60,100,48,30,0.7333333333333333,3.2999999999999994,0.3066666666666666,9.199999999999998
usdjpy,pullback_reversal_rsi,oos,next_open,60,100,72,24,0.75,2.6999999999999997,0.2833333333333333,6.8
usdjpy,pullback_reversal_rsi,oos,next_open,60,125,24,36,0.5277777777777778,3.0400000000000005,0.17000000000000004,6.120000000000001
usdjpy,pullback_reversal_rsi,oos,next_open,60,125,48,30,0.7333333333333333,3.520000000000001,0.25200000000000006,7.560000000000002
usdjpy,pullback_reversal_rsi,oos,next_open,60,125,72,24,0.75,2.16,0.19333333333333333,4.64
usdjpy,pullback_reversal_rsi,oos,next_open,75,40,24,36,0.3055555555555556,1.0855263157894737,0.04513888888888889,1.625
usdjpy,pullback_reversal_rsi,oos,next_open,75,40,48,30,0.3,0.8881578947368421,-0.07083333333333333,-2.125
usdjpy,pullback_reversal_rsi,oos,next_open,75,40,72,24,0.2916666666666667,0.8203125,-0.11979166666666667,-2.875
usdjpy,pullback_reversal_rsi,oos,next_open,75,50,24,36,0.3611111111111111,1.625,0.20833333333333334,7.5
usdjpy,pullback_reversal_rsi,oos,next_open,75,50,48,30,0.4,1.3846153846153846,0.16666666666666666,5.0
usdjpy,pullback_reversal_rsi,oos,next_open,75,50,72,24,0.375,1.0384615384615385,0.020833333333333332,0.5
usdjpy,pullback_reversal_rsi,oos,next_open,75,60,24,36,0.3888888888888889,2.1875,0.2638888888888889,9.5
usdjpy,pullback_reversal_rsi,oos,next_open,75,60,48,30,0.4666666666666667,1.9444444444444444,0.2833333333333333,8.5
usdjpy,pullback_reversal_rsi,oos,next_open,75,60,72,24,0.4583333333333333,1.375,0.15625,3.75
usdjpy,pullback_reversal_rsi,oos,next_open,75,75,24,36,0.4166666666666667,2.142857142857143,0.2222222222222222,8.0
usdjpy,pullback_reversal_rsi,oos,next_open,75,75,48,30,0.5,2.142857142857143,0.26666666666666666,8.0
usdjpy,pullback_reversal_rsi,oos,next_open,75,75,72,24,0.5416666666666666,2.1666666666666665,0.2916666666666667,7.0
usdjpy,pullback_reversal_rsi,oos,next_open,75,100,24,36,0.4166666666666667,2.25,0.1736111111111111,6.25
usdjpy,pullback_reversal_rsi,oos,next_open,75,100,48,30,0.5,1.6071428571428572,0.14166666666666666,4.25
usdjpy,pullback_reversal_rsi,oos,next_open,75,100,72,24,0.5416666666666666,1.625,0.15625,3.75
usdjpy,pullback_reversal_rsi,oos,next_open,75,125,24,36,0.4166666666666667,2.2499999999999996,0.13888888888888884,4.999999999999998
usdjpy,pullback_reversal_rsi,oos,next_open,75,125,48,30,0.5,1.7999999999999996,0.13333333333333333,4.0
usdjpy,pullback_reversal_rsi,oos,next_open,75,125,72,24,0.5833333333333334,1.6799999999999997,0.14166666666666664,3.3999999999999995
usdjpy,pullback_reversal_rsi,oos,next_open,100,40,24,36,0.1111111111111111,0.5263157894736842,-0.25,-9.0
usdjpy,pullback_reversal_rsi,oos,next_open,100,40,48,30,0.23333333333333334,0.9210526315789473,-0.05,-1.5
usdjpy,pullback_reversal_rsi,oos,next_open,100,40,72,24,0.25,0.9375,-0.041666666666666664,-1.0
usdjpy,pullback_reversal_rsi,oos,next_open,100,50,24,36,0.1388888888888889,0.8333333333333334,-0.05555555555555555,-2.0
usdjpy,pullback_reversal_rsi,oos,next_open,100,50,48,30,0.23333333333333334,1.0769230769230769,0.03333333333333333,1.0
usdjpy,pullback_reversal_rsi,oos,next_open,100,50,72,24,0.3333333333333333,1.2307692307692308,0.125,3.0
usdjpy,pullback_reversal_rsi,oos,next_open,100,60,24,36,0.16666666666666666,1.25,0.05555555555555555,2.0
usdjpy,pullback_reversal_rsi,oos,next_open,100,60,48,30,0.3,1.6666666666666667,0.20000000000000004,6.000000000000001
usdjpy,pullback_reversal_rsi,oos,next_open,100,60,72,24,0.4166666666666667,1.6666666666666667,0.2777777777777778,6.666666666666667
usdjpy,pullback_reversal_rsi,oos,next_open,100,75,24,36,0.16666666666666666,1.1428571428571428,0.027777777777777766,0.9999999999999996
usdjpy,pullback_reversal_rsi,oos,next_open,100,75,48,30,0.3333333333333333,1.9047619047619049,0.21111111111111108,6.333333333333332
usdjpy,pullback_reversal_rsi,oos,next_open,100,75,72,24,0.4583333333333333,2.4444444444444446,0.3611111111111111,8.666666666666666
usdjpy,pullback_reversal_rsi,oos,next_open,100,100,24,36,0.16666666666666666,1.2,0.027777777777777776,1.0
usdjpy,pullback_reversal_rsi,oos,next_open,100,100,48,30,0.3333333333333333,1.4285714285714286,0.1,3.0
usdjpy,pullback_reversal_rsi,oos,next_open,100,100,72,24,0.4583333333333333,1.8333333333333333,0.20833333333333334,5.0
usdjpy,pullback_reversal_rsi,oos,next_open,100,125,24,36,0.16666666666666666,1.2,0.02222222222222223,0.8000000000000003
usdjpy,pullback_reversal_rsi,oos,next_open,100,125,48,30,0.3333333333333333,1.6,0.1,3.0
usdjpy,pullback_reversal_rsi,oos,next_open,100,125,72,24,0.5,1.9200000000000004,0.19166666666666674,4.600000000000001
usdjpy,pullback_reversal_rsi,oos,next_open,125,40,24,36,0.08333333333333333,0.4934210526315789,-0.2673611111111111,-9.625
usdjpy,pullback_reversal_rsi,oos,next_open,125,40,48,30,0.23333333333333334,1.1513157894736843,0.09583333333333334,2.875
usdjpy,pullback_reversal_rsi,oos,next_open,125,40,72,24,0.20833333333333334,0.9765625,-0.015625,-0.375
usdjpy,pullback_reversal_rsi,oos,next_open,125,50,24,36,0.1111111111111111,0.8333333333333334,-0.05555555555555555,-2.0
usdjpy,pullback_reversal_rsi,oos,next_open,125,50,48,30,0.23333333333333334,1.3461538461538463,0.15,4.5
usdjpy,pullback_reversal_rsi,oos,next_open,125,50,72,24,0.2916666666666667,1.3461538461538463,0.1875,4.5
usdjpy,pullback_reversal_rsi,oos,next_open,125,60,24,36,0.1111111111111111,1.0416666666666667,0.009259259259259276,0.3333333333333339
usdjpy,pullback_reversal_rsi,oos,next_open,125,60,48,30,0.26666666666666666,1.851851851851852,0.2555555555555556,7.666666666666668
usdjpy,pullback_reversal_rsi,oos,next_open,125,60,72,24,0.3333333333333333,1.6666666666666667,0.27777777777777785,6.666666666666668
usdjpy,pullback_reversal_rsi,oos,next_open,125,75,24,36,0.1111111111111111,0.9523809523809524,-0.009259259259259257,-0.33333333333333326
usdjpy,pullback_reversal_rsi,oos,next_open,125,75,48,30,0.3,2.142857142857143,0.26666666666666666,8.0
usdjpy,pullback_reversal_rsi,oos,next_open,125,75,72,24,0.375,2.5,0.375,9.0
usdjpy,pullback_reversal_rsi,oos,next_open,125,100,24,36,0.1111111111111111,1.0,0.0,0.0
usdjpy,pullback_reversal_rsi,oos,next_open,125,100,48,30,0.3,1.6071428571428572,0.14166666666666666,4.25
usdjpy,pullback_reversal_rsi,oos,next_open,125,100,72,24,0.375,1.875,0.21875,5.25
usdjpy,pullback_reversal_rsi,oos,next_open,125,125,24,36,0.1111111111111111,1.0,0.0,0.0
usdjpy,pullback_reversal_rsi,oos,next_open,125,125,48,30,0.3,1.8,0.13333333333333333,4.0
usdjpy,pullback_reversal_rsi,oos,next_open,125,125,72,24,0.4166666666666667,2.0,0.20833333333333334,5.0
usdjpy,pullback_reversal_rsi,oos,break_signal_high,40,40,24,34,0.5588235294117647,1.4615384615384615,0.17647058823529413,6.0
usdjpy,pullback_reversal_rsi,oos,break_signal_high,40,40,48,28,0.6428571428571429,1.8,0.2857142857142857,8.0
usdjpy,pullback_reversal_rsi,oos,break_signal_high,40,40,72,23,0.5652173913043478,1.3,0.13043478260869565,3.0
usdjpy,pullback_reversal_rsi,oos,break_signal_high,40,50,24,34,0.6470588235294118,1.9555555555555562,0.2529411764705883,8.600000000000001
usdjpy,pullback_reversal_rsi,oos,break_signal_high,40,50,48,28,0.7142857142857143,2.0000000000000004,0.2857142857142857,8.0
usdjpy,pullback_reversal_rsi,oos,break_signal_high,40,50,72,23,0.6521739130434783,1.5000000000000004,0.17391304347826086,4.0
usdjpy,pullback_reversal_rsi,oos,break_signal_high,40,60,24,34,0.6764705882352942,2.19047619047619,0.24509803921568624,8.333333333333332
usdjpy,pullback_reversal_rsi,oos,break_signal_high,40,60,48,28,0.75,2.3333333333333326,0.2857142857142857,8.0
usdjpy,pullback_reversal_rsi,oos,break_signal_high,40,60,72,23,0.6956521739130435,1.7777777777777777,0.20289855072463767,4.666666666666666
usdjpy,pullback_reversal_rsi,oos,break_signal_high,40,75,24,34,0.7058823529411765,3.2,0.25882352941176473,8.8
usdjpy,pullback_reversal_rsi,oos,break_signal_high,40,75,48,28,0.8571428571428571,4.266666666666667,0.35000000000000003,9.8
usdjpy,pullback_reversal_rsi,oos,break_signal_high,40,75,72,23,0.8260869565217391,3.3777777777777778,0.31014492753623185,7.133333333333333
usdjpy,pullback_reversal_rsi,oos,break_signal_high,40,100,24,34,0.7058823529411765,3.2000000000000006,0.19411764705882356,6.600000000000001
usdjpy,pullback_reversal_rsi,oos,break_signal_high,40,100,48,28,0.8571428571428571,3.2000000000000006,0.2357142857142858,6.600000000000002
usdjpy,pullback_reversal_rsi,oos,break_signal_high,40,100,72,23,0.8260869565217391,2.5333333333333337,0.2,4.6000000000000005
usdjpy,pullback_reversal_rsi,oos,break_signal_high,40,125,24,34,0.7352941176470589,8.0,0.20588235294117646,7.0
usdjpy,pullback_reversal_rsi,oos,break_signal_high,40,125,48,28,0.8928571428571429,4.0,0.21428571428571436,6.000000000000002
usdjpy,pullback_reversal_rsi,oos,break_signal_high,40,125,72,23,0.8695652173913043,3.2000000000000006,0.19130434782608696,4.4
usdjpy,pullback_reversal_rsi,oos,break_signal_high,50,40,24,34,0.4411764705882353,1.3392857142857142,0.13970588235294118,4.75
usdjpy,pullback_reversal_rsi,oos,break_signal_high,50,40,48,28,0.6071428571428571,1.9318181818181819,0.36607142857142855,10.25
usdjpy,pullback_reversal_rsi,oos,break_signal_high,50,40,72,23,0.5217391304347826,1.3636363636363635,0.17391304347826086,4.0
usdjpy,pullback_reversal_rsi,oos,break_signal_high,50,50,24,34,0.5294117647058824,2.0,0.2647058823529412,9.0
usdjpy,pullback_reversal_rsi,oos,break_signal_high,50,50,48,28,0.7142857142857143,2.5,0.42857142857142855,12.0
usdjpy,pullback_reversal_rsi,oos,break_signal_high,50,50,72,23,0.6521739130434783,1.875,0.30434782608695654,7.0
usdjpy,pullback_reversal_rsi,oos,break_signal_high,50,60,24,34,0.5588235294117647,2.2619047619047623,0.2598039215686275,8.833333333333336
usdjpy,pullback_reversal_rsi,oos,break_signal_high,50,60,48,28,0.75,2.9166666666666665,0.41071428571428586,11.500000000000004
usdjpy,pullback_reversal_rsi,oos,break_signal_high,50,60,72,23,0.6956521739130435,2.2222222222222223,0.3188405797101449,7.333333333333332
usdjpy,pullback_reversal_rsi,oos,break_signal_high,50,75,24,34,0.5882352941176471,3.3333333333333326,0.2745098039215686,9.333333333333332
usdjpy,pullback_reversal_rsi,oos,break_signal_high,50,75,48,28,0.8571428571428571,5.333333333333333,0.46428571428571414,12.999999999999996
usdjpy,pullback_reversal_rsi,oos,break_signal_high,50,75,72,23,0.8260869565217391,4.222222222222221,0.42028985507246375,9.666666666666666
usdjpy,pullback_reversal_rsi,oos,break_signal_high,50,100,24,34,0.5882352941176471,3.3333333333333335,0.20588235294117646,7.0
usdjpy,pullback_reversal_rsi,oos,break_signal_high,50,100,48,28,0.8571428571428571,4.0,0.32142857142857145,9.0
usdjpy,pullback_reversal_rsi,oos,break_signal_high,50,100,72,23,0.8260869565217391,3.1666666666666665,0.2826086956521739,6.5
usdjpy,pullback_reversal_rsi,oos,break_signal_high,50,125,24,34,0.6176470588235294,8.400000000000002,0.21764705882352947,7.400000000000002
usdjpy,pullback_reversal_rsi,oos,break_signal_high,50,125,48,28,0.8928571428571429,5.000000000000001,0.28571428571428575,8.000000000000002
usdjpy,pullback_reversal_rsi,oos,break_signal_high,50,125,72,23,0.8695652173913043,4.000000000000001,0.2608695652173914,6.000000000000003
usdjpy,pullback_reversal_rsi,oos,break_signal_high,60,40,24,34,0.38235294117647056,1.3,0.1323529411764706,4.5
usdjpy,pullback_reversal_rsi,oos,break_signal_high,60,40,48,28,0.5,1.75,0.32142857142857145,9.0
usdjpy,pullback_reversal_rsi,oos,break_signal_high,60,40,72,23,0.43478260869565216,1.1538461538461537,0.08695652173913043,2.0
usdjpy,pullback_reversal_rsi,oos,break_signal_high,60,50,24,34,0.4411764705882353,1.7999999999999996,0.23529411764705882,8.0
usdjpy,pullback_reversal_rsi,oos,break_signal_high,60,50,48,28,0.6071428571428571,2.2666666666666666,0.4071428571428571,11.399999999999999
usdjpy,pullback_reversal_rsi,oos,break_signal_high,60,50,72,23,0.5652173913043478,1.733333333333333,0.28695652173913044,6.6000000000000005
usdjpy,pullback_reversal_rsi,oos,break_signal_high,60,60,24,34,0.47058823529411764,2.0,0.23529411764705882,8.0
usdjpy,pullback_reversal_rsi,oos,break_signal_high,60,60,48,28,0.6428571428571429,2.5714285714285716,0.39285714285714285,11.0
usdjpy,pullback_reversal_rsi,oos,break_signal_high,60,60,72,23,0.6086956521739131,2.0,0.30434782608695654,7.0
usdjpy,pullback_reversal_rsi,oos,break_signal_high,60,75,24,34,0.5,2.72,0.2529411764705883,8.600000000000001
usdjpy,pullback_reversal_rsi,oos,break_signal_high,60,75,48,28,0.7142857142857143,4.000000000000001,0.4285714285714287,12.000000000000004
usdjpy,pullback_reversal_rsi,oos,break_signal_high,60,75,72,23,0.7391304347826086,3.4000000000000004,0.4173913043478262,9.600000000000001
usdjpy,pullback_reversal_rsi,oos,break_signal_high,60,100,24,34,0.5,2.55,0.18235294117647055,6.199999999999998
usdjpy,pullback_reversal_rsi,oos,break_signal_high,60,100,48,28,0.7142857142857143,2.9999999999999996,0.28571428571428564,7.999999999999998
usdjpy,pullback_reversal_rsi,oos,break_signal_high,60,100,72,23,0.7391304347826086,2.55,0.2695652173913043,6.199999999999998
usdjpy,pullback_reversal_rsi,oos,break_signal_high,60,125,24,34,0.5,4.08,0.1811764705882353,6.16
usdjpy,pullback_reversal_rsi,oos,break_signal_high,60,125,48,28,0.7142857142857143,2.4000000000000004,0.20000000000000004,5.600000000000001
usdjpy,pullback_reversal_rsi,oos,break_signal_high,60,125,72,23,0.7391304347826086,2.04,0.1808695652173913,4.16
usdjpy,pullback_reversal_rsi,oos,break_signal_high,75,40,24,34,0.23529411764705882,0.9375,-0.029411764705882353,-1.0
usdjpy,pullback_reversal_rsi,oos,break_signal_high,75,40,48,28,0.39285714285714285,1.375,0.20089285714285715,5.625
usdjpy,pullback_reversal_rsi,oos,break_signal_high,75,40,72,23,0.30434782608695654,0.875,-0.08152173913043478,-1.875
usdjpy,pullback_reversal_rsi,oos,break_signal_high,75,50,24,34,0.29411764705882354,1.3636363636363635,0.11764705882352941,4.0
usdjpy,pullback_reversal_rsi,oos,break_signal_high,75,50,48,28,0.4642857142857143,1.625,0.26785714285714285,7.5
usdjpy,pullback_reversal_rsi,oos,break_signal_high,75,50,72,23,0.391304347826087,1.125,0.06521739130434782,1.5
usdjpy,pullback_reversal_rsi,oos,break_signal_high,75,60,24,34,0.3235294117647059,1.5277777777777777,0.13970588235294118,4.75
usdjpy,pullback_reversal_rsi,oos,break_signal_high,75,60,48,28,0.5,1.9444444444444444,0.30357142857142855,8.5
usdjpy,pullback_reversal_rsi,oos,break_signal_high,75,60,72,23,0.43478260869565216,1.3888888888888888,0.15217391304347827,3.5
usdjpy,pullback_reversal_rsi,oos,break_signal_high,75,75,24,34,0.35294117647058826,2.0,0.17647058823529413,6.0
usdjpy,pullback_reversal_rsi,oos,break_signal_high,75,75,48,28,0.5714285714285714,2.6666666666666665,0.35714285714285715,10.0
usdjpy,pullback_reversal_rsi,oos,break_signal_high,75,75,72,23,0.5652173913043478,2.6,0.34782608695652173,8.0
usdjpy,pullback_reversal_rsi,oos,break_signal_high,75,100,24,34,0.35294117647058826,1.8,0.11764705882352941,4.0
usdjpy,pullback_reversal_rsi,oos,break_signal_high,75,100,48,28,0.5714285714285714,2.0,0.21428571428571427,6.0
usdjpy,pullback_reversal_rsi,oos,break_signal_high,75,100,72,23,0.5652173913043478,1.95,0.20652173913043478,4.75
usdjpy,pullback_reversal_rsi,oos,break_signal_high,75,125,24,34,0.35294117647058826,2.3999999999999995,0.12352941176470589,4.2
usdjpy,pullback_reversal_rsi,oos,break_signal_high,75,125,48,28,0.5714285714285714,1.5999999999999999,0.1285714285714286,3.6
usdjpy,pullback_reversal_rsi,oos,break_signal_high,75,125,72,23,0.5652173913043478,1.5599999999999996,0.1217391304347826,2.8
usdjpy,pullback_reversal_rsi,oos,break_signal_high,100,40,24,34,0.08823529411764706,0.46875,-0.25,-8.5
usdjpy,pullback_reversal_rsi,oos,break_signal_high,100,40,48,28,0.25,1.09375,0.05357142857142857,1.5
usdjpy,pullback_reversal_rsi,oos,break_signal_high,100,40,72,23,0.30434782608695654,1.1666666666666667,0.10869565217391304,2.5
usdjpy,pullback_reversal_rsi,oos,break_signal_high,100,50,24,34,0.11764705882352941,0.7272727272727273,-0.08823529411764706,-3.0
usdjpy,pullback_reversal_rsi,oos,break_signal_high,100,50,48,28,0.25,1.0769230769230769,0.03571428571428571,1.0
usdjpy,pullback_reversal_rsi,oos,break_signal_high,100,50,72,23,0.391304347826087,1.5,0.2608695652173913,6.0
usdjpy,pullback_reversal_rsi,oos,break_signal_high,100,60,24,34,0.14705882352941177,0.925925925925926,-0.01960784313725489,-0.6666666666666663
usdjpy,pullback_reversal_rsi,oos,break_signal_high,100,60,48,28,0.2857142857142857,1.3333333333333335,0.11904761904761907,3.333333333333334
usdjpy,pullback_reversal_rsi,oos,break_signal_high,100,60,72,23,0.43478260869565216,1.851851851851852,0.33333333333333337,7.666666666666668
usdjpy,pullback_reversal_rsi,oos,break_signal_high,100,75,24,34,0.17647058823529413,1.3333333333333333,0.05882352941176469,1.9999999999999996
usdjpy,pullback_reversal_rsi,oos,break_signal_high,100,75,48,28,0.35714285714285715,1.9047619047619049,0.22619047619047614,6.333333333333332
usdjpy,pullback_reversal_rsi,oos,break_signal_high,100,75,72,23,0.5217391304347826,3.2,0.4782608695652174,11.0
usdjpy,pullback_reversal_rsi,oos,break_signal_high,100,100,24,34,0.17647058823529413,1.2,0.029411764705882353,1.0
usdjpy,pullback_reversal_rsi,oos,break_signal_high,100,100,48,28,0.35714285714285715,1.4285714285714286,0.10714285714285714,3.0
usdjpy,pullback_reversal_rsi,oos,break_signal_high,100,100,72,23,0.5217391304347826,2.4,0.30434782608695654,7.0
usdjpy,pullback_reversal_rsi,oos,break_signal_high,100,125,24,34,0.17647058823529413,1.5999999999999999,0.05294117647058824,1.8000000000000003
usdjpy,pullback_reversal_rsi,oos,break_signal_high,100,125,48,28,0.35714285714285715,1.3333333333333333,0.07142857142857147,2.000000000000001
usdjpy,pullback_reversal_rsi,oos,break_signal_high,100,125,72,23,0.5217391304347826,1.9200000000000004,0.19999999999999998,4.6
usdjpy,pullback_reversal_rsi,oos,break_signal_high,125,40,24,34,0.058823529411764705,0.390625,-0.2867647058823529,-9.75
usdjpy,pullback_reversal_rsi,oos,break_signal_high,125,40,48,28,0.17857142857142858,0.9765625,-0.013392857142857142,-0.375
usdjpy,pullback_reversal_rsi,oos,break_signal_high,125,40,72,23,0.13043478260869565,0.625,-0.24456521739130435,-5.625
usdjpy,pullback_reversal_rsi,oos,break_signal_high,125,50,24,34,0.058823529411764705,0.45454545454545453,-0.17647058823529413,-6.0
usdjpy,pullback_reversal_rsi,oos,break_signal_high,125,50,48,28,0.17857142857142858,0.9615384615384616,-0.017857142857142856,-0.5
usdjpy,pullback_reversal_rsi,oos,break_signal_high,125,50,72,23,0.21739130434782608,1.0416666666666667,0.021739130434782608,0.5
usdjpy,pullback_reversal_rsi,oos,break_signal_high,125,60,24,34,0.058823529411764705,0.462962962962963,-0.14215686274509803,-4.833333333333333
usdjpy,pullback_reversal_rsi,oos,break_signal_high,125,60,48,28,0.17857142857142858,1.0416666666666667,0.014880952380952408,0.4166666666666674
usdjpy,pullback_reversal_rsi,oos,break_signal_high,125,60,72,23,0.21739130434782608,1.1574074074074074,0.061594202898550755,1.4166666666666674
usdjpy,pullback_reversal_rsi,oos,break_signal_high,125,75,24,34,0.058823529411764705,0.5555555555555556,-0.0784313725490196,-2.6666666666666665
usdjpy,pullback_reversal_rsi,oos,break_signal_high,125,75,48,28,0.25,1.6666666666666665,0.16666666666666669,4.666666666666667
usdjpy,pullback_reversal_rsi,oos,break_signal_high,125,75,72,23,0.30434782608695654,2.333333333333333,0.2898550724637682,6.666666666666668
usdjpy,pullback_reversal_rsi,oos,break_signal_high,125,100,24,34,0.058823529411764705,0.5,-0.07352941176470588,-2.5
usdjpy,pullback_reversal_rsi,oos,break_signal_high,125,100,48,28,0.25,1.25,0.0625,1.75
usdjpy,pullback_reversal_rsi,oos,break_signal_high,125,100,72,23,0.30434782608695654,1.75,0.16304347826086957,3.75
usdjpy,pullback_reversal_rsi,oos,break_signal_high,125,125,24,34,0.058823529411764705,0.6666666666666666,-0.029411764705882353,-1.0
usdjpy,pullback_reversal_rsi,oos,break_signal_high,125,125,48,28,0.25,1.1666666666666667,0.03571428571428571,1.0
usdjpy,pullback_reversal_rsi,oos,break_signal_high,125,125,72,23,0.30434782608695654,1.4,0.08695652173913043,2.0
usdjpy,pullback_reversal_rsi,oos,confirm_1bar,40,40,24,31,0.4838709677419355,1.1538461538461537,0.06451612903225806,2.0
usdjpy,pullback_reversal_rsi,oos,confirm_1bar,40,40,48,24,0.625,1.6666666666666667,0.25,6.0
usdjpy,pullback_reversal_rsi,oos,confirm_1bar,40,40,72,22,0.6363636363636364,1.75,0.2727272727272727,6.0
usdjpy,pullback_reversal_rsi,oos,confirm_1bar,40,50,24,31,0.5483870967741935,1.2363636363636366,0.0838709677419355,2.6000000000000005
usdjpy,pullback_reversal_rsi,oos,confirm_1bar,40,50,48,24,0.7083333333333334,1.942857142857143,0.2750000000000001,6.600000000000001
usdjpy,pullback_reversal_rsi,oos,confirm_1bar,40,50,72,22,0.7272727272727273,2.1333333333333333,0.3090909090909091,6.8
usdjpy,pullback_reversal_rsi,oos,confirm_1bar,40,60,24,31,0.5806451612903226,1.4999999999999998,0.1290322580645161,3.9999999999999987
usdjpy,pullback_reversal_rsi,oos,confirm_1bar,40,60,48,24,0.7083333333333334,1.6190476190476188,0.1805555555555555,4.333333333333332
usdjpy,pullback_reversal_rsi,oos,confirm_1bar,40,60,72,22,0.7272727272727273,1.7777777777777777,0.2121212121212121,4.666666666666666
usdjpy,pullback_reversal_rsi,oos,confirm_1bar,40,75,24,31,0.6129032258064516,2.0266666666666664,0.16559139784946236,5.133333333333333
usdjpy,pullback_reversal_rsi,oos,confirm_1bar,40,75,48,24,0.8333333333333334,2.6666666666666665,0.2777777777777778,6.666666666666667
usdjpy,pullback_reversal_rsi,oos,confirm_1bar,40,75,72,22,0.8636363636363636,3.3777777777777778,0.3242424242424242,7.133333333333333
usdjpy,pullback_reversal_rsi,oos,confirm_1bar,40,100,24,31,0.6451612903225806,2.6666666666666674,0.16129032258064518,5.000000000000001
usdjpy,pullback_reversal_rsi,oos,confirm_1bar,40,100,48,24,0.9166666666666666,4.400000000000001,0.2833333333333334,6.800000000000001
usdjpy,pullback_reversal_rsi,oos,confirm_1bar,40,100,72,22,0.9090909090909091,4.000000000000001,0.2727272727272729,6.000000000000003
usdjpy,pullback_reversal_rsi,oos,confirm_1bar,40,125,24,31,0.6451612903225806,3.2000000000000006,0.14193548387096772,4.3999999999999995
usdjpy,pullback_reversal_rsi,oos,confirm_1bar,40,125,48,24,0.9166666666666666,3.520000000000001,0.21,5.04
usdjpy,pullback_reversal_rsi,oos,confirm_1bar,40,125,72,22,0.9090909090909091,3.2000000000000006,0.2,4.4
usdjpy,pullback_reversal_rsi,oos,confirm_1bar,50,40,24,31,0.4838709677419355,1.4423076923076923,0.18548387096774194,5.75
usdjpy,pullback_reversal_rsi,oos,confirm_1bar,50,40,48,24,0.5833333333333334,1.9444444444444444,0.3541666666666667,8.5
usdjpy,pullback_reversal_rsi,oos,confirm_1bar,50,40,72,22,0.6363636363636364,2.1875,0.4318181818181818,9.5
usdjpy,pullback_reversal_rsi,oos,confirm_1bar,50,50,24,31,0.5483870967741935,1.5454545454545454,0.1935483870967742,6.0
usdjpy,pullback_reversal_rsi,oos,confirm_1bar,50,50,48,24,0.6666666666666666,2.2857142857142856,0.375,9.0
usdjpy,pullback_reversal_rsi,oos,confirm_1bar,50,50,72,22,0.7272727272727273,2.6666666666666665,0.45454545454545453,10.0
usdjpy,pullback_reversal_rsi,oos,confirm_1bar,50,60,24,31,0.5806451612903226,1.8750000000000002,0.2258064516129032,6.999999999999999
usdjpy,pullback_reversal_rsi,oos,confirm_1bar,50,60,48,24,0.6666666666666666,1.9047619047619049,0.2638888888888889,6.333333333333334
usdjpy,pullback_reversal_rsi,oos,confirm_1bar,50,60,72,22,0.7272727272727273,2.2222222222222223,0.33333333333333326,7.333333333333332
usdjpy,pullback_reversal_rsi,oos,confirm_1bar,50,75,24,31,0.6129032258064516,2.5333333333333328,0.24731182795698928,7.666666666666668
usdjpy,pullback_reversal_rsi,oos,confirm_1bar,50,75,48,24,0.7916666666666666,3.166666666666666,0.3611111111111111,8.666666666666666
usdjpy,pullback_reversal_rsi,oos,confirm_1bar,50,75,72,22,0.8636363636363636,4.222222222222221,0.4393939393939394,9.666666666666666
usdjpy,pullback_reversal_rsi,oos,confirm_1bar,50,100,24,31,0.6451612903225806,3.3333333333333335,0.22580645161290322,7.0
usdjpy,pullback_reversal_rsi,oos,confirm_1bar,50,100,48,24,0.8333333333333334,5.0,0.3333333333333333,8.0
usdjpy,pullback_reversal_rsi,oos,confirm_1bar,50,100,72,22,0.9090909090909091,5.0,0.36363636363636365,8.0
usdjpy,pullback_reversal_rsi,oos,confirm_1bar,50,125,24,31,0.6451612903225806,4.000000000000001,0.19354838709677424,6.000000000000002
usdjpy,pullback_reversal_rsi,oos,confirm_1bar,50,125,48,24,0.8333333333333334,4.000000000000001,0.25000000000000006,6.000000000000001
usdjpy,pullback_reversal_rsi,oos,confirm_1bar,50,125,72,22,0.9090909090909091,4.000000000000001,0.2727272727272729,6.000000000000003
usdjpy,pullback_reversal_rsi,oos,confirm_1bar,60,40,24,31,0.3870967741935484,1.3846153846153846,0.16129032258064516,5.0
usdjpy,pullback_reversal_rsi,oos,confirm_1bar,60,40,48,24,0.4583333333333333,1.5,0.22916666666666666,5.5
usdjpy,pullback_reversal_rsi,oos,confirm_1bar,60,40,72,22,0.45454545454545453,1.3636363636363635,0.18181818181818182,4.0
usdjpy,pullback_reversal_rsi,oos,confirm_1bar,60,50,24,31,0.45161290322580644,1.5272727272727271,0.1870967741935484,5.8
usdjpy,pullback_reversal_rsi,oos,confirm_1bar,60,50,48,24,0.5416666666666666,1.733333333333333,0.27499999999999997,6.6
usdjpy,pullback_reversal_rsi,oos,confirm_1bar,60,50,72,22,0.5454545454545454,1.7999999999999996,0.29090909090909095,6.4
usdjpy,pullback_reversal_rsi,oos,confirm_1bar,60,60,24,31,0.4838709677419355,1.875,0.22580645161290322,7.0
usdjpy,pullback_reversal_rsi,oos,confirm_1bar,60,60,48,24,0.5833333333333334,1.75,0.25,6.0
usdjpy,pullback_reversal_rsi,oos,confirm_1bar,60,60,72,22,0.5909090909090909,1.8571428571428572,0.2727272727272727,6.0
usdjpy,pullback_reversal_rsi,oos,confirm_1bar,60,75,24,31,0.5161290322580645,2.56,0.25161290322580643,7.8
usdjpy,pullback_reversal_rsi,oos,confirm_1bar,60,75,48,24,0.6666666666666666,2.56,0.32500000000000007,7.800000000000002
usdjpy,pullback_reversal_rsi,oos,confirm_1bar,60,75,72,22,0.6818181818181818,2.400000000000001,0.3181818181818181,6.999999999999999
usdjpy,pullback_reversal_rsi,oos,confirm_1bar,60,100,24,31,0.5483870967741935,3.4,0.23225806451612896,7.1999999999999975
usdjpy,pullback_reversal_rsi,oos,confirm_1bar,60,100,48,24,0.7083333333333334,3.4,0.3,7.199999999999999
usdjpy,pullback_reversal_rsi,oos,confirm_1bar,60,100,72,22,0.7272727272727273,3.1999999999999997,0.2999999999999999,6.599999999999998
usdjpy,pullback_reversal_rsi,oos,confirm_1bar,60,125,24,31,0.5483870967741935,4.08,0.1987096774193549,6.160000000000002
usdjpy,pullback_reversal_rsi,oos,confirm_1bar,60,125,48,24,0.7083333333333334,2.72,0.215,5.16
usdjpy,pullback_reversal_rsi,oos,confirm_1bar,60,125,72,22,0.7272727272727273,2.56,0.2127272727272727,4.68
usdjpy,pullback_reversal_rsi,oos,confirm_1bar,75,40,24,31,0.2903225806451613,1.2980769230769231,0.125,3.875
usdjpy,pullback_reversal_rsi,oos,confirm_1bar,75,40,48,24,0.375,1.40625,0.203125,4.875
usdjpy,pullback_reversal_rsi,oos,confirm_1bar,75,40,72,22,0.45454545454545453,1.7045454545454546,0.3522727272727273,7.75
usdjpy,pullback_reversal_rsi,oos,confirm_1bar,75,50,24,31,0.3225806451612903,1.3636363636363635,0.12903225806451613,4.0
usdjpy,pullback_reversal_rsi,oos,confirm_1bar,75,50,48,24,0.4166666666666667,1.3636363636363635,0.16666666666666666,4.0
usdjpy,pullback_reversal_rsi,oos,confirm_1bar,75,50,72,22,0.5,1.8333333333333333,0.3409090909090909,7.5
usdjpy,pullback_reversal_rsi,oos,confirm_1bar,75,60,24,31,0.3548387096774194,1.71875,0.18548387096774194,5.75
usdjpy,pullback_reversal_rsi,oos,confirm_1bar,75,60,48,24,0.4166666666666667,1.3888888888888888,0.14583333333333334,3.5
usdjpy,pullback_reversal_rsi,oos,confirm_1bar,75,60,72,22,0.5454545454545454,2.142857142857143,0.36363636363636365,8.0
usdjpy,pullback_reversal_rsi,oos,confirm_1bar,75,75,24,31,0.3870967741935484,2.4,0.22580645161290322,7.0
usdjpy,pullback_reversal_rsi,oos,confirm_1bar,75,75,48,24,0.5,2.0,0.25,6.0
usdjpy,pullback_reversal_rsi,oos,confirm_1bar,75,75,72,22,0.6363636363636364,2.8,0.4090909090909091,9.0
usdjpy,pullback_reversal_rsi,oos,confirm_1bar,75,100,24,31,0.41935483870967744,3.25,0.21774193548387097,6.75
usdjpy,pullback_reversal_rsi,oos,confirm_1bar,75,100,48,24,0.5416666666666666,2.4375,0.23958333333333334,5.75
usdjpy,pullback_reversal_rsi,oos,confirm_1bar,75,100,72,22,0.6818181818181818,3.75,0.375,8.25
usdjpy,pullback_reversal_rsi,oos,confirm_1bar,75,125,24,31,0.41935483870967744,3.899999999999999,0.18709677419354837,5.799999999999999
usdjpy,pullback_reversal_rsi,oos,confirm_1bar,75,125,48,24,0.5416666666666666,1.9499999999999995,0.15833333333333333,3.8
usdjpy,pullback_reversal_rsi,oos,confirm_1bar,75,125,72,22,0.6818181818181818,2.9999999999999996,0.2727272727272727,5.999999999999999
usdjpy,pullback_reversal_rsi,oos,confirm_1bar,100,40,24,31,0.0967741935483871,0.5357142857142857,-0.20967741935483872,-6.5
usdjpy,pullback_reversal_rsi,oos,confirm_1bar,100,40,48,24,0.20833333333333334,0.9615384615384616,-0.020833333333333332,-0.5
usdjpy,pullback_reversal_rsi,oos,confirm_1bar,100,40,72,22,0.2727272727272727,1.25,0.13636363636363635,3.0
usdjpy,pullback_reversal_rsi,oos,confirm_1bar,100,50,24,31,0.12903225806451613,0.6666666666666666,-0.12903225806451613,-4.0
usdjpy,pullback_reversal_rsi,oos,confirm_1bar,100,50,48,24,0.25,1.0,0.0,0.0
usdjpy,pullback_reversal_rsi,oos,confirm_1bar,100,50,72,22,0.3181818181818182,1.4,0.18181818181818182,4.0
usdjpy,pullback_reversal_rsi,oos,confirm_1bar,100,60,24,31,0.12903225806451613,0.7407407407407408,-0.07526881720430104,-2.333333333333332
usdjpy,pullback_reversal_rsi,oos,confirm_1bar,100,60,48,24,0.25,1.0,3.700743415417188e-17,8.881784197001252e-16
usdjpy,pullback_reversal_rsi,oos,confirm_1bar,100,60,72,22,0.36363636363636365,1.6666666666666667,0.24242424242424246,5.333333333333334
usdjpy,pullback_reversal_rsi,oos,confirm_1bar,100,75,24,31,0.12903225806451613,0.8888888888888888,-0.021505376344086023,-0.6666666666666667
usdjpy,pullback_reversal_rsi,oos,confirm_1bar,100,75,48,24,0.2916666666666667,1.3333333333333333,0.09722222222222221,2.333333333333333
usdjpy,pullback_reversal_rsi,oos,confirm_1bar,100,75,72,22,0.4090909090909091,2.0,0.2727272727272727,5.999999999999999
usdjpy,pullback_reversal_rsi,oos,confirm_1bar,100,100,24,31,0.12903225806451613,1.0,0.0,0.0
usdjpy,pullback_reversal_rsi,oos,confirm_1bar,100,100,48,24,0.3333333333333333,1.6,0.125,3.0
usdjpy,pullback_reversal_rsi,oos,confirm_1bar,100,100,72,22,0.4090909090909091,2.25,0.22727272727272727,5.0
usdjpy,pullback_reversal_rsi,oos,confirm_1bar,100,125,24,31,0.12903225806451613,1.0666666666666667,0.0064516129032258125,0.20000000000000018
usdjpy,pullback_reversal_rsi,oos,confirm_1bar,100,125,48,24,0.3333333333333333,1.28,0.05833333333333335,1.4000000000000004
usdjpy,pullback_reversal_rsi,oos,confirm_1bar,100,125,72,22,0.4090909090909091,1.8,0.14545454545454548,3.2
usdjpy,pullback_reversal_rsi,oos,confirm_1bar,125,40,24,31,0.0,0.0,-0.45161290322580644,-14.0
usdjpy,pullback_reversal_rsi,oos,confirm_1bar,125,40,48,24,0.08333333333333333,0.4807692307692308,-0.28125,-6.75
usdjpy,pullback_reversal_rsi,oos,confirm_1bar,125,40,72,22,0.22727272727272727,1.3020833333333333,0.16477272727272727,3.625
usdjpy,pullback_reversal_rsi,oos,confirm_1bar,125,50,24,31,0.03225806451612903,0.20833333333333334,-0.3064516129032258,-9.5
usdjpy,pullback_reversal_rsi,oos,confirm_1bar,125,50,48,24,0.125,0.625,-0.1875,-4.5
usdjpy,pullback_reversal_rsi,oos,confirm_1bar,125,50,72,22,0.2727272727272727,1.5,0.22727272727272727,5.0
usdjpy,pullback_reversal_rsi,oos,confirm_1bar,125,60,24,31,0.03225806451612903,0.2314814814814815,-0.22311827956989244,-6.916666666666666
usdjpy,pullback_reversal_rsi,oos,confirm_1bar,125,60,48,24,0.125,0.625,-0.15624999999999997,-3.749999999999999
usdjpy,pullback_reversal_rsi,oos,confirm_1bar,125,60,72,22,0.3181818181818182,1.822916666666667,0.29924242424242425,6.583333333333334
usdjpy,pullback_reversal_rsi,oos,confirm_1bar,125,75,24,31,0.03225806451612903,0.2777777777777778,-0.13978494623655913,-4.333333333333333
usdjpy,pullback_reversal_rsi,oos,confirm_1bar,125,75,48,24,0.16666666666666666,0.9523809523809524,-0.013888888888888876,-0.33333333333333304
usdjpy,pullback_reversal_rsi,oos,confirm_1bar,125,75,72,22,0.36363636363636365,2.2222222222222223,0.33333333333333337,7.333333333333334
usdjpy,pullback_reversal_rsi,oos,confirm_1bar,125,100,24,31,0.03225806451612903,0.3125,-0.08870967741935484,-2.75
usdjpy,pullback_reversal_rsi,oos,confirm_1bar,125,100,48,24,0.20833333333333334,1.25,0.052083333333333336,1.25
usdjpy,pullback_reversal_rsi,oos,confirm_1bar,125,100,72,22,0.36363636363636365,2.5,0.2727272727272727,6.0
usdjpy,pullback_reversal_rsi,oos,confirm_1bar,125,125,24,31,0.03225806451612903,0.3333333333333333,-0.06451612903225806,-2.0
usdjpy,pullback_reversal_rsi,oos,confirm_1bar,125,125,48,24,0.20833333333333334,1.0,0.0,0.0
usdjpy,pullback_reversal_rsi,oos,confirm_1bar,125,125,72,22,0.36363636363636365,2.0,0.18181818181818182,4.0
eurjpy,pullback_reversal_rsi,discovery,next_open,40,40,24,118,0.5254237288135594,1.4090909090909092,0.15254237288135594,18.0
eurjpy,pullback_reversal_rsi,discovery,next_open,40,40,48,97,0.5773195876288659,1.4,0.16494845360824742,16.0
eurjpy,pullback_reversal_rsi,discovery,next_open,40,40,72,82,0.5487804878048781,1.25,0.10975609756097561,9.0
eurjpy,pullback_reversal_rsi,discovery,next_open,40,50,24,118,0.5677966101694916,1.6242424242424238,0.1745762711864407,20.6
eurjpy,pullback_reversal_rsi,discovery,next_open,40,50,48,97,0.6288659793814433,1.5741935483870961,0.18350515463917522,17.799999999999997
eurjpy,pullback_reversal_rsi,discovery,next_open,40,50,72,82,0.6097560975609756,1.333333333333333,0.1219512195121951,9.999999999999998
eurjpy,pullback_reversal_rsi,discovery,next_open,40,60,24,118,0.5932203389830508,1.866666666666666,0.18361581920903955,21.666666666666668
eurjpy,pullback_reversal_rsi,discovery,next_open,40,60,48,97,0.6597938144329897,1.641025641025641,0.17182130584192437,16.666666666666664
eurjpy,pullback_reversal_rsi,discovery,next_open,40,60,72,82,0.6463414634146342,1.3086419753086416,0.10162601626016257,8.33333333333333
eurjpy,pullback_reversal_rsi,discovery,next_open,40,75,24,118,0.6016949152542372,1.8933333333333326,0.1514124293785311,17.86666666666667
eurjpy,pullback_reversal_rsi,discovery,next_open,40,75,48,97,0.6804123711340206,1.676190476190476,0.14639175257731957,14.2
eurjpy,pullback_reversal_rsi,discovery,next_open,40,75,72,82,0.6829268292682927,1.4933333333333332,0.12032520325203248,9.866666666666664
eurjpy,pullback_reversal_rsi,discovery,next_open,40,100,24,118,0.6186440677966102,2.433333333333333,0.14576271186440673,17.199999999999996
eurjpy,pullback_reversal_rsi,discovery,next_open,40,100,48,97,0.7010309278350515,2.472727272727272,0.16701030927835048,16.199999999999996
eurjpy,pullback_reversal_rsi,discovery,next_open,40,100,72,82,0.7073170731707317,1.5466666666666664,0.09999999999999999,8.2
eurjpy,pullback_reversal_rsi,discovery,next_open,40,125,24,118,0.635593220338983,3.0,0.13559322033898308,16.000000000000004
eurjpy,pullback_reversal_rsi,discovery,next_open,40,125,48,97,0.711340206185567,2.7600000000000002,0.14515463917525773,14.08
eurjpy,pullback_reversal_rsi,discovery,next_open,40,125,72,82,0.7317073170731707,1.6000000000000003,0.0878048780487805,7.200000000000001
eurjpy,pullback_reversal_rsi,discovery,next_open,50,40,24,118,0.4152542372881356,1.2760416666666667,0.11228813559322035,13.25
eurjpy,pullback_reversal_rsi,discovery,next_open,50,40,48,97,0.5051546391752577,1.3315217391304348,0.15721649484536082,15.25
eurjpy,pullback_reversal_rsi,discovery,next_open,50,40,72,82,0.47560975609756095,1.1607142857142858,0.08231707317073171,6.75
eurjpy,pullback_reversal_rsi,discovery,next_open,50,50,24,118,0.4576271186440678,1.4594594594594594,0.1440677966101695,17.0
eurjpy,pullback_reversal_rsi,discovery,next_open,50,50,48,97,0.5567010309278351,1.5,0.18556701030927836,18.0
eurjpy,pullback_reversal_rsi,discovery,next_open,50,50,72,82,0.5365853658536586,1.2222222222222223,0.0975609756097561,8.0
eurjpy,pullback_reversal_rsi,discovery,next_open,50,60,24,118,0.4830508474576271,1.6964285714285714,0.16525423728813557,19.499999999999996
eurjpy,pullback_reversal_rsi,discovery,next_open,50,60,48,97,0.5979381443298969,1.6111111111111112,0.18900343642611686,18.333333333333336
eurjpy,pullback_reversal_rsi,discovery,next_open,50,60,72,82,0.5853658536585366,1.25,0.09756097560975614,8.000000000000004
eurjpy,pullback_reversal_rsi,discovery,next_open,50,75,24,118,0.4830508474576271,1.652173913043478,0.12711864406779655,14.999999999999993
eurjpy,pullback_reversal_rsi,discovery,next_open,50,75,48,97,0.6082474226804123,1.5128205128205123,0.13745704467353947,13.33333333333333
eurjpy,pullback_reversal_rsi,discovery,next_open,50,75,72,82,0.5975609756097561,1.3066666666666666,0.09349593495934955,7.6666666666666625
eurjpy,pullback_reversal_rsi,discovery,next_open,50,100,24,118,0.5,2.107142857142857,0.13135593220338984,15.5
eurjpy,pullback_reversal_rsi,discovery,next_open,50,100,48,97,0.6288659793814433,2.033333333333333,0.15979381443298968,15.5
eurjpy,pullback_reversal_rsi,discovery,next_open,50,100,72,82,0.6219512195121951,1.275,0.06707317073170732,5.5
eurjpy,pullback_reversal_rsi,discovery,next_open,50,125,24,118,0.5169491525423728,2.439999999999999,0.12203389830508474,14.399999999999999
eurjpy,pullback_reversal_rsi,discovery,next_open,50,125,48,97,0.6391752577319587,2.066666666666666,0.1319587628865979,12.799999999999999
eurjpy,pullback_reversal_rsi,discovery,next_open,50,125,72,82,0.6463414634146342,1.2470588235294113,0.05121951219512194,4.199999999999999
eurjpy,pullback_reversal_rsi,discovery,next_open,60,40,24,118,0.3474576271186441,1.2058823529411764,0.08898305084745763,10.5
eurjpy,pullback_reversal_rsi,discovery,next_open,60,40,48,97,0.4639175257731959,1.35,0.18041237113402062,17.5
eurjpy,pullback_reversal_rsi,discovery,next_open,60,40,72,82,0.4268292682926829,1.141304347826087,0.07926829268292683,6.5
eurjpy,pullback_reversal_rsi,discovery,next_open,60,50,24,118,0.3898305084745763,1.415384615384616,0.13728813559322034,16.2
eurjpy,pullback_reversal_rsi,discovery,next_open,60,50,48,97,0.5154639175257731,1.5000000000000002,0.20618556701030927,20.0
eurjpy,pullback_reversal_rsi,discovery,next_open,60,50,72,82,0.47560975609756095,1.1700000000000004,0.08292682926829271,6.8000000000000025
eurjpy,pullback_reversal_rsi,discovery,next_open,60,60,24,118,0.4152542372881356,1.6333333333333333,0.16101694915254236,19.0
eurjpy,pullback_reversal_rsi,discovery,next_open,60,60,48,97,0.5463917525773195,1.5588235294117647,0.1958762886597938,19.0
eurjpy,pullback_reversal_rsi,discovery,next_open,60,60,72,82,0.5121951219512195,1.1666666666666667,0.07317073170731707,6.0
eurjpy,pullback_reversal_rsi,discovery,next_open,60,75,24,118,0.4152542372881356,1.633333333333333,0.1288135593220339,15.200000000000001
eurjpy,pullback_reversal_rsi,discovery,next_open,60,75,48,97,0.5670103092783505,1.517241379310344,0.15463917525773196,15.0
eurjpy,pullback_reversal_rsi,discovery,next_open,60,75,72,82,0.5365853658536586,1.2571428571428567,0.08780487804878048,7.199999999999999
eurjpy,pullback_reversal_rsi,discovery,next_open,60,100,24,118,0.4322033898305085,2.0400000000000005,0.13220338983050847,15.6
eurjpy,pullback_reversal_rsi,discovery,next_open,60,100,48,97,0.5876288659793815,2.011764705882353,0.17731958762886596,17.2
eurjpy,pullback_reversal_rsi,discovery,next_open,60,100,72,82,0.5609756097560976,1.2000000000000004,0.05609756097560975,4.6
eurjpy,pullback_reversal_rsi,discovery,next_open,60,125,24,118,0.4406779661016949,2.269090909090909,0.11830508474576272,13.96
eurjpy,pullback_reversal_rsi,discovery,next_open,60,125,48,97,0.5979381443298969,1.9885714285714287,0.142680412371134,13.839999999999998
eurjpy,pullback_reversal_rsi,discovery,next_open,60,125,72,82,0.5853658536585366,1.2126315789473683,0.04926829268292682,4.039999999999999
eurjpy,pullback_reversal_rsi,discovery,next_open,75,40,24,118,0.2542372881355932,1.0817307692307692,0.036016949152542374,4.25
eurjpy,pullback_reversal_rsi,discovery,next_open,75,40,48,97,0.4020618556701031,1.4338235294117647,0.22809278350515463,22.125
eurjpy,pullback_reversal_rsi,discovery,next_open,75,40,72,82,0.36585365853658536,1.1479591836734695,0.08841463414634146,7.25
eurjpy,pullback_reversal_rsi,discovery,next_open,75,50,24,118,0.2711864406779661,1.2307692307692308,0.07627118644067797,9.0
eurjpy,pullback_reversal_rsi,discovery,next_open,75,50,48,97,0.4536082474226804,1.6097560975609757,0.25773195876288657,25.0
eurjpy,pullback_reversal_rsi,discovery,next_open,75,50,72,82,0.4146341463414634,1.2142857142857142,0.10975609756097561,9.0
eurjpy,pullback_reversal_rsi,discovery,next_open,75,60,24,118,0.288135593220339,1.4166666666666667,0.1059322033898305,12.5
eurjpy,pullback_reversal_rsi,discovery,next_open,75,60,48,97,0.4845360824742268,1.6785714285714286,0.24484536082474226,23.75
eurjpy,pullback_reversal_rsi,discovery,next_open,75,60,72,82,0.45121951219512196,1.2171052631578947,0.10060975609756098,8.25
eurjpy,pullback_reversal_rsi,discovery,next_open,75,75,24,118,0.288135593220339,1.4166666666666667,0.0847457627118644,10.0
eurjpy,pullback_reversal_rsi,discovery,next_open,75,75,48,97,0.5051546391752577,1.6896551724137931,0.20618556701030927,20.0
eurjpy,pullback_reversal_rsi,discovery,next_open,75,75,72,82,0.47560975609756095,1.3928571428571428,0.13414634146341464,11.0
eurjpy,pullback_reversal_rsi,discovery,next_open,75,100,24,118,0.2966101694915254,1.75,0.09533898305084745,11.25
eurjpy,pullback_reversal_rsi,discovery,next_open,75,100,48,97,0.5257731958762887,2.25,0.2190721649484536,21.25
eurjpy,pullback_reversal_rsi,discovery,next_open,75,100,72,82,0.5,1.3369565217391304,0.09451219512195122,7.75
eurjpy,pullback_reversal_rsi,discovery,next_open,75,125,24,118,0.3050847457627119,1.963636363636364,0.08983050847457627,10.6
eurjpy,pullback_reversal_rsi,discovery,next_open,75,125,48,97,0.5360824742268041,2.228571428571429,0.17731958762886596,17.2
eurjpy,pullback_reversal_rsi,discovery,next_open,75,125,72,82,0.524390243902439,1.3578947368421055,0.08292682926829269,6.8
eurjpy,pullback_reversal_rsi,discovery,next_open,100,40,24,118,0.1694915254237288,0.9433962264150944,-0.025423728813559324,-3.0
eurjpy,pullback_reversal_rsi,discovery,next_open,100,40,48,97,0.29896907216494845,1.3679245283018868,0.20103092783505155,19.5
eurjpy,pullback_reversal_rsi,discovery,next_open,100,40,72,82,0.2682926829268293,1.0377358490566038,0.024390243902439025,2.0
eurjpy,pullback_reversal_rsi,discovery,next_open,100,50,24,118,0.1864406779661017,1.1,0.03389830508474576,4.0
eurjpy,pullback_reversal_rsi,discovery,next_open,100,50,48,97,0.31958762886597936,1.4090909090909092,0.18556701030927836,18.0
eurjpy,pullback_reversal_rsi,discovery,next_open,100,50,72,82,0.2804878048780488,1.0,0.0,0.0
eurjpy,pullback_reversal_rsi,discovery,next_open,100,60,24,118,0.19491525423728814,1.236559139784946,0.06214689265536725,7.333333333333336
eurjpy,pullback_reversal_rsi,discovery,next_open,100,60,48,97,0.3402061855670103,1.4102564102564104,0.16494845360824742,16.0
eurjpy,pullback_reversal_rsi,discovery,next_open,100,60,72,82,0.3048780487804878,0.9689922480620154,-0.016260162601625973,-1.3333333333333297
eurjpy,pullback_reversal_rsi,discovery,next_open,100,75,24,118,0.19491525423728814,1.2266666666666663,0.048022598870056485,5.666666666666665
eurjpy,pullback_reversal_rsi,discovery,next_open,100,75,48,97,0.35051546391752575,1.4623655913978495,0.1477663230240549,14.333333333333327
eurjpy,pullback_reversal_rsi,discovery,next_open,100,75,72,82,0.34146341463414637,1.166666666666667,0.06504065040650402,5.3333333333333295
eurjpy,pullback_reversal_rsi,discovery,next_open,100,100,24,118,0.2033898305084746,1.5,0.06779661016949153,8.0
eurjpy,pullback_reversal_rsi,discovery,next_open,100,100,48,97,0.3711340206185567,2.0,0.18556701030927836,18.0
eurjpy,pullback_reversal_rsi,discovery,next_open,100,100,72,82,0.36585365853658536,1.2,0.06097560975609756,5.0
eurjpy,pullback_reversal_rsi,discovery,next_open,100,125,24,118,0.211864406779661,1.666666666666667,0.06779661016949154,8.000000000000002
eurjpy,pullback_reversal_rsi,discovery,next_open,100,125,48,97,0.38144329896907214,1.9733333333333336,0.1505154639175258,14.600000000000001
eurjpy,pullback_reversal_rsi,discovery,next_open,100,125,72,82,0.3902439024390244,1.28,0.06829268292682926,5.6
eurjpy,pullback_reversal_rsi,discovery,next_open,125,40,24,118,0.11016949152542373,0.7523148148148148,-0.11334745762711865,-13.375
eurjpy,pullback_reversal_rsi,discovery,next_open,125,40,48,97,0.1958762886597938,1.0416666666666667,0.024484536082474227,2.375
eurjpy,pullback_reversal_rsi,discovery,next_open,125,40,72,82,0.21951219512195122,1.0227272727272727,0.01524390243902439,1.25
eurjpy,pullback_reversal_rsi,discovery,next_open,125,50,24,118,0.11864406779661017,0.8536585365853658,-0.05084745762711865,-6.0
eurjpy,pullback_reversal_rsi,discovery,next_open,125,50,48,97,0.20618556701030927,1.0638297872340425,0.030927835051546393,3.0
eurjpy,pullback_reversal_rsi,discovery,next_open,125,50,72,82,0.24390243902439024,1.0638297872340425,0.036585365853658534,3.0
eurjpy,pullback_reversal_rsi,discovery,next_open,125,60,24,118,0.1271186440677966,0.9765624999999998,-0.006355932203389804,-0.7499999999999969
eurjpy,pullback_reversal_rsi,discovery,next_open,125,60,48,97,0.2268041237113402,1.0912698412698416,0.03951890034364265,3.8333333333333375
eurjpy,pullback_reversal_rsi,discovery,next_open,125,60,72,82,0.2682926829268293,1.041666666666667,0.022357723577235818,1.833333333333337
eurjpy,pullback_reversal_rsi,discovery,next_open,125,75,24,118,0.1271186440677966,0.9615384615384618,-0.008474576271186432,-0.9999999999999989
eurjpy,pullback_reversal_rsi,discovery,next_open,125,75,48,97,0.2268041237113402,1.0784313725490196,0.027491408934707924,2.6666666666666687
eurjpy,pullback_reversal_rsi,discovery,next_open,125,75,72,82,0.3048780487804878,1.2626262626262625,0.10569105691056914,8.66666666666667
eurjpy,pullback_reversal_rsi,discovery,next_open,125,100,24,118,0.1271186440677966,1.0416666666666667,0.006355932203389831,0.75
eurjpy,pullback_reversal_rsi,discovery,next_open,125,100,48,97,0.23711340206185566,1.369047619047619,0.07989690721649484,7.75
eurjpy,pullback_reversal_rsi,discovery,next_open,125,100,72,82,0.3170731707317073,1.2037037037037037,0.06707317073170732,5.5
eurjpy,pullback_reversal_rsi,discovery,next_open,125,125,24,118,0.13559322033898305,1.1428571428571428,0.01694915254237288,2.0
eurjpy,pullback_reversal_rsi,discovery,next_open,125,125,48,97,0.24742268041237114,1.3333333333333333,0.061855670103092786,6.0
eurjpy,pullback_reversal_rsi,discovery,next_open,125,125,72,82,0.34146341463414637,1.3333333333333333,0.08536585365853659,7.0
eurjpy,pullback_reversal_rsi,discovery,break_signal_high,40,40,24,109,0.4954128440366973,1.255813953488372,0.10091743119266056,11.0
eurjpy,pullback_reversal_rsi,discovery,break_signal_high,40,40,48,92,0.5217391304347826,1.1428571428571428,0.06521739130434782,6.0
eurjpy,pullback_reversal_rsi,discovery,break_signal_high,40,40,72,75,0.5333333333333333,1.1764705882352942,0.08,6.0
eurjpy,pullback_reversal_rsi,discovery,break_signal_high,40,50,24,109,0.5229357798165137,1.3028571428571427,0.09724770642201837,10.600000000000001
eurjpy,pullback_reversal_rsi,discovery,break_signal_high,40,50,48,92,0.5869565217391305,1.2705882352941171,0.1,9.200000000000001
eurjpy,pullback_reversal_rsi,discovery,break_signal_high,40,50,72,75,0.6133333333333333,1.3142857142857136,0.11733333333333335,8.8
eurjpy,pullback_reversal_rsi,discovery,break_signal_high,40,60,24,109,0.5779816513761468,1.7499999999999991,0.1651376146788991,18.0
eurjpy,pullback_reversal_rsi,discovery,break_signal_high,40,60,48,92,0.6630434782608695,1.6944444444444438,0.18115942028985507,16.666666666666668
eurjpy,pullback_reversal_rsi,discovery,break_signal_high,40,60,72,75,0.7066666666666667,1.682539682539682,0.19111111111111104,14.333333333333329
eurjpy,pullback_reversal_rsi,discovery,break_signal_high,40,75,24,109,0.6055045871559633,2.1999999999999997,0.17614678899082573,19.200000000000003
eurjpy,pullback_reversal_rsi,discovery,break_signal_high,40,75,48,92,0.6956521739130435,1.7066666666666666,0.15362318840579708,14.133333333333333
eurjpy,pullback_reversal_rsi,discovery,break_signal_high,40,75,72,75,0.76,1.9,0.19199999999999998,14.399999999999999
eurjpy,pullback_reversal_rsi,discovery,break_signal_high,40,100,24,109,0.6055045871559633,2.3999999999999995,0.14128440366972478,15.4
eurjpy,pullback_reversal_rsi,discovery,break_signal_high,40,100,48,92,0.7065217391304348,1.857142857142857,0.13043478260869568,12.000000000000002
eurjpy,pullback_reversal_rsi,discovery,break_signal_high,40,100,72,75,0.7733333333333333,1.933333333333333,0.14933333333333332,11.2
eurjpy,pullback_reversal_rsi,discovery,break_signal_high,40,125,24,109,0.6238532110091743,2.72,0.12623853211009173,13.76
eurjpy,pullback_reversal_rsi,discovery,break_signal_high,40,125,48,92,0.717391304347826,2.112,0.12086956521739134,11.120000000000003
eurjpy,pullback_reversal_rsi,discovery,break_signal_high,40,125,72,75,0.7866666666666666,1.8880000000000003,0.1184,8.88
eurjpy,pullback_reversal_rsi,discovery,break_signal_high,50,40,24,109,0.44954128440366975,1.4244186046511629,0.16743119266055045,18.25
eurjpy,pullback_reversal_rsi,discovery,break_signal_high,50,40,48,92,0.5,1.3372093023255813,0.15760869565217392,14.5
eurjpy,pullback_reversal_rsi,discovery,break_signal_high,50,40,72,75,0.52,1.3928571428571428,0.18333333333333332,13.75
eurjpy,pullback_reversal_rsi,discovery,break_signal_high,50,50,24,109,0.47706422018348627,1.4857142857142858,0.1559633027522936,17.0
eurjpy,pullback_reversal_rsi,discovery,break_signal_high,50,50,48,92,0.5652173913043478,1.4857142857142858,0.18478260869565216,17.0
eurjpy,pullback_reversal_rsi,discovery,break_signal_high,50,50,72,75,0.6,1.5517241379310345,0.21333333333333335,16.0
eurjpy,pullback_reversal_rsi,discovery,break_signal_high,50,60,24,109,0.5321100917431193,2.013888888888889,0.22324159021406723,24.33333333333333
eurjpy,pullback_reversal_rsi,discovery,break_signal_high,50,60,48,92,0.6413043478260869,1.9666666666666668,0.26268115942028986,24.166666666666664
eurjpy,pullback_reversal_rsi,discovery,break_signal_high,50,60,72,75,0.6933333333333334,1.9696969696969702,0.28444444444444444,21.333333333333332
eurjpy,pullback_reversal_rsi,discovery,break_signal_high,50,75,24,109,0.5504587155963303,2.499999999999999,0.22018348623853212,24.0
eurjpy,pullback_reversal_rsi,discovery,break_signal_high,50,75,48,92,0.6630434782608695,1.8484848484848477,0.2028985507246377,18.666666666666668
eurjpy,pullback_reversal_rsi,discovery,break_signal_high,50,75,72,75,0.7333333333333333,2.0370370370370363,0.24888888888888885,18.666666666666664
eurjpy,pullback_reversal_rsi,discovery,break_signal_high,50,100,24,109,0.5504587155963303,2.727272727272727,0.1743119266055046,19.0
eurjpy,pullback_reversal_rsi,discovery,break_signal_high,50,100,48,92,0.6739130434782609,2.066666666666667,0.17391304347826086,16.0
eurjpy,pullback_reversal_rsi,discovery,break_signal_high,50,100,72,75,0.7466666666666667,2.0,0.18666666666666668,14.0
eurjpy,pullback_reversal_rsi,discovery,break_signal_high,50,125,24,109,0.5596330275229358,3.049999999999999,0.15045871559633023,16.399999999999995
eurjpy,pullback_reversal_rsi,discovery,break_signal_high,50,125,48,92,0.6847826086956522,2.2909090909090897,0.15434782608695652,14.2
eurjpy,pullback_reversal_rsi,discovery,break_signal_high,50,125,72,75,0.76,1.8999999999999997,0.144,10.799999999999999
eurjpy,pullback_reversal_rsi,discovery,break_signal_high,60,40,24,109,0.3669724770642202,1.3043478260869565,0.12844036697247707,14.0
eurjpy,pullback_reversal_rsi,discovery,break_signal_high,60,40,48,92,0.43478260869565216,1.25,0.13043478260869565,12.0
eurjpy,pullback_reversal_rsi,discovery,break_signal_high,60,40,72,75,0.4533333333333333,1.3076923076923077,0.16,12.0
eurjpy,pullback_reversal_rsi,discovery,break_signal_high,60,50,24,109,0.4036697247706422,1.4270270270270273,0.14495412844036695,15.799999999999997
eurjpy,pullback_reversal_rsi,discovery,break_signal_high,60,50,48,92,0.5108695652173914,1.48421052631579,0.2,18.400000000000002
eurjpy,pullback_reversal_rsi,discovery,break_signal_high,60,50,72,75,0.5466666666666666,1.5375,0.22933333333333333,17.2
eurjpy,pullback_reversal_rsi,discovery,break_signal_high,60,60,24,109,0.44036697247706424,1.8461538461538463,0.2018348623853211,22.0
eurjpy,pullback_reversal_rsi,discovery,break_signal_high,60,60,48,92,0.5652173913043478,1.793103448275862,0.25,23.0
eurjpy,pullback_reversal_rsi,discovery,break_signal_high,60,60,72,75,0.6133333333333333,1.7692307692307692,0.26666666666666666,20.0
eurjpy,pullback_reversal_rsi,discovery,break_signal_high,60,75,24,109,0.45871559633027525,2.222222222222222,0.2018348623853211,22.0
eurjpy,pullback_reversal_rsi,discovery,break_signal_high,60,75,48,92,0.5869565217391305,1.6615384615384607,0.18695652173913044,17.2
eurjpy,pullback_reversal_rsi,discovery,break_signal_high,60,75,72,75,0.64,1.7454545454545454,0.21866666666666665,16.4
eurjpy,pullback_reversal_rsi,discovery,break_signal_high,60,100,24,109,0.45871559633027525,2.307692307692308,0.15596330275229361,17.000000000000004
eurjpy,pullback_reversal_rsi,discovery,break_signal_high,60,100,48,92,0.5978260869565217,1.8333333333333337,0.16304347826086957,15.0
eurjpy,pullback_reversal_rsi,discovery,break_signal_high,60,100,72,75,0.6533333333333333,1.6333333333333335,0.15199999999999997,11.399999999999999
eurjpy,pullback_reversal_rsi,discovery,break_signal_high,60,125,24,109,0.46788990825688076,3.06,0.1511926605504587,16.48
eurjpy,pullback_reversal_rsi,discovery,break_signal_high,60,125,48,92,0.6086956521739131,2.0676923076923077,0.1508695652173913,13.88
eurjpy,pullback_reversal_rsi,discovery,break_signal_high,60,125,72,75,0.6666666666666666,1.6,0.12,9.0
eurjpy,pullback_reversal_rsi,discovery,break_signal_high,75,40,24,109,0.23853211009174313,1.015625,0.006880733944954129,0.75
eurjpy,pullback_reversal_rsi,discovery,break_signal_high,75,40,48,92,0.34782608695652173,1.1764705882352942,0.09782608695652174,9.0
eurjpy,pullback_reversal_rsi,discovery,break_signal_high,75,40,72,75,0.36,1.125,0.075,5.625
eurjpy,pullback_reversal_rsi,discovery,break_signal_high,75,50,24,109,0.27522935779816515,1.1842105263157894,0.06422018348623854,7.0
eurjpy,pullback_reversal_rsi,discovery,break_signal_high,75,50,48,92,0.42391304347826086,1.4268292682926829,0.19021739130434784,17.5
eurjpy,pullback_reversal_rsi,discovery,break_signal_high,75,50,72,75,0.44,1.3026315789473684,0.15333333333333332,11.5
eurjpy,pullback_reversal_rsi,discovery,break_signal_high,75,60,24,109,0.30275229357798167,1.5277777777777777,0.13073394495412843,14.25
eurjpy,pullback_reversal_rsi,discovery,break_signal_high,75,60,48,92,0.4673913043478261,1.628787878787879,0.22554347826086957,20.75
eurjpy,pullback_reversal_rsi,discovery,break_signal_high,75,60,72,75,0.49333333333333335,1.4453125,0.19,14.25
eurjpy,pullback_reversal_rsi,discovery,break_signal_high,75,75,24,109,0.3211009174311927,1.8421052631578947,0.14678899082568808,16.0
eurjpy,pullback_reversal_rsi,discovery,break_signal_high,75,75,48,92,0.4891304347826087,1.5517241379310345,0.17391304347826086,16.0
eurjpy,pullback_reversal_rsi,discovery,break_signal_high,75,75,72,75,0.52,1.5,0.17333333333333334,13.0
eurjpy,pullback_reversal_rsi,discovery,break_signal_high,75,100,24,109,0.3211009174311927,1.875,0.11238532110091744,12.25
eurjpy,pullback_reversal_rsi,discovery,break_signal_high,75,100,48,92,0.5,1.8157894736842106,0.16847826086956522,15.5
eurjpy,pullback_reversal_rsi,discovery,break_signal_high,75,100,72,75,0.5466666666666666,1.5375,0.14333333333333334,10.75
eurjpy,pullback_reversal_rsi,discovery,break_signal_high,75,125,24,109,0.3302752293577982,2.4000000000000004,0.11559633027522935,12.6
eurjpy,pullback_reversal_rsi,discovery,break_signal_high,75,125,48,92,0.5108695652173914,2.014285714285715,0.15434782608695652,14.2
eurjpy,pullback_reversal_rsi,discovery,break_signal_high,75,125,72,75,0.56,1.5750000000000002,0.12266666666666666,9.2
eurjpy,pullback_reversal_rsi,discovery,break_signal_high,100,40,24,109,0.14678899082568808,0.8163265306122449,-0.08256880733944955,-9.0
eurjpy,pullback_reversal_rsi,discovery,break_signal_high,100,40,48,92,0.2608695652173913,1.1320754716981132,0.07608695652173914,7.0
eurjpy,pullback_reversal_rsi,discovery,break_signal_high,100,40,72,75,0.25333333333333335,0.9895833333333334,-0.006666666666666667,-0.5
eurjpy,pullback_reversal_rsi,discovery,break_signal_high,100,50,24,109,0.1834862385321101,1.0256410256410255,0.009174311926605505,1.0
eurjpy,pullback_reversal_rsi,discovery,break_signal_high,100,50,48,92,0.33695652173913043,1.441860465116279,0.20652173913043478,19.0
eurjpy,pullback_reversal_rsi,discovery,break_signal_high,100,50,72,75,0.32,1.2,0.10666666666666667,8.0
eurjpy,pullback_reversal_rsi,discovery,break_signal_high,100,60,24,109,0.1834862385321101,1.1904761904761905,0.04892966360856271,5.333333333333336
eurjpy,pullback_reversal_rsi,discovery,break_signal_high,100,60,48,92,0.34782608695652173,1.4414414414414416,0.177536231884058,16.333333333333336
eurjpy,pullback_reversal_rsi,discovery,break_signal_high,100,60,72,75,0.32,1.1111111111111112,0.05333333333333338,4.0000000000000036
eurjpy,pullback_reversal_rsi,discovery,break_signal_high,100,75,24,109,0.1926605504587156,1.3999999999999997,0.07339449541284403,7.999999999999998
eurjpy,pullback_reversal_rsi,discovery,break_signal_high,100,75,48,92,0.3804347826086957,1.4583333333333335,0.15942028985507245,14.666666666666664
eurjpy,pullback_reversal_rsi,discovery,break_signal_high,100,75,72,75,0.36,1.2413793103448278,0.09333333333333327,6.999999999999995
eurjpy,pullback_reversal_rsi,discovery,break_signal_high,100,100,24,109,0.1926605504587156,1.4,0.05504587155963303,6.0
eurjpy,pullback_reversal_rsi,discovery,break_signal_high,100,100,48,92,0.3804347826086957,1.75,0.16304347826086957,15.0
eurjpy,pullback_reversal_rsi,discovery,break_signal_high,100,100,72,75,0.38666666666666666,1.3181818181818181,0.09333333333333334,7.0
eurjpy,pullback_reversal_rsi,discovery,break_signal_high,100,125,24,109,0.2018348623853211,1.7600000000000005,0.06972477064220182,7.6
eurjpy,pullback_reversal_rsi,discovery,break_signal_high,100,125,48,92,0.3804347826086957,1.866666666666667,0.14130434782608697,13.000000000000002
eurjpy,pullback_reversal_rsi,discovery,break_signal_high,100,125,72,75,0.4,1.4117647058823533,0.09333333333333332,6.999999999999999
eurjpy,pullback_reversal_rsi,discovery,break_signal_high,125,40,24,109,0.09174311926605505,0.6127450980392157,-0.1811926605504587,-19.75
eurjpy,pullback_reversal_rsi,discovery,break_signal_high,125,40,48,92,0.18478260869565216,0.9659090909090909,-0.020380434782608696,-1.875
eurjpy,pullback_reversal_rsi,discovery,break_signal_high,125,40,72,75,0.21333333333333335,1.0,0.0,0.0
eurjpy,pullback_reversal_rsi,discovery,break_signal_high,125,50,24,109,0.11009174311926606,0.7317073170731707,-0.10091743119266056,-11.0
eurjpy,pullback_reversal_rsi,discovery,break_signal_high,125,50,48,92,0.21739130434782608,1.1111111111111112,0.05434782608695652,5.0
eurjpy,pullback_reversal_rsi,discovery,break_signal_high,125,50,72,75,0.26666666666666666,1.1627906976744187,0.09333333333333334,7.0
eurjpy,pullback_reversal_rsi,discovery,break_signal_high,125,60,24,109,0.11009174311926606,0.8333333333333333,-0.045871559633027505,-4.999999999999998
eurjpy,pullback_reversal_rsi,discovery,break_signal_high,125,60,48,92,0.22826086956521738,1.1217948717948723,0.051630434782608724,4.750000000000003
eurjpy,pullback_reversal_rsi,discovery,break_signal_high,125,60,72,75,0.26666666666666666,1.0683760683760686,0.03555555555555558,2.6666666666666687
eurjpy,pullback_reversal_rsi,discovery,break_signal_high,125,75,24,109,0.11009174311926606,0.9090909090909093,-0.018348623853211003,-1.9999999999999993
eurjpy,pullback_reversal_rsi,discovery,break_signal_high,125,75,48,92,0.2608695652173913,1.1764705882352942,0.06521739130434784,6.000000000000001
eurjpy,pullback_reversal_rsi,discovery,break_signal_high,125,75,72,75,0.30666666666666664,1.236559139784946,0.09777777777777781,7.333333333333336
eurjpy,pullback_reversal_rsi,discovery,break_signal_high,125,100,24,109,0.11009174311926606,0.8823529411764706,-0.01834862385321101,-2.0
eurjpy,pullback_reversal_rsi,discovery,break_signal_high,125,100,48,92,0.2608695652173913,1.3636363636363635,0.08695652173913043,8.0
eurjpy,pullback_reversal_rsi,discovery,break_signal_high,125,100,72,75,0.3333333333333333,1.3020833333333333,0.09666666666666666,7.25
eurjpy,pullback_reversal_rsi,discovery,break_signal_high,125,125,24,109,0.11926605504587157,1.0833333333333333,0.009174311926605505,1.0
eurjpy,pullback_reversal_rsi,discovery,break_signal_high,125,125,48,92,0.2608695652173913,1.411764705882353,0.07608695652173914,7.0
eurjpy,pullback_reversal_rsi,discovery,break_signal_high,125,125,72,75,0.3466666666666667,1.368421052631579,0.09333333333333334,7.0
eurjpy,pullback_reversal_rsi,discovery,confirm_1bar,40,40,24,96,0.5,1.2972972972972974,0.11458333333333333,11.0
eurjpy,pullback_reversal_rsi,discovery,confirm_1bar,40,40,48,80,0.5375,1.2285714285714286,0.1,8.0
eurjpy,pullback_reversal_rsi,discovery,confirm_1bar,40,40,72,70,0.5571428571428572,1.2580645161290323,0.11428571428571428,8.0
eurjpy,pullback_reversal_rsi,discovery,confirm_1bar,40,50,24,96,0.53125,1.236363636363636,0.08125000000000002,7.800000000000002
eurjpy,pullback_reversal_rsi,discovery,confirm_1bar,40,50,48,80,0.575,1.1499999999999995,0.06000000000000001,4.800000000000001
eurjpy,pullback_reversal_rsi,discovery,confirm_1bar,40,50,72,70,0.6,1.2444444444444442,0.09428571428571426,6.599999999999999
eurjpy,pullback_reversal_rsi,discovery,confirm_1bar,40,60,24,96,0.5625,1.3846153846153841,0.10416666666666662,9.999999999999995
eurjpy,pullback_reversal_rsi,discovery,confirm_1bar,40,60,48,80,0.6125,1.2098765432098764,0.0708333333333333,5.666666666666664
eurjpy,pullback_reversal_rsi,discovery,confirm_1bar,40,60,72,70,0.6571428571428571,1.3333333333333335,0.1095238095238095,7.666666666666664
eurjpy,pullback_reversal_rsi,discovery,confirm_1bar,40,75,24,96,0.59375,1.6888888888888889,0.12916666666666665,12.399999999999999
eurjpy,pullback_reversal_rsi,discovery,confirm_1bar,40,75,48,80,0.675,1.515789473684211,0.12249999999999997,9.799999999999997
eurjpy,pullback_reversal_rsi,discovery,confirm_1bar,40,75,72,70,0.7428571428571429,1.7333333333333336,0.16761904761904758,11.73333333333333
eurjpy,pullback_reversal_rsi,discovery,confirm_1bar,40,100,24,96,0.6041666666666666,2.5777777777777775,0.14791666666666667,14.2
eurjpy,pullback_reversal_rsi,discovery,confirm_1bar,40,100,48,80,0.6875,1.5714285714285707,0.09999999999999998,7.999999999999998
eurjpy,pullback_reversal_rsi,discovery,confirm_1bar,40,100,72,70,0.7571428571428571,1.63076923076923,0.11714285714285716,8.200000000000001
eurjpy,pullback_reversal_rsi,discovery,confirm_1bar,40,125,24,96,0.6041666666666666,2.6514285714285717,0.12041666666666667,11.56
eurjpy,pullback_reversal_rsi,discovery,confirm_1bar,40,125,48,80,0.7,1.9911111111111113,0.11150000000000002,8.920000000000002
eurjpy,pullback_reversal_rsi,discovery,confirm_1bar,40,125,72,70,0.7714285714285715,1.7280000000000002,0.10400000000000004,7.280000000000003
eurjpy,pullback_reversal_rsi,discovery,confirm_1bar,50,40,24,96,0.4583333333333333,1.4102564102564104,0.16666666666666666,16.0
eurjpy,pullback_reversal_rsi,discovery,confirm_1bar,50,40,48,80,0.4875,1.3175675675675675,0.146875,11.75
eurjpy,pullback_reversal_rsi,discovery,confirm_1bar,50,40,72,70,0.5142857142857142,1.3636363636363635,0.17142857142857143,12.0
eurjpy,pullback_reversal_rsi,discovery,confirm_1bar,50,50,24,96,0.4791666666666667,1.3142857142857143,0.11458333333333333,11.0
eurjpy,pullback_reversal_rsi,discovery,confirm_1bar,50,50,48,80,0.525,1.2352941176470589,0.1,8.0
eurjpy,pullback_reversal_rsi,discovery,confirm_1bar,50,50,72,70,0.5571428571428572,1.3448275862068966,0.14285714285714285,10.0
eurjpy,pullback_reversal_rsi,discovery,confirm_1bar,50,60,24,96,0.5208333333333334,1.54320987654321,0.1527777777777778,14.666666666666668
eurjpy,pullback_reversal_rsi,discovery,confirm_1bar,50,60,48,80,0.575,1.3690476190476197,0.1291666666666667,10.333333333333337
eurjpy,pullback_reversal_rsi,discovery,confirm_1bar,50,60,72,70,0.6285714285714286,1.5277777777777783,0.18095238095238106,12.666666666666673
eurjpy,pullback_reversal_rsi,discovery,confirm_1bar,50,75,24,96,0.53125,1.7894736842105259,0.15624999999999997,14.999999999999996
eurjpy,pullback_reversal_rsi,discovery,confirm_1bar,50,75,48,80,0.6,1.4545454545454544,0.12499999999999997,9.999999999999998
eurjpy,pullback_reversal_rsi,discovery,confirm_1bar,50,75,72,70,0.6571428571428571,1.6140350877192986,0.16666666666666657,11.66666666666666
eurjpy,pullback_reversal_rsi,discovery,confirm_1bar,50,100,24,96,0.5416666666666666,2.6,0.16666666666666666,16.0
eurjpy,pullback_reversal_rsi,discovery,confirm_1bar,50,100,48,80,0.6125,1.53125,0.10625,8.5
eurjpy,pullback_reversal_rsi,discovery,confirm_1bar,50,100,72,70,0.6857142857142857,1.6,0.12857142857142856,9.0
eurjpy,pullback_reversal_rsi,discovery,confirm_1bar,50,125,24,96,0.5416666666666666,2.599999999999999,0.13333333333333333,12.8
eurjpy,pullback_reversal_rsi,discovery,confirm_1bar,50,125,48,80,0.625,1.818181818181818,0.1125,9.0
eurjpy,pullback_reversal_rsi,discovery,confirm_1bar,50,125,72,70,0.7,1.633333333333333,0.1085714285714286,7.600000000000001
eurjpy,pullback_reversal_rsi,discovery,confirm_1bar,60,40,24,96,0.34375,1.1511627906976745,0.06770833333333333,6.5
eurjpy,pullback_reversal_rsi,discovery,confirm_1bar,60,40,48,80,0.4375,1.3125,0.15625,12.5
eurjpy,pullback_reversal_rsi,discovery,confirm_1bar,60,40,72,70,0.45714285714285713,1.2972972972972974,0.15714285714285714,11.0
eurjpy,pullback_reversal_rsi,discovery,confirm_1bar,60,50,24,96,0.3645833333333333,1.076923076923077,0.03125000000000001,3.0000000000000004
eurjpy,pullback_reversal_rsi,discovery,confirm_1bar,60,50,48,80,0.475,1.232432432432433,0.10750000000000004,8.600000000000003
eurjpy,pullback_reversal_rsi,discovery,confirm_1bar,60,50,72,70,0.5,1.272727272727273,0.12857142857142856,8.999999999999998
eurjpy,pullback_reversal_rsi,discovery,confirm_1bar,60,60,24,96,0.40625,1.3448275862068966,0.10416666666666667,10.0
eurjpy,pullback_reversal_rsi,discovery,confirm_1bar,60,60,48,80,0.525,1.3548387096774193,0.1375,11.0
eurjpy,pullback_reversal_rsi,discovery,confirm_1bar,60,60,72,70,0.5714285714285714,1.4285714285714286,0.17142857142857143,12.0
eurjpy,pullback_reversal_rsi,discovery,confirm_1bar,60,75,24,96,0.4166666666666667,1.5238095238095237,0.11458333333333331,10.999999999999998
eurjpy,pullback_reversal_rsi,discovery,confirm_1bar,60,75,48,80,0.55,1.4079999999999995,0.1275,10.2
eurjpy,pullback_reversal_rsi,discovery,confirm_1bar,60,75,72,70,0.5857142857142857,1.4260869565217391,0.14000000000000004,9.800000000000002
eurjpy,pullback_reversal_rsi,discovery,confirm_1bar,60,100,24,96,0.4270833333333333,2.0500000000000003,0.13125,12.600000000000001
eurjpy,pullback_reversal_rsi,discovery,confirm_1bar,60,100,48,80,0.5625,1.5000000000000004,0.1125,9.0
eurjpy,pullback_reversal_rsi,discovery,confirm_1bar,60,100,72,70,0.6142857142857143,1.5176470588235296,0.1257142857142857,8.799999999999999
eurjpy,pullback_reversal_rsi,discovery,confirm_1bar,60,125,24,96,0.4270833333333333,2.1866666666666665,0.11125,10.68
eurjpy,pullback_reversal_rsi,discovery,confirm_1bar,60,125,48,80,0.575,1.6984615384615387,0.11349999999999998,9.079999999999998
eurjpy,pullback_reversal_rsi,discovery,confirm_1bar,60,125,72,70,0.6285714285714286,1.5085714285714287,0.10171428571428573,7.120000000000001
eurjpy,pullback_reversal_rsi,discovery,confirm_1bar,75,40,24,96,0.23958333333333334,0.9801136363636364,-0.009114583333333334,-0.875
eurjpy,pullback_reversal_rsi,discovery,confirm_1bar,75,40,48,80,0.3625,1.2946428571428572,0.1546875,12.375
eurjpy,pullback_reversal_rsi,discovery,confirm_1bar,75,40,72,70,0.4,1.2804878048780488,0.16428571428571428,11.5
eurjpy,pullback_reversal_rsi,discovery,confirm_1bar,75,50,24,96,0.25,0.9,-0.041666666666666664,-4.0
eurjpy,pullback_reversal_rsi,discovery,confirm_1bar,75,50,48,80,0.3875,1.1625,0.08125,6.5
eurjpy,pullback_reversal_rsi,discovery,confirm_1bar,75,50,72,70,0.42857142857142855,1.1842105263157894,0.1,7.0
eurjpy,pullback_reversal_rsi,discovery,confirm_1bar,75,60,24,96,0.28125,1.1637931034482758,0.049479166666666664,4.75
eurjpy,pullback_reversal_rsi,discovery,confirm_1bar,75,60,48,80,0.45,1.3636363636363635,0.15,12.0
eurjpy,pullback_reversal_rsi,discovery,confirm_1bar,75,60,72,70,0.5142857142857142,1.4516129032258065,0.2,14.0
eurjpy,pullback_reversal_rsi,discovery,confirm_1bar,75,75,24,96,0.2916666666666667,1.3333333333333333,0.07291666666666667,7.0
eurjpy,pullback_reversal_rsi,discovery,confirm_1bar,75,75,48,80,0.475,1.4074074074074074,0.1375,11.0
eurjpy,pullback_reversal_rsi,discovery,confirm_1bar,75,75,72,70,0.5285714285714286,1.48,0.17142857142857143,12.0
eurjpy,pullback_reversal_rsi,discovery,confirm_1bar,75,100,24,96,0.3020833333333333,1.8125,0.1015625,9.75
eurjpy,pullback_reversal_rsi,discovery,confirm_1bar,75,100,48,80,0.4875,1.5394736842105263,0.128125,10.25
eurjpy,pullback_reversal_rsi,discovery,confirm_1bar,75,100,72,70,0.5571428571428572,1.5394736842105263,0.14642857142857144,10.25
eurjpy,pullback_reversal_rsi,discovery,confirm_1bar,75,125,24,96,0.3020833333333333,1.9333333333333336,0.08749999999999998,8.399999999999999
eurjpy,pullback_reversal_rsi,discovery,confirm_1bar,75,125,48,80,0.4875,1.8000000000000007,0.13,10.4
eurjpy,pullback_reversal_rsi,discovery,confirm_1bar,75,125,72,70,0.5714285714285714,1.6,0.12857142857142856,9.0
eurjpy,pullback_reversal_rsi,discovery,confirm_1bar,100,40,24,96,0.125,0.6521739130434783,-0.16666666666666666,-16.0
eurjpy,pullback_reversal_rsi,discovery,confirm_1bar,100,40,48,80,0.275,1.25,0.1375,11.0
eurjpy,pullback_reversal_rsi,discovery,confirm_1bar,100,40,72,70,0.2714285714285714,1.0555555555555556,0.03571428571428571,2.5
eurjpy,pullback_reversal_rsi,discovery,confirm_1bar,100,50,24,96,0.13541666666666666,0.6190476190476191,-0.16666666666666666,-16.0
eurjpy,pullback_reversal_rsi,discovery,confirm_1bar,100,50,48,80,0.3,1.1428571428571428,0.075,6.0
eurjpy,pullback_reversal_rsi,discovery,confirm_1bar,100,50,72,70,0.3,1.024390243902439,0.014285714285714285,1.0
eurjpy,pullback_reversal_rsi,discovery,confirm_1bar,100,60,24,96,0.15625,0.8064516129032261,-0.06249999999999999,-5.999999999999999
eurjpy,pullback_reversal_rsi,discovery,confirm_1bar,100,60,48,80,0.35,1.296296296296296,0.13333333333333336,10.66666666666667
eurjpy,pullback_reversal_rsi,discovery,confirm_1bar,100,60,72,70,0.37142857142857144,1.238095238095238,0.11904761904761911,8.333333333333337
eurjpy,pullback_reversal_rsi,discovery,confirm_1bar,100,75,24,96,0.16666666666666666,0.9696969696969696,-0.006944444444444457,-0.6666666666666679
eurjpy,pullback_reversal_rsi,discovery,confirm_1bar,100,75,48,80,0.3875,1.4252873563218396,0.15416666666666662,12.333333333333329
eurjpy,pullback_reversal_rsi,discovery,confirm_1bar,100,75,72,70,0.38571428571428573,1.2413793103448278,0.09999999999999995,6.9999999999999964
eurjpy,pullback_reversal_rsi,discovery,confirm_1bar,100,100,24,96,0.16666666666666666,1.2307692307692308,0.03125,3.0
eurjpy,pullback_reversal_rsi,discovery,confirm_1bar,100,100,48,80,0.4,1.6842105263157894,0.1625,13.0
eurjpy,pullback_reversal_rsi,discovery,confirm_1bar,100,100,72,70,0.4142857142857143,1.3181818181818181,0.1,7.0
eurjpy,pullback_reversal_rsi,discovery,confirm_1bar,100,125,24,96,0.16666666666666666,1.28,0.029166666666666674,2.8000000000000007
eurjpy,pullback_reversal_rsi,discovery,confirm_1bar,100,125,48,80,0.4,1.9692307692307693,0.1575,12.6
eurjpy,pullback_reversal_rsi,discovery,confirm_1bar,100,125,72,70,0.42857142857142855,1.4117647058823533,0.10000000000000002,7.000000000000002
eurjpy,pullback_reversal_rsi,discovery,confirm_1bar,125,40,24,96,0.09375,0.6114130434782609,-0.18619791666666666,-17.875
eurjpy,pullback_reversal_rsi,discovery,confirm_1bar,125,40,48,80,0.2,1.1363636363636365,0.075,6.0
eurjpy,pullback_reversal_rsi,discovery,confirm_1bar,125,40,72,70,0.22857142857142856,1.0869565217391304,0.05714285714285714,4.0
eurjpy,pullback_reversal_rsi,discovery,confirm_1bar,125,50,24,96,0.10416666666666667,0.5952380952380952,-0.17708333333333334,-17.0
eurjpy,pullback_reversal_rsi,discovery,confirm_1bar,125,50,48,80,0.225,1.0714285714285714,0.0375,3.0
eurjpy,pullback_reversal_rsi,discovery,confirm_1bar,125,50,72,70,0.2571428571428571,1.0714285714285714,0.04285714285714286,3.0
eurjpy,pullback_reversal_rsi,discovery,confirm_1bar,125,60,24,96,0.125,0.8064516129032256,-0.06249999999999998,-5.999999999999998
eurjpy,pullback_reversal_rsi,discovery,confirm_1bar,125,60,48,80,0.2625,1.2152777777777781,0.09687500000000004,7.7500000000000036
eurjpy,pullback_reversal_rsi,discovery,confirm_1bar,125,60,72,70,0.3142857142857143,1.2731481481481486,0.1404761904761905,9.833333333333336
eurjpy,pullback_reversal_rsi,discovery,confirm_1bar,125,75,24,96,0.13541666666666666,0.9848484848484851,-0.00347222222222221,-0.33333333333333215
eurjpy,pullback_reversal_rsi,discovery,confirm_1bar,125,75,48,80,0.2875,1.32183908045977,0.11666666666666667,9.333333333333334
eurjpy,pullback_reversal_rsi,discovery,confirm_1bar,125,75,72,70,0.32857142857142857,1.2777777777777777,0.11904761904761908,8.333333333333336
eurjpy,pullback_reversal_rsi,discovery,confirm_1bar,125,100,24,96,0.13541666666666666,1.25,0.033854166666666664,3.25
eurjpy,pullback_reversal_rsi,discovery,confirm_1bar,125,100,48,80,0.3,1.5789473684210527,0.1375,11.0
eurjpy,pullback_reversal_rsi,discovery,confirm_1bar,125,100,72,70,0.35714285714285715,1.358695652173913,0.11785714285714285,8.25
eurjpy,pullback_reversal_rsi,discovery,confirm_1bar,125,125,24,96,0.13541666666666666,1.3,0.03125,3.0
eurjpy,pullback_reversal_rsi,discovery,confirm_1bar,125,125,48,80,0.3,1.8461538461538463,0.1375,11.0
eurjpy,pullback_reversal_rsi,discovery,confirm_1bar,125,125,72,70,0.37142857142857144,1.4444444444444444,0.11428571428571428,8.0
eurjpy,pullback_reversal_rsi,validation,next_open,40,40,24,41,0.4878048780487805,1.0,0.0,0.0
eurjpy,pullback_reversal_rsi,validation,next_open,40,40,48,30,0.5333333333333333,1.1428571428571428,0.06666666666666667,2.0
eurjpy,pullback_reversal_rsi,validation,next_open,40,40,72,27,0.6296296296296297,1.7,0.25925925925925924,7.0
eurjpy,pullback_reversal_rsi,validation,next_open,40,50,24,41,0.5609756097560976,1.082352941176471,0.03414634146341465,1.4000000000000006
eurjpy,pullback_reversal_rsi,validation,next_open,40,50,48,30,0.6,1.2000000000000002,0.08000000000000004,2.4000000000000012
eurjpy,pullback_reversal_rsi,validation,next_open,40,50,72,27,0.7037037037037037,1.9000000000000004,0.26666666666666666,7.2
eurjpy,pullback_reversal_rsi,validation,next_open,40,60,24,41,0.6097560975609756,1.1904761904761905,0.06504065040650403,2.666666666666665
eurjpy,pullback_reversal_rsi,validation,next_open,40,60,48,30,0.6333333333333333,1.1515151515151514,0.05555555555555551,1.6666666666666654
eurjpy,pullback_reversal_rsi,validation,next_open,40,60,72,27,0.7407407407407407,1.9047619047619044,0.2345679012345679,6.333333333333333
eurjpy,pullback_reversal_rsi,validation,next_open,40,75,24,41,0.6341463414634146,1.0666666666666667,0.02113821138211381,0.8666666666666661
eurjpy,pullback_reversal_rsi,validation,next_open,40,75,48,30,0.6666666666666666,1.0666666666666667,0.022222222222222216,0.6666666666666665
eurjpy,pullback_reversal_rsi,validation,next_open,40,75,72,27,0.7777777777777778,1.8666666666666665,0.1925925925925926,5.2
eurjpy,pullback_reversal_rsi,validation,next_open,40,100,24,41,0.6585365853658537,0.981818181818182,-0.004878048780487799,-0.19999999999999973
eurjpy,pullback_reversal_rsi,validation,next_open,40,100,48,30,0.7,0.9333333333333336,-0.019999999999999987,-0.5999999999999996
eurjpy,pullback_reversal_rsi,validation,next_open,40,100,72,27,0.8148148148148148,1.7600000000000005,0.14074074074074075,3.8000000000000003
eurjpy,pullback_reversal_rsi,validation,next_open,40,125,24,41,0.6829268292682927,0.9955555555555556,-0.000975609756097547,-0.039999999999999425
eurjpy,pullback_reversal_rsi,validation,next_open,40,125,48,30,0.7666666666666667,1.0514285714285718,0.012000000000000004,0.3600000000000001
eurjpy,pullback_reversal_rsi,validation,next_open,40,125,72,27,0.8888888888888888,2.56,0.17333333333333337,4.680000000000001
eurjpy,pullback_reversal_rsi,validation,next_open,50,40,24,41,0.4146341463414634,0.9659090909090909,-0.018292682926829267,-0.75
eurjpy,pullback_reversal_rsi,validation,next_open,50,40,48,30,0.5,1.25,0.125,3.75
eurjpy,pullback_reversal_rsi,validation,next_open,50,40,72,27,0.5925925925925926,1.8181818181818181,0.3333333333333333,9.0
eurjpy,pullback_reversal_rsi,validation,next_open,50,50,24,41,0.4634146341463415,0.95,-0.024390243902439025,-1.0
eurjpy,pullback_reversal_rsi,validation,next_open,50,50,48,30,0.5666666666666667,1.3076923076923077,0.13333333333333333,4.0
eurjpy,pullback_reversal_rsi,validation,next_open,50,50,72,27,0.6296296296296297,1.7,0.25925925925925924,7.0
eurjpy,pullback_reversal_rsi,validation,next_open,50,60,24,41,0.5365853658536586,1.1458333333333333,0.056910569105691096,2.333333333333335
eurjpy,pullback_reversal_rsi,validation,next_open,50,60,48,30,0.6333333333333333,1.4393939393939397,0.16111111111111112,4.833333333333334
eurjpy,pullback_reversal_rsi,validation,next_open,50,60,72,27,0.7037037037037037,1.979166666666667,0.29012345679012347,7.833333333333333
eurjpy,pullback_reversal_rsi,validation,next_open,50,75,24,41,0.5365853658536586,0.9777777777777775,-0.008130081300813032,-0.33333333333333426
eurjpy,pullback_reversal_rsi,validation,next_open,50,75,48,30,0.6333333333333333,1.1515151515151514,0.05555555555555551,1.6666666666666654
eurjpy,pullback_reversal_rsi,validation,next_open,50,75,72,27,0.7037037037037037,1.583333333333333,0.1728395061728395,4.666666666666666
eurjpy,pullback_reversal_rsi,validation,next_open,50,100,24,41,0.5609756097560976,0.8846153846153846,-0.036585365853658534,-1.5
eurjpy,pullback_reversal_rsi,validation,next_open,50,100,48,30,0.6666666666666666,1.0,0.0,0.0
eurjpy,pullback_reversal_rsi,validation,next_open,50,100,72,27,0.7407407407407407,1.4285714285714286,0.1111111111111111,3.0
eurjpy,pullback_reversal_rsi,validation,next_open,50,125,24,41,0.5853658536585366,0.9600000000000002,-0.009756097560975605,-0.3999999999999998
eurjpy,pullback_reversal_rsi,validation,next_open,50,125,48,30,0.7333333333333333,1.1000000000000003,0.02666666666666669,0.8000000000000007
eurjpy,pullback_reversal_rsi,validation,next_open,50,125,72,27,0.8148148148148148,1.7600000000000005,0.14074074074074075,3.8000000000000003
eurjpy,pullback_reversal_rsi,validation,next_open,60,40,24,41,0.3170731707317073,0.75,-0.15853658536585366,-6.5
eurjpy,pullback_reversal_rsi,validation,next_open,60,40,48,30,0.4,1.0,0.0,0.0
eurjpy,pullback_reversal_rsi,validation,next_open,60,40,72,27,0.48148148148148145,1.3928571428571428,0.2037037037037037,5.5
eurjpy,pullback_reversal_rsi,validation,next_open,60,50,24,41,0.3902439024390244,0.8347826086956521,-0.0926829268292683,-3.8000000000000007
eurjpy,pullback_reversal_rsi,validation,next_open,60,50,48,30,0.4666666666666667,1.0499999999999998,0.026666666666666648,0.7999999999999994
eurjpy,pullback_reversal_rsi,validation,next_open,60,50,72,27,0.5185185185185185,1.2923076923076922,0.14074074074074072,3.8
eurjpy,pullback_reversal_rsi,validation,next_open,60,60,24,41,0.4634146341463415,1.0555555555555556,0.024390243902439025,1.0
eurjpy,pullback_reversal_rsi,validation,next_open,60,60,48,30,0.5333333333333333,1.1428571428571428,0.06666666666666667,2.0
eurjpy,pullback_reversal_rsi,validation,next_open,60,60,72,27,0.5925925925925926,1.4545454545454546,0.18518518518518517,5.0
eurjpy,pullback_reversal_rsi,validation,next_open,60,75,24,41,0.4634146341463415,0.8941176470588237,-0.04390243902439023,-1.7999999999999994
eurjpy,pullback_reversal_rsi,validation,next_open,60,75,48,30,0.5333333333333333,0.9142857142857144,-0.03999999999999996,-1.1999999999999988
eurjpy,pullback_reversal_rsi,validation,next_open,60,75,72,27,0.5925925925925926,1.1636363636363638,0.0666666666666667,1.8000000000000007
eurjpy,pullback_reversal_rsi,validation,next_open,60,100,24,41,0.4878048780487805,0.9230769230769229,-0.024390243902439025,-1.0
eurjpy,pullback_reversal_rsi,validation,next_open,60,100,48,30,0.5666666666666667,0.9272727272727272,-0.02666666666666668,-0.8000000000000004
eurjpy,pullback_reversal_rsi,validation,next_open,60,100,72,27,0.7037037037037037,1.4249999999999998,0.1259259259259259,3.4
eurjpy,pullback_reversal_rsi,validation,next_open,60,125,24,41,0.5121951219512195,1.0080000000000002,0.0019512195121951128,0.07999999999999963
eurjpy,pullback_reversal_rsi,validation,next_open,60,125,48,30,0.6333333333333333,1.1400000000000001,0.03733333333333332,1.1199999999999997
eurjpy,pullback_reversal_rsi,validation,next_open,60,125,72,27,0.7777777777777778,1.6800000000000004,0.1511111111111111,4.08
eurjpy,pullback_reversal_rsi,validation,next_open,75,40,24,41,0.2926829268292683,0.8653846153846154,-0.08536585365853659,-3.5
eurjpy,pullback_reversal_rsi,validation,next_open,75,40,48,30,0.4,1.25,0.15,4.5
eurjpy,pullback_reversal_rsi,validation,next_open,75,40,72,27,0.48148148148148145,1.7410714285714286,0.38425925925925924,10.375
eurjpy,pullback_reversal_rsi,validation,next_open,75,50,24,41,0.36585365853658536,0.9782608695652174,-0.012195121951219513,-0.5
eurjpy,pullback_reversal_rsi,validation,next_open,75,50,48,30,0.4666666666666667,1.3125,0.16666666666666666,5.0
eurjpy,pullback_reversal_rsi,validation,next_open,75,50,72,27,0.5185185185185185,1.6153846153846154,0.2962962962962963,8.0
eurjpy,pullback_reversal_rsi,validation,next_open,75,60,24,41,0.4146341463414634,1.118421052631579,0.054878048780487805,2.25
eurjpy,pullback_reversal_rsi,validation,next_open,75,60,48,30,0.5,1.25,0.125,3.75
eurjpy,pullback_reversal_rsi,validation,next_open,75,60,72,27,0.5555555555555556,1.5625,0.25,6.75
eurjpy,pullback_reversal_rsi,validation,next_open,75,75,24,41,0.4146341463414634,0.9444444444444444,-0.024390243902439025,-1.0
eurjpy,pullback_reversal_rsi,validation,next_open,75,75,48,30,0.5,1.0,0.0,0.0
eurjpy,pullback_reversal_rsi,validation,next_open,75,75,72,27,0.5555555555555556,1.25,0.1111111111111111,3.0
eurjpy,pullback_reversal_rsi,validation,next_open,75,100,24,41,0.43902439024390244,0.9642857142857143,-0.012195121951219513,-0.5
eurjpy,pullback_reversal_rsi,validation,next_open,75,100,48,30,0.5333333333333333,1.0,0.0,0.0
eurjpy,pullback_reversal_rsi,validation,next_open,75,100,72,27,0.6296296296296297,1.4166666666666667,0.1388888888888889,3.75
eurjpy,pullback_reversal_rsi,validation,next_open,75,125,24,41,0.4634146341463415,1.0363636363636362,0.009756097560975608,0.3999999999999999
eurjpy,pullback_reversal_rsi,validation,next_open,75,125,48,30,0.5666666666666667,1.02,0.006666666666666651,0.1999999999999995
eurjpy,pullback_reversal_rsi,validation,next_open,75,125,72,27,0.6666666666666666,1.3499999999999999,0.1037037037037037,2.8
eurjpy,pullback_reversal_rsi,validation,next_open,100,40,24,41,0.17073170731707318,0.6481481481481481,-0.23170731707317074,-9.5
eurjpy,pullback_reversal_rsi,validation,next_open,100,40,48,30,0.3,1.25,0.15,4.5
eurjpy,pullback_reversal_rsi,validation,next_open,100,40,72,27,0.4444444444444444,2.0,0.5555555555555556,15.0
eurjpy,pullback_reversal_rsi,validation,next_open,100,50,24,41,0.24390243902439024,0.8333333333333334,-0.0975609756097561,-4.0
eurjpy,pullback_reversal_rsi,validation,next_open,100,50,48,30,0.36666666666666664,1.375,0.2,6.0
eurjpy,pullback_reversal_rsi,validation,next_open,100,50,72,27,0.48148148148148145,2.0,0.48148148148148145,13.0
eurjpy,pullback_reversal_rsi,validation,next_open,100,60,24,41,0.24390243902439024,0.8333333333333334,-0.08130081300813007,-3.3333333333333326
eurjpy,pullback_reversal_rsi,validation,next_open,100,60,48,30,0.36666666666666664,1.2222222222222223,0.11111111111111113,3.333333333333334
eurjpy,pullback_reversal_rsi,validation,next_open,100,60,72,27,0.48148148148148145,1.666666666666667,0.32098765432098764,8.666666666666666
eurjpy,pullback_reversal_rsi,validation,next_open,100,75,24,41,0.24390243902439024,0.7017543859649124,-0.13821138211382117,-5.666666666666668
eurjpy,pullback_reversal_rsi,validation,next_open,100,75,48,30,0.36666666666666664,0.9777777777777779,-0.011111111111111138,-0.33333333333333415
eurjpy,pullback_reversal_rsi,validation,next_open,100,75,72,27,0.48148148148148145,1.3333333333333333,0.1604938271604938,4.333333333333332
eurjpy,pullback_reversal_rsi,validation,next_open,100,100,24,41,0.2682926829268293,0.7333333333333333,-0.0975609756097561,-4.0
eurjpy,pullback_reversal_rsi,validation,next_open,100,100,48,30,0.4,1.0,0.0,0.0
eurjpy,pullback_reversal_rsi,validation,next_open,100,100,72,27,0.5185185185185185,1.4,0.14814814814814814,4.0
eurjpy,pullback_reversal_rsi,validation,next_open,100,125,24,41,0.2926829268292683,0.8727272727272729,-0.03414634146341463,-1.4
eurjpy,pullback_reversal_rsi,validation,next_open,100,125,48,30,0.43333333333333335,1.0400000000000003,0.01333333333333336,0.4000000000000008
eurjpy,pullback_reversal_rsi,validation,next_open,100,125,72,27,0.5555555555555556,1.3333333333333337,0.11111111111111115,3.000000000000001
eurjpy,pullback_reversal_rsi,validation,next_open,125,40,24,41,0.12195121951219512,0.5580357142857143,-0.3018292682926829,-12.375
eurjpy,pullback_reversal_rsi,validation,next_open,125,40,48,30,0.23333333333333334,1.09375,0.0625,1.875
eurjpy,pullback_reversal_rsi,validation,next_open,125,40,72,27,0.3333333333333333,1.6544117647058822,0.41203703703703703,11.125
eurjpy,pullback_reversal_rsi,validation,next_open,125,50,24,41,0.17073170731707318,0.7,-0.18292682926829268,-7.5
eurjpy,pullback_reversal_rsi,validation,next_open,125,50,48,30,0.3,1.25,0.15,4.5
eurjpy,pullback_reversal_rsi,validation,next_open,125,50,72,27,0.37037037037037035,1.6666666666666667,0.37037037037037035,10.0
eurjpy,pullback_reversal_rsi,validation,next_open,125,60,24,41,0.17073170731707318,0.6944444444444445,-0.1565040650406504,-6.416666666666666
eurjpy,pullback_reversal_rsi,validation,next_open,125,60,48,30,0.3,1.1029411764705883,0.05833333333333336,1.7500000000000009
eurjpy,pullback_reversal_rsi,validation,next_open,125,60,72,27,0.37037037037037035,1.3888888888888888,0.21604938271604948,5.833333333333336
eurjpy,pullback_reversal_rsi,validation,next_open,125,75,24,41,0.17073170731707318,0.5833333333333333,-0.20325203252032517,-8.333333333333332
eurjpy,pullback_reversal_rsi,validation,next_open,125,75,48,30,0.3,0.8823529411764706,-0.06666666666666664,-1.9999999999999993
eurjpy,pullback_reversal_rsi,validation,next_open,125,75,72,27,0.37037037037037035,1.1111111111111112,0.061728395061728406,1.666666666666667
eurjpy,pullback_reversal_rsi,validation,next_open,125,100,24,41,0.17073170731707318,0.5147058823529411,-0.20121951219512196,-8.25
eurjpy,pullback_reversal_rsi,validation,next_open,125,100,48,30,0.3,0.75,-0.125,-3.75
eurjpy,pullback_reversal_rsi,validation,next_open,125,100,72,27,0.37037037037037035,0.9615384615384616,-0.018518518518518517,-0.5
eurjpy,pullback_reversal_rsi,validation,next_open,125,125,24,41,0.17073170731707318,0.5833333333333334,-0.12195121951219512,-5.0
eurjpy,pullback_reversal_rsi,validation,next_open,125,125,48,30,0.36666666666666664,1.0,0.0,0.0
eurjpy,pullback_reversal_rsi,validation,next_open,125,125,72,27,0.48148148148148145,1.3,0.1111111111111111,3.0
eurjpy,pullback_reversal_rsi,validation,break_signal_high,40,40,24,39,0.46153846153846156,0.9,-0.05128205128205128,-2.0
eurjpy,pullback_reversal_rsi,validation,break_signal_high,40,40,48,29,0.4827586206896552,0.9333333333333333,-0.034482758620689655,-1.0
eurjpy,pullback_reversal_rsi,validation,break_signal_high,40,40,72,27,0.5555555555555556,1.25,0.1111111111111111,3.0
eurjpy,pullback_reversal_rsi,validation,break_signal_high,40,50,24,39,0.5384615384615384,1.0500000000000003,0.020512820512820527,0.8000000000000005
eurjpy,pullback_reversal_rsi,validation,break_signal_high,40,50,48,29,0.6206896551724138,1.3090909090909093,0.11724137931034484,3.4000000000000004
eurjpy,pullback_reversal_rsi,validation,break_signal_high,40,50,72,27,0.7037037037037037,1.9000000000000004,0.2666666666666667,7.200000000000001
eurjpy,pullback_reversal_rsi,validation,break_signal_high,40,60,24,39,0.5641025641025641,0.9777777777777775,-0.008547008547008576,-0.3333333333333345
eurjpy,pullback_reversal_rsi,validation,break_signal_high,40,60,48,29,0.6206896551724138,1.0909090909090908,0.03448275862068963,0.9999999999999991
eurjpy,pullback_reversal_rsi,validation,break_signal_high,40,60,72,27,0.7407407407407407,1.9047619047619044,0.2345679012345679,6.333333333333333
eurjpy,pullback_reversal_rsi,validation,break_signal_high,40,75,24,39,0.6410256410256411,1.1111111111111112,0.03418803418803419,1.3333333333333335
eurjpy,pullback_reversal_rsi,validation,break_signal_high,40,75,48,29,0.6896551724137931,1.1851851851851851,0.05747126436781607,1.666666666666666
eurjpy,pullback_reversal_rsi,validation,break_signal_high,40,75,72,27,0.8148148148148148,2.3466666666666667,0.24938271604938272,6.733333333333333
eurjpy,pullback_reversal_rsi,validation,break_signal_high,40,100,24,39,0.6410256410256411,0.9090909090909093,-0.025641025641025637,-0.9999999999999999
eurjpy,pullback_reversal_rsi,validation,break_signal_high,40,100,48,29,0.6896551724137931,1.0000000000000002,1.914177628664063e-17,5.551115123125783e-16
eurjpy,pullback_reversal_rsi,validation,break_signal_high,40,100,72,27,0.8518518518518519,2.3000000000000007,0.19259259259259268,5.200000000000002
eurjpy,pullback_reversal_rsi,validation,break_signal_high,40,125,24,39,0.6410256410256411,0.8888888888888888,-0.02564102564102562,-0.9999999999999991
eurjpy,pullback_reversal_rsi,validation,break_signal_high,40,125,48,29,0.7586206896551724,1.1733333333333336,0.03586206896551725,1.0400000000000003
eurjpy,pullback_reversal_rsi,validation,break_signal_high,40,125,72,27,0.8888888888888888,2.56,0.17333333333333337,4.680000000000001
eurjpy,pullback_reversal_rsi,validation,break_signal_high,50,40,24,39,0.38461538461538464,0.8152173913043478,-0.10897435897435898,-4.25
eurjpy,pullback_reversal_rsi,validation,break_signal_high,50,40,48,29,0.4482758620689655,1.015625,0.008620689655172414,0.25
eurjpy,pullback_reversal_rsi,validation,break_signal_high,50,40,72,27,0.48148148148148145,1.1607142857142858,0.08333333333333333,2.25
eurjpy,pullback_reversal_rsi,validation,break_signal_high,50,50,24,39,0.46153846153846156,1.0,0.0,0.0
eurjpy,pullback_reversal_rsi,validation,break_signal_high,50,50,48,29,0.6206896551724138,1.6363636363636365,0.2413793103448276,7.0
eurjpy,pullback_reversal_rsi,validation,break_signal_high,50,50,72,27,0.6666666666666666,2.0,0.3333333333333333,9.0
eurjpy,pullback_reversal_rsi,validation,break_signal_high,50,60,24,39,0.48717948717948717,0.931372549019608,-0.02991452991452987,-1.166666666666665
eurjpy,pullback_reversal_rsi,validation,break_signal_high,50,60,48,29,0.6206896551724138,1.3636363636363638,0.13793103448275865,4.000000000000001
eurjpy,pullback_reversal_rsi,validation,break_signal_high,50,60,72,27,0.7037037037037037,1.979166666666667,0.29012345679012347,7.833333333333334
eurjpy,pullback_reversal_rsi,validation,break_signal_high,50,75,24,39,0.5641025641025641,1.128205128205128,0.042735042735042694,1.6666666666666652
eurjpy,pullback_reversal_rsi,validation,break_signal_high,50,75,48,29,0.6896551724137931,1.4814814814814812,0.1494252873563218,4.333333333333332
eurjpy,pullback_reversal_rsi,validation,break_signal_high,50,75,72,27,0.7777777777777778,2.3333333333333326,0.2962962962962962,7.999999999999998
eurjpy,pullback_reversal_rsi,validation,break_signal_high,50,100,24,39,0.5641025641025641,0.9166666666666666,-0.02564102564102564,-1.0
eurjpy,pullback_reversal_rsi,validation,break_signal_high,50,100,48,29,0.6896551724137931,1.25,0.06896551724137931,2.0
eurjpy,pullback_reversal_rsi,validation,break_signal_high,50,100,72,27,0.8148148148148148,2.2,0.2222222222222222,6.0
eurjpy,pullback_reversal_rsi,validation,break_signal_high,50,125,24,39,0.5641025641025641,0.9777777777777781,-0.005128205128205124,-0.19999999999999984
eurjpy,pullback_reversal_rsi,validation,break_signal_high,50,125,48,29,0.7586206896551724,1.466666666666667,0.09655172413793105,2.8000000000000003
eurjpy,pullback_reversal_rsi,validation,break_signal_high,50,125,72,27,0.8518518518518519,2.3000000000000007,0.19259259259259268,5.200000000000002
eurjpy,pullback_reversal_rsi,validation,break_signal_high,60,40,24,39,0.3333333333333333,0.78,-0.14102564102564102,-5.5
eurjpy,pullback_reversal_rsi,validation,break_signal_high,60,40,48,29,0.3793103448275862,0.9166666666666666,-0.05172413793103448,-1.5
eurjpy,pullback_reversal_rsi,validation,break_signal_high,60,40,72,27,0.4074074074074074,1.03125,0.018518518518518517,0.5
eurjpy,pullback_reversal_rsi,validation,break_signal_high,60,50,24,39,0.41025641025641024,0.96,-0.02051282051282052,-0.8000000000000003
eurjpy,pullback_reversal_rsi,validation,break_signal_high,60,50,48,29,0.5517241379310345,1.4769230769230768,0.21379310344827585,6.199999999999999
eurjpy,pullback_reversal_rsi,validation,break_signal_high,60,50,72,27,0.5925925925925926,1.7454545454545454,0.3037037037037037,8.2
eurjpy,pullback_reversal_rsi,validation,break_signal_high,60,60,24,39,0.4358974358974359,0.9444444444444444,-0.02564102564102564,-1.0
eurjpy,pullback_reversal_rsi,validation,break_signal_high,60,60,48,29,0.5517241379310345,1.2307692307692308,0.10344827586206896,3.0
eurjpy,pullback_reversal_rsi,validation,break_signal_high,60,60,72,27,0.6296296296296297,1.7,0.25925925925925924,7.0
eurjpy,pullback_reversal_rsi,validation,break_signal_high,60,75,24,39,0.5128205128205128,1.142857142857143,0.05128205128205128,2.0
eurjpy,pullback_reversal_rsi,validation,break_signal_high,60,75,48,29,0.6206896551724138,1.3090909090909093,0.11724137931034484,3.4000000000000004
eurjpy,pullback_reversal_rsi,validation,break_signal_high,60,75,72,27,0.7037037037037037,1.9000000000000004,0.2666666666666667,7.200000000000001
eurjpy,pullback_reversal_rsi,validation,break_signal_high,60,100,24,39,0.5128205128205128,0.9999999999999999,5.693451408334136e-18,2.220446049250313e-16
eurjpy,pullback_reversal_rsi,validation,break_signal_high,60,100,48,29,0.6206896551724138,1.2,0.06206896551724136,1.7999999999999994
eurjpy,pullback_reversal_rsi,validation,break_signal_high,60,100,72,27,0.7777777777777778,2.0999999999999996,0.24444444444444435,6.599999999999998
eurjpy,pullback_reversal_rsi,validation,break_signal_high,60,125,24,39,0.5128205128205128,1.0666666666666669,0.015384615384615375,0.5999999999999996
eurjpy,pullback_reversal_rsi,validation,break_signal_high,60,125,48,29,0.6551724137931034,1.302857142857143,0.07310344827586206,2.1199999999999997
eurjpy,pullback_reversal_rsi,validation,break_signal_high,60,125,72,27,0.7777777777777778,1.6800000000000004,0.1511111111111111,4.08
eurjpy,pullback_reversal_rsi,validation,break_signal_high,75,40,24,39,0.3333333333333333,0.975,-0.016025641025641024,-0.625
eurjpy,pullback_reversal_rsi,validation,break_signal_high,75,40,48,29,0.3793103448275862,1.1458333333333333,0.09051724137931035,2.625
eurjpy,pullback_reversal_rsi,validation,break_signal_high,75,40,72,27,0.4074074074074074,1.2890625,0.1712962962962963,4.625
eurjpy,pullback_reversal_rsi,validation,break_signal_high,75,50,24,39,0.41025641025641024,1.2,0.10256410256410256,4.0
eurjpy,pullback_reversal_rsi,validation,break_signal_high,75,50,48,29,0.5517241379310345,1.8461538461538463,0.3793103448275862,11.0
eurjpy,pullback_reversal_rsi,validation,break_signal_high,75,50,72,27,0.5925925925925926,2.1818181818181817,0.48148148148148145,13.0
eurjpy,pullback_reversal_rsi,validation,break_signal_high,75,60,24,39,0.4358974358974359,1.1805555555555556,0.08333333333333333,3.25
eurjpy,pullback_reversal_rsi,validation,break_signal_high,75,60,48,29,0.5517241379310345,1.5384615384615385,0.2413793103448276,7.0
eurjpy,pullback_reversal_rsi,validation,break_signal_high,75,60,72,27,0.6296296296296297,2.125,0.4166666666666667,11.25
eurjpy,pullback_reversal_rsi,validation,break_signal_high,75,75,24,39,0.46153846153846156,1.2,0.07692307692307693,3.0
eurjpy,pullback_reversal_rsi,validation,break_signal_high,75,75,48,29,0.5517241379310345,1.2307692307692308,0.10344827586206896,3.0
eurjpy,pullback_reversal_rsi,validation,break_signal_high,75,75,72,27,0.6296296296296297,1.7,0.25925925925925924,7.0
eurjpy,pullback_reversal_rsi,validation,break_signal_high,75,100,24,39,0.46153846153846156,1.0384615384615385,0.01282051282051282,0.5
eurjpy,pullback_reversal_rsi,validation,break_signal_high,75,100,48,29,0.5517241379310345,1.0909090909090908,0.034482758620689655,1.0
eurjpy,pullback_reversal_rsi,validation,break_signal_high,75,100,72,27,0.6666666666666666,1.6875,0.2037037037037037,5.5
eurjpy,pullback_reversal_rsi,validation,break_signal_high,75,125,24,39,0.46153846153846156,1.0799999999999998,0.020512820512820513,0.7999999999999999
eurjpy,pullback_reversal_rsi,validation,break_signal_high,75,125,48,29,0.5517241379310345,1.0666666666666667,0.020689655172413786,0.5999999999999998
eurjpy,pullback_reversal_rsi,validation,break_signal_high,75,125,72,27,0.6666666666666666,1.3499999999999999,0.1037037037037037,2.8
eurjpy,pullback_reversal_rsi,validation,break_signal_high,100,40,24,39,0.1794871794871795,0.603448275862069,-0.2948717948717949,-11.5
eurjpy,pullback_reversal_rsi,validation,break_signal_high,100,40,48,29,0.2413793103448276,0.8333333333333334,-0.1206896551724138,-3.5
eurjpy,pullback_reversal_rsi,validation,break_signal_high,100,40,72,27,0.25925925925925924,0.9210526315789473,-0.05555555555555555,-1.5
eurjpy,pullback_reversal_rsi,validation,break_signal_high,100,50,24,39,0.2564102564102564,0.9090909090909091,-0.05128205128205128,-2.0
eurjpy,pullback_reversal_rsi,validation,break_signal_high,100,50,48,29,0.41379310344827586,1.7142857142857142,0.3448275862068966,10.0
eurjpy,pullback_reversal_rsi,validation,break_signal_high,100,50,72,27,0.48148148148148145,2.1666666666666665,0.5185185185185185,14.0
eurjpy,pullback_reversal_rsi,validation,break_signal_high,100,60,24,39,0.28205128205128205,0.9166666666666667,-0.04273504273504273,-1.6666666666666663
eurjpy,pullback_reversal_rsi,validation,break_signal_high,100,60,48,29,0.41379310344827586,1.4285714285714288,0.20689655172413796,6.000000000000001
eurjpy,pullback_reversal_rsi,validation,break_signal_high,100,60,72,27,0.5185185185185185,2.1212121212121215,0.45679012345679015,12.333333333333334
eurjpy,pullback_reversal_rsi,validation,break_signal_high,100,75,24,39,0.28205128205128205,0.8627450980392157,-0.059829059829059845,-2.333333333333334
eurjpy,pullback_reversal_rsi,validation,break_signal_high,100,75,48,29,0.41379310344827586,1.1428571428571428,0.06896551724137928,1.9999999999999991
eurjpy,pullback_reversal_rsi,validation,break_signal_high,100,75,72,27,0.5185185185185185,1.6969696969696968,0.2839506172839506,7.666666666666666
eurjpy,pullback_reversal_rsi,validation,break_signal_high,100,100,24,39,0.28205128205128205,0.7333333333333333,-0.10256410256410256,-4.0
eurjpy,pullback_reversal_rsi,validation,break_signal_high,100,100,48,29,0.41379310344827586,1.0,0.0,0.0
eurjpy,pullback_reversal_rsi,validation,break_signal_high,100,100,72,27,0.5185185185185185,1.5555555555555556,0.18518518518518517,5.0
eurjpy,pullback_reversal_rsi,validation,break_signal_high,100,125,24,39,0.28205128205128205,0.8,-0.05641025641025639,-2.1999999999999993
eurjpy,pullback_reversal_rsi,validation,break_signal_high,100,125,48,29,0.41379310344827586,0.9600000000000002,-0.013793103448275845,-0.39999999999999947
eurjpy,pullback_reversal_rsi,validation,break_signal_high,100,125,72,27,0.5185185185185185,1.2444444444444447,0.08148148148148152,2.200000000000001
eurjpy,pullback_reversal_rsi,validation,break_signal_high,125,40,24,39,0.1282051282051282,0.5208333333333334,-0.3685897435897436,-14.375
eurjpy,pullback_reversal_rsi,validation,break_signal_high,125,40,48,29,0.1724137931034483,0.6793478260869565,-0.2543103448275862,-7.375
eurjpy,pullback_reversal_rsi,validation,break_signal_high,125,40,72,27,0.18518518518518517,0.7440476190476191,-0.19907407407407407,-5.375
eurjpy,pullback_reversal_rsi,validation,break_signal_high,125,50,24,39,0.15384615384615385,0.6521739130434783,-0.20512820512820512,-8.0
eurjpy,pullback_reversal_rsi,validation,break_signal_high,125,50,48,29,0.3448275862068966,1.5625,0.3103448275862069,9.0
eurjpy,pullback_reversal_rsi,validation,break_signal_high,125,50,72,27,0.4074074074074074,1.9642857142857142,0.5,13.5
eurjpy,pullback_reversal_rsi,validation,break_signal_high,125,60,24,39,0.1794871794871795,0.6944444444444445,-0.16452991452991447,-6.416666666666664
eurjpy,pullback_reversal_rsi,validation,break_signal_high,125,60,48,29,0.3448275862068966,1.3020833333333333,0.16666666666666674,4.833333333333336
eurjpy,pullback_reversal_rsi,validation,break_signal_high,125,60,72,27,0.4444444444444444,1.923076923076923,0.44444444444444453,12.000000000000002
eurjpy,pullback_reversal_rsi,validation,break_signal_high,125,75,24,39,0.1794871794871795,0.6481481481481481,-0.16239316239316234,-6.333333333333331
eurjpy,pullback_reversal_rsi,validation,break_signal_high,125,75,48,29,0.3448275862068966,1.0416666666666667,0.022988505747126454,0.6666666666666672
eurjpy,pullback_reversal_rsi,validation,break_signal_high,125,75,72,27,0.4444444444444444,1.5384615384615388,0.25925925925925924,7.0
eurjpy,pullback_reversal_rsi,validation,break_signal_high,125,100,24,39,0.1794871794871795,0.546875,-0.1858974358974359,-7.25
eurjpy,pullback_reversal_rsi,validation,break_signal_high,125,100,48,29,0.3448275862068966,0.8928571428571429,-0.05172413793103448,-1.5
eurjpy,pullback_reversal_rsi,validation,break_signal_high,125,100,72,27,0.4444444444444444,1.3636363636363635,0.14814814814814814,4.0
eurjpy,pullback_reversal_rsi,validation,break_signal_high,125,125,24,39,0.1794871794871795,0.6363636363636364,-0.10256410256410256,-4.0
eurjpy,pullback_reversal_rsi,validation,break_signal_high,125,125,48,29,0.3448275862068966,0.9090909090909091,-0.034482758620689655,-1.0
eurjpy,pullback_reversal_rsi,validation,break_signal_high,125,125,72,27,0.48148148148148145,1.3,0.1111111111111111,3.0
eurjpy,pullback_reversal_rsi,validation,confirm_1bar,40,40,24,34,0.5294117647058824,1.2,0.08823529411764706,3.0
eurjpy,pullback_reversal_rsi,validation,confirm_1bar,40,40,48,27,0.5555555555555556,1.25,0.1111111111111111,3.0
eurjpy,pullback_reversal_rsi,validation,confirm_1bar,40,40,72,26,0.5,1.0,0.0,0.0
eurjpy,pullback_reversal_rsi,validation,confirm_1bar,40,50,24,34,0.5294117647058824,0.9600000000000002,-0.017647058823529394,-0.5999999999999994
eurjpy,pullback_reversal_rsi,validation,confirm_1bar,40,50,48,27,0.5555555555555556,1.0000000000000002,4.11193712824132e-17,1.1102230246251565e-15
eurjpy,pullback_reversal_rsi,validation,confirm_1bar,40,50,72,26,0.5,0.8000000000000002,-0.09999999999999999,-2.5999999999999996
eurjpy,pullback_reversal_rsi,validation,confirm_1bar,40,60,24,34,0.6176470588235294,1.1666666666666663,0.05882352941176469,1.9999999999999996
eurjpy,pullback_reversal_rsi,validation,confirm_1bar,40,60,48,27,0.6666666666666666,1.333333333333333,0.11111111111111108,2.999999999999999
eurjpy,pullback_reversal_rsi,validation,confirm_1bar,40,60,72,26,0.5769230769230769,0.909090909090909,-0.0384615384615385,-1.0000000000000009
eurjpy,pullback_reversal_rsi,validation,confirm_1bar,40,75,24,34,0.6176470588235294,1.018181818181818,0.005882352941176476,0.20000000000000018
eurjpy,pullback_reversal_rsi,validation,confirm_1bar,40,75,48,27,0.6666666666666666,1.0666666666666667,0.02222222222222221,0.5999999999999996
eurjpy,pullback_reversal_rsi,validation,confirm_1bar,40,75,72,26,0.5769230769230769,0.7272727272727272,-0.11538461538461542,-3.000000000000001
eurjpy,pullback_reversal_rsi,validation,confirm_1bar,40,100,24,34,0.6470588235294118,1.1000000000000003,0.023529411764705903,0.8000000000000007
eurjpy,pullback_reversal_rsi,validation,confirm_1bar,40,100,48,27,0.7037037037037037,1.0857142857142859,0.02222222222222224,0.6000000000000005
eurjpy,pullback_reversal_rsi,validation,confirm_1bar,40,100,72,26,0.6923076923076923,1.0285714285714287,0.007692307692307716,0.20000000000000062
eurjpy,pullback_reversal_rsi,validation,confirm_1bar,40,125,24,34,0.6470588235294118,1.1733333333333336,0.030588235294117663,1.0400000000000005
eurjpy,pullback_reversal_rsi,validation,confirm_1bar,40,125,48,27,0.7037037037037037,1.2160000000000002,0.04000000000000001,1.0800000000000003
eurjpy,pullback_reversal_rsi,validation,confirm_1bar,40,125,72,26,0.7692307692307693,1.2800000000000002,0.05384615384615386,1.4000000000000004
eurjpy,pullback_reversal_rsi,validation,confirm_1bar,50,40,24,34,0.5,1.328125,0.15441176470588236,5.25
eurjpy,pullback_reversal_rsi,validation,confirm_1bar,50,40,48,27,0.5185185185185185,1.3461538461538463,0.16666666666666666,4.5
eurjpy,pullback_reversal_rsi,validation,confirm_1bar,50,40,72,26,0.46153846153846156,1.0714285714285714,0.038461538461538464,1.0
eurjpy,pullback_reversal_rsi,validation,confirm_1bar,50,50,24,34,0.5,1.1333333333333333,0.058823529411764705,2.0
eurjpy,pullback_reversal_rsi,validation,confirm_1bar,50,50,48,27,0.5555555555555556,1.25,0.1111111111111111,3.0
eurjpy,pullback_reversal_rsi,validation,confirm_1bar,50,50,72,26,0.5,1.0,0.0,0.0
eurjpy,pullback_reversal_rsi,validation,confirm_1bar,50,60,24,34,0.5588235294117647,1.217948717948718,0.08333333333333336,2.833333333333334
eurjpy,pullback_reversal_rsi,validation,confirm_1bar,50,60,48,27,0.6296296296296297,1.4166666666666667,0.154320987654321,4.166666666666667
eurjpy,pullback_reversal_rsi,validation,confirm_1bar,50,60,72,26,0.5769230769230769,1.1363636363636367,0.05769230769230771,1.5000000000000004
eurjpy,pullback_reversal_rsi,validation,confirm_1bar,50,75,24,34,0.5588235294117647,1.0555555555555554,0.019607843137254884,0.6666666666666661
eurjpy,pullback_reversal_rsi,validation,confirm_1bar,50,75,48,27,0.6296296296296297,1.1333333333333333,0.049382716049382686,1.3333333333333326
eurjpy,pullback_reversal_rsi,validation,confirm_1bar,50,75,72,26,0.5769230769230769,0.909090909090909,-0.0384615384615385,-1.0000000000000009
eurjpy,pullback_reversal_rsi,validation,confirm_1bar,50,100,24,34,0.5882352941176471,1.1111111111111112,0.029411764705882353,1.0
eurjpy,pullback_reversal_rsi,validation,confirm_1bar,50,100,48,27,0.6666666666666666,1.125,0.037037037037037035,1.0
eurjpy,pullback_reversal_rsi,validation,confirm_1bar,50,100,72,26,0.6923076923076923,1.2857142857142858,0.07692307692307693,2.0
eurjpy,pullback_reversal_rsi,validation,confirm_1bar,50,125,24,34,0.5882352941176471,1.142857142857143,0.02941176470588238,1.0000000000000009
eurjpy,pullback_reversal_rsi,validation,confirm_1bar,50,125,48,27,0.6666666666666666,1.2000000000000002,0.044444444444444474,1.2000000000000008
eurjpy,pullback_reversal_rsi,validation,confirm_1bar,50,125,72,26,0.7692307692307693,1.6000000000000003,0.1153846153846154,3.0000000000000004
eurjpy,pullback_reversal_rsi,validation,confirm_1bar,60,40,24,34,0.5,1.59375,0.27941176470588236,9.5
eurjpy,pullback_reversal_rsi,validation,confirm_1bar,60,40,48,27,0.5185185185185185,1.6153846153846154,0.2962962962962963,8.0
eurjpy,pullback_reversal_rsi,validation,confirm_1bar,60,40,72,26,0.46153846153846156,1.2857142857142858,0.15384615384615385,4.0
eurjpy,pullback_reversal_rsi,validation,confirm_1bar,60,50,24,34,0.5,1.3599999999999999,0.15882352941176467,5.399999999999999
eurjpy,pullback_reversal_rsi,validation,confirm_1bar,60,50,48,27,0.5555555555555556,1.4999999999999998,0.2222222222222222,6.0
eurjpy,pullback_reversal_rsi,validation,confirm_1bar,60,50,72,26,0.5,1.1999999999999997,0.09999999999999999,2.5999999999999996
eurjpy,pullback_reversal_rsi,validation,confirm_1bar,60,60,24,34,0.5588235294117647,1.4615384615384615,0.17647058823529413,6.0
eurjpy,pullback_reversal_rsi,validation,confirm_1bar,60,60,48,27,0.6296296296296297,1.7,0.25925925925925924,7.0
eurjpy,pullback_reversal_rsi,validation,confirm_1bar,60,60,72,26,0.5769230769230769,1.3636363636363635,0.15384615384615385,4.0
eurjpy,pullback_reversal_rsi,validation,confirm_1bar,60,75,24,34,0.5588235294117647,1.2666666666666668,0.09411764705882356,3.200000000000001
eurjpy,pullback_reversal_rsi,validation,confirm_1bar,60,75,48,27,0.6296296296296297,1.36,0.1333333333333334,3.6000000000000014
eurjpy,pullback_reversal_rsi,validation,confirm_1bar,60,75,72,26,0.5769230769230769,1.0909090909090913,0.0384615384615385,1.0000000000000009
eurjpy,pullback_reversal_rsi,validation,confirm_1bar,60,100,24,34,0.5588235294117647,1.2666666666666666,0.07058823529411763,2.3999999999999995
eurjpy,pullback_reversal_rsi,validation,confirm_1bar,60,100,48,27,0.6296296296296297,1.1333333333333333,0.04444444444444443,1.1999999999999997
eurjpy,pullback_reversal_rsi,validation,confirm_1bar,60,100,72,26,0.6153846153846154,1.0666666666666667,0.023076923076923064,0.5999999999999996
eurjpy,pullback_reversal_rsi,validation,confirm_1bar,60,125,24,34,0.5588235294117647,1.302857142857143,0.062352941176470576,2.1199999999999997
eurjpy,pullback_reversal_rsi,validation,confirm_1bar,60,125,48,27,0.6296296296296297,1.1657142857142857,0.04296296296296295,1.1599999999999997
eurjpy,pullback_reversal_rsi,validation,confirm_1bar,60,125,72,26,0.6538461538461539,1.1657142857142857,0.044615384615384605,1.1599999999999997
eurjpy,pullback_reversal_rsi,validation,confirm_1bar,75,40,24,34,0.4411764705882353,1.6544117647058822,0.3272058823529412,11.125
eurjpy,pullback_reversal_rsi,validation,confirm_1bar,75,40,48,27,0.48148148148148145,1.7410714285714286,0.38425925925925924,10.375
eurjpy,pullback_reversal_rsi,validation,confirm_1bar,75,40,72,26,0.4230769230769231,1.375,0.21634615384615385,5.625
eurjpy,pullback_reversal_rsi,validation,confirm_1bar,75,50,24,34,0.4411764705882353,1.40625,0.19117647058823528,6.5
eurjpy,pullback_reversal_rsi,validation,confirm_1bar,75,50,48,27,0.5185185185185185,1.6153846153846154,0.2962962962962963,8.0
eurjpy,pullback_reversal_rsi,validation,confirm_1bar,75,50,72,26,0.46153846153846156,1.2857142857142858,0.15384615384615385,4.0
eurjpy,pullback_reversal_rsi,validation,confirm_1bar,75,60,24,34,0.5,1.6346153846153846,0.2426470588235294,8.25
eurjpy,pullback_reversal_rsi,validation,confirm_1bar,75,60,48,27,0.6296296296296297,2.125,0.4166666666666667,11.25
eurjpy,pullback_reversal_rsi,validation,confirm_1bar,75,60,72,26,0.5769230769230769,1.7045454545454546,0.2980769230769231,7.75
eurjpy,pullback_reversal_rsi,validation,confirm_1bar,75,75,24,34,0.5,1.4166666666666667,0.14705882352941177,5.0
eurjpy,pullback_reversal_rsi,validation,confirm_1bar,75,75,48,27,0.6296296296296297,1.7,0.25925925925925924,7.0
eurjpy,pullback_reversal_rsi,validation,confirm_1bar,75,75,72,26,0.5769230769230769,1.3636363636363635,0.15384615384615385,4.0
eurjpy,pullback_reversal_rsi,validation,confirm_1bar,75,100,24,34,0.5,1.4166666666666667,0.11029411764705882,3.75
eurjpy,pullback_reversal_rsi,validation,confirm_1bar,75,100,48,27,0.6296296296296297,1.4166666666666667,0.1388888888888889,3.75
eurjpy,pullback_reversal_rsi,validation,confirm_1bar,75,100,72,26,0.6153846153846154,1.3333333333333333,0.11538461538461539,3.0
eurjpy,pullback_reversal_rsi,validation,confirm_1bar,75,125,24,34,0.5,1.457142857142857,0.09411764705882353,3.1999999999999997
eurjpy,pullback_reversal_rsi,validation,confirm_1bar,75,125,48,27,0.6296296296296297,1.457142857142857,0.11851851851851851,3.1999999999999997
eurjpy,pullback_reversal_rsi,validation,confirm_1bar,75,125,72,26,0.6153846153846154,1.3714285714285714,0.09999999999999999,2.5999999999999996
eurjpy,pullback_reversal_rsi,validation,confirm_1bar,100,40,24,34,0.3235294117647059,1.375,0.22058823529411764,7.5
eurjpy,pullback_reversal_rsi,validation,confirm_1bar,100,40,48,27,0.37037037037037035,1.5625,0.3333333333333333,9.0
eurjpy,pullback_reversal_rsi,validation,confirm_1bar,100,40,72,26,0.3076923076923077,1.1764705882352942,0.11538461538461539,3.0
eurjpy,pullback_reversal_rsi,validation,confirm_1bar,100,50,24,34,0.3235294117647059,1.1578947368421053,0.08823529411764706,3.0
eurjpy,pullback_reversal_rsi,validation,confirm_1bar,100,50,48,27,0.4074074074074074,1.4666666666666666,0.25925925925925924,7.0
eurjpy,pullback_reversal_rsi,validation,confirm_1bar,100,50,72,26,0.34615384615384615,1.125,0.07692307692307693,2.0
eurjpy,pullback_reversal_rsi,validation,confirm_1bar,100,60,24,34,0.38235294117647056,1.4444444444444449,0.19607843137254904,6.666666666666668
eurjpy,pullback_reversal_rsi,validation,confirm_1bar,100,60,48,27,0.5185185185185185,2.1212121212121215,0.45679012345679015,12.333333333333334
eurjpy,pullback_reversal_rsi,validation,confirm_1bar,100,60,72,26,0.5,1.805555555555556,0.37179487179487175,9.666666666666666
eurjpy,pullback_reversal_rsi,validation,confirm_1bar,100,75,24,34,0.38235294117647056,1.238095238095238,0.0980392156862745,3.333333333333333
eurjpy,pullback_reversal_rsi,validation,confirm_1bar,100,75,48,27,0.5185185185185185,1.6969696969696968,0.2839506172839506,7.666666666666666
eurjpy,pullback_reversal_rsi,validation,confirm_1bar,100,75,72,26,0.5,1.4444444444444444,0.2051282051282051,5.333333333333332
eurjpy,pullback_reversal_rsi,validation,confirm_1bar,100,100,24,34,0.38235294117647056,1.1818181818181819,0.058823529411764705,2.0
eurjpy,pullback_reversal_rsi,validation,confirm_1bar,100,100,48,27,0.5185185185185185,1.4,0.14814814814814814,4.0
eurjpy,pullback_reversal_rsi,validation,confirm_1bar,100,100,72,26,0.5384615384615384,1.4,0.15384615384615385,4.0
eurjpy,pullback_reversal_rsi,validation,confirm_1bar,100,125,24,34,0.38235294117647056,1.3000000000000003,0.07058823529411769,2.4000000000000012
eurjpy,pullback_reversal_rsi,validation,confirm_1bar,100,125,48,27,0.5185185185185185,1.4000000000000004,0.11851851851851852,3.2
eurjpy,pullback_reversal_rsi,validation,confirm_1bar,100,125,72,26,0.5384615384615384,1.4000000000000004,0.12307692307692308,3.2
eurjpy,pullback_reversal_rsi,validation,confirm_1bar,125,40,24,34,0.20588235294117646,1.0416666666666667,0.025735294117647058,0.875
eurjpy,pullback_reversal_rsi,validation,confirm_1bar,125,40,48,27,0.25925925925925924,1.2152777777777777,0.14351851851851852,3.875
eurjpy,pullback_reversal_rsi,validation,confirm_1bar,125,40,72,26,0.23076923076923078,0.9868421052631579,-0.009615384615384616,-0.25
eurjpy,pullback_reversal_rsi,validation,confirm_1bar,125,50,24,34,0.20588235294117646,0.875,-0.07352941176470588,-2.5
eurjpy,pullback_reversal_rsi,validation,confirm_1bar,125,50,48,27,0.2962962962962963,1.1764705882352942,0.1111111111111111,3.0
eurjpy,pullback_reversal_rsi,validation,confirm_1bar,125,50,72,26,0.2692307692307692,0.9722222222222222,-0.019230769230769232,-0.5
eurjpy,pullback_reversal_rsi,validation,confirm_1bar,125,60,24,34,0.20588235294117646,0.8578431372549021,-0.07107843137254899,-2.4166666666666656
eurjpy,pullback_reversal_rsi,validation,confirm_1bar,125,60,48,27,0.37037037037037035,1.488095238095238,0.2530864197530865,6.833333333333336
eurjpy,pullback_reversal_rsi,validation,confirm_1bar,125,60,72,26,0.38461538461538464,1.3888888888888888,0.2243589743589744,5.833333333333334
eurjpy,pullback_reversal_rsi,validation,confirm_1bar,125,75,24,34,0.20588235294117646,0.7291666666666666,-0.12745098039215683,-4.333333333333332
eurjpy,pullback_reversal_rsi,validation,confirm_1bar,125,75,48,27,0.37037037037037035,1.1904761904761905,0.09876543209876544,2.666666666666667
eurjpy,pullback_reversal_rsi,validation,confirm_1bar,125,75,72,26,0.38461538461538464,1.1111111111111112,0.06410256410256415,1.6666666666666679
eurjpy,pullback_reversal_rsi,validation,confirm_1bar,125,100,24,34,0.20588235294117646,0.6730769230769231,-0.125,-4.25
eurjpy,pullback_reversal_rsi,validation,confirm_1bar,125,100,48,27,0.37037037037037035,0.9615384615384616,-0.018518518518518517,-0.5
eurjpy,pullback_reversal_rsi,validation,confirm_1bar,125,100,72,26,0.4230769230769231,1.0576923076923077,0.028846153846153848,0.75
eurjpy,pullback_reversal_rsi,validation,confirm_1bar,125,125,24,34,0.20588235294117646,0.7777777777777778,-0.058823529411764705,-2.0
eurjpy,pullback_reversal_rsi,validation,confirm_1bar,125,125,48,27,0.37037037037037035,1.0,0.0,0.0
eurjpy,pullback_reversal_rsi,validation,confirm_1bar,125,125,72,26,0.4230769230769231,1.1,0.038461538461538464,1.0
eurjpy,pullback_reversal_rsi,oos,next_open,40,40,24,38,0.6052631578947368,2.090909090909091,0.3157894736842105,12.0
eurjpy,pullback_reversal_rsi,oos,next_open,40,40,48,30,0.7333333333333333,2.75,0.4666666666666667,14.0
eurjpy,pullback_reversal_rsi,oos,next_open,40,40,72,29,0.6896551724137931,2.2222222222222223,0.3793103448275862,11.0
eurjpy,pullback_reversal_rsi,oos,next_open,40,50,24,38,0.631578947368421,1.9200000000000004,0.24210526315789477,9.200000000000001
eurjpy,pullback_reversal_rsi,oos,next_open,40,50,48,30,0.7333333333333333,2.2000000000000006,0.3200000000000002,9.600000000000005
eurjpy,pullback_reversal_rsi,oos,next_open,40,50,72,29,0.6896551724137931,1.7777777777777781,0.24137931034482768,7.000000000000003
eurjpy,pullback_reversal_rsi,oos,next_open,40,60,24,38,0.6578947368421053,1.851851851851852,0.2017543859649123,7.666666666666667
eurjpy,pullback_reversal_rsi,oos,next_open,40,60,48,30,0.7666666666666667,2.19047619047619,0.27777777777777773,8.333333333333332
eurjpy,pullback_reversal_rsi,oos,next_open,40,60,72,29,0.7241379310344828,1.7499999999999996,0.2068965517241379,5.999999999999999
eurjpy,pullback_reversal_rsi,oos,next_open,40,75,24,38,0.7105263157894737,2.4,0.2210526315789474,8.4
eurjpy,pullback_reversal_rsi,oos,next_open,40,75,48,30,0.8333333333333334,3.3333333333333335,0.3111111111111111,9.333333333333334
eurjpy,pullback_reversal_rsi,oos,next_open,40,75,72,29,0.8275862068965517,2.56,0.26896551724137935,7.800000000000001
eurjpy,pullback_reversal_rsi,oos,next_open,40,100,24,38,0.7105263157894737,3.600000000000001,0.2052631578947369,7.8000000000000025
eurjpy,pullback_reversal_rsi,oos,next_open,40,100,48,30,0.9,5.400000000000001,0.2933333333333334,8.800000000000002
eurjpy,pullback_reversal_rsi,oos,next_open,40,100,72,29,0.896551724137931,3.4666666666666672,0.2551724137931035,7.400000000000002
eurjpy,pullback_reversal_rsi,oos,next_open,40,125,24,38,0.7105263157894737,2.8800000000000003,0.14842105263157898,5.6400000000000015
eurjpy,pullback_reversal_rsi,oos,next_open,40,125,48,30,0.9,4.32,0.22133333333333335,6.640000000000001
eurjpy,pullback_reversal_rsi,oos,next_open,40,125,72,29,0.896551724137931,2.7733333333333334,0.18344827586206897,5.32
eurjpy,pullback_reversal_rsi,oos,next_open,50,40,24,38,0.5789473684210527,2.2916666666666665,0.40789473684210525,15.5
eurjpy,pullback_reversal_rsi,oos,next_open,50,40,48,30,0.6666666666666666,2.7777777777777777,0.5333333333333333,16.0
eurjpy,pullback_reversal_rsi,oos,next_open,50,40,72,29,0.6896551724137931,2.7777777777777777,0.5517241379310345,16.0
eurjpy,pullback_reversal_rsi,oos,next_open,50,50,24,38,0.5789473684210527,2.0,0.2894736842105263,11.0
eurjpy,pullback_reversal_rsi,oos,next_open,50,50,48,30,0.6666666666666666,2.2222222222222223,0.36666666666666664,11.0
eurjpy,pullback_reversal_rsi,oos,next_open,50,50,72,29,0.6896551724137931,2.2222222222222223,0.3793103448275862,11.0
eurjpy,pullback_reversal_rsi,oos,next_open,50,60,24,38,0.5789473684210527,1.8333333333333333,0.2192982456140351,8.333333333333334
eurjpy,pullback_reversal_rsi,oos,next_open,50,60,48,30,0.7,2.1875,0.3166666666666667,9.500000000000002
eurjpy,pullback_reversal_rsi,oos,next_open,50,60,72,29,0.7241379310344828,2.1875,0.32758620689655177,9.500000000000002
eurjpy,pullback_reversal_rsi,oos,next_open,50,75,24,38,0.6578947368421053,2.777777777777778,0.28070175438596484,10.666666666666664
eurjpy,pullback_reversal_rsi,oos,next_open,50,75,48,30,0.7666666666666667,3.0666666666666655,0.34444444444444433,10.33333333333333
eurjpy,pullback_reversal_rsi,oos,next_open,50,75,72,29,0.8275862068965517,3.2,0.37931034482758613,10.999999999999998
eurjpy,pullback_reversal_rsi,oos,next_open,50,100,24,38,0.6578947368421053,4.166666666666667,0.25,9.5
eurjpy,pullback_reversal_rsi,oos,next_open,50,100,48,30,0.8333333333333334,4.166666666666667,0.31666666666666665,9.5
eurjpy,pullback_reversal_rsi,oos,next_open,50,100,72,29,0.896551724137931,4.333333333333333,0.3448275862068966,10.0
eurjpy,pullback_reversal_rsi,oos,next_open,50,125,24,38,0.6578947368421053,3.333333333333334,0.18421052631578952,7.000000000000002
eurjpy,pullback_reversal_rsi,oos,next_open,50,125,48,30,0.8666666666666667,5.200000000000001,0.2800000000000001,8.400000000000002
eurjpy,pullback_reversal_rsi,oos,next_open,50,125,72,29,0.896551724137931,3.4666666666666672,0.2551724137931035,7.400000000000002
eurjpy,pullback_reversal_rsi,oos,next_open,60,40,24,38,0.4473684210526316,1.9615384615384615,0.32894736842105265,12.5
eurjpy,pullback_reversal_rsi,oos,next_open,60,40,48,30,0.5666666666666667,2.3181818181818183,0.48333333333333334,14.5
eurjpy,pullback_reversal_rsi,oos,next_open,60,40,72,29,0.5862068965517241,2.3181818181818183,0.5,14.5
eurjpy,pullback_reversal_rsi,oos,next_open,60,50,24,38,0.4473684210526316,1.7,0.22105263157894733,8.399999999999999
eurjpy,pullback_reversal_rsi,oos,next_open,60,50,48,30,0.5666666666666667,2.04,0.34666666666666657,10.399999999999997
eurjpy,pullback_reversal_rsi,oos,next_open,60,50,72,29,0.5862068965517241,2.04,0.35862068965517235,10.399999999999999
eurjpy,pullback_reversal_rsi,oos,next_open,60,60,24,38,0.4473684210526316,1.5454545454545454,0.15789473684210525,6.0
eurjpy,pullback_reversal_rsi,oos,next_open,60,60,48,30,0.6,2.0,0.3,9.0
eurjpy,pullback_reversal_rsi,oos,next_open,60,60,72,29,0.6206896551724138,2.0,0.3103448275862069,9.0
eurjpy,pullback_reversal_rsi,oos,next_open,60,75,24,38,0.5263157894736842,2.285714285714286,0.23684210526315794,9.000000000000002
eurjpy,pullback_reversal_rsi,oos,next_open,60,75,48,30,0.6666666666666666,2.6666666666666674,0.3333333333333334,10.000000000000004
eurjpy,pullback_reversal_rsi,oos,next_open,60,75,72,29,0.7241379310344828,2.8000000000000007,0.37241379310344835,10.800000000000002
eurjpy,pullback_reversal_rsi,oos,next_open,60,100,24,38,0.5263157894736842,2.9999999999999996,0.21052631578947367,8.0
eurjpy,pullback_reversal_rsi,oos,next_open,60,100,48,30,0.6666666666666666,2.9999999999999996,0.2666666666666666,7.999999999999998
eurjpy,pullback_reversal_rsi,oos,next_open,60,100,72,29,0.7931034482758621,3.4499999999999993,0.3379310344827586,9.799999999999999
eurjpy,pullback_reversal_rsi,oos,next_open,60,125,24,38,0.5263157894736842,3.2000000000000006,0.17368421052631577,6.6
eurjpy,pullback_reversal_rsi,oos,next_open,60,125,48,30,0.7,5.040000000000001,0.2693333333333333,8.08
eurjpy,pullback_reversal_rsi,oos,next_open,60,125,72,29,0.7931034482758621,2.7600000000000007,0.24275862068965515,7.039999999999999
eurjpy,pullback_reversal_rsi,oos,next_open,75,40,24,38,0.3157894736842105,1.7307692307692308,0.25,9.5
eurjpy,pullback_reversal_rsi,oos,next_open,75,40,48,30,0.4666666666666667,2.019230769230769,0.44166666666666665,13.25
eurjpy,pullback_reversal_rsi,oos,next_open,75,40,72,29,0.41379310344827586,1.6071428571428572,0.29310344827586204,8.5
eurjpy,pullback_reversal_rsi,oos,next_open,75,50,24,38,0.3157894736842105,1.5,0.15789473684210525,6.0
eurjpy,pullback_reversal_rsi,oos,next_open,75,50,48,30,0.4666666666666667,1.75,0.3,9.0
eurjpy,pullback_reversal_rsi,oos,next_open,75,50,72,29,0.41379310344827586,1.3846153846153846,0.1724137931034483,5.0
eurjpy,pullback_reversal_rsi,oos,next_open,75,60,24,38,0.3157894736842105,1.3636363636363635,0.10526315789473684,4.0
eurjpy,pullback_reversal_rsi,oos,next_open,75,60,48,30,0.4666666666666667,1.75,0.25,7.5
eurjpy,pullback_reversal_rsi,oos,next_open,75,60,72,29,0.4482758620689655,1.3541666666666667,0.14655172413793102,4.25
eurjpy,pullback_reversal_rsi,oos,next_open,75,75,24,38,0.3684210526315789,2.0,0.18421052631578946,7.0
eurjpy,pullback_reversal_rsi,oos,next_open,75,75,48,30,0.5333333333333333,2.2857142857142856,0.3,9.0
eurjpy,pullback_reversal_rsi,oos,next_open,75,75,72,29,0.5517241379310345,2.0,0.27586206896551724,8.0
eurjpy,pullback_reversal_rsi,oos,next_open,75,100,24,38,0.3684210526315789,2.625,0.17105263157894737,6.5
eurjpy,pullback_reversal_rsi,oos,next_open,75,100,48,30,0.5333333333333333,3.0,0.26666666666666666,8.0
eurjpy,pullback_reversal_rsi,oos,next_open,75,100,72,29,0.6206896551724138,2.7,0.29310344827586204,8.5
eurjpy,pullback_reversal_rsi,oos,next_open,75,125,24,38,0.3684210526315789,2.7999999999999994,0.1421052631578947,5.399999999999999
eurjpy,pullback_reversal_rsi,oos,next_open,75,125,48,30,0.5666666666666667,5.1,0.2733333333333333,8.2
eurjpy,pullback_reversal_rsi,oos,next_open,75,125,72,29,0.6206896551724138,2.1599999999999997,0.19999999999999996,5.799999999999999
eurjpy,pullback_reversal_rsi,oos,next_open,100,40,24,38,0.05263157894736842,0.35714285714285715,-0.23684210526315788,-9.0
eurjpy,pullback_reversal_rsi,oos,next_open,100,40,48,30,0.3,1.5,0.25,7.5
eurjpy,pullback_reversal_rsi,oos,next_open,100,40,72,29,0.3793103448275862,1.8333333333333333,0.43103448275862066,12.5
eurjpy,pullback_reversal_rsi,oos,next_open,100,50,24,38,0.05263157894736842,0.3076923076923077,-0.23684210526315788,-9.0
eurjpy,pullback_reversal_rsi,oos,next_open,100,50,48,30,0.3,1.2857142857142858,0.13333333333333333,4.0
eurjpy,pullback_reversal_rsi,oos,next_open,100,50,72,29,0.3793103448275862,1.5714285714285714,0.27586206896551724,8.0
eurjpy,pullback_reversal_rsi,oos,next_open,100,60,24,38,0.05263157894736842,0.2777777777777778,-0.22807017543859648,-8.666666666666666
eurjpy,pullback_reversal_rsi,oos,next_open,100,60,48,30,0.3,1.25,0.10000000000000003,3.000000000000001
eurjpy,pullback_reversal_rsi,oos,next_open,100,60,72,29,0.41379310344827586,1.5384615384615388,0.2413793103448276,7.0
eurjpy,pullback_reversal_rsi,oos,next_open,100,75,24,38,0.07894736842105263,0.5,-0.10526315789473684,-4.0
eurjpy,pullback_reversal_rsi,oos,next_open,100,75,48,30,0.36666666666666664,1.6296296296296298,0.18888888888888883,5.666666666666665
eurjpy,pullback_reversal_rsi,oos,next_open,100,75,72,29,0.5172413793103449,2.222222222222222,0.3793103448275862,11.0
eurjpy,pullback_reversal_rsi,oos,next_open,100,100,24,38,0.07894736842105263,0.75,-0.02631578947368421,-1.0
eurjpy,pullback_reversal_rsi,oos,next_open,100,100,48,30,0.36666666666666664,2.75,0.23333333333333334,7.0
eurjpy,pullback_reversal_rsi,oos,next_open,100,100,72,29,0.5862068965517241,3.4,0.41379310344827586,12.0
eurjpy,pullback_reversal_rsi,oos,next_open,100,125,24,38,0.07894736842105263,0.8000000000000002,-0.015789473684210523,-0.5999999999999999
eurjpy,pullback_reversal_rsi,oos,next_open,100,125,48,30,0.36666666666666664,4.4,0.22666666666666666,6.8
eurjpy,pullback_reversal_rsi,oos,next_open,100,125,72,29,0.5862068965517241,2.72,0.29655172413793107,8.600000000000001
eurjpy,pullback_reversal_rsi,oos,next_open,125,40,24,38,0.05263157894736842,0.44642857142857145,-0.20394736842105263,-7.75
eurjpy,pullback_reversal_rsi,oos,next_open,125,40,48,30,0.23333333333333334,1.4583333333333333,0.22916666666666666,6.875
eurjpy,pullback_reversal_rsi,oos,next_open,125,40,72,29,0.3103448275862069,1.875,0.4525862068965517,13.125
eurjpy,pullback_reversal_rsi,oos,next_open,125,50,24,38,0.05263157894736842,0.38461538461538464,-0.21052631578947367,-8.0
eurjpy,pullback_reversal_rsi,oos,next_open,125,50,48,30,0.23333333333333334,1.25,0.11666666666666667,3.5
eurjpy,pullback_reversal_rsi,oos,next_open,125,50,72,29,0.3103448275862069,1.6071428571428572,0.29310344827586204,8.5
eurjpy,pullback_reversal_rsi,oos,next_open,125,60,24,38,0.05263157894736842,0.34722222222222227,-0.20614035087719298,-7.833333333333333
eurjpy,pullback_reversal_rsi,oos,next_open,125,60,48,30,0.23333333333333334,1.215277777777778,0.08611111111111112,2.583333333333334
eurjpy,pullback_reversal_rsi,oos,next_open,125,60,72,29,0.3103448275862069,1.4423076923076923,0.19827586206896552,5.75
eurjpy,pullback_reversal_rsi,oos,next_open,125,75,24,38,0.05263157894736842,0.4166666666666667,-0.12280701754385963,-4.666666666666666
eurjpy,pullback_reversal_rsi,oos,next_open,125,75,48,30,0.26666666666666666,1.4814814814814816,0.14444444444444446,4.333333333333334
eurjpy,pullback_reversal_rsi,oos,next_open,125,75,72,29,0.41379310344827586,2.2222222222222228,0.3793103448275862,11.0
eurjpy,pullback_reversal_rsi,oos,next_open,125,100,24,38,0.05263157894736842,0.625,-0.039473684210526314,-1.5
eurjpy,pullback_reversal_rsi,oos,next_open,125,100,48,30,0.26666666666666666,2.5,0.2,6.0
eurjpy,pullback_reversal_rsi,oos,next_open,125,100,72,29,0.41379310344827586,3.0,0.3448275862068966,10.0
eurjpy,pullback_reversal_rsi,oos,next_open,125,125,24,38,0.05263157894736842,0.6666666666666666,-0.02631578947368421,-1.0
eurjpy,pullback_reversal_rsi,oos,next_open,125,125,48,30,0.26666666666666666,4.0,0.2,6.0
eurjpy,pullback_reversal_rsi,oos,next_open,125,125,72,29,0.41379310344827586,2.4,0.2413793103448276,7.0
eurjpy,pullback_reversal_rsi,oos,break_signal_high,40,40,24,35,0.6285714285714286,2.2,0.34285714285714286,12.0
eurjpy,pullback_reversal_rsi,oos,break_signal_high,40,40,48,28,0.6785714285714286,2.375,0.39285714285714285,11.0
eurjpy,pullback_reversal_rsi,oos,break_signal_high,40,40,72,28,0.75,3.0,0.5,14.0
eurjpy,pullback_reversal_rsi,oos,break_signal_high,40,50,24,35,0.6571428571428571,2.044444444444445,0.2685714285714286,9.400000000000002
eurjpy,pullback_reversal_rsi,oos,break_signal_high,40,50,48,28,0.7142857142857143,2.285714285714286,0.3214285714285715,9.000000000000002
eurjpy,pullback_reversal_rsi,oos,break_signal_high,40,50,72,28,0.7857142857142857,2.933333333333334,0.4142857142857145,11.600000000000005
eurjpy,pullback_reversal_rsi,oos,break_signal_high,40,60,24,35,0.6571428571428571,1.7037037037037033,0.18095238095238098,6.333333333333334
eurjpy,pullback_reversal_rsi,oos,break_signal_high,40,60,48,28,0.7142857142857143,1.9047619047619044,0.2261904761904762,6.333333333333333
eurjpy,pullback_reversal_rsi,oos,break_signal_high,40,60,72,28,0.7857142857142857,2.4444444444444438,0.3095238095238095,8.666666666666666
eurjpy,pullback_reversal_rsi,oos,break_signal_high,40,75,24,35,0.7428571428571429,2.3111111111111113,0.22476190476190477,7.866666666666667
eurjpy,pullback_reversal_rsi,oos,break_signal_high,40,75,48,28,0.7857142857142857,2.3466666666666667,0.24047619047619048,6.733333333333333
eurjpy,pullback_reversal_rsi,oos,break_signal_high,40,75,72,28,0.8571428571428571,3.2,0.31428571428571433,8.8
eurjpy,pullback_reversal_rsi,oos,break_signal_high,40,100,24,35,0.7428571428571429,5.200000000000001,0.24000000000000007,8.400000000000002
eurjpy,pullback_reversal_rsi,oos,break_signal_high,40,100,48,28,0.8571428571428571,4.800000000000001,0.27142857142857146,7.600000000000001
eurjpy,pullback_reversal_rsi,oos,break_signal_high,40,100,72,28,0.9642857142857143,10.800000000000002,0.3500000000000001,9.800000000000002
eurjpy,pullback_reversal_rsi,oos,break_signal_high,40,125,24,35,0.7428571428571429,4.16,0.1805714285714286,6.320000000000001
eurjpy,pullback_reversal_rsi,oos,break_signal_high,40,125,48,28,0.8571428571428571,3.84,0.2028571428571429,5.6800000000000015
eurjpy,pullback_reversal_rsi,oos,break_signal_high,40,125,72,28,0.9642857142857143,8.64,0.27285714285714285,7.640000000000001
eurjpy,pullback_reversal_rsi,oos,break_signal_high,50,40,24,35,0.5142857142857142,2.25,0.35714285714285715,12.5
eurjpy,pullback_reversal_rsi,oos,break_signal_high,50,40,48,28,0.6428571428571429,2.5,0.48214285714285715,13.5
eurjpy,pullback_reversal_rsi,oos,break_signal_high,50,40,72,28,0.7142857142857143,3.125,0.6071428571428571,17.0
eurjpy,pullback_reversal_rsi,oos,break_signal_high,50,50,24,35,0.5142857142857142,2.0,0.2571428571428571,9.0
eurjpy,pullback_reversal_rsi,oos,break_signal_high,50,50,48,28,0.6428571428571429,2.5714285714285716,0.39285714285714285,11.0
eurjpy,pullback_reversal_rsi,oos,break_signal_high,50,50,72,28,0.7142857142857143,3.3333333333333335,0.5,14.0
eurjpy,pullback_reversal_rsi,oos,break_signal_high,50,60,24,35,0.5142857142857142,1.666666666666667,0.17142857142857143,6.0
eurjpy,pullback_reversal_rsi,oos,break_signal_high,50,60,48,28,0.6428571428571429,2.1428571428571432,0.2857142857142857,8.0
eurjpy,pullback_reversal_rsi,oos,break_signal_high,50,60,72,28,0.7142857142857143,2.777777777777778,0.38095238095238104,10.66666666666667
eurjpy,pullback_reversal_rsi,oos,break_signal_high,50,75,24,35,0.5714285714285714,2.222222222222222,0.20952380952380953,7.333333333333333
eurjpy,pullback_reversal_rsi,oos,break_signal_high,50,75,48,28,0.7142857142857143,2.666666666666666,0.29761904761904756,8.333333333333332
eurjpy,pullback_reversal_rsi,oos,break_signal_high,50,75,72,28,0.7857142857142857,3.6666666666666656,0.3809523809523809,10.666666666666664
eurjpy,pullback_reversal_rsi,oos,break_signal_high,50,100,24,35,0.5714285714285714,5.0,0.22857142857142856,8.0
eurjpy,pullback_reversal_rsi,oos,break_signal_high,50,100,48,28,0.7857142857142857,5.5,0.32142857142857145,9.0
eurjpy,pullback_reversal_rsi,oos,break_signal_high,50,100,72,28,0.8928571428571429,12.5,0.4107142857142857,11.5
eurjpy,pullback_reversal_rsi,oos,break_signal_high,50,125,24,35,0.5714285714285714,4.000000000000001,0.17142857142857146,6.000000000000001
eurjpy,pullback_reversal_rsi,oos,break_signal_high,50,125,48,28,0.7857142857142857,4.400000000000001,0.2428571428571429,6.800000000000002
eurjpy,pullback_reversal_rsi,oos,break_signal_high,50,125,72,28,0.8928571428571429,10.000000000000002,0.3214285714285715,9.000000000000002
eurjpy,pullback_reversal_rsi,oos,break_signal_high,60,40,24,35,0.45714285714285713,2.1818181818181817,0.37142857142857144,13.0
eurjpy,pullback_reversal_rsi,oos,break_signal_high,60,40,48,28,0.6071428571428571,2.55,0.5535714285714286,15.5
eurjpy,pullback_reversal_rsi,oos,break_signal_high,60,40,72,28,0.6785714285714286,3.1666666666666665,0.6964285714285714,19.5
eurjpy,pullback_reversal_rsi,oos,break_signal_high,60,50,24,35,0.45714285714285713,1.92,0.2628571428571428,9.199999999999998
eurjpy,pullback_reversal_rsi,oos,break_signal_high,60,50,48,28,0.6071428571428571,2.55,0.4428571428571428,12.399999999999999
eurjpy,pullback_reversal_rsi,oos,break_signal_high,60,50,72,28,0.6785714285714286,3.2571428571428567,0.5642857142857142,15.799999999999997
eurjpy,pullback_reversal_rsi,oos,break_signal_high,60,60,24,35,0.45714285714285713,1.6,0.17142857142857143,6.0
eurjpy,pullback_reversal_rsi,oos,break_signal_high,60,60,48,28,0.6071428571428571,2.125,0.32142857142857145,9.0
eurjpy,pullback_reversal_rsi,oos,break_signal_high,60,60,72,28,0.6785714285714286,2.7142857142857144,0.42857142857142855,12.0
eurjpy,pullback_reversal_rsi,oos,break_signal_high,60,75,24,35,0.5142857142857142,2.0571428571428574,0.21142857142857144,7.4
eurjpy,pullback_reversal_rsi,oos,break_signal_high,60,75,48,28,0.6785714285714286,2.5333333333333337,0.3285714285714287,9.200000000000003
eurjpy,pullback_reversal_rsi,oos,break_signal_high,60,75,72,28,0.75,3.3600000000000008,0.4214285714285716,11.800000000000004
eurjpy,pullback_reversal_rsi,oos,break_signal_high,60,100,24,35,0.5142857142857142,3.5999999999999996,0.22285714285714284,7.799999999999999
eurjpy,pullback_reversal_rsi,oos,break_signal_high,60,100,48,28,0.6785714285714286,3.7999999999999994,0.29999999999999993,8.399999999999999
eurjpy,pullback_reversal_rsi,oos,break_signal_high,60,100,72,28,0.8214285714285714,6.899999999999999,0.4214285714285713,11.799999999999997
eurjpy,pullback_reversal_rsi,oos,break_signal_high,60,125,24,35,0.5142857142857142,4.32,0.18971428571428572,6.640000000000001
eurjpy,pullback_reversal_rsi,oos,break_signal_high,60,125,48,28,0.6785714285714286,4.5600000000000005,0.25428571428571434,7.120000000000001
eurjpy,pullback_reversal_rsi,oos,break_signal_high,60,125,72,28,0.8214285714285714,5.520000000000001,0.3228571428571429,9.040000000000001
eurjpy,pullback_reversal_rsi,oos,break_signal_high,75,40,24,35,0.2571428571428571,1.5340909090909092,0.16785714285714284,5.875
eurjpy,pullback_reversal_rsi,oos,break_signal_high,75,40,48,28,0.4642857142857143,1.875,0.40625,11.375
eurjpy,pullback_reversal_rsi,oos,break_signal_high,75,40,72,28,0.4642857142857143,1.875,0.40625,11.375
eurjpy,pullback_reversal_rsi,oos,break_signal_high,75,50,24,35,0.2571428571428571,1.35,0.1,3.5
eurjpy,pullback_reversal_rsi,oos,break_signal_high,75,50,48,28,0.4642857142857143,1.7727272727272727,0.30357142857142855,8.5
eurjpy,pullback_reversal_rsi,oos,break_signal_high,75,50,72,28,0.4642857142857143,1.7727272727272727,0.30357142857142855,8.5
eurjpy,pullback_reversal_rsi,oos,break_signal_high,75,60,24,35,0.2571428571428571,1.125,0.03571428571428571,1.25
eurjpy,pullback_reversal_rsi,oos,break_signal_high,75,60,48,28,0.4642857142857143,1.4772727272727273,0.1875,5.25
eurjpy,pullback_reversal_rsi,oos,break_signal_high,75,60,72,28,0.4642857142857143,1.4772727272727273,0.1875,5.25
eurjpy,pullback_reversal_rsi,oos,break_signal_high,75,75,24,35,0.2857142857142857,1.4285714285714286,0.08571428571428572,3.0
eurjpy,pullback_reversal_rsi,oos,break_signal_high,75,75,48,28,0.5,1.75,0.21428571428571427,6.0
eurjpy,pullback_reversal_rsi,oos,break_signal_high,75,75,72,28,0.5714285714285714,2.0,0.2857142857142857,8.0
eurjpy,pullback_reversal_rsi,oos,break_signal_high,75,100,24,35,0.2857142857142857,2.5,0.12857142857142856,4.5
eurjpy,pullback_reversal_rsi,oos,break_signal_high,75,100,48,28,0.5,2.625,0.23214285714285715,6.5
eurjpy,pullback_reversal_rsi,oos,break_signal_high,75,100,72,28,0.6428571428571429,3.375,0.3392857142857143,9.5
eurjpy,pullback_reversal_rsi,oos,break_signal_high,75,125,24,35,0.2857142857142857,2.9999999999999996,0.11428571428571427,3.9999999999999996
eurjpy,pullback_reversal_rsi,oos,break_signal_high,75,125,48,28,0.5,4.199999999999999,0.22857142857142856,6.3999999999999995
eurjpy,pullback_reversal_rsi,oos,break_signal_high,75,125,72,28,0.6428571428571429,3.5999999999999996,0.2785714285714285,7.799999999999999
eurjpy,pullback_reversal_rsi,oos,break_signal_high,100,40,24,35,0.08571428571428572,0.625,-0.12857142857142856,-4.5
eurjpy,pullback_reversal_rsi,oos,break_signal_high,100,40,48,28,0.2857142857142857,1.4285714285714286,0.21428571428571427,6.0
eurjpy,pullback_reversal_rsi,oos,break_signal_high,100,40,72,28,0.42857142857142855,2.142857142857143,0.5714285714285714,16.0
eurjpy,pullback_reversal_rsi,oos,break_signal_high,100,50,24,35,0.08571428571428572,0.5454545454545454,-0.14285714285714285,-5.0
eurjpy,pullback_reversal_rsi,oos,break_signal_high,100,50,48,28,0.2857142857142857,1.3333333333333333,0.14285714285714285,4.0
eurjpy,pullback_reversal_rsi,oos,break_signal_high,100,50,72,28,0.42857142857142855,2.0,0.42857142857142855,12.0
eurjpy,pullback_reversal_rsi,oos,break_signal_high,100,60,24,35,0.08571428571428572,0.45454545454545453,-0.17142857142857143,-6.0
eurjpy,pullback_reversal_rsi,oos,break_signal_high,100,60,48,28,0.2857142857142857,1.1111111111111112,0.04761904761904764,1.333333333333334
eurjpy,pullback_reversal_rsi,oos,break_signal_high,100,60,72,28,0.42857142857142855,1.666666666666667,0.28571428571428575,8.000000000000002
eurjpy,pullback_reversal_rsi,oos,break_signal_high,100,75,24,35,0.08571428571428572,0.5,-0.11428571428571428,-4.0
eurjpy,pullback_reversal_rsi,oos,break_signal_high,100,75,48,28,0.32142857142857145,1.3333333333333333,0.10714285714285711,2.999999999999999
eurjpy,pullback_reversal_rsi,oos,break_signal_high,100,75,72,28,0.5357142857142857,2.222222222222222,0.39285714285714285,11.0
eurjpy,pullback_reversal_rsi,oos,break_signal_high,100,100,24,35,0.08571428571428572,0.75,-0.02857142857142857,-1.0
eurjpy,pullback_reversal_rsi,oos,break_signal_high,100,100,48,28,0.32142857142857145,1.8,0.14285714285714285,4.0
eurjpy,pullback_reversal_rsi,oos,break_signal_high,100,100,72,28,0.5714285714285714,3.2,0.39285714285714285,11.0
eurjpy,pullback_reversal_rsi,oos,break_signal_high,100,125,24,35,0.08571428571428572,1.2000000000000002,0.011428571428571432,0.40000000000000013
eurjpy,pullback_reversal_rsi,oos,break_signal_high,100,125,48,28,0.32142857142857145,3.6,0.18571428571428572,5.2
eurjpy,pullback_reversal_rsi,oos,break_signal_high,100,125,72,28,0.6071428571428571,4.533333333333334,0.3785714285714286,10.600000000000001
eurjpy,pullback_reversal_rsi,oos,break_signal_high,125,40,24,35,0.05714285714285714,0.4807692307692308,-0.19285714285714287,-6.75
eurjpy,pullback_reversal_rsi,oos,break_signal_high,125,40,48,28,0.21428571428571427,1.25,0.13392857142857142,3.75
eurjpy,pullback_reversal_rsi,oos,break_signal_high,125,40,72,28,0.2857142857142857,1.6666666666666667,0.35714285714285715,10.0
eurjpy,pullback_reversal_rsi,oos,break_signal_high,125,50,24,35,0.05714285714285714,0.4166666666666667,-0.2,-7.0
eurjpy,pullback_reversal_rsi,oos,break_signal_high,125,50,48,28,0.21428571428571427,1.1538461538461537,0.07142857142857142,2.0
eurjpy,pullback_reversal_rsi,oos,break_signal_high,125,50,72,28,0.2857142857142857,1.5384615384615385,0.25,7.0
eurjpy,pullback_reversal_rsi,oos,break_signal_high,125,60,24,35,0.05714285714285714,0.37878787878787884,-0.19523809523809524,-6.833333333333333
eurjpy,pullback_reversal_rsi,oos,break_signal_high,125,60,48,28,0.21428571428571427,1.0416666666666667,0.017857142857142873,0.5000000000000004
eurjpy,pullback_reversal_rsi,oos,break_signal_high,125,60,72,28,0.2857142857142857,1.388888888888889,0.1666666666666667,4.666666666666668
eurjpy,pullback_reversal_rsi,oos,break_signal_high,125,75,24,35,0.05714285714285714,0.4166666666666667,-0.1333333333333333,-4.666666666666666
eurjpy,pullback_reversal_rsi,oos,break_signal_high,125,75,48,28,0.21428571428571427,1.1111111111111112,0.03571428571428571,1.0
eurjpy,pullback_reversal_rsi,oos,break_signal_high,125,75,72,28,0.35714285714285715,1.851851851851852,0.2738095238095238,7.666666666666666
eurjpy,pullback_reversal_rsi,oos,break_signal_high,125,100,24,35,0.05714285714285714,0.625,-0.04285714285714286,-1.5
eurjpy,pullback_reversal_rsi,oos,break_signal_high,125,100,48,28,0.21428571428571427,1.5,0.08928571428571429,2.5
eurjpy,pullback_reversal_rsi,oos,break_signal_high,125,100,72,28,0.35714285714285715,2.5,0.26785714285714285,7.5
eurjpy,pullback_reversal_rsi,oos,break_signal_high,125,125,24,35,0.05714285714285714,1.0,0.0,0.0
eurjpy,pullback_reversal_rsi,oos,break_signal_high,125,125,48,28,0.21428571428571427,3.0,0.14285714285714285,4.0
eurjpy,pullback_reversal_rsi,oos,break_signal_high,125,125,72,28,0.35714285714285715,3.3333333333333335,0.25,7.0
eurjpy,pullback_reversal_rsi,oos,confirm_1bar,40,40,24,34,0.5294117647058824,1.8,0.23529411764705882,8.0
eurjpy,pullback_reversal_rsi,oos,confirm_1bar,40,40,48,27,0.7037037037037037,2.375,0.4074074074074074,11.0
eurjpy,pullback_reversal_rsi,oos,confirm_1bar,40,40,72,26,0.7692307692307693,3.3333333333333335,0.5384615384615384,14.0
eurjpy,pullback_reversal_rsi,oos,confirm_1bar,40,50,24,34,0.5294117647058824,1.6000000000000003,0.15882352941176475,5.400000000000001
eurjpy,pullback_reversal_rsi,oos,confirm_1bar,40,50,48,27,0.7037037037037037,1.9000000000000004,0.2666666666666668,7.200000000000003
eurjpy,pullback_reversal_rsi,oos,confirm_1bar,40,50,72,26,0.7692307692307693,2.6666666666666674,0.38461538461538475,10.000000000000004
eurjpy,pullback_reversal_rsi,oos,confirm_1bar,40,60,24,34,0.5588235294117647,1.583333333333333,0.1372549019607843,4.666666666666666
eurjpy,pullback_reversal_rsi,oos,confirm_1bar,40,60,48,27,0.7037037037037037,1.809523809523809,0.20987654320987653,5.666666666666666
eurjpy,pullback_reversal_rsi,oos,confirm_1bar,40,60,72,26,0.7692307692307693,2.666666666666666,0.3205128205128205,8.333333333333332
eurjpy,pullback_reversal_rsi,oos,confirm_1bar,40,75,24,34,0.5588235294117647,1.4476190476190476,0.09215686274509803,3.133333333333333
eurjpy,pullback_reversal_rsi,oos,confirm_1bar,40,75,48,27,0.7777777777777778,2.2399999999999998,0.2296296296296296,6.199999999999999
eurjpy,pullback_reversal_rsi,oos,confirm_1bar,40,75,72,26,0.8076923076923077,2.8,0.27692307692307694,7.200000000000001
eurjpy,pullback_reversal_rsi,oos,confirm_1bar,40,100,24,34,0.6176470588235294,2.8000000000000007,0.15882352941176475,5.400000000000001
eurjpy,pullback_reversal_rsi,oos,confirm_1bar,40,100,48,27,0.8148148148148148,2.933333333333334,0.21481481481481485,5.800000000000001
eurjpy,pullback_reversal_rsi,oos,confirm_1bar,40,100,72,26,0.8846153846153846,4.600000000000001,0.27692307692307694,7.200000000000001
eurjpy,pullback_reversal_rsi,oos,confirm_1bar,40,125,24,34,0.6176470588235294,2.2400000000000007,0.10941176470588238,3.7200000000000006
eurjpy,pullback_reversal_rsi,oos,confirm_1bar,40,125,48,27,0.8148148148148148,2.346666666666667,0.14962962962962967,4.040000000000001
eurjpy,pullback_reversal_rsi,oos,confirm_1bar,40,125,72,26,0.8846153846153846,3.680000000000001,0.20615384615384616,5.36
eurjpy,pullback_reversal_rsi,oos,confirm_1bar,50,40,24,34,0.5,2.125,0.33088235294117646,11.25
eurjpy,pullback_reversal_rsi,oos,confirm_1bar,50,40,48,27,0.6666666666666666,2.5,0.5,13.5
eurjpy,pullback_reversal_rsi,oos,confirm_1bar,50,40,72,26,0.7307692307692307,3.392857142857143,0.6442307692307693,16.75
eurjpy,pullback_reversal_rsi,oos,confirm_1bar,50,50,24,34,0.5,1.8888888888888888,0.23529411764705882,8.0
eurjpy,pullback_reversal_rsi,oos,confirm_1bar,50,50,48,27,0.6666666666666666,2.0,0.3333333333333333,9.0
eurjpy,pullback_reversal_rsi,oos,confirm_1bar,50,50,72,26,0.7307692307692307,2.7142857142857144,0.46153846153846156,12.0
eurjpy,pullback_reversal_rsi,oos,confirm_1bar,50,60,24,34,0.5,1.7708333333333335,0.18137254901960786,6.166666666666667
eurjpy,pullback_reversal_rsi,oos,confirm_1bar,50,60,48,27,0.6666666666666666,1.8750000000000002,0.2592592592592593,7.000000000000002
eurjpy,pullback_reversal_rsi,oos,confirm_1bar,50,60,72,26,0.7307692307692307,2.6388888888888893,0.37820512820512825,9.833333333333334
eurjpy,pullback_reversal_rsi,oos,confirm_1bar,50,75,24,34,0.5,1.6190476190476188,0.12745098039215685,4.333333333333333
eurjpy,pullback_reversal_rsi,oos,confirm_1bar,50,75,48,27,0.7407407407407407,2.222222222222222,0.27160493827160487,7.333333333333332
eurjpy,pullback_reversal_rsi,oos,confirm_1bar,50,75,72,26,0.7692307692307693,2.666666666666666,0.3205128205128205,8.333333333333332
eurjpy,pullback_reversal_rsi,oos,confirm_1bar,50,100,24,34,0.5588235294117647,3.1666666666666665,0.19117647058823528,6.5
eurjpy,pullback_reversal_rsi,oos,confirm_1bar,50,100,48,27,0.7777777777777778,3.5,0.2777777777777778,7.5
eurjpy,pullback_reversal_rsi,oos,confirm_1bar,50,100,72,26,0.8461538461538461,3.6666666666666665,0.3076923076923077,8.0
eurjpy,pullback_reversal_rsi,oos,confirm_1bar,50,125,24,34,0.5588235294117647,2.5333333333333337,0.13529411764705887,4.600000000000001
eurjpy,pullback_reversal_rsi,oos,confirm_1bar,50,125,48,27,0.7777777777777778,2.8000000000000007,0.20000000000000004,5.400000000000001
eurjpy,pullback_reversal_rsi,oos,confirm_1bar,50,125,72,26,0.8461538461538461,2.933333333333334,0.22307692307692312,5.800000000000001
eurjpy,pullback_reversal_rsi,oos,confirm_1bar,60,40,24,34,0.4117647058823529,2.1,0.3235294117647059,11.0
eurjpy,pullback_reversal_rsi,oos,confirm_1bar,60,40,48,27,0.5925925925925926,2.4,0.5185185185185185,14.0
eurjpy,pullback_reversal_rsi,oos,confirm_1bar,60,40,72,26,0.6923076923076923,3.375,0.7307692307692307,19.0
eurjpy,pullback_reversal_rsi,oos,confirm_1bar,60,50,24,34,0.4117647058823529,1.8666666666666663,0.22941176470588232,7.799999999999999
eurjpy,pullback_reversal_rsi,oos,confirm_1bar,60,50,48,27,0.5925925925925926,2.1333333333333333,0.37777777777777777,10.2
eurjpy,pullback_reversal_rsi,oos,confirm_1bar,60,50,72,26,0.6923076923076923,3.0857142857142854,0.5615384615384615,14.6
eurjpy,pullback_reversal_rsi,oos,confirm_1bar,60,60,24,34,0.4117647058823529,1.75,0.17647058823529413,6.0
eurjpy,pullback_reversal_rsi,oos,confirm_1bar,60,60,48,27,0.5925925925925926,2.0,0.2962962962962963,8.0
eurjpy,pullback_reversal_rsi,oos,confirm_1bar,60,60,72,26,0.6923076923076923,3.0,0.46153846153846156,12.0
eurjpy,pullback_reversal_rsi,oos,confirm_1bar,60,75,24,34,0.4117647058823529,1.6000000000000003,0.12352941176470589,4.2
eurjpy,pullback_reversal_rsi,oos,confirm_1bar,60,75,48,27,0.6296296296296297,2.266666666666667,0.28148148148148155,7.600000000000001
eurjpy,pullback_reversal_rsi,oos,confirm_1bar,60,75,72,26,0.7307692307692307,3.0400000000000005,0.39230769230769236,10.200000000000001
eurjpy,pullback_reversal_rsi,oos,confirm_1bar,60,100,24,34,0.4411764705882353,2.9999999999999996,0.17647058823529413,6.0
eurjpy,pullback_reversal_rsi,oos,confirm_1bar,60,100,48,27,0.6666666666666666,3.5999999999999996,0.28888888888888886,7.799999999999999
eurjpy,pullback_reversal_rsi,oos,confirm_1bar,60,100,72,26,0.7692307692307693,3.9999999999999996,0.34615384615384615,9.0
eurjpy,pullback_reversal_rsi,oos,confirm_1bar,60,125,24,34,0.4411764705882353,2.400000000000001,0.12352941176470586,4.199999999999999
eurjpy,pullback_reversal_rsi,oos,confirm_1bar,60,125,48,27,0.6666666666666666,2.8800000000000003,0.2088888888888889,5.640000000000001
eurjpy,pullback_reversal_rsi,oos,confirm_1bar,60,125,72,26,0.7692307692307693,3.2000000000000006,0.25384615384615383,6.6
eurjpy,pullback_reversal_rsi,oos,confirm_1bar,75,40,24,34,0.29411764705882354,1.7045454545454546,0.22794117647058823,7.75
eurjpy,pullback_reversal_rsi,oos,confirm_1bar,75,40,48,27,0.4444444444444444,1.875,0.3888888888888889,10.5
eurjpy,pullback_reversal_rsi,oos,confirm_1bar,75,40,72,26,0.5384615384615384,2.3863636363636362,0.5865384615384616,15.25
eurjpy,pullback_reversal_rsi,oos,confirm_1bar,75,50,24,34,0.29411764705882354,1.6666666666666667,0.17647058823529413,6.0
eurjpy,pullback_reversal_rsi,oos,confirm_1bar,75,50,48,27,0.4444444444444444,1.6363636363636365,0.25925925925925924,7.0
eurjpy,pullback_reversal_rsi,oos,confirm_1bar,75,50,72,26,0.5384615384615384,2.1,0.4230769230769231,11.0
eurjpy,pullback_reversal_rsi,oos,confirm_1bar,75,60,24,34,0.29411764705882354,1.5625,0.1323529411764706,4.5
eurjpy,pullback_reversal_rsi,oos,confirm_1bar,75,60,48,27,0.4444444444444444,1.5,0.18518518518518517,5.0
eurjpy,pullback_reversal_rsi,oos,confirm_1bar,75,60,72,26,0.5384615384615384,1.9444444444444444,0.3269230769230769,8.5
eurjpy,pullback_reversal_rsi,oos,confirm_1bar,75,75,24,34,0.29411764705882354,1.4285714285714286,0.08823529411764706,3.0
eurjpy,pullback_reversal_rsi,oos,confirm_1bar,75,75,48,27,0.48148148148148145,1.625,0.18518518518518517,5.0
eurjpy,pullback_reversal_rsi,oos,confirm_1bar,75,75,72,26,0.5769230769230769,1.875,0.2692307692307692,7.0
eurjpy,pullback_reversal_rsi,oos,confirm_1bar,75,100,24,34,0.3235294117647059,2.75,0.15441176470588236,5.25
eurjpy,pullback_reversal_rsi,oos,confirm_1bar,75,100,48,27,0.5185185185185185,2.625,0.24074074074074073,6.5
eurjpy,pullback_reversal_rsi,oos,confirm_1bar,75,100,72,26,0.6923076923076923,3.375,0.36538461538461536,9.5
eurjpy,pullback_reversal_rsi,oos,confirm_1bar,75,125,24,34,0.3235294117647059,2.1999999999999997,0.10588235294117646,3.5999999999999996
eurjpy,pullback_reversal_rsi,oos,confirm_1bar,75,125,48,27,0.5185185185185185,2.7999999999999994,0.19999999999999998,5.3999999999999995
eurjpy,pullback_reversal_rsi,oos,confirm_1bar,75,125,72,26,0.6923076923076923,3.5999999999999996,0.30000000000000004,7.800000000000001
eurjpy,pullback_reversal_rsi,oos,confirm_1bar,100,40,24,34,0.11764705882352941,0.8333333333333334,-0.058823529411764705,-2.0
eurjpy,pullback_reversal_rsi,oos,confirm_1bar,100,40,48,27,0.2962962962962963,1.5384615384615385,0.25925925925925924,7.0
eurjpy,pullback_reversal_rsi,oos,confirm_1bar,100,40,72,26,0.38461538461538464,2.0833333333333335,0.5,13.0
eurjpy,pullback_reversal_rsi,oos,confirm_1bar,100,50,24,34,0.11764705882352941,0.8,-0.058823529411764705,-2.0
eurjpy,pullback_reversal_rsi,oos,confirm_1bar,100,50,48,27,0.2962962962962963,1.3333333333333333,0.14814814814814814,4.0
eurjpy,pullback_reversal_rsi,oos,confirm_1bar,100,50,72,26,0.38461538461538464,1.8181818181818181,0.34615384615384615,9.0
eurjpy,pullback_reversal_rsi,oos,confirm_1bar,100,60,24,34,0.11764705882352941,0.7407407407407408,-0.06862745098039215,-2.333333333333333
eurjpy,pullback_reversal_rsi,oos,confirm_1bar,100,60,48,27,0.2962962962962963,1.2121212121212122,0.08641975308641978,2.333333333333334
eurjpy,pullback_reversal_rsi,oos,confirm_1bar,100,60,72,26,0.38461538461538464,1.6666666666666667,0.25641025641025644,6.666666666666668
eurjpy,pullback_reversal_rsi,oos,confirm_1bar,100,75,24,34,0.11764705882352941,0.6666666666666666,-0.07843137254901962,-2.666666666666667
eurjpy,pullback_reversal_rsi,oos,confirm_1bar,100,75,48,27,0.2962962962962963,1.1851851851851851,0.06172839506172837,1.666666666666666
eurjpy,pullback_reversal_rsi,oos,confirm_1bar,100,75,72,26,0.38461538461538464,1.4814814814814816,0.16666666666666663,4.333333333333332
eurjpy,pullback_reversal_rsi,oos,confirm_1bar,100,100,24,34,0.11764705882352941,1.0,0.0,0.0
eurjpy,pullback_reversal_rsi,oos,confirm_1bar,100,100,48,27,0.2962962962962963,1.6,0.1111111111111111,3.0
eurjpy,pullback_reversal_rsi,oos,confirm_1bar,100,100,72,26,0.5,2.6,0.3076923076923077,8.0
eurjpy,pullback_reversal_rsi,oos,confirm_1bar,100,125,24,34,0.11764705882352941,1.0666666666666667,0.005882352941176483,0.2000000000000004
eurjpy,pullback_reversal_rsi,oos,confirm_1bar,100,125,48,27,0.2962962962962963,2.1333333333333333,0.12592592592592594,3.4000000000000004
eurjpy,pullback_reversal_rsi,oos,confirm_1bar,100,125,72,26,0.5384615384615384,3.7333333333333343,0.3153846153846154,8.2
eurjpy,pullback_reversal_rsi,oos,confirm_1bar,125,40,24,34,0.058823529411764705,0.4807692307692308,-0.19852941176470587,-6.75
eurjpy,pullback_reversal_rsi,oos,confirm_1bar,125,40,48,27,0.18518518518518517,1.1160714285714286,0.06018518518518518,1.625
eurjpy,pullback_reversal_rsi,oos,confirm_1bar,125,40,72,26,0.34615384615384615,2.1634615384615383,0.5817307692307693,15.125
eurjpy,pullback_reversal_rsi,oos,confirm_1bar,125,50,24,34,0.058823529411764705,0.45454545454545453,-0.17647058823529413,-6.0
eurjpy,pullback_reversal_rsi,oos,confirm_1bar,125,50,48,27,0.18518518518518517,0.9615384615384616,-0.018518518518518517,-0.5
eurjpy,pullback_reversal_rsi,oos,confirm_1bar,125,50,72,26,0.34615384615384615,1.875,0.40384615384615385,10.5
eurjpy,pullback_reversal_rsi,oos,confirm_1bar,125,60,24,34,0.058823529411764705,0.462962962962963,-0.14215686274509803,-4.833333333333333
eurjpy,pullback_reversal_rsi,oos,confirm_1bar,125,60,48,27,0.18518518518518517,0.9469696969696971,-0.02160493827160491,-0.5833333333333326
eurjpy,pullback_reversal_rsi,oos,confirm_1bar,125,60,72,26,0.34615384615384615,1.875,0.3365384615384616,8.750000000000002
eurjpy,pullback_reversal_rsi,oos,confirm_1bar,125,75,24,34,0.058823529411764705,0.4166666666666667,-0.1372549019607843,-4.666666666666666
eurjpy,pullback_reversal_rsi,oos,confirm_1bar,125,75,48,27,0.18518518518518517,0.925925925925926,-0.024691358024691353,-0.6666666666666665
eurjpy,pullback_reversal_rsi,oos,confirm_1bar,125,75,72,26,0.34615384615384615,1.6666666666666667,0.23076923076923078,6.0
eurjpy,pullback_reversal_rsi,oos,confirm_1bar,125,100,24,34,0.058823529411764705,0.625,-0.04411764705882353,-1.5
eurjpy,pullback_reversal_rsi,oos,confirm_1bar,125,100,48,27,0.18518518518518517,1.25,0.046296296296296294,1.25
eurjpy,pullback_reversal_rsi,oos,confirm_1bar,125,100,72,26,0.4230769230769231,2.75,0.33653846153846156,8.75
eurjpy,pullback_reversal_rsi,oos,confirm_1bar,125,125,24,34,0.058823529411764705,0.6666666666666666,-0.029411764705882353,-1.0
eurjpy,pullback_reversal_rsi,oos,confirm_1bar,125,125,48,27,0.18518518518518517,1.6666666666666667,0.07407407407407407,2.0
eurjpy,pullback_reversal_rsi,oos,confirm_1bar,125,125,72,26,0.4230769230769231,3.6666666666666665,0.3076923076923077,8.0
gbpjpy,pullback_reversal,discovery,next_open,40,40,24,103,0.5436893203883495,1.2727272727272727,0.11650485436893204,12.0
gbpjpy,pullback_reversal,discovery,next_open,40,40,48,82,0.5487804878048781,1.2162162162162162,0.0975609756097561,8.0
gbpjpy,pullback_reversal,discovery,next_open,40,40,72,75,0.5333333333333333,1.1428571428571428,0.06666666666666667,5.0
gbpjpy,pullback_reversal,discovery,next_open,40,50,24,103,0.5825242718446602,1.2631578947368418,0.09708737864077671,10.000000000000002
gbpjpy,pullback_reversal,discovery,next_open,40,50,48,82,0.5975609756097561,1.1878787878787878,0.07560975609756097,6.2
gbpjpy,pullback_reversal,discovery,next_open,40,50,72,75,0.5866666666666667,1.1354838709677415,0.055999999999999966,4.1999999999999975
gbpjpy,pullback_reversal,discovery,next_open,40,60,24,103,0.5922330097087378,1.0990990990990988,0.03559870550161808,3.666666666666662
gbpjpy,pullback_reversal,discovery,next_open,40,60,48,82,0.5975609756097561,0.9898989898989898,-0.004065040650406564,-0.33333333333333826
gbpjpy,pullback_reversal,discovery,next_open,40,60,72,75,0.5866666666666667,0.946236559139785,-0.02222222222222226,-1.6666666666666696
gbpjpy,pullback_reversal,discovery,next_open,40,75,24,103,0.6504854368932039,1.2761904761904759,0.07508090614886728,7.733333333333331
gbpjpy,pullback_reversal,discovery,next_open,40,75,48,82,0.6585365853658537,1.0666666666666669,0.021951219512195076,1.7999999999999963
gbpjpy,pullback_reversal,discovery,next_open,40,75,72,75,0.6533333333333333,1.0453333333333332,0.015111111111111075,1.1333333333333306
gbpjpy,pullback_reversal,discovery,next_open,40,100,24,103,0.6699029126213593,1.5333333333333328,0.09320388349514565,9.600000000000001
gbpjpy,pullback_reversal,discovery,next_open,40,100,48,82,0.7073170731707317,1.1599999999999997,0.039024390243902425,3.199999999999999
gbpjpy,pullback_reversal,discovery,next_open,40,100,72,75,0.72,1.1368421052631574,0.03466666666666664,2.599999999999998
gbpjpy,pullback_reversal,discovery,next_open,40,125,24,103,0.6990291262135923,1.92,0.1071844660194175,11.040000000000003
gbpjpy,pullback_reversal,discovery,next_open,40,125,48,82,0.7560975609756098,1.2400000000000002,0.046829268292682934,3.8400000000000007
gbpjpy,pullback_reversal,discovery,next_open,40,125,72,75,0.7733333333333333,1.2373333333333334,0.04746666666666668,3.560000000000001
gbpjpy,pullback_reversal,discovery,next_open,50,40,24,103,0.4854368932038835,1.3020833333333333,0.1407766990291262,14.5
gbpjpy,pullback_reversal,discovery,next_open,50,40,48,82,0.4878048780487805,1.1904761904761905,0.0975609756097561,8.0
gbpjpy,pullback_reversal,discovery,next_open,50,40,72,75,0.4666666666666667,1.09375,0.05,3.75
gbpjpy,pullback_reversal,discovery,next_open,50,50,24,103,0.5048543689320388,1.2093023255813953,0.08737864077669903,9.0
gbpjpy,pullback_reversal,discovery,next_open,50,50,48,82,0.524390243902439,1.131578947368421,0.06097560975609756,5.0
gbpjpy,pullback_reversal,discovery,next_open,50,50,72,75,0.5066666666666667,1.027027027027027,0.013333333333333334,1.0
gbpjpy,pullback_reversal,discovery,next_open,50,60,24,103,0.5145631067961165,1.077235772357724,0.03074433656957932,3.1666666666666696
gbpjpy,pullback_reversal,discovery,next_open,50,60,48,82,0.524390243902439,0.9429824561403511,-0.026422764227642226,-2.1666666666666625
gbpjpy,pullback_reversal,discovery,next_open,50,60,72,75,0.5066666666666667,0.8558558558558557,-0.07111111111111107,-5.33333333333333
gbpjpy,pullback_reversal,discovery,next_open,50,75,24,103,0.5436893203883495,1.204301075268817,0.061488673139158546,6.33333333333333
gbpjpy,pullback_reversal,discovery,next_open,50,75,48,82,0.5853658536585366,0.9999999999999999,-7.988190055229785e-17,-6.5503158452884236e-15
gbpjpy,pullback_reversal,discovery,next_open,50,75,72,75,0.5733333333333334,0.924731182795699,-0.03111111111111116,-2.333333333333337
gbpjpy,pullback_reversal,discovery,next_open,50,100,24,103,0.5631067961165048,1.45,0.08737864077669903,9.0
gbpjpy,pullback_reversal,discovery,next_open,50,100,48,82,0.6341463414634146,1.0833333333333333,0.024390243902439025,2.0
gbpjpy,pullback_reversal,discovery,next_open,50,100,72,75,0.6533333333333333,1.065217391304348,0.02,1.5
gbpjpy,pullback_reversal,discovery,next_open,50,125,24,103,0.5922330097087378,1.7428571428571422,0.10097087378640777,10.4
gbpjpy,pullback_reversal,discovery,next_open,50,125,48,82,0.6829268292682927,1.1789473684210525,0.041463414634146316,3.3999999999999977
gbpjpy,pullback_reversal,discovery,next_open,50,125,72,75,0.7066666666666667,1.1777777777777774,0.04266666666666664,3.199999999999998
gbpjpy,pullback_reversal,discovery,next_open,60,40,24,103,0.4368932038834951,1.2980769230769231,0.15048543689320387,15.5
gbpjpy,pullback_reversal,discovery,next_open,60,40,48,82,0.4634146341463415,1.2954545454545454,0.15853658536585366,13.0
gbpjpy,pullback_reversal,discovery,next_open,60,40,72,75,0.44,1.1785714285714286,0.1,7.5
gbpjpy,pullback_reversal,discovery,next_open,60,50,24,103,0.4563106796116505,1.2260869565217396,0.10097087378640777,10.4
gbpjpy,pullback_reversal,discovery,next_open,60,50,48,82,0.5,1.23,0.1121951219512195,9.2
gbpjpy,pullback_reversal,discovery,next_open,60,50,72,75,0.48,1.107692307692308,0.05600000000000003,4.200000000000002
gbpjpy,pullback_reversal,discovery,next_open,60,60,24,103,0.46601941747572817,1.0909090909090908,0.038834951456310676,4.0
gbpjpy,pullback_reversal,discovery,next_open,60,60,48,82,0.5,1.025,0.012195121951219513,1.0
gbpjpy,pullback_reversal,discovery,next_open,60,60,72,75,0.48,0.9230769230769231,-0.04,-3.0
gbpjpy,pullback_reversal,discovery,next_open,60,75,24,103,0.4854368932038835,1.1428571428571426,0.04854368932038835,5.0
gbpjpy,pullback_reversal,discovery,next_open,60,75,48,82,0.5365853658536586,1.0057142857142853,0.002439024390243891,0.19999999999999907
gbpjpy,pullback_reversal,discovery,next_open,60,75,72,75,0.52,0.9176470588235296,-0.03733333333333336,-2.8000000000000016
gbpjpy,pullback_reversal,discovery,next_open,60,100,24,103,0.5048543689320388,1.3565217391304352,0.07961165048543686,8.199999999999998
gbpjpy,pullback_reversal,discovery,next_open,60,100,48,82,0.5853658536585366,1.0666666666666667,0.02195121951219514,1.8000000000000016
gbpjpy,pullback_reversal,discovery,next_open,60,100,72,75,0.6,1.0384615384615388,0.013333333333333345,1.0000000000000009
gbpjpy,pullback_reversal,discovery,next_open,60,125,24,103,0.5242718446601942,1.5247058823529414,0.08660194174757284,8.920000000000002
gbpjpy,pullback_reversal,discovery,next_open,60,125,48,82,0.6341463414634146,1.1345454545454545,0.036097560975609747,2.959999999999999
gbpjpy,pullback_reversal,discovery,next_open,60,125,72,75,0.6533333333333333,1.1199999999999999,0.033599999999999984,2.5199999999999987
gbpjpy,pullback_reversal,discovery,next_open,75,40,24,103,0.3786407766990291,1.3295454545454546,0.17597087378640777,18.125
gbpjpy,pullback_reversal,discovery,next_open,75,40,48,82,0.4268292682926829,1.3962765957446808,0.22713414634146342,18.625
gbpjpy,pullback_reversal,discovery,next_open,75,40,72,75,0.38666666666666666,1.1820652173913044,0.11166666666666666,8.375
gbpjpy,pullback_reversal,discovery,next_open,75,50,24,103,0.4077669902912621,1.3125,0.14563106796116504,15.0
gbpjpy,pullback_reversal,discovery,next_open,75,50,48,82,0.47560975609756095,1.4268292682926829,0.21341463414634146,17.5
gbpjpy,pullback_reversal,discovery,next_open,75,50,72,75,0.4533333333333333,1.2439024390243902,0.13333333333333333,10.0
gbpjpy,pullback_reversal,discovery,next_open,75,60,24,103,0.4174757281553398,1.1684782608695652,0.07524271844660194,7.75
gbpjpy,pullback_reversal,discovery,next_open,75,60,48,82,0.47560975609756095,1.1890243902439024,0.09451219512195122,7.75
gbpjpy,pullback_reversal,discovery,next_open,75,60,72,75,0.4533333333333333,1.0365853658536586,0.02,1.5
gbpjpy,pullback_reversal,discovery,next_open,75,75,24,103,0.4368932038834951,1.2162162162162162,0.07766990291262135,8.0
gbpjpy,pullback_reversal,discovery,next_open,75,75,48,82,0.5121951219512195,1.1666666666666667,0.07317073170731707,6.0
gbpjpy,pullback_reversal,discovery,next_open,75,75,72,75,0.49333333333333335,1.0571428571428572,0.02666666666666667,2.0
gbpjpy,pullback_reversal,discovery,next_open,75,100,24,103,0.4563106796116505,1.46875,0.10922330097087378,11.25
gbpjpy,pullback_reversal,discovery,next_open,75,100,48,82,0.5487804878048781,1.25,0.08231707317073171,6.75
gbpjpy,pullback_reversal,discovery,next_open,75,100,72,75,0.5466666666666666,1.1388888888888888,0.05,3.75
gbpjpy,pullback_reversal,discovery,next_open,75,125,24,103,0.47572815533980584,1.6333333333333335,0.11067961165048543,11.399999999999999
gbpjpy,pullback_reversal,discovery,next_open,75,125,48,82,0.5975609756097561,1.3363636363636364,0.0902439024390244,7.4
gbpjpy,pullback_reversal,discovery,next_open,75,125,72,75,0.6,1.2272727272727275,0.06666666666666668,5.000000000000001
gbpjpy,pullback_reversal,discovery,next_open,100,40,24,103,0.3106796116504854,1.3559322033898304,0.20388349514563106,21.0
gbpjpy,pullback_reversal,discovery,next_open,100,40,48,82,0.35365853658536583,1.45,0.27439024390243905,22.5
gbpjpy,pullback_reversal,discovery,next_open,100,40,72,75,0.3466666666666667,1.3829787234042554,0.24,18.0
gbpjpy,pullback_reversal,discovery,next_open,100,50,24,103,0.3300970873786408,1.36,0.17475728155339806,18.0
gbpjpy,pullback_reversal,discovery,next_open,100,50,48,82,0.3780487804878049,1.441860465116279,0.23170731707317074,19.0
gbpjpy,pullback_reversal,discovery,next_open,100,50,72,75,0.41333333333333333,1.4761904761904763,0.26666666666666666,20.0
gbpjpy,pullback_reversal,discovery,next_open,100,60,24,103,0.33980582524271846,1.2152777777777777,0.1003236245954693,10.333333333333337
gbpjpy,pullback_reversal,discovery,next_open,100,60,48,82,0.3780487804878049,1.201550387596899,0.10569105691056914,8.66666666666667
gbpjpy,pullback_reversal,discovery,next_open,100,60,72,75,0.41333333333333333,1.2301587301587298,0.12888888888888894,9.66666666666667
gbpjpy,pullback_reversal,discovery,next_open,100,75,24,103,0.3592233009708738,1.2649572649572651,0.10032362459546923,10.33333333333333
gbpjpy,pullback_reversal,discovery,next_open,100,75,48,82,0.4146341463414634,1.192982456140351,0.08943089430894301,7.333333333333327
gbpjpy,pullback_reversal,discovery,next_open,100,75,72,75,0.4533333333333333,1.2592592592592593,0.1244444444444444,9.33333333333333
gbpjpy,pullback_reversal,discovery,next_open,100,100,24,103,0.3592233009708738,1.4230769230769231,0.10679611650485436,11.0
gbpjpy,pullback_reversal,discovery,next_open,100,100,48,82,0.43902439024390244,1.2,0.07317073170731707,6.0
gbpjpy,pullback_reversal,discovery,next_open,100,100,72,75,0.49333333333333335,1.2758620689655173,0.10666666666666667,8.0
gbpjpy,pullback_reversal,discovery,next_open,100,125,24,103,0.3786407766990291,1.5600000000000003,0.10873786407766992,11.200000000000001
gbpjpy,pullback_reversal,discovery,next_open,100,125,48,82,0.4878048780487805,1.28,0.08536585365853656,6.999999999999998
gbpjpy,pullback_reversal,discovery,next_open,100,125,72,75,0.5466666666666666,1.3666666666666665,0.11733333333333329,8.799999999999997
gbpjpy,pullback_reversal,discovery,next_open,125,40,24,103,0.20388349514563106,1.0416666666666667,0.025485436893203883,2.625
gbpjpy,pullback_reversal,discovery,next_open,125,40,48,82,0.21951219512195122,0.9868421052631579,-0.009146341463414634,-0.75
gbpjpy,pullback_reversal,discovery,next_open,125,40,72,75,0.22666666666666666,0.9486607142857143,-0.03833333333333333,-2.875
gbpjpy,pullback_reversal,discovery,next_open,125,50,24,103,0.22330097087378642,1.0648148148148149,0.03398058252427184,3.5
gbpjpy,pullback_reversal,discovery,next_open,125,50,48,82,0.24390243902439024,1.0204081632653061,0.012195121951219513,1.0
gbpjpy,pullback_reversal,discovery,next_open,125,50,72,75,0.28,1.05,0.03333333333333333,2.5
gbpjpy,pullback_reversal,discovery,next_open,125,60,24,103,0.23300970873786409,0.9803921568627451,-0.009708737864077627,-0.9999999999999956
gbpjpy,pullback_reversal,discovery,next_open,125,60,48,82,0.24390243902439024,0.8680555555555558,-0.07723577235772354,-6.33333333333333
gbpjpy,pullback_reversal,discovery,next_open,125,60,72,75,0.28,0.8928571428571431,-0.06999999999999995,-5.2499999999999964
gbpjpy,pullback_reversal,discovery,next_open,125,75,24,103,0.2524271844660194,1.0317460317460316,0.012944983818770251,1.333333333333336
gbpjpy,pullback_reversal,discovery,next_open,125,75,48,82,0.2804878048780488,0.8914728682170542,-0.056910569105691006,-4.6666666666666625
gbpjpy,pullback_reversal,discovery,next_open,125,75,72,75,0.32,0.9302325581395349,-0.03999999999999995,-2.9999999999999964
gbpjpy,pullback_reversal,discovery,next_open,125,100,24,103,0.2524271844660194,1.2037037037037037,0.05339805825242718,5.5
gbpjpy,pullback_reversal,discovery,next_open,125,100,48,82,0.3048780487804878,0.9191176470588235,-0.03353658536585366,-2.75
gbpjpy,pullback_reversal,discovery,next_open,125,100,72,75,0.3466666666666667,0.9285714285714286,-0.03333333333333333,-2.5
gbpjpy,pullback_reversal,discovery,next_open,125,125,24,103,0.2621359223300971,1.2272727272727273,0.04854368932038835,5.0
gbpjpy,pullback_reversal,discovery,next_open,125,125,48,82,0.34146341463414637,0.9655172413793104,-0.012195121951219513,-1.0
gbpjpy,pullback_reversal,discovery,next_open,125,125,72,75,0.38666666666666666,0.9354838709677419,-0.02666666666666667,-2.0
gbpjpy,pullback_reversal,discovery,break_signal_high,40,40,24,94,0.46808510638297873,0.9565217391304348,-0.02127659574468085,-2.0
gbpjpy,pullback_reversal,discovery,break_signal_high,40,40,48,78,0.46153846153846156,0.8571428571428571,-0.07692307692307693,-6.0
gbpjpy,pullback_reversal,discovery,break_signal_high,40,40,72,72,0.4305555555555556,0.7560975609756098,-0.1388888888888889,-10.0
gbpjpy,pullback_reversal,discovery,break_signal_high,40,50,24,94,0.5425531914893617,1.046153846153846,0.019148936170212776,1.800000000000001
gbpjpy,pullback_reversal,discovery,break_signal_high,40,50,48,78,0.5256410256410257,0.911111111111111,-0.041025641025641026,-3.2
gbpjpy,pullback_reversal,discovery,break_signal_high,40,50,72,72,0.4861111111111111,0.7567567567567568,-0.12500000000000003,-9.000000000000002
gbpjpy,pullback_reversal,discovery,break_signal_high,40,60,24,94,0.5851063829787234,1.078431372549019,0.0283687943262411,2.6666666666666634
gbpjpy,pullback_reversal,discovery,break_signal_high,40,60,48,78,0.5769230769230769,0.9375000000000001,-0.025641025641025692,-2.000000000000004
gbpjpy,pullback_reversal,discovery,break_signal_high,40,60,72,72,0.5416666666666666,0.7878787878787881,-0.09722222222222227,-7.0000000000000036
gbpjpy,pullback_reversal,discovery,break_signal_high,40,75,24,94,0.6276595744680851,1.165432098765432,0.047517730496453865,4.466666666666663
gbpjpy,pullback_reversal,discovery,break_signal_high,40,75,48,78,0.6410256410256411,1.0256410256410258,0.008547008547008532,0.6666666666666655
gbpjpy,pullback_reversal,discovery,break_signal_high,40,75,72,72,0.6111111111111112,0.8380952380952383,-0.06296296296296298,-4.533333333333335
gbpjpy,pullback_reversal,discovery,break_signal_high,40,100,24,94,0.648936170212766,1.3555555555555552,0.06808510638297872,6.4
gbpjpy,pullback_reversal,discovery,break_signal_high,40,100,48,78,0.6666666666666666,0.9904761904761902,-0.0025641025641025606,-0.19999999999999973
gbpjpy,pullback_reversal,discovery,break_signal_high,40,100,72,72,0.6666666666666666,0.8727272727272727,-0.038888888888888876,-2.799999999999999
gbpjpy,pullback_reversal,discovery,break_signal_high,40,125,24,94,0.6702127659574468,1.3440000000000003,0.054893617021276604,5.160000000000001
gbpjpy,pullback_reversal,discovery,break_signal_high,40,125,48,78,0.7051282051282052,0.9777777777777779,-0.0051282051282051135,-0.39999999999999886
gbpjpy,pullback_reversal,discovery,break_signal_high,40,125,72,72,0.7083333333333334,0.8589473684210527,-0.03722222222222219,-2.679999999999998
gbpjpy,pullback_reversal,discovery,break_signal_high,50,40,24,94,0.43617021276595747,1.0459183673469388,0.023936170212765957,2.25
gbpjpy,pullback_reversal,discovery,break_signal_high,50,40,48,78,0.4230769230769231,0.9166666666666666,-0.04807692307692308,-3.75
gbpjpy,pullback_reversal,discovery,break_signal_high,50,40,72,72,0.3888888888888889,0.7954545454545454,-0.125,-9.0
gbpjpy,pullback_reversal,discovery,break_signal_high,50,50,24,94,0.5106382978723404,1.170731707317073,0.07446808510638298,7.0
gbpjpy,pullback_reversal,discovery,break_signal_high,50,50,48,78,0.5,1.0263157894736843,0.01282051282051282,1.0
gbpjpy,pullback_reversal,discovery,break_signal_high,50,50,72,72,0.4583333333333333,0.8461538461538461,-0.08333333333333333,-6.0
gbpjpy,pullback_reversal,discovery,break_signal_high,50,60,24,94,0.5425531914893617,1.1805555555555558,0.06914893617021277,6.500000000000001
gbpjpy,pullback_reversal,discovery,break_signal_high,50,60,48,78,0.5512820512820513,1.0539215686274512,0.023504273504273553,1.833333333333337
gbpjpy,pullback_reversal,discovery,break_signal_high,50,60,72,72,0.5138888888888888,0.8809523809523808,-0.057870370370370336,-4.166666666666664
gbpjpy,pullback_reversal,discovery,break_signal_high,50,75,24,94,0.5638297872340425,1.1777777777777774,0.05673758865248225,5.333333333333331
gbpjpy,pullback_reversal,discovery,break_signal_high,50,75,48,78,0.6025641025641025,1.0804597701149428,0.02991452991452987,2.33333333333333
gbpjpy,pullback_reversal,discovery,break_signal_high,50,75,72,72,0.5694444444444444,0.8817204301075269,-0.050925925925925965,-3.6666666666666696
gbpjpy,pullback_reversal,discovery,break_signal_high,50,100,24,94,0.5851063829787234,1.375,0.0797872340425532,7.5
gbpjpy,pullback_reversal,discovery,break_signal_high,50,100,48,78,0.6282051282051282,1.065217391304348,0.019230769230769232,1.5
gbpjpy,pullback_reversal,discovery,break_signal_high,50,100,72,72,0.625,0.9,-0.034722222222222224,-2.5
gbpjpy,pullback_reversal,discovery,break_signal_high,50,125,24,94,0.5957446808510638,1.3176470588235294,0.057446808510638304,5.4
gbpjpy,pullback_reversal,discovery,break_signal_high,50,125,48,78,0.6666666666666666,1.0399999999999996,0.010256410256410256,0.7999999999999999
gbpjpy,pullback_reversal,discovery,break_signal_high,50,125,72,72,0.6666666666666666,0.9142857142857143,-0.024999999999999994,-1.7999999999999996
gbpjpy,pullback_reversal,discovery,break_signal_high,60,40,24,94,0.4148936170212766,1.17,0.09042553191489362,8.5
gbpjpy,pullback_reversal,discovery,break_signal_high,60,40,48,78,0.4230769230769231,1.1,0.057692307692307696,4.5
gbpjpy,pullback_reversal,discovery,break_signal_high,60,40,72,72,0.375,0.9,-0.0625,-4.5
gbpjpy,pullback_reversal,discovery,break_signal_high,60,50,24,94,0.4787234042553192,1.285714285714286,0.12765957446808507,11.999999999999996
gbpjpy,pullback_reversal,discovery,break_signal_high,60,50,48,78,0.5,1.2315789473684216,0.11282051282051281,8.799999999999999
gbpjpy,pullback_reversal,discovery,break_signal_high,60,50,72,72,0.4444444444444444,0.96,-0.022222222222222206,-1.5999999999999988
gbpjpy,pullback_reversal,discovery,break_signal_high,60,60,24,94,0.5106382978723404,1.2972972972972974,0.11702127659574468,11.0
gbpjpy,pullback_reversal,discovery,break_signal_high,60,60,48,78,0.5512820512820513,1.2647058823529411,0.11538461538461539,9.0
gbpjpy,pullback_reversal,discovery,break_signal_high,60,60,72,72,0.5,1.0,0.0,0.0
gbpjpy,pullback_reversal,discovery,break_signal_high,60,75,24,94,0.5212765957446809,1.264516129032258,0.08723404255319148,8.2
gbpjpy,pullback_reversal,discovery,break_signal_high,60,75,48,78,0.5769230769230769,1.2413793103448272,0.08974358974358974,7.0
gbpjpy,pullback_reversal,discovery,break_signal_high,60,75,72,72,0.5416666666666666,0.9750000000000002,-0.011111111111111118,-0.8000000000000005
gbpjpy,pullback_reversal,discovery,break_signal_high,60,100,24,94,0.5425531914893617,1.4571428571428573,0.10212765957446808,9.6
gbpjpy,pullback_reversal,discovery,break_signal_high,60,100,48,78,0.6025641025641025,1.2260869565217396,0.06666666666666665,5.199999999999998
gbpjpy,pullback_reversal,discovery,break_signal_high,60,100,72,72,0.5972222222222222,1.0320000000000003,0.011111111111111115,0.8000000000000003
gbpjpy,pullback_reversal,discovery,break_signal_high,60,125,24,94,0.5531914893617021,1.3866666666666667,0.07404255319148938,6.960000000000001
gbpjpy,pullback_reversal,discovery,break_signal_high,60,125,48,78,0.6410256410256411,1.2,0.05128205128205127,3.999999999999999
gbpjpy,pullback_reversal,discovery,break_signal_high,60,125,72,72,0.6388888888888888,1.0514285714285716,0.015000000000000001,1.08
gbpjpy,pullback_reversal,discovery,break_signal_high,75,40,24,94,0.3617021276595745,1.2259615384615385,0.125,11.75
gbpjpy,pullback_reversal,discovery,break_signal_high,75,40,48,78,0.38461538461538464,1.171875,0.10576923076923077,8.25
gbpjpy,pullback_reversal,discovery,break_signal_high,75,40,72,72,0.3472222222222222,0.9973404255319149,-0.001736111111111111,-0.125
gbpjpy,pullback_reversal,discovery,break_signal_high,75,50,24,94,0.40425531914893614,1.2391304347826086,0.11702127659574468,11.0
gbpjpy,pullback_reversal,discovery,break_signal_high,75,50,48,78,0.44871794871794873,1.25,0.1346153846153846,10.5
gbpjpy,pullback_reversal,discovery,break_signal_high,75,50,72,72,0.4027777777777778,1.0116279069767442,0.006944444444444444,0.5
gbpjpy,pullback_reversal,discovery,break_signal_high,75,60,24,94,0.44680851063829785,1.3461538461538463,0.14361702127659576,13.5
gbpjpy,pullback_reversal,discovery,break_signal_high,75,60,48,78,0.5128205128205128,1.3888888888888888,0.1794871794871795,14.0
gbpjpy,pullback_reversal,discovery,break_signal_high,75,60,72,72,0.4722222222222222,1.118421052631579,0.0625,4.5
gbpjpy,pullback_reversal,discovery,break_signal_high,75,75,24,94,0.4574468085106383,1.303030303030303,0.10638297872340426,10.0
gbpjpy,pullback_reversal,discovery,break_signal_high,75,75,48,78,0.5384615384615384,1.3548387096774193,0.14102564102564102,11.0
gbpjpy,pullback_reversal,discovery,break_signal_high,75,75,72,72,0.5138888888888888,1.088235294117647,0.041666666666666664,3.0
gbpjpy,pullback_reversal,discovery,break_signal_high,75,100,24,94,0.4787234042553192,1.4673913043478262,0.11436170212765957,10.75
gbpjpy,pullback_reversal,discovery,break_signal_high,75,100,48,78,0.5641025641025641,1.32,0.10256410256410256,8.0
gbpjpy,pullback_reversal,discovery,break_signal_high,75,100,72,72,0.5555555555555556,1.1111111111111112,0.041666666666666664,3.0
gbpjpy,pullback_reversal,discovery,break_signal_high,75,125,24,94,0.48936170212765956,1.3800000000000003,0.08085106382978721,7.599999999999998
gbpjpy,pullback_reversal,discovery,break_signal_high,75,125,48,78,0.6025641025641025,1.2818181818181822,0.07948717948717948,6.199999999999999
gbpjpy,pullback_reversal,discovery,break_signal_high,75,125,72,72,0.5972222222222222,1.1217391304347828,0.038888888888888896,2.8000000000000007
gbpjpy,pullback_reversal,discovery,break_signal_high,100,40,24,94,0.2765957446808511,1.1818181818181819,0.10638297872340426,10.0
gbpjpy,pullback_reversal,discovery,break_signal_high,100,40,48,78,0.2948717948717949,1.1274509803921569,0.08333333333333333,6.5
gbpjpy,pullback_reversal,discovery,break_signal_high,100,40,72,72,0.2638888888888889,0.95,-0.034722222222222224,-2.5
gbpjpy,pullback_reversal,discovery,break_signal_high,100,50,24,94,0.3191489361702128,1.25,0.1276595744680851,12.0
gbpjpy,pullback_reversal,discovery,break_signal_high,100,50,48,78,0.358974358974359,1.2444444444444445,0.14102564102564102,11.0
gbpjpy,pullback_reversal,discovery,break_signal_high,100,50,72,72,0.3194444444444444,1.0,0.0,0.0
gbpjpy,pullback_reversal,discovery,break_signal_high,100,60,24,94,0.35106382978723405,1.3414634146341464,0.14893617021276595,13.999999999999998
gbpjpy,pullback_reversal,discovery,break_signal_high,100,60,48,78,0.41025641025641024,1.3675213675213675,0.1837606837606838,14.333333333333336
gbpjpy,pullback_reversal,discovery,break_signal_high,100,60,72,72,0.3888888888888889,1.138211382113821,0.07870370370370376,5.6666666666666705
gbpjpy,pullback_reversal,discovery,break_signal_high,100,75,24,94,0.3617021276595745,1.2952380952380953,0.10992907801418439,10.333333333333332
gbpjpy,pullback_reversal,discovery,break_signal_high,100,75,48,78,0.4230769230769231,1.2941176470588236,0.1282051282051282,9.999999999999998
gbpjpy,pullback_reversal,discovery,break_signal_high,100,75,72,72,0.4166666666666667,1.0810810810810814,0.0416666666666666,2.9999999999999956
gbpjpy,pullback_reversal,discovery,break_signal_high,100,100,24,94,0.3617021276595745,1.36,0.09574468085106383,9.0
gbpjpy,pullback_reversal,discovery,break_signal_high,100,100,48,78,0.4358974358974359,1.2142857142857142,0.07692307692307693,6.0
gbpjpy,pullback_reversal,discovery,break_signal_high,100,100,72,72,0.4305555555555556,1.0333333333333334,0.013888888888888888,1.0
gbpjpy,pullback_reversal,discovery,break_signal_high,100,125,24,94,0.3723404255319149,1.3333333333333335,0.07446808510638298,6.999999999999999
gbpjpy,pullback_reversal,discovery,break_signal_high,100,125,48,78,0.48717948717948717,1.2666666666666668,0.08205128205128205,6.3999999999999995
gbpjpy,pullback_reversal,discovery,break_signal_high,100,125,72,72,0.4861111111111111,1.12,0.04166666666666666,2.999999999999999
gbpjpy,pullback_reversal,discovery,break_signal_high,125,40,24,94,0.18085106382978725,0.9320175438596491,-0.041223404255319146,-3.875
gbpjpy,pullback_reversal,discovery,break_signal_high,125,40,48,78,0.20512820512820512,0.9090909090909091,-0.0641025641025641,-5.0
gbpjpy,pullback_reversal,discovery,break_signal_high,125,40,72,72,0.20833333333333334,0.8680555555555556,-0.09895833333333333,-7.125
gbpjpy,pullback_reversal,discovery,break_signal_high,125,50,24,94,0.2127659574468085,1.0,0.0,0.0
gbpjpy,pullback_reversal,discovery,break_signal_high,125,50,48,78,0.2564102564102564,1.0416666666666667,0.02564102564102564,2.0
gbpjpy,pullback_reversal,discovery,break_signal_high,125,50,72,72,0.25,0.9,-0.06944444444444445,-5.0
gbpjpy,pullback_reversal,discovery,break_signal_high,125,60,24,94,0.23404255319148937,1.041666666666667,0.019503546099290833,1.8333333333333384
gbpjpy,pullback_reversal,discovery,break_signal_high,125,60,48,78,0.2948717948717949,1.1143410852713183,0.0630341880341881,4.916666666666671
gbpjpy,pullback_reversal,discovery,break_signal_high,125,60,72,72,0.3055555555555556,0.9963768115942032,-0.0023148148148147574,-0.16666666666666252
gbpjpy,pullback_reversal,discovery,break_signal_high,125,75,24,94,0.24468085106382978,1.0087719298245612,0.003546099290780153,0.33333333333333437
gbpjpy,pullback_reversal,discovery,break_signal_high,125,75,48,78,0.3076923076923077,1.0526315789473684,0.025641025641025675,2.0000000000000027
gbpjpy,pullback_reversal,discovery,break_signal_high,125,75,72,72,0.3333333333333333,0.9523809523809523,-0.02777777777777774,-1.9999999999999973
gbpjpy,pullback_reversal,discovery,break_signal_high,125,100,24,94,0.24468085106382978,1.0648148148148149,0.018617021276595744,1.75
gbpjpy,pullback_reversal,discovery,break_signal_high,125,100,48,78,0.3076923076923077,0.9090909090909091,-0.038461538461538464,-3.0
gbpjpy,pullback_reversal,discovery,break_signal_high,125,100,72,72,0.3333333333333333,0.8571428571428571,-0.06944444444444445,-5.0
gbpjpy,pullback_reversal,discovery,break_signal_high,125,125,24,94,0.2553191489361702,1.0434782608695652,0.010638297872340425,1.0
gbpjpy,pullback_reversal,discovery,break_signal_high,125,125,48,78,0.358974358974359,1.037037037037037,0.01282051282051282,1.0
gbpjpy,pullback_reversal,discovery,break_signal_high,125,125,72,72,0.3888888888888889,0.9333333333333333,-0.027777777777777776,-2.0
gbpjpy,pullback_reversal,discovery,confirm_1bar,40,40,24,81,0.5185185185185185,1.135135135135135,0.06172839506172839,5.0
gbpjpy,pullback_reversal,discovery,confirm_1bar,40,40,48,67,0.5373134328358209,1.1612903225806452,0.07462686567164178,5.0
gbpjpy,pullback_reversal,discovery,confirm_1bar,40,40,72,62,0.532258064516129,1.1379310344827587,0.06451612903225806,4.0
gbpjpy,pullback_reversal,discovery,confirm_1bar,40,50,24,81,0.5432098765432098,1.0352941176470585,0.014814814814814775,1.1999999999999968
gbpjpy,pullback_reversal,discovery,confirm_1bar,40,50,48,67,0.5522388059701493,0.9866666666666668,-0.005970149253731329,-0.399999999999999
gbpjpy,pullback_reversal,discovery,confirm_1bar,40,50,72,62,0.5483870967741935,0.9714285714285715,-0.012903225806451642,-0.8000000000000018
gbpjpy,pullback_reversal,discovery,confirm_1bar,40,60,24,81,0.5802469135802469,1.0444444444444447,0.01646090534979418,1.3333333333333286
gbpjpy,pullback_reversal,discovery,confirm_1bar,40,60,48,67,0.582089552238806,1.0000000000000002,-4.639738013358863e-17,-3.1086244689504383e-15
gbpjpy,pullback_reversal,discovery,confirm_1bar,40,60,72,62,0.5806451612903226,0.9230769230769232,-0.03225806451612908,-2.000000000000003
gbpjpy,pullback_reversal,discovery,confirm_1bar,40,75,24,81,0.5925925925925926,0.9846153846153846,-0.004938271604938308,-0.4000000000000029
gbpjpy,pullback_reversal,discovery,confirm_1bar,40,75,48,67,0.5970149253731343,0.8533333333333333,-0.054726368159203995,-3.666666666666668
gbpjpy,pullback_reversal,discovery,confirm_1bar,40,75,72,62,0.5967741935483871,0.7893333333333337,-0.08494623655913983,-5.266666666666669
gbpjpy,pullback_reversal,discovery,confirm_1bar,40,100,24,81,0.5925925925925926,0.8347826086956521,-0.0469135802469136,-3.800000000000001
gbpjpy,pullback_reversal,discovery,confirm_1bar,40,100,48,67,0.5970149253731343,0.7272727272727273,-0.08955223880597014,-6.0
gbpjpy,pullback_reversal,discovery,confirm_1bar,40,100,72,62,0.6290322580645161,0.742857142857143,-0.08709677419354837,-5.3999999999999995
gbpjpy,pullback_reversal,discovery,confirm_1bar,40,125,24,81,0.6049382716049383,0.8711111111111112,-0.028641975308641963,-2.319999999999999
gbpjpy,pullback_reversal,discovery,confirm_1bar,40,125,48,67,0.6119402985074627,0.6905263157894738,-0.08776119402985073,-5.879999999999999
gbpjpy,pullback_reversal,discovery,confirm_1bar,40,125,72,62,0.6451612903225806,0.6736842105263158,-0.09999999999999998,-6.199999999999998
gbpjpy,pullback_reversal,discovery,confirm_1bar,50,40,24,81,0.4691358024691358,1.1585365853658536,0.08024691358024691,6.5
gbpjpy,pullback_reversal,discovery,confirm_1bar,50,40,48,67,0.44776119402985076,1.0135135135135136,0.007462686567164179,0.5
gbpjpy,pullback_reversal,discovery,confirm_1bar,50,40,72,62,0.46774193548387094,1.0984848484848484,0.05241935483870968,3.25
gbpjpy,pullback_reversal,discovery,confirm_1bar,50,50,24,81,0.48148148148148145,1.054054054054054,0.024691358024691357,2.0
gbpjpy,pullback_reversal,discovery,confirm_1bar,50,50,48,67,0.47761194029850745,0.9142857142857143,-0.04477611940298507,-3.0
gbpjpy,pullback_reversal,discovery,confirm_1bar,50,50,72,62,0.4838709677419355,0.9375,-0.03225806451612903,-2.0
gbpjpy,pullback_reversal,discovery,confirm_1bar,50,60,24,81,0.5185185185185185,1.0606060606060608,0.02469135802469141,2.000000000000004
gbpjpy,pullback_reversal,discovery,confirm_1bar,50,60,48,67,0.5223880597014925,0.9722222222222221,-0.012437810945273575,-0.8333333333333296
gbpjpy,pullback_reversal,discovery,confirm_1bar,50,60,72,62,0.5161290322580645,0.888888888888889,-0.053763440860215,-3.33333333333333
gbpjpy,pullback_reversal,discovery,confirm_1bar,50,75,24,81,0.5432098765432098,1.0476190476190477,0.01646090534979419,1.3333333333333295
gbpjpy,pullback_reversal,discovery,confirm_1bar,50,75,48,67,0.5522388059701493,0.8809523809523812,-0.049751243781094585,-3.333333333333337
gbpjpy,pullback_reversal,discovery,confirm_1bar,50,75,72,62,0.5483870967741935,0.8095238095238095,-0.0860215053763441,-5.333333333333335
gbpjpy,pullback_reversal,discovery,confirm_1bar,50,100,24,81,0.5432098765432098,0.9166666666666666,-0.024691358024691357,-2.0
gbpjpy,pullback_reversal,discovery,confirm_1bar,50,100,48,67,0.5522388059701493,0.7708333333333334,-0.08208955223880597,-5.5
gbpjpy,pullback_reversal,discovery,confirm_1bar,50,100,72,62,0.5806451612903226,0.75,-0.0967741935483871,-6.0
gbpjpy,pullback_reversal,discovery,confirm_1bar,50,125,24,81,0.5432098765432098,0.9263157894736839,-0.01728395061728397,-1.4000000000000017
gbpjpy,pullback_reversal,discovery,confirm_1bar,50,125,48,67,0.5671641791044776,0.7238095238095239,-0.08656716417910448,-5.800000000000001
gbpjpy,pullback_reversal,discovery,confirm_1bar,50,125,72,62,0.5967741935483871,0.7047619047619049,-0.09999999999999998,-6.199999999999998
gbpjpy,pullback_reversal,discovery,confirm_1bar,60,40,24,81,0.4691358024691358,1.3902439024390243,0.19753086419753085,16.0
gbpjpy,pullback_reversal,discovery,confirm_1bar,60,40,48,67,0.44776119402985076,1.2162162162162162,0.11940298507462686,8.0
gbpjpy,pullback_reversal,discovery,confirm_1bar,60,40,72,62,0.46774193548387094,1.3181818181818181,0.1693548387096774,10.5
gbpjpy,pullback_reversal,discovery,confirm_1bar,60,50,24,81,0.48148148148148145,1.2648648648648653,0.12098765432098764,9.799999999999999
gbpjpy,pullback_reversal,discovery,confirm_1bar,60,50,48,67,0.47761194029850745,1.0971428571428572,0.05074626865671642,3.4000000000000004
gbpjpy,pullback_reversal,discovery,confirm_1bar,60,50,72,62,0.4838709677419355,1.1250000000000002,0.06451612903225806,4.0
gbpjpy,pullback_reversal,discovery,confirm_1bar,60,60,24,81,0.5185185185185185,1.2727272727272727,0.1111111111111111,9.0
gbpjpy,pullback_reversal,discovery,confirm_1bar,60,60,48,67,0.5223880597014925,1.1666666666666667,0.07462686567164178,5.0
gbpjpy,pullback_reversal,discovery,confirm_1bar,60,60,72,62,0.5161290322580645,1.0666666666666667,0.03225806451612903,2.0
gbpjpy,pullback_reversal,discovery,confirm_1bar,60,75,24,81,0.5432098765432098,1.2571428571428567,0.08888888888888889,7.2
gbpjpy,pullback_reversal,discovery,confirm_1bar,60,75,48,67,0.5522388059701493,1.0571428571428574,0.023880597014925366,1.5999999999999996
gbpjpy,pullback_reversal,discovery,confirm_1bar,60,75,72,62,0.5483870967741935,0.9714285714285715,-0.012903225806451629,-0.8000000000000009
gbpjpy,pullback_reversal,discovery,confirm_1bar,60,100,24,81,0.5432098765432098,1.1000000000000003,0.02962962962962964,2.400000000000001
gbpjpy,pullback_reversal,discovery,confirm_1bar,60,100,48,67,0.5522388059701493,0.9250000000000003,-0.026865671641791034,-1.7999999999999994
gbpjpy,pullback_reversal,discovery,confirm_1bar,60,100,72,62,0.5806451612903226,0.9000000000000002,-0.03870967741935482,-2.399999999999999
gbpjpy,pullback_reversal,discovery,confirm_1bar,60,125,24,81,0.5432098765432098,1.111578947368421,0.026172839506172836,2.1199999999999997
gbpjpy,pullback_reversal,discovery,confirm_1bar,60,125,48,67,0.5671641791044776,0.8685714285714287,-0.04119402985074628,-2.7600000000000007
gbpjpy,pullback_reversal,discovery,confirm_1bar,60,125,72,62,0.5967741935483871,0.8457142857142858,-0.052258064516129035,-3.24
gbpjpy,pullback_reversal,discovery,confirm_1bar,75,40,24,81,0.38271604938271603,1.2916666666666667,0.16203703703703703,13.125
gbpjpy,pullback_reversal,discovery,confirm_1bar,75,40,48,67,0.3880597014925373,1.1890243902439024,0.11567164179104478,7.75
gbpjpy,pullback_reversal,discovery,confirm_1bar,75,40,72,62,0.41935483870967744,1.3541666666666667,0.2056451612903226,12.75
gbpjpy,pullback_reversal,discovery,confirm_1bar,75,50,24,81,0.3950617283950617,1.170731707317073,0.08641975308641975,7.0
gbpjpy,pullback_reversal,discovery,confirm_1bar,75,50,48,67,0.40298507462686567,1.0384615384615385,0.022388059701492536,1.5
gbpjpy,pullback_reversal,discovery,confirm_1bar,75,50,72,62,0.43548387096774194,1.1571428571428573,0.08870967741935484,5.5
gbpjpy,pullback_reversal,discovery,confirm_1bar,75,60,24,81,0.41975308641975306,1.1486486486486487,0.06790123456790123,5.5
gbpjpy,pullback_reversal,discovery,confirm_1bar,75,60,48,67,0.43283582089552236,1.0357142857142858,0.018656716417910446,1.25
gbpjpy,pullback_reversal,discovery,confirm_1bar,75,60,72,62,0.45161290322580644,1.0294117647058822,0.016129032258064516,1.0
gbpjpy,pullback_reversal,discovery,confirm_1bar,75,75,24,81,0.4567901234567901,1.1935483870967742,0.07407407407407407,6.0
gbpjpy,pullback_reversal,discovery,confirm_1bar,75,75,48,67,0.47761194029850745,1.0,0.0,0.0
gbpjpy,pullback_reversal,discovery,confirm_1bar,75,75,72,62,0.5,1.0,0.0,0.0
gbpjpy,pullback_reversal,discovery,confirm_1bar,75,100,24,81,0.4567901234567901,1.0277777777777777,0.009259259259259259,0.75
gbpjpy,pullback_reversal,discovery,confirm_1bar,75,100,48,67,0.47761194029850745,0.8571428571428571,-0.05970149253731343,-4.0
gbpjpy,pullback_reversal,discovery,confirm_1bar,75,100,72,62,0.5161290322580645,0.8888888888888888,-0.04838709677419355,-3.0
gbpjpy,pullback_reversal,discovery,confirm_1bar,75,125,24,81,0.4567901234567901,1.1100000000000003,0.027160493827160508,2.200000000000001
gbpjpy,pullback_reversal,discovery,confirm_1bar,75,125,48,67,0.5074626865671642,0.8869565217391305,-0.03880597014925372,-2.5999999999999996
gbpjpy,pullback_reversal,discovery,confirm_1bar,75,125,72,62,0.5483870967741935,0.9272727272727274,-0.025806451612903212,-1.5999999999999992
gbpjpy,pullback_reversal,discovery,confirm_1bar,100,40,24,81,0.24691358024691357,1.0416666666666667,0.024691358024691357,2.0
gbpjpy,pullback_reversal,discovery,confirm_1bar,100,40,48,67,0.29850746268656714,1.1627906976744187,0.1044776119402985,7.0
gbpjpy,pullback_reversal,discovery,confirm_1bar,100,40,72,62,0.3225806451612903,1.25,0.16129032258064516,10.0
gbpjpy,pullback_reversal,discovery,confirm_1bar,100,50,24,81,0.25925925925925924,0.9767441860465116,-0.012345679012345678,-1.0
gbpjpy,pullback_reversal,discovery,confirm_1bar,100,50,48,67,0.31343283582089554,1.024390243902439,0.014925373134328358,1.0
gbpjpy,pullback_reversal,discovery,confirm_1bar,100,50,72,62,0.3387096774193548,1.0769230769230769,0.04838709677419355,3.0
gbpjpy,pullback_reversal,discovery,confirm_1bar,100,60,24,81,0.25925925925925924,0.875,-0.061728395061728364,-4.999999999999997
gbpjpy,pullback_reversal,discovery,confirm_1bar,100,60,48,67,0.3283582089552239,0.9649122807017543,-0.01990049751243777,-1.3333333333333306
gbpjpy,pullback_reversal,discovery,confirm_1bar,100,60,72,62,0.3387096774193548,0.8974358974358975,-0.06451612903225802,-3.9999999999999973
gbpjpy,pullback_reversal,discovery,confirm_1bar,100,75,24,81,0.2962962962962963,0.9411764705882353,-0.024691358024691402,-2.0000000000000036
gbpjpy,pullback_reversal,discovery,confirm_1bar,100,75,48,67,0.373134328358209,0.9523809523809524,-0.024875621890547303,-1.6666666666666694
gbpjpy,pullback_reversal,discovery,confirm_1bar,100,75,72,62,0.3870967741935484,0.8888888888888888,-0.06451612903225812,-4.0000000000000036
gbpjpy,pullback_reversal,discovery,confirm_1bar,100,100,24,81,0.2962962962962963,0.8,-0.07407407407407407,-6.0
gbpjpy,pullback_reversal,discovery,confirm_1bar,100,100,48,67,0.3880597014925373,0.8666666666666667,-0.05970149253731343,-4.0
gbpjpy,pullback_reversal,discovery,confirm_1bar,100,100,72,62,0.4032258064516129,0.8064516129032258,-0.0967741935483871,-6.0
gbpjpy,pullback_reversal,discovery,confirm_1bar,100,125,24,81,0.2962962962962963,0.8347826086956524,-0.046913580246913576,-3.8
gbpjpy,pullback_reversal,discovery,confirm_1bar,100,125,48,67,0.417910447761194,0.8960000000000002,-0.038805970149253737,-2.6000000000000005
gbpjpy,pullback_reversal,discovery,confirm_1bar,100,125,72,62,0.43548387096774194,0.8640000000000002,-0.05483870967741938,-3.4000000000000012
gbpjpy,pullback_reversal,discovery,confirm_1bar,125,40,24,81,0.19753086419753085,1.0204081632653061,0.012345679012345678,1.0
gbpjpy,pullback_reversal,discovery,confirm_1bar,125,40,48,67,0.23880597014925373,1.1363636363636365,0.08955223880597014,6.0
gbpjpy,pullback_reversal,discovery,confirm_1bar,125,40,72,62,0.2903225806451613,1.3392857142857142,0.22983870967741934,14.25
gbpjpy,pullback_reversal,discovery,confirm_1bar,125,50,24,81,0.2222222222222222,1.0465116279069768,0.024691358024691357,2.0
gbpjpy,pullback_reversal,discovery,confirm_1bar,125,50,48,67,0.26865671641791045,1.0975609756097562,0.05970149253731343,4.0
gbpjpy,pullback_reversal,discovery,confirm_1bar,125,50,72,62,0.3225806451612903,1.25,0.16129032258064516,10.0
gbpjpy,pullback_reversal,discovery,confirm_1bar,125,60,24,81,0.2222222222222222,0.9375000000000002,-0.030864197530864165,-2.4999999999999973
gbpjpy,pullback_reversal,discovery,confirm_1bar,125,60,48,67,0.2835820895522388,1.041666666666667,0.023631840796019942,1.5833333333333361
gbpjpy,pullback_reversal,discovery,confirm_1bar,125,60,72,62,0.3225806451612903,1.041666666666667,0.02688172043010757,1.6666666666666692
gbpjpy,pullback_reversal,discovery,confirm_1bar,125,75,24,81,0.24691358024691357,0.9803921568627452,-0.008230452674897078,-0.6666666666666634
gbpjpy,pullback_reversal,discovery,confirm_1bar,125,75,48,67,0.3283582089552239,1.0476190476190474,0.024875621890547307,1.6666666666666696
gbpjpy,pullback_reversal,discovery,confirm_1bar,125,75,72,62,0.3709677419354839,1.036036036036036,0.021505376344086065,1.333333333333336
gbpjpy,pullback_reversal,discovery,confirm_1bar,125,100,24,81,0.24691358024691357,0.8333333333333334,-0.06172839506172839,-5.0
gbpjpy,pullback_reversal,discovery,confirm_1bar,125,100,48,67,0.3283582089552239,0.9166666666666666,-0.03731343283582089,-2.5
gbpjpy,pullback_reversal,discovery,confirm_1bar,125,100,72,62,0.3870967741935484,0.9375,-0.03225806451612903,-2.0
gbpjpy,pullback_reversal,discovery,confirm_1bar,125,125,24,81,0.24691358024691357,0.8695652173913043,-0.037037037037037035,-3.0
gbpjpy,pullback_reversal,discovery,confirm_1bar,125,125,48,67,0.3582089552238806,0.96,-0.014925373134328358,-1.0
gbpjpy,pullback_reversal,discovery,confirm_1bar,125,125,72,62,0.41935483870967744,1.0,0.0,0.0
gbpjpy,pullback_reversal,validation,next_open,40,40,24,42,0.5476190476190477,1.2105263157894737,0.09523809523809523,4.0
gbpjpy,pullback_reversal,validation,next_open,40,40,48,34,0.5,1.0,0.0,0.0
gbpjpy,pullback_reversal,validation,next_open,40,40,72,27,0.48148148148148145,0.9285714285714286,-0.037037037037037035,-1.0
gbpjpy,pullback_reversal,validation,next_open,40,50,24,42,0.6666666666666666,1.6000000000000003,0.20000000000000004,8.400000000000002
gbpjpy,pullback_reversal,validation,next_open,40,50,48,34,0.6176470588235294,1.2923076923076926,0.11176470588235296,3.8000000000000007
gbpjpy,pullback_reversal,validation,next_open,40,50,72,27,0.5925925925925926,1.1636363636363638,0.0666666666666667,1.8000000000000007
gbpjpy,pullback_reversal,validation,next_open,40,60,24,42,0.6666666666666666,1.3333333333333337,0.11111111111111108,4.666666666666665
gbpjpy,pullback_reversal,validation,next_open,40,60,48,34,0.6176470588235294,1.0769230769230766,0.02941176470588233,0.9999999999999993
gbpjpy,pullback_reversal,validation,next_open,40,60,72,27,0.5925925925925926,0.9696969696969696,-0.012345679012345713,-0.33333333333333426
gbpjpy,pullback_reversal,validation,next_open,40,75,24,42,0.7142857142857143,1.4545454545454546,0.11904761904761903,4.999999999999999
gbpjpy,pullback_reversal,validation,next_open,40,75,48,34,0.6764705882352942,1.115151515151515,0.037254901960784306,1.2666666666666664
gbpjpy,pullback_reversal,validation,next_open,40,75,72,27,0.6666666666666666,1.0666666666666667,0.022222222222222216,0.5999999999999999
gbpjpy,pullback_reversal,validation,next_open,40,100,24,42,0.7619047619047619,1.6,0.11428571428571432,4.800000000000002
gbpjpy,pullback_reversal,validation,next_open,40,100,48,34,0.7941176470588235,1.5428571428571431,0.11176470588235295,3.8000000000000003
gbpjpy,pullback_reversal,validation,next_open,40,100,72,27,0.8148148148148148,1.7600000000000005,0.14074074074074075,3.8000000000000003
gbpjpy,pullback_reversal,validation,next_open,40,125,24,42,0.7857142857142857,2.112,0.1323809523809524,5.5600000000000005
gbpjpy,pullback_reversal,validation,next_open,40,125,48,34,0.8529411764705882,1.8560000000000003,0.12588235294117647,4.28
gbpjpy,pullback_reversal,validation,next_open,40,125,72,27,0.8888888888888888,2.56,0.17333333333333337,4.680000000000001
gbpjpy,pullback_reversal,validation,next_open,50,40,24,42,0.47619047619047616,1.1363636363636365,0.07142857142857142,3.0
gbpjpy,pullback_reversal,validation,next_open,50,40,48,34,0.47058823529411764,1.1111111111111112,0.058823529411764705,2.0
gbpjpy,pullback_reversal,validation,next_open,50,40,72,27,0.4444444444444444,1.0,0.0,0.0
gbpjpy,pullback_reversal,validation,next_open,50,50,24,42,0.5476190476190477,1.3529411764705883,0.14285714285714285,6.0
gbpjpy,pullback_reversal,validation,next_open,50,50,48,34,0.5588235294117647,1.2666666666666666,0.11764705882352941,4.0
gbpjpy,pullback_reversal,validation,next_open,50,50,72,27,0.5185185185185185,1.0769230769230769,0.037037037037037035,1.0
gbpjpy,pullback_reversal,validation,next_open,50,60,24,42,0.5476190476190477,1.1274509803921566,0.05158730158730164,2.1666666666666687
gbpjpy,pullback_reversal,validation,next_open,50,60,48,34,0.5588235294117647,1.0555555555555558,0.024509803921568638,0.8333333333333337
gbpjpy,pullback_reversal,validation,next_open,50,60,72,27,0.5185185185185185,0.8974358974358977,-0.04938271604938267,-1.3333333333333321
gbpjpy,pullback_reversal,validation,next_open,50,75,24,42,0.5476190476190477,1.022222222222222,0.007936507936507914,0.33333333333333237
gbpjpy,pullback_reversal,validation,next_open,50,75,48,34,0.5588235294117647,0.8444444444444443,-0.06862745098039218,-2.333333333333334
gbpjpy,pullback_reversal,validation,next_open,50,75,72,27,0.5185185185185185,0.7179487179487178,-0.1358024691358025,-3.6666666666666674
gbpjpy,pullback_reversal,validation,next_open,50,100,24,42,0.5952380952380952,1.1363636363636365,0.03571428571428571,1.5
gbpjpy,pullback_reversal,validation,next_open,50,100,48,34,0.6764705882352942,1.15,0.04411764705882353,1.5
gbpjpy,pullback_reversal,validation,next_open,50,100,72,27,0.7037037037037037,1.1875,0.05555555555555555,1.5
gbpjpy,pullback_reversal,validation,next_open,50,125,24,42,0.6190476190476191,1.3000000000000003,0.05714285714285715,2.4000000000000004
gbpjpy,pullback_reversal,validation,next_open,50,125,48,34,0.7352941176470589,1.2500000000000002,0.058823529411764705,2.0
gbpjpy,pullback_reversal,validation,next_open,50,125,72,27,0.7777777777777778,1.4000000000000004,0.0888888888888889,2.4000000000000004
gbpjpy,pullback_reversal,validation,next_open,60,40,24,42,0.3333333333333333,0.8076923076923077,-0.11904761904761904,-5.0
gbpjpy,pullback_reversal,validation,next_open,60,40,48,34,0.35294117647058826,0.8571428571428571,-0.08823529411764706,-3.0
gbpjpy,pullback_reversal,validation,next_open,60,40,72,27,0.3333333333333333,0.75,-0.16666666666666666,-4.5
gbpjpy,pullback_reversal,validation,next_open,60,50,24,42,0.40476190476190477,0.9714285714285713,-0.0142857142857143,-0.6000000000000005
gbpjpy,pullback_reversal,validation,next_open,60,50,48,34,0.4411764705882353,0.9999999999999998,-3.918434204559376e-17,-1.3322676295501878e-15
gbpjpy,pullback_reversal,validation,next_open,60,50,72,27,0.4074074074074074,0.8249999999999998,-0.1037037037037037,-2.8
gbpjpy,pullback_reversal,validation,next_open,60,60,24,42,0.40476190476190477,0.8095238095238095,-0.09523809523809523,-4.0
gbpjpy,pullback_reversal,validation,next_open,60,60,48,34,0.4411764705882353,0.8333333333333334,-0.08823529411764706,-3.0
gbpjpy,pullback_reversal,validation,next_open,60,60,72,27,0.4074074074074074,0.6875,-0.18518518518518517,-5.0
gbpjpy,pullback_reversal,validation,next_open,60,75,24,42,0.40476190476190477,0.7555555555555556,-0.10476190476190475,-4.3999999999999995
gbpjpy,pullback_reversal,validation,next_open,60,75,48,34,0.4411764705882353,0.6666666666666669,-0.17647058823529413,-6.0
gbpjpy,pullback_reversal,validation,next_open,60,75,72,27,0.4074074074074074,0.55,-0.26666666666666666,-7.2
gbpjpy,pullback_reversal,validation,next_open,60,100,24,42,0.4523809523809524,0.8142857142857142,-0.06190476190476191,-2.6
gbpjpy,pullback_reversal,validation,next_open,60,100,48,34,0.5588235294117647,0.8769230769230768,-0.04705882352941178,-1.6000000000000005
gbpjpy,pullback_reversal,validation,next_open,60,100,72,27,0.5925925925925926,0.8727272727272727,-0.05185185185185185,-1.4
gbpjpy,pullback_reversal,validation,next_open,60,125,24,42,0.5,1.0080000000000002,0.0019047619047618959,0.07999999999999963
gbpjpy,pullback_reversal,validation,next_open,60,125,48,34,0.6470588235294118,1.0560000000000003,0.016470588235294105,0.5599999999999996
gbpjpy,pullback_reversal,validation,next_open,60,125,72,27,0.7037037037037037,1.1400000000000001,0.041481481481481466,1.1199999999999997
gbpjpy,pullback_reversal,validation,next_open,75,40,24,42,0.23809523809523808,0.625,-0.26785714285714285,-11.25
gbpjpy,pullback_reversal,validation,next_open,75,40,48,34,0.23529411764705882,0.625,-0.2647058823529412,-9.0
gbpjpy,pullback_reversal,validation,next_open,75,40,72,27,0.18518518518518517,0.42613636363636365,-0.4675925925925926,-12.625
gbpjpy,pullback_reversal,validation,next_open,75,50,24,42,0.30952380952380953,0.78,-0.13095238095238096,-5.5
gbpjpy,pullback_reversal,validation,next_open,75,50,48,34,0.3235294117647059,0.7857142857142857,-0.1323529411764706,-4.5
gbpjpy,pullback_reversal,validation,next_open,75,50,72,27,0.25925925925925924,0.525,-0.35185185185185186,-9.5
gbpjpy,pullback_reversal,validation,next_open,75,60,24,42,0.30952380952380953,0.65,-0.20833333333333334,-8.75
gbpjpy,pullback_reversal,validation,next_open,75,60,48,34,0.3235294117647059,0.6547619047619048,-0.21323529411764705,-7.25
gbpjpy,pullback_reversal,validation,next_open,75,60,72,27,0.25925925925925924,0.4375,-0.4166666666666667,-11.25
gbpjpy,pullback_reversal,validation,next_open,75,75,24,42,0.30952380952380953,0.5909090909090909,-0.21428571428571427,-9.0
gbpjpy,pullback_reversal,validation,next_open,75,75,48,34,0.3235294117647059,0.5238095238095238,-0.29411764705882354,-10.0
gbpjpy,pullback_reversal,validation,next_open,75,75,72,27,0.25925925925925924,0.35,-0.48148148148148145,-13.0
gbpjpy,pullback_reversal,validation,next_open,75,100,24,42,0.35714285714285715,0.6617647058823529,-0.13690476190476192,-5.75
gbpjpy,pullback_reversal,validation,next_open,75,100,48,34,0.4411764705882353,0.75,-0.11029411764705882,-3.75
gbpjpy,pullback_reversal,validation,next_open,75,100,72,27,0.48148148148148145,0.75,-0.12037037037037036,-3.25
gbpjpy,pullback_reversal,validation,next_open,75,125,24,42,0.42857142857142855,0.8999999999999999,-0.028571428571428574,-1.2000000000000002
gbpjpy,pullback_reversal,validation,next_open,75,125,48,34,0.5588235294117647,1.0363636363636362,0.011764705882352925,0.39999999999999947
gbpjpy,pullback_reversal,validation,next_open,75,125,72,27,0.6296296296296297,1.1333333333333333,0.04444444444444443,1.1999999999999997
gbpjpy,pullback_reversal,validation,next_open,100,40,24,42,0.16666666666666666,0.546875,-0.34523809523809523,-14.5
gbpjpy,pullback_reversal,validation,next_open,100,40,48,34,0.17647058823529413,0.5769230769230769,-0.3235294117647059,-11.0
gbpjpy,pullback_reversal,validation,next_open,100,40,72,27,0.1111111111111111,0.3125,-0.6111111111111112,-16.5
gbpjpy,pullback_reversal,validation,next_open,100,50,24,42,0.2619047619047619,0.8461538461538461,-0.09523809523809523,-4.0
gbpjpy,pullback_reversal,validation,next_open,100,50,48,34,0.29411764705882354,0.9090909090909091,-0.058823529411764705,-2.0
gbpjpy,pullback_reversal,validation,next_open,100,50,72,27,0.2222222222222222,0.5714285714285714,-0.3333333333333333,-9.0
gbpjpy,pullback_reversal,validation,next_open,100,60,24,42,0.2619047619047619,0.7051282051282052,-0.1825396825396825,-7.666666666666665
gbpjpy,pullback_reversal,validation,next_open,100,60,48,34,0.29411764705882354,0.7575757575757577,-0.15686274509803919,-5.333333333333332
gbpjpy,pullback_reversal,validation,next_open,100,60,72,27,0.2222222222222222,0.47619047619047616,-0.4074074074074074,-11.0
gbpjpy,pullback_reversal,validation,next_open,100,75,24,42,0.2619047619047619,0.6376811594202899,-0.19841269841269843,-8.333333333333334
gbpjpy,pullback_reversal,validation,next_open,100,75,48,34,0.29411764705882354,0.6060606060606061,-0.25490196078431376,-8.666666666666668
gbpjpy,pullback_reversal,validation,next_open,100,75,72,27,0.2222222222222222,0.38095238095238093,-0.48148148148148145,-13.0
gbpjpy,pullback_reversal,validation,next_open,100,100,24,42,0.2857142857142857,0.7058823529411765,-0.11904761904761904,-5.0
gbpjpy,pullback_reversal,validation,next_open,100,100,48,34,0.4117647058823529,0.875,-0.058823529411764705,-2.0
gbpjpy,pullback_reversal,validation,next_open,100,100,72,27,0.4074074074074074,0.7333333333333333,-0.14814814814814814,-4.0
gbpjpy,pullback_reversal,validation,next_open,100,125,24,42,0.35714285714285715,1.0000000000000002,1.057355261547768e-17,4.440892098500626e-16
gbpjpy,pullback_reversal,validation,next_open,100,125,48,34,0.5294117647058824,1.2000000000000002,0.07058823529411769,2.4000000000000012
gbpjpy,pullback_reversal,validation,next_open,100,125,72,27,0.5555555555555556,1.2000000000000004,0.07407407407407411,2.000000000000001
gbpjpy,pullback_reversal,validation,next_open,125,40,24,42,0.11904761904761904,0.48828125,-0.3898809523809524,-16.375
gbpjpy,pullback_reversal,validation,next_open,125,40,48,34,0.17647058823529413,0.7211538461538461,-0.21323529411764705,-7.25
gbpjpy,pullback_reversal,validation,next_open,125,40,72,27,0.1111111111111111,0.390625,-0.5416666666666666,-14.625
gbpjpy,pullback_reversal,validation,next_open,125,50,24,42,0.16666666666666666,0.6481481481481481,-0.2261904761904762,-9.5
gbpjpy,pullback_reversal,validation,next_open,125,50,48,34,0.2647058823529412,1.0227272727272727,0.014705882352941176,0.5
gbpjpy,pullback_reversal,validation,next_open,125,50,72,27,0.18518518518518517,0.5952380952380952,-0.3148148148148148,-8.5
gbpjpy,pullback_reversal,validation,next_open,125,60,24,42,0.16666666666666666,0.5401234567901235,-0.29563492063492064,-12.416666666666666
gbpjpy,pullback_reversal,validation,next_open,125,60,48,34,0.2647058823529412,0.8522727272727273,-0.09558823529411761,-3.2499999999999987
gbpjpy,pullback_reversal,validation,next_open,125,60,72,27,0.18518518518518517,0.4960317460317461,-0.3919753086419753,-10.583333333333332
gbpjpy,pullback_reversal,validation,next_open,125,75,24,42,0.16666666666666666,0.4861111111111111,-0.2936507936507936,-12.333333333333332
gbpjpy,pullback_reversal,validation,next_open,125,75,48,34,0.2647058823529412,0.6818181818181818,-0.20588235294117643,-6.999999999999999
gbpjpy,pullback_reversal,validation,next_open,125,75,72,27,0.18518518518518517,0.39682539682539686,-0.4691358024691358,-12.666666666666666
gbpjpy,pullback_reversal,validation,next_open,125,100,24,42,0.19047619047619047,0.5882352941176471,-0.16666666666666666,-7.0
gbpjpy,pullback_reversal,validation,next_open,125,100,48,34,0.38235294117647056,1.015625,0.007352941176470588,0.25
gbpjpy,pullback_reversal,validation,next_open,125,100,72,27,0.3333333333333333,0.75,-0.1388888888888889,-3.75
gbpjpy,pullback_reversal,validation,next_open,125,125,24,42,0.23809523809523808,0.7692307692307693,-0.07142857142857142,-3.0
gbpjpy,pullback_reversal,validation,next_open,125,125,48,34,0.47058823529411764,1.2307692307692308,0.08823529411764706,3.0
gbpjpy,pullback_reversal,validation,next_open,125,125,72,27,0.4444444444444444,1.0909090909090908,0.037037037037037035,1.0
gbpjpy,pullback_reversal,validation,break_signal_high,40,40,24,36,0.75,3.0,0.5,18.0
gbpjpy,pullback_reversal,validation,break_signal_high,40,40,48,28,0.7142857142857143,2.5,0.42857142857142855,12.0
gbpjpy,pullback_reversal,validation,break_signal_high,40,40,72,25,0.72,2.5714285714285716,0.44,11.0
gbpjpy,pullback_reversal,validation,break_signal_high,40,50,24,36,0.8055555555555556,3.3142857142857154,0.45000000000000007,16.200000000000003
gbpjpy,pullback_reversal,validation,break_signal_high,40,50,48,28,0.7857142857142857,2.933333333333334,0.4142857142857145,11.600000000000005
gbpjpy,pullback_reversal,validation,break_signal_high,40,50,72,25,0.76,2.5333333333333337,0.3680000000000001,9.200000000000003
gbpjpy,pullback_reversal,validation,break_signal_high,40,60,24,36,0.8055555555555556,2.7619047619047628,0.34259259259259245,12.333333333333329
gbpjpy,pullback_reversal,validation,break_signal_high,40,60,48,28,0.7857142857142857,2.4444444444444438,0.3095238095238095,8.666666666666666
gbpjpy,pullback_reversal,validation,break_signal_high,40,60,72,25,0.76,2.1111111111111107,0.26666666666666666,6.666666666666666
gbpjpy,pullback_reversal,validation,break_signal_high,40,75,24,36,0.8055555555555556,2.2095238095238097,0.2351851851851852,8.466666666666667
gbpjpy,pullback_reversal,validation,break_signal_high,40,75,48,28,0.7857142857142857,1.9555555555555555,0.20476190476190476,5.733333333333333
gbpjpy,pullback_reversal,validation,break_signal_high,40,75,72,25,0.76,1.6888888888888889,0.16533333333333336,4.133333333333334
gbpjpy,pullback_reversal,validation,break_signal_high,40,100,24,36,0.8611111111111112,3.100000000000001,0.2333333333333334,8.400000000000002
gbpjpy,pullback_reversal,validation,break_signal_high,40,100,48,28,0.8571428571428571,2.4000000000000004,0.2000000000000001,5.600000000000002
gbpjpy,pullback_reversal,validation,break_signal_high,40,100,72,25,0.84,2.1000000000000005,0.17600000000000005,4.400000000000001
gbpjpy,pullback_reversal,validation,break_signal_high,40,125,24,36,0.8888888888888888,3.4133333333333336,0.20111111111111116,7.240000000000002
gbpjpy,pullback_reversal,validation,break_signal_high,40,125,48,28,0.8928571428571429,4.0,0.21428571428571433,6.000000000000001
gbpjpy,pullback_reversal,validation,break_signal_high,40,125,72,25,0.92,3.680000000000001,0.2144,5.36
gbpjpy,pullback_reversal,validation,break_signal_high,50,40,24,36,0.5,1.3235294117647058,0.1527777777777778,5.5
gbpjpy,pullback_reversal,validation,break_signal_high,50,40,48,28,0.5357142857142857,1.5625,0.24107142857142858,6.75
gbpjpy,pullback_reversal,validation,break_signal_high,50,40,72,25,0.56,1.5909090909090908,0.26,6.5
gbpjpy,pullback_reversal,validation,break_signal_high,50,50,24,36,0.5555555555555556,1.4285714285714286,0.16666666666666666,6.0
gbpjpy,pullback_reversal,validation,break_signal_high,50,50,48,28,0.6428571428571429,2.0,0.32142857142857145,9.0
gbpjpy,pullback_reversal,validation,break_signal_high,50,50,72,25,0.64,1.7777777777777777,0.28,7.0
gbpjpy,pullback_reversal,validation,break_signal_high,50,60,24,36,0.5833333333333334,1.4583333333333333,0.1527777777777778,5.5
gbpjpy,pullback_reversal,validation,break_signal_high,50,60,48,28,0.6428571428571429,1.666666666666667,0.21428571428571427,6.0
gbpjpy,pullback_reversal,validation,break_signal_high,50,60,72,25,0.64,1.4814814814814816,0.17333333333333337,4.333333333333334
gbpjpy,pullback_reversal,validation,break_signal_high,50,75,24,36,0.5833333333333334,1.2727272727272725,0.08333333333333331,2.999999999999999
gbpjpy,pullback_reversal,validation,break_signal_high,50,75,48,28,0.6428571428571429,1.333333333333333,0.1071428571428571,2.9999999999999987
gbpjpy,pullback_reversal,validation,break_signal_high,50,75,72,25,0.64,1.1851851851851851,0.06666666666666664,1.666666666666666
gbpjpy,pullback_reversal,validation,break_signal_high,50,100,24,36,0.6388888888888888,1.6428571428571428,0.125,4.5
gbpjpy,pullback_reversal,validation,break_signal_high,50,100,48,28,0.75,1.75,0.16071428571428573,4.5
gbpjpy,pullback_reversal,validation,break_signal_high,50,100,72,25,0.76,1.5833333333333333,0.14,3.5
gbpjpy,pullback_reversal,validation,break_signal_high,50,125,24,36,0.6388888888888888,1.5333333333333339,0.08888888888888889,3.2
gbpjpy,pullback_reversal,validation,break_signal_high,50,125,48,28,0.7857142857142857,2.2000000000000006,0.17142857142857149,4.800000000000002
gbpjpy,pullback_reversal,validation,break_signal_high,50,125,72,25,0.84,2.1000000000000005,0.17600000000000005,4.400000000000001
gbpjpy,pullback_reversal,validation,break_signal_high,60,40,24,36,0.3888888888888889,1.0,0.0,0.0
gbpjpy,pullback_reversal,validation,break_signal_high,60,40,48,28,0.42857142857142855,1.2,0.10714285714285714,3.0
gbpjpy,pullback_reversal,validation,break_signal_high,60,40,72,25,0.44,1.1785714285714286,0.1,2.5
gbpjpy,pullback_reversal,validation,break_signal_high,60,50,24,36,0.4444444444444444,1.1294117647058823,0.06111111111111107,2.1999999999999984
gbpjpy,pullback_reversal,validation,break_signal_high,60,50,48,28,0.5,1.3999999999999997,0.17142857142857143,4.8
gbpjpy,pullback_reversal,validation,break_signal_high,60,50,72,25,0.52,1.2999999999999996,0.144,3.5999999999999996
gbpjpy,pullback_reversal,validation,break_signal_high,60,60,24,36,0.4722222222222222,1.2142857142857142,0.08333333333333333,3.0
gbpjpy,pullback_reversal,validation,break_signal_high,60,60,48,28,0.5357142857142857,1.3636363636363635,0.14285714285714285,4.0
gbpjpy,pullback_reversal,validation,break_signal_high,60,60,72,25,0.56,1.2727272727272727,0.12,3.0
gbpjpy,pullback_reversal,validation,break_signal_high,60,75,24,36,0.4722222222222222,1.0461538461538462,0.016666666666666687,0.6000000000000008
gbpjpy,pullback_reversal,validation,break_signal_high,60,75,48,28,0.5357142857142857,1.0909090909090913,0.035714285714285754,1.000000000000001
gbpjpy,pullback_reversal,validation,break_signal_high,60,75,72,25,0.56,1.0181818181818185,0.008000000000000024,0.20000000000000062
gbpjpy,pullback_reversal,validation,break_signal_high,60,100,24,36,0.5277777777777778,1.4249999999999998,0.09444444444444443,3.3999999999999995
gbpjpy,pullback_reversal,validation,break_signal_high,60,100,48,28,0.6428571428571429,1.3499999999999999,0.09999999999999998,2.7999999999999994
gbpjpy,pullback_reversal,validation,break_signal_high,60,100,72,25,0.68,1.275,0.088,2.1999999999999997
gbpjpy,pullback_reversal,validation,break_signal_high,60,125,24,36,0.5555555555555556,1.6000000000000003,0.09999999999999999,3.5999999999999996
gbpjpy,pullback_reversal,validation,break_signal_high,60,125,48,28,0.7142857142857143,1.9200000000000004,0.16428571428571428,4.6
gbpjpy,pullback_reversal,validation,break_signal_high,60,125,72,25,0.8,1.9200000000000004,0.184,4.6
gbpjpy,pullback_reversal,validation,break_signal_high,75,40,24,36,0.3055555555555556,0.859375,-0.09375,-3.375
gbpjpy,pullback_reversal,validation,break_signal_high,75,40,48,28,0.32142857142857145,0.9375,-0.04017857142857143,-1.125
gbpjpy,pullback_reversal,validation,break_signal_high,75,40,72,25,0.32,0.8823529411764706,-0.08,-2.0
gbpjpy,pullback_reversal,validation,break_signal_high,75,50,24,36,0.3888888888888889,1.105263157894737,0.05555555555555555,2.0
gbpjpy,pullback_reversal,validation,break_signal_high,75,50,48,28,0.42857142857142855,1.2857142857142858,0.14285714285714285,4.0
gbpjpy,pullback_reversal,validation,break_signal_high,75,50,72,25,0.4,1.0,0.0,0.0
gbpjpy,pullback_reversal,validation,break_signal_high,75,60,24,36,0.4166666666666667,1.171875,0.0763888888888889,2.75
gbpjpy,pullback_reversal,validation,break_signal_high,75,60,48,28,0.4642857142857143,1.25,0.11607142857142858,3.25
gbpjpy,pullback_reversal,validation,break_signal_high,75,60,72,25,0.44,0.9821428571428571,-0.01,-0.25
gbpjpy,pullback_reversal,validation,break_signal_high,75,75,24,36,0.4166666666666667,1.0,0.0,0.0
gbpjpy,pullback_reversal,validation,break_signal_high,75,75,48,28,0.4642857142857143,1.0,0.0,0.0
gbpjpy,pullback_reversal,validation,break_signal_high,75,75,72,25,0.44,0.7857142857142857,-0.12,-3.0
gbpjpy,pullback_reversal,validation,break_signal_high,75,100,24,36,0.4444444444444444,1.5,0.1111111111111111,4.0
gbpjpy,pullback_reversal,validation,break_signal_high,75,100,48,28,0.5714285714285714,1.3333333333333333,0.10714285714285714,3.0
gbpjpy,pullback_reversal,validation,break_signal_high,75,100,72,25,0.6,1.25,0.09,2.25
gbpjpy,pullback_reversal,validation,break_signal_high,75,125,24,36,0.4722222222222222,1.7,0.11666666666666664,4.199999999999999
gbpjpy,pullback_reversal,validation,break_signal_high,75,125,48,28,0.6428571428571429,1.7999999999999998,0.1714285714285714,4.799999999999999
gbpjpy,pullback_reversal,validation,break_signal_high,75,125,72,25,0.68,1.457142857142857,0.12799999999999997,3.1999999999999993
gbpjpy,pullback_reversal,validation,break_signal_high,100,40,24,36,0.1388888888888889,0.46296296296296297,-0.4027777777777778,-14.5
gbpjpy,pullback_reversal,validation,break_signal_high,100,40,48,28,0.21428571428571427,0.7142857142857143,-0.21428571428571427,-6.0
gbpjpy,pullback_reversal,validation,break_signal_high,100,40,72,25,0.2,0.625,-0.3,-7.5
gbpjpy,pullback_reversal,validation,break_signal_high,100,50,24,36,0.19444444444444445,0.6363636363636364,-0.2222222222222222,-8.0
gbpjpy,pullback_reversal,validation,break_signal_high,100,50,48,28,0.2857142857142857,0.8888888888888888,-0.07142857142857142,-2.0
gbpjpy,pullback_reversal,validation,break_signal_high,100,50,72,25,0.24,0.631578947368421,-0.28,-7.0
gbpjpy,pullback_reversal,validation,break_signal_high,100,60,24,36,0.2222222222222222,0.7017543859649124,-0.15740740740740738,-5.666666666666666
gbpjpy,pullback_reversal,validation,break_signal_high,100,60,48,28,0.32142857142857145,0.8823529411764706,-0.07142857142857137,-1.9999999999999984
gbpjpy,pullback_reversal,validation,break_signal_high,100,60,72,25,0.28,0.6481481481481481,-0.2533333333333333,-6.333333333333332
gbpjpy,pullback_reversal,validation,break_signal_high,100,75,24,36,0.2222222222222222,0.5925925925925926,-0.20370370370370372,-7.333333333333334
gbpjpy,pullback_reversal,validation,break_signal_high,100,75,48,28,0.32142857142857145,0.7058823529411765,-0.17857142857142863,-5.000000000000002
gbpjpy,pullback_reversal,validation,break_signal_high,100,75,72,25,0.28,0.5185185185185185,-0.34666666666666673,-8.666666666666668
gbpjpy,pullback_reversal,validation,break_signal_high,100,100,24,36,0.25,0.9,-0.027777777777777776,-1.0
gbpjpy,pullback_reversal,validation,break_signal_high,100,100,48,28,0.39285714285714285,0.8461538461538461,-0.07142857142857142,-2.0
gbpjpy,pullback_reversal,validation,break_signal_high,100,100,72,25,0.4,0.7692307692307693,-0.12,-3.0
gbpjpy,pullback_reversal,validation,break_signal_high,100,125,24,36,0.2777777777777778,1.0,1.2335811384723961e-17,4.440892098500626e-16
gbpjpy,pullback_reversal,validation,break_signal_high,100,125,48,28,0.5,1.2444444444444447,0.07857142857142861,2.200000000000001
gbpjpy,pullback_reversal,validation,break_signal_high,100,125,72,25,0.52,1.0400000000000003,0.016000000000000025,0.4000000000000006
gbpjpy,pullback_reversal,validation,break_signal_high,125,40,24,36,0.1111111111111111,0.46296296296296297,-0.4027777777777778,-14.5
gbpjpy,pullback_reversal,validation,break_signal_high,125,40,48,28,0.21428571428571427,0.8928571428571429,-0.08035714285714286,-2.25
gbpjpy,pullback_reversal,validation,break_signal_high,125,40,72,25,0.2,0.78125,-0.175,-4.375
gbpjpy,pullback_reversal,validation,break_signal_high,125,50,24,36,0.16666666666666666,0.6818181818181818,-0.19444444444444445,-7.0
gbpjpy,pullback_reversal,validation,break_signal_high,125,50,48,28,0.2857142857142857,1.1111111111111112,0.07142857142857142,2.0
gbpjpy,pullback_reversal,validation,break_signal_high,125,50,72,25,0.24,0.7894736842105263,-0.16,-4.0
gbpjpy,pullback_reversal,validation,break_signal_high,125,60,24,36,0.19444444444444445,0.767543859649123,-0.12268518518518517,-4.416666666666666
gbpjpy,pullback_reversal,validation,break_signal_high,125,60,48,28,0.32142857142857145,1.1029411764705883,0.06250000000000004,1.7500000000000013
gbpjpy,pullback_reversal,validation,break_signal_high,125,60,72,25,0.28,0.8101851851851853,-0.13666666666666663,-3.4166666666666656
gbpjpy,pullback_reversal,validation,break_signal_high,125,75,24,36,0.19444444444444445,0.6481481481481481,-0.17592592592592593,-6.333333333333333
gbpjpy,pullback_reversal,validation,break_signal_high,125,75,48,28,0.32142857142857145,0.8823529411764706,-0.07142857142857137,-1.9999999999999984
gbpjpy,pullback_reversal,validation,break_signal_high,125,75,72,25,0.28,0.6481481481481481,-0.2533333333333333,-6.333333333333332
gbpjpy,pullback_reversal,validation,break_signal_high,125,100,24,36,0.2222222222222222,1.0,0.0,0.0
gbpjpy,pullback_reversal,validation,break_signal_high,125,100,48,28,0.39285714285714285,1.0576923076923077,0.026785714285714284,0.75
gbpjpy,pullback_reversal,validation,break_signal_high,125,100,72,25,0.36,0.8653846153846154,-0.07,-1.75
gbpjpy,pullback_reversal,validation,break_signal_high,125,125,24,36,0.25,1.125,0.027777777777777776,1.0
gbpjpy,pullback_reversal,validation,break_signal_high,125,125,48,28,0.5,1.5555555555555556,0.17857142857142858,5.0
gbpjpy,pullback_reversal,validation,break_signal_high,125,125,72,25,0.48,1.2,0.08,2.0
gbpjpy,pullback_reversal,validation,confirm_1bar,40,40,24,32,0.4375,0.7777777777777778,-0.125,-4.0
gbpjpy,pullback_reversal,validation,confirm_1bar,40,40,48,27,0.5185185185185185,1.0769230769230769,0.037037037037037035,1.0
gbpjpy,pullback_reversal,validation,confirm_1bar,40,40,72,25,0.56,1.2727272727272727,0.12,3.0
gbpjpy,pullback_reversal,validation,confirm_1bar,40,50,24,32,0.46875,0.7500000000000002,-0.12499999999999997,-3.999999999999999
gbpjpy,pullback_reversal,validation,confirm_1bar,40,50,48,27,0.5555555555555556,1.0909090909090913,0.03703703703703707,1.0000000000000009
gbpjpy,pullback_reversal,validation,confirm_1bar,40,50,72,25,0.6,1.2000000000000004,0.08000000000000003,2.000000000000001
gbpjpy,pullback_reversal,validation,confirm_1bar,40,60,24,32,0.53125,0.8717948717948717,-0.05208333333333335,-1.6666666666666672
gbpjpy,pullback_reversal,validation,confirm_1bar,40,60,48,27,0.6666666666666666,1.4999999999999998,0.14814814814814814,4.0
gbpjpy,pullback_reversal,validation,confirm_1bar,40,60,72,25,0.68,1.4166666666666665,0.13333333333333333,3.333333333333333
gbpjpy,pullback_reversal,validation,confirm_1bar,40,75,24,32,0.5625,0.7999999999999999,-0.07500000000000001,-2.4000000000000004
gbpjpy,pullback_reversal,validation,confirm_1bar,40,75,48,27,0.7037037037037037,1.4476190476190476,0.11604938271604939,3.1333333333333337
gbpjpy,pullback_reversal,validation,confirm_1bar,40,75,72,25,0.72,1.3714285714285714,0.10400000000000001,2.6
gbpjpy,pullback_reversal,validation,confirm_1bar,40,100,24,32,0.625,0.8888888888888891,-0.031249999999999972,-0.9999999999999991
gbpjpy,pullback_reversal,validation,confirm_1bar,40,100,48,27,0.7407407407407407,1.3333333333333337,0.07407407407407408,2.0000000000000004
gbpjpy,pullback_reversal,validation,confirm_1bar,40,100,72,25,0.76,1.2666666666666668,0.06400000000000002,1.6000000000000005
gbpjpy,pullback_reversal,validation,confirm_1bar,40,125,24,32,0.65625,1.3440000000000003,0.053750000000000006,1.7200000000000002
gbpjpy,pullback_reversal,validation,confirm_1bar,40,125,48,27,0.7777777777777778,2.2400000000000007,0.13777777777777778,3.72
gbpjpy,pullback_reversal,validation,confirm_1bar,40,125,72,25,0.88,2.346666666666667,0.1616,4.04
gbpjpy,pullback_reversal,validation,confirm_1bar,50,40,24,32,0.375,0.75,-0.15625,-5.0
gbpjpy,pullback_reversal,validation,confirm_1bar,50,40,48,27,0.4444444444444444,1.0,0.0,0.0
gbpjpy,pullback_reversal,validation,confirm_1bar,50,40,72,25,0.48,1.1538461538461537,0.08,2.0
gbpjpy,pullback_reversal,validation,confirm_1bar,50,50,24,32,0.40625,0.7222222222222222,-0.15625,-5.0
gbpjpy,pullback_reversal,validation,confirm_1bar,50,50,48,27,0.48148148148148145,1.0,0.0,0.0
gbpjpy,pullback_reversal,validation,confirm_1bar,50,50,72,25,0.52,1.0833333333333333,0.04,1.0
gbpjpy,pullback_reversal,validation,confirm_1bar,50,60,24,32,0.46875,0.8928571428571431,-0.04687499999999997,-1.4999999999999991
gbpjpy,pullback_reversal,validation,confirm_1bar,50,60,48,27,0.5925925925925926,1.3333333333333335,0.12345679012345681,3.333333333333334
gbpjpy,pullback_reversal,validation,confirm_1bar,50,60,72,25,0.6,1.2500000000000004,0.10000000000000003,2.500000000000001
gbpjpy,pullback_reversal,validation,confirm_1bar,50,75,24,32,0.5,0.8205128205128205,-0.0729166666666667,-2.3333333333333344
gbpjpy,pullback_reversal,validation,confirm_1bar,50,75,48,27,0.6296296296296297,1.259259259259259,0.0864197530864197,2.333333333333332
gbpjpy,pullback_reversal,validation,confirm_1bar,50,75,72,25,0.64,1.1851851851851851,0.06666666666666664,1.666666666666666
gbpjpy,pullback_reversal,validation,confirm_1bar,50,100,24,32,0.53125,0.85,-0.046875,-1.5
gbpjpy,pullback_reversal,validation,confirm_1bar,50,100,48,27,0.6666666666666666,1.125,0.037037037037037035,1.0
gbpjpy,pullback_reversal,validation,confirm_1bar,50,100,72,25,0.68,1.0625,0.02,0.5
gbpjpy,pullback_reversal,validation,confirm_1bar,50,125,24,32,0.59375,1.5200000000000002,0.08125000000000002,2.6000000000000005
gbpjpy,pullback_reversal,validation,confirm_1bar,50,125,48,27,0.7777777777777778,2.8000000000000007,0.2,5.4
gbpjpy,pullback_reversal,validation,confirm_1bar,50,125,72,25,0.88,2.933333333333334,0.23200000000000004,5.800000000000001
gbpjpy,pullback_reversal,validation,confirm_1bar,60,40,24,32,0.375,0.9,-0.0625,-2.0
gbpjpy,pullback_reversal,validation,confirm_1bar,60,40,48,27,0.4444444444444444,1.2,0.1111111111111111,3.0
gbpjpy,pullback_reversal,validation,confirm_1bar,60,40,72,25,0.48,1.3846153846153846,0.2,5.0
gbpjpy,pullback_reversal,validation,confirm_1bar,60,50,24,32,0.40625,0.8666666666666665,-0.07500000000000004,-2.4000000000000012
gbpjpy,pullback_reversal,validation,confirm_1bar,60,50,48,27,0.48148148148148145,1.1999999999999997,0.09629629629629628,2.5999999999999996
gbpjpy,pullback_reversal,validation,confirm_1bar,60,50,72,25,0.52,1.2999999999999996,0.144,3.5999999999999996
gbpjpy,pullback_reversal,validation,confirm_1bar,60,60,24,32,0.46875,1.0714285714285714,0.03125,1.0
gbpjpy,pullback_reversal,validation,confirm_1bar,60,60,48,27,0.5555555555555556,1.5,0.18518518518518517,5.0
gbpjpy,pullback_reversal,validation,confirm_1bar,60,60,72,25,0.56,1.2727272727272727,0.12,3.0
gbpjpy,pullback_reversal,validation,confirm_1bar,60,75,24,32,0.5,0.9846153846153847,-0.006249999999999978,-0.1999999999999993
gbpjpy,pullback_reversal,validation,confirm_1bar,60,75,48,27,0.5925925925925926,1.4222222222222223,0.14074074074074078,3.8000000000000007
gbpjpy,pullback_reversal,validation,confirm_1bar,60,75,72,25,0.6,1.2000000000000004,0.08000000000000003,2.000000000000001
gbpjpy,pullback_reversal,validation,confirm_1bar,60,100,24,32,0.53125,1.02,0.006249999999999992,0.19999999999999973
gbpjpy,pullback_reversal,validation,confirm_1bar,60,100,48,27,0.6296296296296297,1.275,0.08148148148148146,2.1999999999999993
gbpjpy,pullback_reversal,validation,confirm_1bar,60,100,72,25,0.64,1.2,0.06399999999999999,1.5999999999999996
gbpjpy,pullback_reversal,validation,confirm_1bar,60,125,24,32,0.5625,1.7280000000000002,0.11374999999999999,3.6399999999999997
gbpjpy,pullback_reversal,validation,confirm_1bar,60,125,48,27,0.6666666666666666,2.16,0.17185185185185184,4.64
gbpjpy,pullback_reversal,validation,confirm_1bar,60,125,72,25,0.8,2.4000000000000004,0.22399999999999998,5.6
gbpjpy,pullback_reversal,validation,confirm_1bar,75,40,24,32,0.34375,0.9821428571428571,-0.01171875,-0.375
gbpjpy,pullback_reversal,validation,confirm_1bar,75,40,48,27,0.4074074074074074,1.2890625,0.1712962962962963,4.625
gbpjpy,pullback_reversal,validation,confirm_1bar,75,40,72,25,0.44,1.4732142857142858,0.265,6.625
gbpjpy,pullback_reversal,validation,confirm_1bar,75,50,24,32,0.375,0.9473684210526315,-0.03125,-1.0
gbpjpy,pullback_reversal,validation,confirm_1bar,75,50,48,27,0.4444444444444444,1.2857142857142858,0.14814814814814814,4.0
gbpjpy,pullback_reversal,validation,confirm_1bar,75,50,72,25,0.48,1.3846153846153846,0.2,5.0
gbpjpy,pullback_reversal,validation,confirm_1bar,75,60,24,32,0.40625,1.0833333333333333,0.0390625,1.25
gbpjpy,pullback_reversal,validation,confirm_1bar,75,60,48,27,0.48148148148148145,1.3541666666666667,0.1574074074074074,4.25
gbpjpy,pullback_reversal,validation,confirm_1bar,75,60,72,25,0.48,1.1538461538461537,0.08,2.0
gbpjpy,pullback_reversal,validation,confirm_1bar,75,75,24,32,0.40625,0.9285714285714286,-0.03125,-1.0
gbpjpy,pullback_reversal,validation,confirm_1bar,75,75,48,27,0.5185185185185185,1.2727272727272727,0.1111111111111111,3.0
gbpjpy,pullback_reversal,validation,confirm_1bar,75,75,72,25,0.52,1.0833333333333333,0.04,1.0
gbpjpy,pullback_reversal,validation,confirm_1bar,75,100,24,32,0.4375,0.9545454545454546,-0.015625,-0.5
gbpjpy,pullback_reversal,validation,confirm_1bar,75,100,48,27,0.5555555555555556,1.125,0.046296296296296294,1.25
gbpjpy,pullback_reversal,validation,confirm_1bar,75,100,72,25,0.56,1.05,0.02,0.5
gbpjpy,pullback_reversal,validation,confirm_1bar,75,125,24,32,0.46875,1.7999999999999996,0.12499999999999997,3.999999999999999
gbpjpy,pullback_reversal,validation,confirm_1bar,75,125,48,27,0.6296296296296297,2.04,0.19259259259259257,5.199999999999999
gbpjpy,pullback_reversal,validation,confirm_1bar,75,125,72,25,0.64,1.5999999999999999,0.144,3.5999999999999996
gbpjpy,pullback_reversal,validation,confirm_1bar,100,40,24,32,0.28125,1.0227272727272727,0.015625,0.5
gbpjpy,pullback_reversal,validation,confirm_1bar,100,40,48,27,0.3333333333333333,1.25,0.16666666666666666,4.5
gbpjpy,pullback_reversal,validation,confirm_1bar,100,40,72,25,0.36,1.40625,0.26,6.5
gbpjpy,pullback_reversal,validation,confirm_1bar,100,50,24,32,0.3125,1.0,0.0,0.0
gbpjpy,pullback_reversal,validation,confirm_1bar,100,50,48,27,0.37037037037037035,1.25,0.14814814814814814,4.0
gbpjpy,pullback_reversal,validation,confirm_1bar,100,50,72,25,0.4,1.3333333333333333,0.2,5.0
gbpjpy,pullback_reversal,validation,confirm_1bar,100,60,24,32,0.34375,1.1458333333333335,0.0729166666666667,2.3333333333333344
gbpjpy,pullback_reversal,validation,confirm_1bar,100,60,48,27,0.4074074074074074,1.3095238095238098,0.16049382716049385,4.333333333333334
gbpjpy,pullback_reversal,validation,confirm_1bar,100,60,72,25,0.4,1.1111111111111112,0.06666666666666668,1.666666666666667
gbpjpy,pullback_reversal,validation,confirm_1bar,100,75,24,32,0.34375,0.9777777777777779,-0.010416666666666699,-0.33333333333333437
gbpjpy,pullback_reversal,validation,confirm_1bar,100,75,48,27,0.4444444444444444,1.2307692307692308,0.11111111111111108,2.999999999999999
gbpjpy,pullback_reversal,validation,confirm_1bar,100,75,72,25,0.44,1.0476190476190477,0.026666666666666644,0.6666666666666661
gbpjpy,pullback_reversal,validation,confirm_1bar,100,100,24,32,0.375,1.0,0.0,0.0
gbpjpy,pullback_reversal,validation,confirm_1bar,100,100,48,27,0.48148148148148145,1.0833333333333333,0.037037037037037035,1.0
gbpjpy,pullback_reversal,validation,confirm_1bar,100,100,72,25,0.48,1.0,0.0,0.0
gbpjpy,pullback_reversal,validation,confirm_1bar,100,125,24,32,0.40625,1.7333333333333336,0.1375,4.4
gbpjpy,pullback_reversal,validation,confirm_1bar,100,125,48,27,0.5555555555555556,1.7142857142857149,0.18518518518518517,5.0
gbpjpy,pullback_reversal,validation,confirm_1bar,100,125,72,25,0.56,1.4000000000000004,0.12800000000000003,3.2000000000000006
gbpjpy,pullback_reversal,validation,confirm_1bar,125,40,24,32,0.21875,0.9943181818181818,-0.00390625,-0.125
gbpjpy,pullback_reversal,validation,confirm_1bar,125,40,48,27,0.25925925925925924,1.09375,0.06944444444444445,1.875
gbpjpy,pullback_reversal,validation,confirm_1bar,125,40,72,25,0.28,1.2152777777777777,0.155,3.875
gbpjpy,pullback_reversal,validation,confirm_1bar,125,50,24,32,0.25,1.0,0.0,0.0
gbpjpy,pullback_reversal,validation,confirm_1bar,125,50,48,27,0.2962962962962963,1.1111111111111112,0.07407407407407407,2.0
gbpjpy,pullback_reversal,validation,confirm_1bar,125,50,72,25,0.32,1.1764705882352942,0.12,3.0
gbpjpy,pullback_reversal,validation,confirm_1bar,125,60,24,32,0.28125,1.171875,0.08593750000000004,2.7500000000000013
gbpjpy,pullback_reversal,validation,confirm_1bar,125,60,48,27,0.3333333333333333,1.171875,0.10185185185185189,2.750000000000001
gbpjpy,pullback_reversal,validation,confirm_1bar,125,60,72,25,0.32,0.9803921568627452,-0.013333333333333303,-0.3333333333333326
gbpjpy,pullback_reversal,validation,confirm_1bar,125,75,24,32,0.28125,1.0,2.7755575615628914e-17,8.881784197001252e-16
gbpjpy,pullback_reversal,validation,confirm_1bar,125,75,48,27,0.37037037037037035,1.1904761904761905,0.09876543209876544,2.666666666666667
gbpjpy,pullback_reversal,validation,confirm_1bar,125,75,72,25,0.36,0.9375,-0.03999999999999998,-0.9999999999999996
gbpjpy,pullback_reversal,validation,confirm_1bar,125,100,24,32,0.3125,1.0416666666666667,0.015625,0.5
gbpjpy,pullback_reversal,validation,confirm_1bar,125,100,48,27,0.4074074074074074,1.0576923076923077,0.027777777777777776,0.75
gbpjpy,pullback_reversal,validation,confirm_1bar,125,100,72,25,0.4,0.8928571428571429,-0.06,-1.5
gbpjpy,pullback_reversal,validation,confirm_1bar,125,125,24,32,0.34375,1.8333333333333333,0.15625,5.0
gbpjpy,pullback_reversal,validation,confirm_1bar,125,125,48,27,0.48148148148148145,1.625,0.18518518518518517,5.0
gbpjpy,pullback_reversal,validation,confirm_1bar,125,125,72,25,0.48,1.2,0.08,2.0
gbpjpy,pullback_reversal,oos,next_open,40,40,24,33,0.5454545454545454,1.3846153846153846,0.15151515151515152,5.0
gbpjpy,pullback_reversal,oos,next_open,40,40,48,26,0.7307692307692307,2.7142857142857144,0.46153846153846156,12.0
gbpjpy,pullback_reversal,oos,next_open,40,40,72,24,0.7083333333333334,2.4285714285714284,0.4166666666666667,10.0
gbpjpy,pullback_reversal,oos,next_open,40,50,24,33,0.5757575757575758,1.381818181818182,0.1272727272727273,4.2
gbpjpy,pullback_reversal,oos,next_open,40,50,48,26,0.7307692307692307,2.1714285714285717,0.3153846153846155,8.200000000000003
gbpjpy,pullback_reversal,oos,next_open,40,50,72,24,0.7083333333333334,1.942857142857143,0.2750000000000001,6.600000000000001
gbpjpy,pullback_reversal,oos,next_open,40,60,24,33,0.5757575757575758,1.1515151515151514,0.050505050505050476,1.6666666666666656
gbpjpy,pullback_reversal,oos,next_open,40,60,48,26,0.7307692307692307,1.809523809523809,0.21794871794871792,5.666666666666666
gbpjpy,pullback_reversal,oos,next_open,40,60,72,24,0.7083333333333334,1.6190476190476188,0.1805555555555555,4.333333333333332
gbpjpy,pullback_reversal,oos,next_open,40,75,24,33,0.5757575757575758,1.1259259259259258,0.03434343434343434,1.1333333333333333
gbpjpy,pullback_reversal,oos,next_open,40,75,48,26,0.7692307692307693,1.7777777777777777,0.1794871794871795,4.666666666666667
gbpjpy,pullback_reversal,oos,next_open,40,75,72,24,0.75,1.5999999999999999,0.15,3.6
gbpjpy,pullback_reversal,oos,next_open,40,100,24,33,0.6060606060606061,1.6000000000000003,0.09090909090909093,3.0000000000000004
gbpjpy,pullback_reversal,oos,next_open,40,100,48,26,0.8846153846153846,3.0666666666666678,0.2384615384615385,6.200000000000001
gbpjpy,pullback_reversal,oos,next_open,40,100,72,24,0.8333333333333334,2.0000000000000004,0.1666666666666667,4.000000000000001
gbpjpy,pullback_reversal,oos,next_open,40,125,24,33,0.6060606060606061,1.6000000000000003,0.07272727272727274,2.4000000000000004
gbpjpy,pullback_reversal,oos,next_open,40,125,48,26,0.8846153846153846,2.453333333333334,0.1676923076923077,4.36
gbpjpy,pullback_reversal,oos,next_open,40,125,72,24,0.875,2.2400000000000007,0.155,3.7199999999999998
gbpjpy,pullback_reversal,oos,next_open,50,40,24,33,0.5151515151515151,1.5178571428571428,0.2196969696969697,7.25
gbpjpy,pullback_reversal,oos,next_open,50,40,48,26,0.6538461538461539,2.65625,0.5096153846153846,13.25
gbpjpy,pullback_reversal,oos,next_open,50,40,72,24,0.6666666666666666,2.5,0.5,12.0
gbpjpy,pullback_reversal,oos,next_open,50,50,24,33,0.5454545454545454,1.5,0.18181818181818182,6.0
gbpjpy,pullback_reversal,oos,next_open,50,50,48,26,0.6538461538461539,2.125,0.34615384615384615,9.0
gbpjpy,pullback_reversal,oos,next_open,50,50,72,24,0.6666666666666666,2.0,0.3333333333333333,8.0
gbpjpy,pullback_reversal,oos,next_open,50,60,24,33,0.5454545454545454,1.2500000000000002,0.09090909090909094,3.000000000000001
gbpjpy,pullback_reversal,oos,next_open,50,60,48,26,0.6538461538461539,1.7708333333333335,0.2371794871794872,6.166666666666667
gbpjpy,pullback_reversal,oos,next_open,50,60,72,24,0.6666666666666666,1.6666666666666667,0.22222222222222224,5.333333333333334
gbpjpy,pullback_reversal,oos,next_open,50,75,24,33,0.5454545454545454,1.333333333333333,0.09090909090909087,2.9999999999999987
gbpjpy,pullback_reversal,oos,next_open,50,75,48,26,0.7307692307692307,2.1111111111111107,0.25641025641025644,6.666666666666667
gbpjpy,pullback_reversal,oos,next_open,50,75,72,24,0.75,1.9999999999999998,0.24999999999999997,5.999999999999999
gbpjpy,pullback_reversal,oos,next_open,50,100,24,33,0.5757575757575758,1.9,0.13636363636363635,4.5
gbpjpy,pullback_reversal,oos,next_open,50,100,48,26,0.8461538461538461,3.6666666666666665,0.3076923076923077,8.0
gbpjpy,pullback_reversal,oos,next_open,50,100,72,24,0.8333333333333334,2.5,0.25,6.0
gbpjpy,pullback_reversal,oos,next_open,50,125,24,33,0.5757575757575758,1.9000000000000004,0.1090909090909091,3.6
gbpjpy,pullback_reversal,oos,next_open,50,125,48,26,0.8461538461538461,2.933333333333334,0.22307692307692312,5.800000000000001
gbpjpy,pullback_reversal,oos,next_open,50,125,72,24,0.875,2.8000000000000007,0.225,5.4
gbpjpy,pullback_reversal,oos,next_open,60,40,24,33,0.5151515151515151,1.8214285714285714,0.3484848484848485,11.5
gbpjpy,pullback_reversal,oos,next_open,60,40,48,26,0.6538461538461539,3.1875,0.6730769230769231,17.5
gbpjpy,pullback_reversal,oos,next_open,60,40,72,24,0.6666666666666666,3.0,0.6666666666666666,16.0
gbpjpy,pullback_reversal,oos,next_open,60,50,24,33,0.5454545454545454,1.7999999999999998,0.29090909090909084,9.599999999999998
gbpjpy,pullback_reversal,oos,next_open,60,50,48,26,0.6538461538461539,2.55,0.4769230769230769,12.399999999999999
gbpjpy,pullback_reversal,oos,next_open,60,50,72,24,0.6666666666666666,2.4,0.4666666666666666,11.2
gbpjpy,pullback_reversal,oos,next_open,60,60,24,33,0.5454545454545454,1.5,0.18181818181818182,6.0
gbpjpy,pullback_reversal,oos,next_open,60,60,48,26,0.6538461538461539,2.125,0.34615384615384615,9.0
gbpjpy,pullback_reversal,oos,next_open,60,60,72,24,0.6666666666666666,2.0,0.3333333333333333,8.0
gbpjpy,pullback_reversal,oos,next_open,60,75,24,33,0.5454545454545454,1.6000000000000003,0.1636363636363636,5.3999999999999995
gbpjpy,pullback_reversal,oos,next_open,60,75,48,26,0.7307692307692307,2.5333333333333337,0.353846153846154,9.200000000000003
gbpjpy,pullback_reversal,oos,next_open,60,75,72,24,0.75,2.4000000000000004,0.3500000000000001,8.400000000000002
gbpjpy,pullback_reversal,oos,next_open,60,100,24,33,0.5757575757575758,2.28,0.1939393939393939,6.3999999999999995
gbpjpy,pullback_reversal,oos,next_open,60,100,48,26,0.8461538461538461,4.3999999999999995,0.3923076923076923,10.2
gbpjpy,pullback_reversal,oos,next_open,60,100,72,24,0.8333333333333334,2.9999999999999996,0.3333333333333333,7.999999999999999
gbpjpy,pullback_reversal,oos,next_open,60,125,24,33,0.5757575757575758,2.2800000000000002,0.15515151515151512,5.119999999999999
gbpjpy,pullback_reversal,oos,next_open,60,125,48,26,0.8461538461538461,3.520000000000001,0.2907692307692307,7.559999999999999
gbpjpy,pullback_reversal,oos,next_open,60,125,72,24,0.875,3.3600000000000008,0.295,7.079999999999999
gbpjpy,pullback_reversal,oos,next_open,75,40,24,33,0.45454545454545453,2.0089285714285716,0.42803030303030304,14.125
gbpjpy,pullback_reversal,oos,next_open,75,40,48,26,0.6153846153846154,3.3333333333333335,0.8076923076923077,21.0
gbpjpy,pullback_reversal,oos,next_open,75,40,72,24,0.5833333333333334,2.9166666666666665,0.71875,17.25
gbpjpy,pullback_reversal,oos,next_open,75,50,24,33,0.45454545454545453,1.875,0.3181818181818182,10.5
gbpjpy,pullback_reversal,oos,next_open,75,50,48,26,0.6153846153846154,2.6666666666666665,0.5769230769230769,15.0
gbpjpy,pullback_reversal,oos,next_open,75,50,72,24,0.5833333333333334,2.3333333333333335,0.5,12.0
gbpjpy,pullback_reversal,oos,next_open,75,60,24,33,0.45454545454545453,1.5625,0.20454545454545456,6.75
gbpjpy,pullback_reversal,oos,next_open,75,60,48,26,0.6153846153846154,2.5,0.46153846153846156,12.0
gbpjpy,pullback_reversal,oos,next_open,75,60,72,24,0.5833333333333334,1.9444444444444444,0.3541666666666667,8.5
gbpjpy,pullback_reversal,oos,next_open,75,75,24,33,0.45454545454545453,1.6666666666666667,0.18181818181818182,6.0
gbpjpy,pullback_reversal,oos,next_open,75,75,48,26,0.6923076923076923,3.0,0.46153846153846156,12.0
gbpjpy,pullback_reversal,oos,next_open,75,75,72,24,0.6666666666666666,2.2857142857142856,0.375,9.0
gbpjpy,pullback_reversal,oos,next_open,75,100,24,33,0.48484848484848486,2.4,0.21212121212121213,7.0
gbpjpy,pullback_reversal,oos,next_open,75,100,48,26,0.8076923076923077,5.25,0.49038461538461536,12.75
gbpjpy,pullback_reversal,oos,next_open,75,100,72,24,0.75,2.7,0.3541666666666667,8.5
gbpjpy,pullback_reversal,oos,next_open,75,125,24,33,0.48484848484848486,2.4,0.16969696969696968,5.6
gbpjpy,pullback_reversal,oos,next_open,75,125,48,26,0.8076923076923077,4.199999999999999,0.3692307692307692,9.6
gbpjpy,pullback_reversal,oos,next_open,75,125,72,24,0.7916666666666666,2.8499999999999996,0.3083333333333333,7.3999999999999995
gbpjpy,pullback_reversal,oos,next_open,100,40,24,33,0.36363636363636365,2.0,0.45454545454545453,15.0
gbpjpy,pullback_reversal,oos,next_open,100,40,48,26,0.46153846153846156,3.0,0.7692307692307693,20.0
gbpjpy,pullback_reversal,oos,next_open,100,40,72,24,0.4583333333333333,2.5,0.6875,16.5
gbpjpy,pullback_reversal,oos,next_open,100,50,24,33,0.36363636363636365,1.8461538461538463,0.3333333333333333,11.0
gbpjpy,pullback_reversal,oos,next_open,100,50,48,26,0.46153846153846156,2.4,0.5384615384615384,14.0
gbpjpy,pullback_reversal,oos,next_open,100,50,72,24,0.4583333333333333,2.0,0.4583333333333333,11.0
gbpjpy,pullback_reversal,oos,next_open,100,60,24,33,0.36363636363636365,1.5384615384615388,0.21212121212121213,7.0
gbpjpy,pullback_reversal,oos,next_open,100,60,48,26,0.46153846153846156,2.2222222222222228,0.4230769230769231,11.0
gbpjpy,pullback_reversal,oos,next_open,100,60,72,24,0.4583333333333333,1.666666666666667,0.3055555555555556,7.333333333333334
gbpjpy,pullback_reversal,oos,next_open,100,75,24,33,0.36363636363636365,1.6,0.18181818181818182,6.0
gbpjpy,pullback_reversal,oos,next_open,100,75,48,26,0.5,2.476190476190476,0.3974358974358974,10.333333333333332
gbpjpy,pullback_reversal,oos,next_open,100,75,72,24,0.5416666666666666,1.9259259259259258,0.34722222222222215,8.333333333333332
gbpjpy,pullback_reversal,oos,next_open,100,100,24,33,0.3939393939393939,2.6,0.24242424242424243,8.0
gbpjpy,pullback_reversal,oos,next_open,100,100,48,26,0.5769230769230769,5.0,0.46153846153846156,12.0
gbpjpy,pullback_reversal,oos,next_open,100,100,72,24,0.625,2.5,0.375,9.0
gbpjpy,pullback_reversal,oos,next_open,100,125,24,33,0.3939393939393939,2.6000000000000005,0.19393939393939394,6.4
gbpjpy,pullback_reversal,oos,next_open,100,125,48,26,0.5769230769230769,4.000000000000001,0.34615384615384615,9.0
gbpjpy,pullback_reversal,oos,next_open,100,125,72,24,0.6666666666666666,3.2,0.3666666666666667,8.8
gbpjpy,pullback_reversal,oos,next_open,125,40,24,33,0.2727272727272727,1.875,0.3977272727272727,13.125
gbpjpy,pullback_reversal,oos,next_open,125,40,48,26,0.38461538461538464,2.6041666666666665,0.7403846153846154,19.25
gbpjpy,pullback_reversal,oos,next_open,125,40,72,24,0.375,2.1634615384615383,0.6302083333333334,15.125
gbpjpy,pullback_reversal,oos,next_open,125,50,24,33,0.2727272727272727,1.7307692307692308,0.2878787878787879,9.5
gbpjpy,pullback_reversal,oos,next_open,125,50,48,26,0.38461538461538464,2.0833333333333335,0.5,13.0
gbpjpy,pullback_reversal,oos,next_open,125,50,72,24,0.375,1.7307692307692308,0.3958333333333333,9.5
gbpjpy,pullback_reversal,oos,next_open,125,60,24,33,0.2727272727272727,1.4423076923076923,0.1742424242424243,5.750000000000002
gbpjpy,pullback_reversal,oos,next_open,125,60,48,26,0.38461538461538464,2.083333333333333,0.4166666666666667,10.833333333333334
gbpjpy,pullback_reversal,oos,next_open,125,60,72,24,0.375,1.4423076923076923,0.2395833333333334,5.750000000000002
gbpjpy,pullback_reversal,oos,next_open,125,75,24,33,0.2727272727272727,1.5,0.15151515151515152,5.0
gbpjpy,pullback_reversal,oos,next_open,125,75,48,26,0.4230769230769231,2.291666666666667,0.39743589743589747,10.333333333333334
gbpjpy,pullback_reversal,oos,next_open,125,75,72,24,0.4583333333333333,1.666666666666667,0.3055555555555556,7.333333333333334
gbpjpy,pullback_reversal,oos,next_open,125,100,24,33,0.2727272727272727,2.25,0.1893939393939394,6.25
gbpjpy,pullback_reversal,oos,next_open,125,100,48,26,0.46153846153846156,3.75,0.4230769230769231,11.0
gbpjpy,pullback_reversal,oos,next_open,125,100,72,24,0.5416666666666666,2.3214285714285716,0.3854166666666667,9.25
gbpjpy,pullback_reversal,oos,next_open,125,125,24,33,0.2727272727272727,2.25,0.15151515151515152,5.0
gbpjpy,pullback_reversal,oos,next_open,125,125,48,26,0.46153846153846156,3.0,0.3076923076923077,8.0
gbpjpy,pullback_reversal,oos,next_open,125,125,72,24,0.5833333333333334,2.8,0.375,9.0
gbpjpy,pullback_reversal,oos,break_signal_high,40,40,24,32,0.46875,0.9375,-0.03125,-1.0
gbpjpy,pullback_reversal,oos,break_signal_high,40,40,48,24,0.5416666666666666,1.1818181818181819,0.08333333333333333,2.0
gbpjpy,pullback_reversal,oos,break_signal_high,40,40,72,23,0.5217391304347826,1.0909090909090908,0.043478260869565216,1.0
gbpjpy,pullback_reversal,oos,break_signal_high,40,50,24,32,0.53125,1.1333333333333335,0.05000000000000002,1.6000000000000005
gbpjpy,pullback_reversal,oos,break_signal_high,40,50,48,24,0.6666666666666666,1.6,0.20000000000000004,4.800000000000001
gbpjpy,pullback_reversal,oos,break_signal_high,40,50,72,23,0.6521739130434783,1.5000000000000004,0.17391304347826086,4.0
gbpjpy,pullback_reversal,oos,break_signal_high,40,60,24,32,0.53125,1.1333333333333333,0.041666666666666644,1.3333333333333326
gbpjpy,pullback_reversal,oos,break_signal_high,40,60,48,24,0.7083333333333334,1.6190476190476188,0.1805555555555555,4.333333333333332
gbpjpy,pullback_reversal,oos,break_signal_high,40,60,72,23,0.6956521739130435,1.5238095238095237,0.15942028985507242,3.6666666666666656
gbpjpy,pullback_reversal,oos,break_signal_high,40,75,24,32,0.53125,1.0074074074074073,0.002083333333333319,0.06666666666666621
gbpjpy,pullback_reversal,oos,break_signal_high,40,75,48,24,0.7083333333333334,1.511111111111111,0.12777777777777777,3.0666666666666664
gbpjpy,pullback_reversal,oos,break_signal_high,40,75,72,23,0.6956521739130435,1.4222222222222223,0.11014492753623185,2.5333333333333328
gbpjpy,pullback_reversal,oos,break_signal_high,40,100,24,32,0.53125,1.36,0.056250000000000015,1.8000000000000005
gbpjpy,pullback_reversal,oos,break_signal_high,40,100,48,24,0.7916666666666666,2.5333333333333337,0.19166666666666668,4.6000000000000005
gbpjpy,pullback_reversal,oos,break_signal_high,40,100,72,23,0.782608695652174,1.8000000000000003,0.1391304347826087,3.2
gbpjpy,pullback_reversal,oos,break_signal_high,40,125,24,32,0.53125,1.36,0.045,1.44
gbpjpy,pullback_reversal,oos,break_signal_high,40,125,48,24,0.8333333333333334,3.2000000000000006,0.18333333333333335,4.4
gbpjpy,pullback_reversal,oos,break_signal_high,40,125,72,23,0.8260869565217391,2.026666666666667,0.13391304347826083,3.079999999999999
gbpjpy,pullback_reversal,oos,break_signal_high,50,40,24,32,0.4375,1.09375,0.046875,1.5
gbpjpy,pullback_reversal,oos,break_signal_high,50,40,48,24,0.5416666666666666,1.4772727272727273,0.21875,5.25
gbpjpy,pullback_reversal,oos,break_signal_high,50,40,72,23,0.5217391304347826,1.3636363636363635,0.17391304347826086,4.0
gbpjpy,pullback_reversal,oos,break_signal_high,50,50,24,32,0.5,1.3333333333333333,0.125,4.0
gbpjpy,pullback_reversal,oos,break_signal_high,50,50,48,24,0.625,1.875,0.2916666666666667,7.0
gbpjpy,pullback_reversal,oos,break_signal_high,50,50,72,23,0.6521739130434783,1.875,0.30434782608695654,7.0
gbpjpy,pullback_reversal,oos,break_signal_high,50,60,24,32,0.5,1.3333333333333335,0.1041666666666667,3.3333333333333344
gbpjpy,pullback_reversal,oos,break_signal_high,50,60,48,24,0.6666666666666666,1.9047619047619049,0.2638888888888889,6.333333333333334
gbpjpy,pullback_reversal,oos,break_signal_high,50,60,72,23,0.6956521739130435,1.9047619047619049,0.27536231884057966,6.333333333333332
gbpjpy,pullback_reversal,oos,break_signal_high,50,75,24,32,0.5,1.1851851851851851,0.0520833333333333,1.6666666666666656
gbpjpy,pullback_reversal,oos,break_signal_high,50,75,48,24,0.6666666666666666,1.7777777777777777,0.19444444444444442,4.666666666666666
gbpjpy,pullback_reversal,oos,break_signal_high,50,75,72,23,0.6956521739130435,1.7777777777777777,0.2028985507246377,4.666666666666667
gbpjpy,pullback_reversal,oos,break_signal_high,50,100,24,32,0.5,1.6,0.09375,3.0
gbpjpy,pullback_reversal,oos,break_signal_high,50,100,48,24,0.75,3.0,0.25,6.0
gbpjpy,pullback_reversal,oos,break_signal_high,50,100,72,23,0.782608695652174,2.25,0.21739130434782608,5.0
gbpjpy,pullback_reversal,oos,break_signal_high,50,125,24,32,0.5,1.6,0.07500000000000001,2.4000000000000004
gbpjpy,pullback_reversal,oos,break_signal_high,50,125,48,24,0.7916666666666666,3.8000000000000007,0.23333333333333336,5.6000000000000005
gbpjpy,pullback_reversal,oos,break_signal_high,50,125,72,23,0.8260869565217391,2.5333333333333337,0.2000000000000001,4.600000000000002
gbpjpy,pullback_reversal,oos,break_signal_high,60,40,24,32,0.375,1.0,0.0,0.0
gbpjpy,pullback_reversal,oos,break_signal_high,60,40,48,24,0.4583333333333333,1.2692307692307692,0.14583333333333334,3.5
gbpjpy,pullback_reversal,oos,break_signal_high,60,40,72,23,0.4782608695652174,1.375,0.1956521739130435,4.5
gbpjpy,pullback_reversal,oos,break_signal_high,60,50,24,32,0.4375,1.1999999999999997,0.08749999999999998,2.7999999999999994
gbpjpy,pullback_reversal,oos,break_signal_high,60,50,48,24,0.5416666666666666,1.5599999999999996,0.2333333333333333,5.6
gbpjpy,pullback_reversal,oos,break_signal_high,60,50,72,23,0.6086956521739131,1.8666666666666663,0.3391304347826086,7.799999999999999
gbpjpy,pullback_reversal,oos,break_signal_high,60,60,24,32,0.4375,1.1666666666666667,0.0625,2.0
gbpjpy,pullback_reversal,oos,break_signal_high,60,60,48,24,0.5833333333333334,1.5555555555555556,0.20833333333333334,5.0
gbpjpy,pullback_reversal,oos,break_signal_high,60,60,72,23,0.6521739130434783,1.875,0.30434782608695654,7.0
gbpjpy,pullback_reversal,oos,break_signal_high,60,75,24,32,0.46875,1.2000000000000004,0.0625,2.0
gbpjpy,pullback_reversal,oos,break_signal_high,60,75,48,24,0.625,1.7142857142857149,0.20833333333333337,5.000000000000001
gbpjpy,pullback_reversal,oos,break_signal_high,60,75,72,23,0.6521739130434783,1.7142857142857149,0.21739130434782608,5.0
gbpjpy,pullback_reversal,oos,break_signal_high,60,100,24,32,0.46875,1.4999999999999998,0.09375,3.0
gbpjpy,pullback_reversal,oos,break_signal_high,60,100,48,24,0.7083333333333334,2.55,0.2583333333333333,6.199999999999999
gbpjpy,pullback_reversal,oos,break_signal_high,60,100,72,23,0.7391304347826086,2.04,0.22608695652173902,5.1999999999999975
gbpjpy,pullback_reversal,oos,break_signal_high,60,125,24,32,0.46875,1.8000000000000007,0.09999999999999999,3.1999999999999997
gbpjpy,pullback_reversal,oos,break_signal_high,60,125,48,24,0.75,4.32,0.27666666666666667,6.64
gbpjpy,pullback_reversal,oos,break_signal_high,60,125,72,23,0.8260869565217391,3.0400000000000005,0.26608695652173925,6.120000000000003
gbpjpy,pullback_reversal,oos,break_signal_high,75,40,24,32,0.34375,1.1458333333333333,0.08203125,2.625
gbpjpy,pullback_reversal,oos,break_signal_high,75,40,48,24,0.4583333333333333,1.5865384615384615,0.3177083333333333,7.625
gbpjpy,pullback_reversal,oos,break_signal_high,75,40,72,23,0.4782608695652174,1.71875,0.375,8.625
gbpjpy,pullback_reversal,oos,break_signal_high,75,50,24,32,0.34375,1.1,0.046875,1.5
gbpjpy,pullback_reversal,oos,break_signal_high,75,50,48,24,0.5,1.6363636363636365,0.2916666666666667,7.0
gbpjpy,pullback_reversal,oos,break_signal_high,75,50,72,23,0.5217391304347826,1.8,0.34782608695652173,8.0
gbpjpy,pullback_reversal,oos,break_signal_high,75,60,24,32,0.34375,1.0576923076923077,0.0234375,0.75
gbpjpy,pullback_reversal,oos,break_signal_high,75,60,48,24,0.5416666666666666,1.625,0.2604166666666667,6.25
gbpjpy,pullback_reversal,oos,break_signal_high,75,60,72,23,0.5652173913043478,1.8055555555555556,0.31521739130434784,7.25
gbpjpy,pullback_reversal,oos,break_signal_high,75,75,24,32,0.375,1.0909090909090908,0.03125,1.0
gbpjpy,pullback_reversal,oos,break_signal_high,75,75,48,24,0.5833333333333334,1.75,0.25,6.0
gbpjpy,pullback_reversal,oos,break_signal_high,75,75,72,23,0.5652173913043478,1.625,0.21739130434782608,5.0
gbpjpy,pullback_reversal,oos,break_signal_high,75,100,24,32,0.375,1.2857142857142858,0.0625,2.0
gbpjpy,pullback_reversal,oos,break_signal_high,75,100,48,24,0.6666666666666666,2.4,0.2916666666666667,7.0
gbpjpy,pullback_reversal,oos,break_signal_high,75,100,72,23,0.6521739130434783,1.875,0.22826086956521738,5.25
gbpjpy,pullback_reversal,oos,break_signal_high,75,125,24,32,0.375,1.7999999999999996,0.09999999999999999,3.1999999999999997
gbpjpy,pullback_reversal,oos,break_signal_high,75,125,48,24,0.75,5.3999999999999995,0.3666666666666667,8.8
gbpjpy,pullback_reversal,oos,break_signal_high,75,125,72,23,0.782608695652174,3.5999999999999996,0.33913043478260857,7.799999999999997
gbpjpy,pullback_reversal,oos,break_signal_high,100,40,24,32,0.3125,1.3888888888888888,0.21875,7.0
gbpjpy,pullback_reversal,oos,break_signal_high,100,40,48,24,0.4166666666666667,1.9230769230769231,0.5,12.0
gbpjpy,pullback_reversal,oos,break_signal_high,100,40,72,23,0.4782608695652174,2.2916666666666665,0.6739130434782609,15.5
gbpjpy,pullback_reversal,oos,break_signal_high,100,50,24,32,0.3125,1.3333333333333333,0.15625,5.0
gbpjpy,pullback_reversal,oos,break_signal_high,100,50,48,24,0.4166666666666667,1.8181818181818181,0.375,9.0
gbpjpy,pullback_reversal,oos,break_signal_high,100,50,72,23,0.4782608695652174,2.0,0.4782608695652174,11.0
gbpjpy,pullback_reversal,oos,break_signal_high,100,60,24,32,0.3125,1.2820512820512822,0.11458333333333336,3.6666666666666674
gbpjpy,pullback_reversal,oos,break_signal_high,100,60,48,24,0.4583333333333333,1.8333333333333335,0.34722222222222227,8.333333333333334
gbpjpy,pullback_reversal,oos,break_signal_high,100,60,72,23,0.5217391304347826,2.0000000000000004,0.4347826086956521,9.999999999999998
gbpjpy,pullback_reversal,oos,break_signal_high,100,75,24,32,0.3125,1.2121212121212122,0.07291666666666663,2.333333333333332
gbpjpy,pullback_reversal,oos,break_signal_high,100,75,48,24,0.5,2.0,0.3333333333333333,7.999999999999999
gbpjpy,pullback_reversal,oos,break_signal_high,100,75,72,23,0.5217391304347826,1.7777777777777777,0.3043478260869566,7.000000000000002
gbpjpy,pullback_reversal,oos,break_signal_high,100,100,24,32,0.3125,1.4285714285714286,0.09375,3.0
gbpjpy,pullback_reversal,oos,break_signal_high,100,100,48,24,0.5416666666666666,2.6,0.3333333333333333,8.0
gbpjpy,pullback_reversal,oos,break_signal_high,100,100,72,23,0.5652173913043478,1.8571428571428572,0.2608695652173913,6.0
gbpjpy,pullback_reversal,oos,break_signal_high,100,125,24,32,0.3125,2.0,0.125,4.0
gbpjpy,pullback_reversal,oos,break_signal_high,100,125,48,24,0.5416666666666666,5.200000000000001,0.35000000000000003,8.4
gbpjpy,pullback_reversal,oos,break_signal_high,100,125,72,23,0.6956521739130435,4.266666666666667,0.4260869565217392,9.800000000000002
gbpjpy,pullback_reversal,oos,break_signal_high,125,40,24,32,0.1875,1.0416666666666667,0.0234375,0.75
gbpjpy,pullback_reversal,oos,break_signal_high,125,40,48,24,0.2916666666666667,1.4583333333333333,0.2864583333333333,6.875
gbpjpy,pullback_reversal,oos,break_signal_high,125,40,72,23,0.30434782608695654,1.3671875,0.2554347826086957,5.875
gbpjpy,pullback_reversal,oos,break_signal_high,125,50,24,32,0.1875,1.0,0.0,0.0
gbpjpy,pullback_reversal,oos,break_signal_high,125,50,48,24,0.2916666666666667,1.3461538461538463,0.1875,4.5
gbpjpy,pullback_reversal,oos,break_signal_high,125,50,72,23,0.30434782608695654,1.1666666666666667,0.10869565217391304,2.5
gbpjpy,pullback_reversal,oos,break_signal_high,125,60,24,32,0.1875,0.9615384615384617,-0.015624999999999972,-0.4999999999999991
gbpjpy,pullback_reversal,oos,break_signal_high,125,60,48,24,0.2916666666666667,1.325757575757576,0.1493055555555556,3.5833333333333344
gbpjpy,pullback_reversal,oos,break_signal_high,125,60,72,23,0.391304347826087,1.4423076923076923,0.25000000000000006,5.750000000000002
gbpjpy,pullback_reversal,oos,break_signal_high,125,75,24,32,0.1875,0.9090909090909091,-0.031249999999999986,-0.9999999999999996
gbpjpy,pullback_reversal,oos,break_signal_high,125,75,48,24,0.3333333333333333,1.4814814814814816,0.18055555555555558,4.333333333333334
gbpjpy,pullback_reversal,oos,break_signal_high,125,75,72,23,0.391304347826087,1.3636363636363635,0.17391304347826086,4.0
gbpjpy,pullback_reversal,oos,break_signal_high,125,100,24,32,0.1875,1.0714285714285714,0.015625,0.5
gbpjpy,pullback_reversal,oos,break_signal_high,125,100,48,24,0.375,1.875,0.21875,5.25
gbpjpy,pullback_reversal,oos,break_signal_high,125,100,72,23,0.43478260869565216,1.3888888888888888,0.15217391304347827,3.5
gbpjpy,pullback_reversal,oos,break_signal_high,125,125,24,32,0.1875,1.5,0.0625,2.0
gbpjpy,pullback_reversal,oos,break_signal_high,125,125,48,24,0.375,3.0,0.25,6.0
gbpjpy,pullback_reversal,oos,break_signal_high,125,125,72,23,0.5217391304347826,3.0,0.34782608695652173,8.0
gbpjpy,pullback_reversal,oos,confirm_1bar,40,40,24,25,0.6,1.6666666666666667,0.24,6.0
gbpjpy,pullback_reversal,oos,confirm_1bar,40,40,48,19,0.631578947368421,1.7142857142857142,0.2631578947368421,5.0
gbpjpy,pullback_reversal,oos,confirm_1bar,40,40,72,18,0.6666666666666666,2.0,0.3333333333333333,6.0
gbpjpy,pullback_reversal,oos,confirm_1bar,40,50,24,25,0.64,1.6,0.19200000000000006,4.800000000000002
gbpjpy,pullback_reversal,oos,confirm_1bar,40,50,48,19,0.7368421052631579,2.2400000000000007,0.3263157894736842,6.2
gbpjpy,pullback_reversal,oos,confirm_1bar,40,50,72,18,0.7777777777777778,2.8000000000000007,0.4,7.2
gbpjpy,pullback_reversal,oos,confirm_1bar,40,60,24,25,0.64,1.7777777777777777,0.18666666666666665,4.666666666666666
gbpjpy,pullback_reversal,oos,confirm_1bar,40,60,48,19,0.7368421052631579,1.8666666666666665,0.22807017543859648,4.333333333333333
gbpjpy,pullback_reversal,oos,confirm_1bar,40,60,72,18,0.7777777777777778,2.333333333333333,0.2962962962962963,5.333333333333333
gbpjpy,pullback_reversal,oos,confirm_1bar,40,75,24,25,0.64,1.4222222222222223,0.10133333333333333,2.533333333333333
gbpjpy,pullback_reversal,oos,confirm_1bar,40,75,48,19,0.7368421052631579,1.4933333333333332,0.12982456140350876,2.4666666666666663
gbpjpy,pullback_reversal,oos,confirm_1bar,40,75,72,18,0.7777777777777778,1.8666666666666665,0.19259259259259257,3.4666666666666663
gbpjpy,pullback_reversal,oos,confirm_1bar,40,100,24,25,0.64,2.1333333333333333,0.136,3.4000000000000004
gbpjpy,pullback_reversal,oos,confirm_1bar,40,100,48,19,0.7894736842105263,2.0000000000000004,0.15789473684210528,3.0000000000000004
gbpjpy,pullback_reversal,oos,confirm_1bar,40,100,72,18,0.8333333333333334,3.000000000000001,0.22222222222222227,4.000000000000001
gbpjpy,pullback_reversal,oos,confirm_1bar,40,125,24,25,0.68,5.44,0.1776,4.44
gbpjpy,pullback_reversal,oos,confirm_1bar,40,125,48,19,0.8421052631578947,2.56,0.16421052631578945,3.1199999999999997
gbpjpy,pullback_reversal,oos,confirm_1bar,40,125,72,18,0.8333333333333334,2.4,0.15555555555555556,2.8
gbpjpy,pullback_reversal,oos,confirm_1bar,50,40,24,25,0.52,1.625,0.25,6.25
gbpjpy,pullback_reversal,oos,confirm_1bar,50,40,48,19,0.5789473684210527,1.71875,0.3026315789473684,5.75
gbpjpy,pullback_reversal,oos,confirm_1bar,50,40,72,18,0.6111111111111112,1.9642857142857142,0.375,6.75
gbpjpy,pullback_reversal,oos,confirm_1bar,50,50,24,25,0.56,1.5555555555555556,0.2,5.0
gbpjpy,pullback_reversal,oos,confirm_1bar,50,50,48,19,0.631578947368421,2.0,0.3157894736842105,6.0
gbpjpy,pullback_reversal,oos,confirm_1bar,50,50,72,18,0.7222222222222222,2.6,0.4444444444444444,8.0
gbpjpy,pullback_reversal,oos,confirm_1bar,50,60,24,25,0.56,1.6666666666666672,0.18666666666666668,4.666666666666667
gbpjpy,pullback_reversal,oos,confirm_1bar,50,60,48,19,0.631578947368421,1.666666666666667,0.21052631578947373,4.000000000000001
gbpjpy,pullback_reversal,oos,confirm_1bar,50,60,72,18,0.7222222222222222,2.166666666666667,0.3240740740740741,5.833333333333334
gbpjpy,pullback_reversal,oos,confirm_1bar,50,75,24,25,0.56,1.3333333333333333,0.09333333333333328,2.333333333333332
gbpjpy,pullback_reversal,oos,confirm_1bar,50,75,48,19,0.631578947368421,1.3333333333333333,0.10526315789473682,1.9999999999999996
gbpjpy,pullback_reversal,oos,confirm_1bar,50,75,72,18,0.7222222222222222,1.7333333333333332,0.20370370370370366,3.666666666666666
gbpjpy,pullback_reversal,oos,confirm_1bar,50,100,24,25,0.56,1.75,0.12,3.0
gbpjpy,pullback_reversal,oos,confirm_1bar,50,100,48,19,0.6842105263157895,1.625,0.13157894736842105,2.5
gbpjpy,pullback_reversal,oos,confirm_1bar,50,100,72,18,0.7777777777777778,2.3333333333333335,0.2222222222222222,4.0
gbpjpy,pullback_reversal,oos,confirm_1bar,50,125,24,25,0.6,6.000000000000002,0.20000000000000004,5.000000000000001
gbpjpy,pullback_reversal,oos,confirm_1bar,50,125,48,19,0.7368421052631579,2.8000000000000007,0.18947368421052632,3.6
gbpjpy,pullback_reversal,oos,confirm_1bar,50,125,72,18,0.8333333333333334,3.000000000000001,0.22222222222222227,4.000000000000001
gbpjpy,pullback_reversal,oos,confirm_1bar,60,40,24,25,0.52,1.95,0.38,9.5
gbpjpy,pullback_reversal,oos,confirm_1bar,60,40,48,19,0.5789473684210527,2.0625,0.4473684210526316,8.5
gbpjpy,pullback_reversal,oos,confirm_1bar,60,40,72,18,0.6111111111111112,2.357142857142857,0.5277777777777778,9.5
gbpjpy,pullback_reversal,oos,confirm_1bar,60,50,24,25,0.56,1.8666666666666663,0.312,7.8
gbpjpy,pullback_reversal,oos,confirm_1bar,60,50,48,19,0.631578947368421,2.3999999999999995,0.44210526315789467,8.399999999999999
gbpjpy,pullback_reversal,oos,confirm_1bar,60,50,72,18,0.7222222222222222,3.119999999999999,0.5888888888888888,10.599999999999998
gbpjpy,pullback_reversal,oos,confirm_1bar,60,60,24,25,0.56,2.0,0.28,7.0
gbpjpy,pullback_reversal,oos,confirm_1bar,60,60,48,19,0.631578947368421,2.0,0.3157894736842105,6.0
gbpjpy,pullback_reversal,oos,confirm_1bar,60,60,72,18,0.7222222222222222,2.6,0.4444444444444444,8.0
gbpjpy,pullback_reversal,oos,confirm_1bar,60,75,24,25,0.56,1.6000000000000003,0.16800000000000004,4.200000000000001
gbpjpy,pullback_reversal,oos,confirm_1bar,60,75,48,19,0.631578947368421,1.6000000000000003,0.18947368421052635,3.6000000000000005
gbpjpy,pullback_reversal,oos,confirm_1bar,60,75,72,18,0.7222222222222222,2.0800000000000005,0.30000000000000004,5.4
gbpjpy,pullback_reversal,oos,confirm_1bar,60,100,24,25,0.56,2.0999999999999996,0.176,4.3999999999999995
gbpjpy,pullback_reversal,oos,confirm_1bar,60,100,48,19,0.6842105263157895,1.9499999999999995,0.19999999999999996,3.799999999999999
gbpjpy,pullback_reversal,oos,confirm_1bar,60,100,72,18,0.7777777777777778,2.7999999999999994,0.29999999999999993,5.399999999999999
gbpjpy,pullback_reversal,oos,confirm_1bar,60,125,24,25,0.6,7.200000000000003,0.24799999999999997,6.199999999999999
gbpjpy,pullback_reversal,oos,confirm_1bar,60,125,48,19,0.7368421052631579,3.360000000000001,0.248421052631579,4.720000000000001
gbpjpy,pullback_reversal,oos,confirm_1bar,60,125,72,18,0.8333333333333334,3.6000000000000014,0.288888888888889,5.200000000000001
gbpjpy,pullback_reversal,oos,confirm_1bar,75,40,24,25,0.48,2.25,0.5,12.5
gbpjpy,pullback_reversal,oos,confirm_1bar,75,40,48,19,0.5789473684210527,2.578125,0.6644736842105263,12.625
gbpjpy,pullback_reversal,oos,confirm_1bar,75,40,72,18,0.6111111111111112,2.9464285714285716,0.7569444444444444,13.625
gbpjpy,pullback_reversal,oos,confirm_1bar,75,50,24,25,0.48,1.8,0.32,8.0
gbpjpy,pullback_reversal,oos,confirm_1bar,75,50,48,19,0.5789473684210527,2.357142857142857,0.5,9.5
gbpjpy,pullback_reversal,oos,confirm_1bar,75,50,72,18,0.6111111111111112,2.75,0.5833333333333334,10.5
gbpjpy,pullback_reversal,oos,confirm_1bar,75,60,24,25,0.48,1.875,0.28,7.0
gbpjpy,pullback_reversal,oos,confirm_1bar,75,60,48,19,0.5789473684210527,1.9642857142857142,0.35526315789473684,6.75
gbpjpy,pullback_reversal,oos,confirm_1bar,75,60,72,18,0.6111111111111112,2.2916666666666665,0.4305555555555556,7.75
gbpjpy,pullback_reversal,oos,confirm_1bar,75,75,24,25,0.48,1.5,0.16,4.0
gbpjpy,pullback_reversal,oos,confirm_1bar,75,75,48,19,0.5789473684210527,1.5714285714285714,0.21052631578947367,4.0
gbpjpy,pullback_reversal,oos,confirm_1bar,75,75,72,18,0.6111111111111112,1.8333333333333333,0.2777777777777778,5.0
gbpjpy,pullback_reversal,oos,confirm_1bar,75,100,24,25,0.48,1.8,0.16,4.0
gbpjpy,pullback_reversal,oos,confirm_1bar,75,100,48,19,0.5789473684210527,1.65,0.17105263157894737,3.25
gbpjpy,pullback_reversal,oos,confirm_1bar,75,100,72,18,0.6111111111111112,2.0625,0.2361111111111111,4.25
gbpjpy,pullback_reversal,oos,confirm_1bar,75,125,24,25,0.52,7.799999999999998,0.272,6.8
gbpjpy,pullback_reversal,oos,confirm_1bar,75,125,48,19,0.6842105263157895,3.899999999999999,0.3052631578947368,5.799999999999999
gbpjpy,pullback_reversal,oos,confirm_1bar,75,125,72,18,0.7222222222222222,3.899999999999999,0.3222222222222222,5.799999999999999
gbpjpy,pullback_reversal,oos,confirm_1bar,100,40,24,25,0.4,2.272727272727273,0.56,14.0
gbpjpy,pullback_reversal,oos,confirm_1bar,100,40,48,19,0.47368421052631576,2.5,0.7105263157894737,13.5
gbpjpy,pullback_reversal,oos,confirm_1bar,100,40,72,18,0.5555555555555556,3.125,0.9444444444444444,17.0
gbpjpy,pullback_reversal,oos,confirm_1bar,100,50,24,25,0.4,1.8181818181818181,0.36,9.0
gbpjpy,pullback_reversal,oos,confirm_1bar,100,50,48,19,0.47368421052631576,2.25,0.5263157894736842,10.0
gbpjpy,pullback_reversal,oos,confirm_1bar,100,50,72,18,0.5555555555555556,2.857142857142857,0.7222222222222222,13.0
gbpjpy,pullback_reversal,oos,confirm_1bar,100,60,24,25,0.4,1.851851851851852,0.3066666666666667,7.666666666666668
gbpjpy,pullback_reversal,oos,confirm_1bar,100,60,48,19,0.47368421052631576,1.875,0.3684210526315789,7.0
gbpjpy,pullback_reversal,oos,confirm_1bar,100,60,72,18,0.5555555555555556,2.380952380952381,0.5370370370370371,9.666666666666668
gbpjpy,pullback_reversal,oos,confirm_1bar,100,75,24,25,0.4,1.4814814814814816,0.17333333333333328,4.333333333333332
gbpjpy,pullback_reversal,oos,confirm_1bar,100,75,48,19,0.47368421052631576,1.5,0.21052631578947364,3.999999999999999
gbpjpy,pullback_reversal,oos,confirm_1bar,100,75,72,18,0.5555555555555556,1.9047619047619049,0.3518518518518518,6.333333333333332
gbpjpy,pullback_reversal,oos,confirm_1bar,100,100,24,25,0.4,1.6666666666666667,0.16,4.0
gbpjpy,pullback_reversal,oos,confirm_1bar,100,100,48,19,0.47368421052631576,1.5,0.15789473684210525,3.0
gbpjpy,pullback_reversal,oos,confirm_1bar,100,100,72,18,0.5555555555555556,2.0,0.2777777777777778,5.0
gbpjpy,pullback_reversal,oos,confirm_1bar,100,125,24,25,0.44,4.4,0.272,6.800000000000001
gbpjpy,pullback_reversal,oos,confirm_1bar,100,125,48,19,0.5789473684210527,2.9333333333333336,0.30526315789473685,5.8
gbpjpy,pullback_reversal,oos,confirm_1bar,100,125,72,18,0.6111111111111112,2.9333333333333336,0.32222222222222224,5.800000000000001
gbpjpy,pullback_reversal,oos,confirm_1bar,125,40,24,25,0.2,1.3020833333333333,0.145,3.625
gbpjpy,pullback_reversal,oos,confirm_1bar,125,40,48,19,0.2631578947368421,1.3020833333333333,0.19078947368421054,3.625
gbpjpy,pullback_reversal,oos,confirm_1bar,125,40,72,18,0.2777777777777778,1.2019230769230769,0.14583333333333334,2.625
gbpjpy,pullback_reversal,oos,confirm_1bar,125,50,24,25,0.2,1.0416666666666667,0.02,0.5
gbpjpy,pullback_reversal,oos,confirm_1bar,125,50,48,19,0.2631578947368421,1.1363636363636365,0.07894736842105263,1.5
gbpjpy,pullback_reversal,oos,confirm_1bar,125,50,72,18,0.2777777777777778,1.0416666666666667,0.027777777777777776,0.5
gbpjpy,pullback_reversal,oos,confirm_1bar,125,60,24,25,0.2,1.0416666666666667,0.016666666666666698,0.4166666666666674
gbpjpy,pullback_reversal,oos,confirm_1bar,125,60,48,19,0.2631578947368421,0.9469696969696971,-0.030701754385964872,-0.5833333333333326
gbpjpy,pullback_reversal,oos,confirm_1bar,125,60,72,18,0.3333333333333333,1.1363636363636365,0.08333333333333338,1.5000000000000009
gbpjpy,pullback_reversal,oos,confirm_1bar,125,75,24,25,0.2,0.8333333333333334,-0.06666666666666665,-1.6666666666666663
gbpjpy,pullback_reversal,oos,confirm_1bar,125,75,48,19,0.2631578947368421,0.8333333333333334,-0.08771929824561403,-1.6666666666666665
gbpjpy,pullback_reversal,oos,confirm_1bar,125,75,72,18,0.3333333333333333,0.9090909090909091,-0.05555555555555553,-0.9999999999999996
gbpjpy,pullback_reversal,oos,confirm_1bar,125,100,24,25,0.2,0.8928571428571429,-0.03,-0.75
gbpjpy,pullback_reversal,oos,confirm_1bar,125,100,48,19,0.2631578947368421,0.78125,-0.09210526315789473,-1.75
gbpjpy,pullback_reversal,oos,confirm_1bar,125,100,72,18,0.3333333333333333,0.9375,-0.027777777777777776,-0.5
gbpjpy,pullback_reversal,oos,confirm_1bar,125,125,24,25,0.2,2.5,0.12,3.0
gbpjpy,pullback_reversal,oos,confirm_1bar,125,125,48,19,0.3157894736842105,1.5,0.10526315789473684,2.0
gbpjpy,pullback_reversal,oos,confirm_1bar,125,125,72,18,0.3333333333333333,1.5,0.1111111111111111,2.0
usdchf,pullback_reversal_rsi,discovery,next_open,40,40,24,141,0.3971631205673759,2.0,0.19858156028368795,28.0
usdchf,pullback_reversal_rsi,discovery,next_open,40,40,48,111,0.5225225225225225,1.6111111111111112,0.1981981981981982,22.0
usdchf,pullback_reversal_rsi,discovery,next_open,40,40,72,97,0.5876288659793815,1.6285714285714286,0.2268041237113402,22.0
usdchf,pullback_reversal_rsi,discovery,next_open,40,50,24,141,0.3971631205673759,2.2399999999999998,0.17588652482269507,24.800000000000004
usdchf,pullback_reversal_rsi,discovery,next_open,40,50,48,111,0.5225225225225225,1.5466666666666664,0.14774774774774774,16.4
usdchf,pullback_reversal_rsi,discovery,next_open,40,50,72,97,0.5979381443298969,1.5466666666666664,0.16907216494845356,16.399999999999995
usdchf,pullback_reversal_rsi,discovery,next_open,40,60,24,141,0.3971631205673759,2.8717948717948714,0.1725768321513002,24.33333333333333
usdchf,pullback_reversal_rsi,discovery,next_open,40,60,48,111,0.5225225225225225,1.4320987654320985,0.10510510510510507,11.666666666666663
usdchf,pullback_reversal_rsi,discovery,next_open,40,60,72,97,0.6082474226804123,1.4567901234567897,0.12714776632302402,12.33333333333333
usdchf,pullback_reversal_rsi,discovery,next_open,40,75,24,141,0.3971631205673759,3.318518518518518,0.14799054373522458,20.866666666666667
usdchf,pullback_reversal_rsi,discovery,next_open,40,75,48,111,0.5225225225225225,1.6280701754385964,0.1075075075075075,11.933333333333332
usdchf,pullback_reversal_rsi,discovery,next_open,40,75,72,97,0.6185567010309279,1.7777777777777777,0.14432989690721648,13.999999999999998
usdchf,pullback_reversal_rsi,discovery,next_open,40,100,24,141,0.3971631205673759,7.466666666666666,0.13758865248226948,19.4
usdchf,pullback_reversal_rsi,discovery,next_open,40,100,48,111,0.5315315315315315,2.9499999999999993,0.14054054054054055,15.600000000000001
usdchf,pullback_reversal_rsi,discovery,next_open,40,100,72,97,0.6288659793814433,2.0333333333333328,0.12783505154639174,12.399999999999999
usdchf,pullback_reversal_rsi,discovery,next_open,40,125,24,141,0.3971631205673759,17.92,0.12000000000000001,16.92
usdchf,pullback_reversal_rsi,discovery,next_open,40,125,48,111,0.5315315315315315,4.720000000000001,0.13405405405405407,14.880000000000003
usdchf,pullback_reversal_rsi,discovery,next_open,40,125,72,97,0.6391752577319587,2.4800000000000004,0.1220618556701031,11.84
usdchf,pullback_reversal_rsi,discovery,next_open,50,40,24,141,0.28368794326241137,1.7857142857142858,0.15602836879432624,22.0
usdchf,pullback_reversal_rsi,discovery,next_open,50,40,48,111,0.42342342342342343,1.5460526315789473,0.18693693693693694,20.75
usdchf,pullback_reversal_rsi,discovery,next_open,50,40,72,97,0.5051546391752577,1.6554054054054055,0.25,24.25
usdchf,pullback_reversal_rsi,discovery,next_open,50,50,24,141,0.28368794326241137,2.0,0.14184397163120568,20.0
usdchf,pullback_reversal_rsi,discovery,next_open,50,50,48,111,0.42342342342342343,1.46875,0.13513513513513514,15.0
usdchf,pullback_reversal_rsi,discovery,next_open,50,50,72,97,0.5154639175257731,1.5625,0.18556701030927836,18.0
usdchf,pullback_reversal_rsi,discovery,next_open,50,60,24,141,0.28368794326241137,2.5641025641025643,0.14420803782505912,20.333333333333336
usdchf,pullback_reversal_rsi,discovery,next_open,50,60,48,111,0.42342342342342343,1.3988095238095244,0.10060060060060062,11.16666666666667
usdchf,pullback_reversal_rsi,discovery,next_open,50,60,72,97,0.5257731958762887,1.517857142857143,0.14948453608247425,14.500000000000002
usdchf,pullback_reversal_rsi,discovery,next_open,50,75,24,141,0.28368794326241137,2.962962962962963,0.12529550827423167,17.666666666666664
usdchf,pullback_reversal_rsi,discovery,next_open,50,75,48,111,0.42342342342342343,1.5666666666666669,0.10210210210210206,11.333333333333329
usdchf,pullback_reversal_rsi,discovery,next_open,50,75,72,97,0.5360824742268041,1.8245614035087714,0.1615120274914089,15.666666666666663
usdchf,pullback_reversal_rsi,discovery,next_open,50,100,24,141,0.28368794326241137,6.666666666666667,0.12056737588652482,17.0
usdchf,pullback_reversal_rsi,discovery,next_open,50,100,48,111,0.43243243243243246,3.0,0.14414414414414414,16.0
usdchf,pullback_reversal_rsi,discovery,next_open,50,100,72,97,0.5463917525773195,2.2083333333333335,0.14948453608247422,14.5
usdchf,pullback_reversal_rsi,discovery,next_open,50,125,24,141,0.28368794326241137,16.0,0.10638297872340427,15.000000000000002
usdchf,pullback_reversal_rsi,discovery,next_open,50,125,48,111,0.43243243243243246,4.8,0.13693693693693695,15.200000000000001
usdchf,pullback_reversal_rsi,discovery,next_open,50,125,72,97,0.5463917525773195,2.649999999999999,0.13608247422680414,13.200000000000001
usdchf,pullback_reversal_rsi,discovery,next_open,60,40,24,141,0.2198581560283688,1.6607142857142858,0.13120567375886524,18.5
usdchf,pullback_reversal_rsi,discovery,next_open,60,40,48,111,0.2972972972972973,1.2375,0.08558558558558559,9.5
usdchf,pullback_reversal_rsi,discovery,next_open,60,40,72,97,0.4020618556701031,1.4268292682926829,0.18041237113402062,17.5
usdchf,pullback_reversal_rsi,discovery,next_open,60,50,24,141,0.2198581560283688,1.8600000000000005,0.12198581560283685,17.199999999999996
usdchf,pullback_reversal_rsi,discovery,next_open,60,50,48,111,0.2972972972972973,1.2375,0.06846846846846848,7.600000000000001
usdchf,pullback_reversal_rsi,discovery,next_open,60,50,72,97,0.4020618556701031,1.3764705882352946,0.1319587628865979,12.799999999999999
usdchf,pullback_reversal_rsi,discovery,next_open,60,60,24,141,0.2198581560283688,2.3846153846153846,0.1276595744680851,18.0
usdchf,pullback_reversal_rsi,discovery,next_open,60,60,48,111,0.2972972972972973,1.1785714285714286,0.04504504504504504,5.0
usdchf,pullback_reversal_rsi,discovery,next_open,60,60,72,97,0.4020618556701031,1.3,0.09278350515463918,9.0
usdchf,pullback_reversal_rsi,discovery,next_open,60,75,24,141,0.2198581560283688,2.7555555555555564,0.11205673758865249,15.8
usdchf,pullback_reversal_rsi,discovery,next_open,60,75,48,111,0.2972972972972973,1.32,0.05765765765765765,6.3999999999999995
usdchf,pullback_reversal_rsi,discovery,next_open,60,75,72,97,0.41237113402061853,1.6,0.12371134020618557,12.0
usdchf,pullback_reversal_rsi,discovery,next_open,60,100,24,141,0.2198581560283688,6.200000000000002,0.1106382978723404,15.599999999999998
usdchf,pullback_reversal_rsi,discovery,next_open,60,100,48,111,0.2972972972972973,2.475,0.1063063063063063,11.799999999999999
usdchf,pullback_reversal_rsi,discovery,next_open,60,100,72,97,0.422680412371134,2.0500000000000003,0.12989690721649483,12.6
usdchf,pullback_reversal_rsi,discovery,next_open,60,125,24,141,0.2198581560283688,14.880000000000003,0.09843971631205672,13.879999999999999
usdchf,pullback_reversal_rsi,discovery,next_open,60,125,48,111,0.2972972972972973,3.96,0.10666666666666666,11.84
usdchf,pullback_reversal_rsi,discovery,next_open,60,125,72,97,0.422680412371134,2.46,0.12041237113402062,11.68
usdchf,pullback_reversal_rsi,discovery,next_open,75,40,24,141,0.09219858156028368,0.8705357142857143,-0.025709219858156027,-3.625
usdchf,pullback_reversal_rsi,discovery,next_open,75,40,48,111,0.1891891891891892,0.984375,-0.00563063063063063,-0.625
usdchf,pullback_reversal_rsi,discovery,next_open,75,40,72,97,0.27835051546391754,1.125,0.05798969072164949,5.625
usdchf,pullback_reversal_rsi,discovery,next_open,75,50,24,141,0.09219858156028368,0.975,-0.0035460992907801418,-0.5
usdchf,pullback_reversal_rsi,discovery,next_open,75,50,48,111,0.1891891891891892,0.984375,-0.0045045045045045045,-0.5
usdchf,pullback_reversal_rsi,discovery,next_open,75,50,72,97,0.27835051546391754,1.0945945945945945,0.03608247422680412,3.5
usdchf,pullback_reversal_rsi,discovery,next_open,75,60,24,141,0.09219858156028368,1.25,0.02304964539007092,3.25
usdchf,pullback_reversal_rsi,discovery,next_open,75,60,48,111,0.1891891891891892,0.9375,-0.015765765765765764,-1.75
usdchf,pullback_reversal_rsi,discovery,next_open,75,60,72,97,0.27835051546391754,1.0227272727272727,0.007731958762886598,0.75
usdchf,pullback_reversal_rsi,discovery,next_open,75,75,24,141,0.09219858156028368,1.4444444444444444,0.028368794326241134,4.0
usdchf,pullback_reversal_rsi,discovery,next_open,75,75,48,111,0.1891891891891892,1.05,0.009009009009009009,1.0
usdchf,pullback_reversal_rsi,discovery,next_open,75,75,72,97,0.27835051546391754,1.2272727272727273,0.05154639175257732,5.0
usdchf,pullback_reversal_rsi,discovery,next_open,75,100,24,141,0.09219858156028368,3.25,0.047872340425531915,6.75
usdchf,pullback_reversal_rsi,discovery,next_open,75,100,48,111,0.1891891891891892,1.96875,0.06981981981981981,7.75
usdchf,pullback_reversal_rsi,discovery,next_open,75,100,72,97,0.28865979381443296,1.75,0.09278350515463918,9.0
usdchf,pullback_reversal_rsi,discovery,next_open,75,125,24,141,0.09219858156028368,7.799999999999998,0.04822695035460993,6.8
usdchf,pullback_reversal_rsi,discovery,next_open,75,125,48,111,0.1891891891891892,3.1499999999999995,0.07747747747747749,8.600000000000001
usdchf,pullback_reversal_rsi,discovery,next_open,75,125,72,97,0.28865979381443296,2.1,0.09072164948453607,8.799999999999999
usdchf,pullback_reversal_rsi,discovery,next_open,100,40,24,141,0.06382978723404255,0.8035714285714286,-0.03900709219858156,-5.5
usdchf,pullback_reversal_rsi,discovery,next_open,100,40,48,111,0.11711711711711711,0.8125,-0.06756756756756757,-7.5
usdchf,pullback_reversal_rsi,discovery,next_open,100,40,72,97,0.16494845360824742,0.8888888888888888,-0.05154639175257732,-5.0
usdchf,pullback_reversal_rsi,discovery,next_open,100,50,24,141,0.06382978723404255,0.9,-0.014184397163120567,-2.0
usdchf,pullback_reversal_rsi,discovery,next_open,100,50,48,111,0.11711711711711711,0.8125,-0.05405405405405406,-6.0
usdchf,pullback_reversal_rsi,discovery,next_open,100,50,72,97,0.16494845360824742,0.8648648648648649,-0.05154639175257732,-5.0
usdchf,pullback_reversal_rsi,discovery,next_open,100,60,24,141,0.06382978723404255,1.1538461538461537,0.014184397163120574,2.000000000000001
usdchf,pullback_reversal_rsi,discovery,next_open,100,60,48,111,0.11711711711711711,0.773809523809524,-0.05705705705705705,-6.333333333333332
usdchf,pullback_reversal_rsi,discovery,next_open,100,60,72,97,0.16494845360824742,0.8080808080808081,-0.06529209621993126,-6.333333333333332
usdchf,pullback_reversal_rsi,discovery,next_open,100,75,24,141,0.06382978723404255,1.3333333333333333,0.021276595744680844,2.999999999999999
usdchf,pullback_reversal_rsi,discovery,next_open,100,75,48,111,0.11711711711711711,0.8666666666666666,-0.024024024024024038,-2.6666666666666683
usdchf,pullback_reversal_rsi,discovery,next_open,100,75,72,97,0.16494845360824742,0.9696969696969696,-0.006872852233676986,-0.6666666666666676
usdchf,pullback_reversal_rsi,discovery,next_open,100,100,24,141,0.06382978723404255,3.0,0.0425531914893617,6.0
usdchf,pullback_reversal_rsi,discovery,next_open,100,100,48,111,0.11711711711711711,1.625,0.04504504504504504,5.0
usdchf,pullback_reversal_rsi,discovery,next_open,100,100,72,97,0.16494845360824742,1.3333333333333333,0.041237113402061855,4.0
usdchf,pullback_reversal_rsi,discovery,next_open,100,125,24,141,0.06382978723404255,7.2,0.04397163120567376,6.2
usdchf,pullback_reversal_rsi,discovery,next_open,100,125,48,111,0.11711711711711711,2.6000000000000005,0.05765765765765766,6.4
usdchf,pullback_reversal_rsi,discovery,next_open,100,125,72,97,0.16494845360824742,1.6,0.049484536082474245,4.800000000000002
usdchf,pullback_reversal_rsi,discovery,next_open,125,40,24,141,0.02127659574468085,0.33482142857142855,-0.1320921985815603,-18.625
usdchf,pullback_reversal_rsi,discovery,next_open,125,40,48,111,0.06306306306306306,0.546875,-0.16328828828828829,-18.125
usdchf,pullback_reversal_rsi,discovery,next_open,125,40,72,97,0.10309278350515463,0.6793478260869565,-0.15206185567010308,-14.75
usdchf,pullback_reversal_rsi,discovery,next_open,125,50,24,141,0.02127659574468085,0.375,-0.08865248226950355,-12.5
usdchf,pullback_reversal_rsi,discovery,next_open,125,50,48,111,0.06306306306306306,0.546875,-0.13063063063063063,-14.5
usdchf,pullback_reversal_rsi,discovery,next_open,125,50,72,97,0.10309278350515463,0.6578947368421053,-0.13402061855670103,-13.0
usdchf,pullback_reversal_rsi,discovery,next_open,125,60,24,141,0.02127659574468085,0.4807692307692308,-0.047872340425531915,-6.75
usdchf,pullback_reversal_rsi,discovery,next_open,125,60,48,111,0.06306306306306306,0.5208333333333334,-0.12087087087087085,-13.416666666666664
usdchf,pullback_reversal_rsi,discovery,next_open,125,60,72,97,0.10309278350515463,0.6127450980392156,-0.13573883161512024,-13.166666666666664
usdchf,pullback_reversal_rsi,discovery,next_open,125,75,24,141,0.02127659574468085,0.5555555555555556,-0.02836879432624113,-3.9999999999999996
usdchf,pullback_reversal_rsi,discovery,next_open,125,75,48,111,0.06306306306306306,0.5833333333333333,-0.07507507507507506,-8.333333333333332
usdchf,pullback_reversal_rsi,discovery,next_open,125,75,72,97,0.10309278350515463,0.7575757575757577,-0.05498281786941579,-5.333333333333332
usdchf,pullback_reversal_rsi,discovery,next_open,125,100,24,141,0.02127659574468085,1.25,0.005319148936170213,0.75
usdchf,pullback_reversal_rsi,discovery,next_open,125,100,48,111,0.06306306306306306,1.09375,0.006756756756756757,0.75
usdchf,pullback_reversal_rsi,discovery,next_open,125,100,72,97,0.10309278350515463,1.0416666666666667,0.005154639175257732,0.5
usdchf,pullback_reversal_rsi,discovery,next_open,125,125,24,141,0.02127659574468085,3.0,0.014184397163120567,2.0
usdchf,pullback_reversal_rsi,discovery,next_open,125,125,48,111,0.06306306306306306,1.75,0.02702702702702703,3.0
usdchf,pullback_reversal_rsi,discovery,next_open,125,125,72,97,0.10309278350515463,1.25,0.020618556701030927,2.0
usdchf,pullback_reversal_rsi,discovery,break_signal_high,40,40,24,125,0.392,1.8148148148148149,0.176,22.0
usdchf,pullback_reversal_rsi,discovery,break_signal_high,40,40,48,98,0.5408163265306123,1.7666666666666666,0.23469387755102042,23.0
usdchf,pullback_reversal_rsi,discovery,break_signal_high,40,40,72,89,0.6067415730337079,1.8,0.2696629213483146,24.0
usdchf,pullback_reversal_rsi,discovery,break_signal_high,40,50,24,125,0.4,1.9999999999999996,0.16,20.0
usdchf,pullback_reversal_rsi,discovery,break_signal_high,40,50,48,98,0.5510204081632653,1.7999999999999992,0.19591836734693877,19.2
usdchf,pullback_reversal_rsi,discovery,break_signal_high,40,50,72,89,0.6292134831460674,1.8666666666666665,0.23370786516853928,20.799999999999997
usdchf,pullback_reversal_rsi,discovery,break_signal_high,40,60,24,125,0.4,2.3809523809523805,0.15466666666666665,19.333333333333332
usdchf,pullback_reversal_rsi,discovery,break_signal_high,40,60,48,98,0.5510204081632653,1.7142857142857135,0.1530612244897959,14.999999999999996
usdchf,pullback_reversal_rsi,discovery,break_signal_high,40,60,72,89,0.6404494382022472,1.8999999999999997,0.20224719101123592,17.999999999999996
usdchf,pullback_reversal_rsi,discovery,break_signal_high,40,75,24,125,0.4,3.3333333333333335,0.14933333333333332,18.666666666666664
usdchf,pullback_reversal_rsi,discovery,break_signal_high,40,75,48,98,0.5510204081632653,1.8000000000000005,0.13061224489795917,12.799999999999997
usdchf,pullback_reversal_rsi,discovery,break_signal_high,40,75,72,89,0.651685393258427,2.3794871794871795,0.20149812734082398,17.933333333333334
usdchf,pullback_reversal_rsi,discovery,break_signal_high,40,100,24,125,0.4,19.999999999999996,0.152,19.0
usdchf,pullback_reversal_rsi,discovery,break_signal_high,40,100,48,98,0.5510204081632653,3.0857142857142845,0.1489795918367347,14.6
usdchf,pullback_reversal_rsi,discovery,break_signal_high,40,100,72,89,0.651685393258427,2.5777777777777775,0.1595505617977528,14.2
usdchf,pullback_reversal_rsi,discovery,break_signal_high,40,125,24,125,0.4,16.0,0.12,15.0
usdchf,pullback_reversal_rsi,discovery,break_signal_high,40,125,48,98,0.5510204081632653,4.32,0.13551020408163267,13.280000000000001
usdchf,pullback_reversal_rsi,discovery,break_signal_high,40,125,72,89,0.651685393258427,3.0933333333333337,0.141123595505618,12.560000000000002
usdchf,pullback_reversal_rsi,discovery,break_signal_high,50,40,24,125,0.28,1.5625,0.126,15.75
usdchf,pullback_reversal_rsi,discovery,break_signal_high,50,40,48,98,0.3979591836734694,1.4772727272727273,0.16071428571428573,15.75
usdchf,pullback_reversal_rsi,discovery,break_signal_high,50,40,72,89,0.5056179775280899,1.7578125,0.27247191011235955,24.25
usdchf,pullback_reversal_rsi,discovery,break_signal_high,50,50,24,125,0.288,1.8,0.128,16.0
usdchf,pullback_reversal_rsi,discovery,break_signal_high,50,50,48,98,0.40816326530612246,1.5384615384615385,0.14285714285714285,14.0
usdchf,pullback_reversal_rsi,discovery,break_signal_high,50,50,72,89,0.5280898876404494,1.8076923076923077,0.23595505617977527,21.0
usdchf,pullback_reversal_rsi,discovery,break_signal_high,50,60,24,125,0.288,2.142857142857143,0.128,16.0
usdchf,pullback_reversal_rsi,discovery,break_signal_high,50,60,48,98,0.40816326530612246,1.5151515151515154,0.11564625850340138,11.333333333333336
usdchf,pullback_reversal_rsi,discovery,break_signal_high,50,60,72,89,0.5280898876404494,1.7803030303030312,0.19288389513108617,17.166666666666668
usdchf,pullback_reversal_rsi,discovery,break_signal_high,50,75,24,125,0.288,3.0000000000000004,0.128,16.0
usdchf,pullback_reversal_rsi,discovery,break_signal_high,50,75,48,98,0.40816326530612246,1.568627450980392,0.0986394557823129,9.666666666666664
usdchf,pullback_reversal_rsi,discovery,break_signal_high,50,75,72,89,0.5393258426966292,2.1333333333333333,0.19101123595505615,16.999999999999996
usdchf,pullback_reversal_rsi,discovery,break_signal_high,50,100,24,125,0.288,18.0,0.136,17.0
usdchf,pullback_reversal_rsi,discovery,break_signal_high,50,100,48,98,0.40816326530612246,2.857142857142857,0.1326530612244898,13.0
usdchf,pullback_reversal_rsi,discovery,break_signal_high,50,100,72,89,0.5393258426966292,2.6666666666666665,0.16853932584269662,15.0
usdchf,pullback_reversal_rsi,discovery,break_signal_high,50,125,24,125,0.288,14.400000000000002,0.1072,13.4
usdchf,pullback_reversal_rsi,discovery,break_signal_high,50,125,48,98,0.40816326530612246,4.0,0.12244897959183673,12.0
usdchf,pullback_reversal_rsi,discovery,break_signal_high,50,125,72,89,0.5393258426966292,3.1999999999999997,0.148314606741573,13.2
usdchf,pullback_reversal_rsi,discovery,break_signal_high,60,40,24,125,0.2,1.3392857142857142,0.076,9.5
usdchf,pullback_reversal_rsi,discovery,break_signal_high,60,40,48,98,0.2755102040816326,1.1571428571428573,0.05612244897959184,5.5
usdchf,pullback_reversal_rsi,discovery,break_signal_high,60,40,72,89,0.39325842696629215,1.5,0.19662921348314608,17.5
usdchf,pullback_reversal_rsi,discovery,break_signal_high,60,50,24,125,0.208,1.5599999999999998,0.0896,11.2
usdchf,pullback_reversal_rsi,discovery,break_signal_high,60,50,48,98,0.2857142857142857,1.2444444444444445,0.06734693877551018,6.599999999999998
usdchf,pullback_reversal_rsi,discovery,break_signal_high,60,50,72,89,0.4044943820224719,1.5428571428571431,0.17078651685393256,15.2
usdchf,pullback_reversal_rsi,discovery,break_signal_high,60,60,24,125,0.208,1.8571428571428572,0.096,12.0
usdchf,pullback_reversal_rsi,discovery,break_signal_high,60,60,48,98,0.2857142857142857,1.2727272727272727,0.061224489795918366,6.0
usdchf,pullback_reversal_rsi,discovery,break_signal_high,60,60,72,89,0.4044943820224719,1.565217391304348,0.14606741573033707,13.0
usdchf,pullback_reversal_rsi,discovery,break_signal_high,60,75,24,125,0.208,2.6000000000000005,0.1024,12.8
usdchf,pullback_reversal_rsi,discovery,break_signal_high,60,75,48,98,0.2857142857142857,1.3176470588235298,0.055102040816326546,5.400000000000001
usdchf,pullback_reversal_rsi,discovery,break_signal_high,60,75,72,89,0.4157303370786517,1.8500000000000003,0.15280898876404497,13.600000000000001
usdchf,pullback_reversal_rsi,discovery,break_signal_high,60,100,24,125,0.208,15.599999999999998,0.1168,14.6
usdchf,pullback_reversal_rsi,discovery,break_signal_high,60,100,48,98,0.2857142857142857,2.4,0.09999999999999999,9.799999999999999
usdchf,pullback_reversal_rsi,discovery,break_signal_high,60,100,72,89,0.4157303370786517,2.4666666666666672,0.148314606741573,13.2
usdchf,pullback_reversal_rsi,discovery,break_signal_high,60,125,24,125,0.208,12.48,0.09184,11.48
usdchf,pullback_reversal_rsi,discovery,break_signal_high,60,125,48,98,0.2857142857142857,3.3600000000000003,0.09632653061224491,9.440000000000001
usdchf,pullback_reversal_rsi,discovery,break_signal_high,60,125,72,89,0.4157303370786517,2.9600000000000004,0.13213483146067415,11.76
usdchf,pullback_reversal_rsi,discovery,break_signal_high,75,40,24,125,0.072,0.6026785714285714,-0.089,-11.125
usdchf,pullback_reversal_rsi,discovery,break_signal_high,75,40,48,98,0.16326530612244897,0.8571428571428571,-0.05102040816326531,-5.0
usdchf,pullback_reversal_rsi,discovery,break_signal_high,75,40,72,89,0.2808988764044944,1.2335526315789473,0.0997191011235955,8.875
usdchf,pullback_reversal_rsi,discovery,break_signal_high,75,50,24,125,0.072,0.675,-0.052,-6.5
usdchf,pullback_reversal_rsi,discovery,break_signal_high,75,50,48,98,0.17346938775510204,0.9444444444444444,-0.015306122448979591,-1.5
usdchf,pullback_reversal_rsi,discovery,break_signal_high,75,50,72,89,0.29213483146067415,1.3,0.10112359550561797,9.0
usdchf,pullback_reversal_rsi,discovery,break_signal_high,75,60,24,125,0.072,0.8035714285714286,-0.022,-2.75
usdchf,pullback_reversal_rsi,discovery,break_signal_high,75,60,48,98,0.17346938775510204,0.9659090909090909,-0.007653061224489796,-0.75
usdchf,pullback_reversal_rsi,discovery,break_signal_high,75,60,72,89,0.29213483146067415,1.3,0.08426966292134831,7.5
usdchf,pullback_reversal_rsi,discovery,break_signal_high,75,75,24,125,0.072,1.125,0.008,1.0
usdchf,pullback_reversal_rsi,discovery,break_signal_high,75,75,48,98,0.17346938775510204,1.0,0.0,0.0
usdchf,pullback_reversal_rsi,discovery,break_signal_high,75,75,72,89,0.29213483146067415,1.5294117647058822,0.10112359550561797,9.0
usdchf,pullback_reversal_rsi,discovery,break_signal_high,75,100,24,125,0.072,6.75,0.046,5.75
usdchf,pullback_reversal_rsi,discovery,break_signal_high,75,100,48,98,0.17346938775510204,1.8214285714285714,0.058673469387755105,5.75
usdchf,pullback_reversal_rsi,discovery,break_signal_high,75,100,72,89,0.29213483146067415,2.1666666666666665,0.11797752808988764,10.5
usdchf,pullback_reversal_rsi,discovery,break_signal_high,75,125,24,125,0.072,5.3999999999999995,0.0352,4.4
usdchf,pullback_reversal_rsi,discovery,break_signal_high,75,125,48,98,0.17346938775510204,2.55,0.06326530612244897,6.199999999999999
usdchf,pullback_reversal_rsi,discovery,break_signal_high,75,125,72,89,0.29213483146067415,2.5999999999999996,0.10786516853932585,9.6
usdchf,pullback_reversal_rsi,discovery,break_signal_high,100,40,24,125,0.056,0.625,-0.084,-10.5
usdchf,pullback_reversal_rsi,discovery,break_signal_high,100,40,48,98,0.09183673469387756,0.6428571428571429,-0.12755102040816327,-12.5
usdchf,pullback_reversal_rsi,discovery,break_signal_high,100,40,72,89,0.15730337078651685,0.9210526315789473,-0.033707865168539325,-3.0
usdchf,pullback_reversal_rsi,discovery,break_signal_high,100,50,24,125,0.056,0.7,-0.048,-6.0
usdchf,pullback_reversal_rsi,discovery,break_signal_high,100,50,48,98,0.10204081632653061,0.7407407407407407,-0.07142857142857142,-7.0
usdchf,pullback_reversal_rsi,discovery,break_signal_high,100,50,72,89,0.16853932584269662,1.0,0.0,0.0
usdchf,pullback_reversal_rsi,discovery,break_signal_high,100,60,24,125,0.056,0.8333333333333333,-0.01866666666666666,-2.3333333333333326
usdchf,pullback_reversal_rsi,discovery,break_signal_high,100,60,48,98,0.10204081632653061,0.7575757575757577,-0.05442176870748299,-5.333333333333333
usdchf,pullback_reversal_rsi,discovery,break_signal_high,100,60,72,89,0.16853932584269662,1.0000000000000002,1.995906561123877e-17,1.7763568394002505e-15
usdchf,pullback_reversal_rsi,discovery,break_signal_high,100,75,24,125,0.056,1.1666666666666665,0.010666666666666661,1.3333333333333326
usdchf,pullback_reversal_rsi,discovery,break_signal_high,100,75,48,98,0.10204081632653061,0.7843137254901961,-0.03741496598639456,-3.666666666666667
usdchf,pullback_reversal_rsi,discovery,break_signal_high,100,75,72,89,0.16853932584269662,1.176470588235294,0.033707865168539304,2.9999999999999982
usdchf,pullback_reversal_rsi,discovery,break_signal_high,100,100,24,125,0.056,7.0,0.048,6.0
usdchf,pullback_reversal_rsi,discovery,break_signal_high,100,100,48,98,0.10204081632653061,1.4285714285714286,0.030612244897959183,3.0
usdchf,pullback_reversal_rsi,discovery,break_signal_high,100,100,72,89,0.16853932584269662,1.6666666666666667,0.06741573033707865,6.0
usdchf,pullback_reversal_rsi,discovery,break_signal_high,100,125,24,125,0.056,5.6,0.036800000000000006,4.6000000000000005
usdchf,pullback_reversal_rsi,discovery,break_signal_high,100,125,48,98,0.10204081632653061,2.0,0.040816326530612256,4.000000000000001
usdchf,pullback_reversal_rsi,discovery,break_signal_high,100,125,72,89,0.16853932584269662,2.0000000000000004,0.06741573033707865,6.0
usdchf,pullback_reversal_rsi,discovery,break_signal_high,125,40,24,125,0.024,0.33482142857142855,-0.149,-18.625
usdchf,pullback_reversal_rsi,discovery,break_signal_high,125,40,48,98,0.04081632653061224,0.35714285714285715,-0.22959183673469388,-22.5
usdchf,pullback_reversal_rsi,discovery,break_signal_high,125,40,72,89,0.07865168539325842,0.5756578947368421,-0.18117977528089887,-16.125
usdchf,pullback_reversal_rsi,discovery,break_signal_high,125,50,24,125,0.024,0.375,-0.1,-12.5
usdchf,pullback_reversal_rsi,discovery,break_signal_high,125,50,48,98,0.05102040816326531,0.46296296296296297,-0.14795918367346939,-14.5
usdchf,pullback_reversal_rsi,discovery,break_signal_high,125,50,72,89,0.0898876404494382,0.6666666666666666,-0.11235955056179775,-10.0
usdchf,pullback_reversal_rsi,discovery,break_signal_high,125,60,24,125,0.024,0.44642857142857145,-0.06199999999999999,-7.749999999999999
usdchf,pullback_reversal_rsi,discovery,break_signal_high,125,60,48,98,0.05102040816326531,0.47348484848484856,-0.11819727891156462,-11.583333333333332
usdchf,pullback_reversal_rsi,discovery,break_signal_high,125,60,72,89,0.0898876404494382,0.6666666666666667,-0.09363295880149812,-8.333333333333332
usdchf,pullback_reversal_rsi,discovery,break_signal_high,125,75,24,125,0.024,0.625,-0.023999999999999994,-2.999999999999999
usdchf,pullback_reversal_rsi,discovery,break_signal_high,125,75,48,98,0.05102040816326531,0.4901960784313726,-0.08843537414965985,-8.666666666666666
usdchf,pullback_reversal_rsi,discovery,break_signal_high,125,75,72,89,0.0898876404494382,0.7843137254901961,-0.04119850187265917,-3.666666666666666
usdchf,pullback_reversal_rsi,discovery,break_signal_high,125,100,24,125,0.024,3.75,0.022,2.75
usdchf,pullback_reversal_rsi,discovery,break_signal_high,125,100,48,98,0.05102040816326531,0.8928571428571429,-0.007653061224489796,-0.75
usdchf,pullback_reversal_rsi,discovery,break_signal_high,125,100,72,89,0.0898876404494382,1.1111111111111112,0.011235955056179775,1.0
usdchf,pullback_reversal_rsi,discovery,break_signal_high,125,125,24,125,0.024,3.0,0.016,2.0
usdchf,pullback_reversal_rsi,discovery,break_signal_high,125,125,48,98,0.05102040816326531,1.25,0.01020408163265306,1.0
usdchf,pullback_reversal_rsi,discovery,break_signal_high,125,125,72,89,0.0898876404494382,1.3333333333333333,0.02247191011235955,2.0
usdchf,pullback_reversal_rsi,discovery,confirm_1bar,40,40,24,104,0.375,1.625,0.14423076923076922,15.0
usdchf,pullback_reversal_rsi,discovery,confirm_1bar,40,40,48,85,0.4823529411764706,1.5185185185185186,0.16470588235294117,14.0
usdchf,pullback_reversal_rsi,discovery,confirm_1bar,40,40,72,77,0.5584415584415584,1.4827586206896552,0.18181818181818182,14.0
usdchf,pullback_reversal_rsi,discovery,confirm_1bar,40,50,24,104,0.375,1.9500000000000004,0.14615384615384613,15.2
usdchf,pullback_reversal_rsi,discovery,confirm_1bar,40,50,48,85,0.5058823529411764,1.6380952380952376,0.15764705882352945,13.400000000000002
usdchf,pullback_reversal_rsi,discovery,confirm_1bar,40,50,72,77,0.5974025974025974,1.4719999999999993,0.15324675324675324,11.8
usdchf,pullback_reversal_rsi,discovery,confirm_1bar,40,60,24,104,0.375,2.1666666666666674,0.1346153846153846,14.0
usdchf,pullback_reversal_rsi,discovery,confirm_1bar,40,60,48,85,0.5058823529411764,1.7916666666666667,0.1490196078431372,12.666666666666663
usdchf,pullback_reversal_rsi,discovery,confirm_1bar,40,60,72,77,0.6103896103896104,1.5666666666666669,0.14718614718614714,11.33333333333333
usdchf,pullback_reversal_rsi,discovery,confirm_1bar,40,75,24,104,0.375,2.971428571428573,0.1326923076923077,13.799999999999999
usdchf,pullback_reversal_rsi,discovery,confirm_1bar,40,75,48,85,0.5058823529411764,1.6380952380952383,0.10509803921568625,8.933333333333332
usdchf,pullback_reversal_rsi,discovery,confirm_1bar,40,75,72,77,0.6103896103896104,1.3925925925925933,0.09177489177489175,7.066666666666665
usdchf,pullback_reversal_rsi,discovery,confirm_1bar,40,100,24,104,0.375,15.600000000000003,0.14038461538461539,14.6
usdchf,pullback_reversal_rsi,discovery,confirm_1bar,40,100,48,85,0.5176470588235295,1.9555555555555548,0.10117647058823528,8.6
usdchf,pullback_reversal_rsi,discovery,confirm_1bar,40,100,72,77,0.6363636363636364,2.1777777777777776,0.13766233766233765,10.6
usdchf,pullback_reversal_rsi,discovery,confirm_1bar,40,125,24,104,0.375,inf,0.12000000000000001,12.48
usdchf,pullback_reversal_rsi,discovery,confirm_1bar,40,125,48,85,0.5176470588235295,2.346666666666667,0.09505882352941177,8.08
usdchf,pullback_reversal_rsi,discovery,confirm_1bar,40,125,72,77,0.6493506493506493,3.2,0.1428571428571429,11.000000000000004
usdchf,pullback_reversal_rsi,discovery,confirm_1bar,50,40,24,104,0.25961538461538464,1.40625,0.09375,9.75
usdchf,pullback_reversal_rsi,discovery,confirm_1bar,50,40,48,85,0.3764705882352941,1.3333333333333333,0.11764705882352941,10.0
usdchf,pullback_reversal_rsi,discovery,confirm_1bar,50,40,72,77,0.42857142857142855,1.2890625,0.12012987012987013,9.25
usdchf,pullback_reversal_rsi,discovery,confirm_1bar,50,50,24,104,0.25961538461538464,1.6875,0.10576923076923077,11.0
usdchf,pullback_reversal_rsi,discovery,confirm_1bar,50,50,48,85,0.4,1.4782608695652173,0.12941176470588237,11.0
usdchf,pullback_reversal_rsi,discovery,confirm_1bar,50,50,72,77,0.4675324675324675,1.2857142857142858,0.1038961038961039,8.0
usdchf,pullback_reversal_rsi,discovery,confirm_1bar,50,60,24,104,0.25961538461538464,1.8749999999999998,0.10096153846153846,10.5
usdchf,pullback_reversal_rsi,discovery,confirm_1bar,50,60,48,85,0.4,1.6666666666666665,0.13333333333333333,11.333333333333334
usdchf,pullback_reversal_rsi,discovery,confirm_1bar,50,60,72,77,0.4675324675324675,1.4285714285714284,0.11688311688311688,9.0
usdchf,pullback_reversal_rsi,discovery,confirm_1bar,50,75,24,104,0.25961538461538464,2.571428571428572,0.10576923076923075,10.999999999999998
usdchf,pullback_reversal_rsi,discovery,confirm_1bar,50,75,48,85,0.4,1.619047619047619,0.10196078431372546,8.666666666666664
usdchf,pullback_reversal_rsi,discovery,confirm_1bar,50,75,72,77,0.4675324675324675,1.3333333333333335,0.0779220779220779,5.999999999999999
usdchf,pullback_reversal_rsi,discovery,confirm_1bar,50,100,24,104,0.25961538461538464,13.5,0.1201923076923077,12.5
usdchf,pullback_reversal_rsi,discovery,confirm_1bar,50,100,48,85,0.4117647058823529,1.9444444444444444,0.1,8.5
usdchf,pullback_reversal_rsi,discovery,confirm_1bar,50,100,72,77,0.4935064935064935,2.111111111111111,0.12987012987012986,10.0
usdchf,pullback_reversal_rsi,discovery,confirm_1bar,50,125,24,104,0.25961538461538464,inf,0.10384615384615385,10.8
usdchf,pullback_reversal_rsi,discovery,confirm_1bar,50,125,48,85,0.4117647058823529,2.3333333333333335,0.09411764705882353,8.0
usdchf,pullback_reversal_rsi,discovery,confirm_1bar,50,125,72,77,0.4935064935064935,3.0400000000000005,0.13246753246753248,10.200000000000001
usdchf,pullback_reversal_rsi,discovery,confirm_1bar,60,40,24,104,0.17307692307692307,1.125,0.028846153846153848,3.0
usdchf,pullback_reversal_rsi,discovery,confirm_1bar,60,40,48,85,0.24705882352941178,0.984375,-0.0058823529411764705,-0.5
usdchf,pullback_reversal_rsi,discovery,confirm_1bar,60,40,72,77,0.2857142857142857,0.9166666666666666,-0.03896103896103896,-3.0
usdchf,pullback_reversal_rsi,discovery,confirm_1bar,60,50,24,104,0.17307692307692307,1.3499999999999999,0.053846153846153835,5.599999999999999
usdchf,pullback_reversal_rsi,discovery,confirm_1bar,60,50,48,85,0.27058823529411763,1.1999999999999997,0.054117647058823534,4.6000000000000005
usdchf,pullback_reversal_rsi,discovery,confirm_1bar,60,50,72,77,0.3116883116883117,0.9290322580645161,-0.028571428571428584,-2.200000000000001
usdchf,pullback_reversal_rsi,discovery,confirm_1bar,60,60,24,104,0.17307692307692307,1.5,0.057692307692307696,6.0
usdchf,pullback_reversal_rsi,discovery,confirm_1bar,60,60,48,85,0.27058823529411763,1.3529411764705883,0.07058823529411765,6.0
usdchf,pullback_reversal_rsi,discovery,confirm_1bar,60,60,72,77,0.3116883116883117,1.0,0.0,0.0
usdchf,pullback_reversal_rsi,discovery,confirm_1bar,60,75,24,104,0.17307692307692307,2.0571428571428574,0.07115384615384615,7.4
usdchf,pullback_reversal_rsi,discovery,confirm_1bar,60,75,48,85,0.27058823529411763,1.3142857142857147,0.05176470588235295,4.4
usdchf,pullback_reversal_rsi,discovery,confirm_1bar,60,75,72,77,0.3116883116883117,0.9142857142857144,-0.02337662337662336,-1.7999999999999987
usdchf,pullback_reversal_rsi,discovery,confirm_1bar,60,100,24,104,0.17307692307692307,10.799999999999999,0.09423076923076924,9.8
usdchf,pullback_reversal_rsi,discovery,confirm_1bar,60,100,48,85,0.27058823529411763,1.533333333333333,0.05647058823529411,4.8
usdchf,pullback_reversal_rsi,discovery,confirm_1bar,60,100,72,77,0.3246753246753247,1.3636363636363635,0.051948051948051945,3.9999999999999996
usdchf,pullback_reversal_rsi,discovery,confirm_1bar,60,125,24,104,0.17307692307692307,inf,0.08307692307692308,8.64
usdchf,pullback_reversal_rsi,discovery,confirm_1bar,60,125,48,85,0.27058823529411763,1.8400000000000005,0.05929411764705882,5.039999999999999
usdchf,pullback_reversal_rsi,discovery,confirm_1bar,60,125,72,77,0.3246753246753247,2.4,0.09090909090909091,7.0
usdchf,pullback_reversal_rsi,discovery,confirm_1bar,75,40,24,104,0.07692307692307693,0.625,-0.08653846153846154,-9.0
usdchf,pullback_reversal_rsi,discovery,confirm_1bar,75,40,48,85,0.18823529411764706,0.9375,-0.023529411764705882,-2.0
usdchf,pullback_reversal_rsi,discovery,confirm_1bar,75,40,72,77,0.19480519480519481,0.7601351351351351,-0.11525974025974026,-8.875
usdchf,pullback_reversal_rsi,discovery,confirm_1bar,75,50,24,104,0.07692307692307693,0.75,-0.038461538461538464,-4.0
usdchf,pullback_reversal_rsi,discovery,confirm_1bar,75,50,48,85,0.18823529411764706,1.0434782608695652,0.011764705882352941,1.0
usdchf,pullback_reversal_rsi,discovery,confirm_1bar,75,50,72,77,0.19480519480519481,0.703125,-0.12337662337662338,-9.5
usdchf,pullback_reversal_rsi,discovery,confirm_1bar,75,60,24,104,0.07692307692307693,0.8333333333333334,-0.019230769230769232,-2.0
usdchf,pullback_reversal_rsi,discovery,confirm_1bar,75,60,48,85,0.18823529411764706,1.1764705882352942,0.03529411764705882,3.0
usdchf,pullback_reversal_rsi,discovery,confirm_1bar,75,60,72,77,0.19480519480519481,0.75,-0.08116883116883117,-6.25
usdchf,pullback_reversal_rsi,discovery,confirm_1bar,75,75,24,104,0.07692307692307693,1.1428571428571428,0.009615384615384616,1.0
usdchf,pullback_reversal_rsi,discovery,confirm_1bar,75,75,48,85,0.18823529411764706,1.1428571428571428,0.023529411764705882,2.0
usdchf,pullback_reversal_rsi,discovery,confirm_1bar,75,75,72,77,0.19480519480519481,0.7142857142857143,-0.07792207792207792,-6.0
usdchf,pullback_reversal_rsi,discovery,confirm_1bar,75,100,24,104,0.07692307692307693,6.0,0.04807692307692308,5.0
usdchf,pullback_reversal_rsi,discovery,confirm_1bar,75,100,48,85,0.18823529411764706,1.3333333333333333,0.03529411764705882,3.0
usdchf,pullback_reversal_rsi,discovery,confirm_1bar,75,100,72,77,0.19480519480519481,1.0227272727272727,0.003246753246753247,0.25
usdchf,pullback_reversal_rsi,discovery,confirm_1bar,75,125,24,104,0.07692307692307693,inf,0.04615384615384615,4.8
usdchf,pullback_reversal_rsi,discovery,confirm_1bar,75,125,48,85,0.18823529411764706,1.5999999999999999,0.042352941176470586,3.6
usdchf,pullback_reversal_rsi,discovery,confirm_1bar,75,125,72,77,0.19480519480519481,1.7999999999999996,0.05194805194805194,3.999999999999999
usdchf,pullback_reversal_rsi,discovery,confirm_1bar,100,40,24,104,0.019230769230769232,0.20833333333333334,-0.18269230769230768,-19.0
usdchf,pullback_reversal_rsi,discovery,confirm_1bar,100,40,48,85,0.058823529411764705,0.390625,-0.22941176470588234,-19.5
usdchf,pullback_reversal_rsi,discovery,confirm_1bar,100,40,72,77,0.11688311688311688,0.6081081081081081,-0.18831168831168832,-14.5
usdchf,pullback_reversal_rsi,discovery,confirm_1bar,100,50,24,104,0.019230769230769232,0.25,-0.11538461538461539,-12.0
usdchf,pullback_reversal_rsi,discovery,confirm_1bar,100,50,48,85,0.058823529411764705,0.43478260869565216,-0.15294117647058825,-13.0
usdchf,pullback_reversal_rsi,discovery,confirm_1bar,100,50,72,77,0.11688311688311688,0.5625,-0.18181818181818182,-14.0
usdchf,pullback_reversal_rsi,discovery,confirm_1bar,100,60,24,104,0.019230769230769232,0.2777777777777778,-0.08333333333333333,-8.666666666666666
usdchf,pullback_reversal_rsi,discovery,confirm_1bar,100,60,48,85,0.058823529411764705,0.4901960784313726,-0.10196078431372549,-8.666666666666666
usdchf,pullback_reversal_rsi,discovery,confirm_1bar,100,60,72,77,0.11688311688311688,0.6,-0.12987012987012986,-10.0
usdchf,pullback_reversal_rsi,discovery,confirm_1bar,100,75,24,104,0.019230769230769232,0.38095238095238093,-0.04166666666666667,-4.333333333333334
usdchf,pullback_reversal_rsi,discovery,confirm_1bar,100,75,48,85,0.058823529411764705,0.47619047619047616,-0.08627450980392158,-7.333333333333334
usdchf,pullback_reversal_rsi,discovery,confirm_1bar,100,75,72,77,0.11688311688311688,0.5714285714285714,-0.11688311688311688,-9.0
usdchf,pullback_reversal_rsi,discovery,confirm_1bar,100,100,24,104,0.019230769230769232,2.0,0.009615384615384616,1.0
usdchf,pullback_reversal_rsi,discovery,confirm_1bar,100,100,48,85,0.058823529411764705,0.5555555555555556,-0.047058823529411764,-4.0
usdchf,pullback_reversal_rsi,discovery,confirm_1bar,100,100,72,77,0.11688311688311688,0.8181818181818182,-0.025974025974025976,-2.0
usdchf,pullback_reversal_rsi,discovery,confirm_1bar,100,125,24,104,0.019230769230769232,inf,0.015384615384615385,1.6
usdchf,pullback_reversal_rsi,discovery,confirm_1bar,100,125,48,85,0.058823529411764705,0.6666666666666666,-0.02352941176470588,-1.9999999999999998
usdchf,pullback_reversal_rsi,discovery,confirm_1bar,100,125,72,77,0.11688311688311688,1.44,0.028571428571428574,2.2
usdchf,pullback_reversal_rsi,discovery,confirm_1bar,125,40,24,104,0.019230769230769232,0.2604166666666667,-0.17067307692307693,-17.75
usdchf,pullback_reversal_rsi,discovery,confirm_1bar,125,40,48,85,0.03529411764705882,0.29296875,-0.2661764705882353,-22.625
usdchf,pullback_reversal_rsi,discovery,confirm_1bar,125,40,72,77,0.03896103896103896,0.2533783783783784,-0.3587662337662338,-27.625
usdchf,pullback_reversal_rsi,discovery,confirm_1bar,125,50,24,104,0.019230769230769232,0.3125,-0.10576923076923077,-11.0
usdchf,pullback_reversal_rsi,discovery,confirm_1bar,125,50,48,85,0.03529411764705882,0.32608695652173914,-0.18235294117647058,-15.5
usdchf,pullback_reversal_rsi,discovery,confirm_1bar,125,50,72,77,0.03896103896103896,0.234375,-0.3181818181818182,-24.5
usdchf,pullback_reversal_rsi,discovery,confirm_1bar,125,60,24,104,0.019230769230769232,0.34722222222222227,-0.07532051282051282,-7.833333333333333
usdchf,pullback_reversal_rsi,discovery,confirm_1bar,125,60,48,85,0.03529411764705882,0.36764705882352944,-0.1264705882352941,-10.75
usdchf,pullback_reversal_rsi,discovery,confirm_1bar,125,60,72,77,0.03896103896103896,0.25,-0.2435064935064935,-18.75
usdchf,pullback_reversal_rsi,discovery,confirm_1bar,125,75,24,104,0.019230769230769232,0.4761904761904762,-0.035256410256410256,-3.6666666666666665
usdchf,pullback_reversal_rsi,discovery,confirm_1bar,125,75,48,85,0.03529411764705882,0.35714285714285715,-0.10588235294117647,-9.0
usdchf,pullback_reversal_rsi,discovery,confirm_1bar,125,75,72,77,0.03896103896103896,0.23809523809523808,-0.2077922077922078,-16.0
usdchf,pullback_reversal_rsi,discovery,confirm_1bar,125,100,24,104,0.019230769230769232,2.5,0.014423076923076924,1.5
usdchf,pullback_reversal_rsi,discovery,confirm_1bar,125,100,48,85,0.03529411764705882,0.4166666666666667,-0.061764705882352944,-5.25
usdchf,pullback_reversal_rsi,discovery,confirm_1bar,125,100,72,77,0.03896103896103896,0.3409090909090909,-0.09415584415584416,-7.25
usdchf,pullback_reversal_rsi,discovery,confirm_1bar,125,125,24,104,0.019230769230769232,inf,0.019230769230769232,2.0
usdchf,pullback_reversal_rsi,discovery,confirm_1bar,125,125,48,85,0.03529411764705882,0.5,-0.03529411764705882,-3.0
usdchf,pullback_reversal_rsi,discovery,confirm_1bar,125,125,72,77,0.03896103896103896,0.6,-0.025974025974025976,-2.0
usdchf,pullback_reversal_rsi,validation,next_open,40,40,24,46,0.2391304347826087,0.7333333333333333,-0.08695652173913043,-4.0
usdchf,pullback_reversal_rsi,validation,next_open,40,40,48,42,0.4523809523809524,1.0555555555555556,0.023809523809523808,1.0
usdchf,pullback_reversal_rsi,validation,next_open,40,40,72,34,0.5,1.0625,0.029411764705882353,1.0
usdchf,pullback_reversal_rsi,validation,next_open,40,50,24,46,0.2391304347826087,0.676923076923077,-0.09130434782608694,-4.199999999999999
usdchf,pullback_reversal_rsi,validation,next_open,40,50,48,42,0.4523809523809524,1.0133333333333334,0.004761904761904782,0.20000000000000084
usdchf,pullback_reversal_rsi,validation,next_open,40,50,72,34,0.5294117647058824,1.0285714285714287,0.011764705882352958,0.4000000000000006
usdchf,pullback_reversal_rsi,validation,next_open,40,60,24,46,0.2826086956521739,0.9629629629629629,-0.007246376811594213,-0.3333333333333338
usdchf,pullback_reversal_rsi,validation,next_open,40,60,48,42,0.5238095238095238,1.2222222222222219,0.06349206349206346,2.6666666666666656
usdchf,pullback_reversal_rsi,validation,next_open,40,60,72,34,0.5882352941176471,1.111111111111111,0.03921568627450977,1.3333333333333321
usdchf,pullback_reversal_rsi,validation,next_open,40,75,24,46,0.2826086956521739,0.9904761904761904,-0.0014492753623188428,-0.06666666666666676
usdchf,pullback_reversal_rsi,validation,next_open,40,75,48,42,0.5238095238095238,1.4666666666666666,0.08888888888888886,3.7333333333333325
usdchf,pullback_reversal_rsi,validation,next_open,40,75,72,34,0.6176470588235294,1.2444444444444445,0.06470588235294117,2.1999999999999997
usdchf,pullback_reversal_rsi,validation,next_open,40,100,24,46,0.2826086956521739,1.3000000000000003,0.026086956521739136,1.2000000000000002
usdchf,pullback_reversal_rsi,validation,next_open,40,100,48,42,0.5238095238095238,2.2000000000000006,0.1142857142857143,4.800000000000001
usdchf,pullback_reversal_rsi,validation,next_open,40,100,72,34,0.6176470588235294,1.2000000000000004,0.04117647058823531,1.4000000000000004
usdchf,pullback_reversal_rsi,validation,next_open,40,125,24,46,0.2826086956521739,4.159999999999999,0.06869565217391305,3.16
usdchf,pullback_reversal_rsi,validation,next_open,40,125,48,42,0.5238095238095238,1.7600000000000005,0.07238095238095238,3.04
usdchf,pullback_reversal_rsi,validation,next_open,40,125,72,34,0.6176470588235294,1.3440000000000003,0.050588235294117656,1.7200000000000004
usdchf,pullback_reversal_rsi,validation,next_open,50,40,24,46,0.15217391304347827,0.5833333333333334,-0.1358695652173913,-6.25
usdchf,pullback_reversal_rsi,validation,next_open,50,40,48,42,0.38095238095238093,1.1111111111111112,0.047619047619047616,2.0
usdchf,pullback_reversal_rsi,validation,next_open,50,40,72,34,0.4411764705882353,1.171875,0.08088235294117647,2.75
usdchf,pullback_reversal_rsi,validation,next_open,50,50,24,46,0.15217391304347827,0.5384615384615384,-0.13043478260869565,-6.0
usdchf,pullback_reversal_rsi,validation,next_open,50,50,48,42,0.38095238095238093,1.0666666666666667,0.023809523809523808,1.0
usdchf,pullback_reversal_rsi,validation,next_open,50,50,72,34,0.47058823529411764,1.1428571428571428,0.058823529411764705,2.0
usdchf,pullback_reversal_rsi,validation,next_open,50,60,24,46,0.1956521739130435,0.8333333333333334,-0.032608695652173905,-1.4999999999999996
usdchf,pullback_reversal_rsi,validation,next_open,50,60,48,42,0.4523809523809524,1.3194444444444446,0.09126984126984128,3.8333333333333335
usdchf,pullback_reversal_rsi,validation,next_open,50,60,72,34,0.5294117647058824,1.2500000000000002,0.08823529411764709,3.0000000000000013
usdchf,pullback_reversal_rsi,validation,next_open,50,75,24,46,0.1956521739130435,0.8571428571428571,-0.02173913043478262,-1.0000000000000004
usdchf,pullback_reversal_rsi,validation,next_open,50,75,48,42,0.4523809523809524,1.583333333333333,0.11111111111111109,4.666666666666666
usdchf,pullback_reversal_rsi,validation,next_open,50,75,72,34,0.5588235294117647,1.4074074074074072,0.10784313725490192,3.6666666666666656
usdchf,pullback_reversal_rsi,validation,next_open,50,100,24,46,0.1956521739130435,1.125,0.010869565217391304,0.5
usdchf,pullback_reversal_rsi,validation,next_open,50,100,48,42,0.4523809523809524,2.375,0.13095238095238096,5.5
usdchf,pullback_reversal_rsi,validation,next_open,50,100,72,34,0.5588235294117647,1.3571428571428572,0.07352941176470588,2.5
usdchf,pullback_reversal_rsi,validation,next_open,50,125,24,46,0.1956521739130435,3.6,0.05652173913043478,2.6
usdchf,pullback_reversal_rsi,validation,next_open,50,125,48,42,0.4523809523809524,1.9000000000000004,0.08571428571428573,3.6000000000000005
usdchf,pullback_reversal_rsi,validation,next_open,50,125,72,34,0.5588235294117647,1.5200000000000002,0.07647058823529414,2.6000000000000005
usdchf,pullback_reversal_rsi,validation,next_open,60,40,24,46,0.10869565217391304,0.5,-0.16304347826086957,-7.5
usdchf,pullback_reversal_rsi,validation,next_open,60,40,48,42,0.30952380952380953,1.0833333333333333,0.03571428571428571,1.5
usdchf,pullback_reversal_rsi,validation,next_open,60,40,72,34,0.4117647058823529,1.3125,0.14705882352941177,5.0
usdchf,pullback_reversal_rsi,validation,next_open,60,50,24,46,0.10869565217391304,0.46153846153846156,-0.15217391304347824,-6.999999999999999
usdchf,pullback_reversal_rsi,validation,next_open,60,50,48,42,0.30952380952380953,1.0399999999999998,0.014285714285714271,0.5999999999999994
usdchf,pullback_reversal_rsi,validation,next_open,60,50,72,34,0.4117647058823529,1.1999999999999997,0.08235294117647059,2.8
usdchf,pullback_reversal_rsi,validation,next_open,60,60,24,46,0.15217391304347827,0.7777777777777778,-0.043478260869565216,-2.0
usdchf,pullback_reversal_rsi,validation,next_open,60,60,48,42,0.35714285714285715,1.25,0.07142857142857142,3.0
usdchf,pullback_reversal_rsi,validation,next_open,60,60,72,34,0.47058823529411764,1.3333333333333333,0.11764705882352941,4.0
usdchf,pullback_reversal_rsi,validation,next_open,60,75,24,46,0.15217391304347827,0.7999999999999999,-0.030434782608695646,-1.3999999999999997
usdchf,pullback_reversal_rsi,validation,next_open,60,75,48,42,0.35714285714285715,1.5000000000000004,0.09523809523809526,4.000000000000001
usdchf,pullback_reversal_rsi,validation,next_open,60,75,72,34,0.5,1.5111111111111113,0.13529411764705884,4.6000000000000005
usdchf,pullback_reversal_rsi,validation,next_open,60,100,24,46,0.15217391304347827,1.05,0.004347826086956518,0.19999999999999984
usdchf,pullback_reversal_rsi,validation,next_open,60,100,48,42,0.35714285714285715,2.2499999999999996,0.11904761904761903,4.999999999999999
usdchf,pullback_reversal_rsi,validation,next_open,60,100,72,34,0.5,1.457142857142857,0.09411764705882353,3.1999999999999997
usdchf,pullback_reversal_rsi,validation,next_open,60,125,24,46,0.15217391304347827,3.36,0.051304347826086956,2.36
usdchf,pullback_reversal_rsi,validation,next_open,60,125,48,42,0.35714285714285715,1.8000000000000007,0.07619047619047618,3.1999999999999997
usdchf,pullback_reversal_rsi,validation,next_open,60,125,72,34,0.5,1.6320000000000001,0.09294117647058822,3.1599999999999997
usdchf,pullback_reversal_rsi,validation,next_open,75,40,24,46,0.0,0.0,-0.32608695652173914,-15.0
usdchf,pullback_reversal_rsi,validation,next_open,75,40,48,42,0.16666666666666666,0.7291666666666666,-0.11607142857142858,-4.875
usdchf,pullback_reversal_rsi,validation,next_open,75,40,72,34,0.3235294117647059,1.213235294117647,0.10661764705882353,3.625
usdchf,pullback_reversal_rsi,validation,next_open,75,50,24,46,0.0,0.0,-0.2826086956521739,-13.0
usdchf,pullback_reversal_rsi,validation,next_open,75,50,48,42,0.16666666666666666,0.7,-0.10714285714285714,-4.5
usdchf,pullback_reversal_rsi,validation,next_open,75,50,72,34,0.3235294117647059,1.1,0.04411764705882353,1.5
usdchf,pullback_reversal_rsi,validation,next_open,75,60,24,46,0.021739130434782608,0.1388888888888889,-0.16847826086956522,-7.75
usdchf,pullback_reversal_rsi,validation,next_open,75,60,48,42,0.19047619047619047,0.8333333333333334,-0.047619047619047616,-2.0
usdchf,pullback_reversal_rsi,validation,next_open,75,60,72,34,0.35294117647058826,1.1538461538461537,0.058823529411764705,2.0
usdchf,pullback_reversal_rsi,validation,next_open,75,75,24,46,0.021739130434782608,0.14285714285714285,-0.13043478260869565,-6.0
usdchf,pullback_reversal_rsi,validation,next_open,75,75,48,42,0.19047619047619047,1.0,0.0,0.0
usdchf,pullback_reversal_rsi,validation,next_open,75,75,72,34,0.35294117647058826,1.2,0.058823529411764705,2.0
usdchf,pullback_reversal_rsi,validation,next_open,75,100,24,46,0.021739130434782608,0.1875,-0.07065217391304347,-3.25
usdchf,pullback_reversal_rsi,validation,next_open,75,100,48,42,0.19047619047619047,1.5,0.047619047619047616,2.0
usdchf,pullback_reversal_rsi,validation,next_open,75,100,72,34,0.35294117647058826,1.125,0.029411764705882353,1.0
usdchf,pullback_reversal_rsi,validation,next_open,75,125,24,46,0.021739130434782608,0.6,-0.008695652173913044,-0.4
usdchf,pullback_reversal_rsi,validation,next_open,75,125,48,42,0.19047619047619047,1.2,0.019047619047619042,0.7999999999999998
usdchf,pullback_reversal_rsi,validation,next_open,75,125,72,34,0.35294117647058826,1.4399999999999997,0.06470588235294117,2.1999999999999997
usdchf,pullback_reversal_rsi,validation,next_open,100,40,24,46,0.0,0.0,-0.32608695652173914,-15.0
usdchf,pullback_reversal_rsi,validation,next_open,100,40,48,42,0.047619047619047616,0.2777777777777778,-0.30952380952380953,-13.0
usdchf,pullback_reversal_rsi,validation,next_open,100,40,72,34,0.08823529411764706,0.4411764705882353,-0.27941176470588236,-9.5
usdchf,pullback_reversal_rsi,validation,next_open,100,50,24,46,0.0,0.0,-0.2826086956521739,-13.0
usdchf,pullback_reversal_rsi,validation,next_open,100,50,48,42,0.047619047619047616,0.26666666666666666,-0.2619047619047619,-11.0
usdchf,pullback_reversal_rsi,validation,next_open,100,50,72,34,0.08823529411764706,0.4,-0.2647058823529412,-9.0
usdchf,pullback_reversal_rsi,validation,next_open,100,60,24,46,0.0,0.0,-0.1956521739130435,-9.0
usdchf,pullback_reversal_rsi,validation,next_open,100,60,48,42,0.047619047619047616,0.2777777777777778,-0.20634920634920634,-8.666666666666666
usdchf,pullback_reversal_rsi,validation,next_open,100,60,72,34,0.08823529411764706,0.38461538461538464,-0.23529411764705882,-8.0
usdchf,pullback_reversal_rsi,validation,next_open,100,75,24,46,0.0,0.0,-0.15217391304347827,-7.0
usdchf,pullback_reversal_rsi,validation,next_open,100,75,48,42,0.047619047619047616,0.3333333333333333,-0.126984126984127,-5.333333333333334
usdchf,pullback_reversal_rsi,validation,next_open,100,75,72,34,0.08823529411764706,0.4,-0.17647058823529413,-6.0
usdchf,pullback_reversal_rsi,validation,next_open,100,100,24,46,0.0,0.0,-0.08695652173913043,-4.0
usdchf,pullback_reversal_rsi,validation,next_open,100,100,48,42,0.047619047619047616,0.5,-0.047619047619047616,-2.0
usdchf,pullback_reversal_rsi,validation,next_open,100,100,72,34,0.08823529411764706,0.375,-0.14705882352941177,-5.0
usdchf,pullback_reversal_rsi,validation,next_open,100,125,24,46,0.0,0.0,-0.021739130434782608,-1.0
usdchf,pullback_reversal_rsi,validation,next_open,100,125,48,42,0.047619047619047616,0.4,-0.05714285714285714,-2.4
usdchf,pullback_reversal_rsi,validation,next_open,100,125,72,34,0.08823529411764706,0.4800000000000001,-0.07647058823529411,-2.5999999999999996
usdchf,pullback_reversal_rsi,validation,next_open,125,40,24,46,0.0,0.0,-0.32608695652173914,-15.0
usdchf,pullback_reversal_rsi,validation,next_open,125,40,48,42,0.023809523809523808,0.1736111111111111,-0.3541666666666667,-14.875
usdchf,pullback_reversal_rsi,validation,next_open,125,40,72,34,0.058823529411764705,0.36764705882352944,-0.3161764705882353,-10.75
usdchf,pullback_reversal_rsi,validation,next_open,125,50,24,46,0.0,0.0,-0.2826086956521739,-13.0
usdchf,pullback_reversal_rsi,validation,next_open,125,50,48,42,0.023809523809523808,0.16666666666666666,-0.2976190476190476,-12.5
usdchf,pullback_reversal_rsi,validation,next_open,125,50,72,34,0.058823529411764705,0.3333333333333333,-0.29411764705882354,-10.0
usdchf,pullback_reversal_rsi,validation,next_open,125,60,24,46,0.0,0.0,-0.1956521739130435,-9.0
usdchf,pullback_reversal_rsi,validation,next_open,125,60,48,42,0.023809523809523808,0.17361111111111113,-0.2361111111111111,-9.916666666666666
usdchf,pullback_reversal_rsi,validation,next_open,125,60,72,34,0.058823529411764705,0.32051282051282054,-0.2598039215686274,-8.833333333333332
usdchf,pullback_reversal_rsi,validation,next_open,125,75,24,46,0.0,0.0,-0.15217391304347827,-7.0
usdchf,pullback_reversal_rsi,validation,next_open,125,75,48,42,0.023809523809523808,0.20833333333333334,-0.15079365079365079,-6.333333333333333
usdchf,pullback_reversal_rsi,validation,next_open,125,75,72,34,0.058823529411764705,0.33333333333333337,-0.196078431372549,-6.666666666666666
usdchf,pullback_reversal_rsi,validation,next_open,125,100,24,46,0.0,0.0,-0.08695652173913043,-4.0
usdchf,pullback_reversal_rsi,validation,next_open,125,100,48,42,0.023809523809523808,0.3125,-0.06547619047619048,-2.75
usdchf,pullback_reversal_rsi,validation,next_open,125,100,72,34,0.058823529411764705,0.3125,-0.16176470588235295,-5.5
usdchf,pullback_reversal_rsi,validation,next_open,125,125,24,46,0.0,0.0,-0.021739130434782608,-1.0
usdchf,pullback_reversal_rsi,validation,next_open,125,125,48,42,0.023809523809523808,0.25,-0.07142857142857142,-3.0
usdchf,pullback_reversal_rsi,validation,next_open,125,125,72,34,0.058823529411764705,0.4,-0.08823529411764706,-3.0
usdchf,pullback_reversal_rsi,validation,break_signal_high,40,40,24,44,0.25,0.8461538461538461,-0.045454545454545456,-2.0
usdchf,pullback_reversal_rsi,validation,break_signal_high,40,40,48,41,0.4634146341463415,1.1875,0.07317073170731707,3.0
usdchf,pullback_reversal_rsi,validation,break_signal_high,40,40,72,33,0.48484848484848486,1.0,0.0,0.0
usdchf,pullback_reversal_rsi,validation,break_signal_high,40,50,24,44,0.25,0.7333333333333334,-0.07272727272727271,-3.1999999999999993
usdchf,pullback_reversal_rsi,validation,break_signal_high,40,50,48,41,0.4634146341463415,1.1692307692307695,0.05365853658536587,2.2000000000000006
usdchf,pullback_reversal_rsi,validation,break_signal_high,40,50,72,33,0.5151515151515151,0.9714285714285715,-0.012121212121212125,-0.40000000000000013
usdchf,pullback_reversal_rsi,validation,break_signal_high,40,60,24,44,0.29545454545454547,1.0833333333333333,0.01515151515151514,0.6666666666666662
usdchf,pullback_reversal_rsi,validation,break_signal_high,40,60,48,41,0.5121951219512195,1.2727272727272725,0.07317073170731705,2.999999999999999
usdchf,pullback_reversal_rsi,validation,break_signal_high,40,60,72,33,0.5757575757575758,1.1515151515151514,0.050505050505050476,1.6666666666666656
usdchf,pullback_reversal_rsi,validation,break_signal_high,40,75,24,44,0.29545454545454547,1.1555555555555554,0.02121212121212121,0.9333333333333332
usdchf,pullback_reversal_rsi,validation,break_signal_high,40,75,48,41,0.5121951219512195,1.5999999999999999,0.10243902439024391,4.2
usdchf,pullback_reversal_rsi,validation,break_signal_high,40,75,72,33,0.6060606060606061,1.3333333333333333,0.0808080808080808,2.6666666666666665
usdchf,pullback_reversal_rsi,validation,break_signal_high,40,100,24,44,0.29545454545454547,2.6000000000000005,0.07272727272727274,3.2
usdchf,pullback_reversal_rsi,validation,break_signal_high,40,100,48,41,0.5121951219512195,2.8000000000000007,0.13170731707317077,5.400000000000001
usdchf,pullback_reversal_rsi,validation,break_signal_high,40,100,72,33,0.6060606060606061,1.3333333333333337,0.06060606060606061,2.0
usdchf,pullback_reversal_rsi,validation,break_signal_high,40,125,24,44,0.29545454545454547,inf,0.09454545454545454,4.16
usdchf,pullback_reversal_rsi,validation,break_signal_high,40,125,48,41,0.5121951219512195,2.2400000000000007,0.09073170731707318,3.72
usdchf,pullback_reversal_rsi,validation,break_signal_high,40,125,72,33,0.6060606060606061,1.6000000000000003,0.07272727272727272,2.4
usdchf,pullback_reversal_rsi,validation,break_signal_high,50,40,24,44,0.18181818181818182,0.7692307692307693,-0.06818181818181818,-3.0
usdchf,pullback_reversal_rsi,validation,break_signal_high,50,40,48,41,0.36585365853658536,1.171875,0.06707317073170732,2.75
usdchf,pullback_reversal_rsi,validation,break_signal_high,50,40,72,33,0.45454545454545453,1.171875,0.08333333333333333,2.75
usdchf,pullback_reversal_rsi,validation,break_signal_high,50,50,24,44,0.18181818181818182,0.6666666666666666,-0.09090909090909091,-4.0
usdchf,pullback_reversal_rsi,validation,break_signal_high,50,50,48,41,0.36585365853658536,1.1538461538461537,0.04878048780487805,2.0
usdchf,pullback_reversal_rsi,validation,break_signal_high,50,50,72,33,0.48484848484848486,1.1428571428571428,0.06060606060606061,2.0
usdchf,pullback_reversal_rsi,validation,break_signal_high,50,60,24,44,0.22727272727272727,1.0416666666666667,0.007575757575757586,0.3333333333333338
usdchf,pullback_reversal_rsi,validation,break_signal_high,50,60,48,41,0.4146341463414634,1.287878787878788,0.0772357723577236,3.1666666666666674
usdchf,pullback_reversal_rsi,validation,break_signal_high,50,60,72,33,0.5454545454545454,1.3636363636363638,0.12121212121212124,4.000000000000001
usdchf,pullback_reversal_rsi,validation,break_signal_high,50,75,24,44,0.22727272727272727,1.1111111111111112,0.015151515151515145,0.6666666666666664
usdchf,pullback_reversal_rsi,validation,break_signal_high,50,75,48,41,0.4146341463414634,1.6190476190476188,0.1056910569105691,4.333333333333333
usdchf,pullback_reversal_rsi,validation,break_signal_high,50,75,72,33,0.5757575757575758,1.583333333333333,0.1414141414141414,4.666666666666666
usdchf,pullback_reversal_rsi,validation,break_signal_high,50,100,24,44,0.22727272727272727,2.5,0.06818181818181818,3.0
usdchf,pullback_reversal_rsi,validation,break_signal_high,50,100,48,41,0.4146341463414634,2.8333333333333335,0.13414634146341464,5.5
usdchf,pullback_reversal_rsi,validation,break_signal_high,50,100,72,33,0.5757575757575758,1.5833333333333333,0.10606060606060606,3.5
usdchf,pullback_reversal_rsi,validation,break_signal_high,50,125,24,44,0.22727272727272727,inf,0.09090909090909093,4.000000000000001
usdchf,pullback_reversal_rsi,validation,break_signal_high,50,125,48,41,0.4146341463414634,2.266666666666667,0.0926829268292683,3.8000000000000003
usdchf,pullback_reversal_rsi,validation,break_signal_high,50,125,72,33,0.5757575757575758,1.9000000000000004,0.1090909090909091,3.6
usdchf,pullback_reversal_rsi,validation,break_signal_high,60,40,24,44,0.09090909090909091,0.46153846153846156,-0.1590909090909091,-7.0
usdchf,pullback_reversal_rsi,validation,break_signal_high,60,40,48,41,0.2926829268292683,1.125,0.04878048780487805,2.0
usdchf,pullback_reversal_rsi,validation,break_signal_high,60,40,72,33,0.3939393939393939,1.1470588235294117,0.07575757575757576,2.5
usdchf,pullback_reversal_rsi,validation,break_signal_high,60,50,24,44,0.09090909090909091,0.39999999999999997,-0.16363636363636364,-7.2
usdchf,pullback_reversal_rsi,validation,break_signal_high,60,50,48,41,0.2926829268292683,1.1076923076923075,0.034146341463414616,1.3999999999999992
usdchf,pullback_reversal_rsi,validation,break_signal_high,60,50,72,33,0.3939393939393939,1.0399999999999998,0.01818181818181815,0.599999999999999
usdchf,pullback_reversal_rsi,validation,break_signal_high,60,60,24,44,0.13636363636363635,0.75,-0.045454545454545456,-2.0
usdchf,pullback_reversal_rsi,validation,break_signal_high,60,60,48,41,0.3170731707317073,1.1818181818181819,0.04878048780487805,2.0
usdchf,pullback_reversal_rsi,validation,break_signal_high,60,60,72,33,0.45454545454545453,1.25,0.09090909090909091,3.0
usdchf,pullback_reversal_rsi,validation,break_signal_high,60,75,24,44,0.13636363636363635,0.7999999999999999,-0.02727272727272727,-1.2
usdchf,pullback_reversal_rsi,validation,break_signal_high,60,75,48,41,0.3170731707317073,1.485714285714286,0.08292682926829269,3.4000000000000004
usdchf,pullback_reversal_rsi,validation,break_signal_high,60,75,72,33,0.48484848484848486,1.4222222222222223,0.1151515151515152,3.8000000000000016
usdchf,pullback_reversal_rsi,validation,break_signal_high,60,100,24,44,0.13636363636363635,1.8,0.03636363636363637,1.6
usdchf,pullback_reversal_rsi,validation,break_signal_high,60,100,48,41,0.3170731707317073,2.599999999999999,0.11707317073170731,4.8
usdchf,pullback_reversal_rsi,validation,break_signal_high,60,100,72,33,0.48484848484848486,1.3714285714285714,0.07878787878787877,2.599999999999999
usdchf,pullback_reversal_rsi,validation,break_signal_high,60,125,24,44,0.13636363636363635,inf,0.06545454545454545,2.88
usdchf,pullback_reversal_rsi,validation,break_signal_high,60,125,48,41,0.3170731707317073,2.0800000000000005,0.07902439024390244,3.2399999999999998
usdchf,pullback_reversal_rsi,validation,break_signal_high,60,125,72,33,0.48484848484848486,1.92,0.11151515151515151,3.6799999999999997
usdchf,pullback_reversal_rsi,validation,break_signal_high,75,40,24,44,0.0,0.0,-0.29545454545454547,-13.0
usdchf,pullback_reversal_rsi,validation,break_signal_high,75,40,48,41,0.17073170731707318,0.8203125,-0.0701219512195122,-2.875
usdchf,pullback_reversal_rsi,validation,break_signal_high,75,40,72,33,0.3333333333333333,1.213235294117647,0.10984848484848485,3.625
usdchf,pullback_reversal_rsi,validation,break_signal_high,75,50,24,44,0.0,0.0,-0.2727272727272727,-12.0
usdchf,pullback_reversal_rsi,validation,break_signal_high,75,50,48,41,0.17073170731707318,0.8076923076923077,-0.06097560975609756,-2.5
usdchf,pullback_reversal_rsi,validation,break_signal_high,75,50,72,33,0.3333333333333333,1.1,0.045454545454545456,1.5
usdchf,pullback_reversal_rsi,validation,break_signal_high,75,60,24,44,0.022727272727272728,0.15625,-0.1534090909090909,-6.75
usdchf,pullback_reversal_rsi,validation,break_signal_high,75,60,48,41,0.1951219512195122,0.9090909090909091,-0.024390243902439025,-1.0
usdchf,pullback_reversal_rsi,validation,break_signal_high,75,60,72,33,0.36363636363636365,1.25,0.09090909090909091,3.0
usdchf,pullback_reversal_rsi,validation,break_signal_high,75,75,24,44,0.022727272727272728,0.16666666666666666,-0.11363636363636363,-5.0
usdchf,pullback_reversal_rsi,validation,break_signal_high,75,75,48,41,0.1951219512195122,1.1428571428571428,0.024390243902439025,1.0
usdchf,pullback_reversal_rsi,validation,break_signal_high,75,75,72,33,0.36363636363636365,1.3333333333333333,0.09090909090909091,3.0
usdchf,pullback_reversal_rsi,validation,break_signal_high,75,100,24,44,0.022727272727272728,0.375,-0.028409090909090908,-1.25
usdchf,pullback_reversal_rsi,validation,break_signal_high,75,100,48,41,0.1951219512195122,2.0,0.07317073170731707,3.0
usdchf,pullback_reversal_rsi,validation,break_signal_high,75,100,72,33,0.36363636363636365,1.2857142857142858,0.06060606060606061,2.0
usdchf,pullback_reversal_rsi,validation,break_signal_high,75,125,24,44,0.022727272727272728,inf,0.013636363636363636,0.6
usdchf,pullback_reversal_rsi,validation,break_signal_high,75,125,48,41,0.1951219512195122,1.5999999999999999,0.04390243902439024,1.7999999999999998
usdchf,pullback_reversal_rsi,validation,break_signal_high,75,125,72,33,0.36363636363636365,1.7999999999999996,0.09696969696969697,3.2
usdchf,pullback_reversal_rsi,validation,break_signal_high,100,40,24,44,0.0,0.0,-0.29545454545454547,-13.0
usdchf,pullback_reversal_rsi,validation,break_signal_high,100,40,48,41,0.024390243902439025,0.15625,-0.32926829268292684,-13.5
usdchf,pullback_reversal_rsi,validation,break_signal_high,100,40,72,33,0.09090909090909091,0.4166666666666667,-0.3181818181818182,-10.5
usdchf,pullback_reversal_rsi,validation,break_signal_high,100,50,24,44,0.0,0.0,-0.2727272727272727,-12.0
usdchf,pullback_reversal_rsi,validation,break_signal_high,100,50,48,41,0.024390243902439025,0.15384615384615385,-0.2682926829268293,-11.0
usdchf,pullback_reversal_rsi,validation,break_signal_high,100,50,72,33,0.09090909090909091,0.4,-0.2727272727272727,-9.0
usdchf,pullback_reversal_rsi,validation,break_signal_high,100,60,24,44,0.0,0.0,-0.18181818181818182,-8.0
usdchf,pullback_reversal_rsi,validation,break_signal_high,100,60,48,41,0.024390243902439025,0.15151515151515152,-0.2276422764227642,-9.333333333333332
usdchf,pullback_reversal_rsi,validation,break_signal_high,100,60,72,33,0.09090909090909091,0.4166666666666667,-0.2121212121212121,-6.999999999999999
usdchf,pullback_reversal_rsi,validation,break_signal_high,100,75,24,44,0.0,0.0,-0.13636363636363635,-6.0
usdchf,pullback_reversal_rsi,validation,break_signal_high,100,75,48,41,0.024390243902439025,0.19047619047619047,-0.13821138211382114,-5.666666666666667
usdchf,pullback_reversal_rsi,validation,break_signal_high,100,75,72,33,0.09090909090909091,0.4444444444444444,-0.15151515151515152,-5.0
usdchf,pullback_reversal_rsi,validation,break_signal_high,100,100,24,44,0.0,0.0,-0.045454545454545456,-2.0
usdchf,pullback_reversal_rsi,validation,break_signal_high,100,100,48,41,0.024390243902439025,0.3333333333333333,-0.04878048780487805,-2.0
usdchf,pullback_reversal_rsi,validation,break_signal_high,100,100,72,33,0.09090909090909091,0.42857142857142855,-0.12121212121212122,-4.0
usdchf,pullback_reversal_rsi,validation,break_signal_high,100,125,24,44,0.0,inf,0.0,0.0
usdchf,pullback_reversal_rsi,validation,break_signal_high,100,125,48,41,0.024390243902439025,0.26666666666666666,-0.05365853658536586,-2.2
usdchf,pullback_reversal_rsi,validation,break_signal_high,100,125,72,33,0.09090909090909091,0.6000000000000001,-0.048484848484848485,-1.6
usdchf,pullback_reversal_rsi,validation,break_signal_high,125,40,24,44,0.0,0.0,-0.29545454545454547,-13.0
usdchf,pullback_reversal_rsi,validation,break_signal_high,125,40,48,41,0.024390243902439025,0.1953125,-0.31402439024390244,-12.875
usdchf,pullback_reversal_rsi,validation,break_signal_high,125,40,72,33,0.06060606060606061,0.3472222222222222,-0.3560606060606061,-11.75
usdchf,pullback_reversal_rsi,validation,break_signal_high,125,50,24,44,0.0,0.0,-0.2727272727272727,-12.0
usdchf,pullback_reversal_rsi,validation,break_signal_high,125,50,48,41,0.024390243902439025,0.19230769230769232,-0.25609756097560976,-10.5
usdchf,pullback_reversal_rsi,validation,break_signal_high,125,50,72,33,0.06060606060606061,0.3333333333333333,-0.30303030303030304,-10.0
usdchf,pullback_reversal_rsi,validation,break_signal_high,125,60,24,44,0.0,0.0,-0.18181818181818182,-8.0
usdchf,pullback_reversal_rsi,validation,break_signal_high,125,60,48,41,0.024390243902439025,0.18939393939393942,-0.21747967479674796,-8.916666666666666
usdchf,pullback_reversal_rsi,validation,break_signal_high,125,60,72,33,0.06060606060606061,0.34722222222222227,-0.23737373737373738,-7.833333333333333
usdchf,pullback_reversal_rsi,validation,break_signal_high,125,75,24,44,0.0,0.0,-0.13636363636363635,-6.0
usdchf,pullback_reversal_rsi,validation,break_signal_high,125,75,48,41,0.024390243902439025,0.2380952380952381,-0.13008130081300812,-5.333333333333333
usdchf,pullback_reversal_rsi,validation,break_signal_high,125,75,72,33,0.06060606060606061,0.3703703703703704,-0.1717171717171717,-5.666666666666666
usdchf,pullback_reversal_rsi,validation,break_signal_high,125,100,24,44,0.0,0.0,-0.045454545454545456,-2.0
usdchf,pullback_reversal_rsi,validation,break_signal_high,125,100,48,41,0.024390243902439025,0.4166666666666667,-0.042682926829268296,-1.75
usdchf,pullback_reversal_rsi,validation,break_signal_high,125,100,72,33,0.06060606060606061,0.35714285714285715,-0.13636363636363635,-4.5
usdchf,pullback_reversal_rsi,validation,break_signal_high,125,125,24,44,0.0,inf,0.0,0.0
usdchf,pullback_reversal_rsi,validation,break_signal_high,125,125,48,41,0.024390243902439025,0.3333333333333333,-0.04878048780487805,-2.0
usdchf,pullback_reversal_rsi,validation,break_signal_high,125,125,72,33,0.06060606060606061,0.5,-0.06060606060606061,-2.0
usdchf,pullback_reversal_rsi,validation,confirm_1bar,40,40,24,37,0.3783783783783784,2.0,0.1891891891891892,7.0
usdchf,pullback_reversal_rsi,validation,confirm_1bar,40,40,48,32,0.59375,2.111111111111111,0.3125,10.0
usdchf,pullback_reversal_rsi,validation,confirm_1bar,40,40,72,29,0.6206896551724138,1.8,0.27586206896551724,8.0
usdchf,pullback_reversal_rsi,validation,confirm_1bar,40,50,24,37,0.3783783783783784,1.8666666666666671,0.14054054054054055,5.2
usdchf,pullback_reversal_rsi,validation,confirm_1bar,40,50,48,32,0.59375,2.5333333333333337,0.28750000000000003,9.200000000000001
usdchf,pullback_reversal_rsi,validation,confirm_1bar,40,50,72,29,0.6551724137931034,1.688888888888889,0.21379310344827587,6.2
usdchf,pullback_reversal_rsi,validation,confirm_1bar,40,60,24,37,0.3783783783783784,1.8666666666666665,0.11711711711711711,4.333333333333333
usdchf,pullback_reversal_rsi,validation,confirm_1bar,40,60,48,32,0.59375,2.5333333333333328,0.23958333333333331,7.666666666666666
usdchf,pullback_reversal_rsi,validation,confirm_1bar,40,60,72,29,0.6896551724137931,1.6666666666666663,0.18390804597701146,5.333333333333332
usdchf,pullback_reversal_rsi,validation,confirm_1bar,40,75,24,37,0.40540540540540543,3.9999999999999996,0.16216216216216217,6.0
usdchf,pullback_reversal_rsi,validation,confirm_1bar,40,75,48,32,0.625,5.333333333333333,0.27083333333333337,8.666666666666668
usdchf,pullback_reversal_rsi,validation,confirm_1bar,40,75,72,29,0.7241379310344828,3.733333333333333,0.2827586206896552,8.200000000000001
usdchf,pullback_reversal_rsi,validation,confirm_1bar,40,100,24,37,0.40540540540540543,3.000000000000001,0.10810810810810811,4.0
usdchf,pullback_reversal_rsi,validation,confirm_1bar,40,100,48,32,0.625,8.000000000000002,0.21875,7.0
usdchf,pullback_reversal_rsi,validation,confirm_1bar,40,100,72,29,0.7241379310344828,2.8000000000000007,0.18620689655172418,5.400000000000001
usdchf,pullback_reversal_rsi,validation,confirm_1bar,40,125,24,37,0.40540540540540543,inf,0.12972972972972974,4.800000000000001
usdchf,pullback_reversal_rsi,validation,confirm_1bar,40,125,48,32,0.625,6.400000000000001,0.16875,5.4
usdchf,pullback_reversal_rsi,validation,confirm_1bar,40,125,72,29,0.7241379310344828,3.3600000000000008,0.1627586206896552,4.720000000000001
usdchf,pullback_reversal_rsi,validation,confirm_1bar,50,40,24,37,0.1891891891891892,1.25,0.0472972972972973,1.75
usdchf,pullback_reversal_rsi,validation,confirm_1bar,50,40,48,32,0.34375,1.375,0.1171875,3.75
usdchf,pullback_reversal_rsi,validation,confirm_1bar,50,40,72,29,0.4827586206896552,1.4583333333333333,0.1896551724137931,5.5
usdchf,pullback_reversal_rsi,validation,confirm_1bar,50,50,24,37,0.1891891891891892,1.1666666666666667,0.02702702702702703,1.0
usdchf,pullback_reversal_rsi,validation,confirm_1bar,50,50,48,32,0.34375,1.8333333333333333,0.15625,5.0
usdchf,pullback_reversal_rsi,validation,confirm_1bar,50,50,72,29,0.5172413793103449,1.3636363636363635,0.13793103448275862,4.0
usdchf,pullback_reversal_rsi,validation,confirm_1bar,50,60,24,37,0.1891891891891892,1.1666666666666665,0.02252252252252253,0.8333333333333336
usdchf,pullback_reversal_rsi,validation,confirm_1bar,50,60,48,32,0.34375,1.8333333333333335,0.13020833333333334,4.166666666666667
usdchf,pullback_reversal_rsi,validation,confirm_1bar,50,60,72,29,0.5517241379310345,1.3333333333333335,0.11494252873563221,3.333333333333334
usdchf,pullback_reversal_rsi,validation,confirm_1bar,50,75,24,37,0.21621621621621623,2.6666666666666665,0.09009009009009009,3.333333333333333
usdchf,pullback_reversal_rsi,validation,confirm_1bar,50,75,48,32,0.375,4.0,0.1875,6.0
usdchf,pullback_reversal_rsi,validation,confirm_1bar,50,75,72,29,0.5862068965517241,2.2666666666666666,0.21839080459770116,6.333333333333334
usdchf,pullback_reversal_rsi,validation,confirm_1bar,50,100,24,37,0.21621621621621623,2.0,0.05405405405405406,2.0
usdchf,pullback_reversal_rsi,validation,confirm_1bar,50,100,48,32,0.375,6.0,0.15625,5.0
usdchf,pullback_reversal_rsi,validation,confirm_1bar,50,100,72,29,0.5862068965517241,1.7,0.1206896551724138,3.5
usdchf,pullback_reversal_rsi,validation,confirm_1bar,50,125,24,37,0.21621621621621623,inf,0.08648648648648649,3.2
usdchf,pullback_reversal_rsi,validation,confirm_1bar,50,125,48,32,0.375,4.800000000000001,0.11875000000000002,3.8000000000000007
usdchf,pullback_reversal_rsi,validation,confirm_1bar,50,125,72,29,0.5862068965517241,2.266666666666667,0.1310344827586207,3.8000000000000003
usdchf,pullback_reversal_rsi,validation,confirm_1bar,60,40,24,37,0.10810810810810811,0.8571428571428571,-0.02702702702702703,-1.0
usdchf,pullback_reversal_rsi,validation,confirm_1bar,60,40,48,32,0.34375,1.65,0.203125,6.5
usdchf,pullback_reversal_rsi,validation,confirm_1bar,60,40,72,29,0.41379310344827586,1.5,0.20689655172413793,6.0
usdchf,pullback_reversal_rsi,validation,confirm_1bar,60,50,24,37,0.10810810810810811,0.7999999999999999,-0.03243243243243244,-1.2000000000000004
usdchf,pullback_reversal_rsi,validation,confirm_1bar,60,50,48,32,0.34375,2.1999999999999997,0.22499999999999998,7.199999999999999
usdchf,pullback_reversal_rsi,validation,confirm_1bar,60,50,72,29,0.41379310344827586,1.3090909090909089,0.11724137931034481,3.3999999999999995
usdchf,pullback_reversal_rsi,validation,confirm_1bar,60,60,24,37,0.10810810810810811,0.8,-0.02702702702702703,-1.0
usdchf,pullback_reversal_rsi,validation,confirm_1bar,60,60,48,32,0.34375,2.2,0.1875,6.0
usdchf,pullback_reversal_rsi,validation,confirm_1bar,60,60,72,29,0.4482758620689655,1.3,0.10344827586206896,3.0
usdchf,pullback_reversal_rsi,validation,confirm_1bar,60,75,24,37,0.10810810810810811,1.6,0.032432432432432434,1.2000000000000002
usdchf,pullback_reversal_rsi,validation,confirm_1bar,60,75,48,32,0.34375,4.4,0.21250000000000002,6.800000000000001
usdchf,pullback_reversal_rsi,validation,confirm_1bar,60,75,72,29,0.4827586206896552,2.2400000000000007,0.21379310344827587,6.2
usdchf,pullback_reversal_rsi,validation,confirm_1bar,60,100,24,37,0.10810810810810811,1.2,0.010810810810810811,0.4
usdchf,pullback_reversal_rsi,validation,confirm_1bar,60,100,48,32,0.34375,6.599999999999999,0.175,5.6
usdchf,pullback_reversal_rsi,validation,confirm_1bar,60,100,72,29,0.4827586206896552,1.6799999999999997,0.11724137931034483,3.4
usdchf,pullback_reversal_rsi,validation,confirm_1bar,60,125,24,37,0.10810810810810811,inf,0.05189189189189189,1.92
usdchf,pullback_reversal_rsi,validation,confirm_1bar,60,125,48,32,0.34375,5.280000000000001,0.13374999999999998,4.279999999999999
usdchf,pullback_reversal_rsi,validation,confirm_1bar,60,125,72,29,0.4827586206896552,2.2400000000000007,0.12827586206896552,3.7199999999999998
usdchf,pullback_reversal_rsi,validation,confirm_1bar,75,40,24,37,0.08108108108108109,0.8035714285714286,-0.037162162162162164,-1.375
usdchf,pullback_reversal_rsi,validation,confirm_1bar,75,40,48,32,0.21875,1.3125,0.09765625,3.125
usdchf,pullback_reversal_rsi,validation,confirm_1bar,75,40,72,29,0.3793103448275862,1.71875,0.2974137931034483,8.625
usdchf,pullback_reversal_rsi,validation,confirm_1bar,75,50,24,37,0.08108108108108109,0.75,-0.04054054054054054,-1.5
usdchf,pullback_reversal_rsi,validation,confirm_1bar,75,50,48,32,0.21875,1.75,0.140625,4.5
usdchf,pullback_reversal_rsi,validation,confirm_1bar,75,50,72,29,0.3793103448275862,1.5,0.1896551724137931,5.5
usdchf,pullback_reversal_rsi,validation,confirm_1bar,75,60,24,37,0.08108108108108109,0.75,-0.033783783783783786,-1.25
usdchf,pullback_reversal_rsi,validation,confirm_1bar,75,60,48,32,0.21875,1.75,0.1171875,3.75
usdchf,pullback_reversal_rsi,validation,confirm_1bar,75,60,72,29,0.41379310344827586,1.5,0.1724137931034483,5.0
usdchf,pullback_reversal_rsi,validation,confirm_1bar,75,75,24,37,0.08108108108108109,1.5,0.02702702702702703,1.0
usdchf,pullback_reversal_rsi,validation,confirm_1bar,75,75,48,32,0.21875,3.5,0.15625,5.0
usdchf,pullback_reversal_rsi,validation,confirm_1bar,75,75,72,29,0.41379310344827586,2.4,0.2413793103448276,7.0
usdchf,pullback_reversal_rsi,validation,confirm_1bar,75,100,24,37,0.08108108108108109,1.125,0.006756756756756757,0.25
usdchf,pullback_reversal_rsi,validation,confirm_1bar,75,100,48,32,0.21875,5.25,0.1328125,4.25
usdchf,pullback_reversal_rsi,validation,confirm_1bar,75,100,72,29,0.41379310344827586,1.8,0.13793103448275862,4.0
usdchf,pullback_reversal_rsi,validation,confirm_1bar,75,125,24,37,0.08108108108108109,inf,0.048648648648648644,1.7999999999999998
usdchf,pullback_reversal_rsi,validation,confirm_1bar,75,125,48,32,0.21875,4.2,0.09999999999999999,3.1999999999999997
usdchf,pullback_reversal_rsi,validation,confirm_1bar,75,125,72,29,0.41379310344827586,2.3999999999999995,0.14482758620689656,4.2
usdchf,pullback_reversal_rsi,validation,confirm_1bar,100,40,24,37,0.02702702702702703,0.3125,-0.14864864864864866,-5.5
usdchf,pullback_reversal_rsi,validation,confirm_1bar,100,40,48,32,0.09375,0.6818181818181818,-0.109375,-3.5
usdchf,pullback_reversal_rsi,validation,confirm_1bar,100,40,72,29,0.10344827586206896,0.5357142857142857,-0.22413793103448276,-6.5
usdchf,pullback_reversal_rsi,validation,confirm_1bar,100,50,24,37,0.02702702702702703,0.2857142857142857,-0.13513513513513514,-5.0
usdchf,pullback_reversal_rsi,validation,confirm_1bar,100,50,48,32,0.09375,0.8571428571428571,-0.03125,-1.0
usdchf,pullback_reversal_rsi,validation,confirm_1bar,100,50,72,29,0.10344827586206896,0.5,-0.20689655172413793,-6.0
usdchf,pullback_reversal_rsi,validation,confirm_1bar,100,60,24,37,0.02702702702702703,0.2777777777777778,-0.11711711711711711,-4.333333333333333
usdchf,pullback_reversal_rsi,validation,confirm_1bar,100,60,48,32,0.09375,0.8333333333333334,-0.031249999999999986,-0.9999999999999996
usdchf,pullback_reversal_rsi,validation,confirm_1bar,100,60,72,29,0.10344827586206896,0.45454545454545453,-0.2068965517241379,-5.999999999999999
usdchf,pullback_reversal_rsi,validation,confirm_1bar,100,75,24,37,0.02702702702702703,0.6666666666666666,-0.01801801801801802,-0.6666666666666667
usdchf,pullback_reversal_rsi,validation,confirm_1bar,100,75,48,32,0.09375,2.0,0.06249999999999999,1.9999999999999998
usdchf,pullback_reversal_rsi,validation,confirm_1bar,100,75,72,29,0.10344827586206896,0.8,-0.03448275862068966,-1.0000000000000002
usdchf,pullback_reversal_rsi,validation,confirm_1bar,100,100,24,37,0.02702702702702703,0.5,-0.02702702702702703,-1.0
usdchf,pullback_reversal_rsi,validation,confirm_1bar,100,100,48,32,0.09375,3.0,0.0625,2.0
usdchf,pullback_reversal_rsi,validation,confirm_1bar,100,100,72,29,0.10344827586206896,0.6,-0.06896551724137931,-2.0
usdchf,pullback_reversal_rsi,validation,confirm_1bar,100,125,24,37,0.02702702702702703,inf,0.021621621621621623,0.8
usdchf,pullback_reversal_rsi,validation,confirm_1bar,100,125,48,32,0.09375,2.4000000000000004,0.043750000000000004,1.4000000000000001
usdchf,pullback_reversal_rsi,validation,confirm_1bar,100,125,72,29,0.10344827586206896,0.8000000000000002,-0.02068965517241379,-0.5999999999999999
usdchf,pullback_reversal_rsi,validation,confirm_1bar,125,40,24,37,0.0,0.0,-0.21621621621621623,-8.0
usdchf,pullback_reversal_rsi,validation,confirm_1bar,125,40,48,32,0.03125,0.2840909090909091,-0.24609375,-7.875
usdchf,pullback_reversal_rsi,validation,confirm_1bar,125,40,72,29,0.06896551724137931,0.44642857142857145,-0.2672413793103448,-7.75
usdchf,pullback_reversal_rsi,validation,confirm_1bar,125,50,24,37,0.0,0.0,-0.1891891891891892,-7.0
usdchf,pullback_reversal_rsi,validation,confirm_1bar,125,50,48,32,0.03125,0.35714285714285715,-0.140625,-4.5
usdchf,pullback_reversal_rsi,validation,confirm_1bar,125,50,72,29,0.06896551724137931,0.4166666666666667,-0.2413793103448276,-7.0
usdchf,pullback_reversal_rsi,validation,confirm_1bar,125,60,24,37,0.0,0.0,-0.16216216216216217,-6.0
usdchf,pullback_reversal_rsi,validation,confirm_1bar,125,60,48,32,0.03125,0.34722222222222227,-0.12239583333333333,-3.9166666666666665
usdchf,pullback_reversal_rsi,validation,confirm_1bar,125,60,72,29,0.06896551724137931,0.37878787878787884,-0.23563218390804594,-6.833333333333332
usdchf,pullback_reversal_rsi,validation,confirm_1bar,125,75,24,37,0.0,0.0,-0.05405405405405406,-2.0
usdchf,pullback_reversal_rsi,validation,confirm_1bar,125,75,48,32,0.03125,0.8333333333333334,-0.010416666666666664,-0.33333333333333326
usdchf,pullback_reversal_rsi,validation,confirm_1bar,125,75,72,29,0.06896551724137931,0.6666666666666667,-0.05747126436781608,-1.6666666666666663
usdchf,pullback_reversal_rsi,validation,confirm_1bar,125,100,24,37,0.0,0.0,-0.05405405405405406,-2.0
usdchf,pullback_reversal_rsi,validation,confirm_1bar,125,100,48,32,0.03125,1.25,0.0078125,0.25
usdchf,pullback_reversal_rsi,validation,confirm_1bar,125,100,72,29,0.06896551724137931,0.5,-0.08620689655172414,-2.5
usdchf,pullback_reversal_rsi,validation,confirm_1bar,125,125,24,37,0.0,inf,0.0,0.0
usdchf,pullback_reversal_rsi,validation,confirm_1bar,125,125,48,32,0.03125,1.0,0.0,0.0
usdchf,pullback_reversal_rsi,validation,confirm_1bar,125,125,72,29,0.06896551724137931,0.6666666666666666,-0.034482758620689655,-1.0
usdchf,pullback_reversal_rsi,oos,next_open,40,40,24,50,0.26,1.4444444444444444,0.08,4.0
usdchf,pullback_reversal_rsi,oos,next_open,40,40,48,35,0.42857142857142855,1.5,0.14285714285714285,5.0
usdchf,pullback_reversal_rsi,oos,next_open,40,40,72,31,0.5161290322580645,1.6,0.1935483870967742,6.0
usdchf,pullback_reversal_rsi,oos,next_open,40,50,24,50,0.26,2.6000000000000005,0.128,6.4
usdchf,pullback_reversal_rsi,oos,next_open,40,50,48,35,0.42857142857142855,2.0000000000000004,0.17142857142857146,6.000000000000001
usdchf,pullback_reversal_rsi,oos,next_open,40,50,72,31,0.5483870967741935,1.7000000000000002,0.1806451612903226,5.6000000000000005
usdchf,pullback_reversal_rsi,oos,next_open,40,60,24,50,0.26,4.333333333333333,0.13333333333333333,6.666666666666666
usdchf,pullback_reversal_rsi,oos,next_open,40,60,48,35,0.42857142857142855,1.6666666666666663,0.11428571428571425,3.999999999999999
usdchf,pullback_reversal_rsi,oos,next_open,40,60,72,31,0.5483870967741935,1.4166666666666665,0.10752688172043007,3.333333333333332
usdchf,pullback_reversal_rsi,oos,next_open,40,75,24,50,0.26,3.4666666666666663,0.09866666666666667,4.933333333333334
usdchf,pullback_reversal_rsi,oos,next_open,40,75,48,35,0.42857142857142855,1.9999999999999998,0.11428571428571428,4.0
usdchf,pullback_reversal_rsi,oos,next_open,40,75,72,31,0.5483870967741935,1.511111111111111,0.0989247311827957,3.0666666666666664
usdchf,pullback_reversal_rsi,oos,next_open,40,100,24,50,0.26,5.200000000000001,0.084,4.2
usdchf,pullback_reversal_rsi,oos,next_open,40,100,48,35,0.42857142857142855,2.0000000000000004,0.08571428571428574,3.000000000000001
usdchf,pullback_reversal_rsi,oos,next_open,40,100,72,31,0.5483870967741935,1.36,0.05806451612903227,1.8000000000000003
usdchf,pullback_reversal_rsi,oos,next_open,40,125,24,50,0.26,inf,0.0832,4.16
usdchf,pullback_reversal_rsi,oos,next_open,40,125,48,35,0.42857142857142855,2.4,0.08,2.8000000000000003
usdchf,pullback_reversal_rsi,oos,next_open,40,125,72,31,0.5483870967741935,2.72,0.11096774193548388,3.4400000000000004
usdchf,pullback_reversal_rsi,oos,next_open,50,40,24,50,0.12,0.8333333333333334,-0.03,-1.5
usdchf,pullback_reversal_rsi,oos,next_open,50,40,48,35,0.34285714285714286,1.5,0.14285714285714285,5.0
usdchf,pullback_reversal_rsi,oos,next_open,50,40,72,31,0.41935483870967744,1.625,0.20161290322580644,6.25
usdchf,pullback_reversal_rsi,oos,next_open,50,50,24,50,0.12,1.5,0.04,2.0
usdchf,pullback_reversal_rsi,oos,next_open,50,50,48,35,0.34285714285714286,2.0,0.17142857142857143,6.0
usdchf,pullback_reversal_rsi,oos,next_open,50,50,72,31,0.41935483870967744,1.625,0.16129032258064516,5.0
usdchf,pullback_reversal_rsi,oos,next_open,50,60,24,50,0.12,2.5,0.06000000000000001,3.0000000000000004
usdchf,pullback_reversal_rsi,oos,next_open,50,60,48,35,0.34285714285714286,1.666666666666667,0.11428571428571431,4.000000000000001
usdchf,pullback_reversal_rsi,oos,next_open,50,60,72,31,0.41935483870967744,1.354166666666667,0.09139784946236562,2.8333333333333344
usdchf,pullback_reversal_rsi,oos,next_open,50,75,24,50,0.12,1.9999999999999998,0.039999999999999994,1.9999999999999996
usdchf,pullback_reversal_rsi,oos,next_open,50,75,48,35,0.34285714285714286,2.0,0.11428571428571425,3.999999999999999
usdchf,pullback_reversal_rsi,oos,next_open,50,75,72,31,0.41935483870967744,1.4444444444444444,0.08602150537634405,2.6666666666666656
usdchf,pullback_reversal_rsi,oos,next_open,50,100,24,50,0.12,3.0,0.04,2.0
usdchf,pullback_reversal_rsi,oos,next_open,50,100,48,35,0.34285714285714286,2.0,0.08571428571428572,3.0
usdchf,pullback_reversal_rsi,oos,next_open,50,100,72,31,0.41935483870967744,1.3,0.04838709677419355,1.5
usdchf,pullback_reversal_rsi,oos,next_open,50,125,24,50,0.12,inf,0.048,2.4
usdchf,pullback_reversal_rsi,oos,next_open,50,125,48,35,0.34285714285714286,2.4000000000000004,0.08,2.8
usdchf,pullback_reversal_rsi,oos,next_open,50,125,72,31,0.41935483870967744,2.6000000000000005,0.1032258064516129,3.2
usdchf,pullback_reversal_rsi,oos,next_open,60,40,24,50,0.08,0.6666666666666666,-0.06,-3.0
usdchf,pullback_reversal_rsi,oos,next_open,60,40,48,35,0.22857142857142856,1.2,0.05714285714285714,2.0
usdchf,pullback_reversal_rsi,oos,next_open,60,40,72,31,0.3548387096774194,1.65,0.20967741935483872,6.5
usdchf,pullback_reversal_rsi,oos,next_open,60,50,24,50,0.08,1.2,0.015999999999999997,0.7999999999999998
usdchf,pullback_reversal_rsi,oos,next_open,60,50,48,35,0.22857142857142856,1.5999999999999999,0.10285714285714284,3.5999999999999996
usdchf,pullback_reversal_rsi,oos,next_open,60,50,72,31,0.3548387096774194,1.6499999999999997,0.16774193548387098,5.2
usdchf,pullback_reversal_rsi,oos,next_open,60,60,24,50,0.08,2.0,0.04,2.0
usdchf,pullback_reversal_rsi,oos,next_open,60,60,48,35,0.22857142857142856,1.3333333333333333,0.05714285714285714,2.0
usdchf,pullback_reversal_rsi,oos,next_open,60,60,72,31,0.3548387096774194,1.375,0.0967741935483871,3.0
usdchf,pullback_reversal_rsi,oos,next_open,60,75,24,50,0.08,1.6,0.024000000000000004,1.2000000000000002
usdchf,pullback_reversal_rsi,oos,next_open,60,75,48,35,0.22857142857142856,1.6,0.06857142857142857,2.4000000000000004
usdchf,pullback_reversal_rsi,oos,next_open,60,75,72,31,0.3548387096774194,1.4666666666666668,0.09032258064516129,2.8
usdchf,pullback_reversal_rsi,oos,next_open,60,100,24,50,0.08,2.4,0.027999999999999997,1.4
usdchf,pullback_reversal_rsi,oos,next_open,60,100,48,35,0.22857142857142856,1.5999999999999999,0.05142857142857142,1.7999999999999998
usdchf,pullback_reversal_rsi,oos,next_open,60,100,72,31,0.3548387096774194,1.3199999999999998,0.05161290322580645,1.6
usdchf,pullback_reversal_rsi,oos,next_open,60,125,24,50,0.08,inf,0.0384,1.92
usdchf,pullback_reversal_rsi,oos,next_open,60,125,48,35,0.22857142857142856,1.92,0.05257142857142857,1.8399999999999999
usdchf,pullback_reversal_rsi,oos,next_open,60,125,72,31,0.3548387096774194,2.6400000000000006,0.10580645161290321,3.2799999999999994
usdchf,pullback_reversal_rsi,oos,next_open,75,40,24,50,0.04,0.4166666666666667,-0.105,-5.25
usdchf,pullback_reversal_rsi,oos,next_open,75,40,48,35,0.14285714285714285,0.9375,-0.017857142857142856,-0.625
usdchf,pullback_reversal_rsi,oos,next_open,75,40,72,31,0.1935483870967742,1.0227272727272727,0.008064516129032258,0.25
usdchf,pullback_reversal_rsi,oos,next_open,75,50,24,50,0.04,0.75,-0.02,-1.0
usdchf,pullback_reversal_rsi,oos,next_open,75,50,48,35,0.14285714285714285,1.25,0.04285714285714286,1.5
usdchf,pullback_reversal_rsi,oos,next_open,75,50,72,31,0.1935483870967742,1.125,0.03225806451612903,1.0
usdchf,pullback_reversal_rsi,oos,next_open,75,60,24,50,0.04,1.25,0.01,0.5
usdchf,pullback_reversal_rsi,oos,next_open,75,60,48,35,0.14285714285714285,1.0416666666666667,0.007142857142857143,0.25
usdchf,pullback_reversal_rsi,oos,next_open,75,60,72,31,0.1935483870967742,0.9375,-0.016129032258064516,-0.5
usdchf,pullback_reversal_rsi,oos,next_open,75,75,24,50,0.04,1.0,0.0,0.0
usdchf,pullback_reversal_rsi,oos,next_open,75,75,48,35,0.14285714285714285,1.25,0.02857142857142857,1.0
usdchf,pullback_reversal_rsi,oos,next_open,75,75,72,31,0.1935483870967742,1.0,0.0,0.0
usdchf,pullback_reversal_rsi,oos,next_open,75,100,24,50,0.04,1.5,0.01,0.5
usdchf,pullback_reversal_rsi,oos,next_open,75,100,48,35,0.14285714285714285,1.25,0.02142857142857143,0.75
usdchf,pullback_reversal_rsi,oos,next_open,75,100,72,31,0.1935483870967742,0.9,-0.016129032258064516,-0.5
usdchf,pullback_reversal_rsi,oos,next_open,75,125,24,50,0.04,inf,0.024,1.2
usdchf,pullback_reversal_rsi,oos,next_open,75,125,48,35,0.14285714285714285,1.5,0.02857142857142857,1.0
usdchf,pullback_reversal_rsi,oos,next_open,75,125,72,31,0.1935483870967742,1.8,0.05161290322580645,1.6
usdchf,pullback_reversal_rsi,oos,next_open,100,40,24,50,0.02,0.2777777777777778,-0.13,-6.5
usdchf,pullback_reversal_rsi,oos,next_open,100,40,48,35,0.08571428571428572,0.75,-0.07142857142857142,-2.5
usdchf,pullback_reversal_rsi,oos,next_open,100,40,72,31,0.16129032258064516,1.1363636363636365,0.04838709677419355,1.5
usdchf,pullback_reversal_rsi,oos,next_open,100,50,24,50,0.02,0.5,-0.04,-2.0
usdchf,pullback_reversal_rsi,oos,next_open,100,50,48,35,0.08571428571428572,1.0,0.0,0.0
usdchf,pullback_reversal_rsi,oos,next_open,100,50,72,31,0.16129032258064516,1.25,0.06451612903225806,2.0
usdchf,pullback_reversal_rsi,oos,next_open,100,60,24,50,0.02,0.8333333333333334,-0.006666666666666665,-0.33333333333333326
usdchf,pullback_reversal_rsi,oos,next_open,100,60,48,35,0.08571428571428572,0.8333333333333334,-0.02857142857142856,-0.9999999999999996
usdchf,pullback_reversal_rsi,oos,next_open,100,60,72,31,0.16129032258064516,1.0416666666666667,0.010752688172043022,0.3333333333333337
usdchf,pullback_reversal_rsi,oos,next_open,100,75,24,50,0.02,0.6666666666666666,-0.013333333333333334,-0.6666666666666667
usdchf,pullback_reversal_rsi,oos,next_open,100,75,48,35,0.08571428571428572,1.0,-6.3441315692866086e-18,-2.220446049250313e-16
usdchf,pullback_reversal_rsi,oos,next_open,100,75,72,31,0.16129032258064516,1.111111111111111,0.02150537634408601,0.6666666666666663
usdchf,pullback_reversal_rsi,oos,next_open,100,100,24,50,0.02,1.0,0.0,0.0
usdchf,pullback_reversal_rsi,oos,next_open,100,100,48,35,0.08571428571428572,1.0,0.0,0.0
usdchf,pullback_reversal_rsi,oos,next_open,100,100,72,31,0.16129032258064516,1.0,0.0,0.0
usdchf,pullback_reversal_rsi,oos,next_open,100,125,24,50,0.02,inf,0.016,0.8
usdchf,pullback_reversal_rsi,oos,next_open,100,125,48,35,0.08571428571428572,1.2000000000000002,0.011428571428571432,0.40000000000000013
usdchf,pullback_reversal_rsi,oos,next_open,100,125,72,31,0.16129032258064516,2.0,0.06451612903225806,2.0
usdchf,pullback_reversal_rsi,oos,next_open,125,40,24,50,0.02,0.3472222222222222,-0.1175,-5.875
usdchf,pullback_reversal_rsi,oos,next_open,125,40,48,35,0.05714285714285714,0.625,-0.10714285714285714,-3.75
usdchf,pullback_reversal_rsi,oos,next_open,125,40,72,31,0.12903225806451613,1.1363636363636365,0.04838709677419355,1.5
usdchf,pullback_reversal_rsi,oos,next_open,125,50,24,50,0.02,0.625,-0.03,-1.5
usdchf,pullback_reversal_rsi,oos,next_open,125,50,48,35,0.05714285714285714,0.8333333333333334,-0.02857142857142857,-1.0
usdchf,pullback_reversal_rsi,oos,next_open,125,50,72,31,0.12903225806451613,1.25,0.06451612903225806,2.0
usdchf,pullback_reversal_rsi,oos,next_open,125,60,24,50,0.02,1.0416666666666667,0.0016666666666666696,0.08333333333333348
usdchf,pullback_reversal_rsi,oos,next_open,125,60,48,35,0.05714285714285714,0.6944444444444445,-0.052380952380952375,-1.833333333333333
usdchf,pullback_reversal_rsi,oos,next_open,125,60,72,31,0.12903225806451613,1.0416666666666667,0.01075268817204303,0.3333333333333339
usdchf,pullback_reversal_rsi,oos,next_open,125,75,24,50,0.02,0.8333333333333334,-0.006666666666666665,-0.33333333333333326
usdchf,pullback_reversal_rsi,oos,next_open,125,75,48,35,0.05714285714285714,0.8333333333333334,-0.019047619047619042,-0.6666666666666665
usdchf,pullback_reversal_rsi,oos,next_open,125,75,72,31,0.12903225806451613,1.1111111111111112,0.02150537634408603,0.666666666666667
usdchf,pullback_reversal_rsi,oos,next_open,125,100,24,50,0.02,1.25,0.005,0.25
usdchf,pullback_reversal_rsi,oos,next_open,125,100,48,35,0.05714285714285714,0.8333333333333334,-0.014285714285714285,-0.5
usdchf,pullback_reversal_rsi,oos,next_open,125,100,72,31,0.12903225806451613,1.0,0.0,0.0
usdchf,pullback_reversal_rsi,oos,next_open,125,125,24,50,0.02,inf,0.02,1.0
usdchf,pullback_reversal_rsi,oos,next_open,125,125,48,35,0.05714285714285714,1.0,0.0,0.0
usdchf,pullback_reversal_rsi,oos,next_open,125,125,72,31,0.12903225806451613,2.0,0.06451612903225806,2.0
usdchf,pullback_reversal_rsi,oos,break_signal_high,40,40,24,43,0.2558139534883721,1.5714285714285714,0.09302325581395349,4.0
usdchf,pullback_reversal_rsi,oos,break_signal_high,40,40,48,32,0.4375,2.0,0.21875,7.0
usdchf,pullback_reversal_rsi,oos,break_signal_high,40,40,72,29,0.5862068965517241,2.125,0.3103448275862069,9.0
usdchf,pullback_reversal_rsi,oos,break_signal_high,40,50,24,43,0.2558139534883721,2.2,0.1116279069767442,4.800000000000001
usdchf,pullback_reversal_rsi,oos,break_signal_high,40,50,48,32,0.4375,2.8000000000000007,0.22500000000000003,7.200000000000001
usdchf,pullback_reversal_rsi,oos,break_signal_high,40,50,72,29,0.5862068965517241,2.266666666666667,0.2620689655172414,7.6000000000000005
usdchf,pullback_reversal_rsi,oos,break_signal_high,40,60,24,43,0.2558139534883721,2.4444444444444446,0.10077519379844961,4.333333333333333
usdchf,pullback_reversal_rsi,oos,break_signal_high,40,60,48,32,0.4375,2.333333333333333,0.16666666666666666,5.333333333333333
usdchf,pullback_reversal_rsi,oos,break_signal_high,40,60,72,29,0.5862068965517241,1.8888888888888886,0.1839080459770115,5.333333333333333
usdchf,pullback_reversal_rsi,oos,break_signal_high,40,75,24,43,0.2558139534883721,5.866666666666666,0.11317829457364342,4.866666666666667
usdchf,pullback_reversal_rsi,oos,break_signal_high,40,75,48,32,0.4375,2.4888888888888885,0.13958333333333334,4.466666666666667
usdchf,pullback_reversal_rsi,oos,break_signal_high,40,75,72,29,0.5862068965517241,2.2666666666666666,0.17471264367816092,5.066666666666666
usdchf,pullback_reversal_rsi,oos,break_signal_high,40,100,24,43,0.2558139534883721,4.4,0.07906976744186048,3.4000000000000004
usdchf,pullback_reversal_rsi,oos,break_signal_high,40,100,48,32,0.4375,2.8000000000000007,0.11250000000000002,3.6000000000000005
usdchf,pullback_reversal_rsi,oos,break_signal_high,40,100,72,29,0.5862068965517241,1.7000000000000002,0.09655172413793105,2.8000000000000003
usdchf,pullback_reversal_rsi,oos,break_signal_high,40,125,24,43,0.2558139534883721,inf,0.08186046511627906,3.5199999999999996
usdchf,pullback_reversal_rsi,oos,break_signal_high,40,125,48,32,0.4375,2.2399999999999998,0.07750000000000001,2.4800000000000004
usdchf,pullback_reversal_rsi,oos,break_signal_high,40,125,72,29,0.5862068965517241,2.72,0.11862068965517239,3.4399999999999995
usdchf,pullback_reversal_rsi,oos,break_signal_high,50,40,24,43,0.13953488372093023,1.0714285714285714,0.011627906976744186,0.5
usdchf,pullback_reversal_rsi,oos,break_signal_high,50,40,48,32,0.34375,1.9642857142857142,0.2109375,6.75
usdchf,pullback_reversal_rsi,oos,break_signal_high,50,40,72,29,0.4827586206896552,2.1875,0.3275862068965517,9.5
usdchf,pullback_reversal_rsi,oos,break_signal_high,50,50,24,43,0.13953488372093023,1.5,0.046511627906976744,2.0
usdchf,pullback_reversal_rsi,oos,break_signal_high,50,50,48,32,0.34375,2.75,0.21875,7.0
usdchf,pullback_reversal_rsi,oos,break_signal_high,50,50,72,29,0.4827586206896552,2.3333333333333335,0.27586206896551724,8.0
usdchf,pullback_reversal_rsi,oos,break_signal_high,50,60,24,43,0.13953488372093023,1.6666666666666667,0.046511627906976744,2.0
usdchf,pullback_reversal_rsi,oos,break_signal_high,50,60,48,32,0.34375,2.291666666666667,0.16145833333333334,5.166666666666667
usdchf,pullback_reversal_rsi,oos,break_signal_high,50,60,72,29,0.4827586206896552,1.9444444444444449,0.19540229885057472,5.666666666666667
usdchf,pullback_reversal_rsi,oos,break_signal_high,50,75,24,43,0.13953488372093023,3.9999999999999996,0.06976744186046512,3.0
usdchf,pullback_reversal_rsi,oos,break_signal_high,50,75,48,32,0.34375,2.4444444444444446,0.13541666666666666,4.333333333333333
usdchf,pullback_reversal_rsi,oos,break_signal_high,50,75,72,29,0.4827586206896552,2.333333333333333,0.1839080459770115,5.333333333333333
usdchf,pullback_reversal_rsi,oos,break_signal_high,50,100,24,43,0.13953488372093023,3.0,0.046511627906976744,2.0
usdchf,pullback_reversal_rsi,oos,break_signal_high,50,100,48,32,0.34375,2.75,0.109375,3.5
usdchf,pullback_reversal_rsi,oos,break_signal_high,50,100,72,29,0.4827586206896552,1.75,0.10344827586206896,3.0
usdchf,pullback_reversal_rsi,oos,break_signal_high,50,125,24,43,0.13953488372093023,inf,0.0558139534883721,2.4000000000000004
usdchf,pullback_reversal_rsi,oos,break_signal_high,50,125,48,32,0.34375,2.2,0.07500000000000001,2.4000000000000004
usdchf,pullback_reversal_rsi,oos,break_signal_high,50,125,72,29,0.4827586206896552,2.8000000000000007,0.12413793103448274,3.5999999999999996
usdchf,pullback_reversal_rsi,oos,break_signal_high,60,40,24,43,0.06976744186046512,0.6428571428571429,-0.05813953488372093,-2.5
usdchf,pullback_reversal_rsi,oos,break_signal_high,60,40,48,32,0.21875,1.5,0.109375,3.5
usdchf,pullback_reversal_rsi,oos,break_signal_high,60,40,72,29,0.3448275862068966,1.875,0.2413793103448276,7.0
usdchf,pullback_reversal_rsi,oos,break_signal_high,60,50,24,43,0.06976744186046512,0.8999999999999999,-0.009302325581395352,-0.40000000000000013
usdchf,pullback_reversal_rsi,oos,break_signal_high,60,50,48,32,0.21875,2.1,0.13749999999999998,4.3999999999999995
usdchf,pullback_reversal_rsi,oos,break_signal_high,60,50,72,29,0.3448275862068966,1.9999999999999998,0.2068965517241379,5.999999999999999
usdchf,pullback_reversal_rsi,oos,break_signal_high,60,60,24,43,0.06976744186046512,1.0,0.0,0.0
usdchf,pullback_reversal_rsi,oos,break_signal_high,60,60,48,32,0.21875,1.75,0.09375,3.0
usdchf,pullback_reversal_rsi,oos,break_signal_high,60,60,72,29,0.3448275862068966,1.6666666666666667,0.13793103448275862,4.0
usdchf,pullback_reversal_rsi,oos,break_signal_high,60,75,24,43,0.06976744186046512,2.4000000000000004,0.03255813953488373,1.4000000000000001
usdchf,pullback_reversal_rsi,oos,break_signal_high,60,75,48,32,0.21875,1.8666666666666665,0.08125000000000002,2.6000000000000005
usdchf,pullback_reversal_rsi,oos,break_signal_high,60,75,72,29,0.3448275862068966,2.0,0.13793103448275862,4.0
usdchf,pullback_reversal_rsi,oos,break_signal_high,60,100,24,43,0.06976744186046512,1.7999999999999998,0.018604651162790697,0.7999999999999999
usdchf,pullback_reversal_rsi,oos,break_signal_high,60,100,48,32,0.21875,2.1,0.06874999999999999,2.1999999999999997
usdchf,pullback_reversal_rsi,oos,break_signal_high,60,100,72,29,0.3448275862068966,1.4999999999999998,0.06896551724137931,2.0
usdchf,pullback_reversal_rsi,oos,break_signal_high,60,125,24,43,0.06976744186046512,inf,0.03348837209302325,1.44
usdchf,pullback_reversal_rsi,oos,break_signal_high,60,125,48,32,0.21875,1.68,0.042499999999999996,1.3599999999999999
usdchf,pullback_reversal_rsi,oos,break_signal_high,60,125,72,29,0.3448275862068966,2.4000000000000004,0.09655172413793103,2.8
usdchf,pullback_reversal_rsi,oos,break_signal_high,75,40,24,43,0.046511627906976744,0.5357142857142857,-0.0755813953488372,-3.25
usdchf,pullback_reversal_rsi,oos,break_signal_high,75,40,48,32,0.15625,1.3392857142857142,0.07421875,2.375
usdchf,pullback_reversal_rsi,oos,break_signal_high,75,40,72,29,0.20689655172413793,1.25,0.07758620689655173,2.25
usdchf,pullback_reversal_rsi,oos,break_signal_high,75,50,24,43,0.046511627906976744,0.75,-0.023255813953488372,-1.0
usdchf,pullback_reversal_rsi,oos,break_signal_high,75,50,48,32,0.15625,1.875,0.109375,3.5
usdchf,pullback_reversal_rsi,oos,break_signal_high,75,50,72,29,0.20689655172413793,1.5,0.10344827586206896,3.0
usdchf,pullback_reversal_rsi,oos,break_signal_high,75,60,24,43,0.046511627906976744,0.8333333333333334,-0.011627906976744186,-0.5
usdchf,pullback_reversal_rsi,oos,break_signal_high,75,60,48,32,0.15625,1.5625,0.0703125,2.25
usdchf,pullback_reversal_rsi,oos,break_signal_high,75,60,72,29,0.20689655172413793,1.25,0.05172413793103448,1.5
usdchf,pullback_reversal_rsi,oos,break_signal_high,75,75,24,43,0.046511627906976744,2.0,0.023255813953488372,1.0
usdchf,pullback_reversal_rsi,oos,break_signal_high,75,75,48,32,0.15625,1.6666666666666667,0.0625,2.0
usdchf,pullback_reversal_rsi,oos,break_signal_high,75,75,72,29,0.20689655172413793,1.5,0.06896551724137931,2.0
usdchf,pullback_reversal_rsi,oos,break_signal_high,75,100,24,43,0.046511627906976744,1.5,0.011627906976744186,0.5
usdchf,pullback_reversal_rsi,oos,break_signal_high,75,100,48,32,0.15625,1.875,0.0546875,1.75
usdchf,pullback_reversal_rsi,oos,break_signal_high,75,100,72,29,0.20689655172413793,1.125,0.017241379310344827,0.5
usdchf,pullback_reversal_rsi,oos,break_signal_high,75,125,24,43,0.046511627906976744,inf,0.027906976744186046,1.2
usdchf,pullback_reversal_rsi,oos,break_signal_high,75,125,48,32,0.15625,1.5,0.031249999999999993,0.9999999999999998
usdchf,pullback_reversal_rsi,oos,break_signal_high,75,125,72,29,0.20689655172413793,1.8,0.055172413793103454,1.6
usdchf,pullback_reversal_rsi,oos,break_signal_high,100,40,24,43,0.023255813953488372,0.35714285714285715,-0.10465116279069768,-4.5
usdchf,pullback_reversal_rsi,oos,break_signal_high,100,40,48,32,0.09375,1.0714285714285714,0.015625,0.5
usdchf,pullback_reversal_rsi,oos,break_signal_high,100,40,72,29,0.13793103448275862,1.1111111111111112,0.034482758620689655,1.0
usdchf,pullback_reversal_rsi,oos,break_signal_high,100,50,24,43,0.023255813953488372,0.5,-0.046511627906976744,-2.0
usdchf,pullback_reversal_rsi,oos,break_signal_high,100,50,48,32,0.09375,1.5,0.0625,2.0
usdchf,pullback_reversal_rsi,oos,break_signal_high,100,50,72,29,0.13793103448275862,1.3333333333333333,0.06896551724137931,2.0
usdchf,pullback_reversal_rsi,oos,break_signal_high,100,60,24,43,0.023255813953488372,0.5555555555555556,-0.031007751937984496,-1.3333333333333333
usdchf,pullback_reversal_rsi,oos,break_signal_high,100,60,48,32,0.09375,1.25,0.03125,1.0
usdchf,pullback_reversal_rsi,oos,break_signal_high,100,60,72,29,0.13793103448275862,1.1111111111111112,0.02298850574712644,0.6666666666666667
usdchf,pullback_reversal_rsi,oos,break_signal_high,100,75,24,43,0.023255813953488372,1.3333333333333333,0.007751937984496122,0.33333333333333326
usdchf,pullback_reversal_rsi,oos,break_signal_high,100,75,48,32,0.09375,1.3333333333333333,0.03125,1.0
usdchf,pullback_reversal_rsi,oos,break_signal_high,100,75,72,29,0.13793103448275862,1.3333333333333333,0.045977011494252866,1.333333333333333
usdchf,pullback_reversal_rsi,oos,break_signal_high,100,100,24,43,0.023255813953488372,1.0,0.0,0.0
usdchf,pullback_reversal_rsi,oos,break_signal_high,100,100,48,32,0.09375,1.5,0.03125,1.0
usdchf,pullback_reversal_rsi,oos,break_signal_high,100,100,72,29,0.13793103448275862,1.0,0.0,0.0
usdchf,pullback_reversal_rsi,oos,break_signal_high,100,125,24,43,0.023255813953488372,inf,0.018604651162790697,0.8
usdchf,pullback_reversal_rsi,oos,break_signal_high,100,125,48,32,0.09375,1.2000000000000002,0.012500000000000011,0.40000000000000036
usdchf,pullback_reversal_rsi,oos,break_signal_high,100,125,72,29,0.13793103448275862,1.6,0.04137931034482759,1.2000000000000002
usdchf,pullback_reversal_rsi,oos,break_signal_high,125,40,24,43,0.0,0.0,-0.16279069767441862,-7.0
usdchf,pullback_reversal_rsi,oos,break_signal_high,125,40,48,32,0.0625,0.8928571428571429,-0.0234375,-0.75
usdchf,pullback_reversal_rsi,oos,break_signal_high,125,40,72,29,0.13793103448275862,1.3888888888888888,0.1206896551724138,3.5
usdchf,pullback_reversal_rsi,oos,break_signal_high,125,50,24,43,0.0,0.0,-0.09302325581395349,-4.0
usdchf,pullback_reversal_rsi,oos,break_signal_high,125,50,48,32,0.0625,1.25,0.03125,1.0
usdchf,pullback_reversal_rsi,oos,break_signal_high,125,50,72,29,0.13793103448275862,1.6666666666666667,0.13793103448275862,4.0
usdchf,pullback_reversal_rsi,oos,break_signal_high,125,60,24,43,0.0,0.0,-0.06976744186046512,-3.0
usdchf,pullback_reversal_rsi,oos,break_signal_high,125,60,48,32,0.0625,1.0416666666666667,0.005208333333333343,0.16666666666666696
usdchf,pullback_reversal_rsi,oos,break_signal_high,125,60,72,29,0.13793103448275862,1.388888888888889,0.08045977011494256,2.333333333333334
usdchf,pullback_reversal_rsi,oos,break_signal_high,125,75,24,43,0.0,0.0,-0.023255813953488372,-1.0
usdchf,pullback_reversal_rsi,oos,break_signal_high,125,75,48,32,0.0625,1.1111111111111112,0.010416666666666671,0.3333333333333335
usdchf,pullback_reversal_rsi,oos,break_signal_high,125,75,72,29,0.13793103448275862,1.6666666666666667,0.09195402298850576,2.666666666666667
usdchf,pullback_reversal_rsi,oos,break_signal_high,125,100,24,43,0.0,0.0,-0.023255813953488372,-1.0
usdchf,pullback_reversal_rsi,oos,break_signal_high,125,100,48,32,0.0625,1.25,0.015625,0.5
usdchf,pullback_reversal_rsi,oos,break_signal_high,125,100,72,29,0.13793103448275862,1.25,0.034482758620689655,1.0
usdchf,pullback_reversal_rsi,oos,break_signal_high,125,125,24,43,0.0,inf,0.0,0.0
usdchf,pullback_reversal_rsi,oos,break_signal_high,125,125,48,32,0.0625,1.0,0.0,0.0
usdchf,pullback_reversal_rsi,oos,break_signal_high,125,125,72,29,0.13793103448275862,2.0,0.06896551724137931,2.0
usdchf,pullback_reversal_rsi,oos,confirm_1bar,40,40,24,38,0.21052631578947367,1.6,0.07894736842105263,3.0
usdchf,pullback_reversal_rsi,oos,confirm_1bar,40,40,48,30,0.4,1.7142857142857142,0.16666666666666666,5.0
usdchf,pullback_reversal_rsi,oos,confirm_1bar,40,40,72,28,0.5714285714285714,1.7777777777777777,0.25,7.0
usdchf,pullback_reversal_rsi,oos,confirm_1bar,40,50,24,38,0.21052631578947367,2.1333333333333333,0.08947368421052633,3.4000000000000004
usdchf,pullback_reversal_rsi,oos,confirm_1bar,40,50,48,30,0.4666666666666667,3.7333333333333343,0.2733333333333334,8.200000000000001
usdchf,pullback_reversal_rsi,oos,confirm_1bar,40,50,72,28,0.6428571428571429,2.8800000000000003,0.33571428571428574,9.4
usdchf,pullback_reversal_rsi,oos,confirm_1bar,40,60,24,38,0.21052631578947367,5.333333333333333,0.11403508771929824,4.333333333333333
usdchf,pullback_reversal_rsi,oos,confirm_1bar,40,60,48,30,0.4666666666666667,4.666666666666666,0.24444444444444446,7.333333333333334
usdchf,pullback_reversal_rsi,oos,confirm_1bar,40,60,72,28,0.6428571428571429,3.9999999999999996,0.32142857142857134,8.999999999999998
usdchf,pullback_reversal_rsi,oos,confirm_1bar,40,75,24,38,0.21052631578947367,inf,0.11228070175438597,4.266666666666667
usdchf,pullback_reversal_rsi,oos,confirm_1bar,40,75,48,30,0.4666666666666667,3.733333333333333,0.18222222222222226,5.466666666666668
usdchf,pullback_reversal_rsi,oos,confirm_1bar,40,75,72,28,0.6428571428571429,3.1999999999999997,0.23571428571428574,6.6000000000000005
usdchf,pullback_reversal_rsi,oos,confirm_1bar,40,100,24,38,0.21052631578947367,inf,0.08421052631578947,3.2
usdchf,pullback_reversal_rsi,oos,confirm_1bar,40,100,48,30,0.4666666666666667,5.600000000000001,0.15333333333333335,4.6000000000000005
usdchf,pullback_reversal_rsi,oos,confirm_1bar,40,100,72,28,0.6428571428571429,2.4000000000000004,0.15,4.2
usdchf,pullback_reversal_rsi,oos,confirm_1bar,40,125,24,38,0.21052631578947367,inf,0.06736842105263158,2.56
usdchf,pullback_reversal_rsi,oos,confirm_1bar,40,125,48,30,0.4666666666666667,4.4799999999999995,0.11599999999999998,3.4799999999999995
usdchf,pullback_reversal_rsi,oos,confirm_1bar,40,125,72,28,0.6428571428571429,5.760000000000001,0.17,4.760000000000001
usdchf,pullback_reversal_rsi,oos,confirm_1bar,50,40,24,38,0.13157894736842105,1.25,0.03289473684210526,1.25
usdchf,pullback_reversal_rsi,oos,confirm_1bar,50,40,48,30,0.3333333333333333,1.7857142857142858,0.18333333333333332,5.5
usdchf,pullback_reversal_rsi,oos,confirm_1bar,50,40,72,28,0.4642857142857143,1.8055555555555556,0.25892857142857145,7.25
usdchf,pullback_reversal_rsi,oos,confirm_1bar,50,50,24,38,0.13157894736842105,1.6666666666666667,0.05263157894736842,2.0
usdchf,pullback_reversal_rsi,oos,confirm_1bar,50,50,48,30,0.4,4.0,0.3,9.0
usdchf,pullback_reversal_rsi,oos,confirm_1bar,50,50,72,28,0.5357142857142857,3.0,0.35714285714285715,10.0
usdchf,pullback_reversal_rsi,oos,confirm_1bar,50,60,24,38,0.13157894736842105,4.166666666666667,0.08333333333333334,3.166666666666667
usdchf,pullback_reversal_rsi,oos,confirm_1bar,50,60,48,30,0.4,5.000000000000001,0.26666666666666666,8.0
usdchf,pullback_reversal_rsi,oos,confirm_1bar,50,60,72,28,0.5357142857142857,4.166666666666668,0.33928571428571436,9.500000000000002
usdchf,pullback_reversal_rsi,oos,confirm_1bar,50,75,24,38,0.13157894736842105,inf,0.08771929824561403,3.333333333333333
usdchf,pullback_reversal_rsi,oos,confirm_1bar,50,75,48,30,0.4,4.0,0.2,6.0
usdchf,pullback_reversal_rsi,oos,confirm_1bar,50,75,72,28,0.5357142857142857,3.3333333333333326,0.25,7.0
usdchf,pullback_reversal_rsi,oos,confirm_1bar,50,100,24,38,0.13157894736842105,inf,0.06578947368421052,2.5
usdchf,pullback_reversal_rsi,oos,confirm_1bar,50,100,48,30,0.4,6.0,0.16666666666666666,5.0
usdchf,pullback_reversal_rsi,oos,confirm_1bar,50,100,72,28,0.5357142857142857,2.5,0.16071428571428573,4.5
usdchf,pullback_reversal_rsi,oos,confirm_1bar,50,125,24,38,0.13157894736842105,inf,0.05263157894736842,2.0
usdchf,pullback_reversal_rsi,oos,confirm_1bar,50,125,48,30,0.4,4.800000000000001,0.12666666666666665,3.8
usdchf,pullback_reversal_rsi,oos,confirm_1bar,50,125,72,28,0.5357142857142857,6.000000000000002,0.1785714285714286,5.000000000000001
usdchf,pullback_reversal_rsi,oos,confirm_1bar,60,40,24,38,0.05263157894736842,0.6,-0.05263157894736842,-2.0
usdchf,pullback_reversal_rsi,oos,confirm_1bar,60,40,48,30,0.23333333333333334,1.5,0.11666666666666667,3.5
usdchf,pullback_reversal_rsi,oos,confirm_1bar,60,40,72,28,0.2857142857142857,1.3333333333333333,0.10714285714285714,3.0
usdchf,pullback_reversal_rsi,oos,confirm_1bar,60,50,24,38,0.05263157894736842,0.7999999999999999,-0.01578947368421053,-0.6000000000000001
usdchf,pullback_reversal_rsi,oos,confirm_1bar,60,50,48,30,0.26666666666666666,3.1999999999999997,0.22,6.6
usdchf,pullback_reversal_rsi,oos,confirm_1bar,60,50,72,28,0.32142857142857145,2.1599999999999997,0.20714285714285713,5.8
usdchf,pullback_reversal_rsi,oos,confirm_1bar,60,60,24,38,0.05263157894736842,2.0,0.02631578947368421,1.0
usdchf,pullback_reversal_rsi,oos,confirm_1bar,60,60,48,30,0.26666666666666666,4.0,0.2,6.0
usdchf,pullback_reversal_rsi,oos,confirm_1bar,60,60,72,28,0.32142857142857145,3.0,0.21428571428571427,6.0
usdchf,pullback_reversal_rsi,oos,confirm_1bar,60,75,24,38,0.05263157894736842,inf,0.042105263157894736,1.6
usdchf,pullback_reversal_rsi,oos,confirm_1bar,60,75,48,30,0.26666666666666666,3.2,0.14666666666666667,4.4
usdchf,pullback_reversal_rsi,oos,confirm_1bar,60,75,72,28,0.32142857142857145,2.4,0.15000000000000005,4.200000000000001
usdchf,pullback_reversal_rsi,oos,confirm_1bar,60,100,24,38,0.05263157894736842,inf,0.031578947368421054,1.2
usdchf,pullback_reversal_rsi,oos,confirm_1bar,60,100,48,30,0.26666666666666666,4.8,0.12666666666666665,3.8
usdchf,pullback_reversal_rsi,oos,confirm_1bar,60,100,72,28,0.32142857142857145,1.7999999999999998,0.0857142857142857,2.3999999999999995
usdchf,pullback_reversal_rsi,oos,confirm_1bar,60,125,24,38,0.05263157894736842,inf,0.02526315789473684,0.96
usdchf,pullback_reversal_rsi,oos,confirm_1bar,60,125,48,30,0.26666666666666666,3.84,0.09466666666666666,2.84
usdchf,pullback_reversal_rsi,oos,confirm_1bar,60,125,72,28,0.32142857142857145,4.32,0.11857142857142856,3.32
usdchf,pullback_reversal_rsi,oos,confirm_1bar,75,40,24,38,0.05263157894736842,0.75,-0.03289473684210526,-1.25
usdchf,pullback_reversal_rsi,oos,confirm_1bar,75,40,48,30,0.13333333333333333,0.9375,-0.016666666666666666,-0.5
usdchf,pullback_reversal_rsi,oos,confirm_1bar,75,40,72,28,0.17857142857142858,1.0416666666666667,0.013392857142857142,0.375
usdchf,pullback_reversal_rsi,oos,confirm_1bar,75,50,24,38,0.05263157894736842,1.0,0.0,0.0
usdchf,pullback_reversal_rsi,oos,confirm_1bar,75,50,48,30,0.16666666666666666,2.5,0.15,4.5
usdchf,pullback_reversal_rsi,oos,confirm_1bar,75,50,72,28,0.21428571428571427,1.8,0.14285714285714285,4.0
usdchf,pullback_reversal_rsi,oos,confirm_1bar,75,60,24,38,0.05263157894736842,2.5,0.039473684210526314,1.5
usdchf,pullback_reversal_rsi,oos,confirm_1bar,75,60,48,30,0.16666666666666666,3.125,0.14166666666666666,4.25
usdchf,pullback_reversal_rsi,oos,confirm_1bar,75,60,72,28,0.21428571428571427,2.5,0.16071428571428573,4.5
usdchf,pullback_reversal_rsi,oos,confirm_1bar,75,75,24,38,0.05263157894736842,inf,0.05263157894736842,2.0
usdchf,pullback_reversal_rsi,oos,confirm_1bar,75,75,48,30,0.16666666666666666,2.5,0.1,3.0
usdchf,pullback_reversal_rsi,oos,confirm_1bar,75,75,72,28,0.21428571428571427,2.0,0.10714285714285714,3.0
usdchf,pullback_reversal_rsi,oos,confirm_1bar,75,100,24,38,0.05263157894736842,inf,0.039473684210526314,1.5
usdchf,pullback_reversal_rsi,oos,confirm_1bar,75,100,48,30,0.16666666666666666,3.75,0.09166666666666666,2.75
usdchf,pullback_reversal_rsi,oos,confirm_1bar,75,100,72,28,0.21428571428571427,1.5,0.05357142857142857,1.5
usdchf,pullback_reversal_rsi,oos,confirm_1bar,75,125,24,38,0.05263157894736842,inf,0.031578947368421054,1.2
usdchf,pullback_reversal_rsi,oos,confirm_1bar,75,125,48,30,0.16666666666666666,3.0,0.06666666666666667,2.0
usdchf,pullback_reversal_rsi,oos,confirm_1bar,75,125,72,28,0.21428571428571427,3.6,0.09285714285714286,2.6
usdchf,pullback_reversal_rsi,oos,confirm_1bar,100,40,24,38,0.02631578947368421,0.5,-0.06578947368421052,-2.5
usdchf,pullback_reversal_rsi,oos,confirm_1bar,100,40,48,30,0.1,0.9375,-0.016666666666666666,-0.5
usdchf,pullback_reversal_rsi,oos,confirm_1bar,100,40,72,28,0.10714285714285714,0.8333333333333334,-0.05357142857142857,-1.5
usdchf,pullback_reversal_rsi,oos,confirm_1bar,100,50,24,38,0.02631578947368421,0.6666666666666666,-0.02631578947368421,-1.0
usdchf,pullback_reversal_rsi,oos,confirm_1bar,100,50,48,30,0.1,2.0,0.1,3.0
usdchf,pullback_reversal_rsi,oos,confirm_1bar,100,50,72,28,0.14285714285714285,1.6,0.10714285714285714,3.0
usdchf,pullback_reversal_rsi,oos,confirm_1bar,100,60,24,38,0.02631578947368421,1.6666666666666667,0.01754385964912281,0.6666666666666667
usdchf,pullback_reversal_rsi,oos,confirm_1bar,100,60,48,30,0.1,2.5,0.1,3.0
usdchf,pullback_reversal_rsi,oos,confirm_1bar,100,60,72,28,0.14285714285714285,2.2222222222222223,0.13095238095238096,3.666666666666667
usdchf,pullback_reversal_rsi,oos,confirm_1bar,100,75,24,38,0.02631578947368421,inf,0.03508771929824561,1.3333333333333333
usdchf,pullback_reversal_rsi,oos,confirm_1bar,100,75,48,30,0.1,2.0,0.06666666666666667,1.9999999999999998
usdchf,pullback_reversal_rsi,oos,confirm_1bar,100,75,72,28,0.14285714285714285,1.7777777777777777,0.08333333333333333,2.333333333333333
usdchf,pullback_reversal_rsi,oos,confirm_1bar,100,100,24,38,0.02631578947368421,inf,0.02631578947368421,1.0
usdchf,pullback_reversal_rsi,oos,confirm_1bar,100,100,48,30,0.1,3.0,0.06666666666666667,2.0
usdchf,pullback_reversal_rsi,oos,confirm_1bar,100,100,72,28,0.14285714285714285,1.3333333333333333,0.03571428571428571,1.0
usdchf,pullback_reversal_rsi,oos,confirm_1bar,100,125,24,38,0.02631578947368421,inf,0.021052631578947368,0.8
usdchf,pullback_reversal_rsi,oos,confirm_1bar,100,125,48,30,0.1,2.4000000000000004,0.04666666666666667,1.4000000000000001
usdchf,pullback_reversal_rsi,oos,confirm_1bar,100,125,72,28,0.14285714285714285,3.2,0.07857142857142858,2.2
usdchf,pullback_reversal_rsi,oos,confirm_1bar,125,40,24,38,0.02631578947368421,0.625,-0.049342105263157895,-1.875
usdchf,pullback_reversal_rsi,oos,confirm_1bar,125,40,48,30,0.06666666666666667,0.78125,-0.058333333333333334,-1.75
usdchf,pullback_reversal_rsi,oos,confirm_1bar,125,40,72,28,0.10714285714285714,1.0416666666666667,0.013392857142857142,0.375
usdchf,pullback_reversal_rsi,oos,confirm_1bar,125,50,24,38,0.02631578947368421,0.8333333333333334,-0.013157894736842105,-0.5
usdchf,pullback_reversal_rsi,oos,confirm_1bar,125,50,48,30,0.06666666666666667,1.6666666666666667,0.06666666666666667,2.0
usdchf,pullback_reversal_rsi,oos,confirm_1bar,125,50,72,28,0.14285714285714285,2.0,0.17857142857142858,5.0
usdchf,pullback_reversal_rsi,oos,confirm_1bar,125,60,24,38,0.02631578947368421,2.0833333333333335,0.028508771929824567,1.0833333333333335
usdchf,pullback_reversal_rsi,oos,confirm_1bar,125,60,48,30,0.06666666666666667,2.0833333333333335,0.07222222222222223,2.166666666666667
usdchf,pullback_reversal_rsi,oos,confirm_1bar,125,60,72,28,0.14285714285714285,2.777777777777778,0.1904761904761905,5.333333333333334
usdchf,pullback_reversal_rsi,oos,confirm_1bar,125,75,24,38,0.02631578947368421,inf,0.04385964912280702,1.6666666666666667
usdchf,pullback_reversal_rsi,oos,confirm_1bar,125,75,48,30,0.06666666666666667,1.6666666666666667,0.044444444444444446,1.3333333333333335
usdchf,pullback_reversal_rsi,oos,confirm_1bar,125,75,72,28,0.14285714285714285,2.2222222222222223,0.13095238095238096,3.666666666666667
usdchf,pullback_reversal_rsi,oos,confirm_1bar,125,100,24,38,0.02631578947368421,inf,0.03289473684210526,1.25
usdchf,pullback_reversal_rsi,oos,confirm_1bar,125,100,48,30,0.06666666666666667,2.5,0.05,1.5
usdchf,pullback_reversal_rsi,oos,confirm_1bar,125,100,72,28,0.14285714285714285,1.6666666666666667,0.07142857142857142,2.0
usdchf,pullback_reversal_rsi,oos,confirm_1bar,125,125,24,38,0.02631578947368421,inf,0.02631578947368421,1.0
usdchf,pullback_reversal_rsi,oos,confirm_1bar,125,125,48,30,0.06666666666666667,2.0,0.03333333333333333,1.0
usdchf,pullback_reversal_rsi,oos,confirm_1bar,125,125,72,28,0.14285714285714285,4.0,0.10714285714285714,3.0
audusd,pullback_reversal_rsi,discovery,next_open,40,40,24,176,0.3068181818181818,0.8709677419354839,-0.045454545454545456,-8.0
audusd,pullback_reversal_rsi,discovery,next_open,40,40,48,137,0.45985401459854014,1.0862068965517242,0.0364963503649635,5.0
audusd,pullback_reversal_rsi,discovery,next_open,40,40,72,110,0.4636363636363636,0.9272727272727272,-0.03636363636363636,-4.0
audusd,pullback_reversal_rsi,discovery,next_open,40,50,24,176,0.3125,0.9999999999999996,-1.0092936587501423e-17,-1.7763568394002505e-15
audusd,pullback_reversal_rsi,discovery,next_open,40,50,48,137,0.48175182481751827,1.1234042553191488,0.04233576642335767,5.800000000000001
audusd,pullback_reversal_rsi,discovery,next_open,40,50,72,110,0.5181818181818182,0.9913043478260868,-0.0036363636363636277,-0.399999999999999
audusd,pullback_reversal_rsi,discovery,next_open,40,60,24,176,0.3125,1.0476190476190472,0.009469696969696946,1.6666666666666625
audusd,pullback_reversal_rsi,discovery,next_open,40,60,48,137,0.48905109489051096,1.1166666666666665,0.034063260340632576,4.6666666666666625
audusd,pullback_reversal_rsi,discovery,next_open,40,60,72,110,0.5272727272727272,0.8787878787878786,-0.04848484848484852,-5.3333333333333375
audusd,pullback_reversal_rsi,discovery,next_open,40,75,24,176,0.3181818181818182,1.4933333333333332,0.056060606060606054,9.866666666666665
audusd,pullback_reversal_rsi,discovery,next_open,40,75,48,137,0.5109489051094891,1.244444444444444,0.053527980535279795,7.333333333333332
audusd,pullback_reversal_rsi,discovery,next_open,40,75,72,110,0.5727272727272728,1.018181818181818,0.0054545454545454316,0.5999999999999974
audusd,pullback_reversal_rsi,discovery,next_open,40,100,24,176,0.3181818181818182,4.4799999999999995,0.09886363636363636,17.4
audusd,pullback_reversal_rsi,discovery,next_open,40,100,48,137,0.5109489051094891,1.9999999999999993,0.10218978102189782,14.000000000000002
audusd,pullback_reversal_rsi,discovery,next_open,40,100,72,110,0.5909090909090909,1.3684210526315788,0.06363636363636364,7.000000000000001
audusd,pullback_reversal_rsi,discovery,next_open,40,125,24,176,0.32386363636363635,6.080000000000001,0.0865909090909091,15.24
audusd,pullback_reversal_rsi,discovery,next_open,40,125,48,137,0.5182481751824818,3.245714285714286,0.11474452554744526,15.72
audusd,pullback_reversal_rsi,discovery,next_open,40,125,72,110,0.6,1.9200000000000002,0.09200000000000001,10.120000000000001
audusd,pullback_reversal_rsi,discovery,next_open,50,40,24,176,0.20454545454545456,0.6818181818181818,-0.11931818181818182,-21.0
audusd,pullback_reversal_rsi,discovery,next_open,50,40,48,137,0.3722627737226277,0.9807692307692307,-0.009124087591240875,-1.25
audusd,pullback_reversal_rsi,discovery,next_open,50,40,72,110,0.38181818181818183,0.860655737704918,-0.07727272727272727,-8.5
audusd,pullback_reversal_rsi,discovery,next_open,50,50,24,176,0.20454545454545456,0.75,-0.06818181818181818,-12.0
audusd,pullback_reversal_rsi,discovery,next_open,50,50,48,137,0.38686131386861317,1.0,0.0,0.0
audusd,pullback_reversal_rsi,discovery,next_open,50,50,72,110,0.42727272727272725,0.8867924528301887,-0.05454545454545454,-6.0
audusd,pullback_reversal_rsi,discovery,next_open,50,60,24,176,0.20454545454545456,0.8108108108108107,-0.039772727272727265,-6.999999999999998
audusd,pullback_reversal_rsi,discovery,next_open,50,60,48,137,0.39416058394160586,0.9782608695652177,-0.007299270072992672,-0.999999999999996
audusd,pullback_reversal_rsi,discovery,next_open,50,60,72,110,0.43636363636363634,0.7843137254901961,-0.09999999999999995,-10.999999999999995
audusd,pullback_reversal_rsi,discovery,next_open,50,75,24,176,0.21022727272727273,1.1746031746031749,0.020833333333333325,3.666666666666665
audusd,pullback_reversal_rsi,discovery,next_open,50,75,48,137,0.41605839416058393,1.1176470588235292,0.029197080291970778,3.9999999999999964
audusd,pullback_reversal_rsi,discovery,next_open,50,75,72,110,0.4727272727272727,0.8888888888888886,-0.03939393939393943,-4.3333333333333375
audusd,pullback_reversal_rsi,discovery,next_open,50,100,24,176,0.21022727272727273,3.7,0.07670454545454546,13.5
audusd,pullback_reversal_rsi,discovery,next_open,50,100,48,137,0.41605839416058393,1.78125,0.09124087591240876,12.5
audusd,pullback_reversal_rsi,discovery,next_open,50,100,72,110,0.4818181818181818,1.1521739130434783,0.031818181818181815,3.5
audusd,pullback_reversal_rsi,discovery,next_open,50,125,24,176,0.2159090909090909,5.066666666666667,0.06931818181818182,12.200000000000001
audusd,pullback_reversal_rsi,discovery,next_open,50,125,48,137,0.4233576642335766,2.8999999999999995,0.11094890510948906,15.200000000000001
audusd,pullback_reversal_rsi,discovery,next_open,50,125,72,110,0.4909090909090909,1.6615384615384607,0.07818181818181817,8.6
audusd,pullback_reversal_rsi,discovery,next_open,60,40,24,176,0.14204545454545456,0.5681818181818182,-0.16193181818181818,-28.5
audusd,pullback_reversal_rsi,discovery,next_open,60,40,48,137,0.291970802919708,0.9230769230769231,-0.0364963503649635,-5.0
audusd,pullback_reversal_rsi,discovery,next_open,60,40,72,110,0.34545454545454546,0.9193548387096774,-0.045454545454545456,-5.0
audusd,pullback_reversal_rsi,discovery,next_open,60,50,24,176,0.14204545454545456,0.6249999999999999,-0.10227272727272728,-18.0
audusd,pullback_reversal_rsi,discovery,next_open,60,50,48,137,0.29927007299270075,0.9283018867924528,-0.02773722627737227,-3.800000000000001
audusd,pullback_reversal_rsi,discovery,next_open,60,50,72,110,0.37272727272727274,0.8945454545454546,-0.05272727272727272,-5.799999999999999
audusd,pullback_reversal_rsi,discovery,next_open,60,60,24,176,0.14204545454545456,0.6756756756756757,-0.06818181818181818,-12.0
audusd,pullback_reversal_rsi,discovery,next_open,60,60,48,137,0.30656934306569344,0.9130434782608695,-0.029197080291970802,-4.0
audusd,pullback_reversal_rsi,discovery,next_open,60,60,72,110,0.38181818181818183,0.7924528301886793,-0.1,-11.0
audusd,pullback_reversal_rsi,discovery,next_open,60,75,24,176,0.14772727272727273,0.9904761904761907,-0.0011363636363636272,-0.1999999999999984
audusd,pullback_reversal_rsi,discovery,next_open,60,75,48,137,0.3284671532846715,1.0588235294117643,0.014598540145985411,2.0000000000000013
audusd,pullback_reversal_rsi,discovery,next_open,60,75,72,110,0.41818181818181815,0.9199999999999996,-0.029090909090909084,-3.1999999999999993
audusd,pullback_reversal_rsi,discovery,next_open,60,100,24,176,0.14772727272727273,3.1199999999999997,0.060227272727272727,10.6
audusd,pullback_reversal_rsi,discovery,next_open,60,100,48,137,0.3284671532846715,1.6875000000000004,0.08029197080291971,11.0
audusd,pullback_reversal_rsi,discovery,next_open,60,100,72,110,0.42727272727272725,1.1750000000000005,0.038181818181818185,4.2
audusd,pullback_reversal_rsi,discovery,next_open,60,125,24,176,0.14772727272727273,4.16,0.053863636363636364,9.48
audusd,pullback_reversal_rsi,discovery,next_open,60,125,48,137,0.3357664233576642,2.7600000000000002,0.10277372262773721,14.079999999999998
audusd,pullback_reversal_rsi,discovery,next_open,60,125,72,110,0.43636363636363634,1.6457142857142857,0.08218181818181818,9.04
audusd,pullback_reversal_rsi,discovery,next_open,75,40,24,176,0.09090909090909091,0.45454545454545453,-0.20454545454545456,-36.0
audusd,pullback_reversal_rsi,discovery,next_open,75,40,48,137,0.22627737226277372,0.8806818181818182,-0.05748175182481752,-7.875
audusd,pullback_reversal_rsi,discovery,next_open,75,40,72,110,0.3090909090909091,1.028225806451613,0.015909090909090907,1.75
audusd,pullback_reversal_rsi,discovery,next_open,75,50,24,176,0.09090909090909091,0.5,-0.13636363636363635,-24.0
audusd,pullback_reversal_rsi,discovery,next_open,75,50,48,137,0.22627737226277372,0.8611111111111112,-0.05474452554744526,-7.5
audusd,pullback_reversal_rsi,discovery,next_open,75,50,72,110,0.3181818181818182,0.9545454545454546,-0.022727272727272728,-2.5
audusd,pullback_reversal_rsi,discovery,next_open,75,60,24,176,0.09090909090909091,0.5405405405405406,-0.09659090909090909,-17.0
audusd,pullback_reversal_rsi,discovery,next_open,75,60,48,137,0.22627737226277372,0.824468085106383,-0.060218978102189784,-8.25
audusd,pullback_reversal_rsi,discovery,next_open,75,60,72,110,0.32727272727272727,0.8490566037735849,-0.07272727272727272,-8.0
audusd,pullback_reversal_rsi,discovery,next_open,75,75,24,176,0.09659090909090909,0.8095238095238095,-0.022727272727272728,-4.0
audusd,pullback_reversal_rsi,discovery,next_open,75,75,48,137,0.23357664233576642,0.9411764705882353,-0.014598540145985401,-2.0
audusd,pullback_reversal_rsi,discovery,next_open,75,75,72,110,0.35454545454545455,0.975,-0.00909090909090909,-1.0
audusd,pullback_reversal_rsi,discovery,next_open,75,100,24,176,0.09659090909090909,2.55,0.04403409090909091,7.75
audusd,pullback_reversal_rsi,discovery,next_open,75,100,48,137,0.23357664233576642,1.5,0.058394160583941604,8.0
audusd,pullback_reversal_rsi,discovery,next_open,75,100,72,110,0.36363636363636365,1.25,0.05454545454545454,6.0
audusd,pullback_reversal_rsi,discovery,next_open,75,125,24,176,0.09659090909090909,3.4,0.0409090909090909,7.199999999999999
audusd,pullback_reversal_rsi,discovery,next_open,75,125,48,137,0.23357664233576642,2.4,0.08175182481751825,11.2
audusd,pullback_reversal_rsi,discovery,next_open,75,125,72,110,0.36363636363636365,1.7142857142857142,0.09090909090909091,10.0
audusd,pullback_reversal_rsi,discovery,next_open,100,40,24,176,0.03977272727272727,0.26119402985074625,-0.28125,-49.5
audusd,pullback_reversal_rsi,discovery,next_open,100,40,48,137,0.11678832116788321,0.5882352941176471,-0.20437956204379562,-28.0
audusd,pullback_reversal_rsi,discovery,next_open,100,40,72,110,0.18181818181818182,0.7936507936507936,-0.11818181818181818,-13.0
audusd,pullback_reversal_rsi,discovery,next_open,100,50,24,176,0.03977272727272727,0.2857142857142857,-0.19886363636363635,-35.0
audusd,pullback_reversal_rsi,discovery,next_open,100,50,48,137,0.11678832116788321,0.5714285714285714,-0.17518248175182483,-24.0
audusd,pullback_reversal_rsi,discovery,next_open,100,50,72,110,0.19090909090909092,0.7636363636363637,-0.11818181818181818,-13.0
audusd,pullback_reversal_rsi,discovery,next_open,100,60,24,176,0.03977272727272727,0.30701754385964913,-0.1496212121212121,-26.33333333333333
audusd,pullback_reversal_rsi,discovery,next_open,100,60,48,137,0.11678832116788321,0.54421768707483,-0.1630170316301703,-22.333333333333332
audusd,pullback_reversal_rsi,discovery,next_open,100,60,72,110,0.19090909090909092,0.660377358490566,-0.16363636363636364,-18.0
audusd,pullback_reversal_rsi,discovery,next_open,100,75,24,176,0.045454545454545456,0.4848484848484848,-0.06439393939393939,-11.333333333333334
audusd,pullback_reversal_rsi,discovery,next_open,100,75,48,137,0.12408759124087591,0.6296296296296295,-0.09732360097323602,-13.333333333333334
audusd,pullback_reversal_rsi,discovery,next_open,100,75,72,110,0.2,0.7333333333333332,-0.09696969696969698,-10.666666666666668
audusd,pullback_reversal_rsi,discovery,next_open,100,100,24,176,0.045454545454545456,1.6,0.017045454545454544,3.0
audusd,pullback_reversal_rsi,discovery,next_open,100,100,48,137,0.12408759124087591,1.0625,0.0072992700729927005,1.0
audusd,pullback_reversal_rsi,discovery,next_open,100,100,72,110,0.2,0.9166666666666666,-0.01818181818181818,-2.0
audusd,pullback_reversal_rsi,discovery,next_open,100,125,24,176,0.045454545454545456,2.1333333333333333,0.01931818181818182,3.4000000000000004
audusd,pullback_reversal_rsi,discovery,next_open,100,125,48,137,0.12408759124087591,1.7000000000000002,0.04087591240875913,5.600000000000001
audusd,pullback_reversal_rsi,discovery,next_open,100,125,72,110,0.2,1.2571428571428576,0.03272727272727273,3.6000000000000005
audusd,pullback_reversal_rsi,discovery,next_open,125,40,24,176,0.005681818181818182,0.04664179104477612,-0.36292613636363635,-63.875
audusd,pullback_reversal_rsi,discovery,next_open,125,40,48,137,0.06569343065693431,0.41360294117647056,-0.29105839416058393,-39.875
audusd,pullback_reversal_rsi,discovery,next_open,125,40,72,110,0.12727272727272726,0.6944444444444444,-0.175,-19.25
audusd,pullback_reversal_rsi,discovery,next_open,125,50,24,176,0.005681818181818182,0.05102040816326531,-0.26420454545454547,-46.5
audusd,pullback_reversal_rsi,discovery,next_open,125,50,48,137,0.06569343065693431,0.4017857142857143,-0.24452554744525548,-33.5
audusd,pullback_reversal_rsi,discovery,next_open,125,50,72,110,0.12727272727272726,0.6363636363636364,-0.18181818181818182,-20.0
audusd,pullback_reversal_rsi,discovery,next_open,125,60,24,176,0.005681818181818182,0.054824561403508776,-0.2040719696969697,-35.916666666666664
audusd,pullback_reversal_rsi,discovery,next_open,125,60,48,137,0.06569343065693431,0.3826530612244898,-0.22080291970802918,-30.249999999999996
audusd,pullback_reversal_rsi,discovery,next_open,125,60,72,110,0.12727272727272726,0.5503144654088049,-0.21666666666666665,-23.833333333333332
audusd,pullback_reversal_rsi,discovery,next_open,125,75,24,176,0.011363636363636364,0.15151515151515152,-0.10606060606060605,-18.666666666666664
audusd,pullback_reversal_rsi,discovery,next_open,125,75,48,137,0.072992700729927,0.462962962962963,-0.1411192214111922,-19.333333333333332
audusd,pullback_reversal_rsi,discovery,next_open,125,75,72,110,0.13636363636363635,0.6250000000000002,-0.13636363636363635,-14.999999999999998
audusd,pullback_reversal_rsi,discovery,next_open,125,100,24,176,0.011363636363636364,0.5,-0.014204545454545454,-2.5
audusd,pullback_reversal_rsi,discovery,next_open,125,100,48,137,0.072992700729927,0.78125,-0.025547445255474453,-3.5
audusd,pullback_reversal_rsi,discovery,next_open,125,100,72,110,0.13636363636363635,0.78125,-0.04772727272727273,-5.25
audusd,pullback_reversal_rsi,discovery,next_open,125,125,24,176,0.011363636363636364,0.6666666666666666,-0.005681818181818182,-1.0
audusd,pullback_reversal_rsi,discovery,next_open,125,125,48,137,0.072992700729927,1.25,0.014598540145985401,2.0
audusd,pullback_reversal_rsi,discovery,next_open,125,125,72,110,0.13636363636363635,1.0714285714285714,0.00909090909090909,1.0
audusd,pullback_reversal_rsi,discovery,break_signal_high,40,40,24,164,0.31097560975609756,0.9107142857142857,-0.03048780487804878,-5.0
audusd,pullback_reversal_rsi,discovery,break_signal_high,40,40,48,126,0.4603174603174603,1.0545454545454545,0.023809523809523808,3.0
audusd,pullback_reversal_rsi,discovery,break_signal_high,40,40,72,103,0.46601941747572817,0.9795918367346939,-0.009708737864077669,-1.0
audusd,pullback_reversal_rsi,discovery,break_signal_high,40,50,24,164,0.3353658536585366,1.047619047619047,0.01219512195121951,1.9999999999999996
audusd,pullback_reversal_rsi,discovery,break_signal_high,40,50,48,126,0.49206349206349204,1.1809523809523805,0.06031746031746031,7.6
audusd,pullback_reversal_rsi,discovery,break_signal_high,40,50,72,103,0.5436893203883495,1.1199999999999999,0.04660194174757279,4.799999999999997
audusd,pullback_reversal_rsi,discovery,break_signal_high,40,60,24,164,0.34146341463414637,1.037037037037037,0.008130081300812981,1.333333333333329
audusd,pullback_reversal_rsi,discovery,break_signal_high,40,60,48,126,0.5079365079365079,1.2549019607843137,0.06878306878306875,8.666666666666663
audusd,pullback_reversal_rsi,discovery,break_signal_high,40,60,72,103,0.5631067961165048,1.0740740740740737,0.025889967637540413,2.6666666666666625
audusd,pullback_reversal_rsi,discovery,break_signal_high,40,75,24,164,0.34146341463414637,1.756862745098039,0.07845528455284552,12.866666666666665
audusd,pullback_reversal_rsi,discovery,break_signal_high,40,75,48,126,0.5158730158730159,1.238095238095238,0.05291005291005288,6.6666666666666625
audusd,pullback_reversal_rsi,discovery,break_signal_high,40,75,72,103,0.5825242718446602,1.0666666666666667,0.01941747572815529,1.9999999999999947
audusd,pullback_reversal_rsi,discovery,break_signal_high,40,100,24,164,0.34146341463414637,3.1999999999999997,0.09390243902439026,15.400000000000002
audusd,pullback_reversal_rsi,discovery,break_signal_high,40,100,48,126,0.5158730158730159,1.7333333333333332,0.08730158730158728,10.999999999999998
audusd,pullback_reversal_rsi,discovery,break_signal_high,40,100,72,103,0.6019417475728155,1.5499999999999994,0.08543689320388348,8.799999999999999
audusd,pullback_reversal_rsi,discovery,break_signal_high,40,125,24,164,0.3475609756097561,9.120000000000001,0.09902439024390246,16.240000000000002
audusd,pullback_reversal_rsi,discovery,break_signal_high,40,125,48,126,0.5238095238095238,3.52,0.12,15.12
audusd,pullback_reversal_rsi,discovery,break_signal_high,40,125,72,103,0.6116504854368932,2.5200000000000005,0.11805825242718447,12.16
audusd,pullback_reversal_rsi,discovery,break_signal_high,50,40,24,164,0.18292682926829268,0.646551724137931,-0.125,-20.5
audusd,pullback_reversal_rsi,discovery,break_signal_high,50,40,48,126,0.3888888888888889,1.0560344827586208,0.025793650793650792,3.25
audusd,pullback_reversal_rsi,discovery,break_signal_high,50,40,72,103,0.42718446601941745,1.0377358490566038,0.019417475728155338,2.0
audusd,pullback_reversal_rsi,discovery,break_signal_high,50,50,24,164,0.20121951219512196,0.75,-0.06707317073170732,-11.0
audusd,pullback_reversal_rsi,discovery,break_signal_high,50,50,48,126,0.4126984126984127,1.1304347826086956,0.047619047619047616,6.0
audusd,pullback_reversal_rsi,discovery,break_signal_high,50,50,72,103,0.4854368932038835,1.1111111111111112,0.04854368932038835,5.0
audusd,pullback_reversal_rsi,discovery,break_signal_high,50,60,24,164,0.20121951219512196,0.7638888888888888,-0.051829268292682903,-8.499999999999996
audusd,pullback_reversal_rsi,discovery,break_signal_high,50,60,48,126,0.42857142857142855,1.2162162162162167,0.06349206349206352,8.000000000000004
audusd,pullback_reversal_rsi,discovery,break_signal_high,50,60,72,103,0.5048543689320388,1.0569105691056913,0.022653721682847936,2.3333333333333375
audusd,pullback_reversal_rsi,discovery,break_signal_high,50,75,24,164,0.20121951219512196,1.2941176470588236,0.03048780487804877,4.999999999999998
audusd,pullback_reversal_rsi,discovery,break_signal_high,50,75,48,126,0.4365079365079365,1.2222222222222217,0.05291005291005288,6.6666666666666625
audusd,pullback_reversal_rsi,discovery,break_signal_high,50,75,72,103,0.5145631067961165,1.0095238095238093,0.003236245954692502,0.3333333333333277
audusd,pullback_reversal_rsi,discovery,break_signal_high,50,100,24,164,0.20121951219512196,2.357142857142857,0.057926829268292686,9.5
audusd,pullback_reversal_rsi,discovery,break_signal_high,50,100,48,126,0.4365079365079365,1.8333333333333333,0.0992063492063492,12.5
audusd,pullback_reversal_rsi,discovery,break_signal_high,50,100,72,103,0.5242718446601942,1.4210526315789473,0.07766990291262135,8.0
audusd,pullback_reversal_rsi,discovery,break_signal_high,50,125,24,164,0.2073170731707317,6.800000000000001,0.07073170731707318,11.600000000000001
audusd,pullback_reversal_rsi,discovery,break_signal_high,50,125,48,126,0.4444444444444444,3.733333333333333,0.13015873015873014,16.4
audusd,pullback_reversal_rsi,discovery,break_signal_high,50,125,72,103,0.5339805825242718,2.4444444444444433,0.1262135922330097,13.0
audusd,pullback_reversal_rsi,discovery,break_signal_high,60,40,24,164,0.1524390243902439,0.646551724137931,-0.125,-20.5
audusd,pullback_reversal_rsi,discovery,break_signal_high,60,40,48,126,0.3253968253968254,1.0603448275862069,0.027777777777777776,3.5
audusd,pullback_reversal_rsi,discovery,break_signal_high,60,40,72,103,0.39805825242718446,1.1603773584905661,0.0825242718446602,8.5
audusd,pullback_reversal_rsi,discovery,break_signal_high,60,50,24,164,0.16463414634146342,0.7363636363636363,-0.07073170731707318,-11.600000000000001
audusd,pullback_reversal_rsi,discovery,break_signal_high,60,50,48,126,0.3412698412698413,1.1217391304347828,0.04444444444444445,5.600000000000001
audusd,pullback_reversal_rsi,discovery,break_signal_high,60,50,72,103,0.42718446601941745,1.147826086956522,0.06601941747572816,6.800000000000001
audusd,pullback_reversal_rsi,discovery,break_signal_high,60,60,24,164,0.16463414634146342,0.75,-0.054878048780487805,-9.0
audusd,pullback_reversal_rsi,discovery,break_signal_high,60,60,48,126,0.35714285714285715,1.2162162162162162,0.06349206349206349,8.0
audusd,pullback_reversal_rsi,discovery,break_signal_high,60,60,72,103,0.44660194174757284,1.0952380952380953,0.038834951456310676,4.0
audusd,pullback_reversal_rsi,discovery,break_signal_high,60,75,24,164,0.16463414634146342,1.270588235294118,0.028048780487804886,4.600000000000001
audusd,pullback_reversal_rsi,discovery,break_signal_high,60,75,48,126,0.36507936507936506,1.2266666666666661,0.05396825396825396,6.799999999999999
audusd,pullback_reversal_rsi,discovery,break_signal_high,60,75,72,103,0.4563106796116505,1.0742857142857136,0.025242718446601937,2.5999999999999996
audusd,pullback_reversal_rsi,discovery,break_signal_high,60,100,24,164,0.16463414634146342,2.314285714285714,0.05609756097560975,9.2
audusd,pullback_reversal_rsi,discovery,break_signal_high,60,100,48,126,0.36507936507936506,1.8400000000000005,0.09999999999999999,12.6
audusd,pullback_reversal_rsi,discovery,break_signal_high,60,100,72,103,0.46601941747572817,1.5157894736842106,0.09514563106796117,9.8
audusd,pullback_reversal_rsi,discovery,break_signal_high,60,125,24,164,0.17073170731707318,6.720000000000001,0.06975609756097562,11.440000000000001
audusd,pullback_reversal_rsi,discovery,break_signal_high,60,125,48,126,0.373015873015873,3.7600000000000002,0.13142857142857142,16.56
audusd,pullback_reversal_rsi,discovery,break_signal_high,60,125,72,103,0.47572815533980584,2.6133333333333333,0.14097087378640777,14.52
audusd,pullback_reversal_rsi,discovery,break_signal_high,75,40,24,164,0.07926829268292683,0.40625,-0.21722560975609756,-35.625
audusd,pullback_reversal_rsi,discovery,break_signal_high,75,40,48,126,0.20634920634920634,0.7991803278688525,-0.09722222222222222,-12.25
audusd,pullback_reversal_rsi,discovery,break_signal_high,75,40,72,103,0.32038834951456313,1.1049107142857142,0.05703883495145631,5.875
audusd,pullback_reversal_rsi,discovery,break_signal_high,75,50,24,164,0.08536585365853659,0.45652173913043476,-0.1524390243902439,-25.0
audusd,pullback_reversal_rsi,discovery,break_signal_high,75,50,48,126,0.2222222222222222,0.8571428571428571,-0.05555555555555555,-7.0
audusd,pullback_reversal_rsi,discovery,break_signal_high,75,50,72,103,0.34951456310679613,1.1020408163265305,0.04854368932038835,5.0
audusd,pullback_reversal_rsi,discovery,break_signal_high,75,60,24,164,0.08536585365853659,0.4605263157894737,-0.125,-20.5
audusd,pullback_reversal_rsi,discovery,break_signal_high,75,60,48,126,0.2222222222222222,0.875,-0.03968253968253968,-5.0
audusd,pullback_reversal_rsi,discovery,break_signal_high,75,60,72,103,0.36893203883495146,1.0555555555555556,0.024271844660194174,2.5
audusd,pullback_reversal_rsi,discovery,break_signal_high,75,75,24,164,0.08536585365853659,0.7777777777777778,-0.024390243902439025,-4.0
audusd,pullback_reversal_rsi,discovery,break_signal_high,75,75,48,126,0.2222222222222222,0.875,-0.031746031746031744,-4.0
audusd,pullback_reversal_rsi,discovery,break_signal_high,75,75,72,103,0.36893203883495146,1.0,0.0,0.0
audusd,pullback_reversal_rsi,discovery,break_signal_high,75,100,24,164,0.08536585365853659,1.5,0.021341463414634148,3.5
audusd,pullback_reversal_rsi,discovery,break_signal_high,75,100,48,126,0.2222222222222222,1.4,0.047619047619047616,6.0
audusd,pullback_reversal_rsi,discovery,break_signal_high,75,100,72,103,0.3786407766990291,1.4625,0.08980582524271845,9.25
audusd,pullback_reversal_rsi,discovery,break_signal_high,75,125,24,164,0.08536585365853659,4.199999999999999,0.03902439024390244,6.3999999999999995
audusd,pullback_reversal_rsi,discovery,break_signal_high,75,125,48,126,0.2222222222222222,2.8000000000000003,0.0857142857142857,10.799999999999999
audusd,pullback_reversal_rsi,discovery,break_signal_high,75,125,72,103,0.3786407766990291,2.3400000000000007,0.13009708737864076,13.399999999999999
audusd,pullback_reversal_rsi,discovery,break_signal_high,100,40,24,164,0.012195121951219513,0.08196721311475409,-0.34146341463414637,-56.0
audusd,pullback_reversal_rsi,discovery,break_signal_high,100,40,48,126,0.09523809523809523,0.4838709677419355,-0.25396825396825395,-32.0
audusd,pullback_reversal_rsi,discovery,break_signal_high,100,40,72,103,0.18446601941747573,0.8189655172413793,-0.10194174757281553,-10.5
audusd,pullback_reversal_rsi,discovery,break_signal_high,100,50,24,164,0.018292682926829267,0.13043478260869565,-0.24390243902439024,-40.0
audusd,pullback_reversal_rsi,discovery,break_signal_high,100,50,48,126,0.10317460317460317,0.5306122448979592,-0.18253968253968253,-23.0
audusd,pullback_reversal_rsi,discovery,break_signal_high,100,50,72,103,0.20388349514563106,0.8571428571428571,-0.06796116504854369,-7.0
audusd,pullback_reversal_rsi,discovery,break_signal_high,100,60,24,164,0.018292682926829267,0.13157894736842105,-0.20121951219512196,-33.0
audusd,pullback_reversal_rsi,discovery,break_signal_high,100,60,48,126,0.10317460317460317,0.5416666666666667,-0.1455026455026455,-18.333333333333332
audusd,pullback_reversal_rsi,discovery,break_signal_high,100,60,72,103,0.21359223300970873,0.8148148148148148,-0.08090614886731388,-8.33333333333333
audusd,pullback_reversal_rsi,discovery,break_signal_high,100,75,24,164,0.018292682926829267,0.2222222222222222,-0.08536585365853659,-14.0
audusd,pullback_reversal_rsi,discovery,break_signal_high,100,75,48,126,0.10317460317460317,0.5416666666666666,-0.11640211640211641,-14.666666666666668
audusd,pullback_reversal_rsi,discovery,break_signal_high,100,75,72,103,0.21359223300970873,0.7719298245614032,-0.08414239482200651,-8.666666666666671
audusd,pullback_reversal_rsi,discovery,break_signal_high,100,100,24,164,0.018292682926829267,0.42857142857142855,-0.024390243902439025,-4.0
audusd,pullback_reversal_rsi,discovery,break_signal_high,100,100,48,126,0.10317460317460317,0.8666666666666667,-0.015873015873015872,-2.0
audusd,pullback_reversal_rsi,discovery,break_signal_high,100,100,72,103,0.22330097087378642,1.15,0.02912621359223301,3.0
audusd,pullback_reversal_rsi,discovery,break_signal_high,100,125,24,164,0.018292682926829267,1.2000000000000002,0.0024390243902439033,0.40000000000000013
audusd,pullback_reversal_rsi,discovery,break_signal_high,100,125,48,126,0.10317460317460317,1.7333333333333336,0.03492063492063493,4.400000000000001
audusd,pullback_reversal_rsi,discovery,break_signal_high,100,125,72,103,0.22330097087378642,1.8400000000000005,0.08155339805825243,8.4
audusd,pullback_reversal_rsi,discovery,break_signal_high,125,40,24,164,0.006097560975609756,0.05122950819672131,-0.35289634146341464,-57.875
audusd,pullback_reversal_rsi,discovery,break_signal_high,125,40,48,126,0.03968253968253968,0.25201612903225806,-0.3680555555555556,-46.375
audusd,pullback_reversal_rsi,discovery,break_signal_high,125,40,72,103,0.0970873786407767,0.5387931034482759,-0.25970873786407767,-26.75
audusd,pullback_reversal_rsi,discovery,break_signal_high,125,50,24,164,0.006097560975609756,0.05434782608695652,-0.2652439024390244,-43.5
audusd,pullback_reversal_rsi,discovery,break_signal_high,125,50,48,126,0.047619047619047616,0.30612244897959184,-0.2698412698412698,-34.0
audusd,pullback_reversal_rsi,discovery,break_signal_high,125,50,72,103,0.11650485436893204,0.6122448979591837,-0.18446601941747573,-19.0
audusd,pullback_reversal_rsi,discovery,break_signal_high,125,60,24,164,0.006097560975609756,0.054824561403508776,-0.2190040650406504,-35.916666666666664
audusd,pullback_reversal_rsi,discovery,break_signal_high,125,60,48,126,0.047619047619047616,0.31250000000000006,-0.21825396825396826,-27.5
audusd,pullback_reversal_rsi,discovery,break_signal_high,125,60,72,103,0.11650485436893204,0.5555555555555555,-0.1941747572815534,-20.0
audusd,pullback_reversal_rsi,discovery,break_signal_high,125,75,24,164,0.006097560975609756,0.0925925925925926,-0.09959349593495934,-16.333333333333332
audusd,pullback_reversal_rsi,discovery,break_signal_high,125,75,48,126,0.047619047619047616,0.3125,-0.1746031746031746,-22.0
audusd,pullback_reversal_rsi,discovery,break_signal_high,125,75,72,103,0.11650485436893204,0.5263157894736843,-0.17475728155339806,-18.0
audusd,pullback_reversal_rsi,discovery,break_signal_high,125,100,24,164,0.006097560975609756,0.17857142857142858,-0.0350609756097561,-5.75
audusd,pullback_reversal_rsi,discovery,break_signal_high,125,100,48,126,0.047619047619047616,0.5,-0.05952380952380952,-7.5
audusd,pullback_reversal_rsi,discovery,break_signal_high,125,100,72,103,0.11650485436893204,0.75,-0.04854368932038835,-5.0
audusd,pullback_reversal_rsi,discovery,break_signal_high,125,125,24,164,0.006097560975609756,0.5,-0.006097560975609756,-1.0
audusd,pullback_reversal_rsi,discovery,break_signal_high,125,125,48,126,0.047619047619047616,1.0,0.0,0.0
audusd,pullback_reversal_rsi,discovery,break_signal_high,125,125,72,103,0.11650485436893204,1.2,0.019417475728155338,2.0
audusd,pullback_reversal_rsi,discovery,confirm_1bar,40,40,24,132,0.3106060606060606,0.803921568627451,-0.07575757575757576,-10.0
audusd,pullback_reversal_rsi,discovery,confirm_1bar,40,40,48,109,0.43119266055045874,0.9038461538461539,-0.045871559633027525,-5.0
audusd,pullback_reversal_rsi,discovery,confirm_1bar,40,40,72,94,0.4574468085106383,0.9347826086956522,-0.031914893617021274,-3.0
audusd,pullback_reversal_rsi,discovery,confirm_1bar,40,50,24,132,0.32575757575757575,0.9297297297297294,-0.019696969696969695,-2.5999999999999996
audusd,pullback_reversal_rsi,discovery,confirm_1bar,40,50,48,109,0.44954128440366975,0.8909090909090908,-0.04403669724770643,-4.800000000000001
audusd,pullback_reversal_rsi,discovery,confirm_1bar,40,50,72,94,0.5,0.8952380952380947,-0.046808510638297864,-4.3999999999999995
audusd,pullback_reversal_rsi,discovery,confirm_1bar,40,60,24,132,0.3409090909090909,1.0714285714285716,0.015151515151515138,1.9999999999999982
audusd,pullback_reversal_rsi,discovery,confirm_1bar,40,60,48,109,0.45871559633027525,0.9009009009009008,-0.03363914373088689,-3.666666666666671
audusd,pullback_reversal_rsi,discovery,confirm_1bar,40,60,72,94,0.5319148936170213,0.9009009009009008,-0.0390070921985816,-3.666666666666671
audusd,pullback_reversal_rsi,discovery,confirm_1bar,40,75,24,132,0.3409090909090909,1.2631578947368425,0.03787878787878787,4.999999999999999
audusd,pullback_reversal_rsi,discovery,confirm_1bar,40,75,48,109,0.45871559633027525,0.888888888888889,-0.030581039755351713,-3.3333333333333366
audusd,pullback_reversal_rsi,discovery,confirm_1bar,40,75,72,94,0.5425531914893617,0.8242424242424243,-0.06170212765957449,-5.800000000000002
audusd,pullback_reversal_rsi,discovery,confirm_1bar,40,100,24,132,0.3409090909090909,2.9999999999999987,0.09090909090909093,12.000000000000002
audusd,pullback_reversal_rsi,discovery,confirm_1bar,40,100,48,109,0.46788990825688076,1.3599999999999997,0.04954128440366973,5.4
audusd,pullback_reversal_rsi,discovery,confirm_1bar,40,100,72,94,0.574468085106383,1.1368421052631574,0.027659574468085108,2.6
audusd,pullback_reversal_rsi,discovery,confirm_1bar,40,125,24,132,0.3484848484848485,inf,0.11151515151515153,14.72
audusd,pullback_reversal_rsi,discovery,confirm_1bar,40,125,48,109,0.47706422018348627,2.08,0.07926605504587156,8.64
audusd,pullback_reversal_rsi,discovery,confirm_1bar,40,125,72,94,0.5851063829787234,1.9555555555555557,0.09148936170212768,8.600000000000001
audusd,pullback_reversal_rsi,discovery,confirm_1bar,50,40,24,132,0.20454545454545456,0.6367924528301887,-0.14583333333333334,-19.25
audusd,pullback_reversal_rsi,discovery,confirm_1bar,50,40,48,109,0.3577981651376147,0.9198113207547169,-0.0389908256880734,-4.25
audusd,pullback_reversal_rsi,discovery,confirm_1bar,50,40,72,94,0.4148936170212766,1.015625,0.007978723404255319,0.75
audusd,pullback_reversal_rsi,discovery,confirm_1bar,50,50,24,132,0.20454545454545456,0.6923076923076923,-0.09090909090909091,-12.0
audusd,pullback_reversal_rsi,discovery,confirm_1bar,50,50,48,109,0.3761467889908257,0.9111111111111111,-0.03669724770642202,-4.0
audusd,pullback_reversal_rsi,discovery,confirm_1bar,50,50,72,94,0.44680851063829785,0.9545454545454546,-0.02127659574468085,-2.0
audusd,pullback_reversal_rsi,discovery,confirm_1bar,50,60,24,132,0.21212121212121213,0.7777777777777776,-0.05050505050505049,-6.666666666666664
audusd,pullback_reversal_rsi,discovery,confirm_1bar,50,60,48,109,0.3853211009174312,0.9210526315789476,-0.02752293577981649,-2.9999999999999973
audusd,pullback_reversal_rsi,discovery,confirm_1bar,50,60,72,94,0.4787234042553192,0.9615384615384619,-0.01595744680851061,-1.4999999999999973
audusd,pullback_reversal_rsi,discovery,confirm_1bar,50,75,24,132,0.21212121212121213,0.8888888888888891,-0.01767676767676768,-2.333333333333334
audusd,pullback_reversal_rsi,discovery,confirm_1bar,50,75,48,109,0.3853211009174312,0.9032258064516129,-0.027522935779816543,-3.000000000000003
audusd,pullback_reversal_rsi,discovery,confirm_1bar,50,75,72,94,0.48936170212765956,0.8761904761904763,-0.04609929078014187,-4.333333333333336
audusd,pullback_reversal_rsi,discovery,confirm_1bar,50,100,24,132,0.21212121212121213,2.3333333333333335,0.06060606060606061,8.0
audusd,pullback_reversal_rsi,discovery,confirm_1bar,50,100,48,109,0.3853211009174312,1.4,0.05504587155963303,6.0
audusd,pullback_reversal_rsi,discovery,confirm_1bar,50,100,72,94,0.5319148936170213,1.25,0.05319148936170213,5.0
audusd,pullback_reversal_rsi,discovery,confirm_1bar,50,125,24,132,0.2196969696969697,inf,0.08787878787878789,11.600000000000001
audusd,pullback_reversal_rsi,discovery,confirm_1bar,50,125,48,109,0.3944954128440367,2.1499999999999995,0.08440366972477065,9.200000000000001
audusd,pullback_reversal_rsi,discovery,confirm_1bar,50,125,72,94,0.5425531914893617,2.0399999999999996,0.11063829787234043,10.4
audusd,pullback_reversal_rsi,discovery,confirm_1bar,60,40,24,132,0.12878787878787878,0.4811320754716981,-0.20833333333333334,-27.5
audusd,pullback_reversal_rsi,discovery,confirm_1bar,60,40,48,109,0.29357798165137616,0.8727272727272727,-0.06422018348623854,-7.0
audusd,pullback_reversal_rsi,discovery,confirm_1bar,60,40,72,94,0.3404255319148936,0.9411764705882353,-0.031914893617021274,-3.0
audusd,pullback_reversal_rsi,discovery,confirm_1bar,60,50,24,132,0.12878787878787878,0.523076923076923,-0.14090909090909093,-18.6
audusd,pullback_reversal_rsi,discovery,confirm_1bar,60,50,48,109,0.30275229357798167,0.8425531914893617,-0.06788990825688071,-7.399999999999998
audusd,pullback_reversal_rsi,discovery,confirm_1bar,60,50,72,94,0.3617021276595745,0.8680851063829789,-0.06595744680851065,-6.200000000000001
audusd,pullback_reversal_rsi,discovery,confirm_1bar,60,60,24,132,0.12878787878787878,0.5666666666666667,-0.09848484848484848,-13.0
audusd,pullback_reversal_rsi,discovery,confirm_1bar,60,60,48,109,0.3119266055045872,0.85,-0.05504587155963303,-6.0
audusd,pullback_reversal_rsi,discovery,confirm_1bar,60,60,72,94,0.39361702127659576,0.8809523809523809,-0.05319148936170213,-5.0
audusd,pullback_reversal_rsi,discovery,confirm_1bar,60,75,24,132,0.12878787878787878,0.6476190476190476,-0.05606060606060605,-7.399999999999999
audusd,pullback_reversal_rsi,discovery,confirm_1bar,60,75,48,109,0.3119266055045872,0.8242424242424243,-0.05321100917431194,-5.800000000000002
audusd,pullback_reversal_rsi,discovery,confirm_1bar,60,75,72,94,0.40425531914893614,0.8000000000000002,-0.08085106382978723,-7.599999999999999
audusd,pullback_reversal_rsi,discovery,confirm_1bar,60,100,24,132,0.12878787878787878,1.7,0.031818181818181815,4.199999999999999
audusd,pullback_reversal_rsi,discovery,confirm_1bar,60,100,48,109,0.3119266055045872,1.2000000000000002,0.031192660550458717,3.4000000000000004
audusd,pullback_reversal_rsi,discovery,confirm_1bar,60,100,72,94,0.425531914893617,1.0434782608695652,0.010638297872340432,1.0000000000000007
audusd,pullback_reversal_rsi,discovery,confirm_1bar,60,125,24,132,0.12878787878787878,inf,0.06181818181818182,8.16
audusd,pullback_reversal_rsi,discovery,confirm_1bar,60,125,48,109,0.3119266055045872,2.04,0.0763302752293578,8.32
audusd,pullback_reversal_rsi,discovery,confirm_1bar,60,125,72,94,0.425531914893617,1.7454545454545454,0.0872340425531915,8.200000000000001
audusd,pullback_reversal_rsi,discovery,confirm_1bar,75,40,24,132,0.06818181818181818,0.3125,-0.28125,-37.125
audusd,pullback_reversal_rsi,discovery,confirm_1bar,75,40,48,109,0.21100917431192662,0.7700892857142857,-0.11811926605504587,-12.875
audusd,pullback_reversal_rsi,discovery,confirm_1bar,75,40,72,94,0.3191489361702128,1.0817307692307692,0.04521276595744681,4.25
audusd,pullback_reversal_rsi,discovery,confirm_1bar,75,50,24,132,0.06818181818181818,0.34615384615384615,-0.19318181818181818,-25.5
audusd,pullback_reversal_rsi,discovery,confirm_1bar,75,50,48,109,0.21100917431192662,0.71875,-0.12385321100917432,-13.5
audusd,pullback_reversal_rsi,discovery,confirm_1bar,75,50,72,94,0.3404255319148936,1.0,0.0,0.0
audusd,pullback_reversal_rsi,discovery,confirm_1bar,75,60,24,132,0.06818181818181818,0.375,-0.14204545454545456,-18.75
audusd,pullback_reversal_rsi,discovery,confirm_1bar,75,60,48,109,0.21100917431192662,0.7012195121951219,-0.11238532110091744,-12.25
audusd,pullback_reversal_rsi,discovery,confirm_1bar,75,60,72,94,0.35106382978723405,0.9593023255813954,-0.018617021276595744,-1.75
audusd,pullback_reversal_rsi,discovery,confirm_1bar,75,75,24,132,0.06818181818181818,0.42857142857142855,-0.09090909090909091,-12.0
audusd,pullback_reversal_rsi,discovery,confirm_1bar,75,75,48,109,0.21100917431192662,0.6764705882352942,-0.10091743119266056,-11.0
audusd,pullback_reversal_rsi,discovery,confirm_1bar,75,75,72,94,0.3617021276595745,0.8717948717948718,-0.05319148936170213,-5.0
audusd,pullback_reversal_rsi,discovery,confirm_1bar,75,100,24,132,0.06818181818181818,1.125,0.005681818181818182,0.75
audusd,pullback_reversal_rsi,discovery,confirm_1bar,75,100,48,109,0.21100917431192662,1.0147058823529411,0.0022935779816513763,0.25
audusd,pullback_reversal_rsi,discovery,confirm_1bar,75,100,72,94,0.3829787234042553,1.173913043478261,0.0425531914893617,4.0
audusd,pullback_reversal_rsi,discovery,confirm_1bar,75,125,24,132,0.06818181818181818,inf,0.04090909090909091,5.4
audusd,pullback_reversal_rsi,discovery,confirm_1bar,75,125,48,109,0.21100917431192662,1.7249999999999996,0.05321100917431192,5.8
audusd,pullback_reversal_rsi,discovery,confirm_1bar,75,125,72,94,0.3829787234042553,1.963636363636364,0.1127659574468085,10.6
audusd,pullback_reversal_rsi,discovery,confirm_1bar,100,40,24,132,0.022727272727272728,0.1388888888888889,-0.3522727272727273,-46.5
audusd,pullback_reversal_rsi,discovery,confirm_1bar,100,40,48,109,0.10091743119266056,0.4824561403508772,-0.2706422018348624,-29.5
audusd,pullback_reversal_rsi,discovery,confirm_1bar,100,40,72,94,0.1595744680851064,0.6944444444444444,-0.17553191489361702,-16.5
audusd,pullback_reversal_rsi,discovery,confirm_1bar,100,50,24,132,0.022727272727272728,0.15384615384615385,-0.25,-33.0
audusd,pullback_reversal_rsi,discovery,confirm_1bar,100,50,48,109,0.10091743119266056,0.4583333333333333,-0.23853211009174313,-26.0
audusd,pullback_reversal_rsi,discovery,confirm_1bar,100,50,72,94,0.18085106382978725,0.6938775510204082,-0.1595744680851064,-15.0
audusd,pullback_reversal_rsi,discovery,confirm_1bar,100,60,24,132,0.022727272727272728,0.16666666666666666,-0.1893939393939394,-25.0
audusd,pullback_reversal_rsi,discovery,confirm_1bar,100,60,48,109,0.10091743119266056,0.4471544715447155,-0.2079510703363914,-22.666666666666664
audusd,pullback_reversal_rsi,discovery,confirm_1bar,100,60,72,94,0.19148936170212766,0.6976744186046513,-0.1382978723404255,-12.999999999999998
audusd,pullback_reversal_rsi,discovery,confirm_1bar,100,75,24,132,0.022727272727272728,0.19047619047619047,-0.12878787878787878,-17.0
audusd,pullback_reversal_rsi,discovery,confirm_1bar,100,75,48,109,0.10091743119266056,0.43137254901960786,-0.17737003058103978,-19.333333333333336
audusd,pullback_reversal_rsi,discovery,confirm_1bar,100,75,72,94,0.19148936170212766,0.6153846153846153,-0.15957446808510645,-15.000000000000005
audusd,pullback_reversal_rsi,discovery,confirm_1bar,100,100,24,132,0.022727272727272728,0.5,-0.022727272727272728,-3.0
audusd,pullback_reversal_rsi,discovery,confirm_1bar,100,100,48,109,0.10091743119266056,0.6470588235294118,-0.05504587155963303,-6.0
audusd,pullback_reversal_rsi,discovery,confirm_1bar,100,100,72,94,0.2127659574468085,0.8695652173913043,-0.031914893617021274,-3.0
audusd,pullback_reversal_rsi,discovery,confirm_1bar,100,125,24,132,0.022727272727272728,inf,0.018181818181818184,2.4000000000000004
audusd,pullback_reversal_rsi,discovery,confirm_1bar,100,125,48,109,0.10091743119266056,1.1,0.00733944954128441,0.8000000000000007
audusd,pullback_reversal_rsi,discovery,confirm_1bar,100,125,72,94,0.2127659574468085,1.4545454545454548,0.05319148936170213,5.0
audusd,pullback_reversal_rsi,discovery,confirm_1bar,125,40,24,132,0.007575757575757576,0.05787037037037037,-0.3854166666666667,-50.875
audusd,pullback_reversal_rsi,discovery,confirm_1bar,125,40,48,109,0.05504587155963303,0.32894736842105265,-0.35091743119266056,-38.25
audusd,pullback_reversal_rsi,discovery,confirm_1bar,125,40,72,94,0.11702127659574468,0.6365740740740741,-0.20877659574468085,-19.625
audusd,pullback_reversal_rsi,discovery,confirm_1bar,125,50,24,132,0.007575757575757576,0.0641025641025641,-0.2765151515151515,-36.5
audusd,pullback_reversal_rsi,discovery,confirm_1bar,125,50,48,109,0.05504587155963303,0.3125,-0.30275229357798167,-33.0
audusd,pullback_reversal_rsi,discovery,confirm_1bar,125,50,72,94,0.11702127659574468,0.5612244897959183,-0.22872340425531915,-21.5
audusd,pullback_reversal_rsi,discovery,confirm_1bar,125,60,24,132,0.007575757575757576,0.06944444444444445,-0.21148989898989898,-27.916666666666664
audusd,pullback_reversal_rsi,discovery,confirm_1bar,125,60,48,109,0.05504587155963303,0.30487804878048785,-0.26146788990825687,-28.5
audusd,pullback_reversal_rsi,discovery,confirm_1bar,125,60,72,94,0.11702127659574468,0.5329457364341085,-0.21365248226950354,-20.083333333333332
audusd,pullback_reversal_rsi,discovery,confirm_1bar,125,75,24,132,0.007575757575757576,0.07936507936507937,-0.14646464646464646,-19.333333333333332
audusd,pullback_reversal_rsi,discovery,confirm_1bar,125,75,48,109,0.05504587155963303,0.29411764705882354,-0.22018348623853212,-24.0
audusd,pullback_reversal_rsi,discovery,confirm_1bar,125,75,72,94,0.11702127659574468,0.47008547008547014,-0.21985815602836872,-20.66666666666666
audusd,pullback_reversal_rsi,discovery,confirm_1bar,125,100,24,132,0.007575757575757576,0.20833333333333334,-0.03598484848484849,-4.75
audusd,pullback_reversal_rsi,discovery,confirm_1bar,125,100,48,109,0.05504587155963303,0.4411764705882353,-0.0871559633027523,-9.5
audusd,pullback_reversal_rsi,discovery,confirm_1bar,125,100,72,94,0.13829787234042554,0.7065217391304348,-0.07180851063829788,-6.75
audusd,pullback_reversal_rsi,discovery,confirm_1bar,125,125,24,132,0.007575757575757576,inf,0.007575757575757576,1.0
audusd,pullback_reversal_rsi,discovery,confirm_1bar,125,125,48,109,0.05504587155963303,0.75,-0.01834862385321101,-2.0
audusd,pullback_reversal_rsi,discovery,confirm_1bar,125,125,72,94,0.13829787234042554,1.1818181818181819,0.02127659574468085,2.0
audusd,pullback_reversal_rsi,validation,next_open,40,40,24,56,0.25,0.6666666666666666,-0.125,-7.0
audusd,pullback_reversal_rsi,validation,next_open,40,40,48,42,0.35714285714285715,0.7894736842105263,-0.09523809523809523,-4.0
audusd,pullback_reversal_rsi,validation,next_open,40,40,72,37,0.40540540540540543,0.75,-0.13513513513513514,-5.0
audusd,pullback_reversal_rsi,validation,next_open,40,50,24,56,0.2857142857142857,1.0666666666666667,0.0142857142857143,0.8000000000000007
audusd,pullback_reversal_rsi,validation,next_open,40,50,48,42,0.38095238095238093,0.9142857142857144,-0.02857142857142857,-1.2
audusd,pullback_reversal_rsi,validation,next_open,40,50,72,37,0.43243243243243246,0.7529411764705882,-0.11351351351351355,-4.200000000000001
audusd,pullback_reversal_rsi,validation,next_open,40,60,24,56,0.2857142857142857,2.1333333333333333,0.10119047619047618,5.666666666666666
audusd,pullback_reversal_rsi,validation,next_open,40,60,48,42,0.38095238095238093,0.8205128205128205,-0.05555555555555558,-2.3333333333333344
audusd,pullback_reversal_rsi,validation,next_open,40,60,72,37,0.43243243243243246,0.6274509803921569,-0.17117117117117117,-6.333333333333333
audusd,pullback_reversal_rsi,validation,next_open,40,75,24,56,0.2857142857142857,4.266666666666667,0.11666666666666668,6.533333333333334
audusd,pullback_reversal_rsi,validation,next_open,40,75,48,42,0.38095238095238093,1.0666666666666667,0.012698412698412693,0.5333333333333331
audusd,pullback_reversal_rsi,validation,next_open,40,75,72,37,0.4594594594594595,0.8242424242424242,-0.052252252252252274,-1.933333333333334
audusd,pullback_reversal_rsi,validation,next_open,40,100,24,56,0.2857142857142857,6.4,0.09642857142857143,5.4
audusd,pullback_reversal_rsi,validation,next_open,40,100,48,42,0.38095238095238093,1.6,0.05714285714285715,2.4000000000000004
audusd,pullback_reversal_rsi,validation,next_open,40,100,72,37,0.4594594594594595,0.8500000000000001,-0.03243243243243243,-1.1999999999999997
audusd,pullback_reversal_rsi,validation,next_open,40,125,24,56,0.30357142857142855,inf,0.09714285714285716,5.44
audusd,pullback_reversal_rsi,validation,next_open,40,125,48,42,0.40476190476190477,5.44,0.10571428571428572,4.44
audusd,pullback_reversal_rsi,validation,next_open,40,125,72,37,0.5135135135135135,1.0133333333333334,0.002162162162162173,0.0800000000000004
audusd,pullback_reversal_rsi,validation,next_open,50,40,24,56,0.16071428571428573,0.5357142857142857,-0.17410714285714285,-9.75
audusd,pullback_reversal_rsi,validation,next_open,50,40,48,42,0.30952380952380953,0.8552631578947368,-0.06547619047619048,-2.75
audusd,pullback_reversal_rsi,validation,next_open,50,40,72,37,0.35135135135135137,0.8125,-0.10135135135135136,-3.75
audusd,pullback_reversal_rsi,validation,next_open,50,50,24,56,0.19642857142857142,0.9166666666666666,-0.017857142857142856,-1.0
audusd,pullback_reversal_rsi,validation,next_open,50,50,48,42,0.3333333333333333,1.0,0.0,0.0
audusd,pullback_reversal_rsi,validation,next_open,50,50,72,37,0.3783783783783784,0.8235294117647058,-0.08108108108108109,-3.0
audusd,pullback_reversal_rsi,validation,next_open,50,60,24,56,0.19642857142857142,1.8333333333333335,0.07440476190476193,4.166666666666668
audusd,pullback_reversal_rsi,validation,next_open,50,60,48,42,0.3333333333333333,0.8974358974358977,-0.03174603174603173,-1.3333333333333326
audusd,pullback_reversal_rsi,validation,next_open,50,60,72,37,0.3783783783783784,0.6862745098039218,-0.14414414414414412,-5.333333333333332
audusd,pullback_reversal_rsi,validation,next_open,50,75,24,56,0.19642857142857142,3.666666666666667,0.09523809523809522,5.333333333333332
audusd,pullback_reversal_rsi,validation,next_open,50,75,48,42,0.3333333333333333,1.1666666666666665,0.03174603174603173,1.3333333333333326
audusd,pullback_reversal_rsi,validation,next_open,50,75,72,37,0.40540540540540543,0.909090909090909,-0.02702702702702704,-1.0000000000000004
audusd,pullback_reversal_rsi,validation,next_open,50,100,24,56,0.19642857142857142,5.5,0.08035714285714286,4.5
audusd,pullback_reversal_rsi,validation,next_open,50,100,48,42,0.3333333333333333,1.75,0.07142857142857142,3.0
audusd,pullback_reversal_rsi,validation,next_open,50,100,72,37,0.40540540540540543,0.9375,-0.013513513513513514,-0.5
audusd,pullback_reversal_rsi,validation,next_open,50,125,24,56,0.21428571428571427,inf,0.08571428571428572,4.8
audusd,pullback_reversal_rsi,validation,next_open,50,125,48,42,0.35714285714285715,6.000000000000002,0.11904761904761907,5.000000000000001
audusd,pullback_reversal_rsi,validation,next_open,50,125,72,37,0.43243243243243246,1.0666666666666667,0.010810810810810829,0.4000000000000007
audusd,pullback_reversal_rsi,validation,next_open,60,40,24,56,0.03571428571428571,0.14285714285714285,-0.32142857142857145,-18.0
audusd,pullback_reversal_rsi,validation,next_open,60,40,48,42,0.16666666666666666,0.5526315789473685,-0.20238095238095238,-8.5
audusd,pullback_reversal_rsi,validation,next_open,60,40,72,37,0.24324324324324326,0.6428571428571429,-0.20270270270270271,-7.5
audusd,pullback_reversal_rsi,validation,next_open,60,50,24,56,0.05357142857142857,0.3,-0.14999999999999997,-8.399999999999999
audusd,pullback_reversal_rsi,validation,next_open,60,50,48,42,0.19047619047619047,0.6857142857142857,-0.10476190476190476,-4.4
audusd,pullback_reversal_rsi,validation,next_open,60,50,72,37,0.2702702702702703,0.6666666666666665,-0.1621621621621622,-6.000000000000002
audusd,pullback_reversal_rsi,validation,next_open,60,60,24,56,0.05357142857142857,0.6,-0.03571428571428571,-2.0
audusd,pullback_reversal_rsi,validation,next_open,60,60,48,42,0.19047619047619047,0.6153846153846154,-0.11904761904761904,-5.0
audusd,pullback_reversal_rsi,validation,next_open,60,60,72,37,0.2702702702702703,0.5882352941176471,-0.1891891891891892,-7.0
audusd,pullback_reversal_rsi,validation,next_open,60,75,24,56,0.05357142857142857,1.2000000000000002,0.007142857142857145,0.40000000000000013
audusd,pullback_reversal_rsi,validation,next_open,60,75,48,42,0.19047619047619047,0.8,-0.038095238095238085,-1.5999999999999994
audusd,pullback_reversal_rsi,validation,next_open,60,75,72,37,0.2972972972972973,0.8,-0.05945945945945946,-2.2
audusd,pullback_reversal_rsi,validation,next_open,60,100,24,56,0.05357142857142857,1.7999999999999998,0.014285714285714285,0.7999999999999999
audusd,pullback_reversal_rsi,validation,next_open,60,100,48,42,0.19047619047619047,1.2,0.019047619047619046,0.7999999999999999
audusd,pullback_reversal_rsi,validation,next_open,60,100,72,37,0.2972972972972973,0.8249999999999998,-0.03783783783783783,-1.4
audusd,pullback_reversal_rsi,validation,next_open,60,125,24,56,0.07142857142857142,inf,0.03428571428571429,1.92
audusd,pullback_reversal_rsi,validation,next_open,60,125,48,42,0.21428571428571427,4.32,0.07904761904761905,3.32
audusd,pullback_reversal_rsi,validation,next_open,60,125,72,37,0.32432432432432434,0.9600000000000003,-0.006486486486486492,-0.2400000000000002
audusd,pullback_reversal_rsi,validation,next_open,75,40,24,56,0.017857142857142856,0.08928571428571429,-0.34151785714285715,-19.125
audusd,pullback_reversal_rsi,validation,next_open,75,40,48,42,0.07142857142857142,0.29605263157894735,-0.31845238095238093,-13.375
audusd,pullback_reversal_rsi,validation,next_open,75,40,72,37,0.16216216216216217,0.5357142857142857,-0.2635135135135135,-9.75
audusd,pullback_reversal_rsi,validation,next_open,75,50,24,56,0.03571428571428571,0.25,-0.16071428571428573,-9.0
audusd,pullback_reversal_rsi,validation,next_open,75,50,48,42,0.09523809523809523,0.42857142857142855,-0.19047619047619047,-8.0
audusd,pullback_reversal_rsi,validation,next_open,75,50,72,37,0.1891891891891892,0.5833333333333334,-0.20270270270270271,-7.5
audusd,pullback_reversal_rsi,validation,next_open,75,60,24,56,0.03571428571428571,0.5,-0.044642857142857144,-2.5
audusd,pullback_reversal_rsi,validation,next_open,75,60,48,42,0.09523809523809523,0.38461538461538464,-0.19047619047619047,-8.0
audusd,pullback_reversal_rsi,validation,next_open,75,60,72,37,0.1891891891891892,0.5147058823529411,-0.22297297297297297,-8.25
audusd,pullback_reversal_rsi,validation,next_open,75,75,24,56,0.03571428571428571,1.0,0.0,0.0
audusd,pullback_reversal_rsi,validation,next_open,75,75,48,42,0.09523809523809523,0.5,-0.09523809523809523,-4.0
audusd,pullback_reversal_rsi,validation,next_open,75,75,72,37,0.21621621621621623,0.7272727272727273,-0.08108108108108109,-3.0
audusd,pullback_reversal_rsi,validation,next_open,75,100,24,56,0.03571428571428571,1.5,0.008928571428571428,0.5
audusd,pullback_reversal_rsi,validation,next_open,75,100,48,42,0.09523809523809523,0.75,-0.023809523809523808,-1.0
audusd,pullback_reversal_rsi,validation,next_open,75,100,72,37,0.21621621621621623,0.75,-0.05405405405405406,-2.0
audusd,pullback_reversal_rsi,validation,next_open,75,125,24,56,0.05357142857142857,inf,0.03214285714285714,1.7999999999999998
audusd,pullback_reversal_rsi,validation,next_open,75,125,48,42,0.11904761904761904,3.0,0.047619047619047616,2.0
audusd,pullback_reversal_rsi,validation,next_open,75,125,72,37,0.24324324324324326,0.8999999999999999,-0.016216216216216217,-0.6000000000000001
audusd,pullback_reversal_rsi,validation,next_open,100,40,24,56,0.0,0.0,-0.39285714285714285,-22.0
audusd,pullback_reversal_rsi,validation,next_open,100,40,48,42,0.023809523809523808,0.13157894736842105,-0.39285714285714285,-16.5
audusd,pullback_reversal_rsi,validation,next_open,100,40,72,37,0.08108108108108109,0.35714285714285715,-0.36486486486486486,-13.5
audusd,pullback_reversal_rsi,validation,next_open,100,50,24,56,0.0,0.0,-0.23214285714285715,-13.0
audusd,pullback_reversal_rsi,validation,next_open,100,50,48,42,0.023809523809523808,0.14285714285714285,-0.2857142857142857,-12.0
audusd,pullback_reversal_rsi,validation,next_open,100,50,72,37,0.08108108108108109,0.3333333333333333,-0.32432432432432434,-12.0
audusd,pullback_reversal_rsi,validation,next_open,100,60,24,56,0.0,0.0,-0.10714285714285714,-6.0
audusd,pullback_reversal_rsi,validation,next_open,100,60,48,42,0.023809523809523808,0.12820512820512822,-0.2698412698412698,-11.333333333333332
audusd,pullback_reversal_rsi,validation,next_open,100,60,72,37,0.08108108108108109,0.29411764705882354,-0.32432432432432434,-12.0
audusd,pullback_reversal_rsi,validation,next_open,100,75,24,56,0.0,0.0,-0.05357142857142857,-3.0
audusd,pullback_reversal_rsi,validation,next_open,100,75,48,42,0.023809523809523808,0.16666666666666666,-0.15873015873015875,-6.666666666666667
audusd,pullback_reversal_rsi,validation,next_open,100,75,72,37,0.10810810810810811,0.4848484848484848,-0.15315315315315317,-5.666666666666667
audusd,pullback_reversal_rsi,validation,next_open,100,100,24,56,0.0,0.0,-0.017857142857142856,-1.0
audusd,pullback_reversal_rsi,validation,next_open,100,100,48,42,0.023809523809523808,0.25,-0.07142857142857142,-3.0
audusd,pullback_reversal_rsi,validation,next_open,100,100,72,37,0.10810810810810811,0.5,-0.10810810810810811,-4.0
audusd,pullback_reversal_rsi,validation,next_open,100,125,24,56,0.0,inf,0.0,0.0
audusd,pullback_reversal_rsi,validation,next_open,100,125,48,42,0.023809523809523808,0.8,-0.004761904761904761,-0.19999999999999996
audusd,pullback_reversal_rsi,validation,next_open,100,125,72,37,0.13513513513513514,0.6666666666666666,-0.05405405405405406,-2.0
audusd,pullback_reversal_rsi,validation,next_open,125,40,24,56,0.0,0.0,-0.39285714285714285,-22.0
audusd,pullback_reversal_rsi,validation,next_open,125,40,48,42,0.0,0.0,-0.4523809523809524,-19.0
audusd,pullback_reversal_rsi,validation,next_open,125,40,72,37,0.0,0.0,-0.5675675675675675,-21.0
audusd,pullback_reversal_rsi,validation,next_open,125,50,24,56,0.0,0.0,-0.23214285714285715,-13.0
audusd,pullback_reversal_rsi,validation,next_open,125,50,48,42,0.0,0.0,-0.3333333333333333,-14.0
audusd,pullback_reversal_rsi,validation,next_open,125,50,72,37,0.0,0.0,-0.4864864864864865,-18.0
audusd,pullback_reversal_rsi,validation,next_open,125,60,24,56,0.0,0.0,-0.10714285714285714,-6.0
audusd,pullback_reversal_rsi,validation,next_open,125,60,48,42,0.0,0.0,-0.30952380952380953,-13.0
audusd,pullback_reversal_rsi,validation,next_open,125,60,72,37,0.0,0.0,-0.4594594594594595,-17.0
audusd,pullback_reversal_rsi,validation,next_open,125,75,24,56,0.0,0.0,-0.05357142857142857,-3.0
audusd,pullback_reversal_rsi,validation,next_open,125,75,48,42,0.0,0.0,-0.19047619047619047,-8.0
audusd,pullback_reversal_rsi,validation,next_open,125,75,72,37,0.0,0.0,-0.2972972972972973,-11.0
audusd,pullback_reversal_rsi,validation,next_open,125,100,24,56,0.0,0.0,-0.017857142857142856,-1.0
audusd,pullback_reversal_rsi,validation,next_open,125,100,48,42,0.0,0.0,-0.09523809523809523,-4.0
audusd,pullback_reversal_rsi,validation,next_open,125,100,72,37,0.0,0.0,-0.21621621621621623,-8.0
audusd,pullback_reversal_rsi,validation,next_open,125,125,24,56,0.0,inf,0.0,0.0
audusd,pullback_reversal_rsi,validation,next_open,125,125,48,42,0.0,0.0,-0.023809523809523808,-1.0
audusd,pullback_reversal_rsi,validation,next_open,125,125,72,37,0.02702702702702703,0.16666666666666666,-0.13513513513513514,-5.0
audusd,pullback_reversal_rsi,validation,break_signal_high,40,40,24,51,0.23529411764705882,0.75,-0.0784313725490196,-4.0
audusd,pullback_reversal_rsi,validation,break_signal_high,40,40,48,39,0.38461538461538464,0.7894736842105263,-0.10256410256410256,-4.0
audusd,pullback_reversal_rsi,validation,break_signal_high,40,40,72,35,0.37142857142857144,0.6842105263157895,-0.17142857142857143,-6.0
audusd,pullback_reversal_rsi,validation,break_signal_high,40,50,24,51,0.29411764705882354,1.3333333333333337,0.058823529411764726,3.000000000000001
audusd,pullback_reversal_rsi,validation,break_signal_high,40,50,48,39,0.48717948717948717,1.5200000000000002,0.13333333333333333,5.2
audusd,pullback_reversal_rsi,validation,break_signal_high,40,50,72,35,0.45714285714285713,0.9142857142857144,-0.03428571428571425,-1.1999999999999988
audusd,pullback_reversal_rsi,validation,break_signal_high,40,60,24,51,0.29411764705882354,1.9999999999999996,0.09803921568627451,5.0
audusd,pullback_reversal_rsi,validation,break_signal_high,40,60,48,39,0.48717948717948717,1.583333333333333,0.11965811965811965,4.666666666666666
audusd,pullback_reversal_rsi,validation,break_signal_high,40,60,72,35,0.45714285714285713,0.8205128205128205,-0.06666666666666671,-2.333333333333335
audusd,pullback_reversal_rsi,validation,break_signal_high,40,75,24,51,0.29411764705882354,7.999999999999999,0.13725490196078433,7.0
audusd,pullback_reversal_rsi,validation,break_signal_high,40,75,48,39,0.48717948717948717,2.0266666666666664,0.1316239316239316,5.133333333333333
audusd,pullback_reversal_rsi,validation,break_signal_high,40,75,72,35,0.4857142857142857,1.1333333333333333,0.03047619047619047,1.0666666666666664
audusd,pullback_reversal_rsi,validation,break_signal_high,40,100,24,51,0.29411764705882354,inf,0.11764705882352945,6.000000000000002
audusd,pullback_reversal_rsi,validation,break_signal_high,40,100,48,39,0.48717948717948717,3.8000000000000007,0.14358974358974366,5.600000000000002
audusd,pullback_reversal_rsi,validation,break_signal_high,40,100,72,35,0.4857142857142857,1.1333333333333335,0.022857142857142868,0.8000000000000004
audusd,pullback_reversal_rsi,validation,break_signal_high,40,125,24,51,0.29411764705882354,inf,0.09411764705882354,4.800000000000001
audusd,pullback_reversal_rsi,validation,break_signal_high,40,125,48,39,0.48717948717948717,inf,0.15589743589743593,6.080000000000002
audusd,pullback_reversal_rsi,validation,break_signal_high,40,125,72,35,0.4857142857142857,1.088,0.012571428571428579,0.4400000000000003
audusd,pullback_reversal_rsi,validation,break_signal_high,50,40,24,51,0.1568627450980392,0.625,-0.11764705882352941,-6.0
audusd,pullback_reversal_rsi,validation,break_signal_high,50,40,48,39,0.3076923076923077,0.75,-0.1282051282051282,-5.0
audusd,pullback_reversal_rsi,validation,break_signal_high,50,40,72,35,0.2857142857142857,0.625,-0.21428571428571427,-7.5
audusd,pullback_reversal_rsi,validation,break_signal_high,50,50,24,51,0.19607843137254902,1.1111111111111112,0.0196078431372549,1.0
audusd,pullback_reversal_rsi,validation,break_signal_high,50,50,48,39,0.38461538461538464,1.3636363636363635,0.10256410256410256,4.0
audusd,pullback_reversal_rsi,validation,break_signal_high,50,50,72,35,0.37142857142857144,0.8666666666666667,-0.05714285714285714,-2.0
audusd,pullback_reversal_rsi,validation,break_signal_high,50,60,24,51,0.19607843137254902,1.6666666666666667,0.06535947712418302,3.333333333333334
audusd,pullback_reversal_rsi,validation,break_signal_high,50,60,48,39,0.38461538461538464,1.3888888888888893,0.08974358974358977,3.500000000000001
audusd,pullback_reversal_rsi,validation,break_signal_high,50,60,72,35,0.37142857142857144,0.773809523809524,-0.09047619047619043,-3.166666666666665
audusd,pullback_reversal_rsi,validation,break_signal_high,50,75,24,51,0.19607843137254902,6.666666666666667,0.11111111111111112,5.666666666666667
audusd,pullback_reversal_rsi,validation,break_signal_high,50,75,48,39,0.38461538461538464,1.9999999999999996,0.1282051282051282,5.0
audusd,pullback_reversal_rsi,validation,break_signal_high,50,75,72,35,0.4,1.037037037037037,0.009523809523809497,0.33333333333333237
audusd,pullback_reversal_rsi,validation,break_signal_high,50,100,24,51,0.19607843137254902,inf,0.09803921568627451,5.0
audusd,pullback_reversal_rsi,validation,break_signal_high,50,100,48,39,0.38461538461538464,3.75,0.14102564102564102,5.5
audusd,pullback_reversal_rsi,validation,break_signal_high,50,100,72,35,0.4,1.1666666666666667,0.02857142857142857,1.0
audusd,pullback_reversal_rsi,validation,break_signal_high,50,125,24,51,0.19607843137254902,inf,0.0784313725490196,4.0
audusd,pullback_reversal_rsi,validation,break_signal_high,50,125,48,39,0.38461538461538464,inf,0.15384615384615388,6.000000000000002
audusd,pullback_reversal_rsi,validation,break_signal_high,50,125,72,35,0.4,1.1200000000000003,0.017142857142857144,0.6
audusd,pullback_reversal_rsi,validation,break_signal_high,60,40,24,51,0.0784313725490196,0.375,-0.19607843137254902,-10.0
audusd,pullback_reversal_rsi,validation,break_signal_high,60,40,48,39,0.20512820512820512,0.6,-0.20512820512820512,-8.0
audusd,pullback_reversal_rsi,validation,break_signal_high,60,40,72,35,0.2,0.5,-0.3,-10.5
audusd,pullback_reversal_rsi,validation,break_signal_high,60,50,24,51,0.09803921568627451,0.6666666666666666,-0.058823529411764705,-3.0
audusd,pullback_reversal_rsi,validation,break_signal_high,60,50,48,39,0.28205128205128205,1.1999999999999997,0.05641025641025639,2.1999999999999993
audusd,pullback_reversal_rsi,validation,break_signal_high,60,50,72,35,0.2857142857142857,0.7999999999999999,-0.08571428571428574,-3.000000000000001
audusd,pullback_reversal_rsi,validation,break_signal_high,60,60,24,51,0.09803921568627451,1.0,0.0,0.0
audusd,pullback_reversal_rsi,validation,break_signal_high,60,60,48,39,0.28205128205128205,1.2222222222222223,0.05128205128205128,2.0
audusd,pullback_reversal_rsi,validation,break_signal_high,60,60,72,35,0.2857142857142857,0.7142857142857143,-0.11428571428571428,-4.0
audusd,pullback_reversal_rsi,validation,break_signal_high,60,75,24,51,0.09803921568627451,4.0,0.058823529411764705,3.0
audusd,pullback_reversal_rsi,validation,break_signal_high,60,75,48,39,0.28205128205128205,1.7600000000000002,0.09743589743589744,3.8
audusd,pullback_reversal_rsi,validation,break_signal_high,60,75,72,35,0.3142857142857143,0.9777777777777779,-0.0057142857142857,-0.1999999999999995
audusd,pullback_reversal_rsi,validation,break_signal_high,60,100,24,51,0.09803921568627451,inf,0.058823529411764705,3.0
audusd,pullback_reversal_rsi,validation,break_signal_high,60,100,48,39,0.28205128205128205,3.2999999999999994,0.11794871794871795,4.6
audusd,pullback_reversal_rsi,validation,break_signal_high,60,100,72,35,0.3142857142857143,1.0999999999999999,0.017142857142857144,0.6
audusd,pullback_reversal_rsi,validation,break_signal_high,60,125,24,51,0.09803921568627451,inf,0.047058823529411764,2.4
audusd,pullback_reversal_rsi,validation,break_signal_high,60,125,48,39,0.28205128205128205,inf,0.1353846153846154,5.280000000000001
audusd,pullback_reversal_rsi,validation,break_signal_high,60,125,72,35,0.3142857142857143,1.0560000000000003,0.007999999999999995,0.2799999999999998
audusd,pullback_reversal_rsi,validation,break_signal_high,75,40,24,51,0.0196078431372549,0.1171875,-0.2769607843137255,-14.125
audusd,pullback_reversal_rsi,validation,break_signal_high,75,40,48,39,0.1282051282051282,0.46875,-0.2724358974358974,-10.625
audusd,pullback_reversal_rsi,validation,break_signal_high,75,40,72,35,0.11428571428571428,0.35714285714285715,-0.38571428571428573,-13.5
audusd,pullback_reversal_rsi,validation,break_signal_high,75,50,24,51,0.0196078431372549,0.15,-0.16666666666666666,-8.5
audusd,pullback_reversal_rsi,validation,break_signal_high,75,50,48,39,0.1794871794871795,0.875,-0.038461538461538464,-1.5
audusd,pullback_reversal_rsi,validation,break_signal_high,75,50,72,35,0.17142857142857143,0.5625,-0.2,-7.0
audusd,pullback_reversal_rsi,validation,break_signal_high,75,60,24,51,0.0196078431372549,0.20833333333333334,-0.09313725490196079,-4.75
audusd,pullback_reversal_rsi,validation,break_signal_high,75,60,48,39,0.1794871794871795,0.875,-0.03205128205128205,-1.25
audusd,pullback_reversal_rsi,validation,break_signal_high,75,60,72,35,0.17142857142857143,0.5,-0.21428571428571427,-7.5
audusd,pullback_reversal_rsi,validation,break_signal_high,75,75,24,51,0.0196078431372549,0.5,-0.0196078431372549,-1.0
audusd,pullback_reversal_rsi,validation,break_signal_high,75,75,48,39,0.1794871794871795,1.1666666666666667,0.02564102564102564,1.0
audusd,pullback_reversal_rsi,validation,break_signal_high,75,75,72,35,0.2,0.7,-0.08571428571428572,-3.0
audusd,pullback_reversal_rsi,validation,break_signal_high,75,100,24,51,0.0196078431372549,0.75,-0.004901960784313725,-0.25
audusd,pullback_reversal_rsi,validation,break_signal_high,75,100,48,39,0.1794871794871795,1.75,0.057692307692307696,2.25
audusd,pullback_reversal_rsi,validation,break_signal_high,75,100,72,35,0.2,0.75,-0.05,-1.75
audusd,pullback_reversal_rsi,validation,break_signal_high,75,125,24,51,0.0196078431372549,inf,0.011764705882352941,0.6
audusd,pullback_reversal_rsi,validation,break_signal_high,75,125,48,39,0.20512820512820512,inf,0.12307692307692306,4.799999999999999
audusd,pullback_reversal_rsi,validation,break_signal_high,75,125,72,35,0.22857142857142856,0.96,-0.0057142857142857195,-0.20000000000000018
audusd,pullback_reversal_rsi,validation,break_signal_high,100,40,24,51,0.0,0.0,-0.3137254901960784,-16.0
audusd,pullback_reversal_rsi,validation,break_signal_high,100,40,48,39,0.0,0.0,-0.5128205128205128,-20.0
audusd,pullback_reversal_rsi,validation,break_signal_high,100,40,72,35,0.02857142857142857,0.11904761904761904,-0.5285714285714286,-18.5
audusd,pullback_reversal_rsi,validation,break_signal_high,100,50,24,51,0.0,0.0,-0.19607843137254902,-10.0
audusd,pullback_reversal_rsi,validation,break_signal_high,100,50,48,39,0.0,0.0,-0.3076923076923077,-12.0
audusd,pullback_reversal_rsi,validation,break_signal_high,100,50,72,35,0.02857142857142857,0.125,-0.4,-14.0
audusd,pullback_reversal_rsi,validation,break_signal_high,100,60,24,51,0.0,0.0,-0.11764705882352941,-6.0
audusd,pullback_reversal_rsi,validation,break_signal_high,100,60,48,39,0.0,0.0,-0.2564102564102564,-10.0
audusd,pullback_reversal_rsi,validation,break_signal_high,100,60,72,35,0.02857142857142857,0.11111111111111112,-0.38095238095238093,-13.333333333333332
audusd,pullback_reversal_rsi,validation,break_signal_high,100,75,24,51,0.0,0.0,-0.0392156862745098,-2.0
audusd,pullback_reversal_rsi,validation,break_signal_high,100,75,48,39,0.0,0.0,-0.15384615384615385,-6.0
audusd,pullback_reversal_rsi,validation,break_signal_high,100,75,72,35,0.05714285714285714,0.26666666666666666,-0.20952380952380953,-7.333333333333334
audusd,pullback_reversal_rsi,validation,break_signal_high,100,100,24,51,0.0,0.0,-0.0196078431372549,-1.0
audusd,pullback_reversal_rsi,validation,break_signal_high,100,100,48,39,0.0,0.0,-0.07692307692307693,-3.0
audusd,pullback_reversal_rsi,validation,break_signal_high,100,100,72,35,0.05714285714285714,0.2857142857142857,-0.14285714285714285,-5.0
audusd,pullback_reversal_rsi,validation,break_signal_high,100,125,24,51,0.0,inf,0.0,0.0
audusd,pullback_reversal_rsi,validation,break_signal_high,100,125,48,39,0.02564102564102564,inf,0.020512820512820513,0.8
audusd,pullback_reversal_rsi,validation,break_signal_high,100,125,72,35,0.08571428571428572,0.4800000000000001,-0.07428571428571429,-2.6
audusd,pullback_reversal_rsi,validation,break_signal_high,125,40,24,51,0.0,0.0,-0.3137254901960784,-16.0
audusd,pullback_reversal_rsi,validation,break_signal_high,125,40,48,39,0.0,0.0,-0.5128205128205128,-20.0
audusd,pullback_reversal_rsi,validation,break_signal_high,125,40,72,35,0.0,0.0,-0.6,-21.0
audusd,pullback_reversal_rsi,validation,break_signal_high,125,50,24,51,0.0,0.0,-0.19607843137254902,-10.0
audusd,pullback_reversal_rsi,validation,break_signal_high,125,50,48,39,0.0,0.0,-0.3076923076923077,-12.0
audusd,pullback_reversal_rsi,validation,break_signal_high,125,50,72,35,0.0,0.0,-0.45714285714285713,-16.0
audusd,pullback_reversal_rsi,validation,break_signal_high,125,60,24,51,0.0,0.0,-0.11764705882352941,-6.0
audusd,pullback_reversal_rsi,validation,break_signal_high,125,60,48,39,0.0,0.0,-0.2564102564102564,-10.0
audusd,pullback_reversal_rsi,validation,break_signal_high,125,60,72,35,0.0,0.0,-0.42857142857142855,-15.0
audusd,pullback_reversal_rsi,validation,break_signal_high,125,75,24,51,0.0,0.0,-0.0392156862745098,-2.0
audusd,pullback_reversal_rsi,validation,break_signal_high,125,75,48,39,0.0,0.0,-0.15384615384615385,-6.0
audusd,pullback_reversal_rsi,validation,break_signal_high,125,75,72,35,0.0,0.0,-0.2857142857142857,-10.0
audusd,pullback_reversal_rsi,validation,break_signal_high,125,100,24,51,0.0,0.0,-0.0196078431372549,-1.0
audusd,pullback_reversal_rsi,validation,break_signal_high,125,100,48,39,0.0,0.0,-0.07692307692307693,-3.0
audusd,pullback_reversal_rsi,validation,break_signal_high,125,100,72,35,0.0,0.0,-0.2,-7.0
audusd,pullback_reversal_rsi,validation,break_signal_high,125,125,24,51,0.0,inf,0.0,0.0
audusd,pullback_reversal_rsi,validation,break_signal_high,125,125,48,39,0.02564102564102564,inf,0.02564102564102564,1.0
audusd,pullback_reversal_rsi,validation,break_signal_high,125,125,72,35,0.02857142857142857,0.2,-0.11428571428571428,-4.0
audusd,pullback_reversal_rsi,validation,confirm_1bar,40,40,24,39,0.3076923076923077,2.0,0.15384615384615385,6.0
audusd,pullback_reversal_rsi,validation,confirm_1bar,40,40,48,35,0.45714285714285713,1.1428571428571428,0.05714285714285714,2.0
audusd,pullback_reversal_rsi,validation,confirm_1bar,40,40,72,31,0.5161290322580645,1.2307692307692308,0.0967741935483871,3.0
audusd,pullback_reversal_rsi,validation,confirm_1bar,40,50,24,39,0.3333333333333333,3.4666666666666672,0.18974358974358974,7.3999999999999995
audusd,pullback_reversal_rsi,validation,confirm_1bar,40,50,48,35,0.4857142857142857,1.5111111111111113,0.13142857142857145,4.6000000000000005
audusd,pullback_reversal_rsi,validation,confirm_1bar,40,50,72,31,0.5483870967741935,1.36,0.11612903225806454,3.6000000000000005
audusd,pullback_reversal_rsi,validation,confirm_1bar,40,60,24,39,0.3333333333333333,4.333333333333333,0.17094017094017094,6.666666666666667
audusd,pullback_reversal_rsi,validation,confirm_1bar,40,60,48,35,0.4857142857142857,1.4166666666666665,0.09523809523809522,3.3333333333333326
audusd,pullback_reversal_rsi,validation,confirm_1bar,40,60,72,31,0.5483870967741935,1.4166666666666665,0.10752688172043007,3.333333333333332
audusd,pullback_reversal_rsi,validation,confirm_1bar,40,75,24,39,0.3333333333333333,6.933333333333333,0.15213675213675212,5.933333333333333
audusd,pullback_reversal_rsi,validation,confirm_1bar,40,75,48,35,0.4857142857142857,3.022222222222222,0.17333333333333334,6.066666666666666
audusd,pullback_reversal_rsi,validation,confirm_1bar,40,75,72,31,0.5483870967741935,2.2666666666666666,0.16344086021505375,5.066666666666666
audusd,pullback_reversal_rsi,validation,confirm_1bar,40,100,24,39,0.3333333333333333,inf,0.13333333333333336,5.200000000000001
audusd,pullback_reversal_rsi,validation,confirm_1bar,40,100,48,35,0.4857142857142857,6.800000000000001,0.16571428571428573,5.800000000000001
audusd,pullback_reversal_rsi,validation,confirm_1bar,40,100,72,31,0.5483870967741935,2.266666666666667,0.12258064516129033,3.8000000000000003
audusd,pullback_reversal_rsi,validation,confirm_1bar,40,125,24,39,0.3333333333333333,inf,0.10666666666666665,4.159999999999999
audusd,pullback_reversal_rsi,validation,confirm_1bar,40,125,48,35,0.4857142857142857,inf,0.15542857142857144,5.44
audusd,pullback_reversal_rsi,validation,confirm_1bar,40,125,72,31,0.5806451612903226,2.8800000000000003,0.12129032258064514,3.7599999999999993
audusd,pullback_reversal_rsi,validation,confirm_1bar,50,40,24,39,0.1794871794871795,1.4583333333333333,0.07051282051282051,2.75
audusd,pullback_reversal_rsi,validation,confirm_1bar,50,40,48,35,0.3142857142857143,0.9166666666666666,-0.03571428571428571,-1.25
audusd,pullback_reversal_rsi,validation,confirm_1bar,50,40,72,31,0.3870967741935484,1.0,0.0,0.0
audusd,pullback_reversal_rsi,validation,confirm_1bar,50,50,24,39,0.20512820512820512,2.6666666666666665,0.1282051282051282,5.0
audusd,pullback_reversal_rsi,validation,confirm_1bar,50,50,48,35,0.34285714285714286,1.2,0.05714285714285714,2.0
audusd,pullback_reversal_rsi,validation,confirm_1bar,50,50,72,31,0.41935483870967744,1.1818181818181819,0.06451612903225806,2.0
audusd,pullback_reversal_rsi,validation,confirm_1bar,50,60,24,39,0.20512820512820512,3.3333333333333335,0.11965811965811966,4.666666666666667
audusd,pullback_reversal_rsi,validation,confirm_1bar,50,60,48,35,0.34285714285714286,1.1111111111111114,0.028571428571428584,1.0000000000000004
audusd,pullback_reversal_rsi,validation,confirm_1bar,50,60,72,31,0.41935483870967744,1.203703703703704,0.05913978494623659,1.8333333333333344
audusd,pullback_reversal_rsi,validation,confirm_1bar,50,75,24,39,0.20512820512820512,5.333333333333333,0.1111111111111111,4.333333333333333
audusd,pullback_reversal_rsi,validation,confirm_1bar,50,75,48,35,0.34285714285714286,2.6666666666666665,0.14285714285714285,5.0
audusd,pullback_reversal_rsi,validation,confirm_1bar,50,75,72,31,0.41935483870967744,1.7333333333333332,0.11827956989247308,3.6666666666666656
audusd,pullback_reversal_rsi,validation,confirm_1bar,50,100,24,39,0.20512820512820512,inf,0.10256410256410256,4.0
audusd,pullback_reversal_rsi,validation,confirm_1bar,50,100,48,35,0.34285714285714286,6.0,0.14285714285714285,5.0
audusd,pullback_reversal_rsi,validation,confirm_1bar,50,100,72,31,0.41935483870967744,2.1666666666666665,0.11290322580645161,3.5
audusd,pullback_reversal_rsi,validation,confirm_1bar,50,125,24,39,0.20512820512820512,inf,0.08205128205128205,3.1999999999999997
audusd,pullback_reversal_rsi,validation,confirm_1bar,50,125,48,35,0.34285714285714286,inf,0.13714285714285715,4.800000000000001
audusd,pullback_reversal_rsi,validation,confirm_1bar,50,125,72,31,0.41935483870967744,2.6000000000000005,0.1032258064516129,3.2
audusd,pullback_reversal_rsi,validation,confirm_1bar,60,40,24,39,0.15384615384615385,1.5,0.07692307692307693,3.0
audusd,pullback_reversal_rsi,validation,confirm_1bar,60,40,48,35,0.2571428571428571,0.9,-0.04285714285714286,-1.5
audusd,pullback_reversal_rsi,validation,confirm_1bar,60,40,72,31,0.3870967741935484,1.2,0.0967741935483871,3.0
audusd,pullback_reversal_rsi,validation,confirm_1bar,60,50,24,39,0.15384615384615385,2.4,0.1076923076923077,4.2
audusd,pullback_reversal_rsi,validation,confirm_1bar,60,50,48,35,0.2857142857142857,1.1999999999999997,0.05714285714285713,1.9999999999999993
audusd,pullback_reversal_rsi,validation,confirm_1bar,60,50,72,31,0.41935483870967744,1.4181818181818178,0.14838709677419354,4.6
audusd,pullback_reversal_rsi,validation,confirm_1bar,60,60,24,39,0.15384615384615385,3.0,0.10256410256410256,4.0
audusd,pullback_reversal_rsi,validation,confirm_1bar,60,60,48,35,0.2857142857142857,1.1111111111111112,0.02857142857142857,1.0
audusd,pullback_reversal_rsi,validation,confirm_1bar,60,60,72,31,0.41935483870967744,1.4444444444444444,0.12903225806451613,4.0
audusd,pullback_reversal_rsi,validation,confirm_1bar,60,75,24,39,0.15384615384615385,4.8,0.09743589743589744,3.8
audusd,pullback_reversal_rsi,validation,confirm_1bar,60,75,48,35,0.2857142857142857,2.6666666666666665,0.14285714285714285,5.0
audusd,pullback_reversal_rsi,validation,confirm_1bar,60,75,72,31,0.41935483870967744,2.0800000000000005,0.17419354838709677,5.4
audusd,pullback_reversal_rsi,validation,confirm_1bar,60,100,24,39,0.15384615384615385,inf,0.09230769230769231,3.6
audusd,pullback_reversal_rsi,validation,confirm_1bar,60,100,48,35,0.2857142857142857,5.999999999999999,0.14285714285714282,4.999999999999999
audusd,pullback_reversal_rsi,validation,confirm_1bar,60,100,72,31,0.41935483870967744,2.599999999999999,0.15483870967741933,4.799999999999999
audusd,pullback_reversal_rsi,validation,confirm_1bar,60,125,24,39,0.15384615384615385,inf,0.07384615384615384,2.88
audusd,pullback_reversal_rsi,validation,confirm_1bar,60,125,48,35,0.2857142857142857,inf,0.13714285714285715,4.800000000000001
audusd,pullback_reversal_rsi,validation,confirm_1bar,60,125,72,31,0.41935483870967744,3.120000000000001,0.1367741935483871,4.24
audusd,pullback_reversal_rsi,validation,confirm_1bar,75,40,24,39,0.05128205128205128,0.5357142857142857,-0.08333333333333333,-3.25
audusd,pullback_reversal_rsi,validation,confirm_1bar,75,40,48,35,0.08571428571428572,0.3515625,-0.29642857142857143,-10.375
audusd,pullback_reversal_rsi,validation,confirm_1bar,75,40,72,31,0.1935483870967742,0.703125,-0.1532258064516129,-4.75
audusd,pullback_reversal_rsi,validation,confirm_1bar,75,50,24,39,0.05128205128205128,0.75,-0.02564102564102564,-1.0
audusd,pullback_reversal_rsi,validation,confirm_1bar,75,50,48,35,0.11428571428571428,0.5454545454545454,-0.14285714285714285,-5.0
audusd,pullback_reversal_rsi,validation,confirm_1bar,75,50,72,31,0.22580645161290322,0.875,-0.04838709677419355,-1.5
audusd,pullback_reversal_rsi,validation,confirm_1bar,75,60,24,39,0.05128205128205128,0.8333333333333334,-0.01282051282051282,-0.5
audusd,pullback_reversal_rsi,validation,confirm_1bar,75,60,48,35,0.11428571428571428,0.5,-0.14285714285714285,-5.0
audusd,pullback_reversal_rsi,validation,confirm_1bar,75,60,72,31,0.22580645161290322,0.875,-0.04032258064516129,-1.25
audusd,pullback_reversal_rsi,validation,confirm_1bar,75,75,24,39,0.05128205128205128,1.0,0.0,0.0
audusd,pullback_reversal_rsi,validation,confirm_1bar,75,75,48,35,0.11428571428571428,1.0,0.0,0.0
audusd,pullback_reversal_rsi,validation,confirm_1bar,75,75,72,31,0.22580645161290322,1.1666666666666667,0.03225806451612903,1.0
audusd,pullback_reversal_rsi,validation,confirm_1bar,75,100,24,39,0.05128205128205128,1.5,0.01282051282051282,0.5
audusd,pullback_reversal_rsi,validation,confirm_1bar,75,100,48,35,0.11428571428571428,1.5,0.02857142857142857,1.0
audusd,pullback_reversal_rsi,validation,confirm_1bar,75,100,72,31,0.22580645161290322,1.3125,0.04032258064516129,1.25
audusd,pullback_reversal_rsi,validation,confirm_1bar,75,125,24,39,0.05128205128205128,inf,0.030769230769230767,1.2
audusd,pullback_reversal_rsi,validation,confirm_1bar,75,125,48,35,0.14285714285714285,inf,0.08571428571428572,3.0
audusd,pullback_reversal_rsi,validation,confirm_1bar,75,125,72,31,0.25806451612903225,2.4,0.09032258064516129,2.8
audusd,pullback_reversal_rsi,validation,confirm_1bar,100,40,24,39,0.0,0.0,-0.1794871794871795,-7.0
audusd,pullback_reversal_rsi,validation,confirm_1bar,100,40,48,35,0.0,0.0,-0.45714285714285713,-16.0
audusd,pullback_reversal_rsi,validation,confirm_1bar,100,40,72,31,0.03225806451612903,0.15625,-0.43548387096774194,-13.5
audusd,pullback_reversal_rsi,validation,confirm_1bar,100,50,24,39,0.0,0.0,-0.10256410256410256,-4.0
audusd,pullback_reversal_rsi,validation,confirm_1bar,100,50,48,35,0.0,0.0,-0.3142857142857143,-11.0
audusd,pullback_reversal_rsi,validation,confirm_1bar,100,50,72,31,0.03225806451612903,0.16666666666666666,-0.3225806451612903,-10.0
audusd,pullback_reversal_rsi,validation,confirm_1bar,100,60,24,39,0.0,0.0,-0.07692307692307693,-3.0
audusd,pullback_reversal_rsi,validation,confirm_1bar,100,60,48,35,0.0,0.0,-0.2857142857142857,-10.0
audusd,pullback_reversal_rsi,validation,confirm_1bar,100,60,72,31,0.03225806451612903,0.16666666666666669,-0.26881720430107525,-8.333333333333332
audusd,pullback_reversal_rsi,validation,confirm_1bar,100,75,24,39,0.0,0.0,-0.05128205128205128,-2.0
audusd,pullback_reversal_rsi,validation,confirm_1bar,100,75,48,35,0.0,0.0,-0.11428571428571428,-4.0
audusd,pullback_reversal_rsi,validation,confirm_1bar,100,75,72,31,0.03225806451612903,0.2222222222222222,-0.15053763440860216,-4.666666666666667
audusd,pullback_reversal_rsi,validation,confirm_1bar,100,100,24,39,0.0,0.0,-0.02564102564102564,-1.0
audusd,pullback_reversal_rsi,validation,confirm_1bar,100,100,48,35,0.0,0.0,-0.05714285714285714,-2.0
audusd,pullback_reversal_rsi,validation,confirm_1bar,100,100,72,31,0.03225806451612903,0.25,-0.0967741935483871,-3.0
audusd,pullback_reversal_rsi,validation,confirm_1bar,100,125,24,39,0.0,inf,0.0,0.0
audusd,pullback_reversal_rsi,validation,confirm_1bar,100,125,48,35,0.02857142857142857,inf,0.022857142857142857,0.8
audusd,pullback_reversal_rsi,validation,confirm_1bar,100,125,72,31,0.06451612903225806,0.8,-0.01290322580645161,-0.3999999999999999
audusd,pullback_reversal_rsi,validation,confirm_1bar,125,40,24,39,0.0,0.0,-0.1794871794871795,-7.0
audusd,pullback_reversal_rsi,validation,confirm_1bar,125,40,48,35,0.0,0.0,-0.45714285714285713,-16.0
audusd,pullback_reversal_rsi,validation,confirm_1bar,125,40,72,31,0.03225806451612903,0.1953125,-0.4153225806451613,-12.875
audusd,pullback_reversal_rsi,validation,confirm_1bar,125,50,24,39,0.0,0.0,-0.10256410256410256,-4.0
audusd,pullback_reversal_rsi,validation,confirm_1bar,125,50,48,35,0.0,0.0,-0.3142857142857143,-11.0
audusd,pullback_reversal_rsi,validation,confirm_1bar,125,50,72,31,0.03225806451612903,0.20833333333333334,-0.3064516129032258,-9.5
audusd,pullback_reversal_rsi,validation,confirm_1bar,125,60,24,39,0.0,0.0,-0.07692307692307693,-3.0
audusd,pullback_reversal_rsi,validation,confirm_1bar,125,60,48,35,0.0,0.0,-0.2857142857142857,-10.0
audusd,pullback_reversal_rsi,validation,confirm_1bar,125,60,72,31,0.03225806451612903,0.20833333333333334,-0.2553763440860215,-7.916666666666666
audusd,pullback_reversal_rsi,validation,confirm_1bar,125,75,24,39,0.0,0.0,-0.05128205128205128,-2.0
audusd,pullback_reversal_rsi,validation,confirm_1bar,125,75,48,35,0.0,0.0,-0.11428571428571428,-4.0
audusd,pullback_reversal_rsi,validation,confirm_1bar,125,75,72,31,0.03225806451612903,0.2777777777777778,-0.13978494623655913,-4.333333333333333
audusd,pullback_reversal_rsi,validation,confirm_1bar,125,100,24,39,0.0,0.0,-0.02564102564102564,-1.0
audusd,pullback_reversal_rsi,validation,confirm_1bar,125,100,48,35,0.0,0.0,-0.05714285714285714,-2.0
audusd,pullback_reversal_rsi,validation,confirm_1bar,125,100,72,31,0.03225806451612903,0.3125,-0.08870967741935484,-2.75
audusd,pullback_reversal_rsi,validation,confirm_1bar,125,125,24,39,0.0,inf,0.0,0.0
audusd,pullback_reversal_rsi,validation,confirm_1bar,125,125,48,35,0.02857142857142857,inf,0.02857142857142857,1.0
audusd,pullback_reversal_rsi,validation,confirm_1bar,125,125,72,31,0.06451612903225806,1.0,0.0,0.0
audusd,pullback_reversal_rsi,oos,next_open,40,40,24,38,0.2631578947368421,1.1111111111111112,0.02631578947368421,1.0
audusd,pullback_reversal_rsi,oos,next_open,40,40,48,28,0.35714285714285715,0.9090909090909091,-0.03571428571428571,-1.0
audusd,pullback_reversal_rsi,oos,next_open,40,40,72,23,0.43478260869565216,1.25,0.08695652173913043,2.0
audusd,pullback_reversal_rsi,oos,next_open,40,50,24,38,0.2894736842105263,2.2,0.12631578947368424,4.800000000000001
audusd,pullback_reversal_rsi,oos,next_open,40,50,48,28,0.42857142857142855,1.3714285714285717,0.09285714285714287,2.6000000000000005
audusd,pullback_reversal_rsi,oos,next_open,40,50,72,23,0.5217391304347826,1.9200000000000004,0.2,4.6000000000000005
audusd,pullback_reversal_rsi,oos,next_open,40,60,24,38,0.2894736842105263,7.333333333333334,0.16666666666666666,6.333333333333333
audusd,pullback_reversal_rsi,oos,next_open,40,60,48,28,0.42857142857142855,1.6,0.10714285714285711,2.999999999999999
audusd,pullback_reversal_rsi,oos,next_open,40,60,72,23,0.5217391304347826,1.6,0.13043478260869565,3.0
audusd,pullback_reversal_rsi,oos,next_open,40,75,24,38,0.2894736842105263,5.866666666666666,0.1280701754385965,4.866666666666667
audusd,pullback_reversal_rsi,oos,next_open,40,75,48,28,0.42857142857142855,3.1999999999999997,0.15714285714285717,4.4
audusd,pullback_reversal_rsi,oos,next_open,40,75,72,23,0.5217391304347826,1.2799999999999998,0.0608695652173913,1.4
audusd,pullback_reversal_rsi,oos,next_open,40,100,24,38,0.2894736842105263,inf,0.11578947368421054,4.4
audusd,pullback_reversal_rsi,oos,next_open,40,100,48,28,0.42857142857142855,4.800000000000001,0.13571428571428573,3.8000000000000007
audusd,pullback_reversal_rsi,oos,next_open,40,100,72,23,0.5217391304347826,2.4000000000000004,0.1217391304347826,2.8
audusd,pullback_reversal_rsi,oos,next_open,40,125,24,38,0.2894736842105263,inf,0.09263157894736843,3.52
audusd,pullback_reversal_rsi,oos,next_open,40,125,48,28,0.42857142857142855,inf,0.13714285714285715,3.84
audusd,pullback_reversal_rsi,oos,next_open,40,125,72,23,0.5217391304347826,inf,0.16695652173913042,3.8399999999999994
audusd,pullback_reversal_rsi,oos,next_open,50,40,24,38,0.18421052631578946,0.9722222222222222,-0.006578947368421052,-0.25
audusd,pullback_reversal_rsi,oos,next_open,50,40,48,28,0.2857142857142857,0.8333333333333334,-0.07142857142857142,-2.0
audusd,pullback_reversal_rsi,oos,next_open,50,40,72,23,0.43478260869565216,1.5625,0.1956521739130435,4.5
audusd,pullback_reversal_rsi,oos,next_open,50,50,24,38,0.21052631578947367,2.0,0.10526315789473684,4.0
audusd,pullback_reversal_rsi,oos,next_open,50,50,48,28,0.39285714285714285,1.5714285714285714,0.14285714285714285,4.0
audusd,pullback_reversal_rsi,oos,next_open,50,50,72,23,0.5217391304347826,2.4,0.30434782608695654,7.0
audusd,pullback_reversal_rsi,oos,next_open,50,60,24,38,0.21052631578947367,6.666666666666667,0.14912280701754388,5.666666666666667
audusd,pullback_reversal_rsi,oos,next_open,50,60,48,28,0.39285714285714285,1.8333333333333335,0.1488095238095238,4.166666666666667
audusd,pullback_reversal_rsi,oos,next_open,50,60,72,23,0.5217391304347826,2.0000000000000004,0.21739130434782605,4.999999999999999
audusd,pullback_reversal_rsi,oos,next_open,50,75,24,38,0.21052631578947367,5.333333333333333,0.11403508771929824,4.333333333333333
audusd,pullback_reversal_rsi,oos,next_open,50,75,48,28,0.39285714285714285,3.666666666666667,0.19047619047619047,5.333333333333333
audusd,pullback_reversal_rsi,oos,next_open,50,75,72,23,0.5217391304347826,1.6,0.13043478260869565,3.0
audusd,pullback_reversal_rsi,oos,next_open,50,100,24,38,0.21052631578947367,inf,0.10526315789473684,4.0
audusd,pullback_reversal_rsi,oos,next_open,50,100,48,28,0.39285714285714285,5.5,0.16071428571428573,4.5
audusd,pullback_reversal_rsi,oos,next_open,50,100,72,23,0.5217391304347826,3.0,0.17391304347826086,4.0
audusd,pullback_reversal_rsi,oos,next_open,50,125,24,38,0.21052631578947367,inf,0.08421052631578947,3.2
audusd,pullback_reversal_rsi,oos,next_open,50,125,48,28,0.39285714285714285,inf,0.15714285714285717,4.4
audusd,pullback_reversal_rsi,oos,next_open,50,125,72,23,0.5217391304347826,inf,0.2086956521739131,4.800000000000001
audusd,pullback_reversal_rsi,oos,next_open,60,40,24,38,0.13157894736842105,0.8333333333333334,-0.039473684210526314,-1.5
audusd,pullback_reversal_rsi,oos,next_open,60,40,48,28,0.25,0.875,-0.05357142857142857,-1.5
audusd,pullback_reversal_rsi,oos,next_open,60,40,72,23,0.43478260869565216,1.875,0.30434782608695654,7.0
audusd,pullback_reversal_rsi,oos,next_open,60,50,24,38,0.13157894736842105,1.5,0.05263157894736842,1.9999999999999998
audusd,pullback_reversal_rsi,oos,next_open,60,50,48,28,0.35714285714285715,1.714285714285714,0.17857142857142855,4.999999999999999
audusd,pullback_reversal_rsi,oos,next_open,60,50,72,23,0.5217391304347826,2.8799999999999994,0.40869565217391296,9.399999999999999
audusd,pullback_reversal_rsi,oos,next_open,60,60,24,38,0.13157894736842105,5.0,0.10526315789473684,4.0
audusd,pullback_reversal_rsi,oos,next_open,60,60,48,28,0.35714285714285715,2.0,0.17857142857142858,5.0
audusd,pullback_reversal_rsi,oos,next_open,60,60,72,23,0.5217391304347826,2.4,0.30434782608695654,7.0
audusd,pullback_reversal_rsi,oos,next_open,60,75,24,38,0.13157894736842105,4.0,0.07894736842105263,3.0
audusd,pullback_reversal_rsi,oos,next_open,60,75,48,28,0.35714285714285715,4.0,0.21428571428571427,6.0
audusd,pullback_reversal_rsi,oos,next_open,60,75,72,23,0.5217391304347826,1.9200000000000004,0.2,4.6000000000000005
audusd,pullback_reversal_rsi,oos,next_open,60,100,24,38,0.13157894736842105,inf,0.07894736842105263,3.0
audusd,pullback_reversal_rsi,oos,next_open,60,100,48,28,0.35714285714285715,5.999999999999999,0.17857142857142858,5.0
audusd,pullback_reversal_rsi,oos,next_open,60,100,72,23,0.5217391304347826,3.599999999999999,0.2260869565217391,5.199999999999999
audusd,pullback_reversal_rsi,oos,next_open,60,125,24,38,0.13157894736842105,inf,0.06315789473684211,2.4
audusd,pullback_reversal_rsi,oos,next_open,60,125,48,28,0.35714285714285715,inf,0.17142857142857143,4.8
audusd,pullback_reversal_rsi,oos,next_open,60,125,72,23,0.5217391304347826,inf,0.2504347826086957,5.760000000000002
audusd,pullback_reversal_rsi,oos,next_open,75,40,24,38,0.02631578947368421,0.20833333333333334,-0.1875,-7.125
audusd,pullback_reversal_rsi,oos,next_open,75,40,48,28,0.07142857142857142,0.3125,-0.29464285714285715,-8.25
audusd,pullback_reversal_rsi,oos,next_open,75,40,72,23,0.21739130434782608,1.171875,0.059782608695652176,1.375
audusd,pullback_reversal_rsi,oos,next_open,75,50,24,38,0.02631578947368421,0.375,-0.06578947368421052,-2.5
audusd,pullback_reversal_rsi,oos,next_open,75,50,48,28,0.07142857142857142,0.42857142857142855,-0.14285714285714285,-4.0
audusd,pullback_reversal_rsi,oos,next_open,75,50,72,23,0.21739130434782608,1.25,0.06521739130434782,1.5
audusd,pullback_reversal_rsi,oos,next_open,75,60,24,38,0.02631578947368421,1.25,0.006578947368421052,0.25
audusd,pullback_reversal_rsi,oos,next_open,75,60,48,28,0.07142857142857142,0.5,-0.08928571428571429,-2.5
audusd,pullback_reversal_rsi,oos,next_open,75,60,72,23,0.21739130434782608,1.25,0.05434782608695652,1.25
audusd,pullback_reversal_rsi,oos,next_open,75,75,24,38,0.02631578947368421,1.0,0.0,0.0
audusd,pullback_reversal_rsi,oos,next_open,75,75,48,28,0.07142857142857142,1.0,0.0,0.0
audusd,pullback_reversal_rsi,oos,next_open,75,75,72,23,0.21739130434782608,1.0,0.0,0.0
audusd,pullback_reversal_rsi,oos,next_open,75,100,24,38,0.02631578947368421,inf,0.019736842105263157,0.75
audusd,pullback_reversal_rsi,oos,next_open,75,100,48,28,0.07142857142857142,1.5,0.017857142857142856,0.5
audusd,pullback_reversal_rsi,oos,next_open,75,100,72,23,0.21739130434782608,1.875,0.07608695652173914,1.75
audusd,pullback_reversal_rsi,oos,next_open,75,125,24,38,0.02631578947368421,inf,0.015789473684210527,0.6
audusd,pullback_reversal_rsi,oos,next_open,75,125,48,28,0.07142857142857142,inf,0.04285714285714286,1.2
audusd,pullback_reversal_rsi,oos,next_open,75,125,72,23,0.21739130434782608,inf,0.13043478260869565,3.0
audusd,pullback_reversal_rsi,oos,next_open,100,40,24,38,0.0,0.0,-0.23684210526315788,-9.0
audusd,pullback_reversal_rsi,oos,next_open,100,40,48,28,0.03571428571428571,0.19230769230769232,-0.375,-10.5
audusd,pullback_reversal_rsi,oos,next_open,100,40,72,23,0.08695652173913043,0.5555555555555556,-0.17391304347826086,-4.0
audusd,pullback_reversal_rsi,oos,next_open,100,50,24,38,0.0,0.0,-0.10526315789473684,-4.0
audusd,pullback_reversal_rsi,oos,next_open,100,50,48,28,0.03571428571428571,0.2857142857142857,-0.17857142857142858,-5.0
audusd,pullback_reversal_rsi,oos,next_open,100,50,72,23,0.08695652173913043,0.5714285714285714,-0.13043478260869565,-3.0
audusd,pullback_reversal_rsi,oos,next_open,100,60,24,38,0.0,0.0,-0.02631578947368421,-1.0
audusd,pullback_reversal_rsi,oos,next_open,100,60,48,28,0.03571428571428571,0.33333333333333337,-0.11904761904761904,-3.333333333333333
audusd,pullback_reversal_rsi,oos,next_open,100,60,72,23,0.08695652173913043,0.5555555555555556,-0.11594202898550723,-2.6666666666666665
audusd,pullback_reversal_rsi,oos,next_open,100,75,24,38,0.0,0.0,-0.02631578947368421,-1.0
audusd,pullback_reversal_rsi,oos,next_open,100,75,48,28,0.03571428571428571,0.6666666666666666,-0.02380952380952381,-0.6666666666666667
audusd,pullback_reversal_rsi,oos,next_open,100,75,72,23,0.08695652173913043,0.4444444444444444,-0.14492753623188406,-3.3333333333333335
audusd,pullback_reversal_rsi,oos,next_open,100,100,24,38,0.0,inf,0.0,0.0
audusd,pullback_reversal_rsi,oos,next_open,100,100,48,28,0.03571428571428571,1.0,0.0,0.0
audusd,pullback_reversal_rsi,oos,next_open,100,100,72,23,0.08695652173913043,1.0,0.0,0.0
audusd,pullback_reversal_rsi,oos,next_open,100,125,24,38,0.0,inf,0.0,0.0
audusd,pullback_reversal_rsi,oos,next_open,100,125,48,28,0.03571428571428571,inf,0.028571428571428574,0.8
audusd,pullback_reversal_rsi,oos,next_open,100,125,72,23,0.08695652173913043,inf,0.06956521739130435,1.6
audusd,pullback_reversal_rsi,oos,next_open,125,40,24,38,0.0,0.0,-0.23684210526315788,-9.0
audusd,pullback_reversal_rsi,oos,next_open,125,40,48,28,0.0,0.0,-0.4642857142857143,-13.0
audusd,pullback_reversal_rsi,oos,next_open,125,40,72,23,0.0,0.0,-0.391304347826087,-9.0
audusd,pullback_reversal_rsi,oos,next_open,125,50,24,38,0.0,0.0,-0.10526315789473684,-4.0
audusd,pullback_reversal_rsi,oos,next_open,125,50,48,28,0.0,0.0,-0.25,-7.0
audusd,pullback_reversal_rsi,oos,next_open,125,50,72,23,0.0,0.0,-0.30434782608695654,-7.0
audusd,pullback_reversal_rsi,oos,next_open,125,60,24,38,0.0,0.0,-0.02631578947368421,-1.0
audusd,pullback_reversal_rsi,oos,next_open,125,60,48,28,0.0,0.0,-0.17857142857142858,-5.0
audusd,pullback_reversal_rsi,oos,next_open,125,60,72,23,0.0,0.0,-0.2608695652173913,-6.0
audusd,pullback_reversal_rsi,oos,next_open,125,75,24,38,0.0,0.0,-0.02631578947368421,-1.0
audusd,pullback_reversal_rsi,oos,next_open,125,75,48,28,0.0,0.0,-0.07142857142857142,-2.0
audusd,pullback_reversal_rsi,oos,next_open,125,75,72,23,0.0,0.0,-0.2608695652173913,-6.0
audusd,pullback_reversal_rsi,oos,next_open,125,100,24,38,0.0,inf,0.0,0.0
audusd,pullback_reversal_rsi,oos,next_open,125,100,48,28,0.0,0.0,-0.03571428571428571,-1.0
audusd,pullback_reversal_rsi,oos,next_open,125,100,72,23,0.0,0.0,-0.08695652173913043,-2.0
audusd,pullback_reversal_rsi,oos,next_open,125,125,24,38,0.0,inf,0.0,0.0
audusd,pullback_reversal_rsi,oos,next_open,125,125,48,28,0.0,inf,0.0,0.0
audusd,pullback_reversal_rsi,oos,next_open,125,125,72,23,0.0,inf,0.0,0.0
audusd,pullback_reversal_rsi,oos,break_signal_high,40,40,24,35,0.2571428571428571,0.9,-0.02857142857142857,-1.0
audusd,pullback_reversal_rsi,oos,break_signal_high,40,40,48,27,0.3333333333333333,0.75,-0.1111111111111111,-3.0
audusd,pullback_reversal_rsi,oos,break_signal_high,40,40,72,23,0.391304347826087,1.0,0.0,0.0
audusd,pullback_reversal_rsi,oos,break_signal_high,40,50,24,35,0.2857142857142857,1.1428571428571428,0.028571428571428577,1.0000000000000002
audusd,pullback_reversal_rsi,oos,break_signal_high,40,50,48,27,0.4074074074074074,0.9777777777777779,-0.007407407407407397,-0.19999999999999973
audusd,pullback_reversal_rsi,oos,break_signal_high,40,50,72,23,0.4782608695652174,1.2571428571428573,0.07826086956521738,1.7999999999999998
audusd,pullback_reversal_rsi,oos,break_signal_high,40,60,24,35,0.2857142857142857,2.2222222222222223,0.10476190476190476,3.6666666666666665
audusd,pullback_reversal_rsi,oos,break_signal_high,40,60,48,27,0.4444444444444444,1.6,0.11111111111111109,2.9999999999999996
audusd,pullback_reversal_rsi,oos,break_signal_high,40,60,72,23,0.4782608695652174,1.2222222222222223,0.05797101449275359,1.3333333333333326
audusd,pullback_reversal_rsi,oos,break_signal_high,40,75,24,35,0.2857142857142857,5.333333333333333,0.12380952380952383,4.333333333333334
audusd,pullback_reversal_rsi,oos,break_signal_high,40,75,48,27,0.4444444444444444,3.1999999999999997,0.16296296296296298,4.4
audusd,pullback_reversal_rsi,oos,break_signal_high,40,75,72,23,0.4782608695652174,1.1733333333333333,0.03768115942028986,0.8666666666666667
audusd,pullback_reversal_rsi,oos,break_signal_high,40,100,24,35,0.2857142857142857,inf,0.11428571428571428,4.0
audusd,pullback_reversal_rsi,oos,break_signal_high,40,100,48,27,0.4444444444444444,inf,0.1777777777777778,4.800000000000001
audusd,pullback_reversal_rsi,oos,break_signal_high,40,100,72,23,0.4782608695652174,2.2,0.10434782608695652,2.4
audusd,pullback_reversal_rsi,oos,break_signal_high,40,125,24,35,0.2857142857142857,inf,0.09142857142857143,3.2
audusd,pullback_reversal_rsi,oos,break_signal_high,40,125,48,27,0.4444444444444444,inf,0.14222222222222222,3.84
audusd,pullback_reversal_rsi,oos,break_signal_high,40,125,72,23,0.4782608695652174,3.5199999999999996,0.10956521739130434,2.52
audusd,pullback_reversal_rsi,oos,break_signal_high,50,40,24,35,0.17142857142857143,0.75,-0.07142857142857142,-2.5
audusd,pullback_reversal_rsi,oos,break_signal_high,50,40,48,27,0.2962962962962963,0.8333333333333334,-0.07407407407407407,-2.0
audusd,pullback_reversal_rsi,oos,break_signal_high,50,40,72,23,0.391304347826087,1.25,0.09782608695652174,2.25
audusd,pullback_reversal_rsi,oos,break_signal_high,50,50,24,35,0.17142857142857143,0.8571428571428571,-0.02857142857142857,-1.0
audusd,pullback_reversal_rsi,oos,break_signal_high,50,50,48,27,0.37037037037037035,1.1111111111111112,0.037037037037037035,1.0
audusd,pullback_reversal_rsi,oos,break_signal_high,50,50,72,23,0.4782608695652174,1.5714285714285714,0.17391304347826086,4.0
audusd,pullback_reversal_rsi,oos,break_signal_high,50,60,24,35,0.17142857142857143,1.6666666666666667,0.05714285714285714,2.0
audusd,pullback_reversal_rsi,oos,break_signal_high,50,60,48,27,0.4074074074074074,1.8333333333333335,0.154320987654321,4.166666666666667
audusd,pullback_reversal_rsi,oos,break_signal_high,50,60,72,23,0.4782608695652174,1.527777777777778,0.13768115942028986,3.166666666666667
audusd,pullback_reversal_rsi,oos,break_signal_high,50,75,24,35,0.17142857142857143,3.9999999999999996,0.08571428571428572,3.0
audusd,pullback_reversal_rsi,oos,break_signal_high,50,75,48,27,0.4074074074074074,3.666666666666667,0.19753086419753085,5.333333333333333
audusd,pullback_reversal_rsi,oos,break_signal_high,50,75,72,23,0.4782608695652174,1.4666666666666668,0.1014492753623188,2.3333333333333326
audusd,pullback_reversal_rsi,oos,break_signal_high,50,100,24,35,0.17142857142857143,inf,0.08571428571428572,3.0
audusd,pullback_reversal_rsi,oos,break_signal_high,50,100,48,27,0.4074074074074074,inf,0.2037037037037037,5.5
audusd,pullback_reversal_rsi,oos,break_signal_high,50,100,72,23,0.4782608695652174,2.75,0.15217391304347827,3.5
audusd,pullback_reversal_rsi,oos,break_signal_high,50,125,24,35,0.17142857142857143,inf,0.06857142857142857,2.4000000000000004
audusd,pullback_reversal_rsi,oos,break_signal_high,50,125,48,27,0.4074074074074074,inf,0.16296296296296298,4.4
audusd,pullback_reversal_rsi,oos,break_signal_high,50,125,72,23,0.4782608695652174,4.4,0.14782608695652175,3.4
audusd,pullback_reversal_rsi,oos,break_signal_high,60,40,24,35,0.08571428571428572,0.45,-0.15714285714285714,-5.5
audusd,pullback_reversal_rsi,oos,break_signal_high,60,40,48,27,0.2222222222222222,0.75,-0.1111111111111111,-3.0
audusd,pullback_reversal_rsi,oos,break_signal_high,60,40,72,23,0.391304347826087,1.5,0.1956521739130435,4.5
audusd,pullback_reversal_rsi,oos,break_signal_high,60,50,24,35,0.08571428571428572,0.5142857142857142,-0.09714285714285716,-3.4000000000000004
audusd,pullback_reversal_rsi,oos,break_signal_high,60,50,48,27,0.2222222222222222,0.72,-0.10370370370370371,-2.8000000000000003
audusd,pullback_reversal_rsi,oos,break_signal_high,60,50,72,23,0.43478260869565216,1.4999999999999998,0.17391304347826086,4.0
audusd,pullback_reversal_rsi,oos,break_signal_high,60,60,24,35,0.08571428571428572,1.0,0.0,0.0
audusd,pullback_reversal_rsi,oos,break_signal_high,60,60,48,27,0.25925925925925924,1.4,0.07407407407407407,2.0
audusd,pullback_reversal_rsi,oos,break_signal_high,60,60,72,23,0.43478260869565216,1.6666666666666667,0.17391304347826086,4.0
audusd,pullback_reversal_rsi,oos,break_signal_high,60,75,24,35,0.08571428571428572,2.4000000000000004,0.04,1.4000000000000001
audusd,pullback_reversal_rsi,oos,break_signal_high,60,75,48,27,0.25925925925925924,2.8,0.13333333333333333,3.6
audusd,pullback_reversal_rsi,oos,break_signal_high,60,75,72,23,0.43478260869565216,1.6,0.13043478260869565,3.0
audusd,pullback_reversal_rsi,oos,break_signal_high,60,100,24,35,0.08571428571428572,inf,0.05142857142857142,1.7999999999999998
audusd,pullback_reversal_rsi,oos,break_signal_high,60,100,48,27,0.25925925925925924,inf,0.15555555555555556,4.2
audusd,pullback_reversal_rsi,oos,break_signal_high,60,100,72,23,0.43478260869565216,2.9999999999999996,0.17391304347826086,4.0
audusd,pullback_reversal_rsi,oos,break_signal_high,60,125,24,35,0.08571428571428572,inf,0.04114285714285714,1.44
audusd,pullback_reversal_rsi,oos,break_signal_high,60,125,48,27,0.25925925925925924,inf,0.12444444444444444,3.36
audusd,pullback_reversal_rsi,oos,break_signal_high,60,125,72,23,0.43478260869565216,4.800000000000001,0.16521739130434782,3.8
audusd,pullback_reversal_rsi,oos,break_signal_high,75,40,24,35,0.02857142857142857,0.1875,-0.23214285714285715,-8.125
audusd,pullback_reversal_rsi,oos,break_signal_high,75,40,48,27,0.07407407407407407,0.3125,-0.3055555555555556,-8.25
audusd,pullback_reversal_rsi,oos,break_signal_high,75,40,72,23,0.17391304347826086,0.8333333333333334,-0.06521739130434782,-1.5
audusd,pullback_reversal_rsi,oos,break_signal_high,75,50,24,35,0.02857142857142857,0.21428571428571427,-0.15714285714285714,-5.5
audusd,pullback_reversal_rsi,oos,break_signal_high,75,50,48,27,0.07407407407407407,0.3,-0.25925925925925924,-7.0
audusd,pullback_reversal_rsi,oos,break_signal_high,75,50,72,23,0.17391304347826086,0.75,-0.08695652173913043,-2.0
audusd,pullback_reversal_rsi,oos,break_signal_high,75,60,24,35,0.02857142857142857,0.4166666666666667,-0.05,-1.75
audusd,pullback_reversal_rsi,oos,break_signal_high,75,60,48,27,0.07407407407407407,0.5,-0.09259259259259259,-2.5
audusd,pullback_reversal_rsi,oos,break_signal_high,75,60,72,23,0.17391304347826086,0.8333333333333334,-0.043478260869565216,-1.0
audusd,pullback_reversal_rsi,oos,break_signal_high,75,75,24,35,0.02857142857142857,1.0,0.0,0.0
audusd,pullback_reversal_rsi,oos,break_signal_high,75,75,48,27,0.07407407407407407,1.0,0.0,0.0
audusd,pullback_reversal_rsi,oos,break_signal_high,75,75,72,23,0.17391304347826086,0.8,-0.043478260869565216,-1.0
audusd,pullback_reversal_rsi,oos,break_signal_high,75,100,24,35,0.02857142857142857,inf,0.02142857142857143,0.75
audusd,pullback_reversal_rsi,oos,break_signal_high,75,100,48,27,0.07407407407407407,inf,0.05555555555555555,1.5
audusd,pullback_reversal_rsi,oos,break_signal_high,75,100,72,23,0.17391304347826086,1.5,0.043478260869565216,1.0
audusd,pullback_reversal_rsi,oos,break_signal_high,75,125,24,35,0.02857142857142857,inf,0.017142857142857144,0.6
audusd,pullback_reversal_rsi,oos,break_signal_high,75,125,48,27,0.07407407407407407,inf,0.044444444444444446,1.2
audusd,pullback_reversal_rsi,oos,break_signal_high,75,125,72,23,0.17391304347826086,2.4,0.0608695652173913,1.4
audusd,pullback_reversal_rsi,oos,break_signal_high,100,40,24,35,0.0,0.0,-0.2857142857142857,-10.0
audusd,pullback_reversal_rsi,oos,break_signal_high,100,40,48,27,0.037037037037037035,0.20833333333333334,-0.35185185185185186,-9.5
audusd,pullback_reversal_rsi,oos,break_signal_high,100,40,72,23,0.13043478260869565,0.8333333333333334,-0.06521739130434782,-1.5
audusd,pullback_reversal_rsi,oos,break_signal_high,100,50,24,35,0.0,0.0,-0.2,-7.0
audusd,pullback_reversal_rsi,oos,break_signal_high,100,50,48,27,0.037037037037037035,0.2,-0.2962962962962963,-8.0
audusd,pullback_reversal_rsi,oos,break_signal_high,100,50,72,23,0.13043478260869565,0.75,-0.08695652173913043,-2.0
audusd,pullback_reversal_rsi,oos,break_signal_high,100,60,24,35,0.0,0.0,-0.08571428571428572,-3.0
audusd,pullback_reversal_rsi,oos,break_signal_high,100,60,48,27,0.037037037037037035,0.33333333333333337,-0.12345679012345678,-3.333333333333333
audusd,pullback_reversal_rsi,oos,break_signal_high,100,60,72,23,0.13043478260869565,0.8333333333333334,-0.04347826086956521,-0.9999999999999998
audusd,pullback_reversal_rsi,oos,break_signal_high,100,75,24,35,0.0,0.0,-0.02857142857142857,-1.0
audusd,pullback_reversal_rsi,oos,break_signal_high,100,75,48,27,0.037037037037037035,0.6666666666666666,-0.02469135802469136,-0.6666666666666667
audusd,pullback_reversal_rsi,oos,break_signal_high,100,75,72,23,0.13043478260869565,0.8,-0.04347826086956523,-1.0000000000000002
audusd,pullback_reversal_rsi,oos,break_signal_high,100,100,24,35,0.0,inf,0.0,0.0
audusd,pullback_reversal_rsi,oos,break_signal_high,100,100,48,27,0.037037037037037035,inf,0.037037037037037035,1.0
audusd,pullback_reversal_rsi,oos,break_signal_high,100,100,72,23,0.13043478260869565,1.5,0.043478260869565216,1.0
audusd,pullback_reversal_rsi,oos,break_signal_high,100,125,24,35,0.0,inf,0.0,0.0
audusd,pullback_reversal_rsi,oos,break_signal_high,100,125,48,27,0.037037037037037035,inf,0.02962962962962963,0.8
audusd,pullback_reversal_rsi,oos,break_signal_high,100,125,72,23,0.13043478260869565,2.4000000000000004,0.06086956521739131,1.4000000000000001
audusd,pullback_reversal_rsi,oos,break_signal_high,125,40,24,35,0.0,0.0,-0.2857142857142857,-10.0
audusd,pullback_reversal_rsi,oos,break_signal_high,125,40,48,27,0.0,0.0,-0.4444444444444444,-12.0
audusd,pullback_reversal_rsi,oos,break_signal_high,125,40,72,23,0.0,0.0,-0.391304347826087,-9.0
audusd,pullback_reversal_rsi,oos,break_signal_high,125,50,24,35,0.0,0.0,-0.2,-7.0
audusd,pullback_reversal_rsi,oos,break_signal_high,125,50,48,27,0.0,0.0,-0.37037037037037035,-10.0
audusd,pullback_reversal_rsi,oos,break_signal_high,125,50,72,23,0.0,0.0,-0.34782608695652173,-8.0
audusd,pullback_reversal_rsi,oos,break_signal_high,125,60,24,35,0.0,0.0,-0.08571428571428572,-3.0
audusd,pullback_reversal_rsi,oos,break_signal_high,125,60,48,27,0.0,0.0,-0.18518518518518517,-5.0
audusd,pullback_reversal_rsi,oos,break_signal_high,125,60,72,23,0.0,0.0,-0.2608695652173913,-6.0
audusd,pullback_reversal_rsi,oos,break_signal_high,125,75,24,35,0.0,0.0,-0.02857142857142857,-1.0
audusd,pullback_reversal_rsi,oos,break_signal_high,125,75,48,27,0.0,0.0,-0.07407407407407407,-2.0
audusd,pullback_reversal_rsi,oos,break_signal_high,125,75,72,23,0.0,0.0,-0.21739130434782608,-5.0
audusd,pullback_reversal_rsi,oos,break_signal_high,125,100,24,35,0.0,inf,0.0,0.0
audusd,pullback_reversal_rsi,oos,break_signal_high,125,100,48,27,0.0,inf,0.0,0.0
audusd,pullback_reversal_rsi,oos,break_signal_high,125,100,72,23,0.0,0.0,-0.08695652173913043,-2.0
audusd,pullback_reversal_rsi,oos,break_signal_high,125,125,24,35,0.0,inf,0.0,0.0
audusd,pullback_reversal_rsi,oos,break_signal_high,125,125,48,27,0.0,inf,0.0,0.0
audusd,pullback_reversal_rsi,oos,break_signal_high,125,125,72,23,0.0,0.0,-0.043478260869565216,-1.0
audusd,pullback_reversal_rsi,oos,confirm_1bar,40,40,24,30,0.13333333333333333,0.5,-0.13333333333333333,-4.0
audusd,pullback_reversal_rsi,oos,confirm_1bar,40,40,48,23,0.34782608695652173,0.8888888888888888,-0.043478260869565216,-1.0
audusd,pullback_reversal_rsi,oos,confirm_1bar,40,40,72,22,0.36363636363636365,0.8888888888888888,-0.045454545454545456,-1.0
audusd,pullback_reversal_rsi,oos,confirm_1bar,40,50,24,30,0.13333333333333333,0.5333333333333333,-0.09333333333333332,-2.8
audusd,pullback_reversal_rsi,oos,confirm_1bar,40,50,48,23,0.391304347826087,0.9,-0.034782608695652154,-0.7999999999999996
audusd,pullback_reversal_rsi,oos,confirm_1bar,40,50,72,22,0.4090909090909091,1.0285714285714287,0.0090909090909091,0.20000000000000018
audusd,pullback_reversal_rsi,oos,confirm_1bar,40,60,24,30,0.13333333333333333,0.6666666666666666,-0.044444444444444446,-1.3333333333333335
audusd,pullback_reversal_rsi,oos,confirm_1bar,40,60,48,23,0.43478260869565216,1.1111111111111112,0.028985507246376784,0.6666666666666661
audusd,pullback_reversal_rsi,oos,confirm_1bar,40,60,72,22,0.45454545454545453,1.3333333333333335,0.07575757575757573,1.666666666666666
audusd,pullback_reversal_rsi,oos,confirm_1bar,40,75,24,30,0.13333333333333333,2.1333333333333333,0.03777777777777778,1.1333333333333333
audusd,pullback_reversal_rsi,oos,confirm_1bar,40,75,48,23,0.4782608695652174,2.933333333333333,0.1681159420289855,3.8666666666666663
audusd,pullback_reversal_rsi,oos,confirm_1bar,40,75,72,22,0.45454545454545453,1.7777777777777777,0.10606060606060605,2.333333333333333
audusd,pullback_reversal_rsi,oos,confirm_1bar,40,100,24,30,0.13333333333333333,1.6,0.020000000000000004,0.6000000000000001
audusd,pullback_reversal_rsi,oos,confirm_1bar,40,100,48,23,0.4782608695652174,2.2,0.10434782608695652,2.4
audusd,pullback_reversal_rsi,oos,confirm_1bar,40,100,72,22,0.45454545454545453,2.0,0.09090909090909091,2.0
audusd,pullback_reversal_rsi,oos,confirm_1bar,40,125,24,30,0.13333333333333333,inf,0.042666666666666665,1.28
audusd,pullback_reversal_rsi,oos,confirm_1bar,40,125,48,23,0.4782608695652174,3.5199999999999996,0.10956521739130434,2.52
audusd,pullback_reversal_rsi,oos,confirm_1bar,40,125,72,22,0.45454545454545453,1.5999999999999999,0.05454545454545456,1.2000000000000002
audusd,pullback_reversal_rsi,oos,confirm_1bar,50,40,24,30,0.1,0.46875,-0.14166666666666666,-4.25
audusd,pullback_reversal_rsi,oos,confirm_1bar,50,40,48,23,0.30434782608695654,0.9722222222222222,-0.010869565217391304,-0.25
audusd,pullback_reversal_rsi,oos,confirm_1bar,50,40,72,22,0.36363636363636365,1.1111111111111112,0.045454545454545456,1.0
audusd,pullback_reversal_rsi,oos,confirm_1bar,50,50,24,30,0.1,0.5,-0.1,-3.0
audusd,pullback_reversal_rsi,oos,confirm_1bar,50,50,48,23,0.34782608695652173,1.0,0.0,0.0
audusd,pullback_reversal_rsi,oos,confirm_1bar,50,50,72,22,0.4090909090909091,1.2857142857142858,0.09090909090909091,2.0
audusd,pullback_reversal_rsi,oos,confirm_1bar,50,60,24,30,0.1,0.625,-0.049999999999999996,-1.4999999999999998
audusd,pullback_reversal_rsi,oos,confirm_1bar,50,60,48,23,0.34782608695652173,0.9523809523809524,-0.014492753623188383,-0.3333333333333328
audusd,pullback_reversal_rsi,oos,confirm_1bar,50,60,72,22,0.4090909090909091,1.25,0.0681818181818182,1.5000000000000004
audusd,pullback_reversal_rsi,oos,confirm_1bar,50,75,24,30,0.1,2.0,0.03333333333333333,0.9999999999999999
audusd,pullback_reversal_rsi,oos,confirm_1bar,50,75,48,23,0.391304347826087,3.0,0.17391304347826084,3.9999999999999996
audusd,pullback_reversal_rsi,oos,confirm_1bar,50,75,72,22,0.4090909090909091,2.0,0.13636363636363635,2.9999999999999996
audusd,pullback_reversal_rsi,oos,confirm_1bar,50,100,24,30,0.1,1.5,0.016666666666666666,0.5
audusd,pullback_reversal_rsi,oos,confirm_1bar,50,100,48,23,0.391304347826087,2.25,0.10869565217391304,2.5
audusd,pullback_reversal_rsi,oos,confirm_1bar,50,100,72,22,0.4090909090909091,2.25,0.11363636363636363,2.5
audusd,pullback_reversal_rsi,oos,confirm_1bar,50,125,24,30,0.1,inf,0.04000000000000001,1.2000000000000002
audusd,pullback_reversal_rsi,oos,confirm_1bar,50,125,48,23,0.391304347826087,3.6,0.11304347826086956,2.6
audusd,pullback_reversal_rsi,oos,confirm_1bar,50,125,72,22,0.4090909090909091,1.8,0.07272727272727274,1.6
audusd,pullback_reversal_rsi,oos,confirm_1bar,60,40,24,30,0.03333333333333333,0.1875,-0.21666666666666667,-6.5
audusd,pullback_reversal_rsi,oos,confirm_1bar,60,40,48,23,0.13043478260869565,0.5,-0.1956521739130435,-4.5
audusd,pullback_reversal_rsi,oos,confirm_1bar,60,40,72,22,0.3181818181818182,1.1666666666666667,0.06818181818181818,1.5
audusd,pullback_reversal_rsi,oos,confirm_1bar,60,50,24,30,0.03333333333333333,0.19999999999999998,-0.16,-4.8
audusd,pullback_reversal_rsi,oos,confirm_1bar,60,50,48,23,0.13043478260869565,0.44999999999999996,-0.19130434782608696,-4.4
audusd,pullback_reversal_rsi,oos,confirm_1bar,60,50,72,22,0.3181818181818182,1.2,0.06363636363636362,1.3999999999999995
audusd,pullback_reversal_rsi,oos,confirm_1bar,60,60,24,30,0.03333333333333333,0.25,-0.1,-3.0
audusd,pullback_reversal_rsi,oos,confirm_1bar,60,60,48,23,0.13043478260869565,0.42857142857142855,-0.17391304347826086,-4.0
audusd,pullback_reversal_rsi,oos,confirm_1bar,60,60,72,22,0.3181818181818182,1.1666666666666667,0.045454545454545456,1.0
audusd,pullback_reversal_rsi,oos,confirm_1bar,60,75,24,30,0.03333333333333333,0.8,-0.006666666666666665,-0.19999999999999996
audusd,pullback_reversal_rsi,oos,confirm_1bar,60,75,48,23,0.17391304347826086,1.6,0.05217391304347827,1.2000000000000002
audusd,pullback_reversal_rsi,oos,confirm_1bar,60,75,72,22,0.3181818181818182,1.8666666666666665,0.11818181818181821,2.6000000000000005
audusd,pullback_reversal_rsi,oos,confirm_1bar,60,100,24,30,0.03333333333333333,0.6,-0.013333333333333334,-0.4
audusd,pullback_reversal_rsi,oos,confirm_1bar,60,100,48,23,0.17391304347826086,1.2,0.017391304347826084,0.3999999999999999
audusd,pullback_reversal_rsi,oos,confirm_1bar,60,100,72,22,0.3181818181818182,2.1,0.09999999999999999,2.1999999999999997
audusd,pullback_reversal_rsi,oos,confirm_1bar,60,125,24,30,0.03333333333333333,inf,0.016,0.48
audusd,pullback_reversal_rsi,oos,confirm_1bar,60,125,48,23,0.17391304347826086,1.92,0.039999999999999994,0.9199999999999999
audusd,pullback_reversal_rsi,oos,confirm_1bar,60,125,72,22,0.3181818181818182,1.68,0.061818181818181814,1.3599999999999999
audusd,pullback_reversal_rsi,oos,confirm_1bar,75,40,24,30,0.03333333333333333,0.234375,-0.20416666666666666,-6.125
audusd,pullback_reversal_rsi,oos,confirm_1bar,75,40,48,23,0.08695652173913043,0.4166666666666667,-0.22826086956521738,-5.25
audusd,pullback_reversal_rsi,oos,confirm_1bar,75,40,72,22,0.18181818181818182,0.8333333333333334,-0.06818181818181818,-1.5
audusd,pullback_reversal_rsi,oos,confirm_1bar,75,50,24,30,0.03333333333333333,0.25,-0.15,-4.5
audusd,pullback_reversal_rsi,oos,confirm_1bar,75,50,48,23,0.08695652173913043,0.375,-0.21739130434782608,-5.0
audusd,pullback_reversal_rsi,oos,confirm_1bar,75,50,72,22,0.18181818181818182,0.8571428571428571,-0.045454545454545456,-1.0
audusd,pullback_reversal_rsi,oos,confirm_1bar,75,60,24,30,0.03333333333333333,0.3125,-0.09166666666666666,-2.75
audusd,pullback_reversal_rsi,oos,confirm_1bar,75,60,48,23,0.08695652173913043,0.35714285714285715,-0.1956521739130435,-4.5
audusd,pullback_reversal_rsi,oos,confirm_1bar,75,60,72,22,0.18181818181818182,0.8333333333333334,-0.045454545454545456,-1.0
audusd,pullback_reversal_rsi,oos,confirm_1bar,75,75,24,30,0.03333333333333333,1.0,0.0,0.0
audusd,pullback_reversal_rsi,oos,confirm_1bar,75,75,48,23,0.08695652173913043,1.0,0.0,0.0
audusd,pullback_reversal_rsi,oos,confirm_1bar,75,75,72,22,0.18181818181818182,1.3333333333333333,0.045454545454545456,1.0
audusd,pullback_reversal_rsi,oos,confirm_1bar,75,100,24,30,0.03333333333333333,0.75,-0.008333333333333333,-0.25
audusd,pullback_reversal_rsi,oos,confirm_1bar,75,100,48,23,0.08695652173913043,0.75,-0.021739130434782608,-0.5
audusd,pullback_reversal_rsi,oos,confirm_1bar,75,100,72,22,0.18181818181818182,1.5,0.045454545454545456,1.0
audusd,pullback_reversal_rsi,oos,confirm_1bar,75,125,24,30,0.03333333333333333,inf,0.02,0.6
audusd,pullback_reversal_rsi,oos,confirm_1bar,75,125,48,23,0.08695652173913043,1.2,0.008695652173913042,0.19999999999999996
audusd,pullback_reversal_rsi,oos,confirm_1bar,75,125,72,22,0.18181818181818182,1.2,0.018181818181818177,0.3999999999999999
audusd,pullback_reversal_rsi,oos,confirm_1bar,100,40,24,30,0.0,0.0,-0.26666666666666666,-8.0
audusd,pullback_reversal_rsi,oos,confirm_1bar,100,40,48,23,0.043478260869565216,0.2777777777777778,-0.2826086956521739,-6.5
audusd,pullback_reversal_rsi,oos,confirm_1bar,100,40,72,22,0.09090909090909091,0.5555555555555556,-0.18181818181818182,-4.0
audusd,pullback_reversal_rsi,oos,confirm_1bar,100,50,24,30,0.0,0.0,-0.2,-6.0
audusd,pullback_reversal_rsi,oos,confirm_1bar,100,50,48,23,0.043478260869565216,0.25,-0.2608695652173913,-6.0
audusd,pullback_reversal_rsi,oos,confirm_1bar,100,50,72,22,0.09090909090909091,0.5714285714285714,-0.13636363636363635,-3.0
audusd,pullback_reversal_rsi,oos,confirm_1bar,100,60,24,30,0.0,0.0,-0.13333333333333333,-4.0
audusd,pullback_reversal_rsi,oos,confirm_1bar,100,60,48,23,0.043478260869565216,0.2380952380952381,-0.23188405797101447,-5.333333333333333
audusd,pullback_reversal_rsi,oos,confirm_1bar,100,60,72,22,0.09090909090909091,0.5555555555555556,-0.1212121212121212,-2.6666666666666665
audusd,pullback_reversal_rsi,oos,confirm_1bar,100,75,24,30,0.0,0.0,-0.03333333333333333,-1.0
audusd,pullback_reversal_rsi,oos,confirm_1bar,100,75,48,23,0.043478260869565216,0.6666666666666666,-0.028985507246376815,-0.6666666666666667
audusd,pullback_reversal_rsi,oos,confirm_1bar,100,75,72,22,0.09090909090909091,0.8888888888888888,-0.015151515151515159,-0.3333333333333335
audusd,pullback_reversal_rsi,oos,confirm_1bar,100,100,24,30,0.0,0.0,-0.03333333333333333,-1.0
audusd,pullback_reversal_rsi,oos,confirm_1bar,100,100,48,23,0.043478260869565216,0.5,-0.043478260869565216,-1.0
audusd,pullback_reversal_rsi,oos,confirm_1bar,100,100,72,22,0.09090909090909091,1.0,0.0,0.0
audusd,pullback_reversal_rsi,oos,confirm_1bar,100,125,24,30,0.0,inf,0.0,0.0
audusd,pullback_reversal_rsi,oos,confirm_1bar,100,125,48,23,0.043478260869565216,0.8,-0.008695652173913042,-0.19999999999999996
audusd,pullback_reversal_rsi,oos,confirm_1bar,100,125,72,22,0.09090909090909091,0.8,-0.018181818181818177,-0.3999999999999999
audusd,pullback_reversal_rsi,oos,confirm_1bar,125,40,24,30,0.0,0.0,-0.26666666666666666,-8.0
audusd,pullback_reversal_rsi,oos,confirm_1bar,125,40,48,23,0.0,0.0,-0.391304347826087,-9.0
audusd,pullback_reversal_rsi,oos,confirm_1bar,125,40,72,22,0.0,0.0,-0.4090909090909091,-9.0
audusd,pullback_reversal_rsi,oos,confirm_1bar,125,50,24,30,0.0,0.0,-0.2,-6.0
audusd,pullback_reversal_rsi,oos,confirm_1bar,125,50,48,23,0.0,0.0,-0.34782608695652173,-8.0
audusd,pullback_reversal_rsi,oos,confirm_1bar,125,50,72,22,0.0,0.0,-0.3181818181818182,-7.0
audusd,pullback_reversal_rsi,oos,confirm_1bar,125,60,24,30,0.0,0.0,-0.13333333333333333,-4.0
audusd,pullback_reversal_rsi,oos,confirm_1bar,125,60,48,23,0.0,0.0,-0.30434782608695654,-7.0
audusd,pullback_reversal_rsi,oos,confirm_1bar,125,60,72,22,0.0,0.0,-0.2727272727272727,-6.0
audusd,pullback_reversal_rsi,oos,confirm_1bar,125,75,24,30,0.0,0.0,-0.03333333333333333,-1.0
audusd,pullback_reversal_rsi,oos,confirm_1bar,125,75,48,23,0.0,0.0,-0.08695652173913043,-2.0
audusd,pullback_reversal_rsi,oos,confirm_1bar,125,75,72,22,0.0,0.0,-0.13636363636363635,-3.0
audusd,pullback_reversal_rsi,oos,confirm_1bar,125,100,24,30,0.0,0.0,-0.03333333333333333,-1.0
audusd,pullback_reversal_rsi,oos,confirm_1bar,125,100,48,23,0.0,0.0,-0.08695652173913043,-2.0
audusd,pullback_reversal_rsi,oos,confirm_1bar,125,100,72,22,0.0,0.0,-0.09090909090909091,-2.0
audusd,pullback_reversal_rsi,oos,confirm_1bar,125,125,24,30,0.0,inf,0.0,0.0
audusd,pullback_reversal_rsi,oos,confirm_1bar,125,125,48,23,0.0,0.0,-0.043478260869565216,-1.0
audusd,pullback_reversal_rsi,oos,confirm_1bar,125,125,72,22,0.0,0.0,-0.09090909090909091,-2.0
audnzd,pullback_reversal,discovery,next_open,40,40,24,142,0.18309859154929578,0.6842105263157895,-0.08450704225352113,-12.0
audnzd,pullback_reversal,discovery,next_open,40,40,48,111,0.2972972972972973,0.6875,-0.13513513513513514,-15.0
audnzd,pullback_reversal,discovery,next_open,40,40,72,94,0.40425531914893614,0.9047619047619048,-0.0425531914893617,-4.0
audnzd,pullback_reversal,discovery,next_open,40,50,24,142,0.19718309859154928,0.8960000000000002,-0.018309859154929574,-2.5999999999999996
audnzd,pullback_reversal,discovery,next_open,40,50,48,111,0.32432432432432434,0.8727272727272729,-0.03783783783783783,-4.199999999999999
audnzd,pullback_reversal,discovery,next_open,40,50,72,94,0.4574468085106383,1.0424242424242423,0.01489361702127658,1.3999999999999986
audnzd,pullback_reversal,discovery,next_open,40,60,24,142,0.20422535211267606,1.2888888888888892,0.030516431924882622,4.333333333333332
audnzd,pullback_reversal,discovery,next_open,40,60,48,111,0.32432432432432434,0.9600000000000002,-0.00900900900900903,-1.0000000000000022
audnzd,pullback_reversal,discovery,next_open,40,60,72,94,0.46808510638297873,0.9777777777777779,-0.007092198581560316,-0.6666666666666696
audnzd,pullback_reversal,discovery,next_open,40,75,24,142,0.20422535211267606,2.2095238095238097,0.05962441314553991,8.466666666666667
audnzd,pullback_reversal,discovery,next_open,40,75,48,111,0.32432432432432434,1.2800000000000005,0.037837837837837826,4.199999999999998
audnzd,pullback_reversal,discovery,next_open,40,75,72,94,0.4787234042553192,1.0909090909090913,0.021276595744680833,1.9999999999999982
audnzd,pullback_reversal,discovery,next_open,40,100,24,142,0.20422535211267606,5.800000000000002,0.06760563380281691,9.600000000000001
audnzd,pullback_reversal,discovery,next_open,40,100,48,111,0.32432432432432434,3.6000000000000005,0.09369369369369371,10.400000000000002
audnzd,pullback_reversal,discovery,next_open,40,100,72,94,0.4787234042553192,1.6363636363636358,0.07446808510638298,7.0
audnzd,pullback_reversal,discovery,next_open,40,125,24,142,0.20422535211267606,inf,0.06535211267605634,9.280000000000001
audnzd,pullback_reversal,discovery,next_open,40,125,48,111,0.32432432432432434,inf,0.10378378378378378,11.52
audnzd,pullback_reversal,discovery,next_open,40,125,72,94,0.4787234042553192,3.6000000000000005,0.11063829787234045,10.400000000000002
audnzd,pullback_reversal,discovery,next_open,50,40,24,142,0.1056338028169014,0.4934210526315789,-0.13556338028169015,-19.25
audnzd,pullback_reversal,discovery,next_open,50,40,48,111,0.21621621621621623,0.625,-0.16216216216216217,-18.0
audnzd,pullback_reversal,discovery,next_open,50,40,72,94,0.3191489361702128,0.8333333333333334,-0.0797872340425532,-7.5
audnzd,pullback_reversal,discovery,next_open,50,50,24,142,0.11971830985915492,0.68,-0.056338028169014086,-8.0
audnzd,pullback_reversal,discovery,next_open,50,50,48,111,0.24324324324324326,0.8181818181818182,-0.05405405405405406,-6.0
audnzd,pullback_reversal,discovery,next_open,50,50,72,94,0.3723404255319149,1.0606060606060606,0.02127659574468085,2.0
audnzd,pullback_reversal,discovery,next_open,50,60,24,142,0.11971830985915492,0.9444444444444445,-0.005868544600938953,-0.8333333333333313
audnzd,pullback_reversal,discovery,next_open,50,60,48,111,0.24324324324324326,0.8999999999999999,-0.022522522522522508,-2.4999999999999982
audnzd,pullback_reversal,discovery,next_open,50,60,72,94,0.3829787234042553,0.9999999999999999,1.4173059888831785e-17,1.3322676295501878e-15
audnzd,pullback_reversal,discovery,next_open,50,75,24,142,0.11971830985915492,1.6190476190476188,0.030516431924882622,4.333333333333332
audnzd,pullback_reversal,discovery,next_open,50,75,48,111,0.24324324324324326,1.2000000000000002,0.027027027027027015,2.9999999999999987
audnzd,pullback_reversal,discovery,next_open,50,75,72,94,0.39361702127659576,1.1212121212121213,0.02836879432624111,2.6666666666666643
audnzd,pullback_reversal,discovery,next_open,50,100,24,142,0.11971830985915492,4.25,0.045774647887323945,6.5
audnzd,pullback_reversal,discovery,next_open,50,100,48,111,0.24324324324324326,3.375,0.08558558558558559,9.5
audnzd,pullback_reversal,discovery,next_open,50,100,72,94,0.39361702127659576,1.6818181818181819,0.0797872340425532,7.5
audnzd,pullback_reversal,discovery,next_open,50,125,24,142,0.11971830985915492,inf,0.04788732394366198,6.800000000000001
audnzd,pullback_reversal,discovery,next_open,50,125,48,111,0.24324324324324326,inf,0.0972972972972973,10.8
audnzd,pullback_reversal,discovery,next_open,50,125,72,94,0.39361702127659576,3.7000000000000006,0.11489361702127661,10.8
audnzd,pullback_reversal,discovery,next_open,60,40,24,142,0.056338028169014086,0.3157894736842105,-0.18309859154929578,-26.0
audnzd,pullback_reversal,discovery,next_open,60,40,48,111,0.1891891891891892,0.65625,-0.14864864864864866,-16.5
audnzd,pullback_reversal,discovery,next_open,60,40,72,94,0.2872340425531915,0.9,-0.047872340425531915,-4.5
audnzd,pullback_reversal,discovery,next_open,60,50,24,142,0.06338028169014084,0.43199999999999994,-0.1,-14.200000000000001
audnzd,pullback_reversal,discovery,next_open,60,50,48,111,0.21621621621621623,0.8727272727272727,-0.03783783783783785,-4.200000000000001
audnzd,pullback_reversal,discovery,next_open,60,50,72,94,0.32978723404255317,1.1272727272727276,0.04468085106382978,4.199999999999999
audnzd,pullback_reversal,discovery,next_open,60,60,24,142,0.06338028169014084,0.6,-0.04225352112676056,-6.0
audnzd,pullback_reversal,discovery,next_open,60,60,48,111,0.21621621621621623,0.96,-0.009009009009009009,-1.0
audnzd,pullback_reversal,discovery,next_open,60,60,72,94,0.3404255319148936,1.0666666666666667,0.02127659574468085,2.0
audnzd,pullback_reversal,discovery,next_open,60,75,24,142,0.06338028169014084,1.0285714285714287,0.0014084507042253565,0.20000000000000062
audnzd,pullback_reversal,discovery,next_open,60,75,48,111,0.21621621621621623,1.2800000000000002,0.03783783783783785,4.200000000000001
audnzd,pullback_reversal,discovery,next_open,60,75,72,94,0.3404255319148936,1.1636363636363638,0.03829787234042554,3.6000000000000005
audnzd,pullback_reversal,discovery,next_open,60,100,24,142,0.06338028169014084,2.6999999999999997,0.023943661971830982,3.3999999999999995
audnzd,pullback_reversal,discovery,next_open,60,100,48,111,0.21621621621621623,3.5999999999999996,0.09369369369369368,10.399999999999999
audnzd,pullback_reversal,discovery,next_open,60,100,72,94,0.3404255319148936,1.7454545454545454,0.08723404255319148,8.2
audnzd,pullback_reversal,discovery,next_open,60,125,24,142,0.06338028169014084,inf,0.030422535211267608,4.32
audnzd,pullback_reversal,discovery,next_open,60,125,48,111,0.21621621621621623,inf,0.10378378378378378,11.52
audnzd,pullback_reversal,discovery,next_open,60,125,72,94,0.3404255319148936,3.84,0.12085106382978723,11.36
audnzd,pullback_reversal,discovery,next_open,75,40,24,142,0.04225352112676056,0.29605263157894735,-0.18838028169014084,-26.75
audnzd,pullback_reversal,discovery,next_open,75,40,48,111,0.16216216216216217,0.703125,-0.12837837837837837,-14.25
audnzd,pullback_reversal,discovery,next_open,75,40,72,94,0.23404255319148937,0.8967391304347826,-0.05053191489361702,-4.75
audnzd,pullback_reversal,discovery,next_open,75,50,24,142,0.04225352112676056,0.36,-0.11267605633802817,-16.0
audnzd,pullback_reversal,discovery,next_open,75,50,48,111,0.1891891891891892,0.9545454545454546,-0.013513513513513514,-1.5
audnzd,pullback_reversal,discovery,next_open,75,50,72,94,0.2553191489361702,1.0588235294117647,0.02127659574468085,2.0
audnzd,pullback_reversal,discovery,next_open,75,60,24,142,0.04225352112676056,0.5,-0.0528169014084507,-7.5
audnzd,pullback_reversal,discovery,next_open,75,60,48,111,0.1891891891891892,1.05,0.01126126126126126,1.25
audnzd,pullback_reversal,discovery,next_open,75,60,72,94,0.26595744680851063,1.0080645161290323,0.0026595744680851063,0.25
audnzd,pullback_reversal,discovery,next_open,75,75,24,142,0.04225352112676056,0.8571428571428571,-0.007042253521126761,-1.0
audnzd,pullback_reversal,discovery,next_open,75,75,48,111,0.1891891891891892,1.4,0.05405405405405406,6.0
audnzd,pullback_reversal,discovery,next_open,75,75,72,94,0.26595744680851063,1.0869565217391304,0.02127659574468085,2.0
audnzd,pullback_reversal,discovery,next_open,75,100,24,142,0.04225352112676056,2.25,0.017605633802816902,2.5
audnzd,pullback_reversal,discovery,next_open,75,100,48,111,0.1891891891891892,3.9375,0.10585585585585586,11.75
audnzd,pullback_reversal,discovery,next_open,75,100,72,94,0.26595744680851063,1.7045454545454546,0.08244680851063829,7.75
audnzd,pullback_reversal,discovery,next_open,75,125,24,142,0.04225352112676056,inf,0.025352112676056335,3.5999999999999996
audnzd,pullback_reversal,discovery,next_open,75,125,48,111,0.1891891891891892,inf,0.1135135135135135,12.6
audnzd,pullback_reversal,discovery,next_open,75,125,72,94,0.26595744680851063,3.7499999999999996,0.11702127659574468,11.0
audnzd,pullback_reversal,discovery,next_open,100,40,24,142,0.014084507042253521,0.13157894736842105,-0.2323943661971831,-33.0
audnzd,pullback_reversal,discovery,next_open,100,40,48,111,0.08108108108108109,0.46875,-0.22972972972972974,-25.5
audnzd,pullback_reversal,discovery,next_open,100,40,72,94,0.13829787234042554,0.6914893617021277,-0.15425531914893617,-14.5
audnzd,pullback_reversal,discovery,next_open,100,50,24,142,0.014084507042253521,0.16,-0.14788732394366197,-21.0
audnzd,pullback_reversal,discovery,next_open,100,50,48,111,0.09009009009009009,0.6060606060606061,-0.11711711711711711,-13.0
audnzd,pullback_reversal,discovery,next_open,100,50,72,94,0.14893617021276595,0.8,-0.07446808510638298,-7.0
audnzd,pullback_reversal,discovery,next_open,100,60,24,142,0.014084507042253521,0.22222222222222224,-0.08215962441314553,-11.666666666666666
audnzd,pullback_reversal,discovery,next_open,100,60,48,111,0.09009009009009009,0.6666666666666667,-0.07507507507507506,-8.333333333333332
audnzd,pullback_reversal,discovery,next_open,100,60,72,94,0.14893617021276595,0.7291666666666669,-0.09219858156028368,-8.666666666666666
audnzd,pullback_reversal,discovery,next_open,100,75,24,142,0.014084507042253521,0.38095238095238093,-0.030516431924882632,-4.333333333333334
audnzd,pullback_reversal,discovery,next_open,100,75,48,111,0.09009009009009009,0.888888888888889,-0.015015015015015022,-1.6666666666666674
audnzd,pullback_reversal,discovery,next_open,100,75,72,94,0.14893617021276595,0.7777777777777777,-0.05673758865248228,-5.333333333333335
audnzd,pullback_reversal,discovery,next_open,100,100,24,142,0.014084507042253521,1.0,0.0,0.0
audnzd,pullback_reversal,discovery,next_open,100,100,48,111,0.09009009009009009,2.5,0.05405405405405406,6.0
audnzd,pullback_reversal,discovery,next_open,100,100,72,94,0.14893617021276595,1.1666666666666667,0.02127659574468085,2.0
audnzd,pullback_reversal,discovery,next_open,100,125,24,142,0.014084507042253521,inf,0.011267605633802818,1.6
audnzd,pullback_reversal,discovery,next_open,100,125,48,111,0.09009009009009009,inf,0.07207207207207207,8.0
audnzd,pullback_reversal,discovery,next_open,100,125,72,94,0.14893617021276595,2.2400000000000007,0.06595744680851065,6.200000000000001
audnzd,pullback_reversal,discovery,next_open,125,40,24,142,0.007042253521126761,0.08223684210526316,-0.24559859154929578,-34.875
audnzd,pullback_reversal,discovery,next_open,125,40,48,111,0.009009009009009009,0.06510416666666667,-0.40427927927927926,-44.875
audnzd,pullback_reversal,discovery,next_open,125,40,72,94,0.05319148936170213,0.3324468085106383,-0.3337765957446808,-31.375
audnzd,pullback_reversal,discovery,next_open,125,50,24,142,0.007042253521126761,0.1,-0.15845070422535212,-22.5
audnzd,pullback_reversal,discovery,next_open,125,50,48,111,0.018018018018018018,0.15151515151515152,-0.25225225225225223,-28.0
audnzd,pullback_reversal,discovery,next_open,125,50,72,94,0.06382978723404255,0.42857142857142855,-0.2127659574468085,-20.0
audnzd,pullback_reversal,discovery,next_open,125,60,24,142,0.007042253521126761,0.1388888888888889,-0.09096244131455399,-12.916666666666666
audnzd,pullback_reversal,discovery,next_open,125,60,48,111,0.018018018018018018,0.16666666666666669,-0.18768768768768768,-20.833333333333332
audnzd,pullback_reversal,discovery,next_open,125,60,72,94,0.06382978723404255,0.39062500000000006,-0.2074468085106383,-19.5
audnzd,pullback_reversal,discovery,next_open,125,75,24,142,0.007042253521126761,0.2380952380952381,-0.03755868544600939,-5.333333333333333
audnzd,pullback_reversal,discovery,next_open,125,75,48,111,0.018018018018018018,0.22222222222222224,-0.1051051051051051,-11.666666666666666
audnzd,pullback_reversal,discovery,next_open,125,75,72,94,0.06382978723404255,0.4166666666666667,-0.14893617021276595,-13.999999999999998
audnzd,pullback_reversal,discovery,next_open,125,100,24,142,0.007042253521126761,0.625,-0.00528169014084507,-0.75
audnzd,pullback_reversal,discovery,next_open,125,100,48,111,0.018018018018018018,0.625,-0.013513513513513514,-1.5
audnzd,pullback_reversal,discovery,next_open,125,100,72,94,0.06382978723404255,0.625,-0.047872340425531915,-4.5
audnzd,pullback_reversal,discovery,next_open,125,125,24,142,0.007042253521126761,inf,0.007042253521126761,1.0
audnzd,pullback_reversal,discovery,next_open,125,125,48,111,0.018018018018018018,inf,0.018018018018018018,2.0
audnzd,pullback_reversal,discovery,next_open,125,125,72,94,0.06382978723404255,1.2,0.010638297872340425,1.0
audnzd,pullback_reversal,discovery,break_signal_high,40,40,24,132,0.16666666666666666,0.6666666666666666,-0.08333333333333333,-11.0
audnzd,pullback_reversal,discovery,break_signal_high,40,40,48,102,0.28431372549019607,0.6590909090909091,-0.14705882352941177,-15.0
audnzd,pullback_reversal,discovery,break_signal_high,40,40,72,90,0.36666666666666664,0.7674418604651163,-0.1111111111111111,-10.0
audnzd,pullback_reversal,discovery,break_signal_high,40,50,24,132,0.17424242424242425,0.7666666666666669,-0.04242424242424243,-5.6000000000000005
audnzd,pullback_reversal,discovery,break_signal_high,40,50,48,102,0.30392156862745096,0.6888888888888891,-0.10980392156862745,-11.2
audnzd,pullback_reversal,discovery,break_signal_high,40,50,72,90,0.4,0.8000000000000002,-0.07999999999999999,-7.199999999999999
audnzd,pullback_reversal,discovery,break_signal_high,40,60,24,132,0.18181818181818182,1.0,-1.0092936587501423e-17,-1.3322676295501878e-15
audnzd,pullback_reversal,discovery,break_signal_high,40,60,48,102,0.3333333333333333,1.0793650793650795,0.01633986928104573,1.6666666666666643
audnzd,pullback_reversal,discovery,break_signal_high,40,60,72,90,0.43333333333333335,0.9629629629629632,-0.011111111111111146,-1.000000000000003
audnzd,pullback_reversal,discovery,break_signal_high,40,75,24,132,0.18181818181818182,1.8285714285714287,0.04393939393939393,5.799999999999999
audnzd,pullback_reversal,discovery,break_signal_high,40,75,48,102,0.3333333333333333,1.394871794871795,0.05032679738562091,5.133333333333333
audnzd,pullback_reversal,discovery,break_signal_high,40,75,72,90,0.4444444444444444,1.0666666666666667,0.014814814814814802,1.3333333333333321
audnzd,pullback_reversal,discovery,break_signal_high,40,100,24,132,0.18181818181818182,3.2000000000000006,0.05,6.6000000000000005
audnzd,pullback_reversal,discovery,break_signal_high,40,100,48,102,0.3333333333333333,3.4000000000000004,0.09411764705882353,9.6
audnzd,pullback_reversal,discovery,break_signal_high,40,100,72,90,0.4444444444444444,1.4545454545454546,0.05555555555555555,5.0
audnzd,pullback_reversal,discovery,break_signal_high,40,125,24,132,0.18181818181818182,inf,0.05818181818181818,7.68
audnzd,pullback_reversal,discovery,break_signal_high,40,125,48,102,0.3333333333333333,5.44,0.08705882352941177,8.88
audnzd,pullback_reversal,discovery,break_signal_high,40,125,72,90,0.45555555555555555,2.624,0.09022222222222223,8.120000000000001
audnzd,pullback_reversal,discovery,break_signal_high,50,40,24,132,0.10606060606060606,0.5303030303030303,-0.11742424242424243,-15.5
audnzd,pullback_reversal,discovery,break_signal_high,50,40,48,102,0.2549019607843137,0.7386363636363636,-0.11274509803921569,-11.5
audnzd,pullback_reversal,discovery,break_signal_high,50,40,72,90,0.3333333333333333,0.872093023255814,-0.06111111111111111,-5.5
audnzd,pullback_reversal,discovery,break_signal_high,50,50,24,132,0.10606060606060606,0.5833333333333334,-0.07575757575757576,-10.0
audnzd,pullback_reversal,discovery,break_signal_high,50,50,48,102,0.27450980392156865,0.7777777777777778,-0.0784313725490196,-8.0
audnzd,pullback_reversal,discovery,break_signal_high,50,50,72,90,0.36666666666666664,0.9166666666666666,-0.03333333333333333,-3.0
audnzd,pullback_reversal,discovery,break_signal_high,50,60,24,132,0.11363636363636363,0.7812500000000002,-0.02651515151515151,-3.499999999999999
audnzd,pullback_reversal,discovery,break_signal_high,50,60,48,102,0.29411764705882354,1.1904761904761902,0.039215686274509824,4.000000000000002
audnzd,pullback_reversal,discovery,break_signal_high,50,60,72,90,0.4,1.111111111111111,0.033333333333333354,3.0000000000000018
audnzd,pullback_reversal,discovery,break_signal_high,50,75,24,132,0.11363636363636363,1.4285714285714284,0.02272727272727272,2.999999999999999
audnzd,pullback_reversal,discovery,break_signal_high,50,75,48,102,0.29411764705882354,1.538461538461539,0.06862745098039214,6.999999999999998
audnzd,pullback_reversal,discovery,break_signal_high,50,75,72,90,0.4,1.2000000000000002,0.044444444444444425,3.9999999999999982
audnzd,pullback_reversal,discovery,break_signal_high,50,100,24,132,0.11363636363636363,2.5,0.03409090909090909,4.5
audnzd,pullback_reversal,discovery,break_signal_high,50,100,48,102,0.29411764705882354,3.75,0.10784313725490197,11.0
audnzd,pullback_reversal,discovery,break_signal_high,50,100,72,90,0.4,1.6363636363636365,0.07777777777777778,7.0
audnzd,pullback_reversal,discovery,break_signal_high,50,125,24,132,0.11363636363636363,inf,0.045454545454545456,6.0
audnzd,pullback_reversal,discovery,break_signal_high,50,125,48,102,0.29411764705882354,6.000000000000002,0.09803921568627451,10.0
audnzd,pullback_reversal,discovery,break_signal_high,50,125,72,90,0.4,2.8800000000000003,0.10444444444444445,9.4
audnzd,pullback_reversal,discovery,break_signal_high,60,40,24,132,0.07575757575757576,0.45454545454545453,-0.13636363636363635,-18.0
audnzd,pullback_reversal,discovery,break_signal_high,60,40,48,102,0.19607843137254902,0.6818181818181818,-0.13725490196078433,-14.0
audnzd,pullback_reversal,discovery,break_signal_high,60,40,72,90,0.3,0.9418604651162791,-0.027777777777777776,-2.5
audnzd,pullback_reversal,discovery,break_signal_high,60,50,24,132,0.07575757575757576,0.49999999999999994,-0.09090909090909091,-12.0
audnzd,pullback_reversal,discovery,break_signal_high,60,50,48,102,0.20588235294117646,0.6999999999999998,-0.10588235294117648,-10.8
audnzd,pullback_reversal,discovery,break_signal_high,60,50,72,90,0.3333333333333333,1.0000000000000002,0.0,0.0
audnzd,pullback_reversal,discovery,break_signal_high,60,60,24,132,0.07575757575757576,0.625,-0.045454545454545456,-6.0
audnzd,pullback_reversal,discovery,break_signal_high,60,60,48,102,0.22549019607843138,1.0952380952380953,0.0196078431372549,2.0
audnzd,pullback_reversal,discovery,break_signal_high,60,60,72,90,0.36666666666666664,1.2222222222222223,0.06666666666666667,6.0
audnzd,pullback_reversal,discovery,break_signal_high,60,75,24,132,0.07575757575757576,1.1428571428571428,0.0075757575757575794,1.0000000000000004
audnzd,pullback_reversal,discovery,break_signal_high,60,75,48,102,0.22549019607843138,1.415384615384616,0.05294117647058824,5.4
audnzd,pullback_reversal,discovery,break_signal_high,60,75,72,90,0.36666666666666664,1.32,0.07111111111111111,6.4
audnzd,pullback_reversal,discovery,break_signal_high,60,100,24,132,0.07575757575757576,1.9999999999999998,0.022727272727272724,2.9999999999999996
audnzd,pullback_reversal,discovery,break_signal_high,60,100,48,102,0.22549019607843138,3.4499999999999993,0.09607843137254903,9.8
audnzd,pullback_reversal,discovery,break_signal_high,60,100,72,90,0.36666666666666664,1.8,0.09777777777777778,8.8
audnzd,pullback_reversal,discovery,break_signal_high,60,125,24,132,0.07575757575757576,inf,0.03636363636363636,4.8
audnzd,pullback_reversal,discovery,break_signal_high,60,125,48,102,0.22549019607843138,5.520000000000001,0.08862745098039215,9.04
audnzd,pullback_reversal,discovery,break_signal_high,60,125,72,90,0.36666666666666664,3.168,0.12044444444444444,10.84
audnzd,pullback_reversal,discovery,break_signal_high,75,40,24,132,0.06060606060606061,0.45454545454545453,-0.13636363636363635,-18.0
audnzd,pullback_reversal,discovery,break_signal_high,75,40,48,102,0.13725490196078433,0.5965909090909091,-0.17401960784313725,-17.75
audnzd,pullback_reversal,discovery,break_signal_high,75,40,72,90,0.2111111111111111,0.8096590909090909,-0.09305555555555556,-8.375
audnzd,pullback_reversal,discovery,break_signal_high,75,50,24,132,0.06060606060606061,0.5,-0.09090909090909091,-12.0
audnzd,pullback_reversal,discovery,break_signal_high,75,50,48,102,0.14705882352941177,0.625,-0.1323529411764706,-13.5
audnzd,pullback_reversal,discovery,break_signal_high,75,50,72,90,0.2111111111111111,0.7702702702702703,-0.09444444444444444,-8.5
audnzd,pullback_reversal,discovery,break_signal_high,75,60,24,132,0.06060606060606061,0.625,-0.045454545454545456,-6.0
audnzd,pullback_reversal,discovery,break_signal_high,75,60,48,102,0.16666666666666666,1.0119047619047619,0.0024509803921568627,0.25
audnzd,pullback_reversal,discovery,break_signal_high,75,60,72,90,0.23333333333333334,0.9375,-0.019444444444444445,-1.75
audnzd,pullback_reversal,discovery,break_signal_high,75,75,24,132,0.06060606060606061,1.1428571428571428,0.007575757575757576,1.0
audnzd,pullback_reversal,discovery,break_signal_high,75,75,48,102,0.16666666666666666,1.3076923076923077,0.0392156862745098,4.0
audnzd,pullback_reversal,discovery,break_signal_high,75,75,72,90,0.23333333333333334,1.0,0.0,0.0
audnzd,pullback_reversal,discovery,break_signal_high,75,100,24,132,0.06060606060606061,2.0,0.022727272727272728,3.0
audnzd,pullback_reversal,discovery,break_signal_high,75,100,48,102,0.16666666666666666,3.1875,0.0857843137254902,8.75
audnzd,pullback_reversal,discovery,break_signal_high,75,100,72,90,0.23333333333333334,1.4318181818181819,0.05277777777777778,4.75
audnzd,pullback_reversal,discovery,break_signal_high,75,125,24,132,0.06060606060606061,inf,0.03636363636363636,4.8
audnzd,pullback_reversal,discovery,break_signal_high,75,125,48,102,0.16666666666666666,5.1,0.08039215686274509,8.2
audnzd,pullback_reversal,discovery,break_signal_high,75,125,72,90,0.23333333333333334,2.5199999999999996,0.08444444444444445,7.6
audnzd,pullback_reversal,discovery,break_signal_high,100,40,24,132,0.007575757575757576,0.07575757575757576,-0.23106060606060605,-30.5
audnzd,pullback_reversal,discovery,break_signal_high,100,40,48,102,0.058823529411764705,0.3409090909090909,-0.28431372549019607,-29.0
audnzd,pullback_reversal,discovery,break_signal_high,100,40,72,90,0.14444444444444443,0.7222222222222222,-0.1388888888888889,-12.5
audnzd,pullback_reversal,discovery,break_signal_high,100,50,24,132,0.007575757575757576,0.08333333333333333,-0.16666666666666666,-22.0
audnzd,pullback_reversal,discovery,break_signal_high,100,50,48,102,0.058823529411764705,0.3333333333333333,-0.23529411764705882,-24.0
audnzd,pullback_reversal,discovery,break_signal_high,100,50,72,90,0.14444444444444443,0.6842105263157895,-0.13333333333333333,-12.0
audnzd,pullback_reversal,discovery,break_signal_high,100,60,24,132,0.007575757575757576,0.10416666666666667,-0.10858585858585858,-14.333333333333332
audnzd,pullback_reversal,discovery,break_signal_high,100,60,48,102,0.06862745098039216,0.5555555555555556,-0.0915032679738562,-9.333333333333332
audnzd,pullback_reversal,discovery,break_signal_high,100,60,72,90,0.15555555555555556,0.777777777777778,-0.07407407407407407,-6.666666666666666
audnzd,pullback_reversal,discovery,break_signal_high,100,75,24,132,0.007575757575757576,0.19047619047619047,-0.04292929292929293,-5.666666666666667
audnzd,pullback_reversal,discovery,break_signal_high,100,75,48,102,0.06862745098039216,0.7179487179487178,-0.03594771241830066,-3.666666666666667
audnzd,pullback_reversal,discovery,break_signal_high,100,75,72,90,0.15555555555555556,0.8484848484848484,-0.03703703703703704,-3.3333333333333335
audnzd,pullback_reversal,discovery,break_signal_high,100,100,24,132,0.007575757575757576,0.3333333333333333,-0.015151515151515152,-2.0
audnzd,pullback_reversal,discovery,break_signal_high,100,100,48,102,0.06862745098039216,1.75,0.029411764705882353,3.0
audnzd,pullback_reversal,discovery,break_signal_high,100,100,72,90,0.15555555555555556,1.1666666666666667,0.022222222222222223,2.0
audnzd,pullback_reversal,discovery,break_signal_high,100,125,24,132,0.007575757575757576,inf,0.006060606060606061,0.8
audnzd,pullback_reversal,discovery,break_signal_high,100,125,48,102,0.06862745098039216,2.8,0.03529411764705883,3.6000000000000005
audnzd,pullback_reversal,discovery,break_signal_high,100,125,72,90,0.15555555555555556,1.8666666666666671,0.05777777777777779,5.200000000000001
audnzd,pullback_reversal,discovery,break_signal_high,125,40,24,132,0.007575757575757576,0.0946969696969697,-0.22632575757575757,-29.875
audnzd,pullback_reversal,discovery,break_signal_high,125,40,48,102,0.00980392156862745,0.07102272727272728,-0.4007352941176471,-40.875
audnzd,pullback_reversal,discovery,break_signal_high,125,40,72,90,0.05555555555555555,0.3472222222222222,-0.3263888888888889,-29.375
audnzd,pullback_reversal,discovery,break_signal_high,125,50,24,132,0.007575757575757576,0.10416666666666667,-0.16287878787878787,-21.5
audnzd,pullback_reversal,discovery,break_signal_high,125,50,48,102,0.00980392156862745,0.06944444444444445,-0.3284313725490196,-33.5
audnzd,pullback_reversal,discovery,break_signal_high,125,50,72,90,0.05555555555555555,0.32894736842105265,-0.2833333333333333,-25.5
audnzd,pullback_reversal,discovery,break_signal_high,125,60,24,132,0.007575757575757576,0.13020833333333334,-0.10542929292929293,-13.916666666666666
audnzd,pullback_reversal,discovery,break_signal_high,125,60,48,102,0.0196078431372549,0.19841269841269843,-0.1650326797385621,-16.833333333333332
audnzd,pullback_reversal,discovery,break_signal_high,125,60,72,90,0.06666666666666667,0.41666666666666674,-0.19444444444444445,-17.5
audnzd,pullback_reversal,discovery,break_signal_high,125,75,24,132,0.007575757575757576,0.2380952380952381,-0.0404040404040404,-5.333333333333333
audnzd,pullback_reversal,discovery,break_signal_high,125,75,48,102,0.0196078431372549,0.25641025641025644,-0.09477124183006536,-9.666666666666666
audnzd,pullback_reversal,discovery,break_signal_high,125,75,72,90,0.06666666666666667,0.45454545454545453,-0.13333333333333333,-12.0
audnzd,pullback_reversal,discovery,break_signal_high,125,100,24,132,0.007575757575757576,0.4166666666666667,-0.013257575757575758,-1.75
audnzd,pullback_reversal,discovery,break_signal_high,125,100,48,102,0.0196078431372549,0.625,-0.014705882352941176,-1.5
audnzd,pullback_reversal,discovery,break_signal_high,125,100,72,90,0.06666666666666667,0.625,-0.05,-4.5
audnzd,pullback_reversal,discovery,break_signal_high,125,125,24,132,0.007575757575757576,inf,0.007575757575757576,1.0
audnzd,pullback_reversal,discovery,break_signal_high,125,125,48,102,0.0196078431372549,1.0,0.0,0.0
audnzd,pullback_reversal,discovery,break_signal_high,125,125,72,90,0.06666666666666667,1.0,0.0,0.0
audnzd,pullback_reversal,discovery,confirm_1bar,40,40,24,104,0.21153846153846154,0.8148148148148148,-0.04807692307692308,-5.0
audnzd,pullback_reversal,discovery,confirm_1bar,40,40,48,86,0.2441860465116279,0.5,-0.2441860465116279,-21.0
audnzd,pullback_reversal,discovery,confirm_1bar,40,40,72,81,0.3333333333333333,0.6428571428571429,-0.18518518518518517,-15.0
audnzd,pullback_reversal,discovery,confirm_1bar,40,50,24,104,0.21153846153846154,0.9777777777777781,-0.0038461538461538494,-0.40000000000000036
audnzd,pullback_reversal,discovery,confirm_1bar,40,50,48,86,0.3023255813953488,0.7172413793103449,-0.09534883720930232,-8.2
audnzd,pullback_reversal,discovery,confirm_1bar,40,50,72,81,0.41975308641975306,0.8500000000000001,-0.059259259259259255,-4.8
audnzd,pullback_reversal,discovery,confirm_1bar,40,60,24,104,0.21153846153846154,1.0476190476190472,0.006410256410256396,0.6666666666666652
audnzd,pullback_reversal,discovery,confirm_1bar,40,60,48,86,0.3023255813953488,0.8666666666666668,-0.03100775193798451,-2.666666666666668
audnzd,pullback_reversal,discovery,confirm_1bar,40,60,72,81,0.43209876543209874,1.1111111111111112,0.028806584362139887,2.333333333333331
audnzd,pullback_reversal,discovery,confirm_1bar,40,75,24,104,0.21153846153846154,1.3037037037037036,0.026282051282051275,2.7333333333333325
audnzd,pullback_reversal,discovery,confirm_1bar,40,75,48,86,0.313953488372093,1.2,0.02790697674418604,2.3999999999999995
audnzd,pullback_reversal,discovery,confirm_1bar,40,75,72,81,0.4567901234567901,1.2333333333333338,0.04609053497942386,3.7333333333333325
audnzd,pullback_reversal,discovery,confirm_1bar,40,100,24,104,0.21153846153846154,1.7600000000000005,0.036538461538461534,3.8
audnzd,pullback_reversal,discovery,confirm_1bar,40,100,48,86,0.313953488372093,1.8000000000000005,0.0558139534883721,4.800000000000001
audnzd,pullback_reversal,discovery,confirm_1bar,40,100,72,81,0.4567901234567901,1.4800000000000002,0.05925925925925927,4.800000000000001
audnzd,pullback_reversal,discovery,confirm_1bar,40,125,24,104,0.21153846153846154,inf,0.0676923076923077,7.040000000000001
audnzd,pullback_reversal,discovery,confirm_1bar,40,125,48,86,0.313953488372093,4.32,0.0772093023255814,6.640000000000001
audnzd,pullback_reversal,discovery,confirm_1bar,40,125,72,81,0.4691358024691358,4.053333333333334,0.11308641975308642,9.16
audnzd,pullback_reversal,discovery,confirm_1bar,50,40,24,104,0.14423076923076922,0.6944444444444444,-0.07932692307692307,-8.25
audnzd,pullback_reversal,discovery,confirm_1bar,50,40,48,86,0.20930232558139536,0.5357142857142857,-0.22674418604651161,-19.5
audnzd,pullback_reversal,discovery,confirm_1bar,50,40,72,81,0.25925925925925924,0.625,-0.19444444444444445,-15.75
audnzd,pullback_reversal,discovery,confirm_1bar,50,50,24,104,0.14423076923076922,0.8333333333333334,-0.028846153846153848,-3.0
audnzd,pullback_reversal,discovery,confirm_1bar,50,50,48,86,0.2558139534883721,0.7586206896551724,-0.08139534883720931,-7.0
audnzd,pullback_reversal,discovery,confirm_1bar,50,50,72,81,0.345679012345679,0.875,-0.04938271604938271,-4.0
audnzd,pullback_reversal,discovery,confirm_1bar,50,60,24,104,0.14423076923076922,0.8928571428571431,-0.014423076923076917,-1.4999999999999993
audnzd,pullback_reversal,discovery,confirm_1bar,50,60,48,86,0.2558139534883721,0.9166666666666666,-0.019379844961240303,-1.666666666666666
audnzd,pullback_reversal,discovery,confirm_1bar,50,60,72,81,0.35802469135802467,1.1507936507936505,0.03909465020576133,3.166666666666668
audnzd,pullback_reversal,discovery,confirm_1bar,50,75,24,104,0.14423076923076922,1.111111111111111,0.009615384615384607,0.9999999999999991
audnzd,pullback_reversal,discovery,confirm_1bar,50,75,48,86,0.26744186046511625,1.2777777777777775,0.038759689922480606,3.333333333333332
audnzd,pullback_reversal,discovery,confirm_1bar,50,75,72,81,0.38271604938271603,1.2916666666666672,0.057613168724279816,4.666666666666665
audnzd,pullback_reversal,discovery,confirm_1bar,50,100,24,104,0.14423076923076922,1.5,0.02403846153846154,2.5
audnzd,pullback_reversal,discovery,confirm_1bar,50,100,48,86,0.26744186046511625,1.9166666666666667,0.06395348837209303,5.5
audnzd,pullback_reversal,discovery,confirm_1bar,50,100,72,81,0.38271604938271603,1.55,0.06790123456790123,5.5
audnzd,pullback_reversal,discovery,confirm_1bar,50,125,24,104,0.14423076923076922,inf,0.057692307692307696,6.0
audnzd,pullback_reversal,discovery,confirm_1bar,50,125,48,86,0.26744186046511625,4.600000000000001,0.08372093023255814,7.2
audnzd,pullback_reversal,discovery,confirm_1bar,50,125,72,81,0.38271604938271603,4.133333333333335,0.11604938271604939,9.4
audnzd,pullback_reversal,discovery,confirm_1bar,60,40,24,104,0.10576923076923077,0.6111111111111112,-0.10096153846153846,-10.5
audnzd,pullback_reversal,discovery,confirm_1bar,60,40,48,86,0.1744186046511628,0.5357142857142857,-0.22674418604651161,-19.5
audnzd,pullback_reversal,discovery,confirm_1bar,60,40,72,81,0.20987654320987653,0.5930232558139535,-0.21604938271604937,-17.5
audnzd,pullback_reversal,discovery,confirm_1bar,60,50,24,104,0.10576923076923077,0.7333333333333332,-0.04615384615384616,-4.800000000000001
audnzd,pullback_reversal,discovery,confirm_1bar,60,50,48,86,0.20930232558139536,0.7448275862068965,-0.08604651162790698,-7.4
audnzd,pullback_reversal,discovery,confirm_1bar,60,50,72,81,0.2839506172839506,0.8363636363636362,-0.06666666666666667,-5.4
audnzd,pullback_reversal,discovery,confirm_1bar,60,60,24,104,0.10576923076923077,0.7857142857142857,-0.028846153846153848,-3.0
audnzd,pullback_reversal,discovery,confirm_1bar,60,60,48,86,0.20930232558139536,0.9,-0.023255813953488372,-2.0
audnzd,pullback_reversal,discovery,confirm_1bar,60,60,72,81,0.2962962962962963,1.1428571428571428,0.037037037037037035,3.0
audnzd,pullback_reversal,discovery,confirm_1bar,60,75,24,104,0.10576923076923077,0.9777777777777779,-0.0019230769230769184,-0.1999999999999995
audnzd,pullback_reversal,discovery,confirm_1bar,60,75,48,86,0.22093023255813954,1.2666666666666668,0.037209302325581395,3.2
audnzd,pullback_reversal,discovery,confirm_1bar,60,75,72,81,0.30864197530864196,1.2500000000000002,0.04938271604938271,4.0
audnzd,pullback_reversal,discovery,confirm_1bar,60,100,24,104,0.10576923076923077,1.3199999999999998,0.015384615384615382,1.5999999999999996
audnzd,pullback_reversal,discovery,confirm_1bar,60,100,48,86,0.22093023255813954,1.8999999999999997,0.06279069767441861,5.4
audnzd,pullback_reversal,discovery,confirm_1bar,60,100,72,81,0.30864197530864196,1.4999999999999998,0.06172839506172839,5.0
audnzd,pullback_reversal,discovery,confirm_1bar,60,125,24,104,0.10576923076923077,inf,0.05076923076923076,5.279999999999999
audnzd,pullback_reversal,discovery,confirm_1bar,60,125,48,86,0.22093023255813954,4.5600000000000005,0.0827906976744186,7.119999999999999
audnzd,pullback_reversal,discovery,confirm_1bar,60,125,72,81,0.30864197530864196,4.0,0.1111111111111111,9.0
audnzd,pullback_reversal,discovery,confirm_1bar,75,40,24,104,0.07692307692307693,0.5555555555555556,-0.11538461538461539,-12.0
audnzd,pullback_reversal,discovery,confirm_1bar,75,40,48,86,0.12790697674418605,0.4796511627906977,-0.2601744186046512,-22.375
audnzd,pullback_reversal,discovery,confirm_1bar,75,40,72,81,0.1728395061728395,0.5833333333333334,-0.23148148148148148,-18.75
audnzd,pullback_reversal,discovery,confirm_1bar,75,50,24,104,0.07692307692307693,0.6666666666666666,-0.057692307692307696,-6.0
audnzd,pullback_reversal,discovery,confirm_1bar,75,50,48,86,0.13953488372093023,0.6,-0.13953488372093023,-12.0
audnzd,pullback_reversal,discovery,confirm_1bar,75,50,72,81,0.2345679012345679,0.8142857142857143,-0.08024691358024691,-6.5
audnzd,pullback_reversal,discovery,confirm_1bar,75,60,24,104,0.07692307692307693,0.7142857142857143,-0.038461538461538464,-4.0
audnzd,pullback_reversal,discovery,confirm_1bar,75,60,48,86,0.13953488372093023,0.7142857142857143,-0.06976744186046512,-6.0
audnzd,pullback_reversal,discovery,confirm_1bar,75,60,72,81,0.2345679012345679,1.0326086956521738,0.009259259259259259,0.75
audnzd,pullback_reversal,discovery,confirm_1bar,75,75,24,104,0.07692307692307693,0.8888888888888888,-0.009615384615384616,-1.0
audnzd,pullback_reversal,discovery,confirm_1bar,75,75,48,86,0.13953488372093023,0.9230769230769231,-0.011627906976744186,-1.0
audnzd,pullback_reversal,discovery,confirm_1bar,75,75,72,81,0.2345679012345679,1.0,0.0,0.0
audnzd,pullback_reversal,discovery,confirm_1bar,75,100,24,104,0.07692307692307693,1.2,0.009615384615384616,1.0
audnzd,pullback_reversal,discovery,confirm_1bar,75,100,48,86,0.13953488372093023,1.2857142857142858,0.023255813953488372,2.0
audnzd,pullback_reversal,discovery,confirm_1bar,75,100,72,81,0.2345679012345679,1.2954545454545454,0.040123456790123455,3.25
audnzd,pullback_reversal,discovery,confirm_1bar,75,125,24,104,0.07692307692307693,inf,0.04615384615384615,4.8
audnzd,pullback_reversal,discovery,confirm_1bar,75,125,48,86,0.13953488372093023,3.599999999999999,0.06046511627906977,5.2
audnzd,pullback_reversal,discovery,confirm_1bar,75,125,72,81,0.2345679012345679,2.8499999999999996,0.09135802469135802,7.3999999999999995
audnzd,pullback_reversal,discovery,confirm_1bar,100,40,24,104,0.019230769230769232,0.18518518518518517,-0.21153846153846154,-22.0
audnzd,pullback_reversal,discovery,confirm_1bar,100,40,48,86,0.023255813953488372,0.11627906976744186,-0.4418604651162791,-38.0
audnzd,pullback_reversal,discovery,confirm_1bar,100,40,72,81,0.08641975308641975,0.3888888888888889,-0.3395061728395062,-27.5
audnzd,pullback_reversal,discovery,confirm_1bar,100,50,24,104,0.019230769230769232,0.2222222222222222,-0.1346153846153846,-14.0
audnzd,pullback_reversal,discovery,confirm_1bar,100,50,48,86,0.03488372093023256,0.2,-0.27906976744186046,-24.0
audnzd,pullback_reversal,discovery,confirm_1bar,100,50,72,81,0.12345679012345678,0.5714285714285714,-0.18518518518518517,-15.0
audnzd,pullback_reversal,discovery,confirm_1bar,100,60,24,104,0.019230769230769232,0.2380952380952381,-0.10256410256410256,-10.666666666666666
audnzd,pullback_reversal,discovery,confirm_1bar,100,60,48,86,0.03488372093023256,0.23809523809523808,-0.18604651162790697,-16.0
audnzd,pullback_reversal,discovery,confirm_1bar,100,60,72,81,0.12345679012345678,0.7246376811594203,-0.07818930041152262,-6.333333333333333
audnzd,pullback_reversal,discovery,confirm_1bar,100,75,24,104,0.019230769230769232,0.2962962962962963,-0.0608974358974359,-6.333333333333334
audnzd,pullback_reversal,discovery,confirm_1bar,100,75,48,86,0.03488372093023256,0.3076923076923077,-0.10465116279069768,-9.0
audnzd,pullback_reversal,discovery,confirm_1bar,100,75,72,81,0.12345679012345678,0.7017543859649124,-0.06995884773662552,-5.666666666666667
audnzd,pullback_reversal,discovery,confirm_1bar,100,100,24,104,0.019230769230769232,0.4,-0.028846153846153848,-3.0
audnzd,pullback_reversal,discovery,confirm_1bar,100,100,48,86,0.03488372093023256,0.42857142857142855,-0.046511627906976744,-4.0
audnzd,pullback_reversal,discovery,confirm_1bar,100,100,72,81,0.12345679012345678,0.9090909090909091,-0.012345679012345678,-1.0
audnzd,pullback_reversal,discovery,confirm_1bar,100,125,24,104,0.019230769230769232,inf,0.015384615384615385,1.6
audnzd,pullback_reversal,discovery,confirm_1bar,100,125,48,86,0.03488372093023256,1.2000000000000002,0.004651162790697679,0.40000000000000036
audnzd,pullback_reversal,discovery,confirm_1bar,100,125,72,81,0.12345679012345678,2.0,0.04938271604938271,4.0
audnzd,pullback_reversal,discovery,confirm_1bar,125,40,24,104,0.0,0.0,-0.25961538461538464,-27.0
audnzd,pullback_reversal,discovery,confirm_1bar,125,40,48,86,0.011627906976744186,0.07267441860465117,-0.4636627906976744,-39.875
audnzd,pullback_reversal,discovery,confirm_1bar,125,40,72,81,0.04938271604938271,0.2777777777777778,-0.4012345679012346,-32.5
audnzd,pullback_reversal,discovery,confirm_1bar,125,50,24,104,0.0,0.0,-0.17307692307692307,-18.0
audnzd,pullback_reversal,discovery,confirm_1bar,125,50,48,86,0.011627906976744186,0.08333333333333333,-0.31976744186046513,-27.5
audnzd,pullback_reversal,discovery,confirm_1bar,125,50,72,81,0.06172839506172839,0.35714285714285715,-0.2777777777777778,-22.5
audnzd,pullback_reversal,discovery,confirm_1bar,125,60,24,104,0.0,0.0,-0.1346153846153846,-14.0
audnzd,pullback_reversal,discovery,confirm_1bar,125,60,48,86,0.011627906976744186,0.09920634920634921,-0.2199612403100775,-18.916666666666664
audnzd,pullback_reversal,discovery,confirm_1bar,125,60,72,81,0.06172839506172839,0.45289855072463775,-0.15534979423868311,-12.583333333333332
audnzd,pullback_reversal,discovery,confirm_1bar,125,75,24,104,0.0,0.0,-0.08653846153846154,-9.0
audnzd,pullback_reversal,discovery,confirm_1bar,125,75,48,86,0.011627906976744186,0.12820512820512822,-0.1317829457364341,-11.333333333333332
audnzd,pullback_reversal,discovery,confirm_1bar,125,75,72,81,0.06172839506172839,0.4385964912280702,-0.1316872427983539,-10.666666666666666
audnzd,pullback_reversal,discovery,confirm_1bar,125,100,24,104,0.0,0.0,-0.04807692307692308,-5.0
audnzd,pullback_reversal,discovery,confirm_1bar,125,100,48,86,0.011627906976744186,0.17857142857142858,-0.06686046511627906,-5.75
audnzd,pullback_reversal,discovery,confirm_1bar,125,100,72,81,0.06172839506172839,0.5681818181818182,-0.05864197530864197,-4.75
audnzd,pullback_reversal,discovery,confirm_1bar,125,125,24,104,0.0,inf,0.0,0.0
audnzd,pullback_reversal,discovery,confirm_1bar,125,125,48,86,0.011627906976744186,0.5,-0.011627906976744186,-1.0
audnzd,pullback_reversal,discovery,confirm_1bar,125,125,72,81,0.06172839506172839,1.25,0.012345679012345678,1.0
audnzd,pullback_reversal,validation,next_open,40,40,24,48,0.22916666666666666,1.2222222222222223,0.041666666666666664,2.0
audnzd,pullback_reversal,validation,next_open,40,40,48,35,0.22857142857142856,0.6153846153846154,-0.14285714285714285,-5.0
audnzd,pullback_reversal,validation,next_open,40,40,72,29,0.3103448275862069,0.6923076923076923,-0.13793103448275862,-4.0
audnzd,pullback_reversal,validation,next_open,40,50,24,48,0.25,1.9200000000000004,0.09583333333333334,4.6000000000000005
audnzd,pullback_reversal,validation,next_open,40,50,48,35,0.2571428571428571,1.0285714285714287,0.0057142857142857195,0.20000000000000018
audnzd,pullback_reversal,validation,next_open,40,50,72,29,0.3448275862068966,1.0,2.2970131543968756e-17,6.661338147750939e-16
audnzd,pullback_reversal,validation,next_open,40,60,24,48,0.25,4.0,0.12499999999999999,5.999999999999999
audnzd,pullback_reversal,validation,next_open,40,60,48,35,0.2571428571428571,2.0,0.0857142857142857,2.9999999999999996
audnzd,pullback_reversal,validation,next_open,40,60,72,29,0.3448275862068966,1.1111111111111112,0.02298850574712643,0.6666666666666664
audnzd,pullback_reversal,validation,next_open,40,75,24,48,0.2708333333333333,inf,0.14444444444444446,6.933333333333334
audnzd,pullback_reversal,validation,next_open,40,75,48,35,0.2857142857142857,2.6666666666666665,0.09523809523809523,3.333333333333333
audnzd,pullback_reversal,validation,next_open,40,75,72,29,0.3793103448275862,2.933333333333333,0.13333333333333333,3.8666666666666663
audnzd,pullback_reversal,validation,next_open,40,100,24,48,0.2708333333333333,inf,0.10833333333333332,5.199999999999999
audnzd,pullback_reversal,validation,next_open,40,100,48,35,0.2857142857142857,4.0,0.08571428571428572,3.0
audnzd,pullback_reversal,validation,next_open,40,100,72,29,0.3793103448275862,4.4,0.11724137931034483,3.4
audnzd,pullback_reversal,validation,next_open,40,125,24,48,0.2708333333333333,inf,0.08666666666666667,4.16
audnzd,pullback_reversal,validation,next_open,40,125,48,35,0.2857142857142857,inf,0.09142857142857141,3.1999999999999997
audnzd,pullback_reversal,validation,next_open,40,125,72,29,0.3793103448275862,inf,0.12137931034482757,3.5199999999999996
audnzd,pullback_reversal,validation,next_open,50,40,24,48,0.08333333333333333,0.5555555555555556,-0.08333333333333333,-4.0
audnzd,pullback_reversal,validation,next_open,50,40,48,35,0.14285714285714285,0.4807692307692308,-0.19285714285714287,-6.75
audnzd,pullback_reversal,validation,next_open,50,40,72,29,0.2413793103448276,0.6730769230769231,-0.14655172413793102,-4.25
audnzd,pullback_reversal,validation,next_open,50,50,24,48,0.10416666666666667,1.0,0.0,0.0
audnzd,pullback_reversal,validation,next_open,50,50,48,35,0.17142857142857143,0.8571428571428571,-0.02857142857142857,-1.0
audnzd,pullback_reversal,validation,next_open,50,50,72,29,0.27586206896551724,1.0,0.0,0.0
audnzd,pullback_reversal,validation,next_open,50,60,24,48,0.10416666666666667,2.0833333333333335,0.045138888888888895,2.166666666666667
audnzd,pullback_reversal,validation,next_open,50,60,48,35,0.17142857142857143,1.6666666666666667,0.05714285714285714,2.0
audnzd,pullback_reversal,validation,next_open,50,60,72,29,0.27586206896551724,1.1111111111111112,0.02298850574712645,0.6666666666666671
audnzd,pullback_reversal,validation,next_open,50,75,24,48,0.125,inf,0.08333333333333333,4.0
audnzd,pullback_reversal,validation,next_open,50,75,48,35,0.2,2.333333333333333,0.07619047619047618,2.6666666666666665
audnzd,pullback_reversal,validation,next_open,50,75,72,29,0.3103448275862069,3.0,0.1379310344827586,3.999999999999999
audnzd,pullback_reversal,validation,next_open,50,100,24,48,0.125,inf,0.0625,3.0
audnzd,pullback_reversal,validation,next_open,50,100,48,35,0.2,3.5,0.07142857142857142,2.5
audnzd,pullback_reversal,validation,next_open,50,100,72,29,0.3103448275862069,4.5,0.1206896551724138,3.5
audnzd,pullback_reversal,validation,next_open,50,125,24,48,0.125,inf,0.05000000000000001,2.4000000000000004
audnzd,pullback_reversal,validation,next_open,50,125,48,35,0.2,inf,0.08,2.8000000000000003
audnzd,pullback_reversal,validation,next_open,50,125,72,29,0.3103448275862069,inf,0.12413793103448274,3.5999999999999996
audnzd,pullback_reversal,validation,next_open,60,40,24,48,0.020833333333333332,0.15,-0.17708333333333334,-8.5
audnzd,pullback_reversal,validation,next_open,60,40,48,35,0.08571428571428572,0.34615384615384615,-0.24285714285714285,-8.5
audnzd,pullback_reversal,validation,next_open,60,40,72,29,0.20689655172413793,0.6923076923076923,-0.13793103448275862,-4.0
audnzd,pullback_reversal,validation,next_open,60,50,24,48,0.041666666666666664,0.39999999999999997,-0.075,-3.6
audnzd,pullback_reversal,validation,next_open,60,50,48,35,0.11428571428571428,0.6857142857142857,-0.06285714285714286,-2.2
audnzd,pullback_reversal,validation,next_open,60,50,72,29,0.2413793103448276,1.05,0.013793103448275851,0.3999999999999997
audnzd,pullback_reversal,validation,next_open,60,60,24,48,0.041666666666666664,0.6666666666666666,-0.020833333333333332,-1.0
audnzd,pullback_reversal,validation,next_open,60,60,48,35,0.11428571428571428,1.3333333333333333,0.02857142857142857,1.0
audnzd,pullback_reversal,validation,next_open,60,60,72,29,0.2413793103448276,1.1666666666666667,0.034482758620689655,1.0
audnzd,pullback_reversal,validation,next_open,60,75,24,48,0.041666666666666664,inf,0.03333333333333333,1.6
audnzd,pullback_reversal,validation,next_open,60,75,48,35,0.14285714285714285,2.0,0.05714285714285714,2.0
audnzd,pullback_reversal,validation,next_open,60,75,72,29,0.27586206896551724,3.2,0.1517241379310345,4.4
audnzd,pullback_reversal,validation,next_open,60,100,24,48,0.041666666666666664,inf,0.024999999999999998,1.2
audnzd,pullback_reversal,validation,next_open,60,100,48,35,0.14285714285714285,3.0,0.05714285714285714,2.0
audnzd,pullback_reversal,validation,next_open,60,100,72,29,0.27586206896551724,4.8,0.1310344827586207,3.8000000000000003
audnzd,pullback_reversal,validation,next_open,60,125,24,48,0.041666666666666664,inf,0.02,0.96
audnzd,pullback_reversal,validation,next_open,60,125,48,35,0.14285714285714285,inf,0.06857142857142857,2.4
audnzd,pullback_reversal,validation,next_open,60,125,72,29,0.27586206896551724,inf,0.13241379310344828,3.84
audnzd,pullback_reversal,validation,next_open,75,40,24,48,0.0,0.0,-0.20833333333333334,-10.0
audnzd,pullback_reversal,validation,next_open,75,40,48,35,0.02857142857142857,0.14423076923076922,-0.31785714285714284,-11.125
audnzd,pullback_reversal,validation,next_open,75,40,72,29,0.10344827586206896,0.4326923076923077,-0.2543103448275862,-7.375
audnzd,pullback_reversal,validation,next_open,75,50,24,48,0.0,0.0,-0.125,-6.0
audnzd,pullback_reversal,validation,next_open,75,50,48,35,0.02857142857142857,0.1875,-0.18571428571428572,-6.5
audnzd,pullback_reversal,validation,next_open,75,50,72,29,0.10344827586206896,0.5,-0.15517241379310345,-4.5
audnzd,pullback_reversal,validation,next_open,75,60,24,48,0.0,0.0,-0.0625,-3.0
audnzd,pullback_reversal,validation,next_open,75,60,48,35,0.02857142857142857,0.3125,-0.07857142857142857,-2.75
audnzd,pullback_reversal,validation,next_open,75,60,72,29,0.10344827586206896,0.5357142857142857,-0.11206896551724138,-3.25
audnzd,pullback_reversal,validation,next_open,75,75,24,48,0.0,inf,0.0,0.0
audnzd,pullback_reversal,validation,next_open,75,75,48,35,0.05714285714285714,1.0,0.0,0.0
audnzd,pullback_reversal,validation,next_open,75,75,72,29,0.1724137931034483,2.5,0.10344827586206896,3.0
audnzd,pullback_reversal,validation,next_open,75,100,24,48,0.0,inf,0.0,0.0
audnzd,pullback_reversal,validation,next_open,75,100,48,35,0.05714285714285714,1.5,0.014285714285714285,0.5
audnzd,pullback_reversal,validation,next_open,75,100,72,29,0.1724137931034483,3.75,0.09482758620689655,2.75
audnzd,pullback_reversal,validation,next_open,75,125,24,48,0.0,inf,0.0,0.0
audnzd,pullback_reversal,validation,next_open,75,125,48,35,0.05714285714285714,inf,0.03428571428571429,1.2
audnzd,pullback_reversal,validation,next_open,75,125,72,29,0.1724137931034483,inf,0.10344827586206896,3.0
audnzd,pullback_reversal,validation,next_open,100,40,24,48,0.0,0.0,-0.20833333333333334,-10.0
audnzd,pullback_reversal,validation,next_open,100,40,48,35,0.0,0.0,-0.37142857142857144,-13.0
audnzd,pullback_reversal,validation,next_open,100,40,72,29,0.0,0.0,-0.4482758620689655,-13.0
audnzd,pullback_reversal,validation,next_open,100,50,24,48,0.0,0.0,-0.125,-6.0
audnzd,pullback_reversal,validation,next_open,100,50,48,35,0.0,0.0,-0.22857142857142856,-8.0
audnzd,pullback_reversal,validation,next_open,100,50,72,29,0.0,0.0,-0.3103448275862069,-9.0
audnzd,pullback_reversal,validation,next_open,100,60,24,48,0.0,0.0,-0.0625,-3.0
audnzd,pullback_reversal,validation,next_open,100,60,48,35,0.0,0.0,-0.11428571428571428,-4.0
audnzd,pullback_reversal,validation,next_open,100,60,72,29,0.0,0.0,-0.2413793103448276,-7.0
audnzd,pullback_reversal,validation,next_open,100,75,24,48,0.0,inf,0.0,0.0
audnzd,pullback_reversal,validation,next_open,100,75,48,35,0.02857142857142857,0.6666666666666666,-0.01904761904761905,-0.6666666666666667
audnzd,pullback_reversal,validation,next_open,100,75,72,29,0.06896551724137931,1.3333333333333333,0.022988505747126433,0.6666666666666665
audnzd,pullback_reversal,validation,next_open,100,100,24,48,0.0,inf,0.0,0.0
audnzd,pullback_reversal,validation,next_open,100,100,48,35,0.02857142857142857,1.0,0.0,0.0
audnzd,pullback_reversal,validation,next_open,100,100,72,29,0.06896551724137931,2.0,0.034482758620689655,1.0
audnzd,pullback_reversal,validation,next_open,100,125,24,48,0.0,inf,0.0,0.0
audnzd,pullback_reversal,validation,next_open,100,125,48,35,0.02857142857142857,inf,0.022857142857142857,0.8
audnzd,pullback_reversal,validation,next_open,100,125,72,29,0.06896551724137931,inf,0.055172413793103454,1.6
audnzd,pullback_reversal,validation,next_open,125,40,24,48,0.0,0.0,-0.20833333333333334,-10.0
audnzd,pullback_reversal,validation,next_open,125,40,48,35,0.0,0.0,-0.37142857142857144,-13.0
audnzd,pullback_reversal,validation,next_open,125,40,72,29,0.0,0.0,-0.4482758620689655,-13.0
audnzd,pullback_reversal,validation,next_open,125,50,24,48,0.0,0.0,-0.125,-6.0
audnzd,pullback_reversal,validation,next_open,125,50,48,35,0.0,0.0,-0.22857142857142856,-8.0
audnzd,pullback_reversal,validation,next_open,125,50,72,29,0.0,0.0,-0.3103448275862069,-9.0
audnzd,pullback_reversal,validation,next_open,125,60,24,48,0.0,0.0,-0.0625,-3.0
audnzd,pullback_reversal,validation,next_open,125,60,48,35,0.0,0.0,-0.11428571428571428,-4.0
audnzd,pullback_reversal,validation,next_open,125,60,72,29,0.0,0.0,-0.2413793103448276,-7.0
audnzd,pullback_reversal,validation,next_open,125,75,24,48,0.0,inf,0.0,0.0
audnzd,pullback_reversal,validation,next_open,125,75,48,35,0.0,0.0,-0.05714285714285714,-2.0
audnzd,pullback_reversal,validation,next_open,125,75,72,29,0.0,0.0,-0.06896551724137931,-2.0
audnzd,pullback_reversal,validation,next_open,125,100,24,48,0.0,inf,0.0,0.0
audnzd,pullback_reversal,validation,next_open,125,100,48,35,0.0,0.0,-0.02857142857142857,-1.0
audnzd,pullback_reversal,validation,next_open,125,100,72,29,0.0,0.0,-0.034482758620689655,-1.0
audnzd,pullback_reversal,validation,next_open,125,125,24,48,0.0,inf,0.0,0.0
audnzd,pullback_reversal,validation,next_open,125,125,48,35,0.0,inf,0.0,0.0
audnzd,pullback_reversal,validation,next_open,125,125,72,29,0.0,inf,0.0,0.0
audnzd,pullback_reversal,validation,break_signal_high,40,40,24,44,0.20454545454545456,1.125,0.022727272727272728,1.0
audnzd,pullback_reversal,validation,break_signal_high,40,40,48,32,0.1875,0.6666666666666666,-0.09375,-3.0
audnzd,pullback_reversal,validation,break_signal_high,40,40,72,27,0.25925925925925924,0.6363636363636364,-0.14814814814814814,-4.0
audnzd,pullback_reversal,validation,break_signal_high,40,50,24,44,0.22727272727272727,2.0,0.09090909090909091,4.0
audnzd,pullback_reversal,validation,break_signal_high,40,50,48,32,0.21875,1.1199999999999999,0.018750000000000003,0.6000000000000001
audnzd,pullback_reversal,validation,break_signal_high,40,50,72,27,0.2962962962962963,0.8,-0.05925925925925924,-1.5999999999999994
audnzd,pullback_reversal,validation,break_signal_high,40,60,24,44,0.22727272727272727,2.2222222222222223,0.08333333333333331,3.666666666666666
audnzd,pullback_reversal,validation,break_signal_high,40,60,48,32,0.21875,2.333333333333333,0.08333333333333331,2.666666666666666
audnzd,pullback_reversal,validation,break_signal_high,40,60,72,27,0.2962962962962963,1.0666666666666667,0.012345679012345668,0.33333333333333304
audnzd,pullback_reversal,validation,break_signal_high,40,75,24,44,0.22727272727272727,2.6666666666666665,0.07575757575757575,3.333333333333333
audnzd,pullback_reversal,validation,break_signal_high,40,75,48,32,0.21875,1.8666666666666665,0.054166666666666675,1.7333333333333336
audnzd,pullback_reversal,validation,break_signal_high,40,75,72,27,0.2962962962962963,1.4222222222222223,0.046913580246913576,1.2666666666666666
audnzd,pullback_reversal,validation,break_signal_high,40,100,24,44,0.22727272727272727,inf,0.09090909090909091,4.0
audnzd,pullback_reversal,validation,break_signal_high,40,100,48,32,0.25,inf,0.1,3.2
audnzd,pullback_reversal,validation,break_signal_high,40,100,72,27,0.3333333333333333,3.6,0.0962962962962963,2.6
audnzd,pullback_reversal,validation,break_signal_high,40,125,24,44,0.22727272727272727,inf,0.07272727272727272,3.1999999999999997
audnzd,pullback_reversal,validation,break_signal_high,40,125,48,32,0.25,inf,0.08,2.56
audnzd,pullback_reversal,validation,break_signal_high,40,125,72,27,0.3333333333333333,inf,0.10666666666666666,2.88
audnzd,pullback_reversal,validation,break_signal_high,50,40,24,44,0.11363636363636363,0.78125,-0.03977272727272727,-1.75
audnzd,pullback_reversal,validation,break_signal_high,50,40,48,32,0.125,0.5555555555555556,-0.125,-4.0
audnzd,pullback_reversal,validation,break_signal_high,50,40,72,27,0.25925925925925924,0.7954545454545454,-0.08333333333333333,-2.25
audnzd,pullback_reversal,validation,break_signal_high,50,50,24,44,0.13636363636363635,1.5,0.045454545454545456,2.0
audnzd,pullback_reversal,validation,break_signal_high,50,50,48,32,0.15625,1.0,0.0,0.0
audnzd,pullback_reversal,validation,break_signal_high,50,50,72,27,0.2962962962962963,1.0,0.0,0.0
audnzd,pullback_reversal,validation,break_signal_high,50,60,24,44,0.13636363636363635,1.6666666666666667,0.045454545454545456,2.0
audnzd,pullback_reversal,validation,break_signal_high,50,60,48,32,0.15625,2.0833333333333335,0.06770833333333334,2.166666666666667
audnzd,pullback_reversal,validation,break_signal_high,50,60,72,27,0.2962962962962963,1.3333333333333335,0.061728395061728406,1.666666666666667
audnzd,pullback_reversal,validation,break_signal_high,50,75,24,44,0.13636363636363635,1.9999999999999998,0.04545454545454545,1.9999999999999998
audnzd,pullback_reversal,validation,break_signal_high,50,75,48,32,0.15625,1.6666666666666665,0.041666666666666664,1.3333333333333333
audnzd,pullback_reversal,validation,break_signal_high,50,75,72,27,0.2962962962962963,1.7777777777777777,0.08641975308641975,2.333333333333333
audnzd,pullback_reversal,validation,break_signal_high,50,100,24,44,0.13636363636363635,inf,0.06818181818181818,3.0
audnzd,pullback_reversal,validation,break_signal_high,50,100,48,32,0.1875,inf,0.09375,3.0
audnzd,pullback_reversal,validation,break_signal_high,50,100,72,27,0.3333333333333333,4.5,0.12962962962962962,3.5
audnzd,pullback_reversal,validation,break_signal_high,50,125,24,44,0.13636363636363635,inf,0.05454545454545456,2.4000000000000004
audnzd,pullback_reversal,validation,break_signal_high,50,125,48,32,0.1875,inf,0.07500000000000001,2.4000000000000004
audnzd,pullback_reversal,validation,break_signal_high,50,125,72,27,0.3333333333333333,inf,0.13333333333333333,3.6
audnzd,pullback_reversal,validation,break_signal_high,60,40,24,44,0.045454545454545456,0.3333333333333333,-0.13636363636363635,-6.0
audnzd,pullback_reversal,validation,break_signal_high,60,40,48,32,0.03125,0.16666666666666666,-0.234375,-7.5
audnzd,pullback_reversal,validation,break_signal_high,60,40,72,27,0.14814814814814814,0.5454545454545454,-0.18518518518518517,-5.0
audnzd,pullback_reversal,validation,break_signal_high,60,50,24,44,0.06818181818181818,0.72,-0.03181818181818182,-1.4000000000000001
audnzd,pullback_reversal,validation,break_signal_high,60,50,48,32,0.0625,0.48,-0.08125,-2.6
audnzd,pullback_reversal,validation,break_signal_high,60,50,72,27,0.18518518518518517,0.75,-0.07407407407407407,-2.0
audnzd,pullback_reversal,validation,break_signal_high,60,60,24,44,0.06818181818181818,0.75,-0.022727272727272728,-1.0
audnzd,pullback_reversal,validation,break_signal_high,60,60,48,32,0.0625,1.0,0.0,0.0
audnzd,pullback_reversal,validation,break_signal_high,60,60,72,27,0.18518518518518517,1.0,0.0,0.0
audnzd,pullback_reversal,validation,break_signal_high,60,75,24,44,0.06818181818181818,1.2000000000000002,0.009090909090909094,0.40000000000000013
audnzd,pullback_reversal,validation,break_signal_high,60,75,48,32,0.0625,0.8,-0.012499999999999997,-0.3999999999999999
audnzd,pullback_reversal,validation,break_signal_high,60,75,72,27,0.18518518518518517,1.3333333333333333,0.03703703703703704,1.0000000000000002
audnzd,pullback_reversal,validation,break_signal_high,60,100,24,44,0.06818181818181818,inf,0.0409090909090909,1.7999999999999998
audnzd,pullback_reversal,validation,break_signal_high,60,100,48,32,0.09375,inf,0.056249999999999994,1.7999999999999998
audnzd,pullback_reversal,validation,break_signal_high,60,100,72,27,0.2222222222222222,3.6,0.09629629629629628,2.5999999999999996
audnzd,pullback_reversal,validation,break_signal_high,60,125,24,44,0.06818181818181818,inf,0.03272727272727272,1.44
audnzd,pullback_reversal,validation,break_signal_high,60,125,48,32,0.09375,inf,0.045,1.44
audnzd,pullback_reversal,validation,break_signal_high,60,125,72,27,0.2222222222222222,inf,0.10666666666666666,2.88
audnzd,pullback_reversal,validation,break_signal_high,75,40,24,44,0.0,0.0,-0.20454545454545456,-9.0
audnzd,pullback_reversal,validation,break_signal_high,75,40,48,32,0.03125,0.20833333333333334,-0.22265625,-7.125
audnzd,pullback_reversal,validation,break_signal_high,75,40,72,27,0.1111111111111111,0.5113636363636364,-0.19907407407407407,-5.375
audnzd,pullback_reversal,validation,break_signal_high,75,50,24,44,0.0,0.0,-0.11363636363636363,-5.0
audnzd,pullback_reversal,validation,break_signal_high,75,50,48,32,0.03125,0.25,-0.140625,-4.5
audnzd,pullback_reversal,validation,break_signal_high,75,50,72,27,0.1111111111111111,0.5,-0.16666666666666666,-4.5
audnzd,pullback_reversal,validation,break_signal_high,75,60,24,44,0.0,0.0,-0.09090909090909091,-4.0
audnzd,pullback_reversal,validation,break_signal_high,75,60,48,32,0.03125,0.4166666666666667,-0.0546875,-1.75
audnzd,pullback_reversal,validation,break_signal_high,75,60,72,27,0.1111111111111111,0.625,-0.08333333333333333,-2.25
audnzd,pullback_reversal,validation,break_signal_high,75,75,24,44,0.0,0.0,-0.045454545454545456,-2.0
audnzd,pullback_reversal,validation,break_signal_high,75,75,48,32,0.03125,0.5,-0.03125,-1.0
audnzd,pullback_reversal,validation,break_signal_high,75,75,72,27,0.14814814814814814,1.3333333333333333,0.037037037037037035,1.0
audnzd,pullback_reversal,validation,break_signal_high,75,100,24,44,0.0,inf,0.0,0.0
audnzd,pullback_reversal,validation,break_signal_high,75,100,48,32,0.0625,inf,0.046875,1.5
audnzd,pullback_reversal,validation,break_signal_high,75,100,72,27,0.18518518518518517,3.75,0.10185185185185185,2.75
audnzd,pullback_reversal,validation,break_signal_high,75,125,24,44,0.0,inf,0.0,0.0
audnzd,pullback_reversal,validation,break_signal_high,75,125,48,32,0.0625,inf,0.0375,1.2
audnzd,pullback_reversal,validation,break_signal_high,75,125,72,27,0.18518518518518517,inf,0.1111111111111111,3.0
audnzd,pullback_reversal,validation,break_signal_high,100,40,24,44,0.0,0.0,-0.20454545454545456,-9.0
audnzd,pullback_reversal,validation,break_signal_high,100,40,48,32,0.0,0.0,-0.28125,-9.0
audnzd,pullback_reversal,validation,break_signal_high,100,40,72,27,0.0,0.0,-0.4074074074074074,-11.0
audnzd,pullback_reversal,validation,break_signal_high,100,50,24,44,0.0,0.0,-0.11363636363636363,-5.0
audnzd,pullback_reversal,validation,break_signal_high,100,50,48,32,0.0,0.0,-0.1875,-6.0
audnzd,pullback_reversal,validation,break_signal_high,100,50,72,27,0.0,0.0,-0.3333333333333333,-9.0
audnzd,pullback_reversal,validation,break_signal_high,100,60,24,44,0.0,0.0,-0.09090909090909091,-4.0
audnzd,pullback_reversal,validation,break_signal_high,100,60,48,32,0.0,0.0,-0.09375,-3.0
audnzd,pullback_reversal,validation,break_signal_high,100,60,72,27,0.0,0.0,-0.2222222222222222,-6.0
audnzd,pullback_reversal,validation,break_signal_high,100,75,24,44,0.0,0.0,-0.045454545454545456,-2.0
audnzd,pullback_reversal,validation,break_signal_high,100,75,48,32,0.0,0.0,-0.0625,-2.0
audnzd,pullback_reversal,validation,break_signal_high,100,75,72,27,0.037037037037037035,0.4444444444444444,-0.0617283950617284,-1.6666666666666667
audnzd,pullback_reversal,validation,break_signal_high,100,100,24,44,0.0,inf,0.0,0.0
audnzd,pullback_reversal,validation,break_signal_high,100,100,48,32,0.0,inf,0.0,0.0
audnzd,pullback_reversal,validation,break_signal_high,100,100,72,27,0.037037037037037035,1.0,0.0,0.0
audnzd,pullback_reversal,validation,break_signal_high,100,125,24,44,0.0,inf,0.0,0.0
audnzd,pullback_reversal,validation,break_signal_high,100,125,48,32,0.0,inf,0.0,0.0
audnzd,pullback_reversal,validation,break_signal_high,100,125,72,27,0.037037037037037035,inf,0.02962962962962963,0.8
audnzd,pullback_reversal,validation,break_signal_high,125,40,24,44,0.0,0.0,-0.20454545454545456,-9.0
audnzd,pullback_reversal,validation,break_signal_high,125,40,48,32,0.0,0.0,-0.28125,-9.0
audnzd,pullback_reversal,validation,break_signal_high,125,40,72,27,0.0,0.0,-0.4074074074074074,-11.0
audnzd,pullback_reversal,validation,break_signal_high,125,50,24,44,0.0,0.0,-0.11363636363636363,-5.0
audnzd,pullback_reversal,validation,break_signal_high,125,50,48,32,0.0,0.0,-0.1875,-6.0
audnzd,pullback_reversal,validation,break_signal_high,125,50,72,27,0.0,0.0,-0.3333333333333333,-9.0
audnzd,pullback_reversal,validation,break_signal_high,125,60,24,44,0.0,0.0,-0.09090909090909091,-4.0
audnzd,pullback_reversal,validation,break_signal_high,125,60,48,32,0.0,0.0,-0.09375,-3.0
audnzd,pullback_reversal,validation,break_signal_high,125,60,72,27,0.0,0.0,-0.2222222222222222,-6.0
audnzd,pullback_reversal,validation,break_signal_high,125,75,24,44,0.0,0.0,-0.045454545454545456,-2.0
audnzd,pullback_reversal,validation,break_signal_high,125,75,48,32,0.0,0.0,-0.0625,-2.0
audnzd,pullback_reversal,validation,break_signal_high,125,75,72,27,0.0,0.0,-0.1111111111111111,-3.0
audnzd,pullback_reversal,validation,break_signal_high,125,100,24,44,0.0,inf,0.0,0.0
audnzd,pullback_reversal,validation,break_signal_high,125,100,48,32,0.0,inf,0.0,0.0
audnzd,pullback_reversal,validation,break_signal_high,125,100,72,27,0.0,0.0,-0.037037037037037035,-1.0
audnzd,pullback_reversal,validation,break_signal_high,125,125,24,44,0.0,inf,0.0,0.0
audnzd,pullback_reversal,validation,break_signal_high,125,125,48,32,0.0,inf,0.0,0.0
audnzd,pullback_reversal,validation,break_signal_high,125,125,72,27,0.0,inf,0.0,0.0
audnzd,pullback_reversal,validation,confirm_1bar,40,40,24,32,0.21875,1.4,0.0625,2.0
audnzd,pullback_reversal,validation,confirm_1bar,40,40,48,27,0.25925925925925924,1.0,0.0,0.0
audnzd,pullback_reversal,validation,confirm_1bar,40,40,72,25,0.32,1.0,0.0,0.0
audnzd,pullback_reversal,validation,confirm_1bar,40,50,24,32,0.21875,1.8666666666666665,0.08125,2.6
audnzd,pullback_reversal,validation,confirm_1bar,40,50,48,27,0.25925925925925924,1.1199999999999999,0.02222222222222224,0.6000000000000005
audnzd,pullback_reversal,validation,confirm_1bar,40,50,72,25,0.32,0.8,-0.06399999999999997,-1.5999999999999994
audnzd,pullback_reversal,validation,confirm_1bar,40,60,24,32,0.21875,2.333333333333333,0.08333333333333331,2.666666666666666
audnzd,pullback_reversal,validation,confirm_1bar,40,60,48,27,0.25925925925925924,1.5555555555555554,0.06172839506172837,1.666666666666666
audnzd,pullback_reversal,validation,confirm_1bar,40,60,72,25,0.32,1.0666666666666667,0.013333333333333308,0.3333333333333327
audnzd,pullback_reversal,validation,confirm_1bar,40,75,24,32,0.21875,3.733333333333333,0.08541666666666667,2.7333333333333334
audnzd,pullback_reversal,validation,confirm_1bar,40,75,48,27,0.25925925925925924,3.733333333333333,0.10123456790123457,2.7333333333333334
audnzd,pullback_reversal,validation,confirm_1bar,40,75,72,25,0.32,1.4222222222222223,0.050666666666666665,1.2666666666666666
audnzd,pullback_reversal,validation,confirm_1bar,40,100,24,32,0.21875,inf,0.0875,2.8
audnzd,pullback_reversal,validation,confirm_1bar,40,100,48,27,0.2962962962962963,inf,0.11851851851851852,3.2
audnzd,pullback_reversal,validation,confirm_1bar,40,100,72,25,0.36,3.6,0.10400000000000001,2.6
audnzd,pullback_reversal,validation,confirm_1bar,40,125,24,32,0.21875,inf,0.07,2.24
audnzd,pullback_reversal,validation,confirm_1bar,40,125,48,27,0.2962962962962963,inf,0.09481481481481481,2.56
audnzd,pullback_reversal,validation,confirm_1bar,40,125,72,25,0.36,inf,0.1152,2.88
audnzd,pullback_reversal,validation,confirm_1bar,50,40,24,32,0.125,1.0,0.0,0.0
audnzd,pullback_reversal,validation,confirm_1bar,50,40,48,27,0.2222222222222222,1.0714285714285714,0.018518518518518517,0.5
audnzd,pullback_reversal,validation,confirm_1bar,50,40,72,25,0.28,1.09375,0.03,0.75
audnzd,pullback_reversal,validation,confirm_1bar,50,50,24,32,0.125,1.3333333333333333,0.03125,1.0
audnzd,pullback_reversal,validation,confirm_1bar,50,50,48,27,0.2222222222222222,1.2,0.037037037037037035,1.0
audnzd,pullback_reversal,validation,confirm_1bar,50,50,72,25,0.28,0.875,-0.04,-1.0
audnzd,pullback_reversal,validation,confirm_1bar,50,60,24,32,0.125,1.6666666666666667,0.04166666666666667,1.3333333333333335
audnzd,pullback_reversal,validation,confirm_1bar,50,60,48,27,0.2222222222222222,1.6666666666666667,0.07407407407407408,2.0000000000000004
audnzd,pullback_reversal,validation,confirm_1bar,50,60,72,25,0.28,1.1666666666666665,0.033333333333333354,0.8333333333333339
audnzd,pullback_reversal,validation,confirm_1bar,50,75,24,32,0.125,2.6666666666666665,0.05208333333333333,1.6666666666666665
audnzd,pullback_reversal,validation,confirm_1bar,50,75,48,27,0.2222222222222222,3.9999999999999996,0.1111111111111111,3.0
audnzd,pullback_reversal,validation,confirm_1bar,50,75,72,25,0.28,1.5555555555555554,0.06666666666666665,1.6666666666666663
audnzd,pullback_reversal,validation,confirm_1bar,50,100,24,32,0.125,inf,0.0625,2.0
audnzd,pullback_reversal,validation,confirm_1bar,50,100,48,27,0.25925925925925924,inf,0.12962962962962962,3.5
audnzd,pullback_reversal,validation,confirm_1bar,50,100,72,25,0.32,4.0,0.12,3.0
audnzd,pullback_reversal,validation,confirm_1bar,50,125,24,32,0.125,inf,0.05,1.6
audnzd,pullback_reversal,validation,confirm_1bar,50,125,48,27,0.25925925925925924,inf,0.1037037037037037,2.8
audnzd,pullback_reversal,validation,confirm_1bar,50,125,72,25,0.32,inf,0.128,3.2
audnzd,pullback_reversal,validation,confirm_1bar,60,40,24,32,0.0625,0.6,-0.0625,-2.0
audnzd,pullback_reversal,validation,confirm_1bar,60,40,48,27,0.14814814814814814,0.8571428571428571,-0.037037037037037035,-1.0
audnzd,pullback_reversal,validation,confirm_1bar,60,40,72,25,0.24,1.125,0.04,1.0
audnzd,pullback_reversal,validation,confirm_1bar,60,50,24,32,0.0625,0.7999999999999999,-0.018750000000000003,-0.6000000000000001
audnzd,pullback_reversal,validation,confirm_1bar,60,50,48,27,0.14814814814814814,0.96,-0.007407407407407414,-0.20000000000000018
audnzd,pullback_reversal,validation,confirm_1bar,60,50,72,25,0.24,0.9,-0.03200000000000001,-0.8000000000000003
audnzd,pullback_reversal,validation,confirm_1bar,60,60,24,32,0.0625,1.0,0.0,0.0
audnzd,pullback_reversal,validation,confirm_1bar,60,60,48,27,0.14814814814814814,1.3333333333333333,0.037037037037037035,1.0
audnzd,pullback_reversal,validation,confirm_1bar,60,60,72,25,0.24,1.2,0.04,1.0
audnzd,pullback_reversal,validation,confirm_1bar,60,75,24,32,0.0625,1.6,0.018750000000000003,0.6000000000000001
audnzd,pullback_reversal,validation,confirm_1bar,60,75,48,27,0.14814814814814814,3.2,0.08148148148148149,2.2
audnzd,pullback_reversal,validation,confirm_1bar,60,75,72,25,0.24,1.5999999999999999,0.07200000000000001,1.8000000000000003
audnzd,pullback_reversal,validation,confirm_1bar,60,100,24,32,0.0625,inf,0.0375,1.2
audnzd,pullback_reversal,validation,confirm_1bar,60,100,48,27,0.18518518518518517,inf,0.1111111111111111,3.0
audnzd,pullback_reversal,validation,confirm_1bar,60,100,72,25,0.28,4.2,0.128,3.1999999999999997
audnzd,pullback_reversal,validation,confirm_1bar,60,125,24,32,0.0625,inf,0.03,0.96
audnzd,pullback_reversal,validation,confirm_1bar,60,125,48,27,0.18518518518518517,inf,0.08888888888888889,2.4
audnzd,pullback_reversal,validation,confirm_1bar,60,125,72,25,0.28,inf,0.1344,3.36
audnzd,pullback_reversal,validation,confirm_1bar,75,40,24,32,0.0,0.0,-0.1875,-6.0
audnzd,pullback_reversal,validation,confirm_1bar,75,40,48,27,0.037037037037037035,0.234375,-0.22685185185185186,-6.125
audnzd,pullback_reversal,validation,confirm_1bar,75,40,72,25,0.08,0.4166666666666667,-0.21,-5.25
audnzd,pullback_reversal,validation,confirm_1bar,75,50,24,32,0.0,0.0,-0.125,-4.0
audnzd,pullback_reversal,validation,confirm_1bar,75,50,48,27,0.037037037037037035,0.25,-0.16666666666666666,-4.5
audnzd,pullback_reversal,validation,confirm_1bar,75,50,72,25,0.08,0.3333333333333333,-0.24,-6.0
audnzd,pullback_reversal,validation,confirm_1bar,75,60,24,32,0.0,0.0,-0.09375,-3.0
audnzd,pullback_reversal,validation,confirm_1bar,75,60,48,27,0.037037037037037035,0.3125,-0.10185185185185185,-2.75
audnzd,pullback_reversal,validation,confirm_1bar,75,60,72,25,0.08,0.4166666666666667,-0.14,-3.5
audnzd,pullback_reversal,validation,confirm_1bar,75,75,24,32,0.0,0.0,-0.03125,-1.0
audnzd,pullback_reversal,validation,confirm_1bar,75,75,48,27,0.037037037037037035,0.5,-0.037037037037037035,-1.0
audnzd,pullback_reversal,validation,confirm_1bar,75,75,72,25,0.08,0.5,-0.08,-2.0
audnzd,pullback_reversal,validation,confirm_1bar,75,100,24,32,0.0,inf,0.0,0.0
audnzd,pullback_reversal,validation,confirm_1bar,75,100,48,27,0.07407407407407407,inf,0.05555555555555555,1.5
audnzd,pullback_reversal,validation,confirm_1bar,75,100,72,25,0.12,2.25,0.05,1.25
audnzd,pullback_reversal,validation,confirm_1bar,75,125,24,32,0.0,inf,0.0,0.0
audnzd,pullback_reversal,validation,confirm_1bar,75,125,48,27,0.07407407407407407,inf,0.044444444444444446,1.2
audnzd,pullback_reversal,validation,confirm_1bar,75,125,72,25,0.12,inf,0.072,1.7999999999999998
audnzd,pullback_reversal,validation,confirm_1bar,100,40,24,32,0.0,0.0,-0.1875,-6.0
audnzd,pullback_reversal,validation,confirm_1bar,100,40,48,27,0.0,0.0,-0.2962962962962963,-8.0
audnzd,pullback_reversal,validation,confirm_1bar,100,40,72,25,0.0,0.0,-0.36,-9.0
audnzd,pullback_reversal,validation,confirm_1bar,100,50,24,32,0.0,0.0,-0.125,-4.0
audnzd,pullback_reversal,validation,confirm_1bar,100,50,48,27,0.0,0.0,-0.2222222222222222,-6.0
audnzd,pullback_reversal,validation,confirm_1bar,100,50,72,25,0.0,0.0,-0.36,-9.0
audnzd,pullback_reversal,validation,confirm_1bar,100,60,24,32,0.0,0.0,-0.09375,-3.0
audnzd,pullback_reversal,validation,confirm_1bar,100,60,48,27,0.0,0.0,-0.14814814814814814,-4.0
audnzd,pullback_reversal,validation,confirm_1bar,100,60,72,25,0.0,0.0,-0.24,-6.0
audnzd,pullback_reversal,validation,confirm_1bar,100,75,24,32,0.0,0.0,-0.03125,-1.0
audnzd,pullback_reversal,validation,confirm_1bar,100,75,48,27,0.0,0.0,-0.07407407407407407,-2.0
audnzd,pullback_reversal,validation,confirm_1bar,100,75,72,25,0.0,0.0,-0.16,-4.0
audnzd,pullback_reversal,validation,confirm_1bar,100,100,24,32,0.0,inf,0.0,0.0
audnzd,pullback_reversal,validation,confirm_1bar,100,100,48,27,0.0,inf,0.0,0.0
audnzd,pullback_reversal,validation,confirm_1bar,100,100,72,25,0.0,0.0,-0.04,-1.0
audnzd,pullback_reversal,validation,confirm_1bar,100,125,24,32,0.0,inf,0.0,0.0
audnzd,pullback_reversal,validation,confirm_1bar,100,125,48,27,0.0,inf,0.0,0.0
audnzd,pullback_reversal,validation,confirm_1bar,100,125,72,25,0.0,inf,0.0,0.0
audnzd,pullback_reversal,validation,confirm_1bar,125,40,24,32,0.0,0.0,-0.1875,-6.0
audnzd,pullback_reversal,validation,confirm_1bar,125,40,48,27,0.0,0.0,-0.2962962962962963,-8.0
audnzd,pullback_reversal,validation,confirm_1bar,125,40,72,25,0.0,0.0,-0.36,-9.0
audnzd,pullback_reversal,validation,confirm_1bar,125,50,24,32,0.0,0.0,-0.125,-4.0
audnzd,pullback_reversal,validation,confirm_1bar,125,50,48,27,0.0,0.0,-0.2222222222222222,-6.0
audnzd,pullback_reversal,validation,confirm_1bar,125,50,72,25,0.0,0.0,-0.36,-9.0
audnzd,pullback_reversal,validation,confirm_1bar,125,60,24,32,0.0,0.0,-0.09375,-3.0
audnzd,pullback_reversal,validation,confirm_1bar,125,60,48,27,0.0,0.0,-0.14814814814814814,-4.0
audnzd,pullback_reversal,validation,confirm_1bar,125,60,72,25,0.0,0.0,-0.24,-6.0
audnzd,pullback_reversal,validation,confirm_1bar,125,75,24,32,0.0,0.0,-0.03125,-1.0
audnzd,pullback_reversal,validation,confirm_1bar,125,75,48,27,0.0,0.0,-0.07407407407407407,-2.0
audnzd,pullback_reversal,validation,confirm_1bar,125,75,72,25,0.0,0.0,-0.16,-4.0
audnzd,pullback_reversal,validation,confirm_1bar,125,100,24,32,0.0,inf,0.0,0.0
audnzd,pullback_reversal,validation,confirm_1bar,125,100,48,27,0.0,inf,0.0,0.0
audnzd,pullback_reversal,validation,confirm_1bar,125,100,72,25,0.0,0.0,-0.04,-1.0
audnzd,pullback_reversal,validation,confirm_1bar,125,125,24,32,0.0,inf,0.0,0.0
audnzd,pullback_reversal,validation,confirm_1bar,125,125,48,27,0.0,inf,0.0,0.0
audnzd,pullback_reversal,validation,confirm_1bar,125,125,72,25,0.0,inf,0.0,0.0
audnzd,pullback_reversal,oos,next_open,40,40,24,24,0.375,3.0,0.25,6.0
audnzd,pullback_reversal,oos,next_open,40,40,48,21,0.6190476190476191,2.1666666666666665,0.3333333333333333,7.0
audnzd,pullback_reversal,oos,next_open,40,40,72,19,0.7368421052631579,2.8,0.47368421052631576,9.0
audnzd,pullback_reversal,oos,next_open,40,50,24,24,0.375,3.6,0.2166666666666667,5.200000000000001
audnzd,pullback_reversal,oos,next_open,40,50,48,21,0.6190476190476191,3.4666666666666672,0.35238095238095235,7.3999999999999995
audnzd,pullback_reversal,oos,next_open,40,50,72,19,0.7894736842105263,3.000000000000001,0.42105263157894735,8.0
audnzd,pullback_reversal,oos,next_open,40,60,24,24,0.375,3.0,0.16666666666666666,4.0
audnzd,pullback_reversal,oos,next_open,40,60,48,21,0.6190476190476191,4.333333333333333,0.3174603174603175,6.666666666666667
audnzd,pullback_reversal,oos,next_open,40,60,72,19,0.7894736842105263,4.999999999999999,0.42105263157894735,8.0
audnzd,pullback_reversal,oos,next_open,40,75,24,24,0.375,2.4,0.11666666666666668,2.8000000000000003
audnzd,pullback_reversal,oos,next_open,40,75,48,21,0.6190476190476191,3.4666666666666663,0.23492063492063492,4.933333333333334
audnzd,pullback_reversal,oos,next_open,40,75,72,19,0.7894736842105263,3.9999999999999996,0.3157894736842105,6.0
audnzd,pullback_reversal,oos,next_open,40,100,24,24,0.375,3.6,0.10833333333333335,2.6000000000000005
audnzd,pullback_reversal,oos,next_open,40,100,48,21,0.6190476190476191,2.6000000000000005,0.15238095238095237,3.1999999999999997
audnzd,pullback_reversal,oos,next_open,40,100,72,19,0.7894736842105263,3.000000000000001,0.21052631578947373,4.000000000000001
audnzd,pullback_reversal,oos,next_open,40,125,24,24,0.375,inf,0.12,2.88
audnzd,pullback_reversal,oos,next_open,40,125,48,21,0.6190476190476191,inf,0.1980952380952381,4.16
audnzd,pullback_reversal,oos,next_open,40,125,72,19,0.7894736842105263,inf,0.2526315789473685,4.800000000000001
audnzd,pullback_reversal,oos,next_open,50,40,24,24,0.20833333333333334,2.0833333333333335,0.13541666666666666,3.25
audnzd,pullback_reversal,oos,next_open,50,40,48,21,0.47619047619047616,2.0833333333333335,0.30952380952380953,6.5
audnzd,pullback_reversal,oos,next_open,50,40,72,19,0.6842105263157895,3.25,0.5921052631578947,11.25
audnzd,pullback_reversal,oos,next_open,50,50,24,24,0.20833333333333334,2.5,0.125,3.0
audnzd,pullback_reversal,oos,next_open,50,50,48,21,0.47619047619047616,3.3333333333333335,0.3333333333333333,7.0
audnzd,pullback_reversal,oos,next_open,50,50,72,19,0.7368421052631579,3.5,0.5263157894736842,10.0
audnzd,pullback_reversal,oos,next_open,50,60,24,24,0.20833333333333334,2.0833333333333335,0.09027777777777779,2.166666666666667
audnzd,pullback_reversal,oos,next_open,50,60,48,21,0.47619047619047616,4.166666666666667,0.30158730158730157,6.333333333333333
audnzd,pullback_reversal,oos,next_open,50,60,72,19,0.7368421052631579,5.833333333333335,0.5087719298245614,9.666666666666668
audnzd,pullback_reversal,oos,next_open,50,75,24,24,0.20833333333333334,1.6666666666666665,0.055555555555555546,1.333333333333333
audnzd,pullback_reversal,oos,next_open,50,75,48,21,0.47619047619047616,3.3333333333333335,0.22222222222222218,4.666666666666666
audnzd,pullback_reversal,oos,next_open,50,75,72,19,0.7368421052631579,4.666666666666666,0.3859649122807018,7.333333333333334
audnzd,pullback_reversal,oos,next_open,50,100,24,24,0.20833333333333334,2.5,0.0625,1.5
audnzd,pullback_reversal,oos,next_open,50,100,48,21,0.47619047619047616,2.5,0.14285714285714285,3.0
audnzd,pullback_reversal,oos,next_open,50,100,72,19,0.7368421052631579,3.5,0.2631578947368421,5.0
audnzd,pullback_reversal,oos,next_open,50,125,24,24,0.20833333333333334,inf,0.08333333333333333,2.0
audnzd,pullback_reversal,oos,next_open,50,125,48,21,0.47619047619047616,inf,0.19047619047619047,4.0
audnzd,pullback_reversal,oos,next_open,50,125,72,19,0.7368421052631579,inf,0.29473684210526324,5.600000000000001
audnzd,pullback_reversal,oos,next_open,60,40,24,24,0.125,1.5,0.0625,1.5
audnzd,pullback_reversal,oos,next_open,60,40,48,21,0.3333333333333333,1.75,0.21428571428571427,4.5
audnzd,pullback_reversal,oos,next_open,60,40,72,19,0.5789473684210527,3.3,0.6052631578947368,11.5
audnzd,pullback_reversal,oos,next_open,60,50,24,24,0.125,1.7999999999999998,0.06666666666666665,1.5999999999999996
audnzd,pullback_reversal,oos,next_open,60,50,48,21,0.3333333333333333,2.8000000000000003,0.2571428571428572,5.4
audnzd,pullback_reversal,oos,next_open,60,50,72,19,0.631578947368421,3.599999999999999,0.5473684210526315,10.399999999999999
audnzd,pullback_reversal,oos,next_open,60,60,24,24,0.125,1.5,0.041666666666666664,1.0
audnzd,pullback_reversal,oos,next_open,60,60,48,21,0.3333333333333333,3.5,0.23809523809523808,5.0
audnzd,pullback_reversal,oos,next_open,60,60,72,19,0.631578947368421,6.0,0.5263157894736842,10.0
audnzd,pullback_reversal,oos,next_open,60,75,24,24,0.125,1.2000000000000002,0.01666666666666668,0.40000000000000036
audnzd,pullback_reversal,oos,next_open,60,75,48,21,0.3333333333333333,2.8,0.1714285714285714,3.5999999999999996
audnzd,pullback_reversal,oos,next_open,60,75,72,19,0.631578947368421,4.800000000000001,0.39999999999999997,7.6
audnzd,pullback_reversal,oos,next_open,60,100,24,24,0.125,1.7999999999999998,0.033333333333333326,0.7999999999999998
audnzd,pullback_reversal,oos,next_open,60,100,48,21,0.3333333333333333,2.1,0.10476190476190476,2.2
audnzd,pullback_reversal,oos,next_open,60,100,72,19,0.631578947368421,3.599999999999999,0.27368421052631575,5.199999999999999
audnzd,pullback_reversal,oos,next_open,60,125,24,24,0.125,inf,0.06,1.44
audnzd,pullback_reversal,oos,next_open,60,125,48,21,0.3333333333333333,inf,0.16,3.36
audnzd,pullback_reversal,oos,next_open,60,125,72,19,0.631578947368421,inf,0.30315789473684207,5.76
audnzd,pullback_reversal,oos,next_open,75,40,24,24,0.041666666666666664,0.625,-0.046875,-1.125
audnzd,pullback_reversal,oos,next_open,75,40,48,21,0.14285714285714285,0.9375,-0.017857142857142856,-0.375
audnzd,pullback_reversal,oos,next_open,75,40,72,19,0.3684210526315789,2.625,0.4276315789473684,8.125
audnzd,pullback_reversal,oos,next_open,75,50,24,24,0.041666666666666664,0.75,-0.020833333333333332,-0.5
audnzd,pullback_reversal,oos,next_open,75,50,48,21,0.14285714285714285,1.5,0.07142857142857142,1.5
audnzd,pullback_reversal,oos,next_open,75,50,72,19,0.3684210526315789,2.625,0.34210526315789475,6.5
audnzd,pullback_reversal,oos,next_open,75,60,24,24,0.041666666666666664,0.625,-0.03125,-0.75
audnzd,pullback_reversal,oos,next_open,75,60,48,21,0.14285714285714285,1.875,0.08333333333333333,1.75
audnzd,pullback_reversal,oos,next_open,75,60,72,19,0.3684210526315789,4.375,0.35526315789473684,6.75
audnzd,pullback_reversal,oos,next_open,75,75,24,24,0.041666666666666664,0.5,-0.041666666666666664,-1.0
audnzd,pullback_reversal,oos,next_open,75,75,48,21,0.14285714285714285,1.5,0.047619047619047616,1.0
audnzd,pullback_reversal,oos,next_open,75,75,72,19,0.3684210526315789,3.5,0.2631578947368421,5.0
audnzd,pullback_reversal,oos,next_open,75,100,24,24,0.041666666666666664,0.75,-0.010416666666666666,-0.25
audnzd,pullback_reversal,oos,next_open,75,100,48,21,0.14285714285714285,1.125,0.011904761904761904,0.25
audnzd,pullback_reversal,oos,next_open,75,100,72,19,0.3684210526315789,2.625,0.17105263157894737,3.25
audnzd,pullback_reversal,oos,next_open,75,125,24,24,0.041666666666666664,inf,0.024999999999999998,0.6
audnzd,pullback_reversal,oos,next_open,75,125,48,21,0.14285714285714285,inf,0.0857142857142857,1.7999999999999998
audnzd,pullback_reversal,oos,next_open,75,125,72,19,0.3684210526315789,inf,0.2210526315789474,4.2
audnzd,pullback_reversal,oos,next_open,100,40,24,24,0.0,0.0,-0.125,-3.0
audnzd,pullback_reversal,oos,next_open,100,40,48,21,0.047619047619047616,0.4166666666666667,-0.16666666666666666,-3.5
audnzd,pullback_reversal,oos,next_open,100,40,72,19,0.21052631578947367,2.0,0.2631578947368421,5.0
audnzd,pullback_reversal,oos,next_open,100,50,24,24,0.0,0.0,-0.08333333333333333,-2.0
audnzd,pullback_reversal,oos,next_open,100,50,48,21,0.047619047619047616,0.6666666666666666,-0.047619047619047616,-1.0
audnzd,pullback_reversal,oos,next_open,100,50,72,19,0.21052631578947367,2.0,0.21052631578947367,4.0
audnzd,pullback_reversal,oos,next_open,100,60,24,24,0.0,0.0,-0.08333333333333333,-2.0
audnzd,pullback_reversal,oos,next_open,100,60,48,21,0.047619047619047616,0.8333333333333334,-0.01587301587301587,-0.33333333333333326
audnzd,pullback_reversal,oos,next_open,100,60,72,19,0.21052631578947367,3.3333333333333335,0.2456140350877193,4.666666666666667
audnzd,pullback_reversal,oos,next_open,100,75,24,24,0.0,0.0,-0.08333333333333333,-2.0
audnzd,pullback_reversal,oos,next_open,100,75,48,21,0.047619047619047616,0.6666666666666666,-0.03174603174603175,-0.6666666666666667
audnzd,pullback_reversal,oos,next_open,100,75,72,19,0.21052631578947367,2.6666666666666665,0.17543859649122806,3.333333333333333
audnzd,pullback_reversal,oos,next_open,100,100,24,24,0.0,0.0,-0.041666666666666664,-1.0
audnzd,pullback_reversal,oos,next_open,100,100,48,21,0.047619047619047616,0.5,-0.047619047619047616,-1.0
audnzd,pullback_reversal,oos,next_open,100,100,72,19,0.21052631578947367,2.0,0.10526315789473684,2.0
audnzd,pullback_reversal,oos,next_open,100,125,24,24,0.0,inf,0.0,0.0
audnzd,pullback_reversal,oos,next_open,100,125,48,21,0.047619047619047616,inf,0.0380952380952381,0.8
audnzd,pullback_reversal,oos,next_open,100,125,72,19,0.21052631578947367,inf,0.16842105263157894,3.2
audnzd,pullback_reversal,oos,next_open,125,40,24,24,0.0,0.0,-0.125,-3.0
audnzd,pullback_reversal,oos,next_open,125,40,48,21,0.0,0.0,-0.2857142857142857,-6.0
audnzd,pullback_reversal,oos,next_open,125,40,72,19,0.05263157894736842,0.625,-0.09868421052631579,-1.875
audnzd,pullback_reversal,oos,next_open,125,50,24,24,0.0,0.0,-0.08333333333333333,-2.0
audnzd,pullback_reversal,oos,next_open,125,50,48,21,0.0,0.0,-0.14285714285714285,-3.0
audnzd,pullback_reversal,oos,next_open,125,50,72,19,0.05263157894736842,0.625,-0.07894736842105263,-1.5
audnzd,pullback_reversal,oos,next_open,125,60,24,24,0.0,0.0,-0.08333333333333333,-2.0
audnzd,pullback_reversal,oos,next_open,125,60,48,21,0.0,0.0,-0.09523809523809523,-2.0
audnzd,pullback_reversal,oos,next_open,125,60,72,19,0.05263157894736842,1.0416666666666667,0.004385964912280709,0.08333333333333348
audnzd,pullback_reversal,oos,next_open,125,75,24,24,0.0,0.0,-0.08333333333333333,-2.0
audnzd,pullback_reversal,oos,next_open,125,75,48,21,0.0,0.0,-0.09523809523809523,-2.0
audnzd,pullback_reversal,oos,next_open,125,75,72,19,0.05263157894736842,0.8333333333333334,-0.017543859649122803,-0.33333333333333326
audnzd,pullback_reversal,oos,next_open,125,100,24,24,0.0,0.0,-0.041666666666666664,-1.0
audnzd,pullback_reversal,oos,next_open,125,100,48,21,0.0,0.0,-0.09523809523809523,-2.0
audnzd,pullback_reversal,oos,next_open,125,100,72,19,0.05263157894736842,0.625,-0.039473684210526314,-0.75
audnzd,pullback_reversal,oos,next_open,125,125,24,24,0.0,inf,0.0,0.0
audnzd,pullback_reversal,oos,next_open,125,125,48,21,0.0,inf,0.0,0.0
audnzd,pullback_reversal,oos,next_open,125,125,72,19,0.05263157894736842,inf,0.05263157894736842,1.0
audnzd,pullback_reversal,oos,break_signal_high,40,40,24,21,0.3333333333333333,3.5,0.23809523809523808,5.0
audnzd,pullback_reversal,oos,break_signal_high,40,40,48,19,0.5263157894736842,2.0,0.2631578947368421,5.0
audnzd,pullback_reversal,oos,break_signal_high,40,40,72,17,0.7647058823529411,3.25,0.5294117647058824,9.0
audnzd,pullback_reversal,oos,break_signal_high,40,50,24,21,0.3333333333333333,2.8,0.17142857142857146,3.6000000000000005
audnzd,pullback_reversal,oos,break_signal_high,40,50,48,19,0.5263157894736842,2.6666666666666665,0.2631578947368421,5.0
audnzd,pullback_reversal,oos,break_signal_high,40,50,72,17,0.7647058823529411,2.6000000000000005,0.3764705882352941,6.4
audnzd,pullback_reversal,oos,break_signal_high,40,60,24,21,0.3333333333333333,2.333333333333333,0.12698412698412698,2.6666666666666665
audnzd,pullback_reversal,oos,break_signal_high,40,60,48,19,0.5263157894736842,3.3333333333333335,0.24561403508771926,4.666666666666666
audnzd,pullback_reversal,oos,break_signal_high,40,60,72,17,0.7647058823529411,4.333333333333333,0.39215686274509803,6.666666666666667
audnzd,pullback_reversal,oos,break_signal_high,40,75,24,21,0.3333333333333333,1.8666666666666665,0.08253968253968254,1.7333333333333334
audnzd,pullback_reversal,oos,break_signal_high,40,75,48,19,0.5263157894736842,2.6666666666666665,0.17543859649122806,3.333333333333333
audnzd,pullback_reversal,oos,break_signal_high,40,75,72,17,0.7647058823529411,3.4666666666666663,0.2901960784313726,4.933333333333334
audnzd,pullback_reversal,oos,break_signal_high,40,100,24,21,0.3333333333333333,2.8,0.08571428571428573,1.8000000000000003
audnzd,pullback_reversal,oos,break_signal_high,40,100,48,19,0.5263157894736842,4.0,0.15789473684210525,3.0
audnzd,pullback_reversal,oos,break_signal_high,40,100,72,17,0.7647058823529411,5.200000000000001,0.24705882352941178,4.2
audnzd,pullback_reversal,oos,break_signal_high,40,125,24,21,0.3333333333333333,inf,0.10666666666666666,2.2399999999999998
audnzd,pullback_reversal,oos,break_signal_high,40,125,48,19,0.5263157894736842,inf,0.16842105263157894,3.1999999999999997
audnzd,pullback_reversal,oos,break_signal_high,40,125,72,17,0.7647058823529411,inf,0.2447058823529412,4.16
audnzd,pullback_reversal,oos,break_signal_high,50,40,24,21,0.23809523809523808,3.125,0.20238095238095238,4.25
audnzd,pullback_reversal,oos,break_signal_high,50,40,48,19,0.47368421052631576,2.25,0.32894736842105265,6.25
audnzd,pullback_reversal,oos,break_signal_high,50,40,72,17,0.7058823529411765,3.75,0.6470588235294118,11.0
audnzd,pullback_reversal,oos,break_signal_high,50,50,24,21,0.23809523809523808,2.5,0.14285714285714285,3.0
audnzd,pullback_reversal,oos,break_signal_high,50,50,48,19,0.47368421052631576,3.0,0.3157894736842105,6.0
audnzd,pullback_reversal,oos,break_signal_high,50,50,72,17,0.7058823529411765,3.0,0.47058823529411764,8.0
audnzd,pullback_reversal,oos,break_signal_high,50,60,24,21,0.23809523809523808,2.0833333333333335,0.10317460317460318,2.166666666666667
audnzd,pullback_reversal,oos,break_signal_high,50,60,48,19,0.47368421052631576,3.75,0.2894736842105263,5.5
audnzd,pullback_reversal,oos,break_signal_high,50,60,72,17,0.7058823529411765,5.000000000000001,0.47058823529411764,8.0
audnzd,pullback_reversal,oos,break_signal_high,50,75,24,21,0.23809523809523808,1.6666666666666665,0.06349206349206347,1.333333333333333
audnzd,pullback_reversal,oos,break_signal_high,50,75,48,19,0.47368421052631576,3.0,0.21052631578947364,3.999999999999999
audnzd,pullback_reversal,oos,break_signal_high,50,75,72,17,0.7058823529411765,4.0,0.35294117647058826,6.0
audnzd,pullback_reversal,oos,break_signal_high,50,100,24,21,0.23809523809523808,2.5,0.07142857142857142,1.5
audnzd,pullback_reversal,oos,break_signal_high,50,100,48,19,0.47368421052631576,4.5,0.18421052631578946,3.5
audnzd,pullback_reversal,oos,break_signal_high,50,100,72,17,0.7058823529411765,6.0,0.29411764705882354,5.0
audnzd,pullback_reversal,oos,break_signal_high,50,125,24,21,0.23809523809523808,inf,0.09523809523809523,2.0
audnzd,pullback_reversal,oos,break_signal_high,50,125,48,19,0.47368421052631576,inf,0.1894736842105263,3.5999999999999996
audnzd,pullback_reversal,oos,break_signal_high,50,125,72,17,0.7058823529411765,inf,0.28235294117647064,4.800000000000001
audnzd,pullback_reversal,oos,break_signal_high,60,40,24,21,0.14285714285714285,2.25,0.11904761904761904,2.5
audnzd,pullback_reversal,oos,break_signal_high,60,40,48,19,0.3684210526315789,2.1,0.2894736842105263,5.5
audnzd,pullback_reversal,oos,break_signal_high,60,40,72,17,0.6470588235294118,4.125,0.7352941176470589,12.5
audnzd,pullback_reversal,oos,break_signal_high,60,50,24,21,0.14285714285714285,1.7999999999999998,0.07619047619047617,1.5999999999999996
audnzd,pullback_reversal,oos,break_signal_high,60,50,48,19,0.3684210526315789,2.8000000000000003,0.28421052631578947,5.4
audnzd,pullback_reversal,oos,break_signal_high,60,50,72,17,0.6470588235294118,3.2999999999999994,0.5411764705882353,9.2
audnzd,pullback_reversal,oos,break_signal_high,60,60,24,21,0.14285714285714285,1.5,0.047619047619047616,1.0
audnzd,pullback_reversal,oos,break_signal_high,60,60,48,19,0.3684210526315789,3.5,0.2631578947368421,5.0
audnzd,pullback_reversal,oos,break_signal_high,60,60,72,17,0.6470588235294118,5.5,0.5294117647058824,9.0
audnzd,pullback_reversal,oos,break_signal_high,60,75,24,21,0.14285714285714285,1.2000000000000002,0.019047619047619053,0.40000000000000013
audnzd,pullback_reversal,oos,break_signal_high,60,75,48,19,0.3684210526315789,2.8,0.1894736842105263,3.5999999999999996
audnzd,pullback_reversal,oos,break_signal_high,60,75,72,17,0.6470588235294118,4.4,0.4,6.800000000000001
audnzd,pullback_reversal,oos,break_signal_high,60,100,24,21,0.14285714285714285,1.7999999999999998,0.03809523809523809,0.7999999999999999
audnzd,pullback_reversal,oos,break_signal_high,60,100,48,19,0.3684210526315789,4.2,0.16842105263157894,3.2
audnzd,pullback_reversal,oos,break_signal_high,60,100,72,17,0.6470588235294118,6.599999999999999,0.32941176470588235,5.6
audnzd,pullback_reversal,oos,break_signal_high,60,125,24,21,0.14285714285714285,inf,0.06857142857142857,1.44
audnzd,pullback_reversal,oos,break_signal_high,60,125,48,19,0.3684210526315789,inf,0.17684210526315788,3.36
audnzd,pullback_reversal,oos,break_signal_high,60,125,72,17,0.6470588235294118,inf,0.3105882352941176,5.279999999999999
audnzd,pullback_reversal,oos,break_signal_high,75,40,24,21,0.09523809523809523,1.875,0.08333333333333333,1.75
audnzd,pullback_reversal,oos,break_signal_high,75,40,48,19,0.15789473684210525,1.125,0.03289473684210526,0.625
audnzd,pullback_reversal,oos,break_signal_high,75,40,72,17,0.4117647058823529,3.28125,0.5367647058823529,9.125
audnzd,pullback_reversal,oos,break_signal_high,75,50,24,21,0.09523809523809523,1.5,0.047619047619047616,1.0
audnzd,pullback_reversal,oos,break_signal_high,75,50,48,19,0.15789473684210525,1.5,0.07894736842105263,1.5
audnzd,pullback_reversal,oos,break_signal_high,75,50,72,17,0.4117647058823529,2.625,0.38235294117647056,6.5
audnzd,pullback_reversal,oos,break_signal_high,75,60,24,21,0.09523809523809523,1.25,0.023809523809523808,0.5
audnzd,pullback_reversal,oos,break_signal_high,75,60,48,19,0.15789473684210525,1.875,0.09210526315789473,1.75
audnzd,pullback_reversal,oos,break_signal_high,75,60,72,17,0.4117647058823529,4.375,0.39705882352941174,6.75
audnzd,pullback_reversal,oos,break_signal_high,75,75,24,21,0.09523809523809523,1.0,0.0,0.0
audnzd,pullback_reversal,oos,break_signal_high,75,75,48,19,0.15789473684210525,1.5,0.05263157894736842,1.0
audnzd,pullback_reversal,oos,break_signal_high,75,75,72,17,0.4117647058823529,3.5,0.29411764705882354,5.0
audnzd,pullback_reversal,oos,break_signal_high,75,100,24,21,0.09523809523809523,1.5,0.023809523809523808,0.5
audnzd,pullback_reversal,oos,break_signal_high,75,100,48,19,0.15789473684210525,2.25,0.06578947368421052,1.25
audnzd,pullback_reversal,oos,break_signal_high,75,100,72,17,0.4117647058823529,5.25,0.25,4.25
audnzd,pullback_reversal,oos,break_signal_high,75,125,24,21,0.09523809523809523,inf,0.05714285714285714,1.2
audnzd,pullback_reversal,oos,break_signal_high,75,125,48,19,0.15789473684210525,inf,0.09473684210526315,1.7999999999999998
audnzd,pullback_reversal,oos,break_signal_high,75,125,72,17,0.4117647058823529,inf,0.24705882352941172,4.199999999999999
audnzd,pullback_reversal,oos,break_signal_high,100,40,24,21,0.0,0.0,-0.09523809523809523,-2.0
audnzd,pullback_reversal,oos,break_signal_high,100,40,48,19,0.05263157894736842,0.5,-0.13157894736842105,-2.5
audnzd,pullback_reversal,oos,break_signal_high,100,40,72,17,0.23529411764705882,2.5,0.35294117647058826,6.0
audnzd,pullback_reversal,oos,break_signal_high,100,50,24,21,0.0,0.0,-0.09523809523809523,-2.0
audnzd,pullback_reversal,oos,break_signal_high,100,50,48,19,0.05263157894736842,0.6666666666666666,-0.05263157894736842,-1.0
audnzd,pullback_reversal,oos,break_signal_high,100,50,72,17,0.23529411764705882,2.0,0.23529411764705882,4.0
audnzd,pullback_reversal,oos,break_signal_high,100,60,24,21,0.0,0.0,-0.09523809523809523,-2.0
audnzd,pullback_reversal,oos,break_signal_high,100,60,48,19,0.05263157894736842,0.8333333333333334,-0.017543859649122803,-0.33333333333333326
audnzd,pullback_reversal,oos,break_signal_high,100,60,72,17,0.23529411764705882,3.3333333333333335,0.27450980392156865,4.666666666666667
audnzd,pullback_reversal,oos,break_signal_high,100,75,24,21,0.0,0.0,-0.09523809523809523,-2.0
audnzd,pullback_reversal,oos,break_signal_high,100,75,48,19,0.05263157894736842,0.6666666666666666,-0.03508771929824562,-0.6666666666666667
audnzd,pullback_reversal,oos,break_signal_high,100,75,72,17,0.23529411764705882,2.6666666666666665,0.196078431372549,3.333333333333333
audnzd,pullback_reversal,oos,break_signal_high,100,100,24,21,0.0,0.0,-0.047619047619047616,-1.0
audnzd,pullback_reversal,oos,break_signal_high,100,100,48,19,0.05263157894736842,1.0,0.0,0.0
audnzd,pullback_reversal,oos,break_signal_high,100,100,72,17,0.23529411764705882,4.0,0.17647058823529413,3.0
audnzd,pullback_reversal,oos,break_signal_high,100,125,24,21,0.0,inf,0.0,0.0
audnzd,pullback_reversal,oos,break_signal_high,100,125,48,19,0.05263157894736842,inf,0.042105263157894736,0.8
audnzd,pullback_reversal,oos,break_signal_high,100,125,72,17,0.23529411764705882,inf,0.18823529411764706,3.2
audnzd,pullback_reversal,oos,break_signal_high,125,40,24,21,0.0,0.0,-0.09523809523809523,-2.0
audnzd,pullback_reversal,oos,break_signal_high,125,40,48,19,0.0,0.0,-0.2631578947368421,-5.0
audnzd,pullback_reversal,oos,break_signal_high,125,40,72,17,0.058823529411764705,0.78125,-0.051470588235294115,-0.875
audnzd,pullback_reversal,oos,break_signal_high,125,50,24,21,0.0,0.0,-0.09523809523809523,-2.0
audnzd,pullback_reversal,oos,break_signal_high,125,50,48,19,0.0,0.0,-0.15789473684210525,-3.0
audnzd,pullback_reversal,oos,break_signal_high,125,50,72,17,0.058823529411764705,0.625,-0.08823529411764706,-1.5
audnzd,pullback_reversal,oos,break_signal_high,125,60,24,21,0.0,0.0,-0.09523809523809523,-2.0
audnzd,pullback_reversal,oos,break_signal_high,125,60,48,19,0.0,0.0,-0.10526315789473684,-2.0
audnzd,pullback_reversal,oos,break_signal_high,125,60,72,17,0.058823529411764705,1.0416666666666667,0.004901960784313734,0.08333333333333348
audnzd,pullback_reversal,oos,break_signal_high,125,75,24,21,0.0,0.0,-0.09523809523809523,-2.0
audnzd,pullback_reversal,oos,break_signal_high,125,75,48,19,0.0,0.0,-0.10526315789473684,-2.0
audnzd,pullback_reversal,oos,break_signal_high,125,75,72,17,0.058823529411764705,0.8333333333333334,-0.019607843137254898,-0.33333333333333326
audnzd,pullback_reversal,oos,break_signal_high,125,100,24,21,0.0,0.0,-0.047619047619047616,-1.0
audnzd,pullback_reversal,oos,break_signal_high,125,100,48,19,0.0,0.0,-0.05263157894736842,-1.0
audnzd,pullback_reversal,oos,break_signal_high,125,100,72,17,0.058823529411764705,1.25,0.014705882352941176,0.25
audnzd,pullback_reversal,oos,break_signal_high,125,125,24,21,0.0,inf,0.0,0.0
audnzd,pullback_reversal,oos,break_signal_high,125,125,48,19,0.0,inf,0.0,0.0
audnzd,pullback_reversal,oos,break_signal_high,125,125,72,17,0.058823529411764705,inf,0.058823529411764705,1.0
audnzd,pullback_reversal,oos,confirm_1bar,40,40,24,18,0.2222222222222222,1.0,0.0,0.0
audnzd,pullback_reversal,oos,confirm_1bar,40,40,48,16,0.5,1.3333333333333333,0.125,2.0
audnzd,pullback_reversal,oos,confirm_1bar,40,40,72,16,0.625,1.6666666666666667,0.25,4.0
audnzd,pullback_reversal,oos,confirm_1bar,40,50,24,18,0.2222222222222222,1.6,0.06666666666666668,1.2000000000000002
audnzd,pullback_reversal,oos,confirm_1bar,40,50,48,16,0.5625,1.8,0.20000000000000004,3.2000000000000006
audnzd,pullback_reversal,oos,confirm_1bar,40,50,72,16,0.6875,1.7600000000000002,0.23750000000000004,3.8000000000000007
audnzd,pullback_reversal,oos,confirm_1bar,40,60,24,18,0.2222222222222222,1.3333333333333333,0.03703703703703703,0.6666666666666665
audnzd,pullback_reversal,oos,confirm_1bar,40,60,48,16,0.5625,3.0,0.24999999999999997,3.9999999999999996
audnzd,pullback_reversal,oos,confirm_1bar,40,60,72,16,0.6875,2.4444444444444446,0.2708333333333333,4.333333333333333
audnzd,pullback_reversal,oos,confirm_1bar,40,75,24,18,0.2222222222222222,1.0666666666666667,0.007407407407407406,0.1333333333333333
audnzd,pullback_reversal,oos,confirm_1bar,40,75,48,16,0.5625,2.4,0.175,2.8
audnzd,pullback_reversal,oos,confirm_1bar,40,75,72,16,0.6875,1.9555555555555555,0.1791666666666667,2.866666666666667
audnzd,pullback_reversal,oos,confirm_1bar,40,100,24,18,0.2222222222222222,1.6,0.03333333333333334,0.6000000000000001
audnzd,pullback_reversal,oos,confirm_1bar,40,100,48,16,0.5625,3.6,0.1625,2.6
audnzd,pullback_reversal,oos,confirm_1bar,40,100,72,16,0.6875,4.4,0.21250000000000002,3.4000000000000004
audnzd,pullback_reversal,oos,confirm_1bar,40,125,24,18,0.2222222222222222,inf,0.07111111111111111,1.28
audnzd,pullback_reversal,oos,confirm_1bar,40,125,48,16,0.5625,inf,0.18,2.88
audnzd,pullback_reversal,oos,confirm_1bar,40,125,72,16,0.6875,inf,0.22,3.52
audnzd,pullback_reversal,oos,confirm_1bar,50,40,24,18,0.2222222222222222,1.25,0.05555555555555555,1.0
audnzd,pullback_reversal,oos,confirm_1bar,50,40,48,16,0.375,1.25,0.09375,1.5
audnzd,pullback_reversal,oos,confirm_1bar,50,40,72,16,0.5625,1.875,0.328125,5.25
audnzd,pullback_reversal,oos,confirm_1bar,50,50,24,18,0.2222222222222222,2.0,0.1111111111111111,2.0
audnzd,pullback_reversal,oos,confirm_1bar,50,50,48,16,0.4375,1.75,0.1875,3.0
audnzd,pullback_reversal,oos,confirm_1bar,50,50,72,16,0.625,2.0,0.3125,5.0
audnzd,pullback_reversal,oos,confirm_1bar,50,60,24,18,0.2222222222222222,1.6666666666666667,0.07407407407407408,1.3333333333333335
audnzd,pullback_reversal,oos,confirm_1bar,50,60,48,16,0.4375,2.9166666666666665,0.23958333333333337,3.833333333333334
audnzd,pullback_reversal,oos,confirm_1bar,50,60,72,16,0.625,2.777777777777778,0.33333333333333337,5.333333333333334
audnzd,pullback_reversal,oos,confirm_1bar,50,75,24,18,0.2222222222222222,1.3333333333333333,0.03703703703703703,0.6666666666666665
audnzd,pullback_reversal,oos,confirm_1bar,50,75,48,16,0.4375,2.333333333333333,0.16666666666666663,2.666666666666666
audnzd,pullback_reversal,oos,confirm_1bar,50,75,72,16,0.625,2.2222222222222223,0.22916666666666663,3.666666666666666
audnzd,pullback_reversal,oos,confirm_1bar,50,100,24,18,0.2222222222222222,2.0,0.05555555555555555,1.0
audnzd,pullback_reversal,oos,confirm_1bar,50,100,48,16,0.4375,3.5,0.15625,2.5
audnzd,pullback_reversal,oos,confirm_1bar,50,100,72,16,0.625,5.0,0.25,4.0
audnzd,pullback_reversal,oos,confirm_1bar,50,125,24,18,0.2222222222222222,inf,0.08888888888888889,1.6
audnzd,pullback_reversal,oos,confirm_1bar,50,125,48,16,0.4375,inf,0.175,2.8
audnzd,pullback_reversal,oos,confirm_1bar,50,125,72,16,0.625,inf,0.25,4.0
audnzd,pullback_reversal,oos,confirm_1bar,60,40,24,18,0.1111111111111111,0.75,-0.05555555555555555,-1.0
audnzd,pullback_reversal,oos,confirm_1bar,60,40,48,16,0.25,1.0,0.0,0.0
audnzd,pullback_reversal,oos,confirm_1bar,60,40,72,16,0.5,2.0,0.375,6.0
audnzd,pullback_reversal,oos,confirm_1bar,60,50,24,18,0.1111111111111111,1.2,0.022222222222222216,0.3999999999999999
audnzd,pullback_reversal,oos,confirm_1bar,60,50,48,16,0.25,1.2,0.04999999999999999,0.7999999999999998
audnzd,pullback_reversal,oos,confirm_1bar,60,50,72,16,0.5625,2.1599999999999997,0.36249999999999993,5.799999999999999
audnzd,pullback_reversal,oos,confirm_1bar,60,60,24,18,0.1111111111111111,1.0,0.0,0.0
audnzd,pullback_reversal,oos,confirm_1bar,60,60,48,16,0.25,2.0,0.125,2.0
audnzd,pullback_reversal,oos,confirm_1bar,60,60,72,16,0.5625,3.0,0.375,6.0
audnzd,pullback_reversal,oos,confirm_1bar,60,75,24,18,0.1111111111111111,0.8,-0.022222222222222216,-0.3999999999999999
audnzd,pullback_reversal,oos,confirm_1bar,60,75,48,16,0.25,1.6,0.07500000000000001,1.2000000000000002
audnzd,pullback_reversal,oos,confirm_1bar,60,75,72,16,0.5625,2.4,0.26250000000000007,4.200000000000001
audnzd,pullback_reversal,oos,confirm_1bar,60,100,24,18,0.1111111111111111,1.2,0.011111111111111108,0.19999999999999996
audnzd,pullback_reversal,oos,confirm_1bar,60,100,48,16,0.25,2.4,0.0875,1.4
audnzd,pullback_reversal,oos,confirm_1bar,60,100,72,16,0.5625,5.3999999999999995,0.27499999999999997,4.3999999999999995
audnzd,pullback_reversal,oos,confirm_1bar,60,125,24,18,0.1111111111111111,inf,0.05333333333333333,0.96
audnzd,pullback_reversal,oos,confirm_1bar,60,125,48,16,0.25,inf,0.12,1.92
audnzd,pullback_reversal,oos,confirm_1bar,60,125,72,16,0.5625,inf,0.27,4.32
audnzd,pullback_reversal,oos,confirm_1bar,75,40,24,18,0.1111111111111111,0.9375,-0.013888888888888888,-0.25
audnzd,pullback_reversal,oos,confirm_1bar,75,40,48,16,0.1875,0.9375,-0.0234375,-0.375
audnzd,pullback_reversal,oos,confirm_1bar,75,40,72,16,0.4375,2.1875,0.4453125,7.125
audnzd,pullback_reversal,oos,confirm_1bar,75,50,24,18,0.1111111111111111,1.5,0.05555555555555555,1.0
audnzd,pullback_reversal,oos,confirm_1bar,75,50,48,16,0.1875,1.125,0.03125,0.5
audnzd,pullback_reversal,oos,confirm_1bar,75,50,72,16,0.4375,2.1,0.34375,5.5
audnzd,pullback_reversal,oos,confirm_1bar,75,60,24,18,0.1111111111111111,1.25,0.027777777777777776,0.5
audnzd,pullback_reversal,oos,confirm_1bar,75,60,48,16,0.1875,1.875,0.109375,1.75
audnzd,pullback_reversal,oos,confirm_1bar,75,60,72,16,0.4375,2.9166666666666665,0.359375,5.75
audnzd,pullback_reversal,oos,confirm_1bar,75,75,24,18,0.1111111111111111,1.0,0.0,0.0
audnzd,pullback_reversal,oos,confirm_1bar,75,75,48,16,0.1875,1.5,0.0625,1.0
audnzd,pullback_reversal,oos,confirm_1bar,75,75,72,16,0.4375,2.3333333333333335,0.25,4.0
audnzd,pullback_reversal,oos,confirm_1bar,75,100,24,18,0.1111111111111111,1.5,0.027777777777777776,0.5
audnzd,pullback_reversal,oos,confirm_1bar,75,100,48,16,0.1875,2.25,0.078125,1.25
audnzd,pullback_reversal,oos,confirm_1bar,75,100,72,16,0.4375,5.25,0.265625,4.25
audnzd,pullback_reversal,oos,confirm_1bar,75,125,24,18,0.1111111111111111,inf,0.06666666666666667,1.2
audnzd,pullback_reversal,oos,confirm_1bar,75,125,48,16,0.1875,inf,0.11249999999999999,1.7999999999999998
audnzd,pullback_reversal,oos,confirm_1bar,75,125,72,16,0.4375,inf,0.26249999999999996,4.199999999999999
audnzd,pullback_reversal,oos,confirm_1bar,100,40,24,18,0.0,0.0,-0.2222222222222222,-4.0
audnzd,pullback_reversal,oos,confirm_1bar,100,40,48,16,0.0,0.0,-0.375,-6.0
audnzd,pullback_reversal,oos,confirm_1bar,100,40,72,16,0.25,1.6666666666666667,0.25,4.0
audnzd,pullback_reversal,oos,confirm_1bar,100,50,24,18,0.0,0.0,-0.1111111111111111,-2.0
audnzd,pullback_reversal,oos,confirm_1bar,100,50,48,16,0.0,0.0,-0.25,-4.0
audnzd,pullback_reversal,oos,confirm_1bar,100,50,72,16,0.25,1.6,0.1875,3.0
audnzd,pullback_reversal,oos,confirm_1bar,100,60,24,18,0.0,0.0,-0.1111111111111111,-2.0
audnzd,pullback_reversal,oos,confirm_1bar,100,60,48,16,0.0,0.0,-0.125,-2.0
audnzd,pullback_reversal,oos,confirm_1bar,100,60,72,16,0.25,2.2222222222222223,0.22916666666666669,3.666666666666667
audnzd,pullback_reversal,oos,confirm_1bar,100,75,24,18,0.0,0.0,-0.1111111111111111,-2.0
audnzd,pullback_reversal,oos,confirm_1bar,100,75,48,16,0.0,0.0,-0.125,-2.0
audnzd,pullback_reversal,oos,confirm_1bar,100,75,72,16,0.25,1.7777777777777777,0.14583333333333331,2.333333333333333
audnzd,pullback_reversal,oos,confirm_1bar,100,100,24,18,0.0,0.0,-0.05555555555555555,-1.0
audnzd,pullback_reversal,oos,confirm_1bar,100,100,48,16,0.0,0.0,-0.0625,-1.0
audnzd,pullback_reversal,oos,confirm_1bar,100,100,72,16,0.25,4.0,0.1875,3.0
audnzd,pullback_reversal,oos,confirm_1bar,100,125,24,18,0.0,inf,0.0,0.0
audnzd,pullback_reversal,oos,confirm_1bar,100,125,48,16,0.0,inf,0.0,0.0
audnzd,pullback_reversal,oos,confirm_1bar,100,125,72,16,0.25,inf,0.2,3.2
audnzd,pullback_reversal,oos,confirm_1bar,125,40,24,18,0.0,0.0,-0.2222222222222222,-4.0
audnzd,pullback_reversal,oos,confirm_1bar,125,40,48,16,0.0,0.0,-0.375,-6.0
audnzd,pullback_reversal,oos,confirm_1bar,125,40,72,16,0.0625,0.5208333333333334,-0.1796875,-2.875
audnzd,pullback_reversal,oos,confirm_1bar,125,50,24,18,0.0,0.0,-0.1111111111111111,-2.0
audnzd,pullback_reversal,oos,confirm_1bar,125,50,48,16,0.0,0.0,-0.25,-4.0
audnzd,pullback_reversal,oos,confirm_1bar,125,50,72,16,0.0625,0.5,-0.15625,-2.5
audnzd,pullback_reversal,oos,confirm_1bar,125,60,24,18,0.0,0.0,-0.1111111111111111,-2.0
audnzd,pullback_reversal,oos,confirm_1bar,125,60,48,16,0.0,0.0,-0.125,-2.0
audnzd,pullback_reversal,oos,confirm_1bar,125,60,72,16,0.0625,0.6944444444444445,-0.05729166666666666,-0.9166666666666665
audnzd,pullback_reversal,oos,confirm_1bar,125,75,24,18,0.0,0.0,-0.1111111111111111,-2.0
audnzd,pullback_reversal,oos,confirm_1bar,125,75,48,16,0.0,0.0,-0.125,-2.0
audnzd,pullback_reversal,oos,confirm_1bar,125,75,72,16,0.0625,0.5555555555555556,-0.08333333333333333,-1.3333333333333333
audnzd,pullback_reversal,oos,confirm_1bar,125,100,24,18,0.0,0.0,-0.05555555555555555,-1.0
audnzd,pullback_reversal,oos,confirm_1bar,125,100,48,16,0.0,0.0,-0.0625,-1.0
audnzd,pullback_reversal,oos,confirm_1bar,125,100,72,16,0.0625,1.25,0.015625,0.25
audnzd,pullback_reversal,oos,confirm_1bar,125,125,24,18,0.0,inf,0.0,0.0
audnzd,pullback_reversal,oos,confirm_1bar,125,125,48,16,0.0,inf,0.0,0.0
audnzd,pullback_reversal,oos,confirm_1bar,125,125,72,16,0.0625,inf,0.0625,1.0
